time,Vo,Io,VC1,ILr
0.0,0.0,0.0,0.0,0.0
3.1554436208840472e-30,0.0,0.0,0.0,0.0
6.310887241768095e-30,0.0,0.0,-8.604299012160889e-26,-2.020862588394957e-22
2.775557561376722e-22,1.683157429493759e-21,6.732629717975036e-21,-1.6403909553986048e-18,-1.7768671108340824e-14
2.775557602739729e-22,1.6831574545778409e-21,6.7326298183113635e-21,-1.6403909798446153e-18,-1.776867137314012e-14
2.775557634294165e-22,1.6831574737131259e-21,6.7326298948525034e-21,-1.6403909984937008e-18,-1.7768671575146526e-14
5.551114612485068e-22,3.2691122159124417e-22,1.3076448863649767e-21,-2.9630195125484513e-19,-3.9308304544666085e-22
5.551114648310736e-22,3.2691120408454097e-22,1.3076448163381639e-21,-2.9630193390542724e-19,-1.637328550648194e-22
5.551114689669767e-22,3.2691120408454097e-22,1.3076448163381639e-21,-2.9630193390542724e-19,1.010185701553368e-22
8.326672292409496e-22,3.26911204129762e-22,1.307644816519048e-21,-2.9630193386433238e-19,1.776716739438853e-14
2.2204460306108138e-21,3.269112057124992e-22,1.3076448228499967e-21,-2.963019324260133e-19,1.0660300386123832e-13
9.159340037460135e-21,3.2691124754198135e-22,1.3076449901679254e-21,-2.963018944132953e-19,5.507821861954871e-13
4.3853810071706743e-20,3.269123045843006e-22,1.3076492183372025e-21,-2.9630093382163894e-19,2.7716780978667265e-12
2.1732616024293978e-19,3.2693878716860613e-22,1.3077551486744245e-21,-2.9627686766169287e-19,1.3876157656222815e-11
1.084687911099105e-18,3.2760113440786774e-22,1.310404537631471e-21,-2.956749568203585e-19,6.939855544800057e-11
5.421496665379931e-18,3.4416122854752385e-22,1.3766449141900954e-21,-2.8062590157358656e-19,3.4701054440682214e-10
2.7105540436784062e-17,7.5817064782914815e-22,3.0326825913165926e-21,9.560690066249334e-20,1.7350704891992482e-09
1.355257592938047e-16,1.110844145877645e-20,4.44337658351058e-20,9.501459061863067e-18,8.675370213119341e-09
6.77626853578908e-16,2.6986538837144065e-19,1.0794615534857626e-18,2.4464792361395415e-16,4.3376868831668884e-08
3.3881323250044244e-15,6.738789943688985e-18,2.695515977475594e-17,6.123310339474596e-15,2.1688436189814354e-07
1.6940659682132007e-14,1.6846190815238578e-16,6.738476326095431e-16,1.530898746772801e-13,1.0844218265736883e-06
8.470329646776991e-14,4.21153987415528e-15,1.684615949662112e-14,3.827253994203565e-12,5.422109133530702e-06
4.235164803959595e-13,1.0528848772273769e-13,4.2115395089095075e-13,9.568135595960105e-11,2.711054525779673e-05
2.1175824000369074e-12,2.6322120080008327e-12,1.052884803200333e-11,2.3920337652082698e-09,0.0001355527156159942
1.0587911998241646e-11,6.580527795549329e-11,2.6322111182197317e-10,5.98008264493117e-08,0.0006777633108090731
5.2939559989265346e-11,1.6451291681541048e-09,6.580516672616419e-09,1.4950184491540562e-06,0.00338880986937784
2.6469779994438384e-10,4.112788115726888e-08,1.6451152462907552e-07,3.737518427323715e-05,0.016943881921196075
1.3234889997199762e-09,1.0281532395161525e-06,4.11261295806461e-06,0.0009343447105083346,0.08471518539391693
5.693439690275626e-09,1.9023458044280362e-05,7.609383217712145e-05,0.01728812386278517,0.36435341020407763
1.672337020401156e-08,0.00016405475808592052,0.0006562190323436821,0.14909696086135618,1.069582449769563
3.81302084772112e-08,0.0008520256477927534,0.0034081025911710137,0.7744133074554822,2.4353774702202045
7.210522445580872e-08,0.003041242419617788,0.012164969678471152,2.7646074784431023,4.592753103488326
1.1887749183292935e-07,0.008240933361842099,0.032963733447368394,7.492804970576573,7.53477062472762
1.7758945654348474e-07,0.01830317090968762,0.07321268363875048,16.64575110542914,11.165837652285607
2.3630142125404015e-07,0.032218910773102516,0.12887564309241006,29.30903505848832,14.707590920356555
3.142980589345743e-07,0.05646593555674001,0.22586374222696004,51.38445780949478,19.23681476120138
3.922946966151084e-07,0.08699164772111258,0.3479665908844503,79.19176358607662,23.52225559842199
4.875215975779236e-07,0.1321910951335519,0.5287643805342076,120.39361639719291,28.3573348517087
5.827484985407387e-07,0.185344856347902,0.741379425391608,168.87280082237322,32.68677178112665
6.779753995035539e-07,0.24549833354294961,0.9819933341717985,223.77366845610382,36.444415148922786
7.732023004663691e-07,0.3115917142537733,1.2463668570150932,284.1433386480084,39.57397703340512
8.684292014291843e-07,0.3824770652743285,1.529908261097314,348.9480802748379,42.029923976830354
9.636561023919994e-07,0.4569379624873451,1.8277518499493803,417.09090735996574,43.77812497465982
1.0588830033548147e-06,0.5337099593857768,2.1348398375431072,487.4300515237494,44.79630779184428
1.1731822271451756e-06,0.6269763698882334,2.5079054795529334,573.0871212810107,45.04146754507206
1.326247933053799e-06,0.7501760092553946,3.0007040370215785,686.5064544215129,43.71699937427275
1.4793136389624222e-06,0.8667679833090823,3.4670719332363293,794.2218054503621,40.58060187071573
1.6323793448710455e-06,0.9718887586695293,3.887555034678117,891.8033525440038,35.78933446349773
1.7854450507796689e-06,1.0612156130159929,4.2448624520639715,975.3085786686487,29.56737323024521
1.938510756688292e-06,1.1311460417589079,4.5245841670356315,1041.4405529720957,22.19565852214355
2.091576462596915e-06,1.178938493628436,4.715753974513744,1087.6769137089698,13.999321423637916
2.244642168505538e-06,1.2028150518437157,4.811260207374863,1112.3645747820838,5.333436864477642
2.3205965589994344e-06,1.2055120710609548,4.822048284243819,1116.3533891977347,0.9689467657723556
2.3205965589994615e-06,1.2055120710609548,4.822048284243819,1116.3533891977354,0.9689467657708035
2.3389367458316046e-06,1.205589215520297,4.822356862081188,1116.4969844819548,1.4170886686315498e-12
2.3389367458316317e-06,1.2055892155202979,4.822356862081191,1116.4969844819548,-1.176836406102666e-14
2.357276932663775e-06,1.205986168275589,4.823944673102356,1116.349426959914,-0.9653314762288815
2.4489778668244906e-06,1.212781149957594,4.851124599830376,1111.212165187834,-5.749664662951303
2.6085193155383402e-06,1.2432203159837163,4.972881263934865,1085.2346578647878,-13.740264532127954
2.76806076425219e-06,1.2958241345882344,5.183296538352938,1038.923558649184,-21.014412947168424
2.9276022129660395e-06,1.3679457277484852,5.471782910993941,974.6186339358862,-27.24904630929177
3.087143661679889e-06,1.4560901577303578,5.824360630921431,895.4523666813849,-32.17210017617939
3.2900748778253204e-06,1.5845705798765333,6.338282319506133,779.4221955455057,-36.21382710671061
3.4930060939707517e-06,1.7224341164368793,6.889736465747517,654.2831912269389,-37.54615228918333
3.695937310116183e-06,1.8593739133160594,7.437495653264238,529.3273396798851,-36.110880121089075
3.898868526261614e-06,1.985302255461198,7.941209021844792,413.6982641012743,-32.05331113303385
4.1017997424070455e-06,2.0910800986264944,8.364320394505977,315.72374086007824,-25.70866291097329
4.304730958552477e-06,2.1691695318992736,8.676678127597095,242.31782439107891,-17.57476606763167
4.507662174697908e-06,2.21411744222848,8.85646976891392,198.49482240711507,-8.273349220095337
4.667682889854832e-06,2.2241596675813984,8.896638670325594,186.697667249534,-0.5724489919859901
4.667682889854886e-06,2.224159667581398,8.896638670325592,186.69766724953348,-0.5724489919833768
4.682024218634979e-06,2.2241116751062626,8.89644670042505,186.63586935178057,-1.887379141862766e-15
4.682024218635033e-06,2.224111675106262,8.896446700425049,186.6358693517806,2.1580515152663793e-12
4.696365547415126e-06,2.2242062992747846,8.896825197099139,186.70388682602956,0.5690559731672855
4.76807219131559e-06,2.2268809671611125,8.90752386864445,189.07445890085623,3.3946806560464324
4.943236302734859e-06,2.2484330406467263,8.993732162586905,208.72528012738303,10.023586341178321
4.999999999999944e-06,2.259837667791474,9.039350671165897,219.1819134621257,12.052938114638778
4.999999999999998e-06,2.259837667791486,9.039350671165945,219.18191346213652,12.052938114640675
5.000000000000054e-06,2.259837667791498,9.039350671165993,219.18191346214783,12.052938114642643
5.129582578961344e-06,2.2737784706721604,9.095113882688642,232.19648536799244,5.01831909360817e-12
5.129582578961399e-06,2.2737784706721604,9.095113882688642,232.19648536799244,-1.637578961322106e-14
5.1325970916255825e-06,2.273758038474784,9.095032153899137,232.18798478278072,-0.2817386347649974
5.132597091625637e-06,2.273758038474784,9.095032153899137,232.18798478278043,-0.28173863477006206
5.1356116042898205e-06,2.2737375999852114,9.094950399940846,232.16744443890641,-0.5359129785201002
5.15068416761074e-06,2.2738445898079243,9.095378359231697,231.87332874077669,-1.805488293965337
5.226046984215337e-06,2.2795770964635134,9.118308385854053,225.6451907686623,-8.10294684654858
5.362460467137308e-06,2.3115069507988166,9.246027803195267,194.6292088994357,-19.127069517236315
5.498873950059279e-06,2.369823903421531,9.479295613686125,139.39662999091684,-29.376026766059162
5.635287432981251e-06,2.452099959115911,9.808399836463645,62.090688008912714,-38.51795421141469
5.771700915903222e-06,2.5551480793274632,10.220592317309853,-34.436571803399985,-46.262046001464526
5.935877994191654e-06,2.701143143955579,10.804572575822316,-171.07529779745784,-53.38895917573532
6.1000550724800855e-06,2.863941604456211,11.455766417824844,-323.58392546938563,-57.84186802875452
6.264232150768517e-06,3.0351400776665787,12.140560310666315,-484.39194977771996,-59.44722562056984
6.428409229056949e-06,3.206061777388218,12.824247109552871,-645.6447122792619,-58.17109632052656
6.592586307345381e-06,3.3681566094818574,13.47262643792743,-799.5856388313872,-54.1187237163186
6.756763385633813e-06,3.5134114441009068,14.053645776403627,-938.9280151267538,-47.52735310650584
6.920940463922244e-06,3.6347276377369617,14.538910550947847,-1057.1985092672073,-38.75281188567509
7.085117542210676e-06,3.726262514822915,14.90505005929166,-1149.036290958896,-28.250525566072465
7.249294620499108e-06,3.7836744089189907,15.134697635675963,-1210.4339670862557,-16.552178436292323
7.41347169878754e-06,3.8042678838854234,15.217071535541693,-1238.9102443757074,-4.239122225593401
7.431910107270789e-06,3.8042202454808605,15.216880981923442,-1239.991795435041,-2.8378915411048844
7.431910107270843e-06,3.8042202454808596,15.216880981923438,-1239.9917954350435,-2.837891541100771
7.478516221462509e-06,3.8046998088789126,15.21879923551565,-1241.0887452525221,-3.2582825326699094e-12
7.478516221462563e-06,3.8046998088789143,15.218799235515657,-1241.0887452525224,2.930988785010413e-14
7.525122335654228e-06,3.8075651091572014,15.230260436628805,-1239.9912731962581,2.824368321929638
7.690269789231773e-06,3.8365068920866507,15.346027568346603,-1218.7336563859615,12.575732375771745
7.855417242809319e-06,3.893396754155592,15.573587016622367,-1171.5836659214806,21.599548166736746
8.020564696386864e-06,3.975272696655254,15.901090786621015,-1101.1437072432673,29.46453746902398
8.18571214996441e-06,4.07799255039143,16.31197020156572,-1011.1207878504408,35.800974555514784
8.390236906623719e-06,4.226212412609226,16.904849650436905,-879.6118457206143,41.098673671236384
8.594761663283028e-06,4.387247538566887,17.54899015426755,-735.349933697698,43.26493008964389
8.799286419942337e-06,4.548996903990513,18.195987615962053,-589.2412106013572,42.184681231370796
9.003811176601647e-06,4.699459767665492,18.79783907066197,-452.1689703133827,37.98593198117493
9.208335933260956e-06,4.827585152782492,19.310340611129966,-334.1846125490708,31.026765666549075
9.412860689920265e-06,4.924100551292362,19.69640220516945,-243.7722221961131,21.865315384681423
9.617385446579574e-06,4.982158418236328,19.928633672945313,-187.2405598740833,11.215364516155208
9.812177896051665e-06,4.998030091131899,19.992120364527597,-168.3115171765849,0.43389277287301786
9.812177896051773e-06,4.998030091131896,19.992120364527583,-168.31151717658415,0.4338927728669728
9.824081956636227e-06,4.997839659884466,19.991358639537864,-168.27389784811393,3.908873225100251e-12
9.824081956636335e-06,4.997839659884466,19.991358639537864,-168.27389784811396,-3.674838211509268e-14
9.835986017220788e-06,4.997738564991097,19.990954259964386,-168.31668542807225,-0.43127904329729727
9.895506320143055e-06,4.998590663621388,19.994362654485553,-169.80943725523312,-2.5763715956216986
9.999999999999884e-06,5.005457924650025,20.0218316986001,-177.5063846063521,-6.26188800197011
9.999999999999992e-06,5.0054579246500355,20.021831698600142,-177.50638460636333,-6.261888001973849
1.0000000000000104e-05,5.005457924650046,20.021831698600185,-177.5063846063751,-6.261888001977744
1.0067170410435964e-05,5.008170762214268,20.032683048857074,-181.006908979635,-1.138533711753098e-13
1.0067170410436073e-05,5.008170762214267,20.032683048857066,-181.00690897963506,9.94704318912909e-12
1.0068272621952263e-05,5.008149654141338,20.032598616565352,-181.00586230767337,0.10271201102647343
1.0068272621952378e-05,5.008149654141334,20.032598616565338,-181.00586230767314,0.10271201103720734
1.0069374833468568e-05,5.0081283789742015,20.032513515896806,-181.00323116314777,0.18374529425111316
1.0074885891049517e-05,5.008046146202219,20.032184584808878,-180.9677517234553,0.5887789272067915
1.0102441178954264e-05,5.008237538473249,20.032950153892997,-180.23310948147198,2.609855242147502
1.0240217618477998e-05,5.024042108616993,20.096168434467973,-162.8234339129099,12.518007549847349
1.0377994058001733e-05,5.063750720089711,20.255002880358845,-123.2604691273142,21.87715830678332
1.0515770497525467e-05,5.125514827840473,20.502059311361894,-63.1649550227799,30.376178887565615
1.0684993744305592e-05,5.227642196857992,20.910568787431966,35.22869012716021,39.22687677542663
1.0854216991085717e-05,5.353241735592654,21.412966942370616,155.61339891994504,45.93974556241956
1.1023440237865842e-05,5.495028819430449,21.980115277721797,291.50926097300913,50.206047302229464
1.1192663484645966e-05,5.645039845867804,22.580159383471216,435.74658620616185,51.84633420668553
1.1361886731426091e-05,5.794982765537524,23.179931062150096,580.8423734515962,50.81813378417961
1.1531109978206216e-05,5.936661696955494,23.746646787821977,719.3875429013211,47.215981867880195
1.1700333224986341e-05,6.062394459872775,24.2495778394911,844.4243375716236,41.264447539621
1.1869556471766466e-05,6.165397201487166,24.661588805948664,949.7947569721349,33.30462350107922
1.203877971854659e-05,6.240117110848115,24.96046844339246,1030.442673672979,23.77487420560926
1.2208002965326715e-05,6.282497030369597,25.129988121478387,1082.6549213127907,13.186915301822847
1.2347917117104233e-05,6.291420558106136,25.165682232424544,1102.7352425282234,4.0306332923072326
1.2347917117104342e-05,6.291420558106134,25.165682232424537,1102.7352425282306,4.030633292300093
1.2445259845087008e-05,6.292263647474784,25.169054589899137,1106.0048442750372,4.707345624410664e-14
1.2445259845087117e-05,6.292263647474788,25.16905458989915,1106.004844275037,-4.4213521732672234e-12
1.2542602573069783e-05,6.300164660602368,25.200658642409472,1102.7542601654836,-4.001351766028364
1.2731057921999378e-05,6.334436704055901,25.337746816223603,1078.475347219401,-11.40375921710777
1.2919513270928973e-05,6.391818173739109,25.567272694956436,1032.1741665716281,-17.98686865028891
1.3107968619858568e-05,6.46866768450739,25.87467073802956,967.0704007095995,-23.34543400867694
1.3296423968788163e-05,6.560122435026664,26.240489740106657,887.5293389379649,-27.157116726453122
1.3530405769623457e-05,6.6850974017237546,26.740389606895018,776.7420341715714,-29.4154212242331
1.376438757045875e-05,6.811499784631419,27.245999138525676,662.764878087058,-28.79247715286078
1.3998369371294045e-05,6.927073365417993,27.70829346167197,556.667629090398,-25.39741215373039
1.4232351172129338e-05,7.020696264567023,28.08278505826809,468.56942114101196,-19.605998727526135
1.4466332972964632e-05,7.083421182408288,28.333684729633152,406.674509615578,-12.019839735513463
1.4700314773799926e-05,7.109280036441179,28.437120145764716,376.50963091947665,-3.404375570421281
1.4775996806821972e-05,7.109241414682469,28.436965658729875,374.03930344644306,-0.5240128449688285
1.477599680682208e-05,7.109241414682466,28.436965658729864,374.0393034464421,-0.5240128449647269
1.4827232134241693e-05,7.1079854767857675,28.43194190714307,373.8188693830227,-1.2156942119645464e-14
1.4827232134241802e-05,7.107985476785764,28.431941907143056,373.8188693830226,1.0909051439966788e-12
1.4878467461661415e-05,7.1071361707412,28.4285446829648,374.04129438221764,0.5206500761569042
1.4999999999999909e-05,7.106697790715452,28.426791162861807,376.32380259946336,1.7313209495425588
1.5000000000000017e-05,7.1066977907154545,28.426791162861818,376.32380259946655,1.7313209495436113
1.5000000000000183e-05,7.106697790715455,28.42679116286182,376.3238025994714,1.7313209495452435
1.5014605315282323e-05,7.106539541758238,28.426158167032952,376.52228532198825,1.4954704141700859e-13
1.5014605315282431e-05,7.106539541758234,28.426158167032938,376.52228532198825,-1.268152249878085e-11
1.501538675519482e-05,7.106517997025675,28.4260719881027,376.52168181374884,-0.09228353538532887
1.5015386755194928e-05,7.106517997025671,28.426071988102684,376.5216818137486,-0.09228353539813211
1.5016168195107317e-05,7.106496279245408,28.425985116981632,376.52002053479407,-0.1628264546046792
1.502007539466926e-05,7.106402552058786,28.425610208235145,376.4979351140499,-0.515461148179587
1.5039611392478972e-05,7.106305038661076,28.425220154644304,376.0433779661954,-2.276298840899963
1.5137291381527533e-05,7.115015118751067,28.46006047500427,365.2382296842754,-10.98025690804209
1.5283262601000148e-05,7.15582154306264,28.62328617225056,323.2794511726075,-23.43842271989547
1.5429233820472764e-05,7.227821166954689,28.911284667818755,252.25146368282094,-34.839485764351885
1.557520503994538e-05,7.327527852963303,29.31011141185321,155.2430831468853,-44.763201100279936
1.5721176259417995e-05,7.450437911871247,29.801751647484988,36.291626797160966,-52.851281466304414
1.5903100855472716e-05,7.627784916258494,30.511139665033976,-135.1584456496066,-59.93630210624345
1.6085025451527438e-05,7.82112913931929,31.28451655727716,-322.60016389198216,-63.379465207124426
1.626695004758216e-05,8.017953317937835,32.07181327175134,-514.7475450433093,-63.03947468155382
1.644887464363688e-05,8.205713985427295,32.82285594170918,-700.2280465328611,-59.00026616805278
1.6630799239691602e-05,8.372542521418247,33.490170085672986,-868.254123359501,-51.56237285168653
1.6812723835746323e-05,8.507934903951309,34.031739615805236,-1009.2491481572848,-41.221576099109726
1.6994648431801045e-05,8.603348108463384,34.41339243385354,-1115.3914589829703,-28.63641025544281
1.7176573027855766e-05,8.65267098479725,34.610683939189,-1181.0458494570867,-14.586621244834355
1.7290161306519546e-05,8.658509481005328,34.634037924021314,-1200.0061657557073,-5.443875950065474
1.7290161306519762e-05,8.658509481005323,34.63403792402129,-1200.006165755727,-5.4438759500479845
1.740544181929361e-05,8.659992134944586,34.639968539778344,-1205.2358082027263,-1.0132339411939029e-11
1.7405441819293828e-05,8.6599921349446,34.6399685397784,-1205.2358082027263,6.217248937900877e-14
1.7520722332067676e-05,8.672413109378702,34.68965243751481,-1200.0397959498023,5.398411038174482
1.770431042807136e-05,8.713994271622717,34.85597708649087,-1170.9138422958333,13.57680833292596
1.7887898524075042e-05,8.78012252406075,35.120490096243,-1118.1121127347683,20.834774458380437
1.8071486620078726e-05,8.866955113087899,35.467820452351596,-1045.109542899453,26.74845121125702
1.825507471608241e-05,8.969287197393959,35.877148789575834,-956.5484288631868,30.980510910913562
1.8478977220134743e-05,9.106000299995815,36.42400119998326,-835.6887676264917,33.53720402791021
1.8702879724187077e-05,9.244503372404136,36.97801348961654,-710.9073475900295,33.08047749426791
1.892678222823941e-05,9.372487924091766,37.489951696367065,-593.3251374137105,29.69991149155561
1.9150684732291746e-05,9.478629777957199,37.914519111828795,-493.24269974626753,23.743392203597985
1.937458723634408e-05,9.55353852379467,38.21415409517868,-419.238086119312,15.782156568365059
1.9598489740396414e-05,9.590563463826646,38.362253855306584,-377.43206442458865,6.5564700750068265
1.9734022933106868e-05,9.593031480268122,38.37212592107249,-369.23055088076035,0.7051005274606057
1.9734022933107085e-05,9.593031480268115,38.37212592107246,-369.23055088075785,0.7051005274512696
1.985398556369215e-05,9.588849533293775,38.3553981331751,-368.52568914734104,1.2623790901500342e-12
1.985398556369237e-05,9.588849533293768,38.35539813317507,-368.52568914734104,-8.104628079763643e-15
1.9973948194277435e-05,9.585614946946208,38.34245978778483,-369.2289573711637,-0.7021891791060464
1.9999999999999995e-05,9.585041375440225,38.3401655017609,-369.5808814456777,-0.8545361411882221
2.0000000000000212e-05,9.585041375440222,38.340165501760886,-369.5808814456809,-0.8545361411894801
2.0000000000000435e-05,9.585041375440218,38.34016550176087,-369.5808814456841,-0.8545361411907686
2.0006971361198248e-05,9.584863581827127,38.33945432730851,-369.6258317566467,-9.102441023145502e-14
2.0006971361198465e-05,9.58486358182712,38.33945432730848,-369.62583175664656,2.6469160196995745e-11
2.0007316605515798e-05,9.584850481279366,38.339401925117464,-369.625710121951,0.042190246792841654
2.0007316605516015e-05,9.584850481279359,38.339401925117436,-369.62571012195076,0.042190246819339985
2.0007661849833348e-05,9.584837334750777,38.33934933900311,-369.62538323409433,0.07142933639959262
2.0009388071420015e-05,9.584774299843588,38.33909719937435,-369.62122531139846,0.21761074562808486
2.0018019179353347e-05,9.584526537763335,38.33810615105334,-369.5373736361883,0.9481394344082981
2.006117471902001e-05,9.584968159670153,38.33987263868061,-367.5456883407439,4.587913081724491
2.021168710301269e-05,9.608022045086477,38.43208818034591,-340.4545097851718,16.95514180030984
2.036219948700537e-05,9.663036703592017,38.652146814368066,-283.35784850490006,28.469819639563568
2.051271187099805e-05,9.746926793372417,38.98770717348967,-198.96983313221872,38.67761416522229
2.0663224254990732e-05,9.855467177069293,39.421868708277174,-91.07184410565725,47.18338714400184
2.084530450789188e-05,10.012099118221665,40.04839647288666,64.00231927015322,54.74179975960976
2.102738476079303e-05,10.18649748970798,40.74598995883192,236.97189577211253,58.95343331429211
2.120946501369418e-05,10.367040419353401,41.468161677413605,417.36200221293973,59.62649293682151
2.139154526659533e-05,10.541880745852067,42.16752298340827,594.4373622084437,56.78121444176837
2.157362551949648e-05,10.699616049032485,42.79846419612994,757.8403077498535,50.645189274060606
2.1755705772397628e-05,10.829955817545715,43.31982327018286,898.1958688139115,41.63644369895414
2.1937786025298777e-05,10.924310607258676,43.6972424290347,1007.6486840769559,30.33556244553595
2.2119866278199926e-05,10.976270936700345,43.90508374680138,1080.3011852854197,17.44868432344937
2.2263774438245557e-05,10.984708716457266,43.938834865829065,1109.2199285216564,6.659001271638312
2.2263774438245774e-05,10.984708716457256,43.93883486582902,1109.2199285216802,6.659001271621905
2.2445854691146924e-05,10.986003706545699,43.944014826182794,1120.2158735900682,0.5805895348115886
2.2463076340241716e-05,10.987095609756087,43.94838243902435,1120.2944076437511,7.460698725481052e-14
2.2463076340241933e-05,10.987095609756102,43.94838243902441,1120.2944076437511,-7.219114195322618e-12
2.2645156593143083e-05,11.008664409029626,44.0346576361185,1111.1532803814534,-5.999792670402177
2.2827236846044232e-05,11.04785487132545,44.1914194853018,1084.4122703380508,-11.570073980618204
2.300931709894538e-05,11.102624283853832,44.410497135415326,1041.8706610090076,-16.38760368486757
2.3239922784847293e-05,11.189414064178676,44.757656256714704,969.7437319814138,-20.980946425968277
2.3470528470749204e-05,11.288336548867184,45.153346195468735,883.8389466380987,-23.532063592183647
2.3701134156651116e-05,11.390183912272928,45.56073564909171,792.4351556669122,-23.835559436419594
2.3931739842553027e-05,11.485401824519801,45.941607298079205,704.1883286908285,-21.900952584929264
2.416234552845494e-05,11.564955548542247,46.25982219416899,627.310510524162,-17.948324604980375
2.439295121435685e-05,11.621174576416179,46.484698305664715,568.8039416216027,-12.384141121166166
2.4623556900258762e-05,11.648453241671598,46.59381296668639,533.8216545425228,-5.759924281631443
2.4781866773129798e-05,11.648756943953378,46.59502777581351,524.9983112755576,-0.9281150340852774
2.4781866773130093e-05,11.648756943953362,46.59502777581345,524.9983112755531,-0.9281150340762707
2.4999999999999734e-05,11.638597313792218,46.55438925516887,521.990933687197,-0.7256152261894917
2.499999999999995e-05,11.638597313792207,46.55438925516883,521.9909336871945,-0.7256152261892856
2.5000000000000228e-05,11.638597313792195,46.55438925516878,521.9909336871909,-0.7256152261890212
2.5000000000000445e-05,11.638597313792186,46.55438925516874,521.9909336871882,-0.725615226210105
2.5147267092499568e-05,11.65019817411093,46.60079269644372,502.9107193696828,-14.775655597611397
2.529453418499869e-05,11.69758688413573,46.79034753654292,450.2189190264974,-28.06890540097691
2.5441801277497813e-05,11.77787688835262,47.11150755341048,366.39830037416675,-40.100040346783615
2.5589068369996935e-05,11.887070619763124,47.548282479052496,255.1046287426625,-50.42001390396024
2.5736335462496058e-05,12.019920193474402,48.07968077389761,121.00918077267204,-58.65178039607901
2.591622540188525e-05,12.205212561483998,48.82085024593599,-65.52230373634316,-65.45450827401731
2.6096115341274443e-05,12.40431091486714,49.61724365946856,-266.6724525066745,-68.38634522094276
2.6276005280663636e-05,12.604149937522662,50.41659975009065,-470.6498349743222,-67.34325153822923
2.645589522005283e-05,12.79177072211943,51.16708288847772,-665.6977249677923,-62.45194237202069
2.663578515944202e-05,12.95502967693896,51.82011870775584,-840.7710744054062,-54.05883979374821
2.6815675098831214e-05,13.083286648072088,52.33314659228835,-986.1613295103547,-42.706455424444684
2.6995565038220407e-05,13.167993698602254,52.67197479440902,-1094.0338360359633,-29.09886471764019
2.71754549776096e-05,13.203153575102371,52.812614300409486,-1158.8483110410714,-14.05844173079487
2.7238527307384456e-05,13.20310333764527,52.81241335058108,-1170.7556078310517,-8.59592706129189
2.7238527307384673e-05,13.203103337645256,52.812413350581025,-1170.7556078310824,-8.595927061273109
2.7418417246773865e-05,13.203246728757888,52.81298691503155,-1186.8654820886256,-2.1354972090176156
2.7477090580568485e-05,13.207497769720202,52.82999107888081,-1187.9062622708198,-4.618527782440651e-14
2.7477090580568702e-05,13.207497769720224,52.829991078880894,-1187.9062622708198,7.8053119523247e-12
2.7656980519957895e-05,13.233314560662102,52.93325824264841,-1178.2509627371655,6.4149610892578535
2.7836870459347088e-05,13.277475623587733,53.10990249435093,-1149.9905060210508,12.380580681996104
2.801676039873628e-05,13.338020893134729,53.352083572538916,-1104.9847318667228,17.558560390081773
2.8244457149354354e-05,13.432955080061785,53.73182032024714,-1028.5830354158181,22.53464066095987
2.8472153899972428e-05,13.541148596877276,54.164594387509105,-937.3108834994421,25.36873156853779
2.8699850650590502e-05,13.652251950952417,54.60900780380967,-839.7543907335537,25.83828497351271
2.8927547401208576e-05,13.756652061714432,55.02660824685773,-744.9307930287,23.939336497355555
2.915524415182665e-05,13.844909944013727,55.37963977605491,-661.4560123890909,19.885992699184605
2.9382940902444723e-05,13.908883376195023,55.63553350478009,-596.7588946261121,14.086813904309423
2.9610637653062797e-05,13.942499066950598,55.76999626780239,-556.4181165699817,7.104063112022007
2.980670304860907e-05,13.944397066228326,55.777588264913305,-543.7439226524225,0.6488068804448728
2.9806703048609288e-05,13.944397066228314,55.777588264913256,-543.7439226524201,0.6488068804376874
2.999999999999996e-05,13.933619441739033,55.73447776695613,-541.8692842936262,0.5147264282524026
3.0000000000000177e-05,13.93361944173902,55.73447776695608,-541.8692842936243,0.5147264282522492
3.000000000000051e-05,13.933619441739001,55.734477766956005,-541.8692842936215,0.5147264282520138
3.0000000000000726e-05,13.93361944173899,55.73447776695596,-541.8692842936193,0.51472642827263
3.0193296951391398e-05,13.953392018395077,55.813568073580306,-511.3092187518694,18.366996125181707
3.0343479486888993e-05,14.009403874256218,56.03761549702487,-449.0718344315887,31.256737712291212
3.0493662022386588e-05,14.09741151647484,56.38964606589936,-356.31021352936637,42.716238051316985
3.064384455788418e-05,14.212877843322072,56.85151137328829,-237.16551509931446,52.303515578059525
3.079402709338178e-05,14.350079637517975,57.4003185500719,-96.7847228876498,59.65817949796573
3.094420962887938e-05,14.502426230021825,58.0097049200873,58.90095747509741,64.5149551858813
3.109439216437698e-05,14.662747765424395,58.65099106169758,223.42634665604487,66.71304634934813
3.124457469987458e-05,14.823592503015778,59.29437001206311,390.0605860061067,66.20117009469524
3.1394757235372176e-05,14.977531629308507,59.910126517234026,552.0824199520189,63.03810257711433
3.1544939770869774e-05,15.117458903647076,60.469835614588305,703.0512610075531,57.388776169106464
3.169512230636737e-05,15.236873125116643,60.94749250046657,837.0631585660526,49.51614750265382
3.184530484186497e-05,15.330132261934002,61.32052904773601,948.9815531076941,39.76922334793027
3.199548737736257e-05,15.39266938336053,61.57067753344212,1034.6338556372073,28.567780939533435
3.214566991286017e-05,15.421162212620564,61.684648850482255,1090.9663957820203,16.38444527545032
3.222658047636844e-05,15.42174615420455,61.6869846168182,1108.4768456455809,9.585447786816738
3.2226580476368876e-05,15.421746154204524,61.686984616818094,1108.4768456456497,9.585447786780161
3.2376763011866474e-05,15.416735121680311,61.666940486721245,1127.7592899441888,5.800348511732156
3.259606830846144e-05,15.425993456448133,61.70397382579253,1138.3738243837747,2.4300561562995426e-12
3.259606830846187e-05,15.42599345644817,61.70397382579268,1138.373824383775,-9.130474154517287e-12
3.281745978176942e-05,15.455327337535675,61.8213093501427,1127.6952891396459,-5.754958658867645
3.303885125507697e-05,15.503277647772657,62.01311059109063,1096.7833322481115,-10.926634434959116
3.326024272838452e-05,15.566567782827256,62.266271131309026,1048.6129046307308,-15.076123777483957
3.3528964760915635e-05,15.656650865485046,62.626603461940185,973.5443495629285,-18.25168223747961
3.379768679344675e-05,15.751030788286872,63.00412315314749,889.5020419343953,-19.067431667885856
3.406640882597786e-05,15.837776946255204,63.351107785020815,807.2404334532132,-17.46753686596063
3.4335130858508975e-05,15.905545569755905,63.62218227902362,737.0708147810903,-13.7038297079143
3.460385289104009e-05,15.94496012948288,63.77984051793152,687.5608019570593,-8.298057420558019
3.48725749235712e-05,15.949769474546333,63.79907789818533,664.4798606738668,-1.9704870636394862
3.489819068276618e-05,15.948298268265583,63.793193073062334,663.7831417632038,-1.3409088218993288
3.489819068276661e-05,15.948298268265555,63.79319307306222,663.7831417631944,-1.3409088218887004
3.499999999999988e-05,15.941804683580521,63.767218734322086,661.4422840628848,-1.417803952941874
3.5000000000000315e-05,15.941804683580498,63.76721873432199,661.4422840628746,-1.417803952942196
3.500000000000075e-05,15.94180468358047,63.76721873432188,661.4422840628644,-1.417803952942521
3.500000000000118e-05,15.941804683580443,63.76721873432177,661.442284062854,-1.4178039529874158
3.510180931723445e-05,15.944678957980148,63.77871583192059,650.1774915705764,-11.839523029595105
3.5245712334560626e-05,15.979909625074491,63.919638500297964,604.7278656882454,-25.980438207599313
3.53896153518868e-05,16.049314475202856,64.19725790081142,526.6802991591477,-38.98075880519691
3.553351836921297e-05,16.14934778299375,64.597391131975,419.33589676778763,-50.37400176601091
3.5677421386539144e-05,16.275175924574118,65.10070369829647,287.03710415376776,-59.75957792981292
3.585610151992907e-05,16.458085246854118,65.83234098741647,96.0984773932691,-68.1413572638845
3.6034781653318996e-05,16.659067844715388,66.63627137886155,-113.8898496862162,-72.52898739801068
3.621346178670892e-05,16.864607242669997,67.45842897067999,-330.7303691506596,-72.73965909243444
3.639214192009885e-05,17.06104515158592,68.24418060634368,-542.0394649695828,-68.83107025970907
3.6570822053488774e-05,17.235330350100075,68.9413214004003,-735.9547288345784,-61.09425958454685
3.67495021868787e-05,17.375752631382518,69.50301052553007,-901.8010627107664,-50.033202927288755
3.6928182320268626e-05,17.472587330652722,69.89034932261089,-1030.6782624963296,-36.33263661266907
3.710686245365855e-05,17.518616344036417,70.07446537614567,-1115.9379592150278,-20.816129974116002
3.720742372959366e-05,17.520458604359387,70.08183441743755,-1143.1182830737066,-11.61812057069216
3.7207423729594094e-05,17.52045860435935,70.0818344174374,-1143.11828307379,-11.618120570652252
3.738610386298402e-05,17.513756780076072,70.05502712030429,-1171.0447031046444,-7.098814318716555
3.7608701308924734e-05,17.523665603305126,70.0946624132205,-1186.1829034494428,-1.0450419177662473
3.764640618092694e-05,17.52741051821889,70.10964207287556,-1186.50192781967,-2.2737367544323206e-13
3.764640618092737e-05,17.52741051821894,70.10964207287576,-1186.5019278196703,1.1738165994756855e-11
3.7869003626868086e-05,17.561262185499807,70.24504874199923,-1175.3381960205231,5.983467267700551
3.80916010728088e-05,17.61437923340833,70.45751693363331,-1143.0341236347608,11.35414988445143
3.8314198518749514e-05,17.683230408998774,70.7329216359951,-1092.7309390697355,15.651663942765042
3.858537644651734e-05,17.780280383223065,71.12112153289226,-1014.1313697065189,18.924229905382447
3.885655437428517e-05,17.881017315820234,71.52406926328094,-926.328269598346,19.70803352309449
3.9127732302052995e-05,17.97277745612223,71.89110982448892,-840.7489251959768,17.95283418005682
3.939891022982082e-05,18.043565091169928,72.17426036467971,-768.2992736262687,13.937398639902108
3.967008815758865e-05,18.083550754331206,72.33420301732482,-717.964702209112,8.227217412881831
3.9941266085356476e-05,18.0863050029333,72.3452200117332,-695.6858494643369,1.5959027820259672
3.995957978875778e-05,18.085063099257713,72.34025239703085,-695.2796642597101,1.1300310285021884
3.995957978875821e-05,18.08506309925768,72.34025239703072,-695.2796642597021,1.130031028491182
3.999999999999945e-05,18.082139243354675,72.3285569734187,-694.5023437361351,1.1762417785331039
3.999999999999988e-05,18.082139243354643,72.32855697341857,-694.5023437361266,1.176241778533598
4.000000000000033e-05,18.08213924335461,72.32855697341844,-694.5023437361178,1.1762417785341137
4.000000000000076e-05,18.082139243354582,72.32855697341833,-694.5023437361094,1.176241778578665
4.0040420211242e-05,18.080676381525763,72.32270552610305,-692.3148482228586,5.315839581458922
4.018456167335906e-05,18.09896230008619,72.39584920034476,-662.1608636097427,19.727657234379098
4.0328703135476124e-05,18.152287454344002,72.60914981737601,-598.430022038252,33.22535396531198
4.0472844597593186e-05,18.23769875159051,72.95079500636204,-503.91182599900884,45.31933691629237
4.061698605971025e-05,18.350856114848266,73.40342445939307,-382.5028461588495,55.578933817250295
4.079190618593785e-05,18.517254295776596,74.06901718310638,-206.21770623404092,65.05478223106311
4.096682631216545e-05,18.705159850254994,74.82063940101997,-7.629181242307991,70.85007280735272
4.114174643839305e-05,18.9022282846665,75.608913138666,202.13283169068436,72.7090957842682
4.131666656462065e-05,19.095701920863128,76.38280768345251,411.51134297148866,70.59487719065332
4.149158669084825e-05,19.273084277322088,77.09233710928835,609.1593894038111,64.68773861449651
4.1666506817075846e-05,19.422818939344314,77.69127575737726,784.5554964485716,55.37195144057809
4.1841426943303446e-05,19.53490524913792,78.13962099655168,928.5641764478922,43.21148482397633
4.2016347069531046e-05,19.601419251253258,78.40567700501303,1033.9117826561453,28.91634449088568
4.2191267195758645e-05,19.616912977842926,78.4676519113717,1095.5531327446417,13.301490271755963
4.219989370544003e-05,19.6163021057669,78.4652084230676,1097.4077064529517,12.507648312698255
4.219989370544063e-05,19.616302105766852,78.46520842306741,1097.4077064530775,12.507648312642761
4.237481383166823e-05,19.605596134196812,78.42238453678725,1129.7018705668877,9.599495375270333
4.2624838809739865e-05,19.603652889856225,78.4146115594249,1159.5490251496226,4.669561430274506
4.28436388937515e-05,19.61665926661152,78.46663706644608,1168.067820931452,9.271694523249607e-12
4.284363889375193e-05,19.61665926661156,78.46663706644624,1168.067820931452,-3.019806626980426e-14
4.3093663871823565e-05,19.64884703620623,78.59538814482492,1157.105523695213,-5.224549644420387
4.33436888498952e-05,19.697795957516856,78.79118383006742,1125.6406039191952,-9.794358295356929
4.359371382796683e-05,19.759244280539274,79.0369771221571,1077.4422070413873,-13.219825032460747
4.384373880603846e-05,19.827034364487613,79.30813745795045,1018.0466743515951,-15.146189855131531
4.4093763784110095e-05,19.89379292277331,79.57517169109325,954.115664675826,-15.390325030374783
4.434378876218173e-05,19.95176673413776,79.80706693655104,892.6814687724582,-13.957885833799603
4.459381374025336e-05,19.99368583034651,79.97474332138604,840.3648444548365,-11.039334278624054
4.484383871832499e-05,20.013559104858235,80.05423641943294,802.652136881575,-6.985648088429889
4.499999999999988e-05,20.01291460649643,80.05165842598572,788.2511933376433,-4.080290315044856
4.5000000000000315e-05,20.012914606496416,80.05165842598566,788.251193337614,-4.080290315036594
4.500000000000082e-05,20.012914606496395,80.05165842598558,788.2511933375794,-4.080290315026719
4.514764429505011e-05,20.02766959636177,80.11067838544707,758.7718801393828,-19.816845995423805
4.52952885900994e-05,20.081577151687334,80.32630860674934,691.7055180463589,-34.579481372193996
4.544293288514869e-05,20.171373573750188,80.68549429500075,590.1467293665944,-47.80595242761331
4.559057718019798e-05,20.29216219689815,81.1686487875926,458.4922762775313,-59.00184053679056
4.573822147524727e-05,20.437805377088946,81.75122150835578,302.25144858407805,-67.75873735763237
4.588586577029656e-05,20.601200651896278,82.40480260758511,127.81589520104124,-73.76896539927968
4.603351006534585e-05,20.77457077338271,83.09828309353084,-57.80178339182548,-76.83620369983842
4.6181154360395136e-05,20.94977661567197,83.79910646268787,-247.25009138377092,-76.88162309907713
4.6328798655444426e-05,21.118639913581692,84.47455965432677,-433.13005590526484,-73.94535413397585
4.6476442950493715e-05,21.27326312081692,85.09305248326768,-608.2845107751159,-68.1832941174831
4.6624087245543004e-05,21.406333948757847,85.62533579503139,-766.0739896758299,-59.85944171891209
4.677173154059229e-05,21.51140291501256,86.04561166005024,-900.6286490705098,-49.33411926423847
4.691937583564158e-05,21.58312344346572,86.33249377386288,-1007.0667210056198,-37.0485984710225
4.706702013069087e-05,21.617445661523558,86.46978264609423,-1081.6714316019838,-23.506778583426502
4.716510241258068e-05,21.618321363811706,86.47328545524682,-1112.3949173597853,-14.081090024807633
4.7165102412581115e-05,21.618321363811674,86.4732854552467,-1112.394917359887,-14.081090024765587
4.7312746707630404e-05,21.60716494789558,86.42865979158232,-1144.4888602744527,-11.962562548842975
4.7575026767730215e-05,21.598573982436896,86.39429592974759,-1186.56623054329,-7.199884130220739
4.7837306827830026e-05,21.608000457923673,86.43200183169469,-1206.0269576051612,-1.6720485300349672
4.7913902961516464e-05,21.614517714947922,86.45807085979169,-1207.085297275756,-9.319656157913414e-12
4.79139029615169e-05,21.614517714947965,86.45807085979186,-1207.0852972757564,6.838973831690964e-14
4.817618302161671e-05,21.64966773753376,86.59867095013504,-1194.9304522275625,5.518893920121262
4.843846308171652e-05,21.702682406301115,86.81072962520446,-1160.180940241643,10.28472186786113
4.870074314181633e-05,21.76838614772793,87.07354459091172,-1107.378802395263,13.73799938977515
4.896302320191614e-05,21.839429610983075,87.3577184439323,-1043.152300098366,15.488404399331323
4.9225303262015954e-05,21.907106625531505,87.62842650212602,-975.3747656825433,15.359101569220662
4.9487583322115765e-05,21.962448446535532,87.84979378614213,-912.1879992153799,13.404162704794818
4.9749863382215576e-05,21.99731952890774,87.98927811563097,-861.0113860036091,9.897715695178812
4.999999999999988e-05,22.00567344659646,88.02269378638584,-828.7508155779144,5.526703994422839
5.0000000000000314e-05,22.005673446596454,88.02269378638582,-828.7508155778745,5.526703994414653
5.000000000000087e-05,22.005673446596447,88.02269378638579,-828.7508155778233,5.5267039944040235
5.015038244803398e-05,22.023706865698024,88.0948274627921,-794.7165532708834,21.560915938692467
5.0300764896067094e-05,22.08205373634689,88.32821494538756,-721.7811452978691,36.51566545495013
5.045114734410021e-05,22.177053411083143,88.70821364433257,-613.3961224124834,49.8014227700668
5.060152979213332e-05,22.30332206944031,89.21328827776124,-474.39772545711014,60.904575661313544
5.075191224016643e-05,22.45417203925452,89.81668815701808,-310.7916979227116,69.40699996054485
5.0902294688199544e-05,22.621921006920484,90.48768402768194,-129.49399521189187,75.00160875238166
5.1052677136232656e-05,22.798216458244237,91.19286583297695,61.961682246280255,77.50323014029514
5.120305958426577e-05,22.974383260265327,91.89753304106131,255.73727430121244,76.85440024684844
5.135344203229888e-05,23.14177944822355,92.5671177928942,444.01169394920134,73.12590890827562
5.150382448033199e-05,23.2921457236996,93.1685828947984,619.2969970433797,66.51214905833629
5.1654206928365106e-05,23.417934611607503,93.67173844643001,774.7366696207781,57.321530337459194
5.180458937639822e-05,23.512606242786482,94.05042497114593,904.374214268336,45.96241351774923
5.195497182443133e-05,23.57087926070377,94.28351704281508,1003.3815831882632,32.92519718645726
5.210535427246444e-05,23.588927326526555,94.35570930610622,1068.2387756954286,18.761335000722806
5.214332943194177e-05,23.58690675423875,94.347627016955,1078.9470211822736,15.066163677599944
5.21433294319422e-05,23.586906754238715,94.34762701695486,1078.9470211823827,15.066163677557675
5.2169083148516834e-05,23.584477054788913,94.33790821915565,1085.3825625413385,14.914357107305987
5.216908314851727e-05,23.584477054788866,94.33790821915547,1085.3825625414463,14.914357107303415
5.21690831485177e-05,23.584477054788827,94.33790821915531,1085.382562541554,14.91435710730083
5.2194836865092336e-05,23.58204883487784,94.32819533951135,1091.749753940279,14.75220881251434
5.2323605447965506e-05,23.570232972508723,94.28093189003489,1122.305788295929,13.687589578414345
5.262009790246304e-05,23.549180291673576,94.1967211666943,1180.7896640666834,9.833924762160228
5.2916590356960575e-05,23.543567497368475,94.1742699894739,1216.5602159413086,4.561974087973692
5.3148010060845725e-05,23.553546202687986,94.21418481075195,1225.359555265154,6.039613253960852e-14
5.314801006084616e-05,23.55354620268802,94.21418481075207,1225.3595552651543,-8.5140783312454e-12
5.344450251534369e-05,23.585667769186813,94.34267107674725,1211.1757413320743,-5.686898483383274
5.374099496984123e-05,23.636576756544663,94.54630702617865,1171.10052921699,-10.411045054425003
5.403748742433876e-05,23.69887796137268,94.79551184549072,1111.6715565561994,-13.472066325589871
5.43339798788363e-05,23.762205025819146,95.04882010327658,1042.237151514342,-14.43973368454709
5.463047233333383e-05,23.814784912134606,95.25913964853842,973.4608899644609,-13.214583953272587
5.492696478783137e-05,23.845288608370694,95.38115443348278,915.6551020273739,-10.036250172443836
5.499999999999948e-05,23.848411622849845,95.39364649139938,904.0348672500248,-8.99794408297326
5.4999999999999914e-05,23.84841162284986,95.39364649139944,904.0348672499601,-8.997944082966914
5.500000000000053e-05,23.848411622849877,95.39364649139951,904.034867249867,-8.9979440829577
5.515076729525969e-05,23.874482973141628,95.49793189256651,860.4397060032411,-25.615767182125005
5.530153459051885e-05,23.942146562749368,95.76858625099747,776.5968827151949,-40.97765810320782
5.545230188577801e-05,24.047201852089504,96.18880740835802,656.4324328000763,-54.47708264667378
5.560306918103717e-05,24.183699254446907,96.73479701778763,505.2928709661104,-65.59183509383672
5.575383647629633e-05,24.344371946930718,97.37748778772287,329.7077555398276,-73.90399886228046
5.590460377155549e-05,24.520969613656376,98.0838784546255,137.1076373531531,-79.11544791943791
5.605537106681465e-05,24.704607487047895,98.81842994819158,-64.49065342288014,-81.05829701294321
5.620613836207381e-05,24.886136843664318,99.54454737465727,-266.8181651596279,-79.69990919090338
5.635690565733297e-05,25.056521055047895,100.22608422019158,-461.6935674153057,-75.1423339703954
5.650767295259213e-05,25.20720183895338,100.82880735581352,-641.3545858159168,-67.6162767544
5.665844024785129e-05,25.330440954954145,101.32176381981658,-798.7677684497578,-57.469921087524256
5.680920754311045e-05,25.41962379334601,101.67849517338404,-927.9042907259242,-45.153130141924905
5.695997483836961e-05,25.469513044998326,101.8780521799933,-1023.9710582668762,-31.197734362355753
5.710931595657122e-05,25.47659004145867,101.90636016583468,-1083.2016985101832,-16.33988175287047
5.7109315956571654e-05,25.476590041458625,101.9063601658345,-1083.2016985103012,-16.339881752826344
5.7260083251830814e-05,25.461230440880186,101.84492176352074,-1123.1012741393788,-15.410781674255874
5.7264131269511536e-05,25.46081817225106,101.84327268900424,-1124.14201521725,-15.384734677112199
5.726413126951197e-05,25.460818172251013,101.84327268900405,-1124.1420152173616,-15.384734677109407
5.7264131269512403e-05,25.46081817225097,101.84327268900388,-1124.1420152174733,-15.384734677106604
5.7418946582452285e-05,25.44531131874765,101.7812452749906,-1162.215111669318,-14.073248866606283
5.7713047383627933e-05,25.42235530742356,101.68942122969425,-1221.7262900746957,-10.058568453999936
5.800714818480358e-05,25.414959003979355,101.65983601591742,-1257.8908431040115,-4.615654860149132
5.82328802035541e-05,25.423344956985865,101.69337982794346,-1266.5743970084882,-8.812506280264643e-12
5.8232880203554534e-05,25.4233449569859,101.6933798279436,-1266.5743970084882,7.460698725481052e-14
5.852698100473018e-05,25.453516007159504,101.81406402863801,-1252.0967647977882,5.8529945172256
5.882108180590583e-05,25.502526086035793,102.01010434414317,-1211.1452039742342,10.732949947793891
5.911518260708148e-05,25.56295193352214,102.25180773408856,-1150.284137810967,13.927560618752258
5.940928340825713e-05,25.624358621836933,102.49743448734773,-1078.925823362324,14.994174086832823
5.970338420943278e-05,25.674849907805097,102.69939963122039,-1007.8473240280042,13.82131744753313
5.9997485010608425e-05,25.702910683146094,102.81164273258437,-947.531575520416,10.638653510014844
5.999999999999996e-05,25.70303245346434,102.81212981385735,-947.0826220549889,10.603336837762996
6.0000000000000395e-05,25.703032453464363,102.81212981385745,-947.0826220549116,10.603336837756896
6.000000000000106e-05,25.70303245346439,102.81212981385757,-947.0826220547932,10.60333683774755
6.015255511945514e-05,25.7323816658027,102.9295266632108,-898.5190968707788,27.503424691981493
6.030511023890922e-05,25.804232533191307,103.21693013276523,-808.6478948388303,43.03947593818341
6.04576653583633e-05,25.913993742277363,103.65597496910945,-681.7428492302532,56.58480576535315
6.0610220477817383e-05,26.055265221393714,104.22106088557486,-523.5569696852954,67.60453673887577
6.0762775597271465e-05,26.220290865565737,104.88116346226295,-341.06192348409763,75.67649992224969
6.0915330716725546e-05,26.400320608635507,105.60128243454203,-142.14061818490495,80.50717813101939
6.106788583617963e-05,26.585988533347575,106.3439541333903,64.75376397320721,81.9421057420922
6.122044095563371e-05,26.767711814707194,107.07084725882878,270.9576506467182,79.97033302209172
6.13729960750878e-05,26.936093052056297,107.74437220822519,467.9606356162878,74.7228540059267
6.152555119454189e-05,27.082309210443942,108.32923684177577,647.7575229321945,66.46514862585576
6.167810631399598e-05,27.198471171589812,108.79388468635925,803.1743689068309,55.58423266425104
6.183066143345007e-05,27.277939344474003,109.11175737789601,928.1553188789682,42.570832136166544
6.198321655290415e-05,27.315582820037235,109.26233128014894,1017.9988540202788,27.997492925822918
6.208783673390214e-05,27.31548393407076,109.26193573628304,1057.6011575432567,17.423871397793928
6.208783673390301e-05,27.315483934070663,109.26193573628265,1057.6011575435077,17.4238713977052
6.22403918533571e-05,27.29882045536267,109.19528182145068,1100.7728528336581,16.52788473935694
6.247235552427007e-05,27.273502774712316,109.09401109884926,1161.7510406992099,15.01654843123293
6.247235552427093e-05,27.273502774712224,109.0940110988489,1161.7510406994265,15.016548431226969
6.24723555242718e-05,27.273502774712128,109.09401109884851,1161.7510406996473,15.01654843122078
6.282591182012377e-05,27.238890371864155,108.95556148745662,1239.3897466248716,11.094751434952261
6.310847005114053e-05,27.223107689612952,108.89243075845181,1280.410512664746,6.232682638571404
6.339102828215729e-05,27.224648530113587,108.89859412045435,1296.5612770987593,0.6001291409569349
6.342012496612726e-05,27.22591104494335,108.9036441797734,1296.6925885228984,4.796163466380676e-14
6.342012496612813e-05,27.22591104494339,108.90364417977356,1296.692588522898,-1.7762680215582805e-11
6.370268319714489e-05,27.248531984179905,108.99412793671962,1283.4672168998466,-5.5693327457904465
6.398524142816165e-05,27.287805269098772,109.15122107639509,1245.8804348892083,-10.284910118307405
6.42677996591784e-05,27.337446607419682,109.34978642967873,1189.4926810666839,-13.50916463276333
6.455035789019516e-05,27.388528289977415,109.55411315990966,1122.35967491943,-14.825906758353598
6.483291612121192e-05,27.430705224540954,109.72282089816382,1053.8550783589906,-14.0942965221181
6.50000000000002e-05,27.44731026271287,109.78924105085149,1016.4857418721982,-12.744415024139991
6.500000000000106e-05,27.44731026271294,109.78924105085176,1016.4857418720162,-12.744415024131442
6.500000000000193e-05,27.447310262713007,109.78924105085203,1016.4857418718302,-12.74441502412262
6.51508915958968e-05,27.4812660328298,109.9250641313192,962.6260202283107,-29.98859912012423
6.530178319179167e-05,27.557950079865556,110.23180031946222,867.1423042880408,-45.79062491248178
6.545267478768654e-05,27.672599193788944,110.69039677515578,734.4534078094485,-59.52780316487447
6.560356638358141e-05,27.81868326214219,111.27473304856876,570.4297435677312,-70.67030836969094
6.575445797947628e-05,27.988346829452958,111.95338731781183,382.1338144095324,-78.80142583175663
6.590534957537115e-05,28.172766554966177,112.69106621986471,177.51588559531683,-83.63290897969512
6.605624117126601e-05,28.362524007963803,113.45009603185521,-34.922212817211886,-85.014924313736
6.620713276716088e-05,28.547997997902367,114.19199199160947,-246.48104942969965,-82.94021914047195
6.635802436305575e-05,28.719759677416537,114.87903870966615,-448.6206553024084,-77.54242401592685
6.650891595895062e-05,28.868954300797924,115.4758172031917,-633.3061022133605,-69.08864099144125
6.665980755484549e-05,28.987654275711648,115.95061710284659,-793.327681125318,-57.96669939859488
6.681069915074036e-05,29.06916953016182,116.27667812064728,-922.5829955787326,-44.66767275482342
6.696159074663523e-05,29.108303150552896,116.43321260221158,-1016.3100131698507,-29.76443508096369
6.707023795555334e-05,29.108297068998844,116.43318827599538,-1059.9148764317715,-18.39150295463814
6.707023795555421e-05,29.10829706899875,116.433188275995,-1059.914876432037,-18.391502954546127
6.722112955144908e-05,29.090733481597375,116.3629339263895,-1105.0537288128223,-17.498836349347208
6.756409598041676e-05,29.05085214939948,116.20340859759791,-1198.522900489126,-15.175745344650355
6.756409598041763e-05,29.050852149399375,116.2034085975975,-1198.5229004893454,-15.175745344643996
6.756409598041867e-05,29.05085214939925,116.203408597597,-1198.5229004896137,-15.175745344636061
6.792114013310606e-05,29.01346347632924,116.05385390531696,-1277.2311934298111,-11.032281836978513
6.82036954627856e-05,28.995936673177567,115.98374669271027,-1317.6013692845615,-6.020898539211905
6.848625079246513e-05,28.995783362600008,115.98313345040003,-1332.464385778099,-0.2684977963628459
6.849901870057463e-05,28.996235804403078,115.98494321761231,-1332.4843344098917,-1.8181012251261564e-11
6.84990187005755e-05,28.99623580440311,115.98494321761244,-1332.4843344098913,2.1316282072803006e-14
6.878157403025503e-05,29.015914603915775,116.0636584156631,-1319.0185083964727,5.6709652205968055
6.906412935993456e-05,29.052099138019475,116.2083965520779,-1280.7382537510819,10.476283858580683
6.93466846896141e-05,29.098412066050678,116.39364826420271,-1223.2887530893777,13.766411935256533
6.962924001929363e-05,29.14578135487505,116.5831254195002,-1154.858710598065,15.116755146888698
6.991179534897317e-05,29.18368669048514,116.73474676194056,-1084.9834713416021,14.382746683494595
6.99999999999994e-05,29.19206296841461,116.76825187365844,-1064.2670863922276,13.736296769260289
7.000000000000026e-05,29.19206296841468,116.76825187365873,-1064.2670863920303,13.736296769253102
7.000000000000113e-05,29.19206296841476,116.76825187365904,-1064.2670863918297,13.73629676924571
7.015216955686753e-05,29.22763927996499,116.91055711985996,-1006.9689578855007,31.342305616562605
7.030433911373393e-05,29.306994320101744,117.22797728040698,-906.8782202955792,47.42407435800784
7.045650867060033e-05,29.425061182309953,117.70024472923981,-768.6865242033152,61.337910402307344
7.060867822746673e-05,29.57494289514408,118.29977158057632,-598.5951444818623,72.53902047850485
7.076084778433313e-05,29.748373904617086,118.99349561846834,-404.03677350717953,80.60266347522335
7.091301734119952e-05,29.936101093525576,119.7444043741023,-193.35032635623904,85.24001411679068
7.106518689806592e-05,30.128280845874645,120.51312338349858,24.577166480985028,86.30820953711753
7.121735645493232e-05,30.314895493722602,121.25958197489041,240.6863194483974,83.81420846682784
7.136952601179872e-05,30.486171102068322,121.94468440827329,446.12299391536806,77.91239135791824
7.152169556866512e-05,30.632979284501122,122.53191713800449,632.602077914258,68.89608902533415
7.167386512553152e-05,30.74720663350017,122.98882653400068,792.7425729026211,57.18347621019263
7.182603468239792e-05,30.822076922213075,123.2883076888523,920.3605147068475,43.29849368850602
7.197820423926432e-05,30.852413399650654,123.40965359860262,1010.7081919424038,27.847659083368242
7.20566018174936e-05,30.84961890591489,123.39847562365956,1041.6316768917425,19.484426702031733
7.205660181749447e-05,30.8496189059148,123.3984756236592,1041.6316768920237,19.484426701938478
7.220877137436087e-05,30.830847020825384,123.32338808330154,1089.9545024716422,18.614734038321263
7.257182385251379e-05,30.786106523650595,123.14442609460238,1195.3869532777844,16.194467430862165
7.272024908226823e-05,30.767834184761067,123.07133673904427,1234.0967332572877,15.074923549931087
7.27202490822691e-05,30.76783418476096,123.07133673904384,1234.0967332575053,15.074923549924367
7.272024908226997e-05,30.767834184760854,123.07133673904342,1234.0967332577256,15.0749235499175
7.299381490618021e-05,30.736064624135942,122.94425849654377,1296.2351325901452,12.031702732594823
7.326738073009045e-05,30.712901232283834,122.85160492913533,1340.9078259657167,7.462416763910051
7.35409465540007e-05,30.704452537257648,122.81781014903059,1362.5691510050451,1.9986753038904457
7.363659565973104e-05,30.705553270649943,122.82221308259977,1364.1560103780885,1.7825740883381513e-11
7.36365956597319e-05,30.705553270649965,122.82221308259986,1364.156010378089,-1.438849039914203e-13
7.391016148364215e-05,30.720413134724804,122.88165253889922,1351.4731135970926,-5.519831790823128
7.418372730755239e-05,30.750495731900166,123.00198292760066,1315.2920535307517,-10.250304804463477
7.445729313146263e-05,30.79001187481302,123.16004749925207,1260.6138838206114,-13.590720135527466
7.473085895537288e-05,30.83092348405464,123.32369393621856,1194.7488779658786,-15.13425209455441
7.499999999999938e-05,30.863315853119584,123.45326341247834,1127.3974110637696,-14.740506638455212
7.500000000000025e-05,30.863315853119662,123.45326341247865,1127.3974110635568,-14.740506638450896
7.500000000000112e-05,30.863315853119747,123.45326341247899,1127.3974110633415,-14.74050663844648
7.515095409508512e-05,30.90103873308618,123.60415493234473,1067.592524435505,-32.691561094209035
7.530190819016912e-05,30.982940611373152,123.93176244549261,964.5148265232648,-49.08158185809658
7.545286228525312e-05,31.103887748696298,124.41555099478519,822.9132120428344,-63.26518626745733
7.560381638033713e-05,31.256928420216486,125.02771368086594,649.0382408397991,-74.6959871727894
7.575477047542113e-05,31.43374905015411,125.73499620061644,450.3662595812094,-82.94747470233955
7.590572457050513e-05,31.62505114807351,126.50020459229404,235.27749240693822,-87.7286914962952
7.605667866558913e-05,31.820944057360606,127.28377622944242,12.70182271837496,-88.89419797368909
7.620763276067313e-05,32.011356859122365,128.04542743648946,-208.25287769654713,-86.44796582315112
7.635858685575714e-05,32.186451864172845,128.74580745669138,-418.67447737586434,-80.54112682941484
7.650954095084114e-05,32.33702282948968,129.34809131795873,-610.2071091943326,-71.46375469309511
7.666049504592514e-05,32.45486188036668,129.8194475214667,-775.3839787683929,-59.631098266467276
7.681144914100914e-05,32.53308061943637,130.13232247774548,-907.9192789887873,-45.564904945898306
7.696240323609314e-05,32.56637297415798,130.26549189663191,-1002.9478835845816,-29.870664163377842
7.705019805770126e-05,32.56373554317575,130.254942172703,-1039.6172517376567,-20.249875543080993
7.705019805770213e-05,32.563735543175646,130.25494217270258,-1039.6172517379487,-20.24987554298501
7.720115215278613e-05,32.54407885076872,130.17631540307488,-1089.4913232298675,-19.389095265253054
7.756833081339347e-05,32.49631582645214,129.98526330580856,-1200.7490813049767,-16.929626667225193
7.782630077866991e-05,32.4628007834679,129.8512031338716,-1269.225127007892,-14.921920823591986
7.782630077867078e-05,32.462800783467785,129.85120313387114,-1269.2251270081067,-14.921920823584902
7.782630077867165e-05,32.462800783467664,129.85120313387065,-1269.2251270083245,-14.92192082357766
7.810126009010068e-05,32.42900025136071,129.71600100544285,-1330.6916288981079,-11.754356704403548
7.837621940152971e-05,32.40378764552014,129.61515058208056,-1374.0763616858633,-7.08110841540868
7.865117871295874e-05,32.39315035839972,129.5726014335989,-1393.9429962691843,-1.5527865538499928
7.872529975858678e-05,32.39317342141962,129.57269368567847,-1394.8916071758258,-1.7959855824756232e-11
7.872529975858765e-05,32.39317342141963,129.57269368567853,-1394.8916071758258,6.483702463810914e-14
7.900025907001668e-05,32.40399188958312,129.61596755833247,-1382.0745424200766,5.549926571412049
7.927521838144571e-05,32.42962388064718,129.7184955225887,-1345.516612000102,10.303134048032472
7.955017769287475e-05,32.46417442139014,129.85669768556056,-1290.2983915001003,13.650354904489852
7.982513700430378e-05,32.49948274163924,129.99793096655696,-1223.8515995112127,15.180296482732501
7.99999999999995e-05,32.517996960525025,130.0719878421001,-1179.690706207447,15.122704197593864
8.000000000000037e-05,32.517996960525096,130.07198784210038,-1179.6907062072307,15.122704197591602
8.000000000000127e-05,32.517996960525174,130.0719878421007,-1179.690706207003,15.122704197589151
8.015127823023495e-05,32.55565208664806,130.22260834659224,-1118.3165279197651,33.44940331825378
8.030255646046864e-05,32.63838506986801,130.55354027947203,-1012.67957490452,50.173902250268625
8.045383469070232e-05,32.760915385766836,131.04366154306734,-867.6630076040484,64.6349644465298
8.060511292093601e-05,32.91609844369373,131.6643937747749,-689.6911940839391,76.27330385875717
8.075639115116969e-05,33.09539375209071,132.38157500836283,-486.4450360821768,84.65304873107593
8.090766938140338e-05,33.289253527134974,133.1570141085399,-266.5299221414588,89.47782020126016
8.105894761163706e-05,33.48752761919334,133.95011047677335,-39.11052385062665,90.60091074175287
8.121022584187075e-05,33.67988794501638,134.71955178006553,186.47218542814247,88.02919225466742
8.136150407210443e-05,33.85625425670137,135.42501702680548,401.0857619692451,81.92068264335246
8.151278230233812e-05,34.007203813331,136.028815253324,596.1771942276732,72.57595930936341
8.16640605325718e-05,34.12434841047783,136.49739364191132,764.1148887727617,60.42385728471578
8.181533876280549e-05,34.20066379116954,136.80265516467816,898.4881455876239,46.00211753411688
8.196661699303917e-05,34.23075862102554,136.92303448410215,994.3524593728275,29.9338483512499
8.20439223052188e-05,34.227214164185355,136.90885665674142,1027.3577148761049,21.29823575835706
8.204392230521967e-05,34.22721416418524,136.90885665674097,1027.3577148764118,21.298235758259363
8.219520053545335e-05,34.20650898276752,136.82603593107007,1080.0051059054274,20.455244993618983
8.256768888376626e-05,34.15558066983965,136.6223226793586,1199.464773766903,17.98367860370329
8.294534098549474e-05,34.10402384808393,136.41609539233573,1303.2008616510727,14.96785783313058
8.29453409854956e-05,34.10402384808381,136.41609539233525,1303.2008616512883,14.967857833123137
8.294534098549647e-05,34.1040238480837,136.4160953923348,1303.200861651507,14.967857833115529
8.321949903075327e-05,34.068514726215334,136.27405890486133,1364.4625590833884,11.698180757612644
8.349365707601008e-05,34.04095810047498,136.16383240189992,1407.2579151253158,6.9366066462119615
8.376781512126688e-05,34.02828427661187,136.11313710644748,1426.2546649418275,1.3440949082534503
8.383117969671652e-05,34.027655960308145,136.11062384123258,1426.9521929278976,3.3217872896784684e-13
8.383117969671739e-05,34.02765596030814,136.11062384123255,1426.9521929278976,-1.793232229374553e-11
8.41053377419742e-05,34.03527005764531,136.14108023058125,1414.0589818138496,-5.599708762181217
8.4379495787231e-05,34.057540843814294,136.23016337525718,1377.26547115049,-10.403009132819978
8.46536538324878e-05,34.088442687082555,136.35377074833022,1321.6418198216102,-13.798005976844232
8.492781187774461e-05,34.11980248386286,136.47920993545145,1254.6166679452135,-15.369843413428812
8.499999999999963e-05,34.12710234073583,136.50840936294333,1236.0130274762362,-15.45229682631671
8.50000000000005e-05,34.127102340735924,136.5084093629437,1236.0130274760138,-15.452296826316871
8.500000000000144e-05,34.12710234073602,136.5084093629441,1236.0130274757669,-15.452296826316982
8.515083961063056e-05,34.16554438904292,136.66217755617168,1173.5324262064,-34.13989612652179
8.530167922125967e-05,34.249736369664824,136.9989454786593,1066.038991499019,-51.20145751982851
8.545251883188878e-05,34.374335263681466,137.49734105472587,918.4736681437239,-65.9662582596468
8.56033584425179e-05,34.53211192526436,138.12844770105744,737.3368404174263,-77.86645770914447
8.575419805314701e-05,34.71442311184496,138.85769244737983,530.4018781882869,-86.45876893006967
8.590503766377612e-05,34.91160264364043,139.6464105745617,306.38094942739855,-91.44072554601985
8.605587727440523e-05,35.11336909536873,140.45347638147493,74.5573270528062,-92.66102546181074
8.620671688503435e-05,35.309253357705195,141.23701343082078,-155.60041155070937,-90.123576684287
8.635755649566346e-05,35.48902786431429,141.95611145725715,-374.82633617726583,-83.98516951756832
8.650839610629257e-05,35.64312000502155,142.5724800200862,-574.4314467740758,-74.5469589054934
8.665923571692169e-05,35.76299311954548,143.0519724781819,-746.649245244706,-62.24019008124637
8.68100753275508e-05,35.84148001807667,143.3659200723067,-884.9389323193001,-47.6068289311982
8.696091493817991e-05,35.873056117495814,143.49222446998326,-984.2344813234229,-31.275956619001676
8.704262043124628e-05,35.869341099730356,143.47736439892142,-1020.4798907353738,-21.95672605304531
8.704262043124715e-05,35.86934109973025,143.477364398921,-1020.4798907356907,-21.956726052945466
8.719346004187626e-05,35.84770543609339,143.39082174437357,-1074.6472098792128,-21.127157480776944
8.757082966077558e-05,35.79363474120842,143.1745389648337,-1199.8394734248313,-18.634022556914616
8.806471162836343e-05,35.722993139298055,142.89197255719222,-1336.8023582241133,-14.5809328966183
8.80647116283643e-05,35.72299313929793,142.8919725571917,-1336.8023582243238,-14.580932896610483
8.806471162836517e-05,35.7229931392978,142.8919725571912,-1336.8023582245366,-14.580932896602516
8.834073461143539e-05,35.68542475568004,142.74169902272016,-1396.4353812223114,-11.199039499118852
8.861675759450561e-05,35.6556938708349,142.6227754833396,-1437.0594635361947,-6.3699673554454215
8.889278057757583e-05,35.64047460275511,142.56189841102045,-1453.5496048456162,-0.7706180129447047
8.892944462890333e-05,35.63963279069148,142.55853116276592,-1453.7713050225966,-1.7980283928409335e-11
8.89294446289042e-05,35.639632790691465,142.55853116276586,-1453.7713050225968,1.5898393712632242e-13
8.920546761197442e-05,35.642321465793614,142.56928586317446,-1440.8577134145019,5.570579978296978
8.948149059504464e-05,35.658988441405896,142.63595376562358,-1404.0155402622959,10.344195677317316
8.975751357811487e-05,35.68354358537304,142.73417434149215,-1348.3615023278483,13.705047053834228
9.000000000000048e-05,35.70511955714288,142.82047822857152,-1289.868386307739,15.156893480499857
9.000000000000135e-05,35.70511955714294,142.82047822857177,-1289.8683863075212,15.156893480502319
9.000000000000235e-05,35.70511955714303,142.8204782285721,-1289.868386307265,15.156893480505161
9.015086654795908e-05,35.741947225155215,142.96778890062086,-1227.6036746797588,34.25445899271877
9.03017330959158e-05,35.82548499335012,143.3019399734005,-1119.297791810762,51.71616707661731
9.045259964387253e-05,35.95034506841568,143.80138027366272,-969.9379423667993,66.85493354695889
9.060346619182925e-05,36.10920252799287,144.43681011197148,-786.1105693176759,79.08789727347008
9.075433273978598e-05,36.29327847947172,145.17311391788687,-575.7107283402333,87.95868181615488
9.09051992877427e-05,36.492738116202645,145.97095246481058,-347.60233243185917,93.15417311117943
9.105606583569943e-05,36.697105881730984,146.78842352692394,-111.24373331530151,94.51526661741397
9.120693238365616e-05,36.89570146416084,147.58280585664335,123.7056678563672,92.0411928500304
9.135779893161288e-05,37.07807803513884,148.31231214055535,347.7814976645622,85.88733590492055
9.150866547956961e-05,37.23444487330619,148.93777949322475,552.0970117061254,76.35672470129578
9.165953202752633e-05,37.35605738294532,149.4242295317813,728.6968307658236,63.88563179849436
9.181039857548306e-05,37.43555908384504,149.74223633538017,870.8678129564956,49.023948474464945
9.196126512343979e-05,37.4672623194282,149.8690492777128,973.3950037376217,32.41120809227631
9.204304474133493e-05,37.463193542041104,149.85277416816442,1011.0994855589942,22.91418475610323
9.20430447413358e-05,37.46319354204097,149.85277416816388,1011.0994855593248,22.914184756001536
9.219391128929252e-05,37.44059246446707,149.7623698578683,1067.7026437649279,22.099102916380655
9.257610390482974e-05,37.38339793096459,149.53359172385836,1200.6390729716593,19.587491250457777
9.308998762273701e-05,37.30663388784204,149.22653555136816,1350.4710284572047,15.322358200455906
9.31655118047058e-05,37.29536536054864,149.18146144219455,1369.3542137787447,14.617768940850736
9.316551180470667e-05,37.29536536054851,149.18146144219403,1369.3542137789564,14.617768940842563
9.316551180470754e-05,37.29536536054837,149.18146144219347,1369.3542137791696,14.617768940834246
9.344107843838056e-05,37.25612215741714,149.02448862966855,1428.8216743281973,11.133761073576723
9.371664507205359e-05,37.22466736633814,148.89866946535255,1468.870145234852,6.215449599754802
9.399221170572662e-05,37.20756333897913,148.8302533559165,1484.4638113945866,0.5488635047653005
9.401800876536308e-05,37.20675524887382,148.82702099549527,1484.5696120967498,8.526512829121202e-14
9.401800876536394e-05,37.20675524887379,148.82702099549516,1484.5696120967493,-1.830002815950138e-11
9.429357539903697e-05,37.2066328153255,148.826531261302,1471.5510618591352,-5.625560310001157
9.456914203271e-05,37.22021844919899,148.88087379679595,1434.395247768389,-10.451886476572227
9.484470866638302e-05,37.241403230337134,148.96561292134854,1378.2316884641125,-13.858478069658037
9.500000000000062e-05,37.25372899261195,149.0149159704478,1340.9030623722924,-14.986393818062592
9.500000000000148e-05,37.25372899261201,149.01491597044804,1340.9030623720785,-14.986393818067127
9.500000000000254e-05,37.25372899261209,149.01491597044836,1340.903062371811,-14.986393818072695
9.5150583820168e-05,37.29010367800158,149.16041471200631,1278.7721390372262,-34.411309712351176
9.530116764033346e-05,37.373839549785714,149.49535819914286,1169.86936634117,-52.19580161874667
9.545175146049892e-05,37.49953624163278,149.99814496653113,1019.197149728058,-67.64238003456781
9.560233528066438e-05,37.65982654659718,150.63930618638872,833.3797903555412,-80.15817130286483
9.575291910082984e-05,37.845864859149756,151.38345943659903,620.3720331566013,-89.27748649262227
9.59035029209953e-05,38.04772731002511,152.19090924010044,389.11781082114135,-94.67890077784166
9.605408674116076e-05,38.254829346482985,153.01931738593194,149.17365885931665,-96.19628019522426
9.620467056132622e-05,38.45636484143638,153.82545936574553,-89.68746661094137,-93.82335441643995
9.635525438149168e-05,38.64174806663172,154.56699226652688,-317.8756233357023,-87.71174106520722
9.650583820165714e-05,38.80104057603458,155.20416230413832,-526.3703216890818,-78.16259303885035
9.66564220218226e-05,38.92534589338385,155.7013835735354,-707.0784735359632,-65.61229660474959
9.680700584198806e-05,39.00715644285862,156.0286257714345,-853.1497287902115,-50.612883398360175
9.695758966215352e-05,39.0406393160579,156.1625572642316,-959.2370027799415,-33.80802462445368
9.704479207446937e-05,39.03645094113983,156.14580376455933,-1000.8977750139687,-23.521713655488256
9.704479207447024e-05,39.0364509411397,156.1458037645588,-1000.8977750143079,-23.521713655384836
9.71953758946357e-05,39.012944857887554,156.05177943155022,-1058.9432761021899,-22.72530315818564
9.75830321989128e-05,38.95249706929605,155.8099882771842,-1197.8066542134425,-20.204570789302373
9.810190900507899e-05,38.87173462540118,155.48693850160473,-1354.2532544729058,-15.894051191587618
9.829083675771993e-05,38.84236987768542,155.36947951074168,-1401.4929551544792,-14.093721663807017
9.829083675772079e-05,38.842369877685286,155.36947951074114,-1401.4929551546822,-14.093721663798542
9.829083675772166e-05,38.84236987768515,155.3694795107406,-1401.492955154888,-14.093721663789882
9.85684437974855e-05,38.801070402066436,155.20428160826575,-1458.7285653384447,-10.507351371685797
9.884605083724935e-05,38.76736780962001,155.06947123848005,-1496.0659830554669,-5.547816987599459
9.911951742743888e-05,38.74766293908679,154.99065175634715,-1508.7499946554015,-1.7893242443278723e-11
9.911951742743975e-05,38.747662939086744,154.99065175634698,-1508.7499946554017,5.240252676230739e-14
9.939712446720359e-05,38.74220155143475,154.968806205739,-1495.7815195383098,5.562648721812986
9.967473150696743e-05,38.74961227929733,154.99844911718932,-1458.7787868786236,10.329963491516358
9.995233854673128e-05,38.76374939678399,155.05499758713597,-1402.8935825088681,13.680606839553922
0.00010000000000000053,38.76641446974461,155.06565787897844,-1391.799306456151,14.081931768365372
0.0001000000000000014,38.76641446974465,155.0656578789786,-1391.7993064559475,14.081931768372142
0.00010000000000000251,38.76641446974472,155.06565787897887,-1391.7993064556838,14.081931768380851
0.00010015031100063102,38.79977821199514,155.19911284798056,-1331.5953285676508,33.86971606314303
0.00010030062200125952,38.88129444214042,155.5251777685617,-1223.764741632633,52.040264240652796
0.00010045093300188803,39.00562808179366,156.02251232717464,-1073.2594655285973,67.88271873164618
0.00010060124400251654,39.16543279579586,156.66173118318343,-886.6845960955213,80.7902930365866
0.00010075155500314504,39.35184703640175,157.407388145607,-672.0082708868778,90.28330486194785
0.00010090186600377355,39.55489479229325,158.219579169173,-438.22060668970346,96.02675631958869
0.00010105217700440206,39.76390430577851,159.05561722311404,-194.9561165995443,97.84186034501349
0.00010120248800503056,39.967949654600986,159.87179861840394,47.9046617085652,95.71109180423123
0.00010135279900565907,40.156296459336815,160.62518583734726,280.6379344581549,89.7766503224844
0.00010150311000628757,40.318833658853194,161.27533463541278,494.0674764876162,80.33248867332489
0.00010165342100691608,40.4464740956026,161.7858963824104,679.9278819419587,67.81031852260932
0.00010180373200754459,40.53150815388573,162.12603261554293,831.1859428152802,52.76024301404829
0.00010195404300817309,40.56789681113352,162.2715872445341,942.3077487173845,35.826873814810924
0.00010204996066581289,40.56384623885793,162.2553849554317,990.4154689732188,24.35839571065216
0.00010204996066581376,40.563846238857785,162.25538495543114,990.4154689735701,24.3583957105471
0.00010220027166644226,40.53946466395484,162.15785865581935,1050.4753409746234,23.580447782316284
0.00010259332704407318,40.47577749329245,161.9031099731698,1196.84360310667,21.046364813615533
0.00010311849812617969,40.390839802259634,161.56335920903854,1362.2485392758176,16.65972226666187
0.00010339437336709276,40.34629298301627,161.38517193206508,1432.660236514424,13.96652526541581
0.00010339437336709362,40.34629298301613,161.3851719320645,1432.660236514625,13.966525265407013
0.00010339437336709449,40.34629298301598,161.3851719320639,1432.660236514829,13.966525265398023
0.00010367228167478329,40.303260438359395,161.21304175343758,1489.135289002422,10.281156504414708
0.00010395018998247209,40.26773576643723,161.0709430657489,1525.2912253301204,5.249223816675533
0.00010420778051314182,40.24652014899746,160.98608059598985,1536.5821638042821,4.884981308350689e-14
0.00010420778051314268,40.24652014899741,160.98608059598965,1536.5821638042821,-1.7893242443278723e-11
0.00010448568882083148,40.23787515945768,160.95150063783072,1523.5477744260456,-5.585121354261084
0.00010476359712852028,40.24155928274519,160.96623713098077,1486.350174607796,-10.373991601394536
0.00010499999999999972,40.24990193601869,160.99960774407475,1439.4999567060809,-13.347333158395251
0.00010500000000000059,40.249901936018716,160.99960774407486,1439.4999567058892,-13.347333158403881
0.00010500000000000173,40.24990193601876,160.99960774407504,1439.4999567056325,-13.34733315841536
0.00010500000000000259,40.2499019360188,160.9996077440752,1439.4999567054376,-13.347333158424105
0.00010500000000000373,40.249901936018844,160.99960774407538,1439.4999567051843,-13.347333158580941
0.00010500000000000942,40.249901936019064,160.99960774407626,1439.499956703918,-13.34733315936512
0.00010500000000003788,40.24990193602017,160.9996077440807,1439.4999566975869,-13.347333163286015
0.00010500000000018019,40.24990193602572,160.9996077441029,1439.499956665931,-13.347333182890498
0.00010500000000089169,40.249901936053476,160.9996077442139,1439.499956507652,-13.347333280912917
0.00010500000000444923,40.249901936192245,160.99960774476898,1439.4999557162578,-13.347333771025003
0.00010500000002223692,40.24990193688612,160.99960774754447,1439.4999517592864,-13.34733622158542
0.00010500000011117538,40.24990194035552,160.99960776142208,1439.4999319744188,-13.347348474387342
0.00010500000055586768,40.24990195770279,160.99960783081116,1439.4998330498074,-13.347409738392685
0.00010500000277932917,40.249902044446074,160.9996081777843,1439.49933841994,-13.3477160583129
0.0001050000138966366,40.24990247833592,160.99960991334368,1439.4968651003305,-13.349247655251617
0.00010500006948317376,40.24990465212001,160.99961860848003,1439.4844942455015,-13.356905573374144
0.00010500034741585958,40.24991562940826,160.99966251763303,1439.4225335553979,-13.39519349823593
0.00010500173707928867,40.24997322452637,160.9998928981055,1439.1100701561572,-13.5865912945033
0.00010500868539643412,40.250328851139216,161.00131540455686,1437.4813118070574,-14.542511564272255
0.00010504342698216134,40.25378935665774,161.01515742663096,1427.6843299579812,-19.29253427673704
0.00010518666025750544,40.296804022430806,161.18721608972322,1358.9825838239276,-38.14899119764898
0.00010532989353284954,40.38328776053142,161.53315104212567,1247.1415463880603,-55.37925362492228
0.00010547312680819364,40.50822921532913,162.03291686131652,1096.7802201720087,-70.37296171826836
0.00010561636008353773,40.66498837549985,162.6599535019994,913.8689516633791,-82.61001440982055
0.0001057889184407412,40.884279926738174,163.5371197069527,660.5751847601343,-93.11247442402006
0.00010596147679794466,41.122639504058284,164.49055801623314,384.32464232744735,-98.54683297406174
0.00010613403515514812,41.363570890292,165.454283561168,100.02412555791427,-98.70717190453445
0.00010630659351235158,41.590440196878575,166.3617607875143,-177.2349050267277,-93.67079987186533
0.00010647915186955504,41.78733517905997,167.1493407162399,-432.98045545619647,-83.78971005044863
0.0001066517102267585,41.93990068295042,167.7596027318017,-654.118505776043,-69.66751181133692
0.00010682426858396196,42.03607724066665,168.1443089626666,-829.6062632314671,-52.123371732227525
0.00010699682694116542,42.066706069643224,168.2668242785729,-951.0057743743713,-32.14508390219084
0.00010705597203653522,42.06103422003271,168.24413688013084,-979.1388715265098,-24.91491666673573
0.00010705597203653608,42.06103422003256,168.24413688013024,-979.1388715268694,-24.91491666662914
0.00010722853039373955,42.032012091622015,168.12804836648806,-1049.5468533765645,-24.034988441448526
0.00010762881182637973,41.964767147541686,167.85906859016674,-1201.4626165540114,-21.444814151681776
0.0001081563904052106,41.87630156612393,167.5052062644957,-1370.8621459966696,-16.994830067016736
0.00010852159104092302,41.815173123335505,167.26069249334202,-1463.2013113739717,-13.342175596682317
0.00010852159104092389,41.815173123335356,167.26069249334142,-1463.201311374164,-13.3421755966732
0.0001085215910409248,41.81517312333519,167.26069249334077,-1463.201311374371,-13.342175596663303
0.00010880232687876296,41.76999775946331,167.07999103785323,-1517.074003678274,-9.552839036040451
0.0001090830627166011,41.73211687341566,166.92846749366265,-1550.0955438902713,-4.487516871173559
0.00010930772744767195,41.71074176427686,166.84296705710744,-1558.5010698754118,-2.1316282072803006e-14
0.00010930772744767282,41.71074176427679,166.84296705710716,-1558.5010698754113,1.7417622899529306e-11
0.00010958846328551097,41.696430371907205,166.78572148762882,-1545.5073674493524,5.511318466525043
0.00010986919912334912,41.693671595249654,166.77468638099862,-1508.4454083104417,10.22802550728768
0.00010999999999999984,41.69474332721027,166.77897330884107,-1484.228662903506,11.97668699646449
0.00011000000000000071,41.694743327210276,166.7789733088411,-1484.2286629033345,11.976686996474847
0.00011000000000000193,41.6947433272103,166.7789733088412,-1484.2286629030878,11.976686996489661
0.00011015000801854127,41.722410957147524,166.8896438285901,-1428.6174445266176,32.403843636463364
0.00011030001603708061,41.799665892253905,167.19866356901562,-1323.8024564102159,51.27131413050044
0.00011045002405561995,41.92132708682375,167.685308347295,-1174.6140119183267,67.84229664428246
0.00011060003207415929,42.08011209192276,168.32044836769103,-987.5988025657925,81.48280285870445
0.00011075004009269863,42.267148927725614,169.06859571090246,-770.7322909428161,91.68566208794992
0.00011090004811123797,42.47237843945428,169.88951375781713,-533.0777598771866,98.08913544216315
0.00011105005612977731,42.68497571923913,170.7399028769565,-284.40634695197303,100.48945847995824
0.00011120006414831666,42.89379711530561,171.57518846122244,-34.7938619685857,98.8468488461564
0.000111350072166856,43.087833862360334,172.35133544944134,205.78905787629785,93.28482896127657
0.00011150008018539534,43.256653995020166,173.02661598008066,427.87686325907305,84.08298389642222
0.00011165008820393468,43.39081491631082,173.5632596652433,622.883116875899,71.66353720961595
0.00011180009622247402,43.482230419995936,173.92892167998374,783.433929016473,56.57237107257134
0.00011195010424101336,43.524478024191936,174.09791209676774,903.647945343369,39.455331971763634
0.00011206341657096539,43.521077042139645,174.08430816855858,965.1062044376893,25.617757345787496
0.00011206341657096625,43.521077042139495,174.08430816855798,965.1062044380586,25.617757345679685
0.0001122134245895056,43.494970688083974,173.9798827523359,1028.2497615177888,24.88429851561036
0.00011261913226626066,43.424442678046425,173.6977707121857,1188.150060161778,22.34379711419249
0.00011315567747428239,43.331345785503714,173.32538314201486,1368.3881796536757,17.86845136082198
0.00011364022350246922,43.24744287496309,172.98977149985237,1492.9409021075398,12.934777020687761
0.00011364022350247009,43.247442874962935,172.98977149985174,1492.9409021077263,12.934777020678307
0.00011364022350247096,43.24744287496278,172.98977149985112,1492.940902107915,12.934777020668673
0.00011392190287033913,43.20045257897541,172.80181031590163,1544.8685418877226,9.059051360114642
0.0001142035822382073,43.16053261220454,172.64213044881816,1575.6032946053137,3.965252579420362
0.00011440387017486037,43.13932706400042,172.55730825600168,1582.221915569695,2.637889906509372e-13
0.00011440387017486124,43.139327064000355,172.55730825600142,1582.221915569695,-1.6937562463681388e-11
0.00011468554954272941,43.12067576003797,172.48270304015188,1569.2879476555051,-5.467778397077969
0.00011496722891059759,43.11284581650978,172.45138326603913,1532.3944222755522,-10.147353938091307
0.00011500000000000056,43.1124569440749,172.4498277762996,1526.672939936103,-10.61505641067446
0.00011500000000000143,43.112456944074886,172.44982777629954,1526.6729399359488,-10.615056410686535
0.0001150000000000027,43.11245694407487,172.4498277762995,1526.6729399357203,-10.61505641070437
0.00011514947524621808,43.136693136460316,172.54677254584126,1474.3700778467344,-31.27276287343583
0.00011529895049243345,43.21090728713894,172.84362914855575,1372.3977188763452,-50.42337041578682
0.00011544842573864883,43.33008317617897,173.32033270471587,1225.4462131545747,-67.32328536976812
0.0001155979009848642,43.48707782492117,173.9483112996847,1039.93610619722,-81.32933524604056
0.00011574737623107958,43.67313513519941,174.69254054079764,823.7372853346219,-91.92297080503869
0.00011589685147729495,43.87828200141426,175.51312800565705,585.8342871258475,-98.72922717404184
0.00011604632672351033,44.09174379354622,176.3669751741849,335.95172274220073,-101.52972568033724
0.0001161958019697257,44.30238675923805,177.2095470369522,84.15530514813287,-100.26923503411017
0.00011634527721594108,44.499168656595025,177.9966746263801,-159.55523412770364,-95.05561990017256
0.00011649475246215645,44.67157950595833,178.6863180238333,-385.6449532797399,-86.15327045278786
0.00011664422770837183,44.81005497799712,179.24021991198848,-585.4184058752857,-73.97036583830196
0.0001167937029545872,44.90634627184261,179.62538508737043,-751.3555988430395,-59.04056607075104
0.00011694317820080258,44.95383229986119,179.81532919944476,-877.3963095028076,-41.999941375299485
0.00011707246348839958,44.95189891091563,179.80759564366252,-950.8132158416728,-26.1068160226932
0.00011707246348840044,44.951898910915475,179.8075956436619,-950.8132158420495,-26.10681602258417
0.00011722193873461582,44.925030011348085,179.70012004539234,-1014.9852541566272,-25.400837384679065
0.00011763482289588798,44.85089560472491,179.40358241889965,-1181.2998644142504,-22.86549902325168
0.00011817677741584124,44.75377220037748,179.01508880150993,-1367.9889144594704,-18.368166395793963
0.00011871873193579451,44.65685911414177,178.62743645656707,-1509.0623376023273,-12.79164212954507
0.00011878128890450323,44.645686100046035,178.58274440018414,-1522.0636023489635,-12.088882450994598
0.00011878128890450409,44.645686100045864,178.58274440018346,-1522.063602349138,-12.088882450984803
0.00011878128890450496,44.6456861000457,178.5827444001828,-1522.0636023493146,-12.088882450974861
0.00011906627773406558,44.59646130048889,178.38584520195556,-1570.345505691399,-8.120934828002063
0.0001193512665636262,44.55394795780773,178.21579183123092,-1596.9839638205647,-3.035987512013198
0.00011950921069708295,44.535055581148896,178.14022232459558,-1600.9798752264303,-1.658850834473924e-11
0.00011950921069708381,44.53505558114882,178.14022232459527,-1600.9798752264305,1.021405182655144e-14
0.00011979419952664443,44.510225373816084,178.04090149526434,-1588.1879276493423,5.3446833222354355
0.00012000000000000059,44.49860331067592,177.99441324270367,-1563.980209547566,8.759590965730272
0.00012000000000000145,44.498603310675875,177.9944132427035,-1563.9802095474406,8.759590965743367
0.00012000000000000278,44.498603310675826,177.9944132427033,-1563.9802095472437,8.759590965763827
0.0001201496003289324,44.51798166094311,178.07192664377243,-1515.938194317723,29.680847864808065
0.00012029920065786202,44.58803060900598,178.35212243602393,-1417.4535426161776,49.153505993544286
0.00012044880098679165,44.70388478654704,178.81553914618817,-1273.0931395539517,66.41901865500638
0.00012059840131572127,44.858492758401866,179.43397103360746,-1089.194536652769,80.81791912017654
0.00012074800164465089,45.043141428161725,180.1725657126469,-873.5873723374856,91.81469946194842
0.00012089760197358051,45.24785288248816,180.99141152995264,-635.2591589463241,99.01749077966403
0.00012104720230251013,45.46180138960261,181.84720555841045,-383.9793823286644,102.19176438168888
0.00012119680263143976,45.673759229893776,182.6950369195751,-129.8974991462488,101.26754185324043
0.00012134640296036938,45.87255244464686,183.49020977858743,116.8687086211406,96.33991646288229
0.000121496003289299,46.04750813380485,184.1900325352194,346.63780563372245,87.66295769663026
0.00012164560361822862,46.18887550906307,184.75550203625227,550.5462947633066,75.63733469194685
0.00012179520394715824,46.28820420651632,185.15281682606528,720.892168815449,60.792241191604006
0.00012194480427608786,46.33866530305072,185.35466121220287,851.4271934169212,43.76242473617506
0.00012208320128660323,46.33753581366219,185.35014325464877,932.740117176359,26.682441539043236
0.00012208320128660497,46.33753581366187,185.3501432546475,932.7401171771296,26.682441538823632
0.0001222328016155346,46.30981551286108,185.2392620514443,998.4396718786356,26.00717734702087
0.00012265403118269565,46.23185261521342,184.92741046085368,1172.436570030795,23.485216160312678
0.00012320303652647657,46.130437728990835,184.52175091596334,1367.1284516345975,18.960920409952706
0.00012375204187025748,46.02924530798575,184.116981231943,1515.0672960991221,13.29349768700264
0.00012392308509375627,45.997764054567945,183.99105621827178,1550.2107983681055,11.340771383302489
0.000123923085093758,45.99776405456763,183.99105621827053,1550.2107983684325,11.340771383282402
0.00012392308509375974,45.99776405456731,183.99105621826925,1550.2107983687636,11.340771383261913
0.00012421058782621024,45.94646219433489,183.78584877733957,1595.1169414885878,7.290075050590513
0.00012449809055866074,45.9014969650811,183.6059878603244,1618.0217855441317,2.219314333291754
0.00012461633668569563,45.88589237425078,183.54356949700312,1620.2058033055146,3.8191672047105385e-14
0.00012461633668569736,45.88589237425057,183.54356949700227,1620.205803305515,-3.228350919926015e-11
0.00012490383941814786,45.85557722096314,183.42230888385257,1607.5547594814602,-5.239519456958153
0.00012499999999999897,45.847698000471865,183.39079200188746,1597.825674704468,-6.864577097281544
0.0001250000000000007,45.84769800047174,183.39079200188695,1597.825674704271,-6.864577097309679
0.00012500000000000244,45.84769800047161,183.39079200188644,1597.8256747040693,-6.864577097338303
0.00012514922098199764,45.862513195378504,183.45005278151402,1554.4398951187725,-27.935933211996876
0.00012529844196399283,45.928249327686046,183.71299731074419,1460.272991047935,-47.63314321821381
0.00012544766294598803,46.04026283474791,184.16105133899163,1319.7023839388648,-65.1915369201258
0.00012559688392798323,46.191695810558045,184.76678324223218,1138.8907358379292,-79.94245354115469
0.00012574610490997842,46.37400258011457,185.49601032045828,925.5154303320224,-91.33836505941412
0.00012589532589197362,46.57733922674244,186.30935690696975,688.4417353906755,-98.97296975067175
0.0001260445468739688,46.79097365117529,187.16389460470117,437.35320334539693,-102.59542807141437
0.000126193767855964,47.00372603095942,188.01490412383768,182.35457876861176,-102.11820688934262
0.0001263429888379592,47.20442102891782,188.81768411567128,-66.43658426570536,-97.61830913311209
0.0001264922098199544,47.38233358965303,189.52933435861212,-299.29316940728506,-89.3319312810262
0.0001266414308019496,47.527610651520405,190.11044260608162,-507.26061525504934,-77.64285239119135
0.0001267906517839448,47.63165230581048,190.52660922324193,-682.5029710332398,-63.06510391350288
0.00012693987276594,47.68743777815923,190.74975111263691,-818.5996022867337,-46.22068978630638
0.00012708909374793518,47.689784007679826,190.7591360307193,-910.781407982327,-27.813312880884908
0.00012709508974031197,47.68873594660719,190.75494378642875,-913.5252413910164,-27.047994698389974
0.0001270950897403137,47.68873594660686,190.75494378642745,-913.5252413917991,-27.047994698168473
0.0001272443107223089,47.66027964354663,190.64111857418652,-980.0118980815699,-26.4084812795235
0.0001276749903371782,47.57824469852026,190.31297879408103,-1160.8879985046901,-23.908229253705368
0.0001282301715522269,47.47270358315772,189.89081433263087,-1361.7330137279475,-19.389728882382922
0.0001287853527672756,47.36739658586957,189.46958634347828,-1515.1075193999268,-13.675867350325403
0.00012910188610536124,47.30746098082478,189.22984392329911,-1577.596152378182,-10.013935617341666
0.00012910188610536298,47.30746098082445,189.2298439232978,-1577.59615237847,-10.013935617321055
0.0001291018861053647,47.30746098082412,189.22984392329647,-1577.5961523787626,-10.013935617299985
0.00012939478983390213,47.253053198281464,189.01221279312585,-1616.628231997119,-5.878473031716185
0.00012968769356243954,47.2047375861157,188.8189503444628,-1633.2391923691252,-0.8913021004908299
0.0001297376100158965,47.197377454181705,188.78950981672682,-1633.5969276837477,-3.062794462493912e-11
0.00012973761001589822,47.19737745418145,188.7895098167258,-1633.5969276837477,1.6431300764452317e-13
0.0001300000000000008,47.16291041306826,188.65164165227304,-1623.643427623698,4.529816222749363
0.00013000000000000254,47.16291041306806,188.65164165227225,-1623.6434276235675,4.5298162227780825
0.00013000000000000427,47.162910413067856,188.65164165227142,-1623.6434276234345,4.529816222807237
0.00013014776899001172,47.17153137181184,188.68612548724735,-1586.5650821698925,25.501168372427664
0.00013029553798001917,47.230376251218445,188.92150500487378,-1499.2991937213985,45.21890767336238
0.00013044330697002663,47.33520415968544,189.34081663874176,-1365.8677954486243,62.93073744751112
0.00013059107596003408,47.47959465207841,189.91837860831365,-1192.0389199267022,77.97331090793713
0.00013073884495004153,47.65545903190198,190.6218361276079,-985.0769462971183,89.79670655897019
0.00013088661394004898,47.853405091208145,191.41362036483258,-753.4382201918548,97.98431840189339
0.00013103438293005643,48.06312188198968,192.25248752795872,-506.4243076446449,102.26731114111453
0.00013118215192006388,48.273795800749504,193.09518320299802,-253.80696747329128,102.53310196087915
0.00013132992091007133,48.47454061861343,193.89816247445373,-5.439885172800489,98.82762044372069
0.00013147768990007879,48.65482447937027,194.61929791748108,229.12747847037454,91.35134347466388
0.00013162545889008624,48.80487722092301,195.21950888369204,441.0188636412144,80.44934530084774
0.0001317732278800937,48.91606237285966,195.66424949143865,622.3688295693701,66.59583349262046
0.00013192099687010114,48.981199777394146,195.92479910957658,766.6162508898183,50.37385057752283
0.0001320687658601086,48.99482690277951,195.97930761111803,868.7428276275177,32.45100071919019
0.00013210837232815922,48.98935698623696,195.95742794494785,888.5183418634053,27.43801858360557
0.00013210837232816095,48.98935698623662,195.9574279449465,888.518341864198,27.43801858338516
0.0001322561413181684,48.96040895507872,195.84163582031488,955.3809541145241,26.84919506243384
0.00013269898848676723,48.87375737306119,195.49502949224475,1144.7864039223869,24.38781589659004
0.00013325237550994588,48.76569244941354,195.06276979765417,1349.9155888430796,19.97772235580334
0.00013380576253312453,48.657866468469514,194.63146587387806,1508.5982696321735,14.343571922081026
0.00013430559337684637,48.56068068895748,194.24272275582993,1603.8510094501637,8.49219579659855
0.0001343055933768481,48.56068068895714,194.24272275582857,1603.8510094504086,8.492195796577324
0.00013430559337684983,48.5606806889568,194.2427227558272,1603.8510094506566,8.492195796555697
0.00013460462859277145,48.503495684875205,194.01398273950082,1635.894846700979,4.284897685976347
0.00013486925254966128,48.45710226105014,193.82840904420055,1645.3637832297748,2.8595348311455382e-11
0.000134869252549663,48.457102261049855,193.82840904419942,1645.3637832297745,-1.1324274851176597e-14
0.0001349999999999992,48.43619306255526,193.74477225022105,1643.0094229179235,-2.1558877185866465
0.00013500000000000092,48.436193062555,193.74477225022,1643.0094229178621,-2.155887718614682
0.00013500000000000266,48.43619306255473,193.74477225021892,1643.0094229177994,-2.1558877186431156
0.00013513074745033883,48.43620670656289,193.74482682625157,1617.9722057998827,-20.77089589114455
0.000135261494900675,48.47612318780768,193.90449275123072,1553.2337036868466,-38.54654058185376
0.0001353922423510112,48.553208974798565,194.21283589919426,1451.2085237170138,-54.94903796768344
0.00013552298980134736,48.663516637481266,194.65406654992506,1315.4230098754201,-69.49312093025367
0.00013568591873719507,48.839425182807446,195.35770073122978,1106.0484848864737,-84.37584450966261
0.00013584884767304278,49.047193617025094,196.18877446810038,861.8754712836006,-95.07710306946511
0.0001360117766088905,49.27351358803869,197.09405435215476,594.8849512534018,-101.15453149920123
0.0001361747055447382,49.504156810373246,198.01662724149298,317.954019634316,-102.39149611188327
0.0001363376344805859,49.72462546763158,198.89850187052633,44.23212308784442,-98.80406528612913
0.0001365005634164336,49.92084568234253,199.68338272937012,-213.48632622638314,-90.63674118198259
0.00013666349235228132,50.07982925925527,200.31931703702108,-443.36305690685685,-78.34742970474075
0.00013682642128812902,50.190274068934905,200.76109627573962,-635.0626690213894,-62.58252100589036
0.00013698935022397673,50.24307549728449,200.97230198913795,-780.2198919998153,-44.14341074978337
0.00013712351359214153,50.238603115639236,200.95441246255695,-860.4668895173295,-27.598486732841405
0.00013712351359214327,50.238603115638895,200.95441246255558,-860.4668895181255,-27.59848673262227
0.00013728644252799098,50.20587227909711,200.82348911638843,-934.6119568763281,-26.997854806371915
0.00013774562804242844,50.11374116384687,200.45496465538747,-1132.1795603467742,-24.538922428033274
0.00013829953487661835,50.0028305391423,200.0113221565692,-1339.2457163024987,-20.203235343700715
0.00013885344171080826,49.892165379381815,199.56866151752726,-1500.4347977761665,-14.627199267596922
0.00013940734854499818,49.781745141307816,199.12698056523126,-1605.8660161110263,-8.156426445664803
0.00013960688651423175,49.742027520248975,198.9681100809959,-1628.8765573105554,-5.675618320657977
0.0001396068865142335,49.74202752024863,198.9681100809945,-1628.876557310719,-5.675618320636271
0.00013960688651423522,49.742027520248286,198.96811008099314,-1628.8765573108844,-5.675618320614111
0.000139920411248454,49.68029470020202,198.72117880080808,-1647.4659570963845,-1.391832068492645
0.0001399999999999991,49.665092041244705,198.66036816497882,-1648.5294237743294,-0.22419591041224923
0.00014000000000000083,49.665092041244385,198.66036816497754,-1648.5294237743362,-0.22419591038695974
0.00014000000000000256,49.665092041244066,198.66036816497626,-1648.529423774342,-0.2241959103611753
0.00014000156634829457,49.664799412110916,198.65919764844367,-1648.5308787261201,-1.4667367320697622e-10
0.0001400015663482963,49.6647994121106,198.6591976484424,-1648.5308787261188,1.0158052177189347e-10
0.00014000313269658832,49.66451188818477,198.65804755273908,-1648.527962103465,0.2234437128293515
0.00014001096443804837,49.663162075341724,198.6526483013669,-1648.4259082565707,1.3401805717086277
0.00014005012314534862,49.65860255858542,198.6344102343417,-1645.7336226413115,6.907530284365249
0.00014019345142893575,49.67250081229463,198.69000324917852,-1605.348142118201,26.824863975620126
0.0001403367797125229,49.73228925628312,198.92915702513247,-1518.772624637579,45.51979481627812
0.00014048010799611003,49.83401775701927,199.33607102807707,-1389.7349876630399,62.32193115625476
0.00014062343627969717,49.97185622170179,199.88742488680717,-1223.472789475393,76.6396183970239
0.0001407667645632843,50.13853047500659,200.55412190002636,-1026.5202445076993,87.98048214914567
0.00014094007945313907,50.36585288809696,201.46341155238784,-758.4412696164493,97.18738932534959
0.00014111339434299384,50.60645478461826,202.42581913847303,-471.3933101237758,101.0933234863064
0.0001412867092328486,50.843176340194304,203.37270536077722,-180.90144498414867,99.57623212865408
0.00014146002412270336,51.05899978878975,204.235999155159,97.57977713480413,92.80637609576738
0.00014163333901255813,51.237936357051,204.951745428204,349.4927902821198,81.23260088376594
0.0001418066539024129,51.36586831780501,205.46347327122004,561.9422761393639,65.55383796012914
0.00014197996879226766,51.4312766243875,205.72510649755,724.3591550125578,46.6776697613741
0.00014213743368413268,51.42941667871185,205.7176667148474,821.9933387367471,27.65057374701598
0.00014213743368413442,51.42941667871149,205.71766671484596,821.993338737545,27.650573746799708
0.00014231074857398918,51.39377483513271,205.57509934053084,901.07228996121,27.087728661187654
0.00014279613173628683,51.29408829762669,205.17635319050677,1110.7749708423567,24.65100624657301
0.00014328151489858448,51.19459567222922,204.77838268891688,1295.9824287824579,21.04506208082096
0.00014376689806088212,51.09529602779382,204.3811841111753,1447.924142958126,16.44411617695281
0.00014425228122317977,50.9961889900048,203.9847559600192,1559.424922915823,11.067807916366213
0.0001447376643854774,50.8972741852725,203.58909674109,1625.2382854640762,5.172332875367779
0.0001449999999999993,50.84389346162601,203.37557384650404,1640.6241982843578,1.8655641142432073
0.00014500000000000103,50.84389346162566,203.37557384650265,1640.6241982844115,1.8655641142212747
0.00014500000000000277,50.84389346162531,203.37557384650125,1640.6241982844654,1.865564114199164
0.0001450000000000045,50.84389346162497,203.3755738464999,1640.6241982845177,1.8655641139561507
0.00014501333411274107,50.84132504692331,203.36530018769324,1640.8217413343227,5.395683899678261e-13
0.0001450133341127428,50.841325046923004,203.36530018769201,1640.821741334322,-2.4183743896344367e-10
0.00014502666822547938,50.83923405262653,203.35693621050612,1640.6152045739855,-1.8585134192332906
0.00014509333878916223,50.83494000205886,203.33976000823543,1633.4124675781563,-11.096198476808773
0.00014523812672565477,50.86020748887929,203.44082995551716,1583.0449753232292,-30.554765474405183
0.00014538291466214732,50.93025291295509,203.72101165182036,1487.3129414039927,-48.635179912400815
0.00014552770259863986,51.04065907431328,204.16263629725313,1350.344889848526,-64.6785672326558
0.0001456724905351324,51.185175931354266,204.74070372541706,1177.7584878280686,-78.11147879004626
0.00014585019968047395,51.3972660502307,205.5890642009228,927.6463300449936,-90.34720681897328
0.00014602790882581548,51.63269117785117,206.5307647114047,648.9866465009097,-97.35113236228987
0.00014620561797115702,51.87374030835549,207.49496123342195,357.76783967682655,-98.81753799834038
0.00014638332711649856,52.10230311982293,208.4092124792917,70.4153290901505,-94.75719870156301
0.0001465610362618401,52.30085760051873,209.20343040207493,-197.13970937502137,-85.49168995271924
0.00014673874540718163,52.45344930047045,209.8137972018818,-430.34864184748795,-71.63019216158361
0.00014691645455252317,52.54656502065258,210.18626008261032,-616.8413053249345,-54.03049445410219
0.0001470941636978647,52.569854902753974,210.2794196110159,-747.0862981231749,-33.74664885596906
0.00014714770655777947,52.56215269380685,210.2486107752274,-774.3230241569403,-27.265127122909064
0.0001471477065577812,52.5621526938065,210.248610775226,-774.3230241577276,-27.26512712269794
0.00014732541570312274,52.52480257755005,210.0992103102002,-854.396283917606,-26.790191605235627
0.00014785212639133375,52.41425666768664,209.65702667074655,-1079.607211288649,-24.39643082055961
0.00014837883707954477,52.30394418021175,209.215776720847,-1277.7602820238276,-20.641569510505743
0.00014890554776775578,52.19386385943475,208.775455437739,-1437.819482704163,-15.739081612046864
0.0001494322584559668,52.084015216731224,208.3360608669249,-1550.8973715511172,-9.964147962593485
0.0001499589691441778,51.974397764505106,207.89759105802042,-1610.740903873396,-3.6403062538607838
0.00015000000000000107,51.965868233981176,207.8634729359247,-1613.0556716089227,-3.1318344655291694
0.0001500000000000028,51.965868233980814,207.86347293592326,-1613.0556716090132,-3.1318344655076746
0.00015000000000000454,51.96586823398045,207.8634729359218,-1613.0556716091035,-3.1318344654861283
0.00015000000000000628,51.96586823398008,207.86347293592033,-1613.0556716091921,-3.1318344652520143
0.00015002325517951198,51.96152220111019,207.84608880444077,-1613.6501842974408,-6.354916592954396e-13
0.00015002325517951372,51.961522201109915,207.84608880443966,-1613.6501842974405,2.3247270775073048e-10
0.00015004651035901943,51.95849444341918,207.8339777736767,-1613.0455351861006,3.1193996750189257
0.00015016278625654798,51.96117203001908,207.8446881200763,-1592.0548695855757,18.505230841067473
0.00015031037457243605,52.00596737997175,208.023869519887,-1523.4976070328785,37.11766624737095
0.00015045796288832411,52.09351725952613,208.37406903810452,-1411.140884595245,54.059767984007884
0.00015060555120421218,52.21851735947802,208.87406943791208,-1259.8852751263307,68.69535834550945
0.00015075313952010025,52.373911962067744,209.49564784827098,-1076.0771707706567,80.48690591866333
0.00015093157896440009,52.58971776041267,210.35887104165067,-821.3887652674952,90.35316862352101
0.00015111001840869992,52.820955545548834,211.28382218219534,-545.102365619422,94.98554014161493
0.00015128845785299975,53.05008126269942,212.2003250507977,-263.0818539898373,94.21007056467774
0.0001514668972972996,53.259560128964374,213.0382405158575,8.752544578911728,88.16235259632204
0.00015164533674159942,53.43283440495119,213.73133761980475,255.3281607166324,77.27481178284769
0.00015182377618589926,53.555249212172754,214.22099684869102,463.2609079144049,62.24728580447716
0.0001520022156301991,53.61485424779457,214.45941699117827,621.586667705484,44.00292051412563
0.00015215498479096887,53.609373223266275,214.4374928930651,711.6019288979746,26.651340036189858
0.0001521549847909706,53.609373223265905,214.43749289306362,711.6019288987432,26.65134003598684
0.00015233342423527044,53.571122467381144,214.28448986952458,790.380451618575,26.31221512136704
0.00015286672921111262,53.456964323653615,213.82785729461446,1015.8875295894688,24.304776208317442
0.0001534000341869548,53.34305026085625,213.372201043425,1217.310042113177,20.907349966411523
0.00015393333916279697,53.22937894311311,212.91751577245245,1383.1465124729564,16.317932886005526
0.00015446664413863915,53.11594985314685,212.4637994125874,1503.9533081716352,10.800694655367641
0.00015499994911448133,53.002762474782465,212.01104989912986,1572.8758122109223,4.672555758064627
0.0001549999999999992,53.00275168647259,212.01100674589037,1572.8797780639886,4.671948484763422
0.00015500000000000092,53.00275168647222,212.0110067458889,1572.8797780641241,4.67194848474272
0.00015500000000000266,53.00275168647187,212.01100674588747,1572.8797780642594,4.6719484847220185
0.0001550000000000044,53.002751686471505,212.01100674588602,1572.8797780643931,4.671948484498877
0.00015503642776206215,52.99624674138935,211.9849869655574,1574.2866115029906,1.5791812302268227e-12
0.0001550364277620639,52.99624674138911,211.98498696555643,1574.2866115029906,-2.202251714322756e-10
0.00015507285552412165,52.99271129070476,211.97084516281905,1572.8737632055368,-4.652416735133414
0.0001552213394841204,53.00662719976452,212.0265087990581,1538.305464625509,-23.211687215715422
0.00015536982344411916,53.06398660040034,212.25594640160136,1459.1455880878145,-40.630053494105894
0.00015551830740411792,53.16091576520688,212.64366306082752,1339.05437913874,-56.237316808429384
0.00015566679136411668,53.29160485086098,213.1664194034439,1183.2530634410036,-69.4441600120883
0.000155845890070902,53.48318807229559,213.93275228918236,957.393245894812,-81.49191892297668
0.0001560249887776873,53.69805337027726,214.79221348110903,702.6817060261354,-88.73649929156319
0.0001562040874844726,53.919724373737814,215.67889749495126,433.9890164137408,-90.84606773864462
0.00015638318619125792,54.13120019397282,216.5248007758913,166.73086679583767,-87.78758716886206
0.00015656228489804324,54.31590114990701,217.26360459962805,-84.02166150543879,-79.82386261888021
0.00015674138360482855,54.45861208179846,217.83444832719383,-304.39753793187606,-67.49363189603908
0.00015692048231161386,54.546330926085425,218.1853237043417,-482.49850973700626,-51.57622033833327
0.00015709958101839917,54.568976907375635,218.27590762950254,-609.0463289317339,-33.04303225488624
0.00015716554969794392,54.55955885984128,218.23823543936513,-641.3815153215019,-25.75651811562001
0.00015716554969794565,54.55955885984089,218.23823543936356,-641.381515322245,-25.75651811542692
0.00015734464840473097,54.5204863613481,218.0819454453924,-718.0098860177293,-25.571788437881615
0.0001578872063263441,54.40229152866127,217.6091661146451,-942.7673866449842,-24.01216697173895
0.00015842976424795726,54.284353812112286,217.13741524844914,-1146.9397077389995,-21.0315419995269
0.0001589723221695704,54.16667177054672,216.66668708218688,-1318.4605134371357,-16.809650073719098
0.00015951488009118356,54.04924484969154,216.19697939876616,-1447.2177692861396,-11.598090562468684
0.00016000000000000064,53.944464927983866,215.77785971193546,-1519.8809783268541,-6.353153317553232
0.00016000000000000237,53.94446492798349,215.77785971193396,-1519.8809783270374,-6.35315331753379
0.00016000000000000416,53.9444649279831,215.7778597119324,-1519.880978327227,-6.35315331751359
0.0001600000000000059,53.94446492798272,215.7778597119309,-1519.8809783274096,-6.353153317303473
0.0001600526418655688,53.93557304516508,215.74229218066031,-1522.6605313329715,-7.371880883511039e-13
0.00016005264186557053,53.93557304516487,215.7422921806595,-1522.660531332972,2.078408556371869e-10
0.00016010528373113344,53.932363701784894,215.72945480713958,-1519.8844790856228,6.324195362893207
0.00016025693996830933,53.952824489663335,215.81129795865334,-1481.3608205379403,24.079241742379402
0.00016040859620548522,54.015117993977206,216.06047197590883,-1399.4124036037201,40.62525592498757
0.00016056025244266112,54.11508800328702,216.46035201314808,-1277.9403598035797,55.30002082471725
0.000160711908679837,54.246652455888814,216.98660982355526,-1122.4130087495594,67.52776422045534
0.00016089834906818913,54.439868795189795,217.75947518075918,-894.857895022159,78.52324882524768
0.00016108478945654124,54.65290401261258,218.61161605045032,-640.8319016285989,84.5294968802077
0.00016127122984489336,54.868053371902796,219.47221348761119,-376.3212691851674,85.26393856013213
0.00016145767023324547,55.06729766488549,220.26919065954195,-117.6763243579552,80.77480840079028
0.0001616441106215976,55.23338368102172,220.93353472408688,119.4058924804615,71.43258469154446
0.0001618305510099497,55.35088169440546,221.40352677762183,320.8412351720304,57.901530961259965
0.00016201699139830182,55.40711057935059,221.62844231740235,475.00179482032235,41.09355820991953
0.0001621788210033545,55.39902831177832,221.5961132471133,563.8073052606594,24.698604454159963
0.00016217882100335625,55.39902831177793,221.59611324711173,563.8073052613714,24.698604453978234
0.00016236526139170836,55.3577288926691,221.4309155706764,640.5523751853092,24.68250552552859
0.000162919568351816,55.235122833516066,220.94049133406426,864.290090080071,23.629592320561578
0.00016347387531192364,55.1127885034766,220.4511540139064,1071.4953910640197,21.108656498150008
0.00016402818227203127,54.99072608414955,219.9629043365982,1249.307392975106,17.284541237316247
0.0001645824892321389,54.868934005602135,219.47573602240854,1386.7718619049929,12.39789970258255
0.00016499999999999883,54.77737683411296,219.10950733645183,1458.4558155630516,8.197478870401216
0.00016500000000000057,54.77737683411259,219.10950733645035,1458.4558155632876,8.197478870383103
0.0001650000000000024,54.77737683411218,219.10950733644873,1458.45581556354,8.197478870363666
0.00016500000000000415,54.7773768341118,219.1095073364472,1458.4558155637762,8.197478870167766
0.00016507287007132138,54.76588068929949,219.06352275719797,1463.431146797201,1.9243540094748823e-10
0.00016507287007132312,54.76588068929934,219.06352275719735,1463.431146797202,-1.9406698470447736e-12
0.00016514574014264035,54.76430118115049,219.05720472460197,1458.4742019933508,-8.154779564644835
0.00016530119071407845,54.792165384618286,219.16866153847315,1415.4012425011697,-25.00918457099775
0.00016545664128551655,54.859996145241226,219.4399845809649,1330.2576630284045,-40.572461141143464
0.00016561209185695465,54.963289293446344,219.85315717378538,1207.2424927125508,-54.19254238892064
0.00016576754242839274,55.09563003854527,220.3825201541811,1052.1258685535372,-65.31080226357926
0.00016595885049835058,55.286022552530184,221.14409021012074,827.9170289803487,-74.91260108588327
0.0001661501585683084,55.49148473705546,221.96593894822183,580.9923866397027,-79.52944245077637
0.00016634146663826625,55.694006978764335,222.77602791505734,327.6265465723318,-78.9522297690693
0.00016653277470822408,55.87553296490247,223.50213185960988,84.21555692025701,-73.31342770755245
0.00016672408277818192,56.019098369552225,224.0763934782089,-133.79199403091792,-63.07252515050234
0.00016691539084813975,56.10991929501239,224.43967718004956,-312.8835093071411,-48.98036444265429
0.0001671066989180976,56.13631828003945,224.5452731201578,-442.32749477478393,-32.025142726216146
0.00016719566706968392,56.12437304947727,224.49749219790908,-483.4762728541844,-23.46904823427456
0.00016719566706968565,56.12437304947689,224.49749219790755,-483.47627285486067,-23.469048234105657
0.00016738697513964348,56.081440907068384,224.32576362827353,-558.605600406254,-23.641759636037246
0.00016795593960272596,55.95395115411955,223.8158046164782,-780.9993825539,-23.136655735463712
0.00016852490406580844,55.82675142998697,223.30700571994788,-991.4106249836863,-21.116953242918548
0.0001690938685288909,55.69984194312084,222.79936777248335,-1176.0815215017265,-17.72425625221715
0.0001696628329919734,55.573220956255945,222.29288382502378,-1323.0270914167388,-13.18339901037345
0.0001700000000000007,55.49832149227026,221.99328596908103,-1388.3540458548243,-10.066887199432117
0.00017000000000000242,55.498321492269866,221.99328596907947,-1388.354045855114,-10.06688719941549
0.00017000000000000432,55.49832149226945,221.9932859690778,-1388.3540458554337,-10.066887199397096
0.00017000000000000606,55.49832149226906,221.99328596907625,-1388.3540458557243,-10.06688719921664
0.00017009708908089145,55.48411038724514,221.93644154898055,-1396.4988571557415,-1.7857715306490718e-10
0.00017009708908089318,55.484110387245025,221.9364415489801,-1396.498857155742,6.874500968478969e-13
0.00017019417816177857,55.48576180748617,221.94304722994468,-1388.3925143118183,10.003847046984799
0.00017035420323353116,55.52121324642803,222.08485298571213,-1340.4471045911798,25.855086928385923
0.00017051422830528375,55.59446890652128,222.3778756260851,-1251.9942516515107,40.321748155727356
0.00017067425337703634,55.700610215503964,222.80244086201586,-1127.5898851752092,52.76440824204412
0.00017083427844878893,55.83282759652502,223.33131038610009,-973.3620509801411,62.645767563519655
0.00017102859337944648,56.015846192363384,224.06338476945353,-756.9203214700453,70.61568770211503
0.00017122290831010403,56.208370356919424,224.8334814276777,-522.4369580765624,73.76506657766538
0.00017141722324076159,56.39287519666549,225.57150078666197,-285.76711031142594,71.97250474199731
0.00017161153817141914,56.5520781172602,226.2083124690408,-62.617224607177704,65.45029181196121
0.0001718058531020767,56.67006594071058,226.68026376284232,132.50607101923524,54.72427211347184
0.00017200016803273424,56.733341872786994,226.93336749114798,287.2478583114175,40.592941490296376
0.0001721944829633918,56.73169053944713,226.92676215778852,392.19538355276615,24.06898276661694
0.0001722153169922491,56.72739608348948,226.90958433395792,400.2371790669423,22.189857606115186
0.00017221531699225084,56.7273960834891,226.9095843339564,400.2371790675843,22.18985760595847
0.0001724096319229084,56.683320882312486,226.73328352924995,472.73258634879545,22.56553857984522
0.00017290608423465388,56.57086941653554,226.28347766614215,660.5870195300225,22.74728393239979
0.00017340253654639937,56.458641038114074,225.8345641524563,845.266937512709,21.80016632888399
0.00017389898885814486,56.34663541779468,225.38654167117872,1017.5955415707099,19.76559512757943
0.00017449539099341287,56.2123743592592,224.8494974370368,1196.1004334876634,16.04209938054662
0.00017500000000000062,56.09902746498386,224.39610985993545,1314.108240462368,11.988983452456837
0.00017500000000000236,56.09902746498348,224.39610985993392,1314.1082404627132,11.988983452441738
0.0001750000000000043,56.09902746498304,224.39610985993215,1314.1082404631047,11.988983452424572
0.00017500000000000604,56.09902746498264,224.39610985993056,1314.108240463451,11.98898345225992
0.0001751264690182729,56.08199611960192,224.32798447840767,1326.743024490741,1.6348344900052325e-10
0.00017512646901827463,56.081996119601854,224.32798447840742,1326.7430244907414,-7.407408020299044e-13
0.0001752529380365415,56.08900278915921,224.35601115663684,1314.1788845558744,-11.893656037429848
0.00017541825372689412,56.13240462113462,224.52961848453847,1260.8917981441668,-26.682403358810273
0.00017558356941724674,56.2111864267441,224.8447457069764,1168.8367399371446,-39.977774028662985
0.00017574888510759937,56.31993510091758,225.27974040367033,1042.999483985513,-51.15615266170945
0.000175914200797952,56.45137334332291,225.80549337329165,889.9316726435792,-59.70674632975215
0.00017607951648830462,56.59686984447521,226.38747937790083,717.4071708743436,-65.25480091711592
0.00017624483217865724,56.74689762210083,226.98759048840333,534.024086590952,-67.57777590721365
0.00017641014786900987,56.891513100378035,227.56605240151214,348.77269516288663,-66.61387423895147
0.0001765754635593625,57.02084867654028,228.08339470616113,170.59083926519875,-62.46259831805539
0.00017674077924971512,57.12559407410582,228.50237629642328,7.928688264553816,-55.37742785067667
0.00017690609494006775,57.197443182122576,228.7897727284903,-131.65605094201624,-45.75109722540306
0.00017707141063042037,57.22948510676782,228.91794042707127,-241.8531880261094,-34.09430394962088
0.000177236726320773,57.21652120926169,228.86608483704677,-317.88880616205915,-21.008987421323003
0.0001772386305330428,57.2161028696497,228.8644114785988,-318.55401268078435,-20.851496405246486
0.00017723863053304453,57.21610286964932,228.86441147859728,-318.55401268138803,-20.85149640510299
0.00017740394622339716,57.17828024269776,228.71312097079104,-376.70646820627667,-21.35061012246124
0.00017784787720772328,57.07683691117278,228.3073476446911,-537.7386222448904,-22.105329806086537
0.0001784369380087475,56.94250658372174,227.77002633488695,-753.6807549349684,-21.758257860461335
0.0001790259988097717,56.80848249377886,227.23392997511544,-959.0221554446068,-19.945041286356616
0.00017961505961079592,56.674773852834676,226.6990954113387,-1139.9281416122908,-16.7884328191315
0.0001799999999999992,56.587574904233264,226.35029961693306,-1238.795975297388,-14.006391308708178
0.00018000000000000093,56.58757490423287,226.3502996169315,-1238.7959752977922,-14.006391308694628
0.0001800000000000029,56.587574904232426,226.3502996169297,-1238.7959752982554,-14.006391308679088
0.00018000000000000465,56.58757490423203,226.3502996169281,-1238.7959752986617,-14.00639130866547
0.00018000000000000662,56.58757490423158,226.35029961692632,-1238.7959752991235,-14.006391308496383
0.0001800000000000086,56.58757490423113,226.35029961692453,-1238.7959752995853,-14.006391308327299
0.0001800000000000185,56.587574904228894,226.35029961691558,-1238.7959753018947,-14.00639130748187
0.00018000000000006796,56.587574904217696,226.35029961687079,-1238.795975313442,-14.00639130325472
0.0001800000000003153,56.58757490416172,226.35029961664688,-1238.7959753711796,-14.006391282118972
0.00018000000000155197,56.5875749038818,226.3502996155272,-1238.7959756598673,-14.006391176440246
0.0001800000000077353,56.5875749024822,226.3502996099288,-1238.7959771033054,-14.006390648046601
0.000180000000038652,56.5875748954842,226.3502995819368,-1238.7959843204949,-14.006388006078357
0.00018000000019323552,56.58757486049419,226.35029944197677,-1238.7960204064223,-14.006374796236843
0.00018000000096615309,56.58757468554465,226.3502987421786,-1238.7962008355485,-14.006308747022027
0.0001800000048307409,56.58757381080867,226.35029524323468,-1238.7971029684165,-14.005978500766577
0.00018000002415368002,56.58756943742136,226.35027774968543,-1238.8016133136894,-14.004327264955311
0.00018000012076837556,56.58754757779974,226.35019031119896,-1238.8241570632931,-13.99607097258767
0.0001800006038418533,56.58743846257676,226.34975385030705,-1238.9366763816956,-13.95478668287195
0.00018000301920924195,56.586897459971276,226.3475898398851,-1239.4942859193025,-13.748295150577803
0.00018001509604618522,56.58430695084801,226.33722780339204,-1242.157499267877,-12.714162107074843
0.0001800754802309016,56.57423365278777,226.29693461115107,-1252.3368891181358,-7.511227808372892
0.00018016220196191408,56.56819053752452,226.2727621500981,-1257.7647540863284,-4.707345624410664e-13
0.00018016220196191582,56.568190537524494,226.27276215009798,-1257.7647540863288,1.4925660707376665e-10
0.00018032440392382328,56.58341876725268,226.33367506901072,-1239.0033103207365,13.831405123841662
0.00018048660588573074,56.63154900710054,226.52619602840215,-1183.8959381359375,26.836029795889598
0.0001806488078476382,56.70936593471786,226.83746373887143,-1095.491955561038,38.41711277046884
0.00018081100980954566,56.81179774444997,227.24719097779987,-978.3540459646489,48.053940591780915
0.00018101733040797174,56.96672475040076,227.86689900160303,-797.3754280126009,56.84476553764519
0.00018122365100639782,57.13493568378841,228.53974273515365,-593.6673836700135,61.240309100155216
0.0001814299716048239,57.29916770625271,229.19667082501084,-382.81567955852205,60.9966192390268
0.00018163629220324998,57.442009181411336,229.76803672564535,-180.63446907498988,56.22448922225175
0.00018184261280167606,57.54716741884173,230.18866967536692,-1.9682206884667757,47.37449352260218
0.00018204893340010214,57.60068289595635,230.4027315838254,140.41057265002092,35.19651116222438
0.00018225525399852822,57.59194232590305,230.3677693036122,236.72630363981514,20.677423240711853
0.00018227103627974694,57.58852545017408,230.35410180069633,242.01774382837144,19.492538591120372
0.00018227103627974867,57.58852545017368,230.3541018006947,242.0177438289356,19.492538590989977
0.00018247735687817475,57.54101775908655,230.1640710363462,310.44907592956895,20.294235721639783
0.00018288764952508534,57.44666014911831,229.78664059647323,453.107408894023,21.369510951070897
0.00018348147705933416,57.31036664451747,229.2414665780699,666.5838909112797,21.64300901751398
0.00018407530459358298,57.17439675536445,228.6975870214578,875.1398979315123,20.37313057498199
0.0001846691321278318,57.03875074210714,228.15500296842856,1063.9271435968658,17.661574596215964
0.00018499999999999913,56.963311329063124,227.8532453162525,1155.6146704610576,15.591442520748204
0.00018500000000000086,56.963311329062726,227.8532453162509,1155.6146704615053,15.59144252073646
0.00018500000000000292,56.96331132906225,227.853245316249,1155.6146704620433,15.591442520722325
0.00018500000000000466,56.96331132906185,227.8532453162474,1155.6146704624948,15.591442520590025
0.0001851869874603973,56.94022812922345,227.7609125168938,1181.7912016081068,1.1823508217498802
0.00018520212115361636,56.940119654986745,227.76047861994698,1181.9304462222508,1.3436540768907435e-10
0.0001852021211536181,56.94011965498675,227.760478619947,1181.9304462222499,-9.343636975245317e-13
0.00018538910861401074,56.960572628196296,227.84229051278518,1159.623962864618,-14.251660619831789
0.00018557609607440338,57.01902129849867,228.0760851939947,1094.4938926123268,-27.410172301710638
0.00018576308353479603,57.11022127373101,228.44088509492403,991.2030328960309,-38.67912891436509
0.00018595007099518867,57.22643178843677,228.90572715374708,856.697542915542,-47.39331377480583
0.00018613705845558131,57.357409286510006,229.42963714604002,699.7322462788576,-53.05977647880785
0.00018632404591597396,57.492380952600094,229.96952381040037,530.2976288140443,-55.38068764009393
0.0001865110333763666,57.61969810489548,230.4787924195819,358.97906798843195,-54.272549787325886
0.00018669802083675925,57.72780075961104,230.91120303844417,196.28659263805756,-49.86665320473795
0.0001868850082971519,57.805963259425994,231.22385303770398,52.00235422480586,-42.49715933008736
0.00018707199575754453,57.84494824777332,231.37979299109327,-65.41531405479682,-32.67681539723415
0.00018725898321793718,57.83755781492962,231.35023125971847,-149.33520740504488,-21.061976329608285
0.00018729871755827847,57.82956162682766,231.31824650731065,-162.42187662679902,-18.42089782779495
0.0001872987175582802,57.82956162682727,231.31824650730908,-162.42187662733136,-18.420897827679088
0.00018748570501867285,57.78632381299274,231.14529525197096,-221.27951880506373,-19.34023770974003
0.00018786961748620617,57.69765201771833,230.79060807087333,-349.8533704380912,-20.797285411458184
0.00018846764337404197,57.559796611904645,230.23918644761858,-562.876886751159,-21.8149020846732
0.00018906566926187778,57.42227058020321,229.68908232081284,-778.2495621532652,-21.267783630991595
0.00018966369514971358,57.285074459255966,229.14029783702387,-980.5181895512404,-19.194655812633567
0.00018999999999999914,57.20806508178402,228.83226032713608,-1083.1019653363887,-17.408855169131535
0.00019000000000000088,57.20806508178362,228.8322603271345,-1083.1019653368887,-17.40885516912131
0.00019000000000000302,57.20806508178313,228.83226032713253,-1083.101965337513,-17.40885516910851
0.00019000000000000475,57.208065081782735,228.83226032713094,-1083.1019653380176,-17.4088551689905
0.000190191231761058,57.18208980843277,228.72835923373108,-1117.529546394997,-4.15278749407045
0.00019024998096990101,57.181535822013515,228.72614328805406,-1119.5551950749752,-1.2091661005797505e-10
0.00019024998096990275,57.18153582201356,228.72614328805423,-1119.555195074976,1.1599610161283636e-12
0.000190441212730956,57.20423729165053,228.81694916660211,-1098.3969351067817,13.215938082685948
0.00019063244449200924,57.261965317991745,229.04786127196698,-1036.6830835678898,25.3793756444396
0.00019082367625306249,57.349554191571826,229.3982167662873,-939.0087566820993,35.72154600883421
0.00019101490801411573,57.4593831556151,229.8375326224604,-812.215086984079,43.60556536184224
0.00019120613977516898,57.58137220910364,230.32548883641456,-664.9015101392341,48.56748589301948
0.00019139737153622222,57.70501042854509,230.82004171418035,-506.83852127796405,50.33853722435778
0.00019158860329727547,57.81898486172095,231.2759394468838,-348.313851303936,48.86324153052938
0.00019177983505832871,57.91216530243518,231.6486612097407,-199.45290036710742,44.298213413575496
0.00019197106681938196,57.974354931336535,231.89741972534614,-69.56322135223726,36.998188984361285
0.0001921622985804352,57.9969381400862,231.9877525603448,33.45620265916805,27.489468677398623
0.0001923397247899203,57.97675875644149,231.90703502576596,99.73001322204388,17.268432397441586
0.00019233972478992204,57.976758756441086,231.90703502576434,99.73001322254224,17.268432397336937
0.00019253095655097528,57.93242732160021,231.72970928640083,156.5199971274197,18.35714901710762
0.00019289831957308107,57.84736062711475,231.389442508459,274.285315434859,20.066344722919442
0.00019350286675924022,57.70764212593677,230.8305685037471,485.17811966567643,21.66150518574662
0.00019410741394539936,57.56826108630173,230.27304434520693,704.1653625488702,21.6685465882414
0.0001947119611315585,57.42921807295956,229.71687229183823,915.191644684152,20.08725139057125
0.00019499999999999902,57.36308861112102,229.4523544444841,1008.5583789806406,18.802203910506467
0.00019500000000000076,57.36308861112063,229.45235444448252,1008.5583789811812,18.802203910497806
0.00019500000000000292,57.36308861112014,229.45235444448056,1008.5583789818646,18.802203910486813
0.00019500000000000466,57.36308861111974,229.45235444447897,1008.5583789824099,18.802203910383167
0.00019519636043083627,57.33399377465712,229.33597509862847,1050.428147548147,6.726720131287344
0.0001953024994759821,57.33233225301921,229.32932901207684,1056.3777172305672,1.0746958878371515e-12
0.00019530249947598383,57.33233225301927,229.32932901207707,1056.377717230568,-1.0844480868854589e-10
0.00019549885990681544,57.35579964760417,229.4231985904167,1036.3192981678328,-12.1993836837106
0.00019569522033764704,57.411335583873026,229.6453423354921,977.8866653480871,-23.3836706738139
0.00019589158076847865,57.493822035299615,229.97528814119846,885.6352929941208,-32.808971383301405
0.00019608794119931026,57.595713049696755,230.38285219878702,766.3423435262334,-39.86525338387213
0.00019628430163014186,57.707035065981415,230.82814026392566,628.4988083264557,-44.11769988868506
0.00019648066206097347,57.817494363228484,231.26997745291393,481.6998974826053,-45.32837037993191
0.00019667702249180508,57.916077498578524,231.6643099943141,335.97001905039434,-43.47308355408837
0.00019687338292263668,57.99206682430884,231.96826729723537,201.06675370504027,-38.7381463138648
0.0001970697433534683,58.035802252316536,232.14320900926614,85.81728495758088,-31.50373046485945
0.0001972661037842999,58.03932529849278,232.1573011939711,-2.469365492135347,-22.314324596705053
0.00019737816257032895,58.021053466902174,232.0842138676087,-38.66031259438915,-16.441250047670977
0.00019737816257033068,58.021053466901776,232.0842138676071,-38.660312594862376,-16.441250047577896
0.0001975745230011623,57.97549876819849,231.90199507279397,-94.55453576368312,-17.706146654477276
0.00019792822144317434,57.89353314434203,231.57413257736812,-204.73879542651147,-19.635792955664762
0.00019853663404529887,57.752810121304776,231.0112404852191,-415.29755953784604,-21.759391562785858
0.0001991450466474234,57.612429156665705,230.44971662666282,-639.2357280089427,-22.266793625317554
0.00019975345924954795,57.47238941897631,229.88955767590525,-859.9326999827518,-21.12278555219029
0.00020000000000000044,57.41574005424319,229.66296021697275,-944.8806453095226,-20.200447293792998
0.00020000000000000218,57.415740054242804,229.66296021697121,-944.8806453101038,-20.20044729378566
0.00020000000000000437,57.415740054242306,229.66296021696922,-944.8806453108473,-20.20044729377624
0.0002000000000000061,57.41574005424191,229.66296021696763,-944.8806453114347,-20.200447293768793
0.0002000000000000083,57.415740054241404,229.66296021696562,-944.8806453121738,-20.200447293653582
0.0002000000000000105,57.4157400542409,229.6629602169636,-944.8806453129129,-20.200447293538367
0.00020000000000002148,57.41574005423838,229.6629602169535,-944.8806453166087,-20.200447292962302
0.00020000000000007636,57.41574005422578,229.66296021690312,-944.8806453350879,-20.200447290081982
0.0002000000000003508,57.415740054162754,229.66296021665102,-944.8806454274843,-20.20044727568036
0.000200000000001723,57.415740053847614,229.66296021539046,-944.8806458894662,-20.200447203672276
0.00020000000000858396,57.4157400522719,229.6629602090876,-944.8806481993762,-20.200446843631873
0.0002000000000428888,57.41574004439335,229.6629601775734,-944.8806597489254,-20.20044504342982
0.00020000000021441297,57.415740005000615,229.66296002000246,-944.880717496656,-20.20043604241896
0.00020000000107203383,57.41573980803725,229.662959232149,-944.8810062349228,-20.200391037349824
0.00020000000536013812,57.41573882322814,229.66295529291256,-944.8824499166079,-20.20016601163296
0.0002000000268006596,57.41573389937497,229.66293559749988,-944.8896680837989,-20.199040873769697
0.000200000134003267,57.415709284918485,229.66283713967394,-944.9257528886897,-20.19341495251291
0.00020000067001630392,57.41558633289667,229.6623453315867,-945.1060261124555,-20.165279551889093
0.0002000033500814886,57.41497458256063,229.65989833024253,-946.0036192137984,-20.024458212112897
0.00020001675040741195,57.411991475813686,229.64796590325474,-950.3968901798878,-19.316808520090113
0.00020008375203702875,57.39901303146031,229.59605212584125,-969.9534976725215,-15.698273516761136
0.00020027893752402062,57.380602286948196,229.52240914779279,-1003.1209350407322,-4.648775313034292
0.00020035907697748742,57.38147382277089,229.52589529108357,-1006.2228988309897,-1.2718714970105793e-12
0.00020035907697748916,57.381473822770964,229.52589529108386,-1006.2228988309901,9.888978524941194e-11
0.00020055426246448103,57.40485145602829,229.61940582411316,-988.1119176970559,11.082054280174344
0.0002007494479514729,57.45631391121147,229.82525564484587,-935.3305607612699,21.254620637766795
0.0002009446334384648,57.53130033651815,230.1252013460726,-851.9390110406258,29.849222510477126
0.00020113981892545666,57.623079606206616,230.49231842482646,-743.9843973355216,36.31614218742762
0.00020137419965019174,57.74275551535856,230.97102206143424,-592.8581979232039,40.72415220398978
0.0002016085803749268,57.85770361843024,231.43081447372097,-432.23333808817375,41.169544746792
0.0002018429610996619,57.95089032780951,231.80356131123804,-277.55997960847367,37.70083378868651
0.00020207734182439696,58.006396884035766,232.02558753614306,-143.353930139818,30.74486921053864
0.00020231172254913204,58.0109196891588,232.0436787566352,-41.80962716382286,21.057388074550218
0.00020242467373443124,57.99202815261676,231.96811261046705,-7.215356579161558,15.68999716952197
0.00020242467373443297,57.99202815261635,231.9681126104654,-7.215356578710413,15.689997169437628
0.00020265905445916805,57.93768403541293,231.7507361416517,57.279818768837906,17.31628646857325
0.00020300417785690082,57.85775639353322,231.4310255741329,162.88793194554387,19.36588886878712
0.00020359465985058127,57.72126027486948,230.88504109947792,365.8562104952097,21.756281538248295
0.00020418514184426172,57.58508744435574,230.34034977742297,584.9064532307755,22.62447709885768
0.00020477562383794216,57.44923459732165,229.7969383892866,804.7030602386715,21.908397230323374
0.0002049999999999987,57.397696643348795,229.59078657339518,885.4122270352672,21.225327190574795
0.00020500000000000043,57.39769664334839,229.59078657339356,885.4122270358783,21.2253271905687
0.00020500000000000268,57.39769664334787,229.59078657339148,885.4122270366787,21.225327190560684
0.00020500000000000441,57.39769664334747,229.5907865733899,885.4122270372958,21.225327190554502
0.00020500000000000666,57.397696643346954,229.59078657338782,885.4122270380916,21.225327190450642
0.0002050000000000089,57.397696643346436,229.59078657338574,885.4122270388874,21.225327190346782
0.00020500000000002016,57.397696643343856,229.59078657337542,885.4122270428666,21.22532718982746
0.0002050000000000764,57.39769664333094,229.59078657332375,885.4122270627629,21.22532718723087
0.00020500000000035762,57.39769664326637,229.5907865730655,885.4122271622442,21.225327174247923
0.0002050000000017637,57.39769664294355,229.5907865717742,885.4122276596509,21.225327109333183
0.00020500000000879407,57.39769664132944,229.59078656531776,885.4122301466838,21.22532678475947
0.00020500000004394594,57.397696633258896,229.59078653303558,885.4122425818479,21.22532516189088
0.00020500000021970527,57.397696592906186,229.59078637162474,885.4123047576538,21.225317047547264
0.00020500000109850195,57.3976963911429,229.5907855645716,885.412615636327,21.225276475812542
0.00020500000549248537,57.39769538233322,229.59078152933287,885.4141700207789,21.22507361672287
0.00020500002746240244,57.397690338453295,229.59076135381318,885.4219417201966,21.224059310872864
0.00020500013731198778,57.39766512326636,229.59066049306543,885.4607946460258,21.218987521613514
0.00020500068655991452,57.397539152678306,229.59015661071322,885.6549199660305,21.193622079051398
0.0002050034327995482,57.396911937160326,229.5876477486413,886.6220603891455,21.066632955932665
0.00020501716399771658,57.3938422581062,229.5753690324248,891.3701828195407,20.42770185655268
0.00020508581998855848,57.38020762106549,229.52083048426195,912.8718193728441,17.14132876322898
0.0002052884750216388,57.357890190604174,229.4315607624167,953.4126409351339,6.803534287080528
0.00020541688313998084,57.35804874792423,229.43219499169692,960.6927851971554,3.446132268436486e-13
0.00020541688313998257,57.35804874792432,229.4321949916973,960.6927851971554,-9.134737410931848e-11
0.0002056195381730629,57.38183177777164,229.52732711108655,942.8097670125092,-10.536162167385708
0.00020582219320614323,57.43233260671886,229.72933042687544,890.7918638534961,-20.150652558239507
0.00020602484823922356,57.50475101469248,230.01900405876992,808.9154270216404,-28.164144553075108
0.0002062275032723039,57.592012471166086,230.36804988466434,703.5391525655544,-34.02659022076996
0.00020643015830538422,57.68476783252184,230.73907133008737,582.5983281809869,-37.35683483038017
0.00020663281333846455,57.77350185164425,231.094007406577,455.0000818087631,-37.962421218648494
0.00020683546837154488,57.848105627376725,231.3924225095069,329.95830419579687,-35.85413593220665
0.00020703812340462521,57.89887904949747,231.59551619798987,216.31475451690488,-31.240403113635438
0.00020724077843770555,57.91726551385661,231.66906205542645,121.90155833596916,-24.508348423784987
0.00020744343347078588,57.89645602885562,231.58582411542247,52.989265331265244,-16.19224905546772
0.00020746594167756532,57.89153634914707,231.56614539658827,47.0914154958864,-15.190460664008992
0.00020746594167756705,57.89153634914667,231.56614539658668,47.091415495446796,-15.190460663931528
0.00020766859671064738,57.84462684233054,231.37850736932216,-6.799235795334192,-16.709815319700034
0.00020800613188918658,57.76658095079024,231.06632380316097,-107.15558819058812,-18.933379084901215
0.00020857485536682443,57.63531614723524,230.54126458894095,-300.07990254523094,-21.658017907733885
0.00020914357884446228,57.504350728941404,230.01740291576562,-512.2138041888801,-22.975326285058195
0.00020971230232210013,57.373681799298105,229.49472719719242,-729.7589915842466,-22.797494972746147
0.00020999999999999857,57.30769453384256,229.23077813537023,-837.500451786142,-22.137377645390757
0.0002100000000000003,57.30769453384217,229.23077813536867,-837.5004517867785,-22.13737764538567
0.00021000000000000267,57.30769453384162,229.23077813536648,-837.5004517876531,-22.137377645378656
0.0002100000000000044,57.30769453384122,229.2307781353649,-837.5004517882962,-22.137377645306596
0.0002102075811950469,57.27117490819573,229.08469963278293,-898.3071318689331,-12.91097729106087
0.00021041516239008942,57.26026501252575,229.041060050103,-925.5438250307254,-2.7971651377946074
0.00021047126476760996,57.26199921854897,229.0479968741959,-926.8431549512231,-1.3642420526593924e-12
0.0002104712647676117,57.26199921854906,229.04799687419623,-926.8431549512236,8.471801038467675e-11
0.0002106788459626542,57.285976037334876,229.1439041493395,-909.3019896987503,10.087547143932603
0.00021088642715769672,57.33536692387741,229.34146769550964,-858.3431558553427,19.25627786301431
0.00021109400835273923,57.40526920577616,229.62107682310463,-778.3363460026704,26.827705878387803
0.00021130158954778174,57.488082115505996,229.95232846202398,-675.7690054525647,32.25968096529736
0.00021150917074282425,57.57502009932658,230.30008039730632,-558.7123879662751,35.181766804684216
0.00021171675193786677,57.65615932203151,230.62463728812605,-436.17635844295626,35.423060387522845
0.00021192433313290928,57.72133553484717,230.88534213938868,-317.4020101733214,33.020769751997264
0.0002121319143279518,57.76094494823007,231.04377979292028,-211.15117192121738,28.213366091111048
0.0002123394955229943,57.76666996152455,231.0666798460982,-125.04614970641613,21.418516926532604
0.00021250869879733194,57.74175125731652,230.9670050292661,-73.94227858309898,14.796968244870616
0.00021250869879733367,57.74175125731612,230.96700502926447,-73.94227858267298,14.796968244799142
0.00021271627999237618,57.69382623789218,230.77530495156873,-19.922092308718835,16.42071215366469
0.00021304936960957918,57.617008372447636,230.46803348979054,77.7394888556245,18.729197979432882
0.00021360781994020242,57.48844583488995,229.9537833395598,266.0353711940415,21.621167224876253
0.00021416627027082567,57.360171197472695,229.44068478989078,474.99617945949274,23.157741633638395
0.0002147247206014489,57.23218174831177,228.92872699324707,691.5071030185522,23.240052946443328
0.00021499999999999842,57.169196200196666,228.67678480078666,797.0020015480491,22.741225396191247
0.00021500000000000016,57.16919620019627,228.67678480078507,797.0020015487033,22.741225396187016
0.00021500000000000257,57.16919620019572,228.67678480078288,797.0020015496223,22.74122539618103
0.0002150000000000043,57.16919620019532,228.6767848007813,797.002001550283,22.741225396116022
0.0002152109010095292,57.13084325186168,228.5233730074467,862.0736381247849,14.169376207245541
0.00021542180201905407,57.11607470602975,228.464298824119,895.0986861501476,4.571611542613756
0.00021551909583571245,57.117959234927625,228.4718369397105,898.8039770818971,8.111911142805184e-11
0.00021551909583571418,57.117959234927724,228.4718369397109,898.8039770818974,-1.7763568394002505e-15
0.00021572999684523907,57.141322253547656,228.56528901419063,881.688136206527,-9.686796789998716
0.00021594089785476395,57.18882506488171,228.75530025952685,832.0065856811268,-18.468105157584624
0.00021615179886428883,57.255557554087716,229.02223021635086,754.1372599763192,-25.674017690925805
0.00021636269987381372,57.33389833466316,229.33559333865264,654.5757807721178,-30.77316516253174
0.0002165736008833386,57.41508603693923,229.66034414775692,541.3846281969322,-33.40839389524356
0.00021678450189286348,57.489251182611774,229.9570047304471,423.5290430317372,-33.42440025686816
0.00021699540290238836,57.546342207109845,230.18536882843938,310.1517367131208,-30.875372970139594
0.00021720630391191325,57.57694272336231,230.30777089344923,209.84877429985826,-26.01662489891182
0.00021741720492143813,57.573004300640484,230.29201720256194,130.00264461971426,-19.28056415635816
0.00021754365776734276,57.55150639090736,230.20602556362945,94.33113513218294,-14.570551770957646
0.0002175436577673445,57.551506390906965,230.20602556362786,94.33113513176397,-14.570551770890741
0.00021775455877686938,57.50297564574092,230.01190258296367,40.10579973022893,-16.27213726406072
0.0002180844224120757,57.42715293124768,229.70861172499073,-55.961563649092874,-18.642758011279696
0.00021863570131057335,57.30065776937775,229.202631077511,-241.57635660337192,-21.653249296450344
0.000219186980209071,57.17444222337771,228.69776889351084,-448.8291683961383,-23.3404518595786
0.00021973825910756863,57.04850370902148,228.19401483608593,-665.038041397996,-23.598526038542936
0.00022000000000000047,56.98880645586758,227.95522582347033,-767.1624841939739,-23.21360929457864
0.0002200000000000022,56.9888064558672,227.9552258234688,-767.1624841946419,-23.213609294575036
0.00022000000000000464,56.988806455866644,227.95522582346658,-767.1624841955907,-23.213609294569878
0.00022000000000000638,56.988806455866246,227.95522582346499,-767.1624841962654,-23.2136092945098
0.00022021337551991082,56.94918147232414,227.79672588929657,-835.5165576704187,-15.10497418972134
0.00022042675103981527,56.931701696164225,227.7268067846569,-872.9071344016558,-5.863385188771151
0.00022055664222228372,56.93323855049347,227.73295420197388,-879.2537922031088,-7.718448102878028e-11
0.00022055664222228545,56.933238550493556,227.73295420197422,-879.253792203109,9.059419880941277e-13
0.0002207700177421899,56.95632649485117,227.82530597940467,-862.379913794175,9.43819690149832
0.00022098339326209434,57.00277618898631,228.01110475594524,-813.4320806157649,17.9769215723908
0.00022119676878199878,57.06765228461565,228.2706091384626,-736.811799761905,24.950026082487433
0.00022141014430190323,57.14328898255706,228.57315593022824,-639.0459415720832,29.832090279131005
0.00022162351982180767,57.22090897627465,228.8836359050986,-528.220975136749,32.274447580650815
0.00022183689534171212,57.2906465353777,229.1625861415108,-413.3020678434251,32.132755306418325
0.00022205027086161656,57.342497536193775,229.3699901447751,-303.39166200187447,29.47393052445492
0.000222263646381521,57.36715177870588,229.46860711482353,-206.99265791664874,24.566572829748793
0.00022247702190142545,57.35673326186509,229.42693304746035,-131.33446303904054,17.85534167029888
0.00022257320953984088,57.33898865466769,229.35595461867075,-105.48713677722631,14.383117692433494
0.00022257320953984262,57.3389886546673,229.3559546186692,-105.48713677681232,14.38311769236933
0.00022278658505974706,57.29007003533053,229.16028014132212,-51.20531152679373,16.13343857690654
0.00022311474843045835,57.21491719701539,228.85966878806155,43.69965192611019,18.53756214748319
0.00022366417338070947,57.08931290376113,228.35725161504453,228.07197294089093,21.62445604629099
0.00022421359833096059,56.963985319077615,227.85594127631046,434.75885997881727,23.3985508331277
0.0002247630232812117,56.83893189826585,227.3557275930634,651.1956231676741,23.749259652350815
0.00022500000000000056,56.78507867573822,227.14031470295288,744.4449564279853,23.453302989325277
0.0002250000000000023,56.785078675737836,227.14031470295134,744.4449564286605,23.45330298932215
0.0002250000000000048,56.78507867573727,227.14031470294907,744.4449564296401,23.45330298931757
0.00022500000000000653,56.78507867573688,227.1403147029475,744.444956430322,23.45330298926102
0.00022521543820971495,56.744541982906426,226.9781679316257,814.9262333204119,15.676059776967495
0.00022543087641942338,56.72512107410889,226.90048429643556,855.2025347726884,6.691538208130811
0.0002255836082335463,56.7260293267631,226.9041173070524,863.7192273985031,3.941025283893396e-11
0.0002255836082335481,56.72602932676318,226.90411730705273,863.7192273985031,-3.894662370385049e-11
0.00022579904644325652,56.748676921833734,226.99470768733494,846.9936415705779,-9.264925867536647
0.00022601448465296494,56.794161443301284,227.17664577320514,798.5022071101565,-17.632637811366475
0.00022622992286267337,56.85751191554174,227.43004766216697,722.6790685205916,-24.438157608535708
0.0002264453610723818,56.93100365055018,227.72401460220073,626.0961365714313,-29.15948493840679
0.00022666079928209022,57.00582038036161,228.02328152144645,516.8830099230508,-31.45401483125498
0.00022687623749179865,57.072071750722635,228.28828700289054,404.02990253767274,-31.18611367015108
0.00022709167570150707,57.11976578440992,228.47906313763968,296.6305392933275,-28.433459066724495
0.0002273071139112155,57.139656024117464,228.55862409646986,203.13270403361048,-23.476393687443654
0.00022752255212092393,57.12398987072827,228.4959594829131,130.65677944656318,-16.770867420973534
0.00022759319440203248,57.11016015198088,228.4406406079235,112.36382707674716,-14.277651029415594
0.0002275931944020342,57.110160151980494,228.44064060792198,112.36382707633555,-14.277651029353354
0.00022780863261174264,57.06096594271939,228.24386377087757,57.87370884450141,-16.062525716952308
0.00022813577306546158,56.98634681271709,227.94538725086835,-36.40360524736436,-18.487072018163573
0.00022868289804395172,56.86176743889462,227.44706975557847,-219.71861761851358,-21.61335895738511
0.00022923002302244186,56.73746136155244,226.94984544620976,-425.6669166351187,-23.438315413602197
0.000229777148000932,56.613426082857906,226.45370433143162,-641.8312940197321,-23.849121453316304
0.00023000000000000055,56.56298221787609,226.25192887150436,-729.9964689167476,-23.602987921039286
0.00023000000000000228,56.56298221787571,226.25192887150283,-729.9964689174274,-23.60298792103646
0.00023000000000000483,56.56298221787513,226.25192887150052,-729.9964689184347,-23.60298792103224
0.00023000000000000657,56.56298221787473,226.25192887149893,-729.9964689191211,-23.60298792097762
0.00023021656792560188,56.52204484451056,226.08817937804224,-801.7250368791679,-16.00921114261716
0.0002304331358511972,56.501670173317315,226.00668069326926,-843.6754112174817,-7.165019023195706
0.00023059928344399213,56.502247470214215,226.00898988085686,-853.5967475308616,-2.1671553440683056e-13
0.00023059928344399387,56.50224747021431,226.00898988085723,-853.5967475308616,7.471534502201393e-11
0.00023081585136958919,56.52486136820063,226.09944547280253,-836.9427722524259,9.176706978970522
0.0002310324192951845,56.57006787264471,226.28027149057883,-788.6737419482727,17.45677419265054
0.00023124898722077982,56.63287314494127,226.5314925797651,-713.2445799322946,24.175543131955564
0.00023146555514637514,56.70551592760931,226.82206371043725,-617.2556968722389,28.81265830639176
0.00023168212307197046,56.77915352242215,227.1166140896886,-508.8646372735031,31.028714206975202
0.00023189869099756577,56.84387715651313,227.37550862605252,-397.0796775496453,30.692836051412904
0.0002321152589231611,56.88969706347129,227.55878825388515,-290.9936895154381,27.88868098981358
0.00023237552350788474,56.90673968891318,227.6269587556527,-182.97456268078176,21.682966082763503
0.00023260744893950533,56.87725547282581,227.50902189130323,-113.51216529124446,14.177424806713933
0.00023260744893950706,56.8772554728254,227.5090218913016,-113.51216529083649,14.177424806652697
0.0002328677135242307,56.81807274657305,227.2722909862922,-47.343948484549095,16.314889291497515
0.00023319535186898814,56.743658223600235,226.97463289440094,48.34506313888261,18.699139068019356
0.00023374421414149325,56.61921592607178,226.47686370428713,233.8341069151989,21.74779726838888
0.00023429307641399837,56.49504749515803,225.98018998063213,441.24192570301113,23.478841764808728
0.00023484193868650348,56.37115041609463,225.48460166437852,657.9861965895951,23.78462805918887
0.00023499999999999866,56.33552076530438,225.34208306121752,720.4873665702003,23.603380549077336
0.0002350000000000004,56.33552076530398,225.34208306121593,720.4873665708809,23.6033805490747
0.000235000000000003,56.33552076530339,225.34208306121357,720.4873665719095,23.603380549070696
0.00023500000000000474,56.335520765303,225.342083061212,720.4873665725959,23.603380549017068
0.00023521729808606922,56.29445929524938,225.17783718099753,792.6298942728514,16.102437021260393
0.0002354345961721337,56.273701300735205,225.09480520294082,835.1983830541868,7.3334290989002895
0.00023560628715127755,56.274098477507685,225.09639391003074,845.6925020665497,5.613287612504791e-13
0.00023560628715127928,56.27409847750778,225.0963939100311,845.6925020665494,-7.37188088351104e-11
0.00023582358523734377,56.29662801078175,225.186512043127,829.0790417062135,-9.12334096792874
0.00023604088332340826,56.34162300611679,225.36649202446716,780.937131622819,-17.350057439848232
0.00023625818140947274,56.404072948338616,225.61629179335446,705.7367966352664,-24.015482568006846
0.00023647547949553723,56.4761904100058,225.9047616400232,610.0992018531604,-28.600163568395566
0.00023669277758160172,56.54911233175858,226.19644932703432,502.20270106032757,-30.766669069379887
0.0002369100756676662,56.61291478463517,226.4516591385407,391.0701239254742,-30.38717680769961
0.0002371273737537307,56.657606363613986,226.63042545445595,285.7965235964184,-27.549252384236336
0.00023738875858527475,56.67303688519021,226.69214754076083,178.85649930286758,-21.315290715553054
0.00023761316754620124,56.6438323906311,226.5753295625244,112.50428710153875,-14.10304404979348
0.00023761316754620298,56.643832390630706,226.57532956252282,112.50428710113337,-14.103044049732924
0.00023787455237774704,56.58463898052266,226.33855592209065,46.3621637402493,-16.24649368874405
0.00023820236628687783,56.51049050001329,226.04196200005316,-48.99888291102405,-18.62880372261802
0.00023875145527319018,56.38650841732138,225.54603366928552,-233.91450783440408,-21.67635610797894
0.00023930054425950253,56.26279930165152,225.05119720660608,-440.76281568189825,-23.409552223759203
0.00023984963324581488,56.139360644974246,224.55744257989699,-656.9850849529829,-23.720517802661988
0.00024000000000000039,56.10560432439297,224.42241729757188,-716.3074490851941,-23.552817120629392
0.00024000000000000212,56.10560432439258,224.42241729757032,-716.3074490858735,-23.55281712062685
0.00024000000000000478,56.105604324391976,224.4224172975679,-716.3074490869215,-23.552817120622898
0.0002400000000000065,56.105604324391585,224.42241729756634,-716.3074490876063,-23.552817120569266
0.0002402173693464999,56.064755627307065,224.25902250922826,-788.2875530742456,-16.05057895742617
0.00024043473869299328,56.04426111673008,224.1770444669203,-830.6859246063972,-7.284002660910564
0.000240605440718237,56.04484095516095,224.1793638206438,-841.0490927713743,-7.402789492516604e-11
0.00024060544071823872,56.044840955161035,224.17936382064414,-841.0490927713743,1.6697754290362354e-13
0.0002408228100647321,56.06757217306343,224.27028869225373,-824.4430635696252,9.116220819796212
0.0002410401794112255,56.11279347003638,224.45117388014552,-776.3241828960411,17.335748852469596
0.00024125754875771888,56.17549260764438,224.70197043057752,-701.1639273675239,23.9940678170485
0.00024147491810421227,56.247880570469746,224.99152228187899,-605.5849343047619,28.571953701960542
0.00024169228745070566,56.32109282352407,225.28437129409627,-497.7665562201292,30.732289288935107
0.00024190965679719904,56.38520528586082,225.54082114344328,-386.7316238897844,30.347639976862077
0.00024212702614369243,56.43022804117617,225.72091216470469,-281.5737227414408,27.506004414559143
0.0002423885401855154,56.44608851407271,225.78435405629085,-174.7766780559474,21.268872753601784
0.0002426141628743022,56.41702369759564,225.66809479038255,-108.31010475009649,14.017593387662709
0.00024261416287430393,56.41702369759524,225.66809479038096,-108.31010474969351,14.017593387602139
0.0002428756769161269,56.358038175343935,225.43215270137574,-42.53321397111448,16.149429512270725
0.00024320413884655975,56.284040737818984,225.13616295127594,52.45794766471784,18.521928644946605
0.00024375435875662087,56.16030141675795,224.6412056670318,236.7067764843541,21.5549135699453
0.000244304578666682,56.03683509195023,224.14734036780092,442.80919794636173,23.27559518227801
0.0002448547985767431,55.91363924748366,223.65455698993463,658.2008780530808,23.576429205135618
0.0002449999999999967,55.881173231224416,223.52469292489766,715.1488525952801,23.414458249354155
0.00024500000000000015,55.88117323122365,223.5246929248946,715.1488525966313,23.414458249349103
0.0002450000000000036,55.88117323122287,223.52469292489147,715.1488525979921,23.414458249343987
0.0002450000000000071,55.88117323122207,223.52469292488829,715.1488525993536,23.414458249235615
0.0002452171826988943,55.84069574661707,223.3627829864683,786.4658673011174,15.858276718443731
0.0002454343653977815,55.820792807555904,223.28317123022362,828.0657540917244,7.056983140308926
0.00024559932260537833,55.82164933961813,223.28659735847253,837.7672964947635,1.5099033134902129e-12
0.0002455993226053818,55.82164933961831,223.28659735847324,837.7672964947633,-1.4712497886648634e-10
0.000245816505304269,55.84453543081726,223.37814172326904,821.1556995144564,-9.127161685626294
0.00024603368800315623,55.88999468058262,223.55997872233047,773.0188159851223,-17.357594741212058
0.00024625087070204345,55.953019257399035,223.81207702959614,697.8240171146283,-24.026983329200753
0.00024646805340093066,56.02582839822114,224.10331359288455,602.1877069927887,-28.61605140769289
0.0002466852360998179,56.09956360542244,224.39825442168976,494.28239971642176,-30.787326130228895
0.0002469024187987051,56.16430654896169,224.65722619584676,383.1252356356898,-30.412696468299856
0.0002471196014975923,56.21006995608644,224.84027982434577,277.80699946288826,-27.57921424663478
0.0002473808539946287,56.22696492253942,224.9078596901577,170.78232270365962,-21.3488673285199
0.0002476103151785681,56.198006071032324,224.7920242841293,103.13377170046573,-13.956611472788829
0.00024761031517857155,56.19800607103153,224.79202428412611,103.1337716996629,-13.956611472667204
0.00024787156767560795,56.139308272375075,224.5572330895003,37.727311172542805,-16.07057647216009
0.0002482008271830748,56.06541915668664,224.26167662674655,-57.02611725802408,-18.4300800136785
0.00024875254132992493,55.941826096804974,223.7673043872199,-240.8346992395343,-21.44214960010877
0.00024930425547677504,55.818506454437916,223.27402581775166,-446.36310198906443,-23.14178664990173
0.00024985596962362515,55.69545769970645,222.7818307988258,-661.0148836137656,-23.422180273172472
0.00025000000000000017,55.663379106436295,222.65351642574518,-717.1312634922938,-23.257352783929598
0.00025000000000000364,55.66337910643553,222.6535164257421,-717.131263493636,-23.25735278392447
0.0002500000000000071,55.663379106434746,222.65351642573899,-717.1312634949876,-23.257352783919277
0.0002500000000000106,55.663379106433965,222.65351642573586,-717.13126349634,-23.257352783808678
0.00025021662910001746,55.62345100809315,222.4938040323726,-787.5014537684864,-15.594049633346932
0.00025043325820002434,55.60449172485555,222.4179668994222,-827.8974930929284,-6.715843381920112
0.0002505890307902215,55.60577727478984,222.42310909915935,-836.6153788484853,-1.0516032489249483e-12
0.000250589030790225,55.60577727479001,222.42310909916003,-836.6153788484852,1.4853540619697014e-10
0.00025080565989023186,55.62899120854345,222.5159648341738,-819.9731438044462,9.167539428743403
0.00025102228899023875,55.674957165381635,222.69982866152654,-771.7410479422429,17.437899492369223
0.00025123891809024563,55.73867800760281,222.95471203041123,-696.3765725844811,24.14678844136065
0.0002514555471902525,55.812391784907156,223.24956713962862,-600.4818239954577,28.774296984181067
0.0002516721762902594,55.88725296749734,223.54901186998936,-492.21473210947863,30.9815399953803
0.0002518888053902663,55.95335335522291,223.81341342089164,-380.58225178212297,30.638198061957855
0.00025210543449027316,56.00070607923279,224.00282431693117,-274.673953314165,27.8284789255804
0.00025236583928052485,56.019803111884855,224.07921244753942,-166.87008837771498,21.61738174874077
0.00025260409787958326,55.990949152483196,223.96379660993279,-96.18614128465475,13.89014755470495
0.00025260409787958673,55.990949152482415,223.96379660992966,-96.18614128385468,13.890147554581993
0.0002528645026698384,55.93265728834416,223.73062915337664,-31.341011722084264,15.97633540758338
0.000253194836085208,55.85880020974325,223.435200838973,63.15465348673358,18.318403889767605
0.000253748577106562,55.735210738953405,222.94084295581362,246.47652400331046,21.301918770821246
0.000254302318127916,55.61189568688076,222.44758274752303,451.33015809513256,22.972130352150874
0.00025485605914927004,55.48885250063698,221.95541000254792,665.0695033934819,23.223300187156205
0.0002549999999999972,55.45691275907845,221.8276510363138,720.6665306906594,23.05198710175627
0.00025500000000000067,55.45691275907768,221.82765103631073,720.6665306919898,23.051987101751003
0.00025500000000000414,55.456912759076914,221.82765103630766,720.6665306933297,23.05198710174566
0.0002550000000000076,55.45691275907613,221.82765103630453,720.66653069467,23.051987101632342
0.0002552159835091233,55.417589248874506,221.67035699549803,789.8461275737723,15.257466700643372
0.000255431967018239,55.3997020995531,221.5988083982124,828.7349624787095,6.285317858691334
0.0002555763846384161,55.40135998707055,221.6054399482822,836.2990560893116,1.5241141682054149e-12
0.00025557638463841957,55.401359987070734,221.60543994828294,836.2990560893119,-1.4926371250112425e-10
0.00025579236814753526,55.42483011094853,221.6993204437941,819.6151727348562,-9.21816656158007
0.00025600835165665096,55.4712628025915,221.885051210366,771.2546885253302,-17.538400681826886
0.00025622433516576666,55.53567205229123,222.14268820916493,695.6647855505888,-24.296205725463377
0.00025644031867488236,55.61031548313178,222.4412619325271,599.4328841768759,-28.970745665825604
0.00025665630218399806,55.68636004694011,222.74544018776044,490.7024464724426,-31.221357902054958
0.00025687228569311375,55.753906286667444,223.01562514666978,378.4713957286889,-30.91508462268684
0.00025708826920222945,55.80296468413673,223.21185873654693,271.8307761221447,-28.132822629784776
0.0002573476597249669,55.82443044935217,223.29772179740868,163.08032734495717,-21.943629617634866
0.00025759539551602916,55.79579528144381,223.18318112577523,88.95013223971915,-13.845526865531102
0.00025759539551603263,55.795795281443034,223.18318112577214,88.9501322389203,-13.845526865406587
0.00025785478603877006,55.73793273459428,222.95173093837712,24.615557831568946,-15.901766465391068
0.00025818624991350616,55.66408107590153,222.6563243036061,-69.73970080093761,-18.22501039242536
0.0002587421946748855,55.54043282157727,222.16173128630908,-252.7799508563757,-21.17680231962286
0.0002592981394362648,55.41706021426581,221.66824085706324,-457.1315634180391,-22.812749473014982
0.00025985408419764415,55.29396067461953,221.1758426984781,-670.0805249915107,-23.02845553695292
0.0002599999999999971,55.261696544261866,221.04678617704747,-725.9510955798708,-22.845720136998704
0.0002600000000000006,55.261696544261106,221.04678617704442,-725.9510955811891,-22.845720136993208
0.00026000000000000404,55.26169654426033,221.04678617704133,-725.951095582517,-22.845720136987644
0.0002600000000000075,55.26169654425956,221.04678617703823,-725.9510955838452,-22.84572013687103
0.0002602151583146031,55.223053688035094,220.89221475214038,-793.8378150157724,-14.89343786883667
0.00026043031662919863,55.206397262772825,220.8255890510913,-831.0574590228733,-5.805058501318314
0.00026056205155689514,55.20841482278253,220.83365929113012,-837.4301669497546,-2.3447910280083306e-13
0.0002605620515568986,55.20841482278271,220.83365929113083,-837.430166949755,1.5223378113660146e-10
0.00026077720987149417,55.23222875843788,220.9289150337515,-820.6841369030084,9.288268142742153
0.00026099236818608973,55.27927738862747,221.11710955450988,-772.1335866935282,17.677216708663316
0.0002612075265006853,55.34458657605769,221.37834630423075,-696.2146456664397,24.50174920477367
0.00026142268481528085,55.42043512924905,221.6817405169962,-599.4991436613032,29.239578855917966
0.0002616378431298764,55.498001831108034,221.99200732443214,-490.115985751663,31.547594199992478
0.00026185300144447197,55.567393700973675,222.2695748038947,-377.05586944188474,31.28939023228537
0.00026206815975906753,55.61861314042144,222.47445256168575,-269.4160318302907,28.54165905061145
0.0002622833180736631,55.642402885040866,222.56961154016346,-175.65235464801341,23.583651216790095
0.00026249847638825865,55.63099328440207,222.52397313760827,-102.89889887468172,16.87027339725183
0.00026258513451131124,55.61515733888175,222.460629355527,-80.74747879581176,13.790863781366781
0.0002625851345113147,55.61515733888098,222.4606293555239,-80.74747879501743,13.790863781240958
0.00026280029282591027,55.56731312660527,222.26925250642108,-28.221650700750445,15.493654276703904
0.00026313241183921384,55.4935421276593,221.9741685106372,64.12281822336045,17.83936310726125
0.0002636886407832656,55.37020975320795,221.4808390128318,243.91043125092705,20.842359858654234
0.0002642448697273173,55.24715246278868,220.9886098511547,445.58688993771693,22.548974376793907
0.00026480109867136904,55.12436768038576,220.49747072154304,656.590621629439,22.850121365040454
0.0002649999999999964,55.080527238411015,220.32210895364406,732.0024092811218,22.610515940694697
0.0002649999999999999,55.080527238410255,220.32210895364102,732.0024092824244,22.61051594068896
0.00026500000000000335,55.08052723840949,220.32210895363795,732.0024092837385,22.61051594068314
0.0002650000000000068,55.08052723840871,220.32210895363485,732.0024092850529,22.61051594056304
0.00026521429643571094,55.042570240949026,220.1702809637961,798.4757441226024,14.493077570892247
0.00026542859287141505,55.027163319224826,220.1086532768993,833.8935399714487,5.283972415725373
0.00026554694562208446,55.02941250293909,220.11765001175635,839.1049048668463,6.785683126508957e-13
0.0002655469456220879,55.02941250293928,220.11765001175712,839.1049048668468,-1.5362644489869126e-10
0.00026576124205779204,55.05347474882496,220.21389899529984,822.2926340019063,-9.36281180119974
0.00026597553849349616,55.10105340548718,220.4042136219487,773.5395041405817,-17.82487263495313
0.0002661898349292003,55.16718681898683,220.6687472759473,697.2700551191416,-24.720423025397764
0.0002664041313649044,55.24417584376359,220.97670337505437,600.0398825966525,-29.525627837856184
0.0002666184278006085,55.32321160089111,221.29284640356445,489.96278966768006,-31.89478954332512
0.00026683272423631263,55.394407807878466,221.57763123151386,376.0220347390607,-31.687879066436828
0.00026704702067201674,55.4477583908664,221.7910335634656,267.3213983218525,-28.977175354576424
0.00026726131710772086,55.47397643648397,221.8959057459359,172.3423406772614,-24.037167960294934
0.000267475613543425,55.46523833018594,221.86095332074376,98.26646905761777,-17.318244194553344
0.00026757447212863656,55.4478085808262,221.7912343233048,72.65088079719007,-13.769094854512108
0.00026757447212864,55.44780858082543,221.79123432330172,72.65088079639756,-13.769094854384527
0.00026778876856434414,55.400299333796326,221.6011973351853,20.462284665171197,-15.444500293771389
0.00026812219751497815,55.32646016181144,221.30584064724576,-71.91159787875884,-17.767885631068577
0.000268681075312065,55.20291419927231,220.81165679708923,-251.71131896234579,-20.732113857885537
0.0002692399531091519,55.079645115644745,220.31858046257898,-453.11798079342003,-22.39469546438412
0.00026979883090623875,54.956650299923226,219.8266011996929,-663.4691296317166,-22.648346186774717
0.00026999999999999713,54.91244511239428,219.64978044957712,-739.0299586966534,-22.389091571054657
0.0002700000000000006,54.91244511239353,219.6497804495741,-739.0299586979431,-22.389091571048635
0.00027000000000000407,54.91244511239276,219.64978044957104,-739.0299586992445,-22.3890915710425
0.00027000000000000754,54.912445112391985,219.64978044956794,-739.0299587005458,-22.389091570918637
0.0002702133833467534,54.87519281753243,219.50077127012972,-804.1087898638876,-14.093162159017373
0.0002704267666934993,54.86109523116973,219.4443809246789,-837.7079850143605,-4.7501216689119925
0.00027053159111447656,54.863508043832844,219.45403217533138,-841.8566835749737,-1.1457501614131615e-12
0.00027053159111448,54.86350804383302,219.4540321753321,-841.8566835749743,1.553477346760701e-10
0.0002707449744612259,54.88788332776363,219.55153331105453,-824.955975745414,9.452654001729183
0.0002709583578079718,54.93610562917608,219.74442251670433,-775.9352635915526,18.002056724043655
0.0002711717411547177,55.0032212318365,220.012884927346,-699.2115094187386,24.981051225975378
0.0002713851245014636,55.08154630911405,220.3261852364562,-601.3299859253353,29.863618385378405
0.00027159850784820946,55.16227584374307,220.64910337497227,-490.39691228994485,32.300965289039354
0.00027181189119495535,55.235520495901,220.942081983604,-375.3968715317792,32.14908061733129
0.00027202527454170123,55.291255076151444,221.16502030460578,-265.44978059048594,29.475639750859287
0.0002722386578884471,55.3201519907554,221.2806079630216,-169.07264607531746,24.550358252063006
0.000272452041235193,55.31432276408058,221.25729105632232,-93.5044886736298,17.8192704526926
0.00027256407173410145,55.29535335286893,221.18141341147572,-64.03205946388546,13.748182103662437
0.0002725640717341049,55.29535335286816,221.18141341147265,-64.03205946309457,13.74818210353277
0.0002727774550808508,55.248176526307155,220.99270610522862,-12.191865015407512,15.394634868253092
0.00027311230188232453,55.17422718921419,220.69690875685677,80.2301135134907,17.69406548492268
0.00027367406458188255,55.05038588165003,220.20154352660012,260.0737803118098,20.616513349126272
0.00027423582728144057,54.92682355439598,219.70729421758392,461.21640070179615,22.231382017196147
0.0002747975899809986,54.80353755664209,219.21415022656836,670.8835287682213,22.43338978431762
0.00027499999999999725,54.759183705555344,219.03673482222138,746.1523435813986,22.154739141044985
0.0002750000000000007,54.759183705554584,219.03673482221834,746.1523435826749,22.154739141038657
0.0002750000000000042,54.75918370555383,219.03673482221532,746.1523435839628,22.154739141032223
0.00027500000000000766,54.75918370555307,219.03673482221228,746.1523435852504,22.154739140904677
0.0002752125389773718,54.722597331053926,218.8903893242157,809.8266940227207,13.683488490779235
0.0002754250779547359,54.70975368826776,218.83901475307104,841.6019324305703,4.209094780642207
0.00027551662313832085,54.712198516805536,218.84879406722214,844.8108438209366,1.5784529239226686e-10
0.0002755166231383243,54.71219851680573,218.8487940672229,844.8108438209375,-8.65085780787922e-13
0.00027572916211568844,54.73679352556342,218.94717410225368,827.8161292523737,-9.543290486254637
0.00027594170109305257,54.78556597407385,219.1422638962954,778.5123967611214,-18.180403389397355
0.0002761542400704167,54.8535662239286,219.4142648957144,701.312515164424,-25.242431120355157
0.0002763667790477808,54.93311961160217,219.7324784464087,602.7565374565443,-30.2009709975094
0.00027657931802514495,55.015418816340386,220.06167526536154,490.94900749316946,-32.70412204990804
0.0002767918570025091,55.09056519700995,220.3622607880398,374.8816085007322,-32.60407890209744
0.0002770043959798732,55.148509384619565,220.59403753847826,263.6950921645329,-29.96428381347878
0.00027721693495723733,55.17988016590875,220.719520663635,165.94481221569654,-25.05018673904703
0.00027742947393460146,55.176724030205925,220.7068961208237,88.92751665052519,-18.304050031066552
0.00027755341270108716,55.15654071893257,220.62616287573027,55.82541002815773,-13.746070464872847
0.00027755341270109063,55.15654071893179,220.62616287572715,55.82541002736719,-13.746070464741106
0.00027776595167845476,55.10966846203604,220.43867384814416,4.246332209146904,-15.365216078570212
0.0002781021712904462,55.03560228133119,220.14240912532475,-88.32646550642845,-17.642376042781283
0.0002786645967810383,54.91192653824287,219.64770615297147,-267.6611118824263,-20.514517715595463
0.0002792270222716304,54.7885297327817,219.1541189311268,-467.86328729740285,-22.082527796327156
0.0002797894477622225,54.66540920994666,218.66163683978664,-676.1892072138048,-22.243959416717622
0.0002799999999999968,54.61938820455015,218.4775528182006,-753.7647027896696,-21.937691909089292
0.00028000000000000025,54.619388204549395,218.47755281819758,-753.7647027909331,-21.937691909082645
0.0002800000000000037,54.619388204548635,218.47755281819454,-753.7647027922084,-21.937691909075888
0.0002800000000000072,54.61938820454787,218.47755281819147,-753.7647027934831,-21.937691908944558
0.00028021161895375266,54.583467737738566,218.33387095095426,-816.0804101155899,-13.289881114494928
0.00028042323790749814,54.57187155633456,218.28748622533823,-846.0871850079412,-3.681802701690984
0.00028050209135071304,54.57427460240494,218.29709840961976,-848.5024102845589,-1.6066614705323445e-10
0.0002805020913507165,54.57427460240513,218.29709840962053,-848.5024102845599,4.831690603168681e-13
0.000280713710304462,54.59911203947093,218.39644815788373,-831.4097669430674,9.640339532165996
0.00028092532925820746,54.648471056891395,218.59388422756558,-781.810524690673,18.3716252970547
0.00028113694821195294,54.71740826575988,218.86963306303952,-704.111494299388,25.52325137437593
0.0002813485671656984,54.79826161123843,219.19304644495372,-604.8447232103638,30.564378602214298
0.0002815601861194439,54.8822245226344,219.5288980905376,-492.110064374274,33.13981823031038
0.00028177180507318937,54.959391795690344,219.83756718276138,-374.903739587056,33.097657096743546
0.00028198342402693485,55.01969136298593,220.07876545194372,-262.3859202149181,30.496673047758907
0.0002821950429806803,55.0537079173418,220.2148316693672,-163.15064718939408,25.597537385040685
0.0002824066619344258,55.05342000010945,220.2136800004378,-84.55493555472734,18.838197975974378
0.0002825433799519572,55.032111333353726,220.1284453334149,-47.42977828751691,13.745615521429674
0.0002825433799519607,55.03211133335295,220.1284453334118,-47.429778286726474,13.745615521295655
0.00028275499890570617,54.98554717550135,219.9421887020054,3.874587227417404,15.336584173609769
0.00028309264616433,54.911334231072395,219.64533692428958,96.61211463909628,17.589665120010352
0.00028365800914913035,54.78729396557367,219.14917586229467,276.18764695665504,20.418877654854292
0.0002842233721339307,54.663534928054965,218.65413971221986,476.3001246525778,21.93665514707785
0.0002847887351187311,54.54005442115192,218.1602176846077,684.0804927331096,22.04280142593764
0.0002850000000000008,54.49398359608976,217.97593438435905,761.1743183409219,21.715932866613922
0.00028500000000000427,54.493983596089016,217.97593438435607,761.1743183421727,21.71593286660697
0.00028500000000000774,54.493983596088256,217.97593438435302,761.1743183434352,21.715932866599896
0.0002850000000000112,54.49398359608749,217.97593438434996,761.1743183446971,21.71593286646496
0.0002852108305199015,54.458672673830264,217.83469069532106,822.1737030712533,12.897853390425958
0.00028542166103979176,54.44824665585519,217.79298662342077,850.4571179943345,3.160333174831756
0.00028548836486786013,54.450507503366524,217.8020300134661,852.2073331603794,1.6288126403196657e-10
0.0002854883648678636,54.45050750336673,217.80203001346692,852.2073331603805,-6.572520305780927e-13
0.00028569919538775387,54.47551066910034,217.90204267640135,835.0081867083446,-9.736965874922127
0.00028591002590764415,54.52537844577523,218.10151378310093,785.0901337050166,-18.561213807186746
0.0002861208564275344,54.595166440367926,218.3806657614717,706.8604519441863,-25.799822191276107
0.0002863316869474247,54.67721378356385,218.7088551342554,606.8526538628369,-30.91918222887999
0.00028654251746731496,54.762703194621146,219.05081277848458,493.17283639788695,-33.5608298046796
0.00028675334798720524,54.8417113156565,219.366845262626,374.8324465936521,-33.56912905269261
0.0002869641785070955,54.90413396865888,219.61653587463553,261.0197772577723,-30.998919641306898
0.0002871750090269858,54.940506276879944,219.76202510751978,160.37274178515082,-26.107083361144547
0.00028738583954687606,54.942738529358124,219.7709541174325,80.30915618638774,-19.328388316650308
0.0002875334835003239,54.92064014821908,219.6825605928763,39.59016515768835,-13.760507919907432
0.00028753348350032737,54.92064014821831,219.68256059287324,39.59016515689693,-13.760507919771216
0.00028774431402021764,54.87434337380796,219.49737349523184,-11.530081916467916,-15.32575031792432
0.00028808331730295264,54.79998327477976,219.19993309911905,-104.51418976379102,-17.55573697472778
0.00028865153414758425,54.675570369510666,218.70228147804266,-284.48036664664994,-20.34312247576147
0.00028921975099221585,54.551440967866036,218.20576387146414,-484.65175884640695,-21.81092080405499
0.00028978796783684746,54.42759233047873,217.71036932191492,-692.0276646821729,-21.861264754624656
0.0002899999999999972,54.38144958767086,217.52579835068343,-768.7229759070808,-21.51331343951489
0.00029000000000000065,54.381449587670105,217.52579835068042,-768.7229759083195,-21.51331343950762
0.0002900000000000041,54.38144958766935,217.5257983506774,-768.7229759095702,-21.513313439500223
0.0002900000000000076,54.3814495876686,217.5257983506744,-768.7229759108209,-21.513313439492837
0.00029000000000001106,54.381449587667824,217.5257983506713,-768.7229759120706,-21.51331343935432
0.00029021004932644695,54.346725678772074,217.3869027150883,-828.4878140212699,-12.527407295089176
0.00029042009865288285,54.33743485124723,217.34973940498892,-855.1370330413993,-2.6606095260832046
0.00029047543041015576,54.339498579962374,217.3579943198495,-856.3550685414702,-7.709388682997087e-13
0.00029047543041015923,54.33949857996256,217.35799431985023,-856.3550685414709,1.652598058399235e-10
0.0002906854797365951,54.364683882068405,217.45873552827362,-839.0433273284219,9.837440493294698
0.000290895529063031,54.415085530647374,217.6603421225895,-788.7887733317154,18.758183894524116
0.0002911055783894669,54.48575641173791,217.94302564695164,-710.0006810892338,26.08676740034348
0.0002913156277159028,54.56903419804476,218.27613679217905,-609.2162652438925,31.286639004487363
0.0002915256770423387,54.65608797458184,218.62435189832735,-494.55057648241274,33.995949409086805
0.0002917357263687746,54.736973036522706,218.94789214609082,-375.0331968466975,34.05530105998025
0.0002919457756952105,54.80154999079613,219.20619996318453,-259.8833707579034,31.515625393257842
0.0002921558250216464,54.8403016648618,219.3612066594472,-157.78538181076766,26.63010476758793
0.00029236587434808227,54.84506796466212,219.38027185864848,-76.21981338482306,19.830463177595444
0.0002925243839711029,54.82233439329359,219.28933757317435,-31.80993182799839,13.776391690443287
0.0002925243839711064,54.82233439329282,219.28933757317128,-31.80993182720577,13.776391690304774
0.0002927344332975423,54.776291657179534,219.10516662871814,19.13197353552219,15.316250847467504
0.0002930748045052971,54.7017651122341,218.8070604489364,112.37255895021252,17.52316428442382
0.0002936459165535095,54.57694311947393,218.30777247789572,292.7496272765235,20.26858953901135
0.0002942170286017219,54.45240701891395,217.8096280756558,492.99483720499603,21.68604049480619
0.0002947881406499343,54.32815402742925,217.312616109717,699.97232334581,21.680053272240194
0.00029500000000000045,54.2821330992319,217.1285323969276,775.9325851385379,21.312941534733113
0.0002950000000000039,54.28213309923115,217.1285323969246,775.9325851397653,21.312941534725542
0.0002950000000000074,54.2821330992304,217.1285323969216,775.9325851410042,21.312941534717844
0.00029500000000001086,54.28213309922964,217.12853239691856,775.9325851422424,21.312941534575973
0.00029520935313825247,54.24794458285249,216.99177833140996,834.5198616761292,12.16925665579507
0.0002954187062764941,54.23970149094194,216.95880596376776,859.6131785888836,2.180913767835893
0.0002954634391481719,54.24150667341537,216.9660266936615,860.4156618316256,1.681694783428611e-10
0.0002954634391481754,54.241506673415564,216.96602669366226,860.4156618316259,-2.5934809855243657e-13
0.000295672792286417,54.26681070329836,217.06724281319345,842.9925091931274,-9.933927883358784
0.0002958821454246586,54.31766734897242,217.27066939588968,792.4058345576827,-18.947056519671477
0.00029609149856290023,54.38912421409724,217.55649685638895,713.0692385800331,-26.361250662466485
0.00029630085170114184,54.473513315850155,217.89405326340062,611.5270096734824,-31.637007037255824
0.00029651020483938346,54.56198641980031,218.24794567920125,495.9068571583785,-34.409231047490046
0.00029671955797762507,54.64457405707121,218.57829622828484,375.2597242933263,-34.51505851371806
0.0002969289111158667,54.711099603209696,218.84439841283879,258.8377480923834,-32.00194085278416
0.0002971382642541083,54.751993768324375,219.0079750732975,155.37155630838345,-27.119877329565753
0.0002973476173923499,54.75902894501442,219.03611578005768,72.40204770946026,-20.298088768440618
0.0002975156542088344,54.735876956863414,218.94350782745366,24.617534150130002,-13.802941229563302
0.00029751565420883786,54.73587695686265,218.9435078274506,24.617534149335427,-13.80294122942261
0.0002977250073470795,54.690059135425976,218.7602365417039,-26.20758868987878,-15.319583016687327
0.00029806666320493865,54.61536926495353,218.46147705981411,-119.75766427445753,-17.504705307826224
0.0002986405460625074,54.49014046203737,217.96056184814947,-300.64506090788774,-20.209961397886843
0.00029921442892007617,54.36519988150871,217.46079952603483,-501.0698116692668,-21.57840721971403
0.00029978831177764493,54.24054469757264,216.96217879029055,-707.7588449284007,-21.516997245987497
0.0003000000000000012,54.1946350696573,216.7785402786292,-783.0503851134956,-21.131067076828643
0.0003000000000000047,54.194635069656556,216.77854027862622,-783.0503851147124,-21.131067076820774
0.00030000000000000816,54.1946350696558,216.7785402786232,-783.0503851159408,-21.131067076812773
0.00030000000000001163,54.19463506965504,216.77854027862017,-783.0503851171683,-21.131067076667662
0.00030020868345804775,54.16095113572381,216.64380454289525,-840.5488832144194,-11.835509580593143
0.00030041736691608387,54.15370254464711,216.61481017858844,-864.1901143929413,-1.728947307561553
0.00030045235215147615,54.15521804259855,216.6208721703942,-864.6828248403082,-1.694573370514263e-10
0.0003004523521514796,54.15521804259873,216.62087217039493,-864.6828248403083,1.3784529073745944e-12
0.00030066103560951574,54.180647165164686,216.72258866065874,-847.1468574385059,10.030580757070801
0.00030086971906755186,54.231962220021984,216.92784888008794,-796.2242256384471,19.136142067340216
0.000301078402525588,54.30420440427654,217.21681761710616,-716.3338689354334,26.63578367791483
0.0003012870859836241,54.38969827655204,217.55879310620816,-614.0286112961833,31.987004897438233
0.0003014957694416602,54.479576598802936,217.91830639521174,-497.45047717364264,34.821475333779894
0.00030170445289969634,54.56384346284292,218.25537385137167,-375.6733318501791,34.972932588051044
0.00030191313635773246,54.632283754214434,218.52913501685774,-257.98338228914366,32.485468134634274
0.0003021218198157686,54.67527550762534,218.70110203050135,-153.15815166236533,27.606054641231367
0.0003023305032738047,54.68452392164525,218.738095686581,-68.7986159242322,20.761581069321323
0.00030250772213589403,54.66108759163659,218.64435036654635,-17.66107906511311,13.82982518434539
0.0003025077221358975,54.661087591635834,218.64435036654334,-17.661079064316418,13.829825184202509
0.0003027164055939336,54.615478678415236,218.46191471366095,33.05607976601117,15.324143972692205
0.0003030593229400807,54.5406154490007,218.1624617960028,126.91764288225853,17.488047133971467
0.00030363594328378053,54.41496218348967,217.65984873395868,308.3229245497742,20.15401837075694
0.00030421256362748035,54.28959950367227,217.15839801468908,508.93797841236824,21.474332004938887
0.00030478918397118017,54.16452454064218,216.6580981625687,715.3525388846498,21.35837246468894
0.0003050000000000011,54.11886868718296,216.47547474873184,789.7470035672786,20.954731707825577
0.0003050000000000046,54.11886868718221,216.47547474872883,789.7470035684852,20.954731707817412
0.00030500000000000806,54.11886868718146,216.47547474872584,789.7470035697036,20.954731707809128
0.00030500000000001153,54.1188686871807,216.4754747487228,789.7470035709207,20.95473170766101
0.0003052080923715504,54.085640035959635,216.34256014383854,846.2223049019888,11.518215998676904
0.0003054161847430893,54.07929935937945,216.3171974375178,868.5008135285725,1.301927822924787
0.0003054422021985437,54.08049512982806,216.32198051931223,868.7720091703018,5.861977570020827e-13
0.0003054422021985472,54.08049512982824,216.32198051931297,868.7720091703012,-1.7252688166990993e-10
0.00030565029457008607,54.106000086286265,216.42400034514506,851.1270362603971,-10.121819788490061
0.00030585838694162495,54.15770456783117,216.63081827132467,799.8804008542551,-19.314422557759464
0.00030606647931316383,54.23064170998828,216.9225668399531,719.4578990143959,-26.89412131864742
0.0003062745716847027,54.31712581970929,217.26850327883716,616.4230687342691,-32.31548955283311
0.0003064826640562416,54.40826851658979,217.63307406635917,498.9345218251025,-35.207143820913565
0.00030669075642778047,54.4940456868329,217.9761827473316,376.0907645547254,-35.39972086814839
0.00030689884879931935,54.56420325499859,218.25681301999435,257.21260208296997,-32.934343809668235
0.00030710694117085823,54.609068025410764,218.43627210164306,151.12326128658748,-28.0554054375173
0.0003073150335423971,54.62028173053454,218.48112692213817,65.4805434686576,-21.18791075206587
0.0003075002336429239,54.596705642492765,218.38682256997106,11.309398866010149,-13.863972880907987
0.00030750023364292737,54.596705642492,218.386822569968,11.30939886521086,-13.863972880763056
0.00030770832601446625,54.55127943134873,218.20511772539493,-39.3474703558158,-15.338096446109802
0.0003080524117644097,54.47624959759879,217.90499839039515,-133.55287706762059,-17.482247568813325
0.0003086316123438749,54.350183651025795,217.40073460410318,-315.5391899209619,-20.111196149173434
0.0003092108129233401,54.22441055561927,216.8976422224771,-516.4197096675059,-21.385492144338215
0.0003097900135028053,54.09892740113358,216.39570960453432,-722.6483537409317,-21.21691142891477
0.00030999999999999745,54.05350619494084,216.21402477976335,-796.2286493901329,-20.797261732786165
0.0003100000000000009,54.053506194940084,216.21402477976034,-796.2286493913306,-20.797261732777734
0.0003100000000000044,54.05350619493934,216.21402477975735,-796.2286493925398,-20.797261732769176
0.00031000000000000786,54.05350619493858,216.2140247797543,-796.2286493937477,-20.797261732618207
0.0003102075317382198,54.02070067365594,216.08280269462375,-851.7723189688352,-11.22725440593172
0.00031041506347643177,54.01520938887918,216.0608375555167,-872.7983720170059,-0.9060632486402156
0.000310432954078499,54.01607686739699,216.06430746958796,-872.9238847496473,-1.5631940186722204e-13
0.0003104329540785025,54.016076867397175,216.0643074695887,-872.9238847496462,1.751807587879739e-10
0.00031064048581671443,54.041665399746336,216.16666159898534,-855.1716841476315,10.211048340953845
0.0003108480175549264,54.093757405166144,216.37502962066458,-803.606515316694,19.488715813326642
0.00031105554929313834,54.16737752270593,216.6695100908237,-722.6614321488183,27.146543894368698
0.0003112630810313503,54.254829041776134,217.01931616710453,-618.9112436569502,32.636224897921586
0.00031147061276956225,54.34720202305278,217.38880809221112,-500.5316687654734,35.58340122048663
0.0003116781445077742,54.43444390687824,217.73777562751297,-376.6461203667809,35.815721618682716
0.00031188567624598616,54.50626191625377,218.02504766501508,-256.6098055352152,33.37147900991586
0.0003120932079841981,54.552932579703366,218.21173031881347,-149.2908339659687,28.49263470684219
0.00031230073972241006,54.56603590817728,218.2641436327091,-62.40229788739364,21.602448519976495
0.0003124935309750559,54.5424145399362,218.1696581597448,-5.268853052203871,13.896681572627038
0.0003124935309750594,54.542414539935436,218.16965815974174,-5.2688530514019645,13.896681572480096
0.00031270106271327134,54.49715571622407,217.98862286489629,45.33157463368865,15.351691749588998
0.0003130462748098953,54.42195512907661,217.68782051630643,139.86990906145374,17.476964579240438
0.0003136279748149889,54.295471973423666,217.18188789369466,322.42209293854125,20.070406307779404
0.0003142096748200825,54.16928391243187,216.6771356497275,523.5626067504669,21.30043499901466
0.0003147913748251761,54.04338799501299,216.17355198005197,729.6128452343307,21.08117326679461
0.00031499999999999703,53.99830745403331,215.99322981613324,802.2224089163584,20.647794305149546
0.0003150000000000005,53.99830745403256,215.99322981613025,802.2224089175475,20.647794305140863
0.000315000000000004,53.9983074540318,215.9932298161272,802.2224089187666,20.64779430513191
0.0003150000000000075,53.99830745403105,215.9932298161242,802.2224089199659,20.64779430497834
0.0003152070432713639,53.96587844264411,215.86351377057645,856.9055135995704,10.955801532368252
0.0003154140865427203,53.9611518642649,215.8446074570596,876.7757650472212,0.5387539763667277
0.00031542460933150075,53.96168554212281,215.84674216849123,876.8161718384524,1.7700507726203796e-10
0.0003154246093315042,53.961685542123,215.846742168492,876.8161718384507,-3.943512183468556e-13
0.0003156316526028606,53.98732052600085,215.9492821040034,858.962780278637,-10.293664715811524
0.000315838695874217,54.03973972904488,216.15895891617953,807.0974539138842,-19.6499311800315
0.0003160457391455734,54.113958413482194,216.45583365392878,725.661328383742,-27.379641077554062
0.0003162527824169298,54.202267261111096,216.80906904444439,621.2416413735524,-32.93174508285515
0.0003164598256882862,54.29573395754296,217.18293583017183,502.03226413900904,-35.92913063428117
0.0003166668689596426,54.3842771460049,217.5371085840196,377.18194276350187,-36.19675752375723
0.000316873912230999,54.45756620340495,217.8302648136198,256.0796015681865,-33.77044821497622
0.00031708095550235537,54.505829915928885,218.02331966371554,147.63603931196909,-28.890118902407202
0.00031728799877371177,54.520591038589465,218.08236415435786,59.61569944120092,-21.97765132913988
0.00031748731170102413,54.497009787866745,217.98803915146698,-0.15891845247003533,-13.933616021686369
0.0003174873117010276,54.497009787866,217.988039151464,-0.15891845327480714,-13.933616021537588
0.000317694354972384,54.45189503571966,217.80758014287863,-50.73826963287374,-15.371585284242732
0.0003180405919323858,54.37653398678993,217.50613594715972,-145.6228952031107,-17.47959803073993
0.0003186246030232115,54.24965487034827,216.9986194813931,-328.77004831151874,-20.040210991457684
0.00031920861411403715,54.12307295441867,216.49229181767467,-530.2172307772094,-21.228795027261533
0.0003197926252048628,53.99678524955626,215.98714099822504,-736.1581028041728,-20.961725182726173
0.0003199999999999972,53.9520134228522,215.8080536914088,-807.8994440089984,-20.515515724657497
0.0003200000000000007,53.95201342285144,215.80805369140575,-807.89944401018,-20.515515724648573
0.0003200000000000043,53.952013422850655,215.80805369140262,-807.8994440114288,-20.515515724639098
0.0003200000000000078,53.952013422849895,215.80805369139958,-807.8994440126203,-20.5155157244831
0.0003202065890994739,53.91992820899918,215.67971283599672,-861.8087440520409,-10.710159471903923
0.00032041317819894006,53.91590445211221,215.66361780844883,-880.6312797004181,-0.2033472005132957
0.000320417109560393,53.91611203844823,215.66444815379293,-880.6349295308502,-1.4530598946294049e-12
0.0003204171095603965,53.91611203844842,215.66444815379367,-880.6349295308477,1.7790746653645328e-10
0.0003206236986598626,53.9417977310096,215.7671909240384,-862.6848535124543,10.372334181718646
0.00032083028775932877,53.994532995819455,215.97813198327782,-810.5328374894233,19.803413856120763
0.0003210368768587949,54.06932382802847,216.2772953121139,-728.6280182425784,27.601485059652006
0.00032124346595826104,54.15844834992837,216.63379339971348,-623.5699070917586,33.21287795550617
0.0003214500550577272,54.25295246418044,217.01180985672175,-503.57014665175745,36.25786456641082
0.0003216566441571933,54.34272693029724,217.37090772118896,-377.8020424420809,36.55887065328027
0.00032186323325665946,54.41740478124154,217.66961912496615,-255.6869169446328,34.149408388602886
0.0003220698223561256,54.46716928478302,217.86867713913207,-146.17628758305142,29.267498760518578
0.00032227641145559174,54.48348892003642,217.9339556801457,-57.083293245446626,22.333765857084984
0.0003224817962026285,54.46000552382956,217.84002209531823,5.207164374849339,13.968401931260281
0.0003224817962026327,54.460005523828656,217.84002209531462,5.207164375820932,13.968401931079159
0.00032268838530209883,54.415020263415606,217.66008105366242,55.76812365508825,15.390578220944548
0.0003230355866378446,54.33950063142053,217.3580025256821,150.98086823837065,17.482461674673054
0.0003236217830033838,54.21223403061116,216.84893612244463,334.6945795633559,20.012289463816746
0.00032420797936892306,54.08526665911883,216.34106663647532,536.4353250870823,21.161890269817057
0.0003247941757344623,53.95859549060253,215.8343819624101,742.2750744591169,20.8497952923955
0.0003250000000000004,53.9141897096522,215.6567588386088,813.0796954992654,20.39276331409725
0.0003250000000000039,53.91418970965148,215.65675883860592,813.0796955004402,20.392763314088114
0.0003250000000000075,53.91418970965069,215.65675883860277,813.0796955016815,20.3927633140784
0.000325000000000011,53.91418970964994,215.65675883859976,813.0796955028658,20.392763313920224
0.0003252061961010634,53.882406864035964,215.52962745614386,866.2860420895122,10.485185408229142
0.00032541041358017265,53.87889651920402,215.51558607681608,884.15878693001,7.597478202114871e-12
0.0003254104135801761,53.87889651920421,215.51558607681685,884.15878693001,-1.722657572145181e-10
0.00032561660968122855,53.904608320391304,215.61843328156522,866.1193555071302,-10.443985027186697
0.000325822805782281,53.95761082253187,215.83044329012748,813.702672350276,-19.943093818436086
0.0003260290018833334,54.03290056544728,216.1316022617891,731.3660769038127,-27.803117868469904
0.00032623519798438585,54.12274261279438,216.49097045117753,625.7215999890383,-33.467950069067854
0.0003264413940854383,54.21816140069965,216.8726456027986,504.99862947059756,-36.55547855543462
0.0003266475901864907,54.309020628336626,217.2360825133465,378.39437669844233,-36.8858722190851
0.00032685378628754315,54.384918855564905,217.53967542225962,255.3609423116457,-34.49063894647249
0.0003270599823885956,54.435997064492405,217.74398825796962,144.88771501522484,-29.606211640768333
0.000327266178489648,54.453674194350285,217.81469677740114,54.832321032530295,-22.652228913802144
0.00032747237459070046,54.43127310195594,217.72509240782375,-8.650377122426086,-14.196410899277037
0.0003274767327033151,54.43033800454804,217.72135201819216,-9.676955429587139,-14.00438832473673
0.0003274767327033186,54.43033800454729,217.72135201818915,-9.676955430398689,-14.00438832458379
0.000327682928804371,54.385462746466416,217.54185098586566,-60.241498883848564,-15.412661702937141
0.00032803099308345915,54.30979666822067,217.23918667288268,-155.77754419843322,-17.490058245527592
0.00032861917158398475,54.18217003110802,216.7286801244321,-340.0536037912852,-19.991974866227878
0.00032920735008451035,54.0548444896967,216.2193779587868,-542.1052397996187,-21.10587362636515
0.00032979552858503595,53.927816983701554,215.71126793480622,-747.8903942877263,-20.752301045535468
0.00032999999999999626,53.88372811731575,215.534912469263,-817.8823624820585,-20.285298749465245
0.00032999999999999973,53.88372811731499,215.53491246925995,-817.8823624832269,-20.285298749455897
0.0003300000000000034,53.88372811731419,215.53491246925677,-817.8823624844802,-20.28529874944583
0.0003300000000000069,53.883728117313446,215.53491246925378,-817.8823624856581,-20.28529874928565
0.00033020583806727,53.852216111232124,215.4088644449285,-870.465321714673,-10.284586557719368
0.00033040445135655274,53.84896208325577,215.39584833302308,-887.5096803168321,-8.15347789284715e-13
0.0003304044513565585,53.84896208325609,215.39584833302436,-887.5096803168319,2.992557313064026e-10
0.0003306102894238216,53.87470329005443,215.4988131602177,-869.3873062253813,10.510392109125672
0.00033081612749108475,53.927957238673585,215.71182895469434,-816.7249949783034,20.072539230791843
0.0003310219655583479,54.00371155358869,216.01484621435475,-733.9878261175828,27.98994770725193
0.000331227803625611,54.09421893963645,216.3768757585458,-627.7996310180624,33.7042484783568
0.00033143364169287414,54.19048373672101,216.76193494688405,-506.40645817364083,36.83112565284034
0.00033163947976013727,54.28234437397639,217.12937749590557,-379.02785785258624,37.188670510986434
0.0003318453178274004,54.359367354756884,217.43746941902754,-255.14456104262538,34.80655449294532
0.00033205115589466353,54.41165449236579,217.64661796946316,-143.78104585056852,29.919763873570005
0.00033225699396192667,54.430578985356156,217.72231594142463,-52.83602336742821,22.9470492047381
0.0003324628320291898,54.40941274570688,217.63765098282752,11.489781615940904,14.455971125026284
0.0003324722632503948,54.407415261655316,217.62966104662127,13.734087389704449,14.037454385000409
0.00033247226325039826,54.40741526165457,217.62966104661828,13.73408739051764,14.037454384846281
0.0003326781013176614,54.36263675935459,217.45054703741835,64.30265594105445,15.433135001466455
0.0003330269564310227,54.28683070899545,217.1473228359818,160.1369477631578,17.497328587868285
0.00033361695942253085,54.15886277401263,216.63545109605053,344.93387939712335,19.973726080695453
0.000334206962414039,54.03119768122209,216.12479072488836,547.2745518180972,21.054893203609467
0.00033479696540554717,53.90383233862218,215.61532935448872,753.0112393328304,20.663251505531726
0.00033499999999999947,53.860072628591354,215.44029051436542,822.1978391844515,20.187858220287488
0.00033500000000000294,53.8600726285906,215.4402905143624,822.1978391856142,20.187858220277963
0.0003350000000000067,53.8600726285898,215.4402905143592,822.1978391868798,20.18785822026755
0.00033500000000001015,53.86007262858905,215.4402905143562,822.1978391880521,20.18785822010561
0.00033520553106937976,53.82879530490852,215.31518121963407,874.2247667570716,10.104503424260688
0.0003353992074238069,53.82575114446728,215.30300457786913,890.55040821135,3.9754866065777605e-12
0.0003353992074238104,53.825751144467475,215.3030045778699,890.5504082113499,-1.7837109567153675e-10
0.00033560473849318,53.85150531610976,215.40602126443903,872.3530133537618,-10.569784492991722
0.0003358102695625496,53.90497034844792,215.61988139379167,819.4687155312239,-20.188241152393395
0.0003360158006319192,53.9811252441769,215.9245009767076,736.3701015616414,-28.156774136276162
0.0003362213317012888,54.072210617223035,216.28884246889214,629.6924153689492,-33.91495838316837
0.00033642686277065843,54.16921179088342,216.6768471635337,507.69760709618646,-37.07650490626309
0.00033663239384002804,54.26194352155919,217.04777408623676,379.62619677906986,-37.4576787893065
0.00033683792490939765,54.33994275276093,217.35977101104373,254.98534546575866,-35.08657230865383
0.00033704345597876725,54.39327571988699,217.57310287954795,142.8314320563329,-30.19696589592773
0.00033724898704813686,54.41327462406059,217.65309849624236,51.100018768618746,-23.2069182962372
0.00033745451811750647,54.393166246495035,217.57266498598014,-13.967516064322682,-14.683951784028547
0.0003374682580295435,54.39028872323056,217.56115489292225,-17.266670068808704,-14.070374027069619
0.00033746825802954695,54.3902887232298,217.5611548929192,-17.266670069623558,-14.070374026914436
0.00033767378909891656,54.34559105444417,217.38236421777668,-67.85386689420582,-15.45512931589736
0.0003380233386581628,54.2696580222247,217.0786320888988,-163.97361731276,-17.50767258645495
0.0003386149644710777,54.14137910464179,216.56551641856717,-349.271835256464,-19.961350942461337
0.00033920659028399263,54.013404604529725,216.0536184181189,-551.9044979255764,-21.0131045943076
0.00033979821609690755,53.885731401304476,215.5429256052179,-757.627035599096,-20.587068811247974
0.00033999999999999607,53.84225574485145,215.3690229794058,-826.1202699551536,-20.10410478881547
0.00033999999999999954,53.842255744850696,215.36902297940279,-826.1202699563117,-20.10410478880578
0.00034000000000000333,53.84225574484988,215.36902297939952,-826.1202699575903,-20.104104788795027
0.0003400000000000068,53.842255744849126,215.3690229793965,-826.1202699587576,-20.104104788631513
0.0003402052561148687,53.81118456415053,215.24473825660212,-877.6628227672903,-9.946925525291215
0.00034039463066388954,53.80831991076746,215.23327964306984,-893.3739120677507,-9.201528428093297e-13
0.000340394630663893,53.80831991076764,215.23327964307057,-893.3739120677504,1.8250112532314233e-10
0.0003405998867787549,53.83408924509141,215.33635698036565,-875.1085216171155,10.623597772405091
0.00034080514289361677,53.88774787358761,215.55099149435043,-822.0230386664247,20.293072664396465
0.00034101039900847864,53.96426693904226,215.85706775616904,-738.5968962851684,28.30792160533562
0.0003412156551233405,54.055876010724816,216.22350404289926,-631.4757424837,34.10585693090205
0.0003414209112382024,54.15354313102203,216.61417252408813,-508.9360002160805,37.298805363203414
0.0003416261673530643,54.24706156327458,216.9882462530983,-380.2372355319231,37.70138398044082
0.00034183142346792616,54.32594146401913,217.30376585607652,-254.91056511671766,35.34026321323258
0.00034203667958278804,54.38021688683346,217.52086754733384,-142.0412285260869,30.44814079513076
0.0003422419356976499,54.40118300530287,217.60473202121148,-49.598075645598804,23.442457568149386
0.0003424471918125118,54.38202588927909,217.52810355711637,16.140837701544438,14.890707000790528
0.00034246479297531687,54.37837712688995,217.5135085075598,20.4014301179063,14.100212210589682
0.00034246479297532034,54.37837712688919,217.51350850755676,20.401430118722658,14.100212210433536
0.0003426700490901822,54.33374900608099,217.33499602432397,71.00644504179758,15.475275734401592
0.00034302021955645194,54.25769776223836,217.03079104895343,167.38466194541522,17.517438532415987
0.00034361330284837213,54.12913153298552,216.51652613194207,353.1382494252222,19.950806318204336
0.0003442063861402923,54.00087115854229,216.00348463416915,556.0377845265585,20.976187905680888
0.0003447994694322125,53.87291349230208,215.49165396920833,761.7510403778244,20.51927381397778
0.00034499999999999565,53.82971804321939,215.31887217287755,829.5834851987606,20.030035206595887
0.0003449999999999991,53.82971804321865,215.3188721728746,829.5834851999147,20.030035206586053
0.00034500000000000296,53.82971804321782,215.31887217287127,829.5834852012068,20.030035206574983
0.00034500000000000643,53.82971804321707,215.31887217286828,829.5834852023697,20.030035206410098
0.00034520502342493616,53.798822051403434,215.19528820561374,880.7029823290744,9.808588529657726
0.00034539067648354144,53.79610300536288,215.18441202145152,895.8888677980178,1.8395063250409294e-10
0.0003453906764835449,53.796103005363065,215.18441202145226,895.8888677980176,-4.085620730620576e-13
0.00034559569990847463,53.82187681153045,215.2875072461218,877.5634071687953,-10.670723841720775
0.00034580072333340435,53.875695752995604,215.50278301198242,824.300297877569,-20.384834365075356
0.0003460057467583341,53.952523691763545,215.81009476705418,740.5853275017116,-28.44012188604981
0.0003462107701832638,54.04457988492843,216.17831953971373,633.0737841392479,-34.2726468061433
0.0003464157936081935,54.142816598275985,216.57126639310394,510.055383584144,-37.492771598301154
0.00034662081703312324,54.23700760821586,216.94803043286345,380.8069857558204,-37.91368929301507
0.00034682584045805297,54.316639057514074,217.2665562300563,254.8812009735364,-35.560863722044886
0.0003470308638829827,54.37171646975953,217.4868658790381,141.38887217136883,-30.666098409146738
0.0003472358873079124,54.39350252483808,217.5740100993523,48.32807800803458,-23.64635622055639
0.00034744091073284214,54.375147892736734,217.50059157094694,-17.991217008162607,-15.069170042091038
0.0003474617471785354,54.37086567454056,217.48346269816224,-23.07048282431874,-14.128731578389296
0.00034746174717853885,54.37086567453981,217.48346269815923,-23.070482825136562,-14.128731578232307
0.00034766677060346857,54.326294284643694,217.30517713857478,-73.70150111593023,-15.495553923888739
0.00034801747316036717,54.250138009821484,217.00055203928594,-170.31894280574073,-17.528769349423598
0.0003486118204563551,54.12131604321033,216.4852641728413,-356.4956946055498,-19.944484960799663
0.00034920616775234307,53.9928011963519,215.9712047854076,-559.6525877688848,-20.94675018541882
0.000349800515048331,53.8645902997879,215.4583611991516,-765.3792695373285,-20.46263749299778
0.0003499999999999992,53.82162663052119,215.28650652208475,-832.661848740503,-19.967793240181976
0.00035000000000000265,53.82162663052044,215.28650652208177,-832.6618487416534,-19.967793240172014
0.00035000000000000656,53.821626630519596,215.28650652207838,-832.6618487429598,-19.967793240160642
0.00035000000000001,53.82162663051884,215.28650652207537,-832.6618487441191,-19.967793239994553
0.0003502048192469211,53.7908807464238,215.1635229856952,-883.420796703263,-9.690279043196783
0.00035038729566989977,53.78828421572847,215.15313686291387,-898.1651241571145,-1.7408297026122455e-12
0.00035038729566990324,53.78828421572865,215.1531368629146,-898.1651241571142,1.8345147623222147e-10
0.00035059211491681434,53.81406427034353,215.25625708137412,-879.7867238491791,10.71229835893623
0.00035079693416372544,53.868026104598265,215.47210441839306,-826.3670656772694,20.465791915586593
0.00035100175341063654,53.94512718259341,215.78050873037364,-742.3975214642875,28.55676846437677
0.00035120657265754764,54.03757769157874,216.15031076631496,-634.5418530027551,34.41983383717454
0.00035141139190445874,54.13631603562442,216.54526414249767,-511.10146200640145,37.66397282340723
0.00035161621115136984,54.23109886088553,216.92439544354212,-381.36841297263004,38.101123780466395
0.00035182103039828094,54.31139119725963,217.24556478903853,-254.9142149940844,35.755686675535685
0.00035202584964519204,54.367173481076286,217.46869392430514,-140.8722265767933,30.858675335864625
0.00035223066889210314,54.3896798131925,217.55871925277,-47.26623570858263,23.826628327236712
0.00035243548813901425,54.37202971843136,217.48811887372543,19.56571752203316,15.227108578710368
0.00035245916022919824,54.36720178133293,217.46880712533172,25.371956192318365,14.154027160052797
0.0003524591602292017,54.367201781332184,217.46880712532874,25.37195619313749,14.154027159895062
0.0003526639794761128,54.32267776233149,217.29071104932595,76.0267511645262,15.513730051552518
0.0003530151434155014,54.24642644262318,216.98570577049273,172.85536361596618,17.53919901614057
0.0003536105916840614,54.117374951798716,216.46949980719486,359.4065738055569,19.939578825588878
0.00035420603995262143,53.98863170083121,215.95452680332485,562.7929470612249,20.921699353195464
0.00035480148822118144,53.860193500096756,215.44077400038702,768.5354840215216,20.413848976540013
0.000354999999999996,53.817442831875894,215.26977132750358,835.3220827148571,19.91437768102823
0.00035499999999999947,53.81744283187517,215.26977132750068,835.3220827160042,19.91437768101816
0.0003550000000000034,53.81744283187432,215.26977132749727,835.3220827173251,19.9143776810065
0.0003550000000000069,53.817442831873564,215.26977132749425,835.3220827184813,19.914377680839394
0.00035520464955530003,53.78682113986658,215.14728455946633,885.7743264660807,9.589241424692581
0.0003553844422044671,53.7843222432083,215.1372889728332,900.1490632503678,5.311306949806749e-13
0.00035538444220447056,53.78432224320848,215.13728897283391,900.1490632503674,-1.8537704704613134e-10
0.0003555890917597637,53.81010178404379,215.24040713617515,881.7252019618427,-10.74776790518182
0.00035579374131505684,53.86417927170822,215.45671708683287,828.1711686315875,-20.534838417168952
0.00035599839087035,53.9415064939223,215.7660259756892,743.9832966007319,-28.6561969527685
0.0003562030404256431,54.034285544366185,216.13714217746474,635.8328698052985,-34.54519650470657
0.00035640768998093626,54.133442645751366,216.53377058300546,512.0316037548688,-37.80964521037216
0.0003566123395362294,54.228719459157205,216.91487783662882,381.8848780061444,-38.260421328053525
0.00035681698909152253,54.30956269059189,217.23825076236756,254.9806144452098,-35.92103834819131
0.00035702163864681567,54.36593117608583,217.46372470434332,140.4715681095368,-31.021866176747462
0.0003572262882021088,54.38903459174931,217.55613836699723,46.403509427065,-23.979116443820107
0.00035743093775740195,54.371966025791494,217.48786410316598,-20.861680377145838,-15.360413765177714
0.00035745693970035407,54.36669632856898,217.4667853142759,-27.272946349329914,-14.177361034701857
0.00035745693970035754,54.36669632856822,217.46678531427287,-27.272946350150242,-14.177361034543484
0.0003576615892556507,54.322209596744344,217.28883838697737,-77.95532009578898,-15.531174000183647
0.000358013136035593,54.24587586308956,216.98350345235824,-174.97303438054263,-17.55016645051724
0.00035860950877775855,54.11662555557305,216.4665022222922,-361.860537873831,-19.937617842807136
0.0003592058815199241,53.9876844446002,215.9507377784008,-565.4596571342479,-20.902612810540386
0.0003598022542620896,53.85904932339431,215.43619729357724,-771.2321640144582,-20.37448473653027
0.00035999999999999623,53.81646446532407,215.26585786129627,-837.625611199291,-19.87091055898516
0.0003599999999999997,53.81646446532332,215.26585786129328,-837.6256112004357,-19.870910558974984
0.0003600000000000037,53.81646446532246,215.26585786128985,-837.6256112017719,-19.870910558963054
0.0003600000000000072,53.81646446532171,215.26585786128683,-837.6256112029255,-19.87091055879508
0.0003602045043630373,53.78594568586503,215.14378274346012,-887.8241483543054,-9.505446962091444
0.00036038206918691577,53.78352689367905,215.1341075747162,-901.8957656883961,-1.8531665091359173e-10
0.00036038206918691923,53.783526893679245,215.13410757471698,-901.8957656883958,1.2025935802739696e-12
0.0003605865735499494,53.809307449283935,215.23722979713574,-883.4331497763869,10.778080252352975
0.0003607910779129795,53.863484534930315,215.45393813972126,-829.7645447900716,20.593855475880822
0.00036099558227600966,53.94100515432092,215.76402061728368,-745.3904648852548,28.74120423397467
0.0003612000866390398,54.0340645787124,216.1362583148496,-636.9885379457432,34.65241295791419
0.00036140459100206994,54.13357873749655,216.5343149499862,-512.8791926106077,37.93428576809957
0.0003616090953651001,54.22927660576785,216.9171064230714,-382.3790801763165,38.396793633461456
0.0003618135997281302,54.31058934406689,217.24235737626756,-255.09004651295368,36.06268820161891
0.00036201810409116036,54.367457424852056,217.46982969940822,-140.18133667928427,31.16178210151554
0.0003622226084541905,54.39106971741865,217.5642788696746,-45.71744752122016,24.109998326272994
0.00036242711281722064,54.37449674493393,217.4979869797357,21.919389790738155,15.47500341189047
0.00036245510133226015,54.36885497931907,217.47541991727627,28.85157170339155,14.197552994874368
0.0003624551013322636,54.368854979318314,217.47541991727326,28.85157170421293,14.197552994715444
0.00036265960569529376,54.32439803203762,217.29759212815048,79.55843595238727,15.546450411207433
0.00036301147159698255,54.247991975492745,216.99196790197098,176.7382217443413,17.56003889380775
0.0003636086189726388,54.11856893027061,216.47427572108245,363.9144473122388,19.936658668760778
0.00036420576634829503,53.989455899087204,215.95782359634882,567.6981539649411,20.887251895660718
0.0003648029137239513,53.86064966059081,215.44259864236324,773.5009139050009,20.342037390228807
0.00036499999999999586,53.81820550103242,215.2728220041297,839.5617341487717,19.835087592442942
0.00036499999999999933,53.81820550103168,215.2728220041267,839.5617341499144,19.835087592432686
0.0003650000000000034,53.8182055010308,215.2728220041232,839.5617341512661,19.835087592420496
0.00036500000000000687,53.81820550103006,215.27282200412023,839.5617341524178,19.83508759225182
0.0003652043869054421,53.78776850264315,215.1510740105726,889.5521674732705,9.436511011129577
0.0003653801317096111,53.78541149721498,215.14164598885992,903.3778407515754,1.8665602397049952e-10
0.00036538013170961457,53.785411497215165,215.14164598886066,903.3778407515751,-3.659295089164516e-13
0.0003655845186150498,53.811188923321446,215.24475569328578,884.8831482515359,-10.803057641875423
0.000365788905520485,53.86544368258409,215.46177473033637,831.1197394438296,-20.642475860354548
0.00036599329242592023,53.94311873713482,215.77247494853927,746.5916641838049,-28.81121121260623
0.00036619767933135546,54.036403568103836,216.14561427241534,637.9819149487395,-34.74066539543796
0.0003664020662367907,54.13620545858187,216.54482183432748,513.6182625842173,-38.03681435163101
0.0003666064531422259,54.232242755461996,216.92897102184799,382.82680956446535,-38.50888611853975
0.0003668108400476611,54.313933661836515,217.25573464734606,255.2210135280063,-36.1790144538611
0.00036701522695309634,54.3712034244233,217.4848136976932,139.9837977933213,-31.276566827650505
0.00036721961385853156,54.395223746807694,217.58089498723078,45.19511448904006,-24.217244991597124
0.0003674240007639668,54.37904662213445,217.5161864885378,-22.746088301097284,-15.568767155172274
0.000367453573063894,54.37311117870871,217.49244471483485,-30.09779007812401,-14.215544635646133
0.00036745357306389745,54.37311117870795,217.4924447148318,-30.097790078946346,-14.215544635486767
0.00036765795996933267,54.32867627722284,217.31470510889136,-80.83017343536393,-15.56053825920073
0.000368010078502629,54.25220937947189,217.00883751788757,-178.14993567074177,-17.569801447711864
0.0003686078474797552,54.12264169567956,216.49056678271825,-365.5760239797692,-19.93766894300648
0.00036920561645688147,53.993384697156216,215.97353878862486,-569.5245355418451,-20.876514415601804
0.0003698033854340077,53.86443515067072,215.4577406026829,-775.3654873360454,-20.317285492158874
0.00036999999999999506,53.82208956142593,215.28835824570373,-841.1829072195168,-19.80736845081398
0.00036999999999999853,53.8220895614252,215.2883582457008,-841.182907220658,-19.807368450803658
0.00037000000000000265,53.82208956142431,215.28835824569725,-841.182907222026,-19.807368450791223
0.0003700000000000061,53.82208956142357,215.28835824569427,-841.182907223176,-19.807368450621972
0.00037020428984075015,53.79171694460044,215.16686777840175,-891.0087567591856,-9.38189318328224
0.00037037858577603855,53.78940849108876,215.15763396435503,-904.6405654823079,-1.8738077756097482e-10
0.000370378585776042,53.78940849108895,215.1576339643558,-904.6405654823077,6.039613253960852e-14
0.00037058287561678605,53.81518412158809,215.26073648635236,-886.1197149914271,10.82351623215775
0.0003707871654575301,53.86950264964628,215.47801059858512,-832.2789695790708,20.682311901343372
0.0003709914552982741,53.94730381459675,215.789215258387,-747.6251973876285,28.868595948882394
0.00037119574513901814,54.04077248184934,216.16308992739735,-638.8456744278291,34.81305007047811
0.00037140003497976217,54.14080899818558,216.5632359927423,-514.2740556397279,38.120972937311564
0.0003716043248205062,54.23712315309732,216.9484926123893,-383.2440515818162,38.60098118695497
0.00037180861466125023,54.319122669329246,217.27649067731699,-255.37851086889737,36.274695752671214
0.00037201290450199426,54.376720422992584,217.50688169197034,-139.87146931461893,31.371109440737442
0.0003722171943427383,54.40107411124204,217.60429644496816,-44.815489183902145,24.30573032710042
0.0003724214841834823,54.38522054627365,217.5408821850946,23.376786428262964,15.646305264921523
0.0003724523555930394,54.37904603846049,217.51618415384195,31.075032098980437,14.23065357697897
0.00037245235559304286,54.37904603845973,217.5161841538389,31.07503209980356,14.230653576819238
0.0003726566454337869,54.334627383425826,217.3385095337033,81.82950186804118,15.572553075549814
0.000373008962482375,54.258109024800405,217.03243609920162,179.2648257953688,17.578398932564447
0.00037360722379487383,54.12842064913603,216.51368259654413,366.89742396251364,19.939308687307598
0.00037420548510737263,53.99904350561739,215.99617402246955,570.9843551305719,20.86876129610583
0.00037480374641987144,53.869974351429356,215.47989740571742,776.8621037990176,20.298290800124725
0.0003749999999999985,53.827702131495926,215.3108085259837,842.4931182479872,19.78594954478324
0.00037500000000000196,53.82770213149518,215.31080852598072,842.4931182491271,19.785949544772862
0.00037500000000000613,53.827702131494284,215.31080852597714,842.4931182505115,19.7859495447602
0.0003750000000000096,53.82770213149353,215.31080852597412,842.4931182516601,19.785949544590498
0.0003752042146734783,53.79737720949021,215.18950883796083,892.1915396379304,9.339511072385779
0.0003753773891410056,53.79510386037779,215.18041544151117,905.674073359984,1.8709123139615258e-10
0.00037537738914100906,53.79510386037798,215.1804154415119,905.6740733599838,-6.732392421326949e-13
0.00037558160381447774,53.82087524603294,215.28350098413176,887.1327197859248,-10.839517069974317
0.0003757858184879464,53.87524033119977,215.50096132479908,833.2313608985263,-20.71346691103168
0.0003759900331614151,53.95313631087888,215.81254524351553,748.47909162634,-28.913470531579346
0.0003761942478348838,54.046744391085376,216.1869775643415,639.5665760629898,-34.86964448281161
0.0003763984625083525,54.1469594513884,216.5878378055536,514.8321178941458,-38.18675720555504
0.00037660267718182117,54.2434845390287,216.9739381561148,383.6154258945397,-38.67294832577539
0.00037680689185528985,54.325719137796646,217.30287655118659,255.54673436095405,-36.349440465579775
0.00037701110652875854,54.383566422580266,217.53426569032106,139.82879693190887,-31.44493746939601
0.0003772153212022272,54.408173132208844,217.63269252883538,44.56404506734047,-24.374800795977812
0.0003774195358756959,54.39256422779837,217.57025691119347,-23.82418369696607,-15.70680471792966
0.00037745139171986965,54.38620951577813,217.5448380631125,-31.787217976481863,-14.243609651187494
0.0003774513917198731,54.38620951577737,217.54483806310947,-31.787217977305673,-14.243609651027473
0.0003776556063933418,54.34180134877864,217.36720539511455,-82.5632171664414,-15.583219156669898
0.00037800806825925577,54.26524145264241,217.06096581056963,-180.09392398005673,-17.586523299335667
0.0003786066960093551,54.13545667639958,216.5418267055983,-367.8972036031071,-19.942185523413364
0.00037920532375945444,54.00598355542751,216.02393422171005,-572.1027557912121,-20.864457646103144
0.0003798039515095538,53.87681883960049,215.50727535840196,-778.0209573539657,-20.285325933153665
0.0003799999999999986,53.83458541225487,215.33834164901947,-843.537928894631,-19.770884686483853
0.0003800000000000021,53.8345854122541,215.3383416490164,-843.53792889577,-19.77088468647343
0.0003800000000000063,53.83458541225319,215.33834164901276,-843.5379288971715,-19.770884686460548
0.0003800000000000098,53.834585412252444,215.33834164900978,-843.5379288983193,-19.770884686290508
0.00038020415592924487,53.80429453551072,215.21717814204288,-893.1433565983517,-9.308543474950469
0.00038037650134650704,53.80204642875425,215.208185715017,-906.5165864752933,-1.1723955140041653e-13
0.0003803765013465105,53.80204642875444,215.20818571501775,-906.516586475293,1.878959210444009e-10
0.0003805806572757456,53.82781472050706,215.31125888202823,-887.9596541836949,10.851770350355306
0.0003807848132049807,53.882214997787294,215.52885999114918,-834.0122111636697,20.73733800033494
0.00038098896913421577,53.96018260424223,215.8407304169689,-749.1849714444198,28.947881838322733
0.00038119312506345085,54.053896084481984,216.21558433792794,-640.1710717899437,34.913090446124656
0.00038139728099268594,54.1542462896531,216.6169851586124,-515.3122339087621,38.23732698626111
0.00038160143692192103,54.25093126319721,217.00372505278884,-383.9526162425616,38.728362151030204
0.0003818055928511561,54.33334431945518,217.33337727782072,-255.727982477586,36.40710567574607
0.0003820097487803912,54.39138130512744,217.56552522050976,-139.8476706001929,31.502028708503033
0.0003822139047096263,54.41618061351674,217.66472245406695,-44.421627303916495,24.428366572024206
0.0003824180606388614,54.40075811152586,217.60303244610344,24.118603946072145,15.753899658349845
0.0003824506732694143,54.39426527156382,217.57706108625527,32.28629938735858,14.254061213267157
0.00038245067326941776,54.39426527156307,217.5770610862523,32.286299388182954,14.254061213106915
0.00038265482919865284,54.34986329812953,217.3994531925181,83.08045491758469,15.592022769191967
0.0003830073925563482,54.27327001042702,217.09308004170808,180.68575539436043,17.593513230113395
0.0003836062819127539,54.1434093729717,216.5736374918868,368.622597488976,19.945380145397692
0.00038420517126915965,54.01386070994953,216.05544283979813,572.9235918583732,20.86239396857532
0.00038480406062556537,53.884620765832125,215.5384830633285,778.8796866324974,20.27687457455381
0.00038499999999999494,53.842404722795074,215.3696188911803,844.3300456210713,19.760746503836298
0.0003849999999999984,53.84240472279432,215.36961889117728,844.3300456222099,19.76074650382585
0.0003850000000000027,53.842404722793404,215.36961889117362,844.3300456236286,19.76074650381276
0.00038500000000000616,53.84240472279266,215.36961889117063,844.330045624776,19.76074650364248
0.0003852041140516003,53.81213522930209,215.24854091720837,893.8714534553347,9.287181572416236
0.0003853758838276767,53.80990261795587,215.23961047182348,907.1692499237039,2.948752353404416e-13
0.0003853758838276802,53.809902617956055,215.23961047182422,907.1692499237037,-1.878994737580797e-10
0.0003855799978792743,53.83566643390444,215.34266573561777,888.6012747827904,-10.860473286227155
0.00038578411193086846,53.89008884599049,215.56035538396196,834.6211549581143,-20.75429758423494
0.0003859882259824626,53.96810391116007,215.87241564464028,749.740730454224,-28.972339093910616
0.00038619234003405673,54.06188831443402,216.2475532577361,640.6548647972685,-34.94398302634876
0.00038639645408565087,54.16233008753199,216.64932035012797,515.7076755813956,-38.273304430610956
0.000386600568137245,54.25912375628169,217.03649502512675,384.24645101390183,-38.76781083372703
0.00038680468218883914,54.34165828396724,217.36663313586897,255.91085602272508,-36.448187807592646
0.0003870087962404333,54.399824334714495,217.59929733885798,139.91488684946233,-31.542738633692515
0.0003872129102920274,54.4247543854157,217.6990175416628,44.37381983053062,-24.466606013414157
0.00038741702434362155,54.40945784178736,217.63783136714943,-24.274969515697705,-15.787571484900745
0.00038745015426663447,54.402870558160686,217.61148223264274,-32.583764841680704,-14.262589638334836
0.00038745015426663794,54.40287055815993,217.61148223263973,-32.58376484250554,-14.26258963817444
0.0003876542683182321,54.35847066614195,217.4338826645678,-83.3947572912475,-15.599516093423105
0.0003880068920359342,54.281852142423574,217.1274085696943,-181.05754069606834,-17.599868505923844
0.0003886059451284467,54.15193550228449,216.60774200913795,-369.0974041082415,-19.949273925630433
0.00038920499822095916,54.02233105689906,216.08932422759625,-573.475992763094,-20.86277373298808
0.00038980405131347164,53.89303554714051,215.57214218856203,-779.470804819227,-20.27291379288083
0.0003899999999999986,53.85081090554863,215.4032436221945,-844.909073066884,-19.755362812727473
0.00039000000000000205,53.85081090554789,215.40324362219155,-844.9090730680223,-19.755362812717
0.0003900000000000064,53.85081090554695,215.4032436221878,-844.9090730694585,-19.755362812703716
0.00039000000000000986,53.850810905546204,215.40324362218482,-844.9090730706054,-19.755362812533274
0.000390204084900888,53.82055260740645,215.2822104296258,-894.4125106800954,-9.27449398492688
0.0003903755002579033,53.818328329512205,215.27331331804882,-907.66463315849,-3.090860900556436e-13
0.00039037550025790676,53.81832832951238,215.27331331804953,-907.6646331584898,1.880060551684437e-10
0.0003905795851587849,53.844088643930036,215.37635457572014,-889.0894743290412,10.866239396925938
0.000390783670059663,53.89852445142173,215.5940978056869,-835.0880642429422,20.765548755239358
0.0003909877549605411,53.97656906568888,215.9062762627555,-750.1728921441226,28.988595919913074
0.0003911918398614192,54.07039809663378,216.28159238653512,-641.0398297486867,34.9645702126198
0.00039139592476229734,54.17089788394836,216.68359153579345,-516.034424816563,38.29735637469735
0.00039160000966317546,54.26776079833123,217.07104319332493,-384.50588119736364,38.79428325006292
0.0003918040945640536,54.35037307254884,217.40149229019536,-256.09631111141834,36.47587890858945
0.0003920081794649317,54.40862204450025,217.634488178001,-140.02269971802352,31.5703225613805
0.0003922122643658098,54.43363631664678,217.73454526658713,-44.40381290373911,24.492680096245074
0.0003924163492666879,54.41842098632612,217.67368394530448,24.319085426099647,15.8107173915456
0.0003924498219568996,54.41177085836008,217.64708343344032,32.72203502356402,14.269052873206373
0.00039244982195690305,54.41177085835933,217.64708343343733,32.72203502438921,14.269052873045876
0.00039265390685778117,54.36737004211461,217.46948016845843,83.54681846972132,15.605426713320718
0.0003930065584141985,54.29073292907614,217.16293171630457,181.2503745078468,17.605190928635707
0.00039360569563704205,54.1607768068633,216.6431072274532,369.3633335740638,19.953240994506594
0.0003942048328598856,54.031133018370234,216.12453207348094,573.8003283631391,20.864702833377663
0.00039480397008272915,53.90179830235145,215.6071932094058,779.8306128230654,20.272256105648196
0.00039499999999999475,53.85954929492205,215.4381971796882,845.2920180599414,19.75360280051645
0.0003949999999999982,53.859549294921294,215.43819717968518,845.2920180610795,19.753602800505952
0.0003950000000000026,53.859549294920356,215.43819717968142,845.2920180625334,19.753602800492477
0.0003950000000000061,53.85954929491961,215.43819717967844,845.2920180636802,19.753602800321953
0.00039520406830496235,53.82929306922791,215.31717227691163,894.7789110555556,9.268935665994103
0.00039537531644791095,53.827070254661535,215.30828101864614,908.0101226338862,1.2363443602225743e-12
0.0003953753164479144,53.82707025466172,215.30828101864688,908.0101226338861,-1.87146298458174e-10
0.0003955793847528707,53.85282634047065,215.4113053618826,889.431208363699,-10.869327651859555
0.00039578345305782696,53.90726608477371,215.62906433909484,835.418640359987,-20.771587180612855
0.00039598752136278323,53.985322488612255,215.94128995444902,750.4851807791676,-28.997346221390018
0.0003961915896677395,54.07917070060758,216.3166828024303,641.3271399415647,-34.97569247645245
0.00039639565797269577,54.17969628792242,216.71878515168967,516.2907165281374,-38.310408760198854
0.00039659972627765203,54.276590595482006,217.10636238192802,384.726026388088,-38.80872470732001
0.0003968037945826083,54.35923850363281,217.43695401453124,256.2763946187157,-36.49107722158105
0.00039700786288756457,54.41752564551099,217.67010258204397,140.16033921552236,-31.58556954754623
0.00039721193119252084,54.44257857996047,217.77031431984187,44.49846782850485,-24.50721514038084
0.0003974159994974771,54.42740007559294,217.70960030237177,-24.26585258149975,-15.82375959586425
0.0003974496392241828,54.42071877088742,217.68287508354967,-32.71572398444945,-14.273920044109891
0.00039744963922418625,54.420718770886666,217.68287508354666,-32.7157239852749,-14.273920043949339
0.0003976537075291425,54.376314262824316,217.50525705129726,-83.55274489532287,-15.61018408937891
0.00039800635735992454,54.29966491667951,217.19865966671804,-181.2835259777726,-17.60985071745219
0.0003986055074570381,54.169684624201054,216.67873849680421,-369.44533853006556,-19.95752331510304
0.00039920465755415165,54.04001673028077,216.16006692112308,-573.9259081074449,-20.868238511369
0.0003998038076512652,53.91065797289394,215.64263189157575,-779.9907410047904,-20.274729315703595
0.00039999999999999796,53.86836702134666,215.47346808538663,-845.5128829343085,-19.7551909204472
0.00040000000000000143,53.86836702134592,215.47346808538367,-845.5128829354464,-19.755190920436696
0.0004000000000000059,53.868367021344966,215.47346808537986,-845.5128829369186,-19.755190920423047
0.00040000000000000934,53.86836702134421,215.47346808537685,-845.5128829380654,-19.755190920252506
0.00040020406110007403,53.83810574232995,215.3524229693198,-895.0018344049248,-9.269585280770627
0.0004003753006846598,53.83587942175634,215.34351768702535,-908.2333109159156,-1.1723955140041653e-12
0.00040037530068466327,53.83587942175652,215.3435176870261,-908.2333109159154,1.872280108727864e-10
0.00040057936178472796,53.861632089694645,215.44652835877858,-889.6534695635339,10.870257553993024
0.00040078342288479266,53.91606952156582,215.66427808626327,-835.6380907649702,20.77342934876348
0.00040098748398485735,53.9941247986691,215.9764991946764,-750.6998648992222,29.000066336106965
0.00040119154508492204,54.087973176255716,216.35189270502286,-641.5350205572412,34.97923328408622
0.00040139560618498673,54.18850026688805,216.7540010675522,-516.4897066080614,38.314682893283766
0.0004015996672850514,54.28539738058358,217.14158952233433,-384.91406785311483,38.813607869969374
0.0004018037283851161,54.36804922673644,217.47219690694575,-256.4515821652391,36.49640339070157
0.0004020077894851808,54.42634109049848,217.70536436199393,-140.3210801791514,31.591129593306256
0.0004022118505852455,54.45139898326368,217.80559593305472,-44.643662949191096,24.512759962417796
0.0004024159116853102,54.436224926212006,217.74489970484802,24.136627310260835,15.829008403961623
0.0004024495916827574,54.42953524026117,217.71814096104467,32.59899575025954,14.277172928031398
0.0004024495916827609,54.42953524026042,217.71814096104168,32.598995751085184,14.277172927870833
0.00040265365278282557,54.385125105816854,217.54050042326742,83.44567697016224,15.61366592862631
0.0004030062783249339,54.308468616211194,217.23387446484477,181.19104617239697,17.613620974984173
0.000403605385373038,54.17847657952466,216.71390631809865,369.37905482557585,19.96169985631939
0.000404204492421142,54.04879694705628,216.19518778822513,573.8882214758054,20.872723771769923
0.0004048035994692461,53.91942645706409,215.67770582825636,779.9840752709991,20.279412732858876
0.00040499999999999445,53.8770837618976,215.5083350475904,845.5898252110928,19.759239565052972
0.0004049999999999979,53.87708376189686,215.50833504758745,845.5898252122312,19.759239565042467
0.0004050000000000024,53.87708376189589,215.50833504758356,845.5898252137215,19.759239565028643
0.0004050000000000059,53.877083761895136,215.50833504758054,845.5898252148686,19.75923956485813
0.000405204062795504,53.846811317268724,215.3872452690749,895.0956072338718,9.275156406470266
0.00040537542360235325,53.84457689188499,215.37830756753996,908.344446394557,1.87243998084341e-10
0.0004053754236023567,53.84457689188517,215.37830756754067,908.3444463945566,-1.1404210908949608e-12
0.0004055794863978548,53.87032580724888,215.48130322899553,889.7660899145429,-10.86929868134493
0.0004057835491933529,53.92475450410114,215.69901801640455,835.7550307629242,-20.771593944962106
0.000405987611988851,54.002796442133324,216.0111857685333,750.8236269606368,-28.99748889416203
0.0004061916747843491,54.09662740896144,216.38650963584575,641.6676301344595,-34.97609163204524
0.0004063957375798472,54.19713370227191,216.78853480908765,516.6325971329992,-38.31118706358122
0.00040659980037534527,54.29400738526656,217.17602954106624,385.0680012677276,-38.80998721919906
0.00040680386317084336,54.37663396092151,217.50653584368604,256.6166091223481,-36.49289274234893
0.00040700792596634145,54.434899504468994,217.73959801787598,140.4965418726716,-31.587955175839525
0.00040721198876183954,54.459930768216374,217.8397230728655,44.82823428432135,-24.51012593961108
0.0004074160515573376,54.44473042241929,217.77892168967716,-23.944855745127363,-15.827084758990278
0.0004074496495219981,54.43805437441494,217.75221749765976,-32.38666051671955,-14.279189695606117
0.00040744964952200155,54.4380543744142,217.7522174976568,-32.386660517545316,-14.27918969544557
0.00040765371231749964,54.393636920145944,217.57454768058378,-83.2415208067576,-15.616208959759486
0.00040800629405331103,54.31697795084715,217.2679118033886,-180.99149691555928,-17.61678117381743
0.00040860531037207167,54.18698521257861,216.74794085031445,-369.1878294234983,-19.9659284208375
0.0004092043266908323,54.05730483265354,216.22921933061417,-573.7141537409636,-20.878144579728776
0.00040980334300959293,53.92793355052933,215.71173420211733,-779.8391413777822,-20.286081364140163
0.00040999999999999457,53.88552889681678,215.54211558726712,-845.5513913211835,-19.765449761032656
0.00040999999999999804,53.885528896816034,215.54211558726414,-845.5513913223222,-19.765449761022147
0.0004100000000000026,53.885528896815046,215.54211558726018,-845.5513913238308,-19.76544976100816
0.00041000000000000606,53.88552889681429,215.54211558725717,-845.5513913249782,-19.76544976083772
0.0004102040709644104,53.85524075629076,215.42096302516305,-895.0862530831715,-9.284816069232988
0.0004103756584130073,53.852995042880764,215.41198017152306,-908.3665021331594,-1.864446375066109e-10
0.0004103756584130108,53.852995042880934,215.41198017152374,-908.366502133159,1.8971491044794675e-12
0.00041057972937741513,53.87874087320104,215.51496349280416,-889.7915347798923,10.866878403524922
0.00041078380034181947,53.93315679320585,215.7326271728234,-835.790417903301,20.766916021064972
0.0004109878713062238,54.011176897846106,216.04470759138442,-750.874951878338,28.99082394878874
0.00041119194227062816,54.104977878700275,216.4199115148011,-641.7400703104277,34.96780649340686
0.0004113960132350325,54.205447257738406,216.82178903095362,-516.7302765284605,38.301729351623806
0.00041160008419943684,54.3022785077742,217.2091140310968,-385.1937874348608,38.79986641228369
0.0004118041551638412,54.38485871278702,217.5394348511481,-256.7719518150584,36.48265800537065
0.0004120082261282455,54.44307564789787,217.77230259159148,-140.68136317797322,31.57817038817807
0.00041221229709264987,54.46805781560002,217.87223126240008,-45.04088043624467,24.501342625796696
0.0004124163680570542,54.45280960811446,217.81123843245783,23.707591587436173,15.819813889785308
0.00041244979869024616,54.446162609515355,217.78465043806142,32.10559711307289,14.280017276798407
0.00041244979869024963,54.4461626095146,217.7846504380584,32.10559711389871,14.2800172766379
0.000412653869654654,54.40173676185594,217.60694704742377,82.96657175120501,15.617778458808118
0.00041300639359478637,54.325078936312785,217.30031574525114,180.71225657032073,17.619212361645545
0.000413605283887793,54.19509413165538,216.78037652662152,368.9009610073506,19.969930960310474
0.0004142041741807996,54.065421600218706,216.26168640087482,573.4334722491009,20.884025380722782
0.0004148030644738062,53.936058083349025,215.7442323333961,779.5840921360361,20.294035772181516
0.00041499999999999404,53.89358699587876,215.57434798351505,845.4147771890362,19.773138121253744
0.0004149999999999975,53.89358699587803,215.57434798351213,845.4147771901755,19.773138121243246
0.0004150000000000021,53.89358699587704,215.57434798350815,845.4147771917028,19.773138121229103
0.0004150000000000056,53.893586995876284,215.57434798350513,845.4147771928507,19.773138121058764
0.00041520408499486837,53.86327951338865,215.4531180535546,894.9878869264962,9.297527858801942
0.000415375980786761,53.86101971102164,215.44407884408656,908.3103120975395,1.8761170395009685e-10
0.00041537598078676447,53.86101971102181,215.44407884408724,908.3103120975392,-6.608047442568932e-13
0.00041558006578162724,53.886762351459815,215.54704940583926,889.7402713022761,-10.863244521998432
0.00041578415077649,53.94116154843703,215.76464619374812,835.7536449466409,-20.759873727097222
0.0004159882357713528,54.01915221330045,216.0766088532018,750.8615175505946,-28.980750112565396
0.0004161923207662156,54.112912200237254,216.45164880094902,641.7577636330077,-34.95521630259062
0.00041639640576107836,54.213330649926306,216.85332259970522,516.7854994594442,-38.287258791943295
0.00041660049075594114,54.31010293469392,217.2404117387757,385.2912502916718,-38.78424990208198
0.0004168045757508039,54.392618325104394,217.57047330041758,256.9144047043711,-36.466700842618835
0.0004170086607456667,54.45076701760972,217.80306807043888,140.86938068213058,-31.562715990392167
0.00041721274574052947,54.47568008887841,217.90272035551365,45.27271963861333,-24.48723502759988
0.00041741683073539225,54.46036455355182,217.84145821420728,-23.436038806432077,-15.807856517914749
0.00041745001560566204,54.45376085417063,217.81504341668253,-31.7690391694109,-14.279956774064475
0.0004174500156056655,54.453760854169886,217.81504341667954,-31.769039170236734,-14.279956773904038
0.0004176541006005283,54.40932575300735,217.6373030120294,-82.63487093979789,-15.618637670470314
0.0004180065554835403,54.33267224217229,217.33068896868917,-180.36952639536415,-17.62112779710282
0.0004186052916947265,54.202702676890354,216.81081070756142,-368.53854555370896,-19.973815467879724
0.00041920402790591267,54.073045267462724,216.2921810698509,-573.069095965099,-20.890326933464287
0.00041980276411709885,53.94369675768286,215.77478703073143,-779.2430447873072,-20.30305699016302
0.00041999999999999785,53.90115489686988,215.60461958747953,-845.2032352008345,-19.782030601867366
0.0004200000000000013,53.901154896869144,215.60461958747658,-845.2032352019742,-19.78203060185687
0.00042000000000000603,53.90115489686813,215.6046195874725,-845.203235203538,-19.782030601842408
0.0004200000000000095,53.901154896867375,215.6046195874695,-845.2032352046864,-19.782030601672204
0.00042020410303659773,53.87082564412556,215.48330257650224,-894.8216495753177,-9.312591543109185
0.0004203763689579635,53.86855000720405,215.4742000288162,-908.194510171666,-1.8700063719734317e-10
0.00042037636895796696,53.868550007204234,215.47420002881694,-908.1945101716658,1.1812772982011666e-12
0.0004205804719945552,53.89429000550455,215.5771600220182,-889.630523963351,10.858736240706612
0.0004207845750311434,53.948670279259396,215.79468111703758,-835.6617217871743,20.751129339604027
0.00042098867806773164,54.02662670005812,216.10650680023247,-750.7983462083006,28.968225851373095
0.00042119278110431987,54.12033849308207,216.4813539723283,-641.7330206757105,34.939537928861846
0.0004213968841409081,54.22069672474793,216.88278689899172,-516.8072121170751,38.269201919238725
0.0004216009871774963,54.31739904433275,217.269596177331,-385.36541794625134,38.76471444409411
0.00042180509021408455,54.399837367049415,217.59934946819766,-257.0446555765818,36.44667889396225
0.0004220091932506728,54.45790484613235,217.8316193845294,-141.05668596038805,31.543252871573223
0.000422213296287261,54.482735733041935,217.93094293216774,-45.51519175260507,24.469383859968083
0.00042241739932384923,54.46734031008323,217.86936124033292,23.143235239524046,15.792627441007404
0.0004224502877786732,54.460789215836186,217.84315686334475,31.397454979078056,14.279081985763053
0.00042245028777867664,54.46078921583544,217.84315686334176,31.397454979903873,14.279081985602698
0.00042265439081526487,54.41634445224107,217.66537780896428,82.26656986986045,15.618798042461872
0.00042300676958533564,54.33969759725452,217.35879038901808,179.98450355907704,17.622473727217884
0.00042360533322938427,54.20974864746663,216.83899458986653,368.1236436025863,19.977403495672217
0.0004242038968734329,54.08011171359031,216.32044685436125,572.6447955749946,20.896713709996856
0.0004248024605174815,53.95078354224717,215.8031341689887,778.8388131990984,20.31262966872848
0.00042499999999999797,53.908170626465605,215.63268250586242,844.9317218085631,19.7916163584198
0.00042500000000000144,53.90817062646486,215.63268250585944,844.9317218097033,19.79161635840932
0.0004250000000000062,53.908170626463836,215.63268250585534,844.9317218112859,19.791616358394705
0.0004250000000000097,53.90817062646308,215.63268250585233,844.931721812435,19.791616358224648
0.00042520412448386526,53.87781789077606,215.51127156310423,894.600112130573,9.329205177753256
0.00042537680360649736,53.8755250218656,215.5021000874624,908.0290978044111,1.8738077756097482e-10
0.00042537680360650083,53.87552502186578,215.50210008746313,908.0290978044109,-6.998845947236987e-13
0.0004255809280903564,53.901262404035926,215.6050496161437,889.4719945731475,-10.85356175429714
0.000425785052574212,53.95562174743794,215.82248698975175,835.5234711422426,-20.74108533295558
0.0004259891770580676,54.03353997035631,216.13415988142523,750.6928527873486,-28.953824134523604
0.00042619330154192316,54.12719779211314,216.50879116845255,641.6713957501195,-34.92148236556038
0.00042639742602577875,54.22748840064172,216.90995360256687,516.7987532155897,-38.248368140910785
0.00042660155050963433,54.324111970430735,217.29644788172294,385.4171744937893,-38.7421230049432
0.0004268056749934899,54.40646337605912,217.6258535042365,257.1610241152739,-36.423460755257395
0.0004270097994773455,54.46443911145046,217.85775644580184,141.23906139662714,-31.520606627410906
0.0004272139239612011,54.4891770506944,217.9567082027776,45.76170727136092,-24.448524881060674
0.00042741804844505666,54.47369124247084,217.89476496988337,-22.83784395917947,-15.77473003515626
0.00042745059702721777,54.467200821130376,217.8688032845215,-31.001588347581844,-14.277627616799027
0.00042745059702722124,54.46720082112962,217.8688032845185,-31.001588348407587,-14.277627616638767
0.0004276547215110768,54.42274615608278,217.69098462433112,-81.87300596464311,-15.618462913648859
0.000428007019318254,54.34610788440035,217.3844315376014,-179.5702178465465,-17.62341334692194
0.00042860539771507364,54.216183780252024,216.8647351210081,-367.6723337930922,-19.980773998076145
0.00042920377611189325,54.08657153530429,216.34628614121715,-572.1788448713922,-20.90314729058727
0.00042980215450871286,53.95726789928078,215.82907159712312,-778.3905742227669,-20.32257240667269
0.0004299999999999975,53.91458386842285,215.6583354736914,-844.6184810121374,-19.80167176211166
0.00043000000000000097,53.914583868422106,215.65833547368842,-844.6184810132783,-19.801671762101194
0.0004300000000000057,53.91458386842108,215.65833547368433,-844.6184810148436,-19.80167176208676
0.00043000000000000915,53.914583868420344,215.65833547368138,-844.6184810159953,-19.801671762076147
0.00043000000000001387,53.91458386841933,215.6583354736773,-844.6184810175517,-19.801671761846794
0.0004300000000000186,53.91458386841831,215.65833547367325,-844.6184810191082,-19.801671761617442
0.00043000000000004216,53.914583868413224,215.6583354736529,-844.6184810268908,-19.80167176047067
0.00043000000000016007,53.9145838683878,215.6583354735512,-844.6184810658034,-19.801671754736798
0.0004300000000007496,53.914583868260664,215.65833547304265,-844.6184812603664,-19.801671726067443
0.0004300000000036973,53.91458386762497,215.65833547049988,-844.6184822331811,-19.80167158272067
0.00043000000001843565,53.91458386444651,215.65833545778605,-844.6184870972548,-19.801670865986793
0.0004300000000921275,53.91458384855425,215.658335394217,-844.6185114176208,-19.80166728231729
0.00043000000046058685,53.91458376909299,215.65833507637197,-844.618633019384,-19.801649363967083
0.0004300000023028835,53.91458337178799,215.65833348715196,-844.6192410265501,-19.80155977214861
0.0004300000115143668,53.914581385295755,215.65832554118302,-844.6222810211166,-19.801111811370145
0.0004300000575717833,53.914571453653075,215.6582858146123,-844.6374799623395,-19.798871965328033
0.00043000028785886586,53.91452181590375,215.658087263615,-844.7134488763294,-19.78767168167986
0.00043000143929427853,53.91427413901436,215.65709655605744,-845.0926484083889,-19.73164396588931
0.0004300071964713419,53.9130485826814,215.6521943307256,-846.9724909621083,-19.45085275366975
0.00043003598235665874,53.90724533356808,215.6289813342723,-855.9642988924331,-18.031185536030936
0.00043017991178324297,53.88673953558904,215.54695814235615,-890.3727696683741,-10.617701704303023
0.0004303769217451442,53.88290553255956,215.53162213023825,-907.8306747325297,-4.902744876744691e-13
0.00043037692174514766,53.88290553255974,215.53162213023896,-907.8306747325296,1.8816237457031093e-10
0.0004305749873996111,53.9074780378615,215.629912151446,-890.3552639711636,10.536313107348501
0.00043077305305407455,53.95908435085616,215.83633740342464,-839.4669394059642,20.184194223512097
0.000430971118708538,54.03320484050878,216.13281936203512,-759.1896073174519,28.29136507418236
0.00043116918436300145,54.123176467942706,216.49270587177082,-655.509294498848,34.32471549677647
0.0004314080903220964,54.240108164508605,216.96043265803442,-510.23740745645347,38.31669556532334
0.0004316469962811914,54.35125442329701,217.40501769318803,-356.7529561480205,38.44246729970132
0.00043188590224028635,54.43974355172781,217.75897420691123,-210.3613116531099,34.78052877654062
0.0004321248081993813,54.4899748149464,217.9598992597856,-85.29318731356177,27.78877919662427
0.0004323637141584763,54.489141305012176,217.9565652200487,6.70386502495098,18.2501917596032
0.00043245151280847427,54.47421857635252,217.89687430541008,30.523100226671097,14.284542292231382
0.00043245151280847774,54.47421857635176,217.89687430540704,30.523100227494005,14.28454229207238
0.0004326904187675727,54.42218584283538,217.68874337134153,90.5244048401559,15.839863227604239
0.0004330430947031323,54.34546616092391,217.38186464369565,189.5175552458797,17.806784942521627
0.000433645946472474,54.21457345185791,216.85829380743164,380.5471362834066,20.09752995469745
0.00043424879824181567,54.08399728823202,216.33598915292808,587.2832456454591,20.92358615060222
0.00043485165001115735,53.9537343349028,215.8149373396112,794.6485963515115,20.22327530944203
0.00043499999999999436,53.92172759970921,215.68691039883683,844.2489324108833,19.8177292857825
0.00043499999999999783,53.921727599708454,215.68691039883382,844.2489324120269,19.817729285772025
0.00043500000000000266,53.921727599707424,215.6869103988297,844.2489324136299,19.81772928575728
0.00043500000000000613,53.92172759970667,215.68691039882668,844.2489324147804,19.817729285587564
0.0004352043496951087,53.89130853633934,215.56523414535735,894.0735548411933,9.362265888196422
0.000435377880523572,53.888994144860604,215.55597657944242,907.6168466937843,2.9913849175500218e-12
0.00043537788052357547,53.88899414486079,215.55597657944315,907.616846693784,-1.8485302177850826e-10
0.00043558223021867806,53.91477488294872,215.65909953179488,889.0436300838554,-10.85091203826238
0.00043578657991378064,53.969182645928456,215.87673058371382,835.051536366321,-20.734160816675356
0.00043599092960888323,54.04714025819958,216.18856103279833,750.1625180358403,-28.939794566058833
0.0004361952793039858,54.14080651455797,216.5632260582319,641.0861066459807,-34.89683275046064
0.0004363996289990884,54.2410519685092,216.9642078740368,516.1833109095354,-38.20953587721968
0.000436603978694191,54.337553406522865,217.35021362609146,384.8178129464115,-38.68619701077726
0.0004368083283892936,54.41968566531193,217.67874266124772,256.64237367146063,-36.348843456667375
0.00043701267808439616,54.47733180782046,217.90932723128185,140.8782548965341,-31.427558324292782
0.00043721702777949875,54.50162537748074,218.00650150992297,45.64020231107577,-24.339519387668926
0.00043742137747460134,54.48558675668227,217.94234702672907,-22.643887847222654,-15.654569247723792
0.00043745147511084503,54.47954357400718,217.91817429602872,-30.16157361988202,-14.27105158020806
0.0004374514751108485,54.47954357400643,217.9181742960257,-30.16157362070752,-14.271051580047956
0.0004376558248059511,54.435029796063056,217.74011918425222,-81.07272215693357,-15.615394486880323
0.0004380079534654993,54.358411005319056,217.43364402127622,-178.71253556833528,-17.622943392867633
0.00043860595033068297,54.22854025149124,216.91416100596496,-366.7148873905505,-19.985426115223596
0.00043920394719586665,54.09898102899701,216.39592411598804,-571.1696573521423,-20.914387931234145
0.00043980194406105034,53.969730093997,215.878920375988,-777.399732648997,-20.341464495267466
0.0004399999999999988,53.9269908095509,215.7079632382036,-843.7628785273129,-19.822237498335014
0.0004400000000000023,53.92699080955016,215.70796323820065,-843.762878528455,-19.822237498324583
0.0004400000000000071,53.926990809549125,215.7079632381965,-843.7628785300582,-19.822237498309875
0.0004400000000000106,53.92699080954837,215.70796323819349,-843.7628785312108,-19.82223749829929
0.0004400000000000154,53.92699080954733,215.7079632381893,-843.7628785328047,-19.82223749806522
0.00044000000000002024,53.92699080954628,215.70796323818513,-843.7628785343986,-19.82223749783115
0.00044000000000004436,53.92699080954108,215.70796323816433,-843.7628785423683,-19.822237496660804
0.000440000000000165,53.92699080951507,215.70796323806027,-843.7628785822169,-19.822237490809055
0.00044000000000076806,53.92699080938498,215.70796323753993,-843.7628787814592,-19.822237461550326
0.0004400000000037835,53.92699080873452,215.7079632349381,-843.7628797776712,-19.822237315256686
0.0004400000000188607,53.926990805482255,215.70796322192902,-843.7628847587306,-19.822236583788467
0.0004400000000942466,53.92699078922091,215.70796315688364,-843.7629096640247,-19.82223292644729
0.0004400000004711763,53.92699070791425,215.707962831657,-843.7630341904264,-19.82221463973856
0.0004400000023558246,53.92699030138231,215.70796120552924,-843.7636568207117,-19.822123206124253
0.00044000001177906613,53.92698826875675,215.707953075027,-843.7667699290577,-19.821666036285812
0.0004400000588952738,53.926978106482615,215.70791242593046,-843.7823343937673,-19.819380142923507
0.0004400002944763123,53.92692731645527,215.70770926582108,-843.8601297897897,-19.807949572187425
0.00044000147238150455,53.92667390017609,215.70669560070436,-844.248433330067,-19.750769161399145
0.00044000736190746593,53.925420199181076,215.7016807967243,-846.1730837809563,-19.464183312776974
0.0004400368095372728,53.9194903066133,215.6779612264532,-855.3708766204933,-18.01480520432012
0.00044018404768630725,53.89872978836605,215.5949191534642,-890.3335878443147,-10.439676967315137
0.0004403780251676397,53.8952079088493,215.5808316353972,-907.2315662200624,-6.179590172905591e-11
0.00044037802516764315,53.895207908849486,215.58083163539794,-907.2315662200624,1.2646594882426143e-10
0.0004405761638849349,53.91976852914968,215.6790741165987,-889.7717913084367,10.522977266001195
0.00044077430260222665,53.97131959626686,215.88527838506744,-838.9298722447649,20.15812838779767
0.0004409724413195184,54.04534284605605,216.1813713842242,-758.7285403134066,28.253574338590944
0.00044117058003681015,54.13517727673327,216.5407091069331,-655.1520447859913,34.276609065935816
0.0004414096031754648,54.25190847911489,217.00763391645955,-510.0202911194425,38.258858269054386
0.00044164862631411943,54.362804298543416,217.45121719417367,-356.70605228711395,38.377296600939665
0.0004418876494527741,54.45099706031857,217.80398824127428,-210.5112247420541,34.71114730534035
0.0004421266725914287,54.50089394022026,218.00357576088103,-85.65954357330519,27.719069064669213
0.00044236569573008336,54.49970046153932,217.99880184615728,6.112503675118016,18.184703409889668
0.00044245225502225627,54.484923442943874,217.9396937717755,29.546020960309427,14.280530251694287
0.00044245225502225974,54.48492344294311,217.93969377177245,29.546020961132164,14.280530251535549
0.0004426912781609144,54.432854969574166,217.73141987829666,89.56788161469026,15.839412083680857
0.00044304375605783744,54.356163306214505,217.42465322485802,188.51182603491077,17.80944571461316
0.0004436461454547601,54.225345126300894,216.90138050520358,379.4508286443091,20.1061578418801
0.0004442485348516828,54.09484306765312,216.3793722706125,586.1523118801285,20.93976321417619
0.0004448509242486055,53.96465380331971,215.85861521327885,793.5641531670173,20.248108307928938
0.000444999999999995,53.93248402130856,215.72993608523424,843.4676829671356,19.842281077977347
0.00044499999999999846,53.932484021307815,215.72993608523126,843.4676829682805,19.84228107796691
0.0004450000000000034,53.93248402130675,215.729936085227,843.4676829699215,19.84228107795188
0.00044500000000000686,53.932484021305996,215.72993608522398,843.4676829710734,19.84228107778253
0.0004452043989694745,53.90201352442987,215.60805409771947,893.4179934776666,9.40416359294997
0.0004453789663762022,53.899663223565454,215.59865289426182,907.103520386757,2.9203306439740118e-12
0.0004453789663762057,53.89966322356564,215.59865289426256,907.1035203867568,-1.8467716245140764e-10
0.00044558336534567336,53.92544819715336,215.70179278861343,888.5475167510981,-10.838223814789387
0.000445787764315141,53.979816153150615,215.91926461260246,834.6060898854595,-20.709553183240978
0.0004459921632846087,54.057692687911036,216.23077075164414,749.7987554354105,-28.904566232160768
0.00044619656225407635,54.15124061201198,216.60496244804793,640.8314037685847,-34.852768020763925
0.000446400961223544,54.251336038522346,217.00534415408939,516.0602457014234,-38.15884484640568
0.0004466053601930117,54.347662338598475,217.3906493543939,384.84308560026477,-38.63143834972384
0.00044680975916247935,54.42960196013773,217.71840784055092,256.8258491527967,-36.29282867398797
0.000447014158131947,54.4870464197897,217.9481856791588,141.22218984860214,-31.37323732494659
0.0004472185571014147,54.51113827065716,218.04455308262865,46.138728596532225,-24.28984891966511
0.00044742295607088235,54.4949070923734,217.9796283694936,-22.00494764242586,-15.61236782997252
0.0004474523293850667,54.488996303966914,217.95598521586766,-29.32976852547238,-14.263893511188623
0.00044745232938507015,54.488996303966154,217.95598521586462,-29.329768526297514,-14.263893511028744
0.0004476567283545378,54.44446407124857,217.77785628499427,-80.23289571352184,-15.6106370705665
0.0004480086877062849,54.36786882153293,217.47147528613172,-177.80590724225243,-17.620971416088935
0.0004486062826606677,54.23806267065262,216.95225068261047,-365.68872533440344,-19.98891833900364
0.0004492038776150505,54.10856768576229,216.43427074304915,-570.075656318006,-20.924989766037697
0.00044980147256943335,53.97938063000347,215.91752252001388,-776.3137603619816,-20.36038486506797
0.0004499999999999991,53.93653198061645,215.7461279224658,-842.8987602762256,-19.842283875455788
0.0004500000000000026,53.93653198061571,215.74612792246285,-842.8987602773684,-19.84228387544539
0.00045000000000000763,53.93653198061462,215.74612792245847,-842.8987602790452,-19.84228387543007
0.0004500000000000111,53.93653198061386,215.74612792245543,-842.898760280197,-19.842283875260957
0.00045020427938645543,53.90604229205391,215.62416916821564,-892.8539374987795,-9.42418429352914
0.00045037941844971546,53.903642722403546,215.61457088961419,-906.6137562843401,-4.121147867408581e-13
0.00045037941844971893,53.90364272240373,215.61457088961492,-906.6137562843398,1.8699175541314617e-10
0.00045058369783616326,53.92935424549094,215.71741698196377,-888.0994411234346,10.820265975637938
0.0004507879772226076,53.98357433634952,215.93429734539808,-834.277297914336,20.67631099634
0.00045099225660905193,54.06124548719747,216.24498194878987,-749.6517859710289,28.86061860286175
0.00045119653599549626,54.15455628336677,216.6182251334671,-640.9068520936145,34.804069267983785
0.0004514008153819406,54.254411670442735,217.01764668177094,-516.3722172944639,38.112067492488094
0.0004516050947683849,54.350526142330125,217.4021045693205,-385.37741971870395,38.593233828464136
0.00045180937415482925,54.432311940356065,217.72924776142426,-257.54128108734005,36.2690916170603
0.0004520136535412736,54.48968588334474,217.95874353337896,-142.054323335691,31.36844403530509
0.0004522179329277179,54.51380868495071,218.05523473980284,-47.00642663099403,24.306535165346336
0.00045242221231416225,54.49771898323796,217.99087593295184,21.19137390192991,15.650797717051962
0.00045245241424463626,54.49165403916958,217.96661615667833,28.73299867396514,14.266442411801442
0.00045245241424463973,54.491654039168814,217.96661615667526,28.732998674790377,14.26644241164179
0.00045265669363108406,54.447145678986516,217.78858271594606,79.61623591627067,15.61390826048026
0.0004530085294341104,54.370573526609554,217.48229410643822,177.1798716106257,17.62619957053575
0.00045360584454046744,54.2408216374368,216.9632865497472,365.0439339024853,19.997662645909795
0.0004542031596468245,54.111380637759346,216.44552255103739,569.4429125277973,20.937943682023985
0.00045480047475318153,53.98224729580446,215.92898918321785,775.7364554829436,20.37799439478359
0.000454999999999996,53.939181084529025,215.7567243381161,842.710849997111,19.858227193971974
0.00045499999999999946,53.939181084528265,215.75672433811306,842.7108499982551,19.85822719396159
0.00045500000000000455,53.93918108452716,215.75672433810865,842.7108499999514,19.858227193946114
0.000455000000000008,53.93918108452641,215.75672433810564,842.7108500011044,19.858227193777093
0.00045520427362142013,53.908680759274176,215.6347230370967,892.7272048466997,9.444886608119003
0.00045537984399763237,53.9062819822347,215.6251279289388,906.5513775610734,1.8545520674706495e-10
0.00045537984399763584,53.906281982234894,215.62512792893958,906.5513775610734,-1.9166890297128703e-12
0.00045558411761904795,53.93202222422017,215.72808889688068,888.0423714717265,-10.817471016374359
0.00045578839124046005,53.98625990643624,215.94503962574495,834.2355798579259,-20.6710171220545
0.00045599266486187216,54.06393921841567,216.25575687366268,749.6339474194551,-28.853341195873202
0.00045619693848328427,54.15725134066718,216.62900536266872,640.9191808059476,-34.79549313248647
0.0004564012121046964,54.25710425505125,217.028417020205,516.4182427725599,-38.1029840704457
0.0004566054857261085,54.35321579584906,217.41286318339624,385.45764357623864,-38.584469380529676
0.0004568097593475206,54.43500153856362,217.74000615425447,257.6531758057225,-36.26143368130906
0.0004570140329689327,54.492381335957184,217.96952534382874,142.19259496609325,-31.362572339890836
0.0004572183065903448,54.51651837464501,218.06607349858004,47.16351488907217,-24.302962869976227
0.0004574225802117569,54.50045299571978,218.00181198287913,-21.024604509805094,-15.649827894595177
0.0004574529255400566,54.49436116828037,217.97744467312148,-28.599932063274558,-14.259235823042243
0.0004574529255400601,54.494361168279625,217.9774446731185,-28.599932064099363,-14.25923582288263
0.0004576571991614722,54.44985185259499,217.79940741037996,-79.45774572721778,-15.607029239777258
0.00045800900804569264,54.373281749092605,217.49312699637042,-176.9753725974953,-17.619950529823367
0.0004586062351962304,54.243542481880816,216.97416992752326,-364.75646265434403,-19.9928667164098
0.00045920346234676817,54.114114027906545,216.45645611162618,-569.0883156430167,-20.93535883905319
0.00045980068949730594,53.98499315688401,215.93997262753604,-775.3395921362481,-20.37823426098594
0.0004599999999999955,53.94197109004439,215.76788436017756,-842.24553482676,-19.860072820164213
0.000459999999999999,53.94197109004366,215.76788436017463,-842.2455348279041,-19.860072820153853
0.0004600000000000041,53.94197109004256,215.76788436017023,-842.2455348296004,-19.860072820138413
0.00046000000000000755,53.94197109004181,215.76788436016724,-842.2455348307534,-19.860072819969588
0.00046020431896563377,53.91144422621405,215.6457769048562,-892.2939825479892,-9.45527546728892
0.0004603802395192942,53.909018022618184,215.63607209047274,-906.1610917393582,-1.8523849121265812e-10
0.00046038023951929766,53.90901802261837,215.63607209047348,-906.1610917393579,1.9753088054130785e-12
0.0004605845584849239,53.934733106472315,215.73893242588926,-887.6599212862527,10.810474126279434
0.0004607888774505501,53.988923434620276,215.9556937384811,-833.8765009784283,20.65730585550027
0.00046099319641617633,54.06653352715589,216.26613410862356,-749.3135083276816,28.83337843637729
0.00046119751538180255,54.159754906510884,216.63901962604353,-640.6522197452,34.769941661877496
0.0004614018343474288,54.25949662836823,217.03798651347293,-516.2188158725231,38.07272785045099
0.000461606153313055,54.35547808669056,217.42191234676224,-385.3384626829882,38.550630847010936
0.0004618104722786812,54.43711723799149,217.74846895196595,-257.62485047629303,36.22537823234562
0.00046201479124430745,54.49433731186643,217.97734924746572,-142.2627325764856,31.32589314354219
0.00046221911020993367,54.51830592512578,218.07322370050312,-47.33576499951735,24.267440849827427
0.0004624234291755599,54.50206883874298,218.00827535497191,20.75145139961693,15.617364384886422
0.0004624530670926798,54.496107268742065,217.98442907496826,28.142550864381583,14.260222468539013
0.0004624530670926833,54.496107268741305,217.98442907496522,28.14255086520649,14.260222468379535
0.0004626573860583095,54.45158665032925,217.806346601317,79.01742359479103,15.609426441788777
0.00046300910215358866,54.37503428910286,217.50013715641143,176.5273689142553,17.62371942608596
0.0004636061296429226,54.245334164786016,216.98133665914406,364.29545950815213,19.999148908425628
0.0004642031571322566,54.11594465550967,216.4637786220387,568.6362892151708,20.944646090036358
0.00046480018462159055,53.98686253462263,215.94745013849052,774.9274654564837,20.39084218158367
0.0004649999999999957,53.94373003826623,215.77492015306493,842.0433901052686,19.872118771430593
0.00046499999999999916,53.94373003826547,215.77492015306188,842.0433901064133,19.872118771420233
0.0004650000000000043,53.943730038264356,215.77492015305742,842.0433901081287,19.872118771404637
0.0004650000000000078,53.94373003826361,215.77492015305444,842.0433901092825,19.872118771235897
0.0004652043205810737,53.91319266995117,215.6527706798047,892.1410347074435,9.471790024948529
0.00046538060102513623,53.91076443089532,215.64305772358128,906.060925174219,9.947598300641403e-14
0.0004653806010251397,53.9107644308955,215.643057723582,906.0609251742187,-1.8707346782775858e-10
0.00046558492160620564,53.93649875721992,215.7459950288797,887.5644532788518,-10.807642701149957
0.0004657892421872716,53.99069783717708,215.96279134870832,833.7947105496189,-20.651884576201116
0.0004659935627683375,54.06830741716673,216.27322966866691,749.2532831558977,-28.825785222116053
0.00046619788334940345,54.16152087787975,216.646083511519,640.61982669913,-34.76073829243494
0.0004664022039304694,54.26124953342253,217.04499813369011,516.2184932148181,-38.06257866312479
0.00046660652451153533,54.35721531136379,217.42886124545515,385.3721601066992,-38.54025458124035
0.00046681084509260127,54.43883880093606,217.75535520374424,257.6921328070199,-36.215497050429576
0.0004670151656736672,54.49604577913174,217.98418311652696,142.3608508215737,-31.317182299866637
0.00046721948625473315,54.5200061491495,218.080024596598,47.45988693377106,-24.26048248754877
0.0004674238068357991,54.50376754278325,218.015070171133,-20.60786982641835,-15.612608593191812
0.00046745346834351604,54.4978013007089,217.9912052028356,-28.002311796639425,-14.254743217364053
0.0004674534683435195,54.49780130070815,217.9912052028326,-28.002311797464017,-14.254743217204616
0.00046765778892458545,54.453278946481014,217.81311578592405,-78.85957395503479,-15.604330428542916
0.000468009476691711,54.376730367730225,217.5069214709209,-176.33349575359898,-17.619219265889427
0.00046860642037221256,54.24704438408297,216.98817753633188,-364.03675268401753,-19.995970687968203
0.00046920336405271415,54.1176689377838,216.4706757511352,-568.3267089082352,-20.943412092261397
0.00046980030773321574,53.988600803649376,215.9544032145975,-774.5886198529515,-20.39204959745524
0.0004699999999999958,53.94549348389975,215.781973935599,-841.6692689853505,-19.874512982152822
0.0004699999999999993,53.945493483899,215.781973935596,-841.6692689864952,-19.874512982142477
0.0004700000000000045,53.94549348389787,215.78197393559148,-841.669268988229,-19.87451298212674
0.00047000000000000795,53.94549348389712,215.78197393558847,-841.6692689893828,-19.874512981958148
0.000470204354686451,53.91493577481878,215.65974309927512,-891.7951040544107,-9.480960609964065
0.00047038092836958466,53.912487143701554,215.64994857480622,-905.7517608661947,-6.146194664324867e-13
0.00047038092836958813,53.91248714370173,215.64994857480693,-905.7517608661942,1.864357557224139e-10
0.0004705852830560312,53.93820480272802,215.7528192109121,-887.2615532631874,10.802165959461117
0.0004707896377424742,53.992369795624164,215.96947918249666,-833.510467436381,20.641162561719735
0.00047099399242891727,54.06992821825334,216.27971287301335,-748.9997985441557,28.810199453185795
0.0004711983471153603,54.16307386398603,216.6522954559441,-640.4087438818433,34.74083223526681
0.00047140270180180335,54.26271904040635,217.0508761616254,-516.0606986759653,38.039070190634035
0.0004716070564882464,54.35858705701265,217.4343482280506,-385.27733999068806,38.514044847186796
0.00047181141117468944,54.44010050906555,217.7604020362622,-257.6681965930792,36.1876695193862
0.0004720157658611325,54.49718791858188,217.98875167432752,-142.413262985444,31.288987078079014
0.00047222012054757553,54.52102270083246,218.08409080332984,-47.590970521395214,24.233302400487624
0.0004724244752340186,54.50465670571712,218.01862682286847,20.39957675303302,15.587905401041233
0.00047245361303553625,54.49878728232469,217.99514912929877,27.65758079813753,14.254802859097605
0.0004724536130355397,54.49878728232393,217.99514912929573,27.657580798962158,14.254802858938277
0.00047265796772198276,54.45425669362833,217.81702677451332,78.52535647064596,15.605456389936048
0.0004730095856712892,54.37772192670143,217.51088770680573,175.98958041661948,17.62139779664738
0.00047360637663804655,54.248066717349495,216.99226686939798,363.6760152443797,20.00010449091918
0.0004742031676048039,54.11872189181401,216.47488756725605,567.9665070558611,20.949925346142926
0.0004747999585715613,53.989684227709574,215.9587369108383,774.2536011295831,20.40122598787732
0.0004749999999999954,53.946500698565764,215.78600279426306,841.4813064459775,19.88342381280726
0.00047499999999999886,53.946500698565,215.78600279426,841.4813064471226,19.88342381279692
0.0004750000000000041,53.94650069856386,215.78600279425544,841.481306448875,19.883423812781032
0.0004750000000000076,53.946500698563106,215.78600279425243,841.4813064500294,19.883423812612516
0.0004752043589795028,53.91593392614407,215.66373570457628,891.6452330134609,9.493718746793677
0.00047538121963611315,53.913482317261206,215.65392926904482,905.6435005064542,2.6556534749033744e-12
0.0004753812196361166,53.91348231726138,215.65392926904553,905.6435005064538,-1.843538655066368e-10
0.00047558557861561185,53.93921285056423,215.75685140225693,887.1572562186652,-10.799622010652946
0.0004757899375951071,53.99338163327993,215.97352653311972,833.417747244668,-20.636269629439667
0.0004759942965746023,54.0709356759489,216.2837427037956,748.9254563584808,-28.803293500189277
0.00047619865555409755,54.1640701492553,216.6562805970212,640.3583709699254,-34.73236790281873
0.0004764030145335928,54.26369907878581,217.05479631514325,516.0383545906196,-38.02959216858236
0.000476607373513088,54.359547727184186,217.43819090873674,385.28532404843725,-38.50415396019577
0.00047681173249258324,54.44104077199634,217.76416308798537,257.706925238397,-36.177985866374904
0.0004770160914720785,54.49810882405078,217.99243529620313,142.48125946141897,-31.280112284616067
0.0004772204504515737,54.52192726974406,218.08770907897625,47.684967096280644,-24.22578316907903
0.00047742480943106894,54.50554969525742,218.0221987810297,-20.284430064256096,-15.582200473695863
0.00047745392020002493,54.49968509911913,217.9987403964765,-27.533311979018087,-14.250658487147827
0.0004774539202000284,54.499685099118366,217.99874039647347,-27.533311979842473,-14.250658486988538
0.00047765827917952363,54.45515284167834,217.82061136671336,-78.38863924224917,-15.601666186453846
0.00047800987205883806,54.37862226837545,217.5144890735018,-175.82514646043913,-17.618112314360843
0.0004786065918352055,54.24898036098558,216.9959214439423,-363.46176715393625,-19.997919133718785
0.0004792033116115729,54.11964876835259,216.47859507341036,-567.713881413706,-20.949331705871764
0.0004798000313879403,53.990624269368915,215.96249707747566,-773.98018236166,-20.402614045905644
0.0004799999999999996,53.94745570145343,215.7898228058137,-841.1895445527059,-19.885688880068557
0.00048000000000000305,53.94745570145268,215.78982280581073,-841.1895445538514,-19.88568888005824
0.00048000000000000836,53.94745570145154,215.78982280580615,-841.1895445556222,-19.88568888004221
0.00048000000000001183,53.94745570145078,215.7898228058031,-841.1895445567766,-19.885688879873804
0.00048020438417665964,53.91687387421927,215.66749549687708,-891.3763040855987,-9.501166002908489
0.0004803814764075064,53.914407467830394,215.65762987132157,-905.4039859277686,-3.7267966490617255e-12
0.00048038147640750984,53.91440746783058,215.6576298713223,-905.4039859277684,1.8319212813366903e-10
0.00048058586058415765,53.94012701743895,215.7605080697558,-886.9225564987564,10.795468216100705
0.00048079024476080546,53.99427161510832,215.97708646043327,-833.1973748915865,20.628142414203033
0.0004809946289374533,54.07178857963483,216.2871543185393,-748.7286640805071,28.791491362727534
0.0004811990131141011,54.16487346465272,216.6594938586109,-640.1940054576562,34.717314860095634
0.0004814033972907489,54.264441122556825,217.0577644902273,-515.9146187855672,38.01184518031852
0.0004816077814673967,54.36021794184116,217.44087176736463,-385.20943887545604,38.484407403963175
0.0004818121656440445,54.44163019037553,217.7665207615021,-257.68470054018667,36.1570686293351
0.0004820165498206923,54.49861061038317,217.99444244153267,-142.51660438262286,31.25897404397908
0.00048222093399734014,54.522337273743936,218.08934909497574,-47.779386720950825,24.205467393898623
0.00048242531817398795,54.505866954475565,218.02346781790226,20.132292942686895,15.563803100405735
0.00048245404780900925,54.50007306282822,218.00029225131289,27.28184671115944,14.250280404400838
0.0004824540478090127,54.50007306282745,218.0002922513098,27.281846711983828,14.250280404241629
0.0004826584319856605,54.45553499970908,217.82213999883632,78.14349185469878,15.60207014134605
0.0004830099740089555,54.37901495145278,217.51605980581112,175.5705298987485,17.61929521152157
0.0004836065810543702,54.24939657127375,216.997586285095,363.19058218694124,20.000565201813025
0.0004842031880997849,54.12008839061535,216.4803535624614,567.439271873909,20.953783033390575
0.0004847997951451996,53.99108719045385,215.9643487618154,773.7209425061087,20.409105541094334
0.0004849999999999998,53.947867273165976,215.7914690926639,841.0309353709978,19.89208071494882
0.0004850000000000033,53.947867273165244,215.79146909266098,841.0309353721439,19.892080714938505
0.0004850000000000086,53.94786727316411,215.79146909265643,841.0309353739153,19.892080714922486
0.00048500000000001206,53.94786727316335,215.7914690926534,841.0309353750722,19.892080714912016
0.00048500000000001737,53.9478672731622,215.7914690926488,841.0309353768336,19.89208071465604
0.0004850000000000227,53.94786727316106,215.79146909264423,841.0309353785949,19.892080714400063
0.00048500000000004925,53.947867273155325,215.7914690926213,841.0309353874015,19.892080713120194
0.00048500000000018206,53.94786727312666,215.79146909250665,841.0309354314343,19.89208070672083
0.00048500000000084614,53.94786727298336,215.79146909193344,841.0309356515978,19.892080674724035
0.0004850000000041665,53.94786727226685,215.7914690890674,841.0309367524153,19.892080514740066
0.00048500000002076835,53.94786726868431,215.79146907473725,841.0309422565028,19.892079714820195
0.0004850000001037776,53.94786725077164,215.79146900308655,841.0309697769367,19.892075715220706
0.0004850000005188237,53.9478671612083,215.7914686448332,841.031107379023,19.8920557172198
0.00048500000259405445,53.94786671339327,215.79146685357307,841.0317953873791,19.891955727129208
0.00048500001297020805,53.947864474359086,215.79145789743635,841.0352353772844,19.891455774524314
0.00048500006485097607,53.94785328021322,215.79141312085287,841.0524340298944,19.8889559577052
0.00048500032425481617,53.94779733511252,215.79118934045007,841.1383948673325,19.87645552917845
0.00048500162127401665,53.94751825069206,215.79007300276825,841.5673880767722,19.81391983015315
0.00048500810637001906,53.946138901184476,215.7845556047379,843.6920377962689,19.50040923446643
0.00048504053185003114,53.93964944962477,215.75859779849907,853.8023307988377,17.912911338260848
0.00048520265925009154,53.9179394233878,215.6717576935512,891.0198377687549,9.587218149756122
0.00048538140357918624,53.91581926218798,215.66327704875192,905.3093213542363,1.8547652302913775e-10
0.0004853814035791897,53.915819262188165,215.66327704875266,905.3093213542361,-1.566746732351021e-12
0.00048557967836818913,53.94038042747935,215.7615217099174,887.9053125903326,-10.482121644566401
0.00048577795315718855,53.99179537001933,215.96718148007733,837.2273340137687,-20.078938716681826
0.00048597622794618796,54.06555544038815,216.2622217615526,757.2896467269883,-28.140314316534155
0.0004861745027351874,54.155013799506484,216.62005519802594,654.0639029503012,-34.135108204575126
0.00048641386770559026,54.27125365911569,217.08501463646277,509.3357919953911,-38.094450067369856
0.00048665323267599314,54.38153896156311,217.52615584625244,356.49229335882006,-38.19641949905816
0.000486892597646396,54.469010031874305,217.87604012749722,210.8282923387327,-34.52187655817117
0.0004871319626167989,54.518091735131385,218.07236694052554,86.55196838122542,-27.53132887270995
0.0004873713275872018,54.51601920248669,218.06407680994676,-4.626506902286187,-18.01014704776901
0.00048745488201670594,54.501605064547476,218.0064202581899,-27.109753154429946,-14.256426863437309
0.0004874548820167094,54.50160506454673,218.00642025818692,-27.109753155251497,-14.256426863279309
0.0004876942469871123,54.44944619596274,217.79778478385097,-87.13983517661268,-15.824591926897495
0.0004880462346359393,54.37283778269864,217.49135113079456,-185.88269318146743,-17.802747995632053
0.0004886474277058351,54.242239049193465,216.96895619677386,-376.45370131838735,-20.11555219879847
0.0004892486207757309,54.11195527658145,216.4478211063258,-582.9427564927956,-20.970281750851957
0.0004898498138456267,53.981983159715796,215.92793263886318,-790.3716108277999,-20.30344012760273
0.0004899999999999921,53.94956342365606,215.79825369462424,-840.7869158709515,-19.89998086498157
0.000489999999999999,53.94956342365457,215.79825369461827,-840.7869158732483,-19.899980864960916
0.000490000000000006,53.94956342365307,215.79825369461227,-840.7869158755631,-19.899980864940005
0.0004900000000000129,53.94956342365156,215.79825369460625,-840.7869158778738,-19.899980864603528
0.0004902045798106891,53.918946585348664,215.67578634139466,-891.0684801429438,-9.514056519508816
0.0004903820246049129,53.9164817915526,215.6659271662104,-905.1432548525365,-1.4352963262354024e-12
0.0004903820246049198,53.916481791552954,215.66592716621182,-905.1432548525358,3.721822849911405e-10
0.000490586604415596,53.94225027586434,215.76900110345736,-886.6380225063962,10.798944660498057
0.0004907911842262722,53.99647063806765,215.9858825522706,-832.8465393066004,20.633146158445857
0.0004909957640369484,54.074075167541395,216.29630067016558,-748.282468329283,28.794653379074916
0.0004912003438476246,54.16723620940806,216.66894483763224,-639.6428806004792,34.71437339429658
0.0004914049236583009,54.2668439820743,217.0673759282972,-515.2720135385538,37.99829350540193
0.0004916095034689771,54.362599047956266,217.45039619182506,-384.51239025865124,38.456209638596675
0.0004918140832796533,54.44390463752685,217.7756185501074,-256.9913196335571,36.11134775159364
0.0004920186630903295,54.50067649402067,218.00270597608267,-141.90069925802138,31.19459389130476
0.0004922232429010057,54.52408428278378,218.09633713113513,-47.32274866923476,24.123438807979646
0.0004924278227116819,54.50718665007142,218.02874660028567,20.34915746397678,15.467461751030317
0.000492454576379992,54.501762679051396,218.00705071620558,26.98447876546466,14.244236710772977
0.000492454576379999,54.50176267904988,218.00705071619953,26.98447876711298,14.244236710454643
0.0004926591561906752,54.457180619100555,217.82872247640222,77.87761318485941,15.59801364022917
0.0004930106404429395,54.38067082509825,217.522683300393,175.26743052127492,17.616129401169395
0.0004936071155125916,54.251077138494,217.004308553976,362.82371393751174,19.99931612392988
0.0004942035905822438,54.121793523348174,216.4871740933927,567.0275953276195,20.955161543782058
0.000494800065651896,53.99281676300472,215.97126705201887,773.2929341750562,20.41365862641584
0.0004949999999999978,53.94965383636761,215.79861534547044,840.5304093249415,19.898460394943577
0.0004950000000000048,53.94965383636613,215.79861534546453,840.5304093272342,19.89846039492299
0.0004950000000000117,53.94965383636464,215.79861534545856,840.5304093295487,19.898460394902102
0.0004950000000000186,53.949653836363126,215.7986153454525,840.530409331859,19.89846039456582
0.000495204429238832,53.91903918988441,215.67615675953763,890.7926230800689,9.526009841119514
0.0004953821822528973,53.91654668697654,215.66618674790615,904.9097325718557,1.687538997430238e-12
0.0004953821822529042,53.9165466869769,215.6661867479076,904.9097325718551,-3.717772756317572e-10
0.0004955866114917176,53.942262859942424,215.7690514397697,886.4397839625649,-10.786366045925302
0.000495791040730531,53.99637427338855,215.9854970935542,832.7485694934875,-20.610409516423022
0.0004959954699693444,54.073829581174145,216.29531832469658,748.3351486803017,-28.76592105399702
0.0004961998992081578,54.16682621811658,216.66730487246633,639.875336454709,-34.6850140470481
0.0004964043284469712,54.266281954593715,217.06512781837486,515.6879027813368,-37.9742203297109
0.0004966087576857846,54.36192680154893,217.44770720619573,385.0885704958558,-38.44314083882822
0.000496813186924598,54.443191526664656,217.77276610665862,257.67954892475217,-36.11408005016374
0.0004970176161634114,54.5000142620517,218.0000570482068,142.63220369843364,-31.216363565321558
0.0004972220454022248,54.52357926691582,218.09431706766327,48.01520743323233,-24.165438072083735
0.0004974264746410382,54.506950108061865,218.02780043224746,-19.782901390964977,-15.528563183861792
0.0004974545701279232,54.50127408771945,218.0050963508778,-26.765329524320883,-14.245251634195245
0.0004974545701279301,54.501274087717945,218.00509635087178,-26.765329525969157,-14.245251633877157
0.0004976589993667435,54.45672522704968,217.82690090819872,-77.62375566210186,-15.598626401716354
0.0004980104371280325,54.38022618572573,217.52090474290293,-175.00670570074095,-17.61757719722645
0.0004986067966131908,54.250658641945435,217.00263456778174,-362.54827308681763,-20.002251406278454
0.0004992031560983492,54.12140104668484,216.48560418673935,-566.7506943776681,-20.95991918203049
0.0004997995155835076,53.99245018547256,215.96980074189025,-773.0334730895468,-20.42046597107274
0.0004999999999999904,53.949168848612324,215.7966753944493,-840.4763904930217,-19.904238229646058
0.0004999999999999973,53.94916884861083,215.79667539444333,-840.4763904953148,-19.904238229625474
0.0005000000000000042,53.94916884860933,215.79667539443733,-840.47639049763,-19.904238229604594
0.0005000000000000112,53.94916884860782,215.79667539443128,-840.4763904999411,-19.90423822926835
0.0005002044226872487,53.91855363128702,215.67421452514807,-890.7586074145718,-9.532882959686415
0.0005003823082810769,53.91606481552772,215.66425926211087,-904.896498013559,-3.7196912217041245e-12
0.0005003823082810839,53.91606481552809,215.66425926211235,-904.8964980135584,3.6974689976432273e-10
0.0005005867309683214,53.94179519539089,215.76718078156355,-886.427980759631,10.785878378453859
0.0005007911536555589,53.995918602025846,215.98367440810338,-832.7408410675417,20.609527227598
0.0005009955763427964,54.07338434411975,216.293537376479,-748.3335511147255,28.76480962612805
0.0005011999990300339,54.16639087783114,216.66556351132456,-639.8810584982327,34.683889358525335
0.0005014044217172713,54.26585710153565,217.0634284061426,-515.7010875226579,37.973321226757584
0.0005016088444045088,54.36151423544095,217.4460569417638,-385.1082574319252,38.442698380676354
0.0005018132670917463,54.44279417859177,217.77117671436707,-257.70374322446577,36.114287235180285
0.0005020176897789838,54.49963598064801,217.99854392259203,-142.65806586921272,31.217348684418603
0.0005022221124662213,54.52322449327837,218.09289797311348,-48.03934461667347,24.16724455483309
0.0005024265351534588,54.506623471673,218.026493886692,19.76407155333019,15.531138166769596
0.0005024547609783947,54.50092311787155,218.0036924714862,26.778682819944272,14.241907741463631
0.0005024547609784017,54.50092311787004,218.00369247148015,26.77868282159214,14.24190774114555
0.0005026591836656391,54.45637597122628,217.82550388490512,77.62398181698191,15.595224250167368
0.0005030106242068728,54.37987681582645,217.5195072633058,174.98792646248663,17.614233481260325
0.0005036069767961984,54.25031160093125,217.001246403725,362.4951665833643,19.999146631943752
0.0005042033293855239,54.12105632538191,216.48422530152763,566.6667163541039,20.957307377175916
0.0005047996819748494,53.99210777485644,215.96843109942577,772.9246050688156,20.41856597752807
0.0005049999999999894,53.94886261905529,215.79545047622116,840.3066394363984,19.90310613232193
0.0005049999999999963,53.9488626190538,215.7954504762152,840.3066394386914,19.903106132301364
0.0005050000000000033,53.948862619052306,215.79545047620923,840.3066394410065,19.903106132280502
0.0005050000000000102,53.94886261905079,215.79545047620317,840.3066394433175,19.90310613194438
0.0005052044399572081,53.91823973104506,215.67295892418025,890.5937685673935,9.534384246412856
0.0005053824071329596,53.91574146818366,215.66296587273465,904.7404019057271,2.717825964282383e-13
0.0005053824071329665,53.915741468184024,215.6629658727361,904.7404019057265,-3.730846742655558e-10
0.0005055868470901644,53.941460488924506,215.76584195569802,886.2742199288176,-10.78359667343808
0.0005057912870473623,53.99556571879456,215.98226287517824,832.5940970430274,-20.605036306774757
0.0005059957270045603,54.07300641053584,216.29202564214336,748.1985651197703,-28.75822593276533
0.0005062001669617582,54.16598087929545,216.6639235171818,639.7626450571119,-34.675385624591236
0.0005064046069189561,54.265408103365935,217.06163241346374,515.6040572347323,-37.96314075924804
0.000506609046876154,54.36101953315497,217.4440781326199,385.0372369034972,-38.43116876988496
0.0005068134868333519,54.44224760170482,217.76899040681928,257.66289555649075,-36.101829504645366
0.0005070179267905498,54.499032290367914,217.99612916147166,142.65073211140847,-31.2044787214971
0.0005072223667477477,54.52255982774217,218.09023931096868,48.06764070489838,-24.15456433405576
0.0005074268067049456,54.505895788727166,218.02358315490866,-19.699657026201564,-15.519315349149398
0.0005074547654901152,54.50024535324208,218.00098141296831,-26.645363048721,-14.242605608031113
0.0005074547654901221,54.500245353240565,218.00098141296226,-26.64536305036898,-14.24260560771312
0.00050765920544732,54.45569499866956,217.82277999467823,-77.49808011225538,-15.596357145594046
0.0005080106190791761,54.3792026531941,217.5168106127764,-174.862320104007,-17.61574963144167
0.0005086069158037896,54.24965116763897,216.9986046705559,-362.3704192828928,-20.001348238533026
0.000509203212528403,54.12040955940369,216.48163823761476,-566.548619771845,-20.960300413173066
0.0005097995092530165,53.99147461524887,215.96589846099548,-772.8211548819803,-20.422411185476562
0.0005099999999999957,53.948192694388254,215.79277077755302,-840.2734919223744,-19.906674665924974
0.0005100000000000026,53.948192694386755,215.79277077754702,-840.2734919246682,-19.90667466590441
0.0005100000000000096,53.94819269438526,215.79277077754105,-840.2734919269836,-19.90667466588355
0.0005100000000000165,53.948192694383756,215.79277077753503,-840.2734919292951,-19.906674665547445
0.0005102044358044798,53.91757007652559,215.67028030610237,-890.5727035200808,-9.53848556753557
0.0005103824800053683,53.91507485094983,215.6602994037993,-904.7315817911873,-1.1830536550405668e-12
0.0005103824800053753,53.91507485095019,215.66029940380076,-904.7315817911865,3.721805086343011e-10
0.0005105869158098386,53.94080358798891,215.76321435195564,-886.2660824900652,10.783418603711505
0.0005107913516143019,53.99491767105789,215.97967068423156,-832.587891414973,20.60472649912284
0.0005109957874187653,54.072366702549274,216.2894668101971,-748.1952260566601,28.757868062391708
0.0005112002232232286,54.16534954810284,216.66139819241135,-639.7626417569151,34.67508848665305
0.0005114046590276919,54.264785785087305,217.05914314034922,-515.6072998903312,37.96302307249094
0.0005116090948321553,54.360407502373,217.441630009492,-385.0430515194978,38.43134219817029
0.0005118135306366186,54.441647719397054,217.76659087758821,-257.67007061603226,36.10238208769483
0.0005120179664410819,54.49844687539783,217.99378750159133,-142.65763275455188,31.205460518795718
0.0005122224022455453,54.521991466835104,218.08796586734042,-48.072379130721295,24.15597691196987
0.0005124268380500086,54.5053471040354,218.0213884161416,19.69901214531447,15.521106361876557
0.0005124548854361748,54.49968015265333,217.99872061061333,26.666602535034453,14.240355517417122
0.0005124548854361817,54.499680152651834,217.99872061060734,26.66660253668217,14.240355517099129
0.000512659321240645,54.45513116467408,217.8205246586963,77.51050074147697,15.594039076307439
0.0005130107392359572,54.378638662073925,217.5145546482957,174.86236166709742,17.61343179322917
0.0005136070369274508,54.24908831033692,216.9963532413477,362.34810046419915,19.999118726318752
0.0005142033346189444,54.119847833712846,216.47939133485139,566.5056190478385,20.958313739044193
0.000514799632310438,53.990914018977605,215.96365607591042,772.7605748303873,20.420803436820666
0.0005149999999999895,53.94765910221453,215.79063640885812,840.1671250885518,19.90558682006727
0.0005149999999999965,53.94765910221303,215.79063640885212,840.167125090845,19.905586820046715
0.0005150000000000034,53.94765910221154,215.79063640884615,840.1671250931603,19.905586820025864
0.0005150000000000103,53.94765910221002,215.79063640884007,840.1671250954714,19.905586819689823
0.0005152044466490192,53.917032218991906,215.66812887596762,890.4679209689542,9.538927269627958
0.0005153825313746732,53.91453134704892,215.65812538819569,904.6306928591789,4.764189043271472e-12
0.0005153825313746801,53.914531347049305,215.65812538819722,904.6306928591785,-3.6853364804301236e-10
0.000515586978023689,53.94025266009301,215.76101064037204,886.1665329164382,-10.782060167625312
0.0005157914246726979,53.994355372456035,215.97742148982414,832.4923793467505,-20.602048158543106
0.0005159958713217067,54.071789015113495,216.28715606045398,748.1065193161642,-28.753931081122563
0.0005162003179707156,54.16475231132728,216.6590092453091,639.6836013375176,-34.66998558197959
0.0005164047646197245,54.264164823189304,217.05665929275722,515.5408426456368,-37.95688861663445
0.0005166092112687333,54.3597587119778,217.4390348479112,384.99204374612503,-38.42436224173296
0.0005168136579177422,54.4409672586497,217.7638690345988,257.6371542466472,-36.09480158308969
0.000517018104566751,54.49773141748247,217.99092566992988,142.64499695015814,-31.197585650660407
0.0005172225512157599,54.52123848844756,218.08495395379023,48.08149928531678,-24.14817086694403
0.0005174269978647688,54.50455517665164,218.01822070660657,-19.66763883426406,-15.513777556023268
0.0005174548786076213,54.49891943867199,217.99567775468796,-26.59227034545409,-14.240829620904789
0.0005174548786076283,54.498919438670484,217.99567775468194,-26.592270347101874,-14.240829620586851
0.0005176593252566371,54.45436871030828,217.81747484123312,-77.44090893255736,-15.594762945725915
0.0005180107282630701,54.37788053901022,217.51152215604088,-174.79346834359268,-17.614365590100242
0.0005186069952819267,54.248338649450936,216.99335459780374,-362.2806672211836,-20.000424535987865
0.0005192032623007832,54.11910659874166,216.47642639496664,-566.4427473631582,-20.960042823934018
0.0005197995293196397,53.99018117427552,215.96072469710208,-772.7065114395714,-20.422983079293793
0.0005199999999999893,53.946904620454895,215.78761848181958,-840.1545779709252,-19.907583551161952
0.0005199999999999963,53.946904620453395,215.78761848181358,-840.1545779732185,-19.907583551141393
0.0005200000000000032,53.946904620451896,215.78761848180758,-840.1545779755339,-19.907583551120545
0.0005200000000000101,53.94690462045038,215.78761848180153,-840.1545779778454,-19.9075835507845
0.0005202044430706367,53.91627884981773,215.66511539927092,-890.4614639154041,-9.541011833712428
0.000520382562903759,53.91378071754687,215.65512287018748,-904.6301394929883,-3.7207392722393706e-10
0.0005203825629037659,53.91378071754724,215.65512287018896,-904.6301394929876,1.234568003383174e-12
0.0005205870059743925,53.93950861751866,215.75803447007465,-886.1661771451635,10.782134824869043
0.0005207914490450191,53.99361803643449,215.97447214573796,-832.4925528280888,20.602216901187965
0.0005209958921156457,54.07105869899325,216.284234795973,-748.1073786156493,28.754230487398885
0.0005212003351862723,54.16402963941523,216.65611855766093,-639.6850439943165,34.670461787048076
0.0005214047782568989,54.26345073942525,217.053802957701,-515.542461602541,37.95758794337065
0.0005216092213275255,54.35905449114632,217.43621796458527,-384.9931268415353,38.425320888975754
0.000521813664398152,54.44027445539822,217.76109782159287,-257.63673050342544,36.09603587517746
0.0005220181074687786,54.49705176634894,217.98820706539576,-142.64192577072168,31.199084073239447
0.0005222225505394052,54.52057376661633,218.08229506646532,-48.07459379443745,24.149888969240067
0.0005224269936100318,54.50390704364011,218.01562817456045,19.679467119883245,15.515636511873852
0.0005224549464938484,54.49825788078411,217.99303152313644,26.622094379949615,14.239372282112612
0.0005224549464938553,54.4982578807826,217.9930315231304,26.622094381597226,14.239372281794665
0.0005226593895644819,54.45370847266707,217.81483389066827,77.4647225813809,15.593216199586662
0.0005230107986502834,54.377219906425985,217.50887962570394,174.80975535060495,17.61276912060147
0.0005236070734847592,54.247677894671284,216.99071157868514,362.2833357862551,19.998792694114954
0.0005242033483192351,54.11844572614139,216.47378290456555,566.432061865062,20.958455224928457
0.000524799623153711,53.9895201881226,215.9580807524904,772.6833111731399,20.421514061229747
0.0005249999999999957,53.94626441215428,215.7850576486171,840.0955617132031,19.906455792118653
0.0005250000000000027,53.94626441215277,215.7850576486111,840.0955617154967,19.9064557920981
0.0005250000000000096,53.946264412151265,215.78505764860506,840.095561717812,19.90645579207725
0.0005250000000000166,53.94626441214976,215.78505764859904,840.0955617201233,19.906455791741244
0.0005252044493471352,53.91563679548189,215.66254718192755,890.4013786559601,9.540603945209172
0.0005253825784025813,53.91313567010766,215.65254268043063,904.5701846197796,3.709281770625239e-10
0.0005253825784025882,53.91313567010803,215.65254268043213,904.5701846197791,-2.3447910280083306e-12
0.0005255870277497068,53.93885874364748,215.75543497458992,886.1068270705016,-10.781448116259956
0.0005257914770968254,53.992961476471535,215.97184590588614,832.4350449386403,-20.60085655645647
0.000525995926443944,54.07039350382604,216.28157401530416,748.0530333685437,-28.752216194086387
0.0005262003757910627,54.16335370557874,216.65341482231497,639.6352986426427,-34.667826196588074
0.0005264048251381813,54.2627618674228,217.0510474696912,515.4988636984172,-37.95438421910449
0.0005266092744852999,54.35835042690821,217.43340170763284,384.9572816862755,-38.42163040320699
0.0005268137238324185,54.43955299736461,217.75821198945843,257.6102029668551,-36.091974372023174
0.0005270181731795371,54.4963109171635,217.985243668654,142.62610383331776,-31.194804941217008
0.0005272226225266557,54.5198119119099,218.0792476476396,48.070526995409715,-24.14558251677875
0.0005274270718737743,54.503123138283165,218.01249255313266,-19.67123655871515,-15.511524553515606
0.000527454928594004,54.497492032360555,217.98996812944222,-26.5891313748519,-14.239750662183559
0.0005274549285940109,54.49749203235905,217.9899681294362,-26.589131376499566,-14.239750661865639
0.0005276593779411295,54.45294188314709,217.81176753258836,-77.4348142458036,-15.593713722626305
0.0005280107803913886,54.376455836983915,217.50582334793566,-174.78117630616592,-17.6133533918019
0.0005286070424244556,54.246918423327145,216.98767369330858,-362.2572632988868,-19.999523761776615
0.0005292033044575226,54.117690835210624,216.4707633408425,-566.409639647156,-20.959341207670956
0.0005297995664905895,53.988769860204705,215.95507944081882,-772.666036723847,-20.422554698756525
0.0005299999999999948,53.945502458485585,215.78200983394234,-840.1005508116972,-19.90736609384793
0.0005300000000000017,53.94550245848408,215.7820098339363,-840.1005508139904,-19.907366093827374
0.0005300000000000087,53.945502458482586,215.78200983393035,-840.1005508163058,-19.90736609380653
0.0005300000000000156,53.94550245848108,215.78200983392432,-840.1005508186172,-19.907366093470515
0.0005302044459482279,53.914876601463504,215.65950640585402,-890.4081951420023,-9.541255563941455
0.0005303825796565126,53.91237808594209,215.64951234376835,-904.5783416939482,-1.1546319456101628e-12
0.0005303825796565195,53.91237808594245,215.6495123437698,-904.5783416939477,3.7213609971331607e-10
0.0005305870256047319,53.93810564317722,215.75242257270887,-886.1148105694841,10.781729976842733
0.0005307914715529442,53.99221374928494,215.96885499713977,-832.4424809532445,20.601419915714548
0.0005309959175011566,54.069652124626266,216.27860849850506,-748.059469813382,28.753063078779352
0.0005312003634493689,54.16261979367417,216.65047917469667,-639.6401684109625,34.66895651801008
0.0005314048093975813,54.26203666463583,217.04814665854332,-515.5014737654137,37.95579030965045
0.0005316092553457936,54.357635286924,217.430541147696,-384.9568323129485,38.42329120907668
0.000531813701294006,54.43884933151677,217.75539732606708,-257.605837392212,36.093850374011296
0.0005320181472422183,54.49562010930605,217.9824804372242,-142.61698461122901,31.19683466290859
0.0005322225931904306,54.51913521243617,218.07654084974467,-48.0559315439993,24.14768134624385
0.000532427039138643,54.5024615487019,218.0098461948076,19.691811522160986,15.513586367060157
0.0005324549594776138,54.496818619189014,217.98727447675606,26.62576537948126,14.238862205004597
0.0005324549594776207,54.49681861918751,217.98727447675003,26.625765381128804,14.238862204686665
0.0005326594054258331,54.45226976080741,217.80907904322964,77.46739023712271,15.592717417684069
0.0005330108153162492,54.3757830404491,217.5031321617964,174.80972017297762,17.612269720243674
0.0005336070903447216,54.246244409621895,216.98497763848758,362.2784798630407,19.998312598654916
0.000534203365373194,54.1170156140342,216.4680624561368,566.4227493859809,20.95802777095654
0.0005347996404016663,53.9880934410536,215.9523737642144,772.6702138584669,20.42116859553275
0.0005349999999999946,53.94484252994057,215.7793701197623,840.0756651924114,19.906194952845983
0.0005350000000000015,53.94484252993908,215.77937011975632,840.0756651947049,19.906194952825434
0.0005350000000000085,53.94484252993759,215.77937011975035,840.0756651970203,19.90619495280459
0.0005350000000000154,53.944842529936075,215.7793701197443,840.0756651993315,19.906194952468578
0.0005352044490600931,53.914216466430474,215.6568658657219,890.3803370152038,9.540236705800963
0.0005353825697970147,53.91171674880121,215.64686699520485,904.54793229185,3.700968420616846e-10
0.0005353825697970217,53.91171674880158,215.64686699520632,904.5479322918493,-3.1814550993658486e-12
0.0005355870188570994,53.93744118578915,215.7497647431566,886.0844893312238,-10.781513101324922
0.0005357914679171771,53.99154576407667,215.96618305630668,832.4124583865338,-20.600981257570222
0.0005359959169772548,54.06898010019782,216.27592040079128,748.0300504764238,-28.752392877247992
0.0005362003660373325,54.16194305286025,216.647772211441,639.6117926717174,-34.668044918919
0.0005364048150974102,54.26135437468741,217.04541749874963,515.4747333855344,-37.95463314566001
0.0005366092641574879,54.35694646834638,217.42778587338552,384.9324556856985,-38.42189616897923
0.0005368137132175657,54.43815290813633,217.75261163254532,257.58464392774965,-36.09224252003983
0.0005370181622776434,54.49491498957918,217.97965995831672,142.59981184985213,-31.19506044413782
0.0005372226113377211,54.51842039271846,218.07368157087384,48.04354207761173,-24.14581038328727
0.0005374270603977988,54.50173622750194,218.00694491000775,-19.698833401368837,-15.511710510512096
0.0005374549328303322,54.49610233453548,217.98440933814192,-26.62054371869518,-14.239208163130662
0.0005374549328303392,54.496102334533965,217.98440933813586,-26.62054372034278,-14.23920816281274
0.0005376593818904169,54.45155338388168,217.80621353552672,-77.46417462080089,-15.593094136349466
0.0005380107907435891,54.37506789539008,217.50027158156033,-174.80843524273737,-17.612649816052876
0.0005386070650546712,54.24553112391005,216.9821244956402,-362.28072259017176,-19.998685782953526
0.0005392033393657532,54.11630418284755,216.4652167313902,-566.4283147394615,-20.958370798408524
0.0005397996136768352,53.98738385962581,215.94953543850323,-772.6786949621618,-20.421460658926712
0.0005399999999999944,53.944127750367414,215.77651100146966,-840.0939181677088,-19.906385835702423
0.0005400000000000013,53.94412775036593,215.77651100146372,-840.0939181700021,-19.906385835681867
0.0005400000000000082,53.94412775036442,215.7765110014577,-840.0939181723174,-19.90638583566102
0.0005400000000000152,53.94412775036292,215.77651100145167,-840.0939181746288,-19.90638583532499
0.0005402044457201054,53.913503859847275,215.6540154393891,-890.3975598370174,-9.53992774773247
0.0005403825505046827,53.91100665286333,215.6440266114533,-904.5634212762917,-2.0676793610618915e-12
0.0005403825505046896,53.9110066528637,215.6440266114548,-904.5634212762911,3.7122838136838254e-10
0.0005405869962247799,53.936734152079325,215.7469366083173,-886.0995474872811,10.78194206576783
0.0005407914419448701,53.99084321319807,215.96337285279228,-832.4262218007268,20.601825353421017
0.0005409958876649604,54.06828346547547,216.27313386190187,-748.0416416469521,28.753630600845877
0.0005412003333850506,54.16125380130446,216.64501520521785,-639.6203152105038,34.66964461614526
0.0005414047791051409,54.26067396363816,217.04269585455265,-515.4792846786711,37.956550113175965
0.0005416092248252311,54.356276319501085,217.42510527800434,-384.9321599973288,38.424069816440635
0.0005418136705453213,54.43749435002761,217.74997740011045,-257.57870541613113,36.09459438935425
0.0005420181162654116,54.49426918093288,217.97707672373153,-142.58758360749587,31.19749371129432
0.0005422225619855018,54.51778823579988,218.0711529431995,-48.024604526509776,24.148211340269597
0.0005424270077055921,54.50111828117027,218.00447312468108,19.724593578824255,15.513952317136113
0.0005424549385589116,54.49547353870448,217.98189415481792,26.661208549608133,14.238720290825913
0.0005424549385589186,54.49547353870297,217.98189415481187,26.661208551255665,14.238720290507977
0.0005426593842790088,54.45092582955702,217.8037033182281,77.50214198956054,15.592486906290048
0.0005430108013750093,54.37443942974372,217.49775771897487,174.84480389035934,17.61193120560966
0.0005436070919742749,54.24490062109099,216.97960248436397,362.3141439441658,19.997779424556708
0.0005442033825735404,54.11567165623638,216.46268662494552,566.457315376383,20.95726466675537
0.0005447996731728059,53.9867493223363,215.9469972893452,772.7013354152386,20.420153590525114
0.0005449999999999877,53.94350655919139,215.77402623676556,840.0924520323456,19.905205597927736
0.0005449999999999946,53.9435065591899,215.7740262367596,840.0924520346391,19.905205597907187
0.0005450000000000015,53.9435065591884,215.7740262367536,840.0924520369543,19.90520559788634
0.0005450000000000085,53.94350655918689,215.77402623674757,840.0924520392656,19.905205597550307
0.0005452044467209865,53.91288349753959,215.65153399015836,890.3919289277359,9.538526795350014
0.0005453825242646954,53.91038623787318,215.64154495149273,904.5535316647301,3.724984765085537e-10
0.0005453825242647024,53.91038623787355,215.6415449514942,904.5535316647295,-7.975842208907125e-13
0.0005455869709856803,53.93611173020265,215.7444469208106,886.0894065808125,-10.782035575720778
0.0005457914177066583,53.990219324691125,215.9608772987645,832.4153648571001,-20.60199580016952
0.0005459958644276363,54.067658538838096,216.27063415535238,748.0297038431308,-28.753849103970243
0.0005462003111486143,54.160628093955175,216.6425123758207,639.6070781631303,-34.669873645581816
0.0005464047578695923,54.26004754057298,217.0401901622919,515.4647063231871,-37.9567480372202
0.0005466092045905703,54.35564904055131,217.42259616220525,384.91638479133803,-38.424195992341595
0.0005468136513115483,54.436865881916184,217.74746352766473,257.56205375515566,-36.09461418854926
0.0005470180980325262,54.4936390314369,217.9745561257476,142.57052151533497,-31.19738296822129
0.0005472225447535042,54.5171558062438,218.0686232249752,48.00769661271763,-24.147959759114364
0.0005474269914744822,54.50048293207553,218.0019317283021,-19.7407432428645,-15.513565472532045
0.0005474549062542858,54.49484126951512,217.97936507806048,-26.673358456096132,-14.239058876127032
0.0005474549062542927,54.49484126951361,217.97936507805443,-26.67335845774371,-14.239058875809086
0.0005476593529752707,54.45029385921922,217.8011754368769,-77.51565173124482,-15.592800038204338
0.0005480107725378957,54.37380781063999,217.49523124255995,-174.86069046017087,-17.612195290021543
0.000548607070018106,54.24426901365203,216.97707605460812,-362.3343207881959,-19.997939413119497
0.0005492033674983163,54.11504006402851,216.46016025611405,-566.480719764517,-20.957276749016543
0.0005497996649785267,53.98611774883473,215.94447099533892,-772.7263454942242,-20.419983300356677
0.0005499999999999876,53.94287372347189,215.77149489388756,-840.119503802574,-19.904950742251312
0.0005499999999999945,53.94287372347039,215.77149489388157,-840.119503804867,-19.90495074223076
0.0005500000000000014,53.94287372346891,215.77149489387563,-840.1195038071822,-19.904950742209913
0.0005500000000000084,53.94287372346739,215.77149489386957,-840.1195038094933,-19.904950741873844
0.0005502044434595991,53.9122530240671,215.6490120962684,-890.4162008727778,-9.537628693063699
0.0005503824925210014,53.90975814274814,215.63903257099255,-904.5741937230912,-3.707576468059415e-10
0.0005503824925210083,53.909758142748515,215.63903257099406,-904.5741937230906,2.561506562415161e-12
0.0005505869359805991,53.935485730588695,215.74194292235478,-886.1094828841085,10.782550859355812
0.0005507913794401898,53.98959714608215,215.9583885843286,-832.4336968326079,20.60300436320472
0.0005509958228997805,54.06704187438971,216.26816749755884,-748.0451595795196,28.75531509678516
0.0005512002663593713,54.160018601090826,216.6400744043633,-639.6185668493208,34.671746182766576
0.000551404709818962,54.25944678505363,217.03778714021453,-515.4712054533729,37.958959929866054
0.0005516091532785527,54.355058461176164,217.42023384470465,-384.91698154927553,38.42666279389075
0.0005518135967381434,54.43628673160904,217.74514692643615,-257.5559994774571,36.09723416804934
0.0005520180401977342,54.49307230680526,217.97228922722104,-142.5572953639265,31.200038483173774
0.0005522224836573249,54.51660217400621,218.06640869602484,-47.98707234343838,24.150520376803577
0.0005524269271169156,54.499942660905724,217.9997706436229,19.768635188092777,15.515893002182404
0.0005524548959822123,54.49429095725442,217.97716382901768,26.715164673927326,14.238844884578342
0.0005524548959822193,54.494290957252915,217.97716382901166,26.71516467557487,14.23884488426038
0.00055265933944181,54.44974470716637,217.79897882866547,77.55570745900116,15.592463062549651
0.0005530107674691181,54.37325758894751,217.49303035579004,174.90076018137472,17.611735580764137
0.0005536070827618102,54.24371623776706,216.97486495106824,362.3743473766506,19.997260147478578
0.0005542033980545023,54.11448474936489,216.45793899745956,566.5188387887906,20.956342527244896
0.0005547997133471944,53.985559910506396,215.94223964202558,772.7599747629113,20.41877333581227
0.0005549999999999952,53.94232676846867,215.76930707387467,840.1329859028432,19.903807415820832
0.0005550000000000021,53.942326768467176,215.7693070738687,840.1329859051364,19.903807415800284
0.000555000000000009,53.94232676846568,215.76930707386273,840.1329859074514,19.903807415779433
0.000555000000000016,53.94232676846418,215.7693070738567,840.1329859097625,19.903807415443346
0.0005552044431315958,53.911707477892755,215.64682991157102,890.4249367011535,9.536043387723694
0.0005553824571715092,53.90921322440729,215.63685289762915,904.5777767868408,2.8173019472887972e-12
0.0005553824571715161,53.90921322440766,215.63685289763063,904.5777767868401,-3.7051250956210424e-10
0.0005555869003030959,53.93493952615936,215.73975810463745,886.1126145086866,-10.782831862920808
0.0005557913434346757,53.989050754271794,215.95620301708718,832.435512929041,-20.603543213962705
0.0005559957865662555,54.06649628110544,216.26598512442175,748.0448961756385,-28.756072159679707
0.0005562002296978353,54.15947462361277,216.6378984944511,639.6156080094919,-34.67266820120957
0.000556404672829415,54.258905032135665,217.03562012854266,515.4651209662334,-37.959983665104204
0.0005566091159609948,54.35451930740175,217.418077229607,384.90755214522096,-38.42771928409858
0.0005568135590925746,54.43575030567969,217.74300122271876,257.5432281270189,-36.098253284880414
0.0005570180022241544,54.49253849560094,217.97015398240376,142.5414041362053,-31.20095350092678
0.0005572224453557342,54.516070642143575,218.0642825685743,47.968485206759524,-24.15127226303189
0.000557426888487314,54.499412884354825,217.9976515374193,-19.78932236111677,-15.516434159728917
0.0005574548611025712,54.49376054691336,217.97504218765343,-26.736987130202785,-14.23918018514911
0.0005574548611025781,54.493760546911844,217.97504218764738,-26.73698713185037,-14.239180184831138
0.0005576593042341579,54.449214801850154,217.79685920740062,-77.57849289573649,-15.592740648319305
0.0005580107366777563,54.37272746749052,217.49090986996208,-174.92617010400775,-17.611935074717067
0.0005586070630673602,54.243184971465055,216.97273988586022,-362.4044685306212,-19.997301644426262
0.000559203389456964,54.113952346752896,216.45580938701158,-566.5521326804734,-20.95617082024761
0.0005597997158465679,53.985026379943655,215.94010551977462,-772.7941456466269,-20.418346393975924
0.0005599999999999947,53.9417942044486,215.7671768177944,-840.1647737362312,-19.90330639361624
0.0005600000000000017,53.94179420444709,215.76717681778837,-840.1647737385242,-19.903306393595685
0.0005600000000000086,53.9417942044456,215.7671768177824,-840.1647737408393,-19.90330639357483
0.0005600000000000156,53.94179420444408,215.76717681777632,-840.1647737431502,-19.90330639323871
0.0005602044400260687,53.91117727643173,215.64470910572692,-890.453037575396,-9.534838144768344
0.0005603824193641239,53.90868521606552,215.63474086426208,-904.6013159805188,-3.723741315297957e-10
0.0005603824193641309,53.90868521606589,215.63474086426356,-904.6013159805183,9.78772618509538e-13
0.000560586859390184,53.93441295161172,215.73765180644688,-886.1354978563352,10.783379828714367
0.0005607912994162371,53.988527451658165,215.95410980663266,-832.4564499796238,20.60461318063705
0.0005609957394422902,54.06597803133337,216.2639121253335,-748.0626454654187,28.757621201347536
0.0005612001794683433,54.158963132887195,216.63585253154878,-639.6290024699915,34.67463602647
0.0005614046194943964,54.2584018707205,217.033607482882,-515.4731026635807,37.962292335812506
0.0005616090595204495,54.35402587002743,217.4161034801097,-384.909217093054,38.43027338437849
0.0005618134995465026,54.43526775377688,217.7410710151075,-257.53787977770054,36.10094102754231
0.0005620179395725557,54.49206769280292,217.96827077121168,-142.52861181992333,31.20364913871021
0.0005622223795986088,54.51561209075266,218.06244836301065,-47.9481419323372,24.153840055596103
0.0005624268196246619,54.49896667035561,217.99586668142243,19.816949648623,15.518733979279505
0.0005624548417226068,54.49330514707354,217.97322058829417,26.777424130417646,14.239145256040349
0.0005624548417226137,54.49330514707203,217.97322058828811,26.77742413206522,14.239145255722352
0.0005626592817486668,54.448760450664864,217.79504180265945,77.61783455918646,15.5925862619187
0.0005630107223739189,54.37227197511258,217.48908790045033,174.96651523390818,17.6116571096868
0.0005636070666259781,54.242726688493626,216.9709067539745,362.4465550385875,19.996795529093294
0.0005642034108780373,54.113491289194,216.453965156776,566.5939488240356,20.955388567642206
0.0005647997551300965,53.98456256349684,215.93825025398735,772.8328430797288,20.417256207573285
0.0005649999999999938,53.94133923546705,215.7653569418682,840.1867070703875,19.902243063123386
0.0005650000000000007,53.941339235465534,215.76535694186214,840.1867070726803,19.902243063102823
0.0005650000000000077,53.941339235464035,215.76535694185614,840.1867070749952,19.90224306308197
0.0005650000000000146,53.94133923546252,215.7653569418501,840.186707077306,19.90224306274583
0.0005652044389384198,53.91072396530904,215.64289586123616,890.4701265696559,9.53322556357897
0.0005653823804836107,53.908232879548706,215.63293151819482,904.6129922507523,1.4601653219870059e-12
0.0005653823804836176,53.908232879549075,215.6329315181963,904.6129922507517,-3.7190517332419404e-10
0.0005655868194220228,53.933959791425124,215.7358391657005,886.1466278397845,-10.78375660438645
0.000565791258360428,53.98807483481387,215.9522993392555,832.4659784991507,-20.60534088617842
0.0005659956972988333,54.06552721703468,216.2621088681387,748.0696126142901,-28.758655878623497
0.0005662001362372385,54.15851522141979,216.63406088567916,639.6325900198162,-34.675917854419964
0.0005664045751756437,54.25795775473202,217.03183101892807,515.4726744857845,-37.96374856040896
0.0005666090141140489,54.35358620254856,217.41434481019425,384.90435192843364,-38.43182188367993
0.0005668134530524542,54.4348329231814,217.7393316927256,257.52839477760676,-36.10249437185622
0.0005670178919908594,54.49163780907562,217.96655123630248,142.51457543824608,-31.205119007036792
0.0005672223309292646,54.515186984845826,218.0607479393833,47.92987500664994,-24.155141833233873
0.0005674267698676698,54.49854590744672,217.99418362978687,-19.838885405938246,-15.519791334564601
0.0005674548069215911,54.49288164693438,217.97152658773751,-26.80339557508305,-14.239471362605773
0.000567454806921598,54.492881646932865,217.97152658773146,-26.803395576730665,-14.23947136228777
0.0005676592458600032,54.448337533599094,217.79335013439638,-77.6445230671996,-15.592839669237065
0.0005680106917364493,54.37184851007025,217.487394040281,-174.99588298103282,-17.611820393586257
0.0005686070488431502,54.242301443201626,216.9692057728065,-362.48071903325825,-19.996778760463833
0.000569203405949851,54.113064274625856,216.45225709850342,-566.6311793660353,-20.955132419854422
0.0005697997630565518,53.98413379041117,215.93653516164468,-772.8705764947127,-20.41671605162241
0.0005699999999999946,53.9409125159193,215.7636500636772,-840.2198735860596,-19.90163674344938
0.0005700000000000015,53.9409125159178,215.7636500636712,-840.2198735883526,-19.901636743428824
0.0005700000000000084,53.9409125159163,215.7636500636652,-840.2198735906674,-19.90163674340796
0.0005700000000000154,53.940912515914796,215.76365006365918,-840.219873592978,-19.90163674307179
0.0005702044360756361,53.9102994653342,215.6411978613368,-890.499311703347,-9.531918092530137
0.000570382341373183,53.90781033873357,215.63124135493428,-904.6373421191104,-3.710045604066181e-10
0.0005703823413731899,53.90781033873394,215.63124135493575,-904.6373421191098,2.383870878475136e-12
0.0005705867774488107,53.93353822868956,215.73415291475823,-886.1703171254474,10.784294472045865
0.0005707912135244315,53.98765605142796,215.95062420571185,-832.4877106551838,20.60638985245606
0.0005709956496000523,54.06511294653708,216.2604517861483,-748.088149627551,28.760171382380996
0.000571200085675673,54.158107105339035,216.63242842135614,-639.6467824932935,34.67783758340659
0.0005714045217512938,54.25755728165369,217.03022912661476,-515.4814987176791,37.965992718472926
0.0005716089578269146,54.353194668145655,217.41277867258262,-384.9069543267357,38.43429396017905
0.0005718133939025354,54.43445137598218,217.7378055039287,-257.52414212400487,36.10508280662246
0.0005720178299781562,54.49126699245066,217.96506796980265,-142.50310753498732,31.207700042791735
0.0005722222660537769,54.514827282134746,218.05930912853898,-47.9111546889588,24.15758374041082
0.0005724267021293977,54.498197296899065,217.99278918759626,19.864530975755923,15.521960044016733
0.0005724547834464422,54.492524818903945,217.97009927561578,26.840552835788266,14.239545518435847
0.0005724547834464491,54.492524818902424,217.9700992756097,26.840552837435872,14.239545518117822
0.0005726592195220699,54.447981620761375,217.7919264830455,77.68103276892808,15.592803502357537
0.0005730106729128936,54.37149146292847,217.48596585171387,175.03392479446413,17.611667708918947
0.000573607046820672,54.241941601316036,216.96776640526414,362.5214593003232,19.99640675006604
0.0005742034207284504,54.11270165345864,216.45080661383457,566.6726414221383,20.954488525630055
0.0005747997946362287,53.98376840513199,215.93507362052796,772.9099273203916,20.415763858094945
0.0005749999999999873,53.940554236885745,215.76221694754298,840.2454644234459,19.90068640439207
0.0005749999999999942,53.94055423688425,215.762216947537,840.2454644257386,19.900686404371502
0.0005750000000000012,53.94055423688275,215.762216947531,840.2454644280533,19.900686404350644
0.0005750000000000081,53.94055423688123,215.76221694752493,840.245464430364,19.90068640401445
0.0005752044346308137,53.909942864274825,215.6397714570993,890.5203124338143,9.530392932426235
0.0005753823029852844,53.90745483034248,215.62981932136992,904.6531297180652,3.7054270762837405e-10
0.0005753823029852913,53.90745483034285,215.6298193213714,904.6531297180645,-2.8617108682738035e-12
0.0005755867376160969,53.9331821903473,215.7327287613892,886.1855393524338,-10.784701397628591
0.0005757911722469025,53.987300912004805,215.94920364801922,832.5012710167242,-20.607177980435203
0.0005759956068777081,54.06476003667277,216.2590401466911,748.099038199639,-28.76129708878535
0.0005762000415085137,54.157757612117756,216.63103044847102,639.6541186019705,-34.679241112085506
0.0005764044761393192,54.2572121980321,217.0288487921284,515.4845703845525,-37.96760053071486
0.0005766089107701248,54.35285475937905,217.4114190375162,384.9052532371757,-38.436021688928456
0.0005768133454009304,54.43411714866757,217.73646859467027,257.5173925671619,-36.10683878583751
0.000577017780031736,54.490938671679004,217.96375468671602,142.4912874787888,-31.20938936348571
0.0005772222146625416,54.51450479956961,218.05801919827843,47.89450703609065,-24.159112734079674
0.0005774266492933472,54.49788029180453,217.9915211672181,-19.88549882449312,-15.52324104200983
0.0005774547507633437,54.49220409612782,217.96881638451129,-26.866895660209686,-14.239853177365823
0.0005774547507633506,54.492204096126315,217.96881638450526,-26.866895661857328,-14.239853177047785
0.0005776591853941562,54.44766147482704,217.79064589930817,-77.70793565349031,-15.59303539929304
0.000578010644108781,54.3711706088863,217.4846824355452,-175.06340021947045,-17.61180921835013
0.0005786070309296079,54.24161870994735,216.9664748397894,-362.5555332336429,-19.99636838550741
0.0005792034177504349,54.11237673638293,216.4495069455317,-566.7095936915993,-20.95421222507083
0.0005797998045712618,53.98344147374665,215.9337658949866,-772.9472143052359,-20.415206137708378
0.000579999999999986,53.94022971079845,215.7609188431938,-840.2774647952037,-19.900069664913094
0.000579999999999993,53.94022971079695,215.7609188431878,-840.2774647974964,-19.900069664892523
0.0005799999999999999,53.94022971079546,215.76091884318183,-840.277464799811,-19.900069664871666
0.0005800000000000068,53.940229710793965,215.76091884317586,-840.2774648021257,-19.9000696648508
0.0005800000000000138,53.94022971079245,215.7609188431698,-840.2774648044362,-19.900069664514575
0.0005802044320821785,53.90962031814207,215.63848127256827,-890.5484570462984,-9.529123715127428
0.000580382265881783,53.90713397612416,215.62853590449663,-904.6766326414784,-3.6908254230638704e-10
0.00058038226588179,53.90713397612452,215.62853590449808,-904.6766326414777,4.341416115494212e-12
0.0005805866979639547,53.932861998810104,215.73144799524042,-886.2084233854853,10.78519825451453
0.0005807911300461194,53.98698304169779,215.94793216679116,-832.5223230209302,20.608146327363265
0.0005809955621282841,54.0644460777137,216.2577843108548,-748.1171044211352,28.76269453307296
0.0005811999942104488,54.15744906004659,216.62979624018635,-639.6681351185953,34.681008497221725
0.0005814044262926135,54.256910397162805,217.02764158865122,-515.4935989052766,37.96966246197056
0.0005816088583747782,54.35256086525914,217.41024346103657,-384.908522364767,38.43828755444419
0.0005818132904569429,54.43383207923381,217.73532831693524,-257.51434308975337,36.10920459260701
0.0005820177225391076,54.49066305638096,217.96265222552384,-142.48161858791417,31.211740622471666
0.0005822221546212724,54.514238932524655,218.05695573009862,-47.87821907550139,24.161328533676254
0.0005824265867034371,54.49762409475489,217.99049637901956,19.90807034241587,15.52519931893491
0.0005824547266707417,54.49194075070011,217.96776300280044,26.89951446675702,14.239985935181652
0.0005824547266707487,54.4919407506986,217.9677630027944,26.899514468404675,14.239985934863594
0.0005826591587529134,54.44739889974602,217.78959559898408,77.74020683931462,15.593070771820312
0.000583010624061596,54.37090696856815,217.4836278742726,175.09740384466102,17.611740450444174
0.0005836070258750312,54.24135244479612,216.96540977918448,362.5926029228037,19.996100968932673
0.0005842034276884663,54.11210786051022,216.44843144204089,566.7479131216872,20.953694652487364
0.0005847998295019014,53.98317000099978,215.9326800039991,772.9841598528267,20.41440187484462
0.000584999999999992,53.93996383438812,215.75985533755247,840.3033504377743,19.89925278776302
0.0005849999999999989,53.93996383438663,215.75985533754653,840.3033504400669,19.89925278774245
0.0005850000000000059,53.939963834385125,215.7598553375405,840.3033504423813,19.899252787721583
0.0005850000000000128,53.939963834383626,215.7598553375345,840.3033504446919,19.89925278738534
0.0005852044305529995,53.90935599236944,215.63742396947777,890.5702383314839,9.527761385140229
0.0005853822306640886,53.906870712813756,215.62748285125502,904.6937039363282,5.536904268410581e-12
0.0005853822306640955,53.90687071281412,215.62748285125647,904.6937039363274,-3.6790126500818587e-10
0.0005855866612170822,53.93259839024669,215.73039356098676,886.2249612454157,-10.78559103568351
0.0005857910917700689,53.98672044078858,215.94688176315432,832.5372905476664,-20.60890816832667
0.0005859955223230555,54.064185751693884,216.25674300677554,748.1295400837776,-28.763785262354997
0.0005861999528760422,54.15719215162647,216.62876860650587,639.6771902433677,-34.68237286926612
0.0005864043834290289,54.256657876777616,217.02663150711047,515.4985736568389,-37.971232017747155
0.0005866088139820155,54.35231349911118,217.40925399644473,384.90889929686836,-38.43998302540841
0.0005868132445350022,54.43359039744613,217.73436158978453,257.5098168430799,-36.11093888015823
0.0005870176750879889,54.490427326933336,217.96170930773334,142.47211981067264,-31.213422356786484
0.0005872221056409756,54.514009144135244,218.05603657654098,47.86393033114014,-24.162866160875648
0.0005874265361939622,54.49739995123226,217.98959980492904,-19.92670900421645,-15.526505603681667
0.0005874546974944923,54.49171265975926,217.96685063903703,-26.923822023683883,-14.240266294342401
0.0005874546974944993,54.49171265975774,217.96685063903095,-26.92382202533156,-14.24026629402433
0.000587659128047486,54.447171328295354,217.78868531318142,-77.76496830270172,-15.59328001681604
0.0005880105982670062,54.37067864879299,217.48271459517196,-175.12451183856953,-17.61186660632255
0.0005886070119598545,54.24112209153777,216.96448836615107,-362.6239021251192,-19.996061836787348
0.0005892034256527029,54.111875484839466,216.44750193935786,-566.7818241121535,-20.95343709050373
0.0005897998393455513,53.98293561377911,215.93174245511645,-773.0183481949636,-20.413886120810503
0.0005899999999999918,53.93973175861487,215.75892703445948,-840.3324348864062,-19.89868513551318
0.0005899999999999987,53.93973175861338,215.7589270344535,-840.3324348886987,-19.898685135492606
0.0005900000000000057,53.93973175861188,215.7589270344475,-840.3324348910131,-19.898685135471737
0.0005900000000000126,53.93973175861037,215.75892703444148,-840.3324348933238,-19.898685135135473
0.0005902044283639137,53.909125602427615,215.63650240971046,-890.595856761804,-9.52661885743515
0.0005903821976538621,53.90664173305761,215.62656693223045,-904.7151680472091,-5.329070518200751e-13
0.000590382197653869,53.906641733057974,215.6265669322319,-904.7151680472084,3.729248021500098e-10
0.0005905866260177701,53.93236985422741,215.72947941690964,-886.2458777444018,10.786027182860956
0.0005907910543816712,53.98649379830075,215.945975193203,-832.5565867525095,20.609757896101478
0.0005909954827455722,54.06396238961027,216.25584955844107,-748.1461980344072,28.765010762103948
0.0005911999111094733,54.15697336904718,216.62789347618872,-639.6902747654435,34.6839214314368
0.0005914043394733743,54.256444835178456,217.02577934071383,-515.5072645714661,37.973036631569784
0.0005916087678372754,54.35210718903792,217.4084287561517,-384.9125277717331,38.44196342979545
0.0005918131962011765,54.43339159624678,217.7335663849871,-257.50790459394005,36.11300332400873
0.0005920176245650775,54.49023655544005,217.9609462217602,-142.46441847874004,31.2154702566335
0.0005922220529289786,54.51382662745164,218.05530650980657,-47.85045729647022,24.16479176223872
0.0005924264812928796,54.497225588494764,217.98890235397906,19.94564281571748,15.52820264220907
0.0005924546750389912,54.49153227057412,217.96612908229648,26.951246861594385,14.240422441036038
0.0005924546750389982,54.49153227057261,217.96612908229045,26.951246863242083,14.240422440717953
0.0005926591034028992,54.44699156333109,217.78796625332436,77.79224026445024,15.59335378872808
0.0005930105791646396,54.37049793103314,217.48199172413257,175.15349458109904,17.611851625113218
0.0005936070056205067,54.240939035167706,216.96375614067082,362.6559198057654,19.995875857978472
0.0005942034320763738,54.111690102121784,216.44676040848714,566.8152966584075,20.953033292105765
0.0005947998585322409,53.982747916748814,215.93099166699525,773.0509804382336,20.41323079433365
0.0005949999999999929,53.939548351489584,215.75819340595834,840.3564185381615,19.89801004501657
0.0005949999999999998,53.939548351488085,215.75819340595234,840.3564185404538,19.898010044996
0.0005950000000000068,53.93954835148659,215.75819340594637,840.3564185427682,19.898010044975134
0.0005950000000000137,53.93954835148508,215.75819340594032,840.3564185450786,19.89801004463884
0.0005952044269239602,53.90894353414867,215.63577413659468,890.6163505687988,9.525461208392095
0.0005953821671785364,53.90646060905117,215.6258424362047,904.7316281530536,1.9113599591946695e-12
0.0005953821671785433,53.90646060905154,215.62584243620617,904.7316281530532,-3.715605600973504e-10
0.0005955865941024898,53.93218850010338,215.72875400041352,886.2618674335818,-10.786378439046818
0.0005957910210264363,53.98631340762114,215.94525363048456,832.57119030112,-20.610439805371044
0.0005959954479503827,54.06378408430381,216.25513633721525,748.1585626600497,-28.76598845584544
0.0005961998748743292,54.15679816727975,216.627192669119,639.6996421590285,-34.685146827336595
0.0005964043017982756,54.256273609259615,217.02509443703846,515.5130019525561,-37.974449877183794
0.0005966087287222221,54.35194063705685,217.4077625482274,384.91415779133206,-38.44349481062639
0.0005968131556461686,54.43323021252161,217.73292085008643,257.5051328524934,-36.114575697379706
0.000597017582570115,54.490080605037505,217.96032242015002,142.45715685609315,-31.21700204215195
0.0005972220094940615,54.51367612784383,218.05470451137532,47.838840905518374,-24.166200467353146
0.0005974264364180079,54.49708030091987,217.98832120367948,-19.961247408228527,-15.529408839808884
0.0005974546501606435,54.49138327647277,217.96553310589107,-26.97215821473885,-14.240668896647378
0.0005974546501606504,54.49138327647126,217.96553310588504,-26.972158216386582,-14.240668896329277
0.0005976590770845969,54.44684300462937,217.7873720185175,-77.81352770922372,-15.593538265737461
0.000598010557069739,54.3703486625226,217.4813946500904,-175.1768265472836,-17.611964611948224
0.000598606993749897,54.24078790395784,216.96315161583135,-362.6829020751054,-19.995846402062075
0.0005992034304300551,54.11153711801051,216.44614847204204,-566.8445663935734,-20.952815353081487
0.0005997998671102131,53.98259308935197,215.9303723574079,-773.0805221251956,-20.412789885869746
0.0005999999999999848,53.93939549875476,215.75758199501905,-840.3815423678064,-19.89752449957827
0.0005999999999999917,53.939395498753264,215.75758199501306,-840.381542370099,-19.897524499557697
0.0005999999999999986,53.939395498751765,215.75758199500706,-840.3815423724134,-19.89752449953683
0.0006000000000000056,53.93939549875026,215.75758199500103,-840.3815423747237,-19.897524499200518
0.0006002044251121187,53.90879205339524,215.63516821358095,-890.6385409203258,-9.524493348970566
0.0006003821393681457,53.90631025994648,215.62524103978592,-904.7503091024731,-6.215472581061476e-12
0.0006003821393681527,53.906310259946835,215.62524103978734,-904.7503091024726,3.672688819733594e-10
0.0006005865644802658,53.93203844273279,215.72815377093116,-886.2800876409146,10.786743821575964
0.0006007909895923789,53.98616485044783,215.9446594017913,-832.5880475420728,20.61115154875812
0.000600995414704492,54.06363818185967,216.2545527274387,-748.1732016713175,28.767014633321608
0.0006011998398166051,54.15665599844435,216.6266239937774,-639.7112787637727,34.68644294223487
0.0006014042649287182,54.25613613549393,217.02454454197573,-515.5209504115002,37.97595942720287
0.0006016086900408313,54.35180867429902,217.4072346971961,-384.9178613280407,38.445150237926164
0.0006018131151529445,54.433104396035915,217.73241758414366,-257.5041962554588,36.116299930555705
0.0006020175402650576,54.48996135372021,217.95984541488085,-142.45137893838918,31.218710779522148
0.0006022219653771707,54.513563612226704,218.05425444890682,-47.82824374201251,24.167805283436845
0.0006024263904892838,54.496974418861726,217.9878976754469,19.97639610765405,15.530821106269185
0.0006024546306513059,54.49127248518248,217.9650899407299,26.99423619818637,14.240825054122201
0.0006024546306513128,54.49127248518097,217.96508994072389,26.99423619983411,14.24082505380409
0.000602659055763426,54.446732698503844,217.78693079401538,77.83557330570892,15.59362765735364
0.0006030105402087596,54.37023754135232,217.48095016540927,175.2004225909496,17.6119817567575
0.0006036069872691832,54.24067479535435,216.9626991814174,362.7092525295858,19.995723199864386
0.0006042034343296068,54.11142203215181,216.44568812860723,566.8723633644021,20.952511720081198
0.0006047998813900303,53.982476036228796,215.92990414491518,773.1078573663658,20.412276650919345
0.0006049999999999859,53.93928162027156,215.75712648108623,840.4023443962731,19.896989249670717
0.0006049999999999928,53.93928162027006,215.75712648108023,840.4023443985657,19.896989249650144
0.0006049999999999997,53.93928162026857,215.75712648107427,840.4023444008799,19.896989249629268
0.0006050000000000067,53.93928162026706,215.75712648106824,840.4023444031901,19.896989249292943
0.0006052044238608334,53.9086792643656,215.6347170574624,890.6565147318782,9.523555501298496
0.000605382114345844,53.906198252871306,215.62479301148522,904.7649960994233,3.672777637575564e-10
0.0006053821143458509,53.90619825287168,215.62479301148673,904.7649960994228,-6.219025294740277e-12
0.0006055865382066777,53.93192627696411,215.72770510785645,886.2943828980901,-10.787039116170167
0.0006057909620675044,53.98605351836421,215.94421407345683,832.6011877120561,-20.61172517236109
0.0006059953859283311,54.063528618470166,216.25411447388066,748.1844737733259,-28.767837877858383
0.0006061998097891578,54.15654905583098,216.62619622332392,639.7200455716554,-34.68747614018452
0.0006064042336499845,54.25603254779704,217.02413019118816,515.526675934829,-37.97715304040472
0.0006066086575108112,54.35170903397018,217.40683613588072,384.9201359011231,-38.44644632507612
0.0006068130813716379,54.433009128381514,217.73203651352605,257.5027602199722,-36.11763406315819
0.0006070175052324646,54.48987069424814,217.95948277699256,142.44614335678256,-31.22001444760516
0.0006072219290932914,54.51347758950726,218.05391035802904,47.819306194987455,-24.169008786558003
0.0006074263529541181,54.49689284523529,217.98757138094115,-19.988742778011588,-15.531856870071104
0.0006074546103625388,54.49118771061666,217.96475084246663,-27.011158722107957,-14.241033891045518
0.0006074546103625458,54.49118771061516,217.96475084246063,-27.01115872375572,-14.241033890727394
0.0006076590342233725,54.446648265752515,217.78659306301006,-77.85280978759319,-15.593785757817916
0.0006080105220853272,54.3701524841678,217.4806099366712,-175.21936449319617,-17.612081836247583
0.0006086069774437984,54.240588140417415,216.96235256166966,-362.73123878928635,-19.995707311875723
0.0006092034328022695,54.11133378762042,216.44533515048167,-566.8962813559333,-20.952341924989643
0.0006097998881607407,53.982386210110995,215.92954484044398,-773.1320593725109,-20.411924457759625
0.0006099999999999863,53.93919332685305,215.7567733074122,-840.4230421814855,-19.896599695292416
0.0006099999999999933,53.93919332685156,215.75677330740623,-840.4230421837777,-19.89659969527184
0.0006100000000000002,53.93919332685006,215.75677330740024,-840.423042186092,-19.896599695250963
0.0006100000000000071,53.93919332684855,215.7567733073942,-840.4230421884022,-19.896599694914617
0.000610204422419411,53.9085920358353,215.6343681433412,-890.6748642053858,-9.522780233122905
0.0006103820920989559,53.90611189493069,215.62444757972276,-904.7805367098941,-3.4070524179696804e-12
0.0006103820920989628,53.90611189493105,215.6244475797242,-904.7805367098937,3.70098618418524e-10
0.0006105865145183667,53.93184010562528,215.7273604225011,-886.3095543326192,10.78733134621594
0.0006107909369377706,53.98596849431351,215.94387397725404,-832.6152671092492,20.612294401363556
0.0006109953593571745,54.06344565893614,216.25378263574456,-748.1967761392456,28.768658506235337
0.0006111997817765784,54.15646901686256,216.62587606745024,-639.7299432919588,34.688512483066894
0.0006114042041959822,54.25595619091915,217.0238247636766,-515.533620786518,37.9783597986963
0.0006116086266153861,54.35163700358976,217.40654801435903,-384.9236835055188,38.447769368278514
0.00061181304903479,54.432941923741296,217.73176769496519,-257.5025960524768,36.119011685061096
0.0006120174714541939,54.48980864106374,217.95923456425496,-142.44210854462588,31.221379211674748
0.0006122218938735978,54.513420814650225,218.0536832586009,-47.81142065652313,24.170290024039613
0.0006124263162930017,54.49684125762453,217.98736503049813,20.00026273869504,15.53298382193106
0.0006124545944045524,54.491132273684514,217.96452909473805,27.02811894251852,14.241175688038595
0.0006124545944045593,54.49113227368301,217.96452909473203,27.0281189441663,14.241175687720464
0.0006126590168239632,54.44659318806488,217.78637275225952,77.86980650530327,15.593875854085464
0.0006130105081109215,54.370096738982895,217.48038695593158,175.2376759339694,17.612115877102543
0.0006136069715172177,54.240530781925315,216.96212312770126,362.7518881158627,19.995631639429078
0.000614203434923514,54.11127482388569,216.44509929554275,566.9182384152098,20.952124045102675
0.0006147998983298102,53.98232564905121,215.92930259620485,773.1538152884077,20.41154051182966
0.0006149999999999868,53.93913500829293,215.75654003317172,840.4400754141082,19.89619457983462
0.0006149999999999937,53.93913500829143,215.75654003316572,840.4400754164001,19.896194579814036
0.0006150000000000006,53.93913500828993,215.75654003315972,840.4400754187143,19.89619457979316
0.0006150000000000076,53.93913500828842,215.75654003315367,840.4400754210244,19.896194579456804
0.0006152044214025976,53.90853455286819,215.63413821147276,890.6897175258476,9.522057485226863
0.0006153820726067256,53.9060550181139,215.6242200724556,904.7928451084292,3.709814677677059e-10
0.0006153820726067325,53.90605501811427,215.6242200724571,904.7928451084285,-2.5348612098241574e-12
0.0006155864940093225,53.93178311456954,215.72713245827816,886.3215539809934,-10.787565719213612
0.0006157909154119125,53.98591216861471,215.94364867445884,832.6263558987827,-20.612749898237773
0.0006159953368145024,54.06339073435635,216.2535629374254,748.20639042225,-28.76931270329354
0.0006161997582170924,54.15641616587316,216.62566466349264,639.7375773828611,-34.689334343895126
0.0006164041796196824,54.25590599515315,217.0236239806126,515.5388468262004,-37.97931046510642
0.0006166086010222724,54.35158993503027,217.40635974012108,384.9261713517821,-38.448803245163084
0.0006168130224248623,54.432898324150344,217.73159329660137,257.5021324035583,-36.12007788506713
0.0006170174438274523,54.489768703276916,217.95907481310766,142.4386140275253,-31.222423401482484
0.0006172218652300423,54.513384567965176,218.0535382718607,47.80496327219925,-24.171256676612792
0.0006174262866326323,54.49680855923706,217.98723423694824,-20.00945960260768,-15.533818833173164
0.0006174545786135078,54.49109699798498,217.96438799193993,-27.040997271011484,-14.241346005152199
0.0006174545786135148,54.491096997983476,217.9643879919339,-27.040997272659272,-14.241346004834059
0.0006176590000161047,54.44655816265342,217.78623265061367,-77.88294572093773,-15.594007103708712
0.0006180104939020482,54.370061197547095,217.48024479018838,-175.2521761001932,-17.612202725208384
0.0006186069636569072,54.24049394773017,216.9619757909207,-362.76881772022153,-19.99562931791274
0.0006192034334117661,54.11123670334111,216.44494681336445,-566.9367382113355,-20.952002825046286
0.0006197999031666251,53.982286248450684,215.92914499380274,-773.1726100668169,-20.41127798013762
0.0006199999999999874,53.93909668278811,215.75638673115245,-840.456324671628,-19.895901741204515
0.0006199999999999944,53.93909668278662,215.75638673114648,-840.4563246739201,-19.895901741183934
0.0006200000000000013,53.93909668278513,215.7563867311405,-840.4563246762343,-19.89590174116306
0.0006200000000000082,53.939096682783614,215.75638673113446,-840.4563246785444,-19.895901740826694
0.0006202044203056736,53.908497010326826,215.6339880413073,-890.7041930031722,-9.521471642541426
0.0006203820557586066,53.906018112658515,215.62407245063406,-904.8051960741117,-3.714752949690592e-10
0.0006203820557586135,53.906018112658884,215.62407245063554,-904.8051960741111,2.0534685063466895e-12
0.0006205864760642788,53.93174632362532,215.72698529450128,-886.3336241361316,10.787788037365598
0.0006207908963699442,53.98587621752844,215.94350487011377,-832.6375953292894,20.61318298419981
0.0006209953166756095,54.06335631558155,216.2534252623262,-748.2162778853256,28.7699371201137
0.0006211997369812748,54.15638392544686,216.62553570178744,-639.745635146812,34.69012298046544
0.0006214041572869402,54.25587650742026,217.02350602968104,-515.5446574244525,37.98022889101608
0.0006216085775926055,54.35156368538812,217.4062547415525,-384.92939620619944,38.44981030330411
0.0006218129978982709,54.4328756876739,217.7315027506956,-257.5025316425156,36.12112664451528
0.0006220174182039362,54.48974992309921,217.95899969239684,-142.43606615082757,31.223462559806585
0.0006222218385096015,54.513369735969334,218.05347894387734,-47.79948279860305,24.172232459718813
0.0006224262588152669,54.49679760146999,217.98719040587997,20.017708704596973,15.534677386008525
0.0006224545663127557,54.49108315284069,217.96433261136275,27.05333074447684,14.241465740379626
0.0006224545663127627,54.49108315283917,217.96433261135667,27.053330746124658,14.241465740061479
0.000622658986618428,54.44654456772804,217.78617827091216,77.8953495977039,15.594088860175852
0.0006230104829938468,54.3700470803047,217.4801883212188,175.26562975199718,17.612243307926125
0.0006236069586555966,54.240478582504636,216.96191433001854,362.7841394675943,19.99558869405675
0.0006242034343173465,54.11122009620452,216.44488038481808,566.9531598116627,20.95185607951341
0.0006247999099790963,53.98226840536566,215.92907362146263,773.1890019345734,20.411006667505383
0.000624999999999995,53.93908032381043,215.75632129524172,840.4694987577279,19.895611883534222
0.000625000000000002,53.93908032380893,215.75632129523572,840.46949876002,19.895611883513634
0.0006250000000000089,53.93908032380743,215.75632129522972,840.4694987623341,19.895611883492755
0.0006250000000000158,53.939080323805925,215.7563212952237,840.4694987646442,19.895611883156374
0.0006252044195320449,53.90848125047277,215.63392500189107,890.7157810971709,9.520945814577633
0.0006253820414402704,53.90600278987333,215.6240111594933,904.8149247003482,8.455458555545192e-13
0.0006253820414402774,53.906002789873696,215.62401115949478,904.8149247003475,-3.7268677033353015e-10
0.0006255864609723065,53.931730914757644,215.72692365903058,886.3431234819923,-10.787963075771252
0.0006257908805043356,53.98586129846975,215.943445193879,832.6464179623758,-20.613523304686055
0.0006259953000363646,54.06334243054778,216.2533697221911,748.2240041553592,-28.770426202332477
0.0006261997195683937,54.15637157292989,216.62548629171957,639.7518873612462,-34.69073792245295
0.0006264041391004228,54.25586611978489,217.02346447913956,515.5491144715514,-37.98094095522011
0.0006266085586324519,54.35155561482584,217.40622245930336,384.9318084023371,-38.45058567830267
0.000626812978164481,54.432870190610004,217.73148076244001,257.50273521805286,-36.12192747793249
0.0006270173976965101,54.489747145778054,217.95898858311222,142.43399641014173,-31.224248299081253
0.0006272218172285391,54.513369702926795,218.05347881170718,47.79518471498821,-24.172961508757492
0.0006274262367605682,54.49680020841453,217.9872008336581,-20.024073851504284,-15.535309050192584
0.0006274545546587919,54.491083824335185,217.96433529734074,-27.062459594547363,-14.241598996427253
0.0006274545546587989,54.49108382433367,217.96433529733469,-27.062459596195183,-14.241598996109097
0.000627658974190828,54.44654540716625,217.786181628665,-77.90469224519792,-15.594194034283333
0.000628010472407429,54.37004751813826,217.48019007255303,-175.27600714113285,-17.612316716917032
0.0006286069526083174,54.24047803443227,216.9619121377291,-362.79636424063875,-19.99559785400501
0.0006292034328092058,54.11121856695672,216.4448742678269,-566.9666088091097,-20.95177896188471
0.0006297999130100943,53.98226589958811,215.92906359835243,-773.2027473545076,-20.410826569841994
0.0006299999999999959,53.939078473992865,215.75631389597146,-840.4815894619411,-19.89540806827275
0.0006300000000000028,53.93907847399136,215.75631389596543,-840.4815894642333,-19.89540806825217
0.0006300000000000099,53.939078473989845,215.75631389595938,-840.4815894665837,-19.895408068230964
0.0006300000000000168,53.93907847398833,215.75631389595333,-840.4815894688938,-19.89540806789458
0.0006302044187407314,53.908479938126355,215.63391975250542,-890.7266209823491,-9.520532574917894
0.0006303820294815821,53.90600191459386,215.62400765837543,-904.824261668392,-3.630873379734112e-12
0.000630382029481589,53.90600191459423,215.6240076583769,-904.8242616683915,3.6990854823670816e-10
0.0006305864482223036,53.93173010529368,215.72692042117473,-886.3522595693396,10.788122470494548
0.0006307908669630182,53.98586106960723,215.94344427842893,-832.6549596362512,20.613833879574063
0.0006309952857037328,54.06334327393245,216.2533730957298,-748.2315780529632,28.77087411772393
0.0006311997044444474,54.15637394750488,216.62549579001953,-639.7581508004428,34.69130385209297
0.000631404123185162,54.255870433777424,217.0234817351097,-515.5537673987182,37.98160032408114
0.0006316085419258765,54.35156221333766,217.40624885335063,-384.93460675420744,38.45130906996144
0.0006318129606665911,54.43287934019513,217.73151736078051,-257.5035052150768,36.12268130137479
0.0006320173794073057,54.48975901877268,217.95903607509072,-142.43264880799558,31.224995780787786
0.0006322217981480203,54.513384363377796,218.05353745351118,-47.791727663288945,24.17366404621218
0.0006324262168887349,54.49681760135732,217.98727040542929,20.029524940484297,15.535927923216281
0.0006324545457898636,54.49109916739121,217.96439666956485,27.070811921109687,14.241693728535637
0.0006324545457898705,54.4910991673897,217.9643966695588,27.07081192275752,14.24169372821747
0.0006326589645305851,54.44656091002437,217.78624364009747,77.91312606755042,15.594262680161446
0.0006330104644319427,54.37006263280922,217.4802505312369,175.28522849145207,17.61235715259052
0.0006336069486765076,54.24049223572171,216.96196894288684,362.8069878647417,19.995582145067374
0.0006342034329210724,54.11123185916275,216.444927436651,566.978098943808,20.951689188137962
0.0006347999171656373,53.982278286932434,215.92911314772974,773.214312785202,20.4106493465447
0.0006349999999999957,53.939091748011265,215.75636699204506,840.4911469270879,19.895215767496932
0.0006350000000000026,53.93909174800977,215.7563669920391,840.4911469293801,19.895215767476344
0.0006350000000000097,53.939091748008245,215.75636699203298,840.4911469317302,19.895215767455138
0.0006350000000000166,53.93909174800674,215.75636699202695,840.4911469340403,19.895215767118742
0.0006352044181949358,53.90849360511017,215.6339744204407,890.7351074492053,9.520177432433577
0.0006353820197147061,53.90601586846539,215.62406347386155,904.8314865734736,3.7201708380507625e-10
0.000635382019714713,53.90601586846575,215.624063473863,904.8314865734731,-1.5258905250448151e-12
0.0006355864379096322,53.93174399160335,215.7269759664134,886.3593262204765,-10.788243918494803
0.0006357908561045514,53.98587528251912,215.94350113007647,832.6615589905482,-20.614070103614765
0.0006359952742994706,54.06335818634059,216.25343274536235,748.2374197188951,-28.77121380695924
0.0006361996924943898,54.15638990157638,216.62555960630553,639.7629726296885,-34.69173129902585
0.000636404110689309,54.2558877269264,217.0235509077056,515.5573455019804,-37.98209577456353
0.0006366085288842282,54.35158108846332,217.40632435385328,384.9367658038,-38.45184922062633
0.0006368129470791474,54.432899974708825,217.7315998988353,257.5041286316205,-36.123239986931175
0.0006370173652740666,54.48978151430682,217.95912605722728,142.43168815063694,-31.22554488009004
0.0006372217834689857,54.513408737390264,218.05363494956106,47.78921033870239,-24.174174615702086
0.0006374262016639049,54.49684378172695,217.9873751269078,-20.033490652376717,-15.536371540850123
0.0006374545377463235,54.49112400888584,217.96449603554336,-27.07668954773682,-14.24179312928209
0.0006374545377463304,54.49112400888434,217.96449603553737,-27.076689549384664,-14.241793128963927
0.0006376589559412496,54.44658585008535,217.7863434003414,-77.91917522353455,-15.59434363851698
0.0006380104570268988,54.37008728026592,217.48034912106368,-175.29202025201897,-17.612417332407542
0.0006386069442373205,54.24051618093449,216.96206472373797,-362.8151058464412,-19.99559981016857
0.0006392034314477422,54.11125510536145,216.4450204214458,-566.98712647058,-20.951649111139933
0.0006397999186581639,53.982300837290055,215.92920334916022,-773.2236263241853,-20.410539882852426
0.0006399999999999961,53.93911460234918,215.7564584093967,-840.4995664733344,-19.895088513086105
0.0006400000000000031,53.93911460234768,215.75645840939072,-840.4995664756262,-19.895088513065517
0.0006400000000000102,53.93911460234614,215.75645840938455,-840.4995664780126,-19.895088513043984
0.0006400000000000172,53.93911460234463,215.75645840937852,-840.4995664803228,-19.895088512707584
0.0006402044176631086,53.90851679323782,215.6340671729513,-890.7427243847228,-9.519912223404582
0.0006403820119408601,53.906039329435224,215.6241573177409,-904.8381330719496,-6.075140390748857e-13
0.000640382011940867,53.90603932943559,215.62415731774237,-904.8381330719492,3.729425657184038e-10
0.0006405864296039585,53.931767486257975,215.7270699450319,-886.3658403347853,10.788349515485884
0.0006407908472670499,53.9858991467061,215.9435965868244,-832.6676811863832,20.614275940482486
0.0006409952649301414,54.06338274118951,216.25353096475803,-748.2429032851439,28.771510846520652
0.0006411996825932329,54.15641544740194,216.62566178960776,-639.767590437179,34.69210689518063
0.0006414041002563243,54.255914531414966,217.02365812565986,-515.5608978108129,37.982533805286685
0.0006416085179194158,54.35160937843018,217.40643751372073,-384.93908911865367,38.452330331498956
0.0006418129355825073,54.432929925747736,217.73171970299094,-257.5051052882703,36.12374200802326
0.0006420173532455987,54.489813240161425,217.9592529606457,-142.43125597899459,31.22604346276483
0.0006422217709086902,54.51344228029376,218.05376912117504,-47.78737148620413,24.17464411583681
0.0006424261885717816,54.49687910490386,217.98751641961545,20.036662825725987,15.536786147951014
0.0006424545318857537,54.491157982302774,217.9646319292111,27.081772358888923,14.241863138693283
0.0006424545318857607,54.49115798230126,217.96463192920504,27.081772360536775,14.241863138375109
0.0006426589495488521,54.44661991156268,217.7864796462507,77.92433660663981,15.594397401034188
0.0006430104516586126,54.37012107115941,217.48048428463764,175.29773002806982,17.612453638799707
0.0006436069413682416,54.240549349043,216.962197396172,362.8217926697999,19.99560092056688
0.0006442034310778707,54.11128765348089,216.44515061392357,566.9944504051348,20.95160317739953
0.0006447999207874997,53.98233276816766,215.92933107267064,773.2310823230503,20.410437955131982
0.0006449999999999956,53.9391469670996,215.7565878683984,840.5059505561235,19.89497517995107
0.0006450000000000026,53.9391469670981,215.7565878683924,840.5059505584152,19.894975179930483
0.0006450000000000097,53.939146967096555,215.75658786838622,840.5059505608015,19.89497517990895
0.0006450000000000167,53.93914696709504,215.75658786838017,840.5059505631116,19.894975179572544
0.0006452044173158094,53.90854938122441,215.63419752489764,890.7484622331857,9.519697831842231
0.0006453820059692353,53.906072079222746,215.62428831689098,904.8431047933361,5.380584866543359e-12
0.0006453820059692423,53.906072079223115,215.62428831689246,904.8431047933357,-3.681748239614535e-10
0.000645586423285035,53.93180018143003,215.7272007257201,886.3707137365966,-10.788425407671236
0.0006457908406008278,53.98593202849877,215.9437281139951,832.6722641054453,-20.614423630342543
0.0006459952579166206,54.06341603807059,216.25366415228237,748.2470147542003,-28.77172337863359
0.0006461996752324134,54.156449369348366,216.62579747739346,639.7710665121494,-34.69237458741002
0.0006464040925482061,54.255949261259545,217.02379704503818,515.563597743363,-37.98284444699801
0.0006466085098639989,54.351645065733365,217.40658026293346,384.94090180022334,-38.45266947254402
0.0006468129271797917,54.43296667982615,217.7318667193046,257.505955715989,-36.1240933676635
0.0006470173444955845,54.4898511234494,217.9594044937976,142.4311113098164,-31.226389479033784
0.0006472217618113772,54.51348130281466,218.05392521125864,47.786246108663775,-24.174966642812965
0.00064742617912717,54.496919220564365,217.98767688225746,-20.038703853739893,-15.537067291911042
0.0006474545268452769,54.49119727429928,217.96478909719713,-27.084990255693373,-14.241933008671703
0.0006474545268452839,54.49119727429776,217.96478909719104,-27.084990257341225,-14.241933008353527
0.0006476589441610766,54.44665924708346,217.78663698833384,-77.9276883602176,-15.594456798539008
0.000648010446917938,54.37016021067929,217.48064084271715,-175.30157529066602,-17.61250128342852
0.0006486069383011384,54.24058803217026,216.96235212868103,-362.8265197885841,-19.995623975257992
0.0006492034296843389,54.111325882181944,216.44530352872778,-566.9998136104746,-20.951592115308763
0.0006497999210675394,53.98237054437535,215.9294821775014,-773.2367103787897,-20.410385386120605
0.0006499999999999895,53.93918477350715,215.7567390940286,-840.5112889689183,-19.89490995445324
0.0006499999999999964,53.93918477350566,215.75673909402263,-840.5112889712101,-19.89490995443265
0.0006500000000000037,53.939184773504095,215.75673909401638,-840.5112889736326,-19.89490995441079
0.0006500000000000106,53.93918477350259,215.75673909401036,-840.5112889759426,-19.89490995407438
0.0006502044169949492,53.90858736040858,215.63434944163433,-890.7533617880705,-9.519552815315526
0.0006503820015956158,53.90611020226543,215.62444080906172,-904.847466343524,-2.1884716261411086e-12
0.0006503820015956227,53.9061102022658,215.6244408090632,-904.8474663435235,3.7136516084501636e-10
0.0006505864185905614,53.931838317704134,215.72735327081654,-886.3749987306826,10.78848718361548
0.0006507908355855,53.985970369050754,215.94388147620302,-832.6763222252753,20.61454415014166
0.0006509952525804387,54.06345476608829,216.25381906435317,-748.2507025187839,28.771897516215198
0.0006511996695753773,54.15648865691107,216.6259546276443,-639.7742509687404,34.69259513918352
0.000651404086570316,54.25598926256068,217.02395705024273,-515.5661608936665,37.98310217875589
0.0006516085035652546,54.35168591224587,217.40674364898348,-384.9427457805024,38.45295322858752
0.0006518129205601933,54.43300847408373,217.7320338963349,-257.5070085498506,36.12439028313674
0.0006520173375551319,54.4898939325189,217.9595757300756,-142.4313328384861,31.22668532644789
0.0006522217545500706,54.51352515221895,218.0541006088758,-47.78563353610536,24.175246331515606
0.0006524261715450092,54.49696408939701,217.98785635758804,20.04011147640163,15.537315522581174
0.0006524545234731073,54.4912413546988,217.9649654187952,27.087513485243598,14.241980589966671
0.0006524545234731143,54.49124135469729,217.96496541878915,27.087513486891453,14.241980589648495
0.0006526589404680529,54.44670336133412,217.7868134453365,77.93027945572224,15.59449589905081
0.0006530104437320348,54.37020415265798,217.48081661063193,175.30451019483178,17.612531423986187
0.0006536069363950951,54.240631591735145,216.96252636694058,362.8300676792252,19.99563558523528
0.0006542034290581553,54.11136906091673,216.44547624366692,567.0037914171136,20.95157833889787
0.0006547999217212156,53.982413343837244,215.92965337534898,773.2408431019653,20.4103409488023
0.0006549999999999891,53.93922767976425,215.756910719057,840.5150416011084,19.89485757896552
0.0006549999999999961,53.93922767976276,215.75691071905104,840.5150416034004,19.894857578944936
0.0006550000000000032,53.93922767976122,215.75691071904487,840.5150416057868,19.8948575789234
0.0006550000000000102,53.93922767975971,215.75691071903884,840.5150416081007,19.894857578902513
0.0006550000000000173,53.93922767975816,215.75691071903265,840.5150416104734,19.894857578558003
0.0006550000000000245,53.93922767975661,215.75691071902645,840.5150416128462,19.894857578213497
0.0006550000000000603,53.93922767974889,215.75691071899556,840.5150416247097,19.89485757649095
0.0006550000000002392,53.93922767971029,215.75691071884117,840.5150416840273,19.894857567878226
0.0006550000000011336,53.93922767951731,215.75691071806924,840.5150419806154,19.89485752481461
0.000655000000005606,53.93922767855238,215.7569107142095,840.5150434635561,19.894857309496548
0.0006550000000279676,53.9392276737277,215.7569106949108,840.5150508782598,19.89485623290621
0.000655000000139776,53.939227649604284,215.75691059841714,840.5150879517719,19.894850849954295
0.0006550000006988177,53.93922752898731,215.75691011594924,840.515273319182,19.894823935188448
0.0006550000034940264,53.93922692590542,215.7569077036217,840.5162001524718,19.89468936120302
0.0006550000174700701,53.93922391057031,215.75689564228125,840.5208342248794,19.89401648737091
0.0006550000873502882,53.93920883575249,215.75683534300995,840.5440022358401,19.890652020594622
0.000655000436751379,53.93913350811396,215.75653403245585,840.6597835070974,19.873827247382398
0.0006550021837568327,53.93875803208305,215.7550321283322,841.2372194504055,19.789642530874445
0.0006550109187841012,53.936909816879584,215.74763926751834,844.0875367849759,19.36721432522805
0.000655054593920444,53.92841104130483,215.7136441652193,857.4054271208805,17.219558328992438
0.000655255909127801,53.906233423279296,215.62493369311719,897.7558773271677,6.772754772668502
0.0006553817313576184,53.90686208403361,215.62744833613445,904.8571634933965,3.240074875066057e-12
0.0006553817313576253,53.90686208403399,215.62744833613596,904.8571634933974,-3.6929392877027567e-10
0.0006555830465649823,53.932000981953884,215.72800392781554,886.9332467392237,-10.630833411145975
0.0006557843617723393,53.9847466297512,215.9389865190048,834.78455024529,-20.338971378122626
0.0006559856769796962,54.060328627113,216.241314508452,752.6591514614695,-28.44701345532921
0.0006561869921870532,54.15172062536326,216.60688250145304,646.8699923878455,-34.40514578984152
0.0006563883073944102,54.24964519053807,216.99858076215227,525.2990864844846,-37.83022710879396
0.0006565896226017672,54.344625377589715,217.37850151035886,396.80433965885874,-38.52553789012897
0.0006567909378091242,54.426583586995825,217.7063343479833,270.56639824799896,-36.495431379797466
0.0006569922530164812,54.485822368463566,217.94328947385426,155.42063340454993,-31.94028551152826
0.0006571935682238381,54.51374860437543,218.05499441750172,59.22790430900776,-25.238399012968372
0.0006573948834311951,54.50347279374249,218.01389117496996,-11.67283366083958,-16.91547820904379
0.0006574541094331942,54.49248419499653,217.9699367799861,-27.06063188619143,-14.237267506089434
0.0006574541094332011,54.492484194995,217.96993677998,-27.060631887834987,-14.23726750577267
0.0006576554246405581,54.44862075459888,217.7944830183955,-77.0832210864155,-15.570479904203118
0.0006580068840443588,54.37212839112318,217.4885135644927,-174.31530913385203,-17.592218561051652
0.0006586029457681741,54.2426447495142,216.9705789980568,-361.5351154339282,-19.981939902102383
0.0006591990074919893,54.11347070024915,216.4538828009966,-565.4719137884276,-20.9475048085694
0.0006597950692158046,53.98460303489006,215.93841213956023,-771.5783468666647,-20.41828259380162
0.00065999999999999,53.940368622908416,215.76147449163366,-840.4886973914437,-19.892470369764133
0.000659999999999997,53.94036862290692,215.76147449162767,-840.4886973937352,-19.89247036974355
0.0006600000000000043,53.94036862290533,215.76147449162133,-840.4886973961936,-19.89247036972137
0.0006600000000000113,53.940368622903826,215.7614744916153,-840.4886973985034,-19.892470369384995
0.0006602044081147862,53.90976903063373,215.63907612253493,-890.7228046325409,-9.518612743666079
0.0006603819933681119,53.9072848208487,215.6291392833948,-904.8155723519155,-3.73169939393847e-10
0.0006603819933681188,53.90728482084907,215.62913928339628,-904.815572351915,3.4638958368304884e-13
0.0006605864014828937,53.93299897751011,215.73199591004044,-886.3465693214747,10.786937301228935
0.0006607908095976686,53.98711062944618,215.9484425177847,-832.6578140069561,20.611666617319933
0.0006609952177124435,54.06456956018576,216.25827824074304,-748.2473498365331,28.768069783272978
0.0006611996258272184,54.157575001117735,216.63030000447094,-639.7895129301318,34.68830747679188
0.0006614040339419933,54.25704651150738,217.02818604602953,-515.6013537629098,37.97890515844662
0.0006616084420567682,54.35271594643854,217.41086378575417,-384.9968945885004,38.44939862330245
0.0006618128501715431,54.43401560279122,217.73606241116488,-257.57693145240717,36.12197212325434
0.000662017258286318,54.490884545985026,217.9635381839401,-142.51194851907584,31.22578666525522
0.0006622216664010929,54.51450716259585,218.0580286503834,-47.87046135345852,24.176096856908256
0.0006624260745158678,54.49794621404994,217.99178485619976,19.95830681941486,15.539964115405349
0.0006624544459393555,54.492219688659176,217.9688787546367,27.01164108569064,14.243923689659844
0.0006624544459393624,54.492219688657656,217.96887875463062,27.011641087338724,14.243923689341717
0.0006626588540541373,54.44768282973849,217.79073131895396,77.85902918265124,15.596562381982727
0.0006630103416886764,54.3711856440848,217.4847425763392,175.24161462230342,17.614793948928575
0.0006636068057060197,54.24161695954357,216.96646783817428,362.7820981376053,19.998183930719847
0.0006642032697233629,54.11235828086531,216.44943312346123,566.9725592045509,20.954365484232476
0.0006647997337407062,53.9834063921614,215.9336255686456,773.2283418478818,20.413309160996164
0.0006649999999999969,53.9401793747475,215.76071749899,840.5745640808501,19.897285125614744
0.0006650000000000038,53.94017937474601,215.76071749898404,840.5745640831426,19.897285125594156
0.0006650000000000111,53.94017937474444,215.76071749897775,840.5745640855653,19.89728512557229
0.000665000000000018,53.94017937474295,215.7607174989718,840.5745640878797,19.897285125551395
0.0006650000000000253,53.94017937474138,215.76071749896553,840.5745640902886,19.897285125201634
0.0006650000000000325,53.94017937473982,215.76071749895928,840.5745640926975,19.89728512485187
0.0006650000000000689,53.94017937473198,215.76071749892793,840.5745641047423,19.897285123103067
0.0006650000000002505,53.9401793746928,215.7607174987712,840.574564164966,19.897285114359033
0.0006650000000011585,53.940179374496886,215.76071749798754,840.5745644660846,19.89728507063887
0.0006650000000056986,53.94017937351731,215.76071749406924,840.5745659716778,19.89728485203803
0.0006650000000283991,53.94017936861944,215.76071747447776,840.5745734996439,19.897283759033833
0.0006650000001419015,53.94017934413008,215.76071737652032,840.5746111394681,19.89727829401261
0.0006650000007094135,53.94017922168342,215.7607168867337,840.5747993384336,19.89725096890006
0.0006650000035469739,53.940178609453184,215.76071443781274,840.5757403293845,19.89711434317631
0.0006650000177347758,53.940175548378605,215.76070219351442,840.580445187217,19.896431210532878
0.0006650000886737851,53.940160244920406,215.76064097968163,840.60396705329,19.893015446707565
0.0006650004433688318,53.94008377550433,215.7603351020173,840.7215157995188,19.875934113488572
0.0006650022168440651,53.939702626234116,215.75881050493646,841.3077440647987,19.790464734049714
0.0006650110842202317,53.93782694115605,215.7513077646242,844.2008919840744,19.361567411448515
0.0006650554211010645,53.929213820382074,215.7168552815283,857.7041103734862,17.180518311594923
0.000665256705169357,53.907156106443715,215.62862442577486,897.9127257161795,6.7312357230207525
0.0006653817359508205,53.907820486656504,215.63128194662602,904.9260951356906,1.907807245515869e-12
0.0006653817359508275,53.90782048665687,215.63128194662747,904.9260951356915,-3.7065994717977446e-10
0.0006655830200191199,53.932962788987965,215.73185115595186,887.0058834026639,-10.630293940618722
0.0006657843040874124,53.98570738553257,215.94282954213028,834.8675328547073,-20.338189398366694
0.0006659855881557048,54.061286146924665,216.24514458769866,752.7570887423365,-28.446506027430843
0.0006661868722239973,54.152676014766506,216.61070405906602,646.984530639147,-34.40557191487754
0.0006663881562922897,54.25060376191959,217.00241504767837,525.4283559204266,-37.832288141295464
0.0006665894403605822,54.34559623488749,217.38238493954995,396.94283879544116,-38.52987136489822
0.0006667907244288746,54.42757940580376,217.71031762321505,270.7053366194959,-36.50250550855377
0.0006669920084971671,54.48685854934566,217.94743419738265,155.54870738314764,-31.95030898546674
0.0006671932925654596,54.514842007308324,218.0593680292333,59.33243169065006,-25.251256122342376
0.000667394576633752,54.50464020495726,218.01856081982905,-11.604531718780207,-16.930697274809663
0.0006674541608584745,54.49359626177339,217.97438504709356,-27.092330637452243,-14.236273339652623
0.0006674541608584814,54.49359626177188,217.9743850470875,-27.092330639095657,-14.236273339335828
0.0006676554449267739,54.4497387084839,217.7989548339356,-77.10339220526289,-15.56921806455281
0.000668006910437208,54.3732434462811,217.4929737851244,-174.3296629343463,-17.590918906396418
0.0006686029789578481,54.24375567443727,216.97502269774907,-361.5384897127289,-19.98060490443332
0.0006691990474784881,54.114577508361506,216.45831003344603,-565.4644632886224,-20.94619767847081
0.0006697951159991282,53.98570573942334,215.94282295769335,-771.5606701976849,-20.417062738254824
0.0006699999999999924,53.941480518162805,215.76592207265122,-840.4514906315562,-19.89143915236756
0.0006699999999999994,53.9414805181613,215.7659220726452,-840.4514906338475,-19.891439152346983
0.0006700000000000069,53.94148051815968,215.76592207263872,-840.4514906363418,-19.891439152324473
0.0006700000000000138,53.94148051815817,215.7659220726327,-840.4514906386514,-19.89143915198814
0.0006702044152408697,53.91087701152994,215.64350804611976,-890.6853595452171,-9.518471922583075
0.0006703820176773548,53.908387719667616,215.63355087867046,-904.77928817305,-3.467448550509289e-12
0.0006703820176773617,53.908387719667985,215.63355087867194,-904.7792881730493,3.7000802421971457e-10
0.0006705864329182176,53.934094578700936,215.73637831480374,-886.3110369075621,10.78611951131764
0.0006707908481590735,53.98819633725187,215.95278534900748,-832.6245579659818,20.61005148926704
0.0006709952633999293,54.06564270437059,216.26257081748236,-748.2179658316069,28.765687684596568
0.0006711996786407852,54.15863276889715,216.6345310755886,-639.7656988612185,34.685205261407354
0.0006714040938816411,54.258086024554125,217.0323440982165,-515.5848976851771,37.97515397224777
0.000671608509122497,54.35373430725442,217.41493722901768,-384.98961304929094,38.445101828585194
0.0006718129243633528,54.43501001505734,217.74004006022935,-257.58055881055867,36.117271482013464
0.0006720173396042087,54.49185248292608,217.9674099317043,-142.52798548351126,31.220865304015028
0.0006722217548450646,54.51544656349472,218.06178625397888,-47.899997393931976,24.171177811730725
0.0006724261700859204,54.49885568719149,217.99542274876595,19.914777500463053,15.535303715772892
0.0006724544164993465,54.49315236639357,217.9726094655743,26.9362376603663,14.245096936286256
0.0006724544164993534,54.49315236639206,217.97260946556824,26.936237662014534,14.245096935968162
0.0006726588317402093,54.44861319311974,217.79445277247896,77.7897827884398,15.597961453757367
0.0006730103040783384,54.372118027167225,217.4884721086689,175.17690638871233,17.616391063811868
0.0006736067389534012,54.24255344399832,216.97021377599327,362.7257020971916,20.0001030863553
0.000674203173828464,54.11329884165409,216.45319536661637,566.9268695128542,20.95660693713176
0.0006747996087035267,53.98435100473498,215.93740401893993,773.1963879316909,20.415856328647276
0.0006749999999999921,53.94109625230348,215.76438500921392,840.5925287733908,19.899527737577102
0.0006749999999999991,53.94109625230199,215.76438500920796,840.592528775683,19.89952773755651
0.0006750000000000065,53.94109625230038,215.76438500920153,840.5925287781785,19.899527737533994
0.0006750000000000135,53.94109625229886,215.76438500919545,840.592528780489,19.89952773719755
0.0006752044049551608,53.91050009433001,215.64200037732004,890.8465146252051,9.523649215715018
0.0006753820435498133,53.90802808405705,215.6321123362282,904.9509969351327,3.7260150520523894e-10
0.0006753820435498202,53.90802808405742,215.63211233622968,904.9509969351321,-1.0054179711005418e-12
0.0006755864485049675,53.93376911693645,215.7350764677458,886.4782798514668,-10.789273279559461
0.0006757908534601148,53.98791559010756,215.95166236043025,832.7787153939904,-20.61613947031801
0.000675995258415262,54.06541633760044,216.26166535040176,748.3511850319609,-28.774347530215813
0.0006761996633704093,54.15846918596112,216.63387674384447,639.8712432187262,-34.69594859435905
0.0006764040683255566,54.25799200093707,217.0319680037483,515.6574574751536,-37.98738790321785
0.0006766084732807039,54.35371472925592,217.41485891702368,385.0255671156557,-38.45815527160614
0.0006768128782358512,54.435067665023624,217.7402706600945,257.5781753625894,-36.13042551681939
0.0006770172831909985,54.491987902196996,217.96795160878798,142.4875497120598,-31.233386879580788
0.0006772216881461457,54.515658009777276,218.0626320391091,47.82385399138065,-24.182355736004457
0.000677426093101293,54.4991391973594,217.9965567894376,-20.022277173712308,-15.544485566276233
0.0006774546360260989,54.49338062706065,217.9735225082426,-27.118420654918857,-14.240292408507308
0.0006774546360261059,54.49338062705914,217.97352250823656,-27.118420656566506,-14.240292408189095
0.0006776590409812532,54.44884350747094,217.79537402988376,-77.95219187749852,-15.592663904215337
0.0006780105504559888,54.372339941038625,217.4893597641545,-175.31729348940524,-17.610662212544117
0.0006786070495042156,54.2427609047477,216.9710436189908,-362.82620888909975,-19.993762126786038
0.0006792035485524425,54.113491917391194,216.45396766956478,-566.9839448384349,-20.949804316564325
0.0006798000476006693,53.98452976235802,215.9381190494321,-773.2064944374788,-20.40876099567638
0.000679999999999992,53.94136956565663,215.76547826262652,-840.4339962347079,-19.893741879758966
0.000679999999999999,53.94136956565514,215.76547826262055,-840.433996237,-19.893741879738393
0.0006800000000000066,53.94136956565351,215.76547826261404,-840.4339962395309,-19.893741879715563
0.0006800000000000135,53.941369565651996,215.76547826260799,-840.4339962418406,-19.893741879379238
0.0006802044302017402,53.91076439469764,215.64305757879055,-890.6785083515682,-9.520234052553368
0.0006803820662868463,53.90827789119696,215.63311156478784,-904.7777269983783,-3.730065145646222e-10
0.0006803820662868533,53.90827789119733,215.63311156478932,-904.7777269983778,4.707345624410664e-13
0.00068058649648858,53.933993897783736,215.73597559113495,-886.306838015287,10.786863308748867
0.0006807909266903068,53.98810860990529,215.95243443962116,-832.6129194854268,20.611343840903395
0.0006809953568920335,54.065570349511596,216.26228139804638,-748.195323996528,28.767193740070333
0.0006811997870937602,54.158576077122326,216.6343043084893,-639.7302855339655,34.6864971909308
0.000681404217295487,54.25804298517332,217.03217194069327,-515.5370809298321,37.97576839237305
0.0006816086474972137,54.35370047106471,217.41480188425885,-384.93198265362366,38.44460362524465
0.0006818130776989405,54.43497869730228,217.7399147892091,-257.5177443617712,36.11531588781838
0.0006820175079006672,54.49181524993281,217.96726099973125,-142.46622382415416,31.21725157073979
0.0006822219381023939,54.5153939471378,218.0615757885512,-47.84649182756701,24.165888469601306
0.0006824263683041207,54.498778056041,217.995112224164,19.95264215592053,15.528524822250594
0.000682454492783926,54.493097535300286,217.97239014120115,26.941923765456984,14.24382084924937
0.0006824544927839329,54.49309753529879,217.97239014119515,26.94192376710508,14.243820848931268
0.0006826589229856596,54.44855514834885,217.7942205933954,77.79498928413028,15.596770752096873
0.0006830103967242418,54.372059759358194,217.48823903743278,175.17552167724583,17.615201158478452
0.0006836068315003688,54.24249533650402,216.96998134601608,362.71268916040634,19.99896693236844
0.0006842032662764957,54.11324089403931,216.45296357615723,566.9031685004437,20.955606096507722
0.0006847997010526227,53.98429321656976,215.93717286627904,773.1637039669554,20.415062252513977
0.0006849999999999913,53.94105843611864,215.76423374447455,840.5268186952455,19.899091090765744
0.0006849999999999982,53.94105843611713,215.76423374446853,840.526818697538,19.899091090745156
0.0006850000000000058,53.94105843611549,215.76423374446196,840.5268187000695,19.899091090722315
0.0006850000000000127,53.94105843611397,215.76423374445588,840.5268187023798,19.899091090385916
0.0006852044118762059,53.91045915890806,215.64183663563225,890.7828010211965,9.524250652941149
0.0006853820828442551,53.90798335676543,215.6319334270617,904.8907569152748,3.7130654106931615e-10
0.0006853820828442621,53.9079833567658,215.6319334270632,904.8907569152743,-2.2577495428777183e-12
0.0006855864947204552,53.93371984121047,215.73487936484187,886.418947343368,-10.788375197885383
0.0006857909065966484,53.987859077216825,215.9514363088673,832.7221124684793,-20.614370882368544
0.0006859953184728415,54.06534986858384,216.26139947433535,748.2991646452497,-28.771752530961756
0.0006861997303490347,54.15838997324501,216.63355989298003,639.8256980632988,-34.69259295636243
0.0006864041422252278,54.257897274860866,217.03158909944347,515.6202916010183,-37.98336507347587
0.000686608554101421,54.35360179643711,217.41440718574844,384.9986253325145,-38.45359218195809
0.0006868129659776142,54.434934029628906,217.73973611851562,257.56313168098836,-36.12548658335157
0.0006870173778538073,54.49183142610558,217.9673257044223,142.48576298792676,-31.2282749003765
0.0006872217897300005,54.51547709296,218.06190837184,47.8362046726098,-24.177308666370063
0.0006874262016061936,54.498932958277194,217.99573183310878,-19.99555088186644,-15.53976858242936
0.0006874546373664156,54.49319436114222,217.9727774445689,-27.06402821348164,-14.240601990104313
0.0006874546373664225,54.49319436114072,217.9727774445629,-27.064028215129326,-14.240601989786136
0.0006876590492426157,54.44865588637292,217.79462354549167,-77.90087753708616,-15.59315002864706
0.0006880105477263262,54.372154974008595,217.48861989603438,-175.2662363195652,-17.611304191553376
0.0006886070240309513,54.2425813134257,216.9703252537028,-362.7757454933947,-19.994681867358516
0.0006892035003355765,54.11331767703136,216.45327070812544,-566.9364132597597,-20.951043251288485
0.0006897999766402016,53.984360848650184,215.93744339460073,-773.1651141570923,-20.410342343242455
0.0006899999999999908,53.94118547620283,215.76474190481133,-840.4214761538459,-19.89520651517062
0.0006899999999999977,53.94118547620134,215.76474190480536,-840.4214761561382,-19.895206515150036
0.0006900000000000054,53.941185476199685,215.76474190479874,-840.4214761587054,-19.89520651512688
0.0006900000000000123,53.94118547619818,215.76474190479271,-840.4214761610156,-19.895206514790566
0.0006902044285592298,53.910580305049436,215.64232122019774,-890.6709783967079,-9.521926499287652
0.00069038209659986,53.90809493033494,215.63237972133976,-904.775254271629,-3.723243935382925e-10
0.0006903820965998669,53.90809493033531,215.63237972134124,-904.7752542716283,1.156408302449563e-12
0.0006905865251590844,53.93381478091677,215.73525912366708,-886.3046528875229,10.78678264066811
0.0006907909537183019,53.9879329430184,215.9517317720736,-832.6115493623777,20.611201840698147
0.0006909953822775193,54.06539788210362,216.26159152841447,-748.1951673245475,28.767025187915742
0.0006911998108367368,54.15840678401689,216.63362713606756,-639.7315499376183,34.686347337955276
0.0006914042393959543,54.257877087449394,217.03150834979758,-515.5397447156213,37.97568677613123
0.0006916086679551718,54.35353845248179,217.41415380992717,-384.93578395227587,38.44463715540934
0.0006918130965143893,54.434821283893555,217.73928513557422,-257.52219938271224,36.115502085625124
0.0006920175250736067,54.49166335860818,217.96665343443271,-142.47067250821462,31.21761269086047
0.0006922219536328242,54.515248609244274,218.0609944369771,-47.850166384110366,24.166427163894568
0.0006924263821920417,54.4986403235454,217.9945612941816,19.950532731216867,15.529221852854132
0.0006924545412605269,54.49295335285551,217.97181341142203,26.94835967856357,14.2429411343949
0.0006924545412605338,54.492953352854,217.971813411416,26.948359680211567,14.242941134076794
0.0006926589698197513,54.44841144149733,217.7936457659893,77.79798037107008,15.59586897709875
0.0006930104448853646,54.371915965785824,217.4876638631433,175.17361076127546,17.614305410796174
0.0006936068791870626,54.24235198852165,216.9694079540866,362.70192351892416,19.99811674061924
0.0006942033134887606,54.11309799033299,216.45239196133195,566.8843029961286,20.954864379585437
0.0006947997477904585,53.98415075584293,215.93660302337173,773.1380923407763,20.414483922776636
0.0006949999999999977,53.94092617383689,215.76370469534757,840.4839418359169,19.898716545604856
0.0006950000000000046,53.94092617383541,215.76370469534163,840.4839418382096,19.89871654558427
0.0006950000000000123,53.94092617383375,215.763704695335,840.4839418407772,19.898716545561108
0.0006950000000000193,53.94092617383224,215.76370469532895,840.4839418430876,19.89871654522474
0.0006952044162875175,53.910325042165404,215.64130016866162,890.7408378535434,9.524520302394373
0.0006953821056294616,53.90784687705266,215.63138750821065,904.8506590382176,4.2543746303636e-12
0.0006953821056294685,53.90784687705303,215.63138750821213,904.8506590382169,-3.6928327062923927e-10
0.0006955865219169668,53.93358036775167,215.73432147100667,886.3794165801119,-10.787809415044448
0.000695790938204465,53.98771494128022,215.95085976512087,832.6842887226906,-20.613256236606173
0.0006959953544919633,54.065199378795846,216.26079751518338,748.2642104883407,-28.770116036403284
0.0006961997707794615,54.15823138971266,216.63292555885064,639.7948057085025,-34.69047509780543
0.0006964041870669598,54.25772886296794,217.03091545187175,515.5946658024671,-37.98082374136994
0.000696608603354458,54.35342186360883,217.41368745443532,384.97943896258977,-38.45070650379405
0.0006968130196419563,54.43474100251973,217.73896401007892,257.55145475319466,-36.122359605975745
0.0006970174359294545,54.49162395305,217.9664958122,142.4824703285429,-31.22503429065621
0.0006972218522169528,54.51525415976519,218.06101663906077,47.84187113265449,-24.174104770042714
0.000697426268504451,54.498694004413046,217.99477601765219,-19.980755936515347,-15.536769457515778
0.0006974546360927184,54.49296813186078,217.9718725274431,-27.031638108427515,-14.240799252071731
0.0006974546360927254,54.49296813185926,217.97187252743703,-27.031638110075242,-14.240799251753575
0.0006976590523802236,54.44842888120907,217.79371552483627,-77.8704395822781,-15.593454173829825
0.0006980105443226307,54.37192971045872,217.4877188418349,-175.23603641461125,-17.611700456883895
0.0006986070071698339,54.24235950667343,216.96943802669372,-362.746056762898,-19.99524178766803
0.0006992034700170371,54.113099311774675,216.4523972470987,-566.9086064888007,-20.951790223771035
0.0006997999328642404,53.98414590985171,215.93658363940685,-773.1410712043721,-20.411289125542424
0.0006999999999999974,53.940961264021084,215.76384505608434,-840.415137530765,-19.8960778267545
0.0007000000000000043,53.940961264019585,215.76384505607834,-840.4151375330574,-19.896077826733922
0.0007000000000000121,53.9409612640179,215.7638450560716,-840.415137535661,-19.89607782671044
0.0007000000000000191,53.94096126401639,215.76384505606555,-840.4151375379711,-19.89607782637412
0.000700204427268768,53.91035634993535,215.6414253997414,-890.6674418775885,-9.522881365028681
0.0007003821123438783,53.90787192317214,215.63148769268855,-904.774492096792,-1.723066134218243e-12
0.0007003821123438852,53.90787192317251,215.63148769269003,-904.7744920967914,3.717559593496844e-10
0.0007005865396126341,53.93359437097087,215.7343774838835,-886.3040166385731,10.786777673763122
0.000700790966881383,53.98771504824442,215.95086019297767,-832.6112627977722,20.611201810899185
0.0007009953941501319,54.06518250550441,216.26073002201764,-748.1953775453322,28.76704828741795
0.0007011998214188807,54.15819406369408,216.63277625477633,-639.7322906366961,34.68641689469568
0.0007014042486876296,54.257667304447494,217.03066921778998,-515.5409148622578,37.97582735128424
0.0007016086759563785,54.35333203795789,217.41332815183156,-384.93714465997925,38.44487021847804
0.0007018131032251274,54.43461880155957,217.7384752062383,-257.52338977425615,36.11584186311002
0.0007020175304938762,54.491465467143264,217.96586186857306,-142.47124319479423,31.21806267650127
0.0007022219577626251,54.515056009060714,218.06022403624286,-47.849627263086575,24.166977725500153
0.000702426385031374,54.49845369334803,217.99381477339213,19.952655266474075,15.529849261412174
0.000702454570486389,54.49276181404327,217.97104725617308,26.957044495277657,14.242358825481944
0.0007024545704863959,54.492761814041764,217.97104725616705,26.957044496925583,14.242358825163834
0.0007026589977551448,54.44822034031033,217.7928813612413,77.80431355924598,15.595259831399435
0.0007030104745963787,54.371724746901414,217.48689898760566,175.17683606357946,17.613686469866348
0.000703606910571516,54.24216086219726,216.96864344878904,362.6995292906857,19.997502367428268
0.0007042033465466534,54.112906957221455,216.45162782888582,566.8765612708191,20.95429054621559
0.0007047997825217907,53.98395981657715,215.9358392663086,773.125575314489,20.413983144989782
0.0007049999999999906,53.9407428812082,215.7629715248328,840.4583330753204,19.898351598254415
0.0007049999999999975,53.94074288120672,215.76297152482687,840.4583330776129,19.89835159823383
0.0007050000000000052,53.94074288120506,215.76297152482024,840.4583330801805,19.89835159821067
0.0007050000000000121,53.940742881203555,215.76297152481422,840.4583330824947,19.89835159818979
0.0007050000000000198,53.9407428812019,215.7629715248076,840.4583330850476,19.898351597819254
0.0007050000000000275,53.940742881200244,215.76297152480097,840.4583330876004,19.898351597448716
0.000705000000000066,53.940742881191944,215.76297152476778,840.4583331003648,19.898351595596022
0.0007050000000002585,53.94074288115043,215.7629715246017,840.4583331641874,19.89835158633256
0.0007050000000012207,53.940742880942814,215.76297152377126,840.4583334833004,19.89835154001522
0.0007050000000060319,53.94074287990475,215.762971519619,840.4583350788653,19.898351308428552
0.0007050000000300876,53.94074287471441,215.76297149885764,840.4583430566897,19.898350150495205
0.0007050000001503663,53.94074284876273,215.76297139505093,840.4583829458048,19.898344360828172
0.0007050000007517597,53.940742719004476,215.7629708760179,840.4585823912067,19.898315412485772
0.0007050000037587266,53.94074207021665,215.7629682808666,840.4595796138641,19.89817067059298
0.0007050000187935614,53.94073882636348,215.76295530545391,840.464565618342,19.897446956609024
0.0007050000939677355,53.9407226092469,215.7628904369876,840.4894929204403,19.893828273700585
0.0007050004698386059,53.94064157740539,215.76256630962155,840.614061415427,19.87573203576343
0.0007050023491929576,53.940237762847694,215.76095105139078,841.2352024764855,19.785180426536908
0.0007050117459647162,53.93825244427826,215.75300977711305,844.2982454701579,19.330682605476994
0.0007050587298235092,53.929186033762456,215.71674413504982,858.5318634674206,17.017316116016886
0.0007052599332335488,53.90759088822576,215.63036355290305,898.1659122040381,6.562473756133362
0.0007053818243622708,53.908377562045295,215.63351024818118,904.8317849561797,3.7188918611263944e-10
0.0007053818243622777,53.908377562045665,215.63351024818266,904.8317849561806,-5.933031843596837e-13
0.0007055830277723173,53.933499111362025,215.7339964454481,886.9294109360085,-10.624007425554261
0.0007057842311823569,53.9861945037269,215.9447780149076,834.8417897747621,-20.326833402721423
0.0007059854345923965,54.06170377954247,216.24681511816988,752.8076749709355,-28.43217819193061
0.0007061866380024361,54.1530157244121,216.6120628976484,647.1264025015898,-34.390987942655414
0.0007063878414124757,54.250872310201174,217.0034892408047,525.6636813091234,-37.82044612825708
0.0007065890448225153,54.34581466553269,217.38325866213077,397.2602626456643,-38.52369004692631
0.0007067902482325548,54.42778269934793,217.71113079739172,271.0807356936678,-36.50445804766555
0.0007069914516425944,54.48709323444953,217.94837293779813,155.94737456075987,-31.96209900208864
0.000707192655052634,54.515162358541225,218.0606494341649,59.71247850577648,-25.273567932171773
0.0007073938584626736,54.50510347306309,218.02041389225235,-11.287881327466332,-16.963046717972503
0.0007074541962008869,54.49394327371164,217.97577309484657,-26.987321702360006,-14.235866363938266
0.0007074541962008938,54.493943273710116,217.97577309484046,-26.98732170400327,-14.235866363621572
0.0007076553996109334,54.45010300906897,217.80041203627587,-76.9765511582118,-15.568564372372336
0.0007080068427852324,54.373612093108925,217.4944483724357,-174.19407059355007,-17.590699512203113
0.00070860285174315,54.24413636761328,216.97654547045312,-361.38592442704885,-19.981195192189094
0.0007091988607010676,54.11497018798602,216.45988075194407,-565.3024991447725,-20.947835642786984
0.0007097948696589852,53.98611034668531,215.94444138674123,-771.4003982848993,-20.419923066425902
0.0007099999999999972,53.941831641699615,215.76732656679846,-840.3829829973437,-19.893955898432342
0.0007100000000000041,53.941831641698116,215.76732656679246,-840.3829829996351,-19.893955898411768
0.000710000000000012,53.94183164169641,215.76732656678564,-840.3829830022745,-19.893955898387965
0.000710000000000019,53.94183164169491,215.76732656677964,-840.3829830045846,-19.89395589805169
0.0007102044175029789,53.91122476970626,215.64489907882503,-890.6283870079753,-9.522375284295482
0.0007103821120097878,53.90873364463101,215.63493457852405,-904.7354434577904,-1.3429257705865894e-12
0.0007103821120097947,53.90873364463139,215.63493457852556,-904.7354434577899,3.7209701986284927e-10
0.0007105865295127546,53.93444308048995,215.7377723219598,-886.2686480969404,10.785149021275995
0.0007107909470157145,53.98854401103119,215.95417604412475,-832.5864298478978,20.60818068098041
0.0007109953645186744,54.06598645596988,216.2639458238795,-748.1866279427788,28.76303667191783
0.0007111997820216343,54.15896996813475,216.635879872539,-639.743271116148,34.68193704350614
0.0007114041995245942,54.2584146306904,217.0336585227616,-515.5729776547317,37.97146532778578
0.0007116086170275541,54.354052955592785,217.41621182237114,-384.9891903090916,38.44121239297559
0.000711813034530514,54.435318074416564,217.74127229766626,-257.5919607658085,36.1134116215711
0.0007120174520334739,54.492150075709766,217.96860030283906,-142.55085776405573,31.2172633419194
0.0007122218695364338,54.51573454572242,218.06293818288967,-47.93332046563573,24.168047233949483
0.0007124262870393937,54.49913558861552,217.9965423544621,19.872635506279128,15.532831009912542
0.0007124545064084191,54.493437254108336,217.97374901643335,26.886533416809307,14.24398235435806
0.000712454506408426,54.49343725410682,217.9737490164273,26.88653341845741,14.243982354039996
0.0007126589239113859,54.448897355294065,217.79558942117626,77.73708575814298,15.59698942738778
0.0007130103862209188,54.37240397126095,217.4896158850438,175.11627031265826,17.61560502726645
0.000713606794727376,54.242844428187325,216.9713777127493,362.6508258655622,19.999706060972034
0.0007142032032338333,54.11359484010437,216.45437936041748,566.8416523310406,20.95675144477314
0.0007147996117402905,53.984651992087926,215.9386079683517,773.1067283663026,20.41666094028599
0.000714999999999997,53.94139765373941,215.76559061495763,840.504902401595,19.900556698307675
0.0007150000000000039,53.94139765373791,215.76559061495163,840.5049024038879,19.90055669828709
0.0007150000000000119,53.941397653736196,215.76559061494478,840.5049024065281,19.900556698263273
0.0007150000000000188,53.94139765373468,215.76559061493873,840.5049024088387,19.9005566979269
0.0007152044119714914,53.91079700675609,215.64318802702437,890.7668437245218,9.52625730538793
0.0007153821266991674,53.9083208434008,215.6332833736032,904.8812661512366,2.559730205575761e-12
0.0007153821266991743,53.90832084340117,215.63328337360468,904.8812661512361,-3.709956786224211e-10
0.000715586538670647,53.934059513502675,215.7362380540107,886.4100318132333,-10.788034198511887
0.0007157909506421196,53.988199639468824,215.9527985578753,832.7148696368185,-20.613718970894737
0.0007159953626135922,54.06569018036875,216.262760721475,748.2945538137642,-28.77084165362392
0.0007161997745850649,54.1587291290886,216.6349165163544,639.8244738368767,-34.691492743980895
0.0007164041865565375,54.25823465335093,217.03293861340373,515.6229532651822,-37.98215754871777
0.0007166085985280101,54.35393709350439,217.41574837401757,385.00538549654823,-38.45236561343043
0.0007168130104994827,54.43526726884832,217.74106907539328,257.57390614170976,-36.124329017549385
0.0007170174224709554,54.49216294523385,217.9686517809354,142.5001821336203,-31.227267828420953
0.000717221834442428,54.51580750810008,218.06323003240033,47.85364521184777,-24.176521278561715
0.0007174262464139006,54.499263108658546,217.99705243463418,-19.97591652056404,-15.5392530130297
0.0007174546850459005,54.493523927281075,217.9740957091243,-27.044840850896303,-14.239996442507604
0.0007174546850459074,54.49352392727957,217.97409570911827,-27.044840852543928,-14.239996442189435
0.0007176590970173801,54.44898516239805,217.7959406495922,-77.87973697080301,-15.59259547722185
0.0007180105916264459,54.372484630103436,217.48993852041374,-175.2409955876276,-17.61082721361831
0.0007186070570117283,54.24291255321043,216.97165021284172,-362.7431308920596,-19.99437256146145
0.0007192035223970106,54.11365049101164,216.45460196404656,-566.898156890347,-20.950975113010482
0.0007197999877822929,53.98469522751609,215.93878091006437,-773.1238727711667,-20.410573538250333
0.0007199999999999967,53.94152199173831,215.76608796695325,-840.3774861861295,-19.89557024848227
0.0007200000000000036,53.94152199173681,215.76608796694725,-840.3774861884215,-19.895570248461695
0.0007200000000000116,53.94152199173508,215.76608796694032,-840.3774861910971,-19.89557024843756
0.0007200000000000186,53.941521991733566,215.76608796693426,-840.3774861934072,-19.895570248101283
0.0007202044326802283,53.91091420824051,215.64365683296205,-890.6306878313977,-9.523129580889389
0.0007203821382939968,53.90842624333828,215.63370497335313,-904.7397440312157,-3.6622083143811324e-10
0.0007203821382940037,53.90842624333866,215.63370497335464,-904.7397440312151,7.229772336359019e-12
0.0007205865709742135,53.93414407179743,215.7365762871897,-886.2699179397393,10.786110839223921
0.0007207910036544233,53.988258044416476,215.9530321776659,-832.5791217736062,20.60988732967104
0.000720995436334633,54.06571667481493,216.26286669925972,-748.1665387635738,28.76511591988664
0.0007211998690148428,54.15871720721727,216.6348688288691,-639.708149163116,34.68391140597769
0.0007214043016950525,54.25817721087646,217.03270884350584,-515.5228998167207,37.972813720973825
0.0007216087343752623,54.35382652422984,217.41530609691935,-384.92666779095595,38.441438811795614
0.0007218131670554721,54.435095805968565,217.74038322387426,-257.52175978201876,36.11211222967101
0.0007220175997356818,54.49192317550486,217.96769270201943,-142.47955212115357,31.214184919371935
0.0007222220324158916,54.51549299908845,218.0619719963538,-47.8686199169446,24.163130593035717
0.0007224264650961014,54.49886908115824,217.99547632463296,19.922714263198163,15.526234456863577
0.0007224545601869212,54.49319401671086,217.97277606684344,26.90396136836076,14.24296929896554
0.0007224545601869282,54.49319401670934,217.97277606683735,26.903961370008766,14.24296929864746
0.0007226589928671379,54.4486510110789,217.7946040443156,77.75493482247938,15.596032779319277
0.0007230104589554567,54.372157151273925,217.4886286050957,175.12942983344922,17.614604403393507
0.000723606873688085,54.24259684537463,216.9703873814985,362.65578052965094,19.9986658540013
0.0007242032884207133,54.113346499543695,216.45338599817478,566.8384064923849,20.955716575644306
0.0007247997031533416,53.984402898755334,215.93761159502134,773.0955712236519,20.415674368745865
0.0007249999999999908,53.941168483738274,215.7646739349531,840.4603004813147,19.899872999192283
0.0007249999999999978,53.94116848373677,215.76467393494707,840.460300483607,19.8998729991717
0.0007250000000000058,53.941168483735034,215.76467393494013,840.4603004862834,19.899872999147554
0.0007250000000000127,53.94116848373353,215.7646739349341,840.460300488594,19.89987299881121
0.0007252044169873094,53.91056601052987,215.64226404211948,890.7222116396354,9.526196279250176
0.0007253821444363149,53.90808728069458,215.63234912277832,904.8375582932968,1.2434497875801753e-12
0.0007253821444363218,53.90808728069494,215.63234912277977,904.8375582932961,-3.722817609741469e-10
0.0007255865614236185,53.933822235032515,215.73528894013006,886.3668443128585,-10.787463575461302
0.0007257909784109151,53.98795702623667,215.95182810494669,832.6732615514517,-20.612590319948048
0.0007259953953982118,54.06544055289973,216.26176221159892,748.2556408616365,-28.769174270152227
0.0007261998123855084,54.15847070028835,216.6338828011534,639.7894510346482,-34.689317406696404
0.0007264042293728051,54.25796557916981,217.03186231667925,515.593086545283,-37.97952218623134
0.0007266086463601017,54.353655507604714,217.41462203041885,384.98196785939336,-38.44934104005131
0.0007268130633473984,54.43497136852879,217.73988547411517,257.55817879106326,-36.1210134268418
0.000727017480334695,54.491851111455425,217.9674044458217,142.4932264705035,-31.223788992869515
0.0007272218973219917,54.51547844568683,218.06191378274733,47.856256112853515,-24.173035601487545
0.0007274263143092883,54.49891599122788,217.99566396491153,-19.9633621471324,-15.535940905948168
0.0007274546752597158,54.493191320593745,217.97276528237498,-27.01228551575452,-14.240317416459604
0.0007274546752597227,54.49319132059223,217.97276528236893,-27.012285517402184,-14.240317416141458
0.0007276590922470193,54.448651735104,217.794606940416,-77.84971195249818,-15.59302693744067
0.0007280105802835818,54.37215310073396,217.48861240293584,-175.21193601723658,-17.611347181567194
0.0007286070326643885,54.242584635596984,216.97033854238794,-362.71590200934475,-19.995044699875727
0.0007292034850451952,54.11332616971834,216.45330467887337,-566.8739769908931,-20.951812675351263
0.0007297999374260019,53.98437448736952,215.9374979494781,-773.104366478767,-20.4115806463306
0.0007299999999999912,53.941190642966575,215.7647625718663,-840.3780407513298,-19.89647106117311
0.0007299999999999981,53.94119064296509,215.76476257186036,-840.3780407536219,-19.89647106115254
0.0007300000000000063,53.941190642963335,215.76476257185334,-840.3780407563339,-19.896471061128075
0.0007300000000000132,53.94119064296183,215.7647625718473,-840.3780407586441,-19.896471060791793
0.0007302044304987345,53.91058363850925,215.642334554037,-890.6336801050663,-9.523970898370564
0.000730382148199128,53.90809721581045,215.6323888632418,-904.7449480950312,-9.414691248821327e-13
0.0007303821481991349,53.90809721581082,215.63238886324328,-904.7449480950305,3.725162400769477e-10
0.0007305865786978562,53.93381832000725,215.735273280029,-886.275121422508,10.786227100514424
0.0007307910091965775,53.987935874078,215.951743496312,-832.5842956938118,20.610125561799222
0.0007309954396952987,54.06539847733947,216.26159390935788,-748.1715763409276,28.765487626446934
0.00073119987019402,54.1584035135344,216.6336140541376,-639.7128290448964,34.68443015031995
0.0007314043006927413,54.257868687002606,217.03147474801042,-515.5268692193583,37.9734905531596
0.0007316087311914625,54.353523970623115,217.41409588249246,-384.9294488937143,38.44227730910477
0.0007318131616901838,54.43480012433932,217.73920049735727,-257.5227799987809,36.11310394703386
0.0007320175921889051,54.491635310999996,217.96654124399998,-142.47819581966058,31.21530589528369
0.0007322220226876263,54.5152138646199,218.0608554584796,-47.8642965325868,24.1643394692452
0.0007324264531863476,54.498599471850206,217.99439788740082,19.930492925938943,15.527472606374879
0.0007324545893883062,54.492916758837744,217.97166703535098,26.922082293458296,14.242307833632882
0.0007324545893883131,54.492916758836245,217.97166703534498,26.92208229510622,14.242307833314795
0.0007326590198870344,54.44837445496659,217.79349781986636,77.77016383051334,15.595315898923005
0.0007330104896617711,54.371880181930905,217.48752072772362,175.1413715597362,17.61385105622304
0.000733606909959198,54.24231932856382,216.9692773142553,362.6617620684203,19.997870612386258
0.0007342033302566249,54.1130684394821,216.4522737579284,566.8383188843816,20.95490999344132
0.0007347997505540518,53.98412429957242,215.9364971982897,773.0894704837735,20.41488645353339
0.000734999999999997,53.94090033504381,215.76360134017523,840.4359398180811,19.89924412381138
0.000735000000000004,53.940900335042315,215.76360134016926,840.4359398203737,19.899244123790798
0.0007350000000000121,53.94090033504056,215.76360134016224,840.4359398230861,19.899244123766334
0.0007350000000000191,53.940900335039046,215.76360134015619,840.4359398253965,19.89924412343
0.0007352044198462879,53.91029707825273,215.64118831301093,890.6969005759404,9.525854749957032
0.0007353821481107807,53.90781696380817,215.6312678552327,904.8118056329249,3.729017095110976e-10
0.0007353821481107877,53.90781696380854,215.63126785523417,904.8118056329242,-6.075140390748857e-13
0.0007355865679570565,53.933549479306514,215.73419791722606,886.3413238175661,-10.787175961621855
0.0007357909878033253,53.987681072216354,215.95072428886542,832.6484541869725,-20.612018818073413
0.0007359954076495941,54.06516058860979,216.26064235443917,748.2320759391055,-28.76832394599814
0.0007361998274958629,54.15818582536462,216.63274330145848,639.7677267459791,-34.68819788244322
0.0007364042473421318,54.25767482785941,217.03069931143764,515.5738709217432,-37.978151490496145
0.0007366086671884006,54.353357865012974,217.4134314600519,384.9659772294915,-38.44774959312343
0.0007368130870346694,54.43466581866537,217.7386632746615,257.5461337749447,-36.11924735131905
0.0007370175068809382,54.491536707487874,217.9661468299515,142.48578883887248,-31.22191209549314
0.000737221926727207,54.5151543942915,218.060617577166,47.85395261795027,-24.171129485860085
0.0007374263465734759,54.49858174185498,217.9943269674199,-19.960220655484115,-15.53410286884408
0.0007374546628986336,54.49286542645145,217.9714617058058,-26.997685260913556,-14.240561308829959
0.0007374546628986405,54.492865426449924,217.9714617057997,-26.997685262561255,-14.240561308511825
0.0007376590827449093,54.44832548464431,217.79330193857723,-77.83674449807242,-15.593323717072685
0.0007380105678372573,54.37182794898243,217.4873117959297,-175.19999792002758,-17.611680178010563
0.0007386070148278365,54.24226142824258,216.9690457129703,-362.7058684996702,-19.995435646811234
0.0007392034618184157,54.11300489929284,216.45201959717136,-566.8662619276997,-20.95225904728642
0.0007397999088089948,53.984055146524575,215.9362205860983,-773.0994771201055,-20.41207711753465
0.0007399999999999901,53.94086538305648,215.76346153222593,-840.3842756401322,-19.896892361940647
0.0007399999999999971,53.94086538305498,215.7634615322199,-840.3842756424242,-19.896892361920067
0.0007400000000000053,53.9408653830532,215.7634615322128,-840.3842756451724,-19.89689236189528
0.0007400000000000122,53.940865383051694,215.76346153220678,-840.3842756474827,-19.896892361558987
0.0007402044286074814,53.910259329106765,215.64103731642706,-890.6405860631194,-9.52421626633196
0.0007403821463432574,53.907774264895586,215.63109705958234,-904.7522208273273,-4.959588295605499e-12
0.0007403821463432644,53.90777426489596,215.63109705958385,-904.7522208273268,3.6850700269042136e-10
0.0007405865749507335,53.933497588063744,215.73399035225498,-886.2822624664659,10.786404506548195
0.0007407910035582026,53.98761791198939,215.95047164795756,-832.5910297956808,20.61047846701419
0.0007409954321656718,54.06508387427345,216.2603354970938,-748.1775928829535,28.76601410000093
0.0007411998607731409,54.15809292481565,216.6323716992626,-639.7177657263112,34.68512598545703
0.0007414042893806101,54.257562819193694,217.03025127677478,-515.5303091879967,37.97434655171726
0.0007416087179880792,54.35322357328358,217.41289429313431,-384.93093341994717,38.44327643062233
0.0007418131465955483,54.4345059591748,217.7380238366992,-257.52183677865673,36.11421888362751
0.0007420175752030175,54.49134810533022,217.96539242132087,-142.47438074778958,31.216497521416063
0.0007422220038104866,54.51493425464858,218.05973701859432,-47.85724488801844,24.165556541501342
0.0007424264324179557,54.498327941893265,217.99331176757306,19.941011455148544,15.528652959479688
0.000742454602667431,54.492638904039694,217.97055561615878,26.941236960452166,14.241905076294604
0.0007424546026674379,54.492638904038195,217.97055561615278,26.94123696210005,14.241905075976511
0.000742659031274907,54.44809723919918,217.7923889567967,77.78737728787989,15.594855758373232
0.0007430105049386145,54.37160250981467,217.4864100392587,175.1568276806607,17.613343624618516
0.0007436069322473982,54.24204079679622,216.96816318718487,362.67401689565355,19.99729108078186
0.0007442033595561818,54.11278905378276,216.45115621513105,566.8468921062479,20.95426670932908
0.0007447997868649655,53.983844065546506,215.93537626218603,773.0938076302865,20.414190781241352
0.0007449999999999966,53.940628159943515,215.76251263977406,840.4259475754154,19.898648698147007
0.0007450000000000036,53.94062815994201,215.76251263976803,840.4259475777079,19.898648698126436
0.0007450000000000118,53.940628159940225,215.7625126397609,840.4259475804562,19.898648698101642
0.0007450000000000188,53.94062815993872,215.76251263975487,840.4259475827666,19.898648697765317
0.0007452044212945811,53.91002481091774,215.64009924367096,890.6853210758462,9.525311720645808
0.0007453821420218285,53.90754410565657,215.63017642262628,904.7988193786765,5.81579229219642e-12
0.0007453821420218354,53.90754410565694,215.63017642262776,904.798819378676,-3.6768810218745784e-10
0.0007455865633163978,53.93327503482614,215.73310013930455,886.3283583508187,-10.787086799670632
0.0007457909846109601,53.98740488811267,215.94961955245068,832.6355687985239,-20.611837195478813
0.0007459954059055225,54.06488245788191,216.25952983152763,748.2193785067441,-28.76804352333032
0.0007461998272000848,54.157905455486436,216.63162182194574,639.7553955916475,-34.68781164391026
0.0007464042484946472,54.2573918439265,217.029567375706,515.5621639072677,-37.97765462451073
0.0007466086697892095,54.353071812565155,217.41228725026062,384.9552260235853,-38.447142585985844
0.0007468130910837719,54.43437618661767,217.73750474647068,257.53672298157653,-36.11853878922057
0.0007470175123783342,54.49124296648469,217.96497186593876,142.478121641596,-31.22112076142271
0.0007472219336728965,54.51485604610157,218.05942418440628,47.84840628123724,-24.17028539724094
0.0007474263549674589,54.49827837458669,217.99311349834676,-19.963344711489746,-15.533247009386427
0.0007474546484188179,54.49256635932958,217.97026543731832,-26.994975354194835,-14.240765416116833
0.0007474546484188249,54.49256635932807,217.9702654373123,-26.994975355842563,-14.240765415798707
0.0007476590697133872,54.44802634652932,217.79210538611727,-77.8351158752056,-15.593542623449137
0.0007480105542637671,54.371529349015425,217.4861173960617,-175.19950626403266,-17.61190033946335
0.0007486070009490714,54.24196360606846,216.96785442427384,-362.7074481977699,-19.995650305863045
0.0007492034476343758,54.112707852891226,216.4508314115649,-566.869780257049,-20.952454318916768
0.0007497998943196802,53.98375887389843,215.93503549559372,-773.1046780877916,-20.41224064559395
0.0007499999999999896,53.94056622120741,215.76226488482965,-840.3947865592679,-19.89699950333653
0.0007499999999999965,53.94056622120591,215.76226488482365,-840.3947865615602,-19.89699950331596
0.0007500000000000049,53.940566221204115,215.76226488481646,-840.3947865643445,-19.896999503290843
0.0007500000000000118,53.9405662212026,215.7622648848104,-840.3947865666547,-19.896999502954543
0.0007502044268950407,53.90996121676606,215.63984486706423,-890.6506034063245,-9.524068599070773
0.0007503821366755296,53.90747737753584,215.62990951014336,-904.7613846645582,-2.5721647034515627e-12
0.0007503821366755365,53.90747737753621,215.62990951014484,-904.7613846645577,3.709033080667723e-10
0.0007505865635705654,53.93320220763311,215.73280883053243,-886.2912059431235,10.786624199891609
0.0007507909904655942,53.98732475296807,215.94929901187228,-832.5993108175624,20.61091086961412
0.000750995417360623,54.064793658166515,216.25917463266606,-748.1847619714579,28.766648314849157
0.0007511998442556519,54.15780639086031,216.63122556344123,-639.7233632443052,34.68594592107824
0.0007514042711506807,54.257280702387376,217.0291228095495,-515.5338718107203,37.975329424317124
0.0007516086980457095,54.35294659094152,217.41178636376608,-384.932011126192,38.44439129813136
0.0007518131249407384,54.43423478136611,217.73693912546443,-257.5200200878075,36.11542561993785
0.0007520175518357672,54.49108331548696,217.96433326194784,-142.46933620553622,31.217746552378053
0.000752221978730796,54.514676305011974,218.0587052200479,-47.84875537529306,24.166789598411683
0.0007524264056258249,54.49807710878995,217.9923084351598,19.953006119861136,15.529804999140168
0.0007524546052716265,54.492382615302695,217.96953046121078,26.96074903648671,14.241682151982332
0.0007524546052716334,54.49238261530118,217.96953046120473,26.96074903813455,14.241682151664225
0.0007526590321666623,54.44784153291602,217.7913661316641,77.80560456848966,15.594574834696552
0.0007530105097864793,54.3713463023702,217.4853852094808,175.1743485211477,17.613009054923605
0.0007536069449450411,54.24178349664962,216.96713398659847,362.6902312803611,19.996865578607057
0.000754203380103603,54.11253066764932,216.45012267059727,566.8610809262138,20.953743681400578
0.0007547998152621648,53.98358460001009,215.93433840004036,773.1050196520143,20.41356897091125
0.0007549999999999959,53.940375029149955,215.76150011659982,840.425663978117,19.898086555009524
0.0007550000000000028,53.94037502914846,215.76150011659385,840.4256639804096,19.898086554988943
0.0007550000000000112,53.940375029146665,215.76150011658666,840.425663983194,19.89808655496383
0.0007550000000000181,53.94037502914515,215.7615001165806,840.4256639855043,19.8980865546275
0.0007552044218112759,53.909772018099524,215.6390880723981,890.6830736908635,9.524650186539752
0.0007553821297931867,53.907291227535296,215.62916491014118,904.7945741496887,2.2364332608049153e-12
0.0007553821297931936,53.907291227535666,215.62916491014266,904.7945741496881,-3.7126746121884935e-10
0.0007555865516044514,53.93302112838422,215.73208451353688,886.3239975819795,-10.78712678600322
0.0007557909734157091,53.98715018932881,215.94860075731523,832.6308794817472,-20.611909425641485
0.0007559953952269669,54.06462714923995,216.2585085969598,748.2141955036742,-28.768134444734876
0.0007561998170382247,54.157649637255695,216.63059854902278,639.7496239832086,-34.687903670295505
0.0007564042388494824,54.25713552453553,217.0285420981421,515.5557931830248,-37.97772834366122
0.0007566086606607402,54.35281490269922,217.4112596107969,384.94833462820776,-38.44717922758145
0.0007568130824719979,54.43411850559091,217.73647402236364,257.52947268906195,-36.11852265251727
0.0007570175042832557,54.49098425941642,217.9639370376657,142.47074230652234,-31.22104135119316
0.0007572219260945134,54.51459600998365,218.0583840399346,47.84117247138045,-24.170139039452202
0.0007574263479057712,54.49801669065937,217.99206676263748,-19.970142878354732,-15.533037769003531
0.0007574546327140327,54.49230631923486,217.96922527693943,-26.999620953909314,-14.240947687816519
0.0007574546327140397,54.49230631923335,217.9692252769334,-26.999620955557063,-14.240947687498393
0.0007576590545252974,54.44776640644568,217.79106562578272,-77.84049571949228,-15.593715750787744
0.0007580105400188684,54.371269569003424,217.4850782760137,-175.2061034197989,-17.612053082996155
0.0007586069895468893,54.24170382830289,216.96681531321155,-362.71624373624485,-19.995758156051256
0.0007592034390749102,54.11244807885189,216.44979231540756,-566.8803011640259,-20.95249619165761
0.0007597998886029311,53.98349910502744,215.93399642010976,-773.11619238372,-20.41219968634602
0.0007599999999999973,53.940305426719206,215.76122170687682,-840.4080075399422,-19.89691369360482
0.0007600000000000043,53.940305426717714,215.76122170687086,-840.4080075422345,-19.89691369358424
0.0007600000000000128,53.94030542671586,215.76122170686344,-840.408007545091,-19.89691369355847
0.0007600000000000198,53.94030542671435,215.7612217068574,-840.4080075474013,-19.896913693222157
0.0007602044253253482,53.90970149664876,215.63880598659503,-890.6626325861208,-9.523684744398896
0.0007603821224423629,53.90721876219591,215.62887504878364,-904.7718345724066,-2.9949376312288223e-12
0.0007603821224423698,53.90721876219629,215.62887504878515,-904.7718345724061,3.7049119328003144e-10
0.0007605865477676982,53.93294461706977,215.7317784682791,-886.301385360679,10.786865589935545
0.0007607909730930266,53.987068985068255,215.94827594027302,-832.6086838215718,20.611383705662817
0.000760995398418355,54.06454049861549,216.25816199446197,-748.1928024925379,28.76733642969307
0.0007611998237436835,54.15755661308156,216.63022645232624,-639.729560657974,34.68682626136645
0.0007614042490690119,54.25703504171989,217.02814016687955,-515.537743020183,37.97637132710133
0.0007616086743943403,54.35270572822678,217.41082291290712,-384.93311988598595,38.445555901705475
0.0007618130997196687,54.433999314724964,217.73599725889986,-257.5180030764481,36.11666571550812
0.0007620175250449971,54.490853726050915,217.96341490420366,-142.46393398694633,31.219007113758696
0.0007622219503703255,54.51445292067909,218.05781168271636,-47.83984527563557,24.168009167341864
0.0007624263756956539,54.49786007018993,217.99144028075972,19.96537902302874,15.530918012820864
0.0007624546011785737,54.49216078373978,217.9686431349591,26.97977550529422,14.241580765582562
0.0007624546011785806,54.49216078373827,217.96864313495308,26.97977550694205,14.241580765264448
0.000762659026503909,54.44762022455067,217.79048089820267,77.8237986148424,15.594416971447213
0.0007630105079776741,54.37112446674334,217.48449786697336,175.19252346637958,17.612795528723666
0.0007636069512247456,54.241560434631324,216.9662417385253,362.70833977334286,19.99655261822491
0.0007642033944718171,54.112306386399524,216.4492255455981,566.8782800781383,20.953315537317025
0.0007647998377188885,53.98335910655081,215.93343642620323,773.1201436124235,20.413016493469346
0.0007649999999999971,53.94015456146279,215.76061824585116,840.4314705845279,19.8975662737175
0.0007650000000000041,53.9401545614613,215.7606182458452,840.4314705868203,19.89756627369692
0.0007650000000000125,53.94015456145947,215.7606182458379,840.431470589641,19.897566273671476
0.0007650000000000195,53.94015456145797,215.7606182458319,840.4314705919513,19.89756627333514
0.0007652044217458624,53.90955212502195,215.6382085000878,890.6867649430889,9.523942499388962
0.0007653821143245976,53.90707154743528,215.62828618974112,904.7959872870351,2.6201263381153694e-12
0.0007653821143246046,53.907071547435656,215.62828618974262,904.7959872870347,-3.708855444983783e-10
0.0007655865360704475,53.932800783031716,215.73120313212686,886.3252169345175,-10.787243419296935
0.0007657909578162905,53.986929639273974,215.9477185570959,832.6315350845662,-20.61213255708816
0.0007659953795621335,54.06440680366601,216.25762721466404,748.2139630437392,-28.768446665105053
0.0007661998013079764,54.157429828152225,216.6297193126089,639.7482466384951,-34.68828165147704
0.0007664042230538194,54.25691648973409,217.02766595893635,515.5530983834755,-37.978144558400885
0.0007666086447996623,54.35259677487978,217.4103870995191,384.94424466258585,-38.44760394864485
0.0007668130665455053,54.43390130839525,217.735605233581,257.5240085140194,-36.1189260654452
0.0007670174882913483,54.49076791118118,217.96307164472472,142.4640204179696,-31.221395636140166
0.0007672219100371912,54.514380334741574,218.0575213389663,47.8333951762356,-24.170420277876936
0.0007674263317830342,54.497801435515996,217.99120574206398,-19.978702999957203,-15.533227545701404
0.0007674546167678356,54.49209105901988,217.9683642360795,-27.008309277306395,-14.24111512384635
0.0007674546167678425,54.49209105901836,217.96836423607343,-27.00830927895417,-14.241115123528218
0.0007676590385136855,54.44755133642323,217.79020534569293,-77.84969971842948,-15.593860458267198
0.0007680105257659923,54.37105441864369,217.48421767457475,-175.21655004701677,-17.61216567128734
0.0007686069798476686,54.2414882026119,216.9659528104476,-362.728923525049,-19.995804594836926
0.0007692034339293449,54.11223198134597,216.44892792538388,-566.8945588616145,-20.952451723777735
0.0007697998880110212,53.98328253915061,215.93313015660243,-773.1310422614973,-20.412045222792855
0.0007699999999999912,53.940088906409855,215.76035562563942,-840.4224802858134,-19.896721953027477
0.0007699999999999981,53.94008890640835,215.7603556256334,-840.4224802881056,-19.896721953006896
0.0007700000000000068,53.94008890640649,215.76035562562595,-840.4224802909985,-19.8967219529808
0.0007700000000000137,53.94008890640498,215.76035562561992,-840.4224802933087,-19.896721952644473
0.0007702044238985113,53.90948601176278,215.63794404705112,-890.6755645034498,-9.523181929044075
0.0007703821061747763,53.90700425950499,215.62801703801995,-904.7828372522008,-1.893596390800667e-12
0.0007703821061747833,53.90700425950536,215.62801703802143,-904.7828372522002,3.71603192661496e-10
0.0007705865300732808,53.932730811006614,215.73092324402646,-886.3120993329692,10.787110032468583
0.0007707909539717783,53.98685668800828,215.94742675203312,-832.6185401900376,20.61186135066513
0.0007709953778702759,54.064330500245035,216.25732200098014,-748.2012516656259,28.768028731178216
0.0007711998017687734,54.15734967414403,216.62939869657612,-639.7360825207488,34.687707083845254
0.000771404225667271,54.256831867026996,217.02732746810798,-515.5418617705707,37.977406693192904
0.0007716086495657685,54.352506949151696,217.41002779660678,-384.93442395324877,38.44670392781882
0.000771813073464266,54.43380546283113,217.73522185132452,-257.51616952366766,36.117876971787524
0.0007720174973627636,54.49066520307901,217.96266081231605,-142.45875568734985,31.220225587952307
0.0007722219212612611,54.51426996846229,218.05707987384915,-47.83125826322967,24.169173958507717
0.0007724263451597586,54.49768274405687,217.99073097622747,19.97727126802424,15.531965802275877
0.0007724545933333484,54.49197924862998,217.96791699451992,26.997543636829754,14.241558058431183
0.0007724545933333553,54.49197924862847,217.96791699451387,26.99754363847758,14.241558058113059
0.0007726590172318529,54.44743914858207,217.78975659432828,77.8410442504039,15.59434142771494
0.0007730105023021394,54.370942862981984,217.48377145192794,175.2101660320875,17.61266594901429
0.0007736069533693158,54.241377566857906,216.96551026743163,362.72666770075256,19.99632354458182
0.0007742034044364922,54.11212226172383,216.44848904689533,566.8964187471622,20.952966496853136
0.0007747998555036686,53.983173731947346,215.93269492778938,773.136857081494,20.412534039207976
0.0007749999999999908,53.93997317246793,215.75989268987172,840.4406371794933,19.897097971187534
0.0007749999999999977,53.93997317246644,215.75989268986575,840.4406371817857,19.897097971166954
0.0007750000000000063,53.93997317246458,215.75989268985833,840.4406371846424,19.897097971141182
0.0007750000000000132,53.93997317246308,215.7598926898523,840.4406371869526,19.897097970804836
0.0007752044213488247,53.90937140875159,215.63748563500636,890.6938419235394,9.523245949640854
0.0007753820978127432,53.906891196966775,215.6275647878671,904.8007461090892,8.79296635503124e-13
0.0007753820978127501,53.90689119696714,215.62756478786855,904.8007461090885,-3.7263170327150874e-10
0.0007755865191615616,53.9326200019577,215.7304800078308,886.3297469600185,-10.787398134388479
0.0007757909405103731,53.98674899189621,215.94699596758483,832.6353951258618,-20.612431009346764
0.0007759953618591846,54.064226806842505,216.25690722737002,748.2167538941384,-28.768870135690154
0.0007761997832079961,54.1572509284532,216.6290037138128,639.7496314909779,-34.68880472266415
0.0007764042045568075,54.256739043158504,217.02695617263402,515.5528202098847,-37.978736462883234
0.000776608625905619,54.35242103347884,217.40968413391536,384.9421397666878,-38.44823019512906
0.0007768130472544305,54.433727410672454,217.73490964268981,257.5200155816084,-36.11955026061797
0.000777017468603242,54.49059587788619,217.96238351154477,142.45818453411047,-31.22198142761224
0.0007772218899520535,54.51421007062229,218.05684028248916,47.825866458383295,-24.170933329850264
0.000777426311300865,54.49763273715592,217.99053094862367,-19.987676286496587,-15.533637452219562
0.0007774546014546105,54.49192141979551,217.96768567918204,-27.01869929032238,-14.241269070377925
0.0007774546014546175,54.491921419794004,217.96768567917601,-27.018699291970172,-14.241269070059788
0.000777659022803429,54.4473819223274,217.7895276893096,-77.86046629804483,-15.593985451713385
0.0007780105121570304,54.37088478556657,217.48353914226627,-175.22852513668903,-17.612253905216022
0.0007786069714751758,54.241317837589605,216.96527135035842,-362.7430644205507,-19.99581855965763
0.0007792034307933213,54.11206088886557,216.44824355546228,-566.9101440298016,-20.952365764890313
0.0007797998901114667,53.98311072361141,215.93244289444564,-773.146996470345,-20.4118398582575
0.0007799999999999976,53.939917681532926,215.7596707261317,-840.4369942519488,-19.896484832557753
0.0007800000000000045,53.93991768153143,215.75967072612573,-840.4369942542412,-19.89648483253717
0.0007800000000000132,53.93991768152956,215.75967072611823,-840.436994257134,-19.896484832511074
0.0007800000000000202,53.93991768152805,215.7596707261122,-840.4369942594442,-19.896484832174735
0.0007802044226273569,53.9093157352371,215.6372629409484,-890.6884386673048,-9.522644022191052
0.0007803820897331425,53.90683483659028,215.6273393463611,-904.7937039797141,-3.701732254057788e-10
0.0007803820897331494,53.90683483659065,215.6273393463626,-904.7937039797134,3.3359981443936704e-12
0.0007805865123604862,53.93256186031333,215.7302474412533,-886.3226834862505,10.787342625456972
0.0007807909349878229,53.98668898306642,215.9467559322657,-832.6282865075868,20.612315230840764
0.0007809953576151596,54.064164787549615,216.25665915019846,-748.2096281748599,28.768685106598053
0.0007811997802424964,54.157186663893924,216.6287466555757,-639.7425926164236,34.68853961231707
0.0007814042028698331,54.25667220702746,217.02668882810983,-515.5460597191411,37.978381496612464
0.0007816086254971698,54.352351207662274,217.4094048306491,-384.93593403919425,38.44777981337508
0.0007818130481245066,54.43365410463602,217.73461641854408,-257.5147082146782,36.11900604525839
0.0007820174707518433,54.49051856341115,217.9620742536446,-142.4541552827481,31.221354397904886
0.00078222189337918,54.51412822788411,218.05651291153643,-47.82348977010353,24.170245262559988
0.0007824263160065168,54.49754590732511,217.99018362930045,19.988078789029895,15.53292097910411
0.000782454583845145,54.491838763499985,217.96735505399994,27.013465485307275,14.24158292247515
0.0007824545838451519,54.49183876349847,217.96735505399388,27.0134654869551,14.241582922157017
0.0007826590064724887,54.4472990551341,217.7891962205364,77.85665355162331,15.594318778957678
0.0007830104947638012,54.37080226583215,217.4832090633286,175.22639094567248,17.61259360773103
0.0007836069530038167,54.24123574842789,216.96494299371156,362.743974889589,19.996157911857782
0.0007842034112438321,54.111979228683104,216.44791691473242,566.9139698479371,20.952685619498336
0.0007847998694838475,53.98302949083975,215.932117963359,773.1534526131268,20.412122798907774
0.0007849999999999965,53.93983206314588,215.75932825258351,840.4511803606393,19.896689569738395
0.0007850000000000035,53.939832063144365,215.75932825257746,840.4511803629315,19.89668956971781
0.0007850000000000121,53.93983206314248,215.75932825256993,840.4511803658243,19.896689569691713
0.0007850000000000191,53.93983206314097,215.75932825256388,840.4511803681345,19.896689569355352
0.0007852044207948646,53.90923097592126,215.63692390368504,890.7024484921167,9.522601741042738
0.0007853820818174182,53.906751184253764,215.62700473701506,904.8071660300675,3.7112712902853673e-10
0.0007853820818174252,53.906751184254134,215.62700473701653,904.807166030067,-2.390976305832737e-12
0.0007855865026122707,53.93247970920993,215.72991883683972,886.3359336795036,-10.787563770344025
0.0007857909234071163,53.98660900256155,215.9464360102462,832.6408968989432,-20.612751561713154
0.0007859953442019618,54.06408766220934,216.25635064883735,748.2211561740799,-28.76932738988846
0.0007861997649968073,54.15711310792341,216.62845243169363,639.7525752378411,-34.68937377049562
0.0007864041857916529,54.256602943475976,217.0264117739039,515.5540184830363,-37.97938675927803
0.0007866086065864984,54.35228695489346,217.40914781957383,384.94139202492414,-38.4489268716556
0.000786813027381344,54.43359554480781,217.73438217923123,257.517219039371,-36.120255668326294
0.0007870174481761895,54.490466299423765,217.96186519769506,142.45334186295992,-31.22265687685243
0.000787221868971035,54.51408273383394,218.05633093533575,47.819089124859794,-24.17154097541681
0.0007874262897658806,54.497507477965975,217.9900299118639,-19.996169681075315,-15.534142253811652
0.0007874545874459812,54.491794775299866,217.96717910119946,-27.029213847263147,-14.24140845234519
0.0007874545874459882,54.49179477529835,217.9671791011934,-27.029213848910942,-14.241408452027045
0.0007876590082408337,54.447255501997326,217.7890220079893,-77.87126664461512,-15.594094660574658
0.0007880104997197857,54.37075808062074,217.48303232248296,-175.24044866403773,-17.612326542921522
0.0007886069642580905,54.24119030194499,216.96476120777996,-362.75699756853624,-19.995817828145455
0.0007892034287963953,54.111932527237,216.447730108948,-566.9253793822261,-20.95226713521155
0.0007897998933347002,53.982981540623754,215.93192616249502,-773.1624837945132,-20.411624826722615
0.0007899999999999901,53.93978929734921,215.75915718939683,-840.4506401335072,-19.89624255841672
0.0007899999999999971,53.93978929734772,215.7591571893909,-840.4506401357996,-19.89624255839614
0.000790000000000006,53.93978929734581,215.75915718938325,-840.4506401387647,-19.896242558369387
0.0007900000000000129,53.939789297344305,215.75915718937722,-840.4506401410748,-19.896242558033038
0.0007902044215244827,53.90918818099965,215.6367527239986,-890.7005142753735,-9.522127541057923
0.0007903820743872254,53.906708003874854,215.62683201549942,-904.803878012806,-3.7285019516275497e-10
0.0007903820743872323,53.90670800387524,215.62683201550095,-904.8038780128056,6.661338147750939e-13
0.0007905864959117021,53.932435345752786,215.72974138301115,-886.332598036202,10.787552792032036
0.0007907909174361719,53.986563484383225,215.9462539375329,-832.637432468388,20.61272503426879
0.0007909953389606417,54.064040975198616,216.25616390079446,-748.2175200530976,28.76927697069684
0.0007911997604851115,54.15706517092913,216.62826068371652,-639.7487807152343,34.68928896408789
0.0007914041820095813,54.25655360532496,217.02621442129984,-515.5501448848996,37.97925691306095
0.0007916086035340511,54.35223599214199,217.40894396856797,-384.9375850698264,38.448743370200056
0.000791813025058521,54.4335426722451,217.7341706889804,-257.51368133755125,36.120014013825156
0.0007920174465829908,54.490411190865785,217.96164476346314,-142.4503143624999,31.222358398982035
0.0007922218681074606,54.51402505081719,218.05610020326876,-47.81682532299382,24.17119394405222
0.0007924262896319304,54.49744690338605,217.9897876135442,19.997434095488742,15.533762227853316
0.0007924545741553153,54.49173666299275,217.966946651971,27.027174472113803,14.24163326128459
0.0007924545741553222,54.491736662991244,217.96694665196497,27.027174473761633,14.241633260966447
0.000792658995679792,54.44719727827979,217.78878911311915,77.87018962684878,15.594328020049254
0.0007930104867431736,54.37070002908696,217.48280011634785,175.24062292335827,17.612559263780888
0.0007936069512632715,54.24113239270085,216.9645295708034,362.7594372164773,19.99604062095292
0.0007942034157833694,54.111874759932554,216.44749903973022,566.9299059771487,20.95246418170509
0.0007947998803034673,53.98292391491281,215.93169565965124,773.1687713089984,20.411782241973828
0.0007949999999999892,53.93972890613361,215.75891562453444,840.4617311676221,19.896345276795675
0.0007949999999999961,53.93972890613212,215.75891562452847,840.4617311699145,19.896345276775094
0.0007950000000000049,53.93972890613023,215.7589156245209,840.4617311728434,19.89634527674867
0.0007950000000000118,53.939728906128714,215.75891562451486,840.4617311751535,19.896345276412305
0.0007952044202008868,53.9091284394618,215.6365137578472,890.7112966081388,9.522036056582316
0.0007953820673533384,53.90664905902413,215.62659623609653,904.814069384402,6.959766096770181e-12
0.0007953820673533453,53.9066490590245,215.626596236098,904.8140693844015,-3.665654446649569e-10
0.0007955864875542202,53.932377399920185,215.72950959968074,886.3426196364103,-10.787722306833825
0.0007957909077550952,53.98650705634611,215.94602822538445,832.6469432494627,-20.613058891324734
0.0007959953279559701,54.0639865901478,216.2559463605912,748.2261724596918,-28.76976698810979
0.000796199748156845,54.15701336848737,216.62805347394948,639.7562185190809,-34.68992294199122
0.0007964041683577199,54.25650492313223,217.02601969252893,515.5560082277594,-37.980017457084585
0.0007966085885585948,54.35219095508731,217.40876382034924,384.94152369590824,-38.44960674296149
0.0007968130087594698,54.43350176942714,217.73400707770855,257.515375793411,-36.1209493292966
0.0007970174289603447,54.49037484494797,217.9614993797919,142.44950360974875,-31.22332740946876
0.0007972218491612196,54.51399358336616,218.05597433346463,47.81333810214589,-24.172151618089398
0.0007974262693620945,54.49742050007095,217.9896820002838,-20.00364766680913,-15.534658234500888
0.0007974545751841507,54.49170629277868,217.96682517111472,-27.038864764220087,-14.24153163837633
0.0007974545751841576,54.49170629277717,217.96682517110867,-27.038864765867903,-14.241531638058184
0.0007976589953850326,54.44716722116209,217.78866888464836,-77.88114154274749,-15.594189640315594
0.0007980104888139467,54.37066949973066,217.48267799892264,-175.25132409547751,-17.61238818379699
0.0007986069581154891,54.24110089864945,216.9644035945978,-362.76966147428755,-19.995812724094534
0.0007992034274170314,54.111842305992326,216.4473692239693,-566.9391898496889,-20.95217322083946
0.0007997998967185738,53.982890505802544,215.93156202321018,-773.1764890605137,-20.41142549585117
0.0007999999999999895,53.9396990654649,215.7587962618596,-840.4628090182725,-19.89602000625557
0.0007999999999999965,53.93969906546338,215.75879626185352,-840.4628090205645,-19.89602000623498
0.0008000000000000054,53.93969906546147,215.75879626184587,-840.4628090235295,-19.896020006208232
0.0008000000000000123,53.939699065459955,215.75879626183982,-840.4628090258396,-19.89602000587187
0.0008002044205962859,53.909098644745264,215.63639457898105,-890.7112859674861,-9.521667265704483
0.0008003820609139515,53.90661905849335,215.6264762339734,-904.8129669741111,-3.703064521687338e-10
0.0008003820609139584,53.90661905849372,215.62647623397487,-904.8129669741104,3.220534949832654e-12
0.000800586481510232,53.93234661250654,215.72938645002617,-886.3414609991391,10.787734121840955
0.0008007909021065056,53.98647556329125,215.945902253165,-832.6456263989526,20.61307845706965
0.0008009953227027792,54.06395444133918,216.2558177653567,-748.2246235735882,28.769787025647183
0.0008011997432990528,54.15698056478205,216.6279222591282,-639.7544052665302,34.68993406365455
0.0008014041638953264,54.256471412178776,217.0258856487151,-515.5539478297876,37.980009537457164
0.0008016085844916,54.3521566283207,217.4086265132828,-384.93928477321674,38.4495704437957
0.0008018130050878736,54.43346646727627,217.73386586910507,-257.5130736974658,36.120877579112
0.0008020174256841471,54.49033836893413,217.96135347573653,-142.44728965999994,31.22321667306685
0.0008022218462804207,54.5139557137074,218.0558228548296,-47.81138378952433,24.1720028079682
0.0008024262668766943,54.497381017015535,217.98952406806214,20.00516990939252,15.534477151591005
0.0008024545651827896,54.49166821740383,217.9666728696153,27.038516124807288,14.24169388202155
0.0008024545651827966,54.49166821740232,217.96667286960928,27.038516126455125,14.241693881703402
0.0008026589857790702,54.44712909079236,217.78851636316944,77.88144865006761,15.59435445226017
0.0008030104791348554,54.37063143883815,217.4825257553526,175.25256607848556,17.61254912496666
0.0008036069489175535,54.24106282406031,216.96425129624123,362.7725931934099,19.995960159394947
0.0008042034187002515,54.1118042179907,216.4472168719628,566.9436263145067,20.952294359725748
0.0008047998884829496,53.982852404665856,215.93140961866342,773.1821151757497,20.411509397185924
0.0008049999999999963,53.93965921789947,215.75863687159787,840.4714124893585,19.896065378926238
0.0008050000000000032,53.93965921789796,215.75863687159185,840.4714124916507,19.896065378905654
0.0008050000000000121,53.939659217896036,215.75863687158414,840.4714124946156,19.896065378878898
0.000805000000000019,53.93965921789452,215.7586368715781,840.4714124969258,19.896065378542527
0.0008052044196404463,53.909059282501566,215.63623713000626,890.7195506994891,9.52156225522089
0.0008053820549923268,53.90658026725219,215.62632106900875,904.8206800843509,3.694609063131793e-10
0.0008053820549923337,53.906580267252565,215.62632106901026,904.8206800843504,-4.071409875905374e-12
0.000805586474632761,53.93230848493614,215.72923393974455,886.3490407111826,-10.787862845809055
0.0008057908942731883,53.986438496254806,215.94575398501922,832.6528058193783,-20.613331613479325
0.0008059953139136156,54.063918833401615,216.25567533360646,748.2311337228024,-28.77015773387879
0.0008061997335540429,54.15694682044111,216.62778728176443,639.7599747974253,-34.69041220639132
0.0008064041531944702,54.25643992912032,217.02575971648128,515.5583076399308,-37.98058101327312
0.0008066085728348975,54.352127788993606,217.40851115597442,384.9421781529136,-38.45021645658006
0.0008068129924753248,54.43344062207522,217.73376248830087,257.5142718153998,-36.121574181017984
0.000807017412115752,54.49031581435695,217.9612632574278,142.4466112589663,-31.223934732268468
0.0008072218317561793,54.513936668046156,218.05574667218463,47.80871719622334,-24.172708535482613
0.0008074262513966066,54.49736559632009,217.98946238528035,-20.009844945281138,-15.53513326267203
0.0008074545648953333,54.49164996714521,217.96659986858083,-27.047105713343548,-14.241637403555258
0.0008074545648953402,54.4916499671437,217.9665998685748,-27.047105714991368,-14.241637403237107
0.0008076589845357675,54.44711106362948,217.7884442545179,-77.88956188744235,-15.594270984841746
0.0008080104796291014,54.3706130591126,217.4824522364504,-175.26060016109054,-17.61244110373592
0.0008086069529932923,54.241043711045755,216.96417484418302,-362.7804663314446,-19.995808700659172
0.0008092034263574832,54.11178437531286,216.44713750125143,-566.9509757177594,-20.95209341039165
0.000809799899721674,53.982831835884625,215.9313273435385,-773.1884436588607,-20.41125571410754
0.0008099999999999957,53.93964109043051,215.75856436172205,-840.4731594610961,-19.895830742718875
0.0008100000000000027,53.93964109042902,215.75856436171608,-840.4731594633882,-19.89583074269829
0.0008100000000000118,53.93964109042705,215.7585643617082,-840.4731594664255,-19.895830742670885
0.0008100000000000187,53.939641090425546,215.75856436170218,-840.4731594687355,-19.895830742334507
0.0008102044198410203,53.90904122786886,215.63616491147545,-890.7204660575167,-9.521281334486233
0.0008103820496999914,53.90656210849875,215.626248433995,-904.8207409981328,-3.7262992691466934e-10
0.0008103820496999984,53.90656210849912,215.62624843399647,-904.8207409981321,8.988365607365267e-13
0.0008105864695409999,53.932289801696925,215.7291592067877,-886.3490474849314,10.787883800479696
0.0008107908893820015,53.98641938472174,215.94567753888697,-832.6526578649082,20.613370126942193
0.000810995309223003,54.06389936685092,216.25559746740367,-748.2307509866176,28.77020779406095
0.0008111997290640046,54.15692703658947,216.6277081463579,-639.7593075612498,34.69046593788021
0.0008114041489050061,54.25641982585592,217.0256793034237,-515.5573429057293,37.98062961631748
0.0008116085687460077,54.35210732134086,217.40842928536344,-384.94094197621695,38.450251263277835
0.0008118129885870092,54.4334197044253,217.7336788177012,-257.5128273433284,36.121587702341444
0.0008120174084280108,54.490294327301086,217.96117730920434,-142.44505267691062,31.223921590786805
0.0008122218282690123,54.51391446903323,218.05565787613293,-47.80716018380173,24.172666187440484
0.0008124262481100139,54.49734253308979,217.98937013235917,20.011275305848436,15.535062433604137
0.0008124545574490316,54.49162768358471,217.96651073433884,27.047514098031268,14.241754837554318
0.0008124545574490385,54.49162768358321,217.96651073433284,27.047514099679105,14.241754837236165
0.0008126589772900401,54.44708875459843,217.78835501839373,77.89041990008855,15.59438810569845
0.0008130104724637555,54.37059076394391,217.48236305577564,175.26215326640576,17.612553426395863
0.0008136069464659166,54.24102133058559,216.96408532234236,362.78327404300563,19.9959075337839
0.0008142034204680778,54.1117619100986,216.4470476403944,566.9548712365506,20.952168694398196
0.0008147998944702389,53.98280928644307,215.9312371457723,773.1931522240104,20.411298993733478
0.000814999999999997,53.939617425985254,215.75846970394102,840.4797280741336,19.895846766158133
0.000815000000000004,53.939617425983755,215.75846970393502,840.4797280764258,19.89584676613755
0.000815000000000013,53.93961742598181,215.75846970392723,840.4797280794269,19.89584676611047
0.0008150000000000199,53.939617425980295,215.75846970392118,840.479728081737,19.89584676577409
0.000815204419155118,53.90901791855632,215.6360716742253,890.7267250038343,9.521183557324584
0.0008153820449650528,53.90653920400726,215.62615681602904,904.8265321626504,3.730207254193374e-10
0.0008153820449650597,53.90653920400763,215.62615681603052,904.82653216265,-5.151434834260726e-13
0.0008155864641201578,53.93226733700125,215.729069348005,886.3547366157779,-10.7879798570295
0.0008157908832752558,53.986397657075265,215.94559062830106,832.65804139824,-20.613558838529627
0.0008159953024303539,54.06387867302942,216.25551469211769,748.2356253780395,-28.77048365832554
0.000816199721585452,54.15690767501069,216.62763070004277,639.7634698339516,-34.69082093373346
0.00081640414074055,54.256402086922044,217.02560834768818,515.5605945286002,-37.98105272713056
0.0008166085598956481,54.3520914810071,217.4083659240284,384.9430964940474,-38.45072803626891
0.0008168129790507462,54.433406012024236,217.73362404809694,257.5137215944146,-36.122099993391295
0.0008170173982058442,54.49028299003393,217.96113196013573,142.44456078603056,-31.224447612308893
0.0008172218173609423,54.51390563494517,218.05562253978067,47.805208985044516,-24.173180950419027
0.0008174262365160404,54.497336274458775,217.9893450978351,-20.01469116757591,-15.535538633369589
0.0008174545566242089,54.49161941900176,217.96647767600703,-27.05370995391022,-14.241725330154711
0.0008174545566242158,54.491619419000244,217.96647767600098,-27.053709955558062,-14.241725329836552
0.0008176589757793139,54.44708064615698,217.7883225846279,-77.8963112698957,-15.594339100013066
0.0008180104722059309,54.37058239440767,217.48232957763068,-175.26805217690193,-17.612486391752558
0.0008186069488327767,54.24101241150793,216.96404964603173,-362.78917330022233,-19.995808135950433
0.0008192034254596225,54.111752444165695,216.44700977666278,-566.9604955481584,-20.952031669463878
0.0008197999020864683,53.98279927629258,215.93119710517033,-773.1981200608128,-20.41112123886651
0.0008199999999999895,53.93960906711352,215.7584362684541,-840.4815690420514,-19.89568028986644
0.0008199999999999964,53.939609067112016,215.75843626844807,-840.4815690443436,-19.895680289845856
0.0008200000000000054,53.93960906711008,215.7584362684403,-840.4815690473448,-19.895680289818777
0.0008200000000000123,53.93960906710858,215.7584362684343,-840.4815690496587,-19.895680289797895
0.0008200000000000213,53.93960906710664,215.75843626842655,-840.4815690526427,-19.89568028936469
0.0008200000000000303,53.9396090671047,215.7584362684188,-840.4815690556268,-19.89568028893148
0.0008200000000000753,53.93960906709499,215.75843626837997,-840.4815690705466,-19.895680286765447
0.0008200000000003003,53.939609067046455,215.75843626818582,-840.4815691451461,-19.89568027593527
0.0008200000000014252,53.939609066803754,215.75843626721502,-840.4815695181436,-19.895680221784367
0.0008200000000070495,53.93960906559027,215.75843626236107,-840.481571383131,-19.895679951029873
0.000820000000035171,53.939609059522816,215.75843623809126,-840.481580708068,-19.89567859725738
0.0008200000001757784,53.939609029185576,215.7584361167423,-840.4816273327436,-19.895671828394494
0.0008200000008788158,53.93960887749957,215.7584355099983,-840.4818604558842,-19.8956379840702
0.0008200000043940025,53.93960811907426,215.75843247629703,-840.4830260656379,-19.89546876220166
0.0008200000219699362,53.939604327065176,215.7584173082607,-840.4888539656944,-19.89462264668298
0.0008200001098496044,53.93958536995742,215.75834147982968,-840.5179897480612,-19.890391914706704
0.0008200005492479458,53.939490657874416,215.75796263149766,-840.6635756988779,-19.869234397365673
0.0008200027462396528,53.939018935635396,215.75607574254158,-841.3891797889808,-19.763350638347898
0.0008200137311981875,53.93670649872982,215.74682599491928,-844.9588562825581,-19.23156064550909
0.000820068655990861,53.92632443962168,215.70529775848672,-861.3249010530014,-16.51752074270982
0.0008202695688104084,53.90614801500696,215.62459206002785,-899.1868829621031,-6.041467352270219
0.000820381692155126,53.907266390238775,215.6290655609551,-904.8317444663733,-3.679119231492223e-10
0.0008203816921551329,53.90726639023914,215.62906556095655,-904.8317444663747,4.604316927725449e-12
0.0008205826049746803,53.93233097915007,215.7293239166003,-886.9795672552373,10.6096739257042
0.0008207835177942277,53.984897042860545,215.93958817144218,-835.0338645103809,20.301789862774157
0.0008209844306137751,54.06023011985843,216.24092047943373,-753.2106121186272,28.402686955038515
0.0008211853434333225,54.15135593709943,216.60542374839773,-647.7759256052103,34.36510934525647
0.0008213862562528698,54.249063819110674,216.9962552764427,-526.5557876911066,37.806964898495025
0.0008215871690724172,54.34393866797367,217.37575467189467,-398.34930955090346,38.53096323770252
0.0008217880818919646,54.42596257958638,217.70385031834553,-272.28235828079653,36.539256894839355
0.000821988994711512,54.485486339656745,217.94194535862698,-157.1460141610883,32.02859744830298
0.0008221899075310594,54.51394725211528,218.05578900846112,-60.772797829742,25.37258223115542
0.0008223908203506068,54.50446417165258,218.01785668661032,10.506800989379313,17.091611269429293
0.0008224540579511981,54.49286402049855,217.9714560819942,27.02744981985407,14.235969424034096
0.0008224540579512051,54.49286402049706,217.97145608198824,27.027449821497026,14.235969423717485
0.0008226549707707524,54.44908791553536,217.79635166214143,76.9415710084615,15.566750148522868
0.0008230064185219017,54.37259743013537,217.4903897205415,174.15029786471177,17.589081950975654
0.000823602408532353,54.24312823203455,216.9725129281382,361.3216387484696,19.9798970414213
0.0008241983985428043,54.11396855430496,216.45587421721984,565.2212537085068,20.947038513727637
0.0008247943885532555,53.9851151898178,215.9404607592712,771.3078572894261,20.419775888632454
0.0008249999999999909,53.940733495923,215.762933983692,840.4492080971361,19.892614425533537
0.0008249999999999978,53.9407334959215,215.762933983686,840.4492080994274,19.892614425512956
0.000825000000000007,53.94073349591951,215.76293398367804,840.4492081025005,19.892614425485235
0.000825000000000014,53.940733495917996,215.76293398367199,840.4492081048103,19.892614425148892
0.000825204409826531,53.91013161476943,215.64052645907773,890.6857528534277,9.519645769786536
0.000825382028616141,53.90764461186263,215.63057844745052,904.7827256879114,4.440892098500626e-14
0.0008253820286161479,53.90764461186299,215.63057844745197,904.7827256879108,-3.7344527470395406e-10
0.0008255864384426649,53.933355838006,215.733423352024,886.3148450738258,-10.78619095935387
0.0008257908482691819,53.987461938523666,215.94984775409466,832.6293701498997,-20.61023007599294
0.0008259952580956988,54.06491294577951,216.25965178311804,748.2241246438148,-28.76603757475208
0.0008261996679222158,54.15790845844954,216.63163383379816,639.7731217429638,-34.68580689924257
0.0008264040777487328,54.257368497213335,217.02947398885334,515.5930031255871,-37.97608909133912
0.0008266084875752498,54.35302544403398,217.41210177613593,384.9973178781663,-38.44643696564326
0.0008268128974017667,54.43431216461821,217.73724865847285,257.58634929145364,-36.11904234929586
0.0008270173072282837,54.491168305882304,217.96467322352922,142.53005618581017,-31.22306393534732
0.0008272217170548007,54.514778817557115,218.05911527022846,47.89644425396406,-24.173744174349686
0.0008274261268813177,54.498206975215254,217.99282790086102,-19.92572984456592,-15.53812303419907
0.0008274544567923609,54.49248814293367,217.96995257173467,-26.968353928262324,-14.244077655585954
0.0008274544567923679,54.49248814293216,217.96995257172864,-26.968353929910435,-14.244077655267848
0.0008276588666188848,54.447950691788485,217.79180276715394,-77.81689248345778,-15.596833575695854
0.0008280103454649585,54.371455041185975,217.4858201647439,-175.19901203978384,-17.615196017880145
0.0008286067905586073,54.241889820664845,216.96755928265938,-362.7386994204368,-19.998822848385636
0.000829203235652256,54.112634587831955,216.45053835132782,-566.9304118368165,-20.955284763765476
0.0008297996807459047,53.98368612713615,215.9347445085446,-773.1903113364252,-20.414536056229025
0.0008299999999999985,53.940447451455476,215.7617898058219,-840.5582772983435,-19.898442058119
0.0008300000000000054,53.94044745145398,215.7617898058159,-840.5582773006358,-19.89844205809841
0.0008300000000000146,53.940447451451995,215.76178980580798,-840.5582773037098,-19.89844205807067
0.0008300000000000216,53.940447451450474,215.7617898058019,-840.5582773060203,-19.89844205773424
0.000830204408807607,53.90985064222695,215.6394025689078,-890.8100427744291,-9.522877517837447
0.000830382041892529,53.907377004078796,215.62950801631519,-904.9129415270918,-1.0302869668521453e-12
0.0008303820418925359,53.90737700407915,215.6295080163166,-904.9129415270911,3.7255709628425393e-10
0.0008305864507001213,53.93311464143178,215.73245856572711,-886.4404647601601,10.788927998100858
0.0008307908595077067,53.98725690419949,215.94902761679796,-832.7416510403712,20.615449838236486
0.0008309952683152921,54.06475253447091,216.25901013788365,-748.3154657284358,28.77331350292384
0.0008311996771228775,54.15779920865122,216.63119683460488,-639.837583383442,34.69457405033003
0.0008314040859304629,54.25731466637971,217.02925866551885,-515.6266992882848,37.985686543152795
0.0008316084947380483,54.353028746549974,217.4121149861999,-384.99865524627427,38.45615680391346
0.0008318129035456337,54.43437169931863,217.73748679727453,-257.55609858129645,36.12818096883469
0.0008320173123532191,54.49128067161497,217.9651226864599,-142.4712538605753,31.230972090794495
0.0008322217211608045,54.51493840426034,218.05975361704137,-47.8141347356104,24.179872244712296
0.0008324261299683899,54.49840640662894,217.99362562651575,20.0248902152976,15.542058368866204
0.0008324546139910485,54.49265888721816,217.97063554887265,27.105900597429276,14.240609789793574
0.0008324546139910554,54.492658887216656,217.97063554886662,27.105900599076957,14.240609789475371
0.0008326590227986408,54.44812151844391,217.79248607377565,77.94180343397699,15.593034870415035
0.0008330105297607963,54.37161951290363,217.4864780516145,175.30846082275076,17.611059640773593
0.0008336070247597559,54.242043072121994,216.96817228848798,362.82024391124617,19.994196666071552
0.0008342035197587154,54.11277667194868,216.45110668779472,566.9810442865397,20.950264010994847
0.0008348000147576749,53.98381709589083,215.9352683835633,773.2068311004663,20.409233019399775
0.0008349999999999918,53.94065038265547,215.76260153062188,840.4467488830905,19.89411354720796
0.0008349999999999987,53.94065038265396,215.76260153061585,840.4467488853825,19.89411354718738
0.0008350000000000079,53.94065038265198,215.76260153060792,840.4467488884557,19.894113547159655
0.0008350000000000149,53.94065038265049,215.76260153060196,840.4467488907695,19.894113547138776
0.0008350000000000241,53.9406503826485,215.762601530594,840.4467488938251,19.894113546695188
0.0008350000000000333,53.94065038264651,215.76260153058604,840.4467488968806,19.894113546251596
0.0008350000000000794,53.94065038263657,215.76260153054628,840.4467489121589,19.894113544033626
0.0008350000000003098,53.94065038258686,215.76260153034744,840.44674898855,19.894113532943802
0.0008350000000014617,53.940650382338305,215.76260152935322,840.4467493705052,19.894113477494688
0.0008350000000072216,53.940650381095544,215.76260152438218,840.4467512802818,19.89411320024912
0.0008350000000360207,53.94065037488176,215.76260149952705,840.4467608291642,19.89411181402126
0.0008350000001800163,53.940650343812905,215.76260137525162,840.4468085735657,19.894104882881564
0.0008350000008999943,53.94065018846882,215.7626007538753,840.4470472953236,19.894070227172683
0.0008350000044998843,53.94064941175334,215.76259764701337,840.448240897875,19.893896948369246
0.0008350000224993344,53.94064552829917,215.7625821131967,840.4542087546857,19.893030547875284
0.0008350001124965851,53.940626114108724,215.7625044564349,840.484044139951,19.88869838350476
0.0008350005624828383,53.940529120182,215.762116480728,840.6331235824692,19.867033516402408
0.0008350028124141045,53.940046078099456,215.76018431239783,841.376081940223,19.758608333359213
0.0008350140620704352,53.93767929252934,215.75071717011735,845.029685111986,19.213996790141934
0.0008350703103520888,53.92708360455315,215.7083344182126,861.7425415141226,16.433299655993444
0.0008352711847959052,53.90713826064656,215.62855304258625,899.3101015109544,5.954687064892748
0.0008353816958169148,53.908301923234696,215.63320769293878,904.7938358845975,3.7058001112200145e-10
0.0008353816958169217,53.908301923235065,215.63320769294026,904.7938358845988,-1.9024781749976682e-12
0.0008355825702607381,53.93334977403259,215.73339909613037,886.9503395134768,-10.60655891307394
0.0008357834447045545,53.985885024006315,215.94354009602526,835.0293355442803,-20.296151293890105
0.0008359843191483709,54.061177149591174,216.2447085983647,753.2432867222298,-28.395541700796382
0.0008361851935921873,54.15225758154636,216.60903032618543,647.8531845082429,-34.35777385806709
0.0008363860680360037,54.250440428394164,217.00176171357666,526.682225299927,-37.79912791285484
0.0008365869424798202,54.34531656853547,217.3812662741419,398.5224059183122,-38.52569615953183
0.0008367878169236366,54.42731475565083,217.70925902260333,272.490652299235,-36.5379808106271
0.000836988691367453,54.48683705337344,217.94734821349377,157.37237176995558,-32.03227986262908
0.0008371895658112694,54.515323295040794,218.06129318016318,60.99617488811099,-25.381688332613365
0.0008373904402550858,54.50589427633264,218.02357710533056,-10.309241320053308,-17.106020403287026
0.0008374539859431182,54.49424719119907,217.9769887647963,-26.918611413122925,-14.237329845385368
0.0008374539859431251,54.494247191197545,217.97698876479018,-26.918611414765998,-14.237329845068832
0.0008376548603869416,54.45047833364324,217.80191333457296,-76.82777987670168,-15.568129210005772
0.0008380062854730772,54.373990824578684,217.49596329831473,-174.03933655773255,-17.590810976441706
0.0008386022260171243,54.244529042185725,216.9781161687429,-361.21521181033233,-19.982215751040215
0.0008391981665611714,54.115376736612504,216.46150694645002,-565.1241751916834,-20.950014233479042
0.0008397941071052185,53.98653070156993,215.94612280627973,-771.2266432026704,-20.423439335760584
0.0008399999999999947,53.9420871162418,215.7683484649672,-840.473811915999,-19.895629387589338
0.0008400000000000017,53.9420871162403,215.7683484649612,-840.4738119182908,-19.895629387568757
0.0008400000000000109,53.942087116238305,215.76834846495322,-840.4738119213641,-19.895629387541028
0.0008400000000000178,53.942087116236806,215.76834846494722,-840.4738119236782,-19.89562938752015
0.000840000000000027,53.942087116234816,215.76834846493927,-840.4738119267341,-19.895629387076557
0.0008400000000000362,53.94208711623283,215.7683484649313,-840.47381192979,-19.89562938663296
0.0008400000000000823,53.942087116222886,215.76834846489155,-840.4738119450694,-19.895629384414995
0.0008400000000003127,53.94208711617318,215.7683484646927,-840.4738120214664,-19.895629373325153
0.0008400000000014647,53.94208711592462,215.7683484636985,-840.4738124034509,-19.895629317875954
0.0008400000000072245,53.94208711468183,215.76834845872733,-840.4738143133729,-19.89562904062995
0.0008400000000360236,53.942087108467895,215.76834843387158,-840.4738238629828,-19.895627654399895
0.0008400000001800192,53.94208707739821,215.76834830959285,-840.4738716110222,-19.895620723249237
0.0008400000008999972,53.942086922049995,215.76834768819998,-840.4741103509696,-19.89558606748558
0.0008400000044998873,53.94208614531383,215.76834458125532,-840.4753040444688,-19.895412788408212
0.0008400000224993374,53.94208226175622,215.76832904702488,-840.4812723560173,-19.894546386544093
0.000840000112496588,53.942062847048525,215.7682513881941,-840.511110014966,-19.8902142153095
0.0008400005624828413,53.94196585053497,215.76786340213988,-840.6602008257457,-19.86854931355552
0.0008400028124141074,53.94148279550255,215.7659311820102,-841.4032160207746,-19.76012394897213
0.0008400140620704381,53.93911594481033,215.75646377924133,-845.0571032600644,-19.215511291141034
0.0008400703103520917,53.92851992436866,215.71407969747463,-861.7713747814341,-16.43480343396576
0.0008402711843235821,53.90857343309067,215.6342937323627,-899.3437598975329,-5.956109813777593
0.0008403817199621196,53.90973778505944,215.63895114023777,-904.8300270252082,-3.7055158941257105e-10
0.0008403817199621266,53.909737785059825,215.6389511402393,-904.8300270252098,1.936228954946273e-12
0.0008405825939336169,53.93478845548698,215.73915382194792,-886.9862911316496,10.606726394542976
0.0008407834679051072,53.98732680598175,215.949307223927,-835.0645846261186,20.29647507066401
0.0008409843418765976,54.06262226695265,216.2504890678106,-753.2774108672431,28.3960028495454
0.0008411852158480879,54.153706201982686,216.61482480793075,-647.8858214836033,34.358346660174284
0.0008413860898195783,54.25189263371739,217.00757053486956,-526.7130900861304,37.7997810910865
0.0008415869637910686,54.34677233254798,217.3870893301919,-398.55130453375267,38.52639439218307
0.000841787837762559,54.42877394535696,217.71509578142783,-272.5174918335833,36.5386863908091
0.0008419887117340493,54.488299418463605,217.95319767385442,-157.39716604603717,32.0329545589795
0.0008421895857055396,54.51678846693655,218.0671538677462,-61.019045252897335,25.382295312233968
0.00084239045967703,54.507361773312674,218.0294470932507,10.288070368638362,17.10652614940682
0.0008424540186485718,54.49571237377257,217.98284949509028,26.901098059880177,14.237184465088053
0.0008424540186485787,54.49571237377106,217.98284949508425,26.901098061523236,14.237184464771513
0.0008426548926200691,54.45194244228627,217.80776976914507,76.80972975367004,15.568024190413986
0.0008430063141454422,54.3754536510447,217.5018146041788,174.01985950269645,17.590765936107413
0.0008436022461601963,54.245990236533345,216.98396094613338,361.1931728078069,19.9822875420959
0.0008441981781749505,54.1168362982907,216.4673451931628,565.1006717311869,20.95023784221827
0.0008447941101897046,53.98798863010037,215.95195452040147,771.203284694118,20.423840556412543
0.0008450000000000042,53.94354451011298,215.77417804045191,840.4509057790842,19.89609644787499
0.0008450000000000111,53.94354451011148,215.77417804044592,840.4509057813762,19.89609644785441
0.0008450000000000205,53.94354451010945,215.7741780404378,840.450905784522,19.896096447826032
0.0008450000000000275,53.943544510107934,215.77417804043174,840.4509057868322,19.896096447489725
0.0008452044085275454,53.912938344565724,215.6517533782629,890.7007462329767,9.524130041640802
0.0008453821206306563,53.9104494740145,215.641797896058,904.8118092331772,3.666738024321603e-10
0.0008453821206306632,53.91044947401487,215.64179789605947,904.8118092331765,-6.799893981224159e-12
0.0008455865291581811,53.93616425776916,215.74465703107663,886.3450219408377,-10.785621741185144
0.000845790937685699,53.99027120974298,215.9610848389719,832.6627014750338,-20.609155647683554
0.0008459953462132168,54.0677207279409,216.2708829117636,748.262346292931,-28.76456731754527
0.0008461997547407347,54.16071295990195,216.6428518396078,639.8174936034673,-34.68408490020799
0.0008464041632682526,54.26016857254652,217.04067429018608,515.644202834992,-37.974280783353116
0.0008466085717957705,54.35582065105616,217.42328260422465,385.0553875087036,-38.444713945239414
0.0008468129803232883,54.43710275850194,217.74841103400777,257.6506989541383,-36.11756690505011
0.0008470173888508062,54.49395517162771,217.97582068651084,142.59952334195918,-31.22197460327902
0.0008472217973783241,54.517563347780204,218.07025339112081,47.96940280565892,-24.173143562473815
0.0008474262059058419,54.50099090457827,218.0039636183131,-19.85122080834275,-15.538068946051053
0.0008474545472124765,54.49526961685049,217.98107846740197,-26.896542925571552,-14.243571090155687
0.0008474545472124834,54.49526961684899,217.98107846739595,-26.8965429272196,-14.243571089837594
0.0008476589557400013,54.4507301753035,217.802920701214,-77.74332502636634,-15.596499226124253
0.0008480104199902238,54.3742337943057,217.4969351772228,-175.12014421106528,-17.615104701894186
0.0008486068303960268,54.24466947896154,216.97867791584616,-362.65029280922175,-19.99920189901345
0.0008492032408018298,54.11541513101742,216.46166052406969,-566.8368623250574,-20.956270484400562
0.0008497996512076329,53.986467535405524,215.9458701416221,-773.0980431583273,-20.416228005401067
0.0008500000000000053,53.94322025838146,215.77288103352583,-840.4817693019579,-19.900264012455203
0.0008500000000000122,53.943220258379974,215.7728810335199,-840.4817693042506,-19.900264012434626
0.0008500000000000217,53.94322025837792,215.77288103351168,-840.4817693074332,-19.900264012405913
0.0008500000000000287,53.94322025837641,215.77288103350563,-840.4817693097439,-19.90026401206958
0.0008502044179478612,53.91261521420415,215.6504608568166,-890.745731818832,-9.526865914438112
0.0008503821622459633,53.91013408609084,215.64053634436337,-904.8634161007435,-3.6703085015687975e-10
0.0008503821622459702,53.910134086091205,215.64053634436482,-904.863416100743,6.487255177489715e-12
0.0008505865801938028,53.93586671651024,215.74346686604096,-886.3929538167577,10.787265719158869
0.0008507909981416353,53.98999815593397,215.95999262373587,-832.70011051137,20.612207445940143
0.0008509954160894679,54.0674773435192,216.2699093740768,-748.2836823980464,28.768626251775785
0.0008511998340373005,54.16050221373765,216.6420088549506,-639.8190905485903,34.68863075803436
0.000851404251985133,54.259990955167076,217.0399638206683,-515.6246676929494,37.978729533965634
0.0008516086699329656,54.35567397420275,217.422695896811,-385.01575755635554,38.448480430171045
0.0008518130878807981,54.43698225849147,217.74792903396587,-257.5943517088145,36.120127349973735
0.0008520175058286307,54.49385387877194,217.97541551508775,-142.5318500658666,31.22292306340509
0.0008522219237764632,54.51747267980616,218.06989071922465,-47.897277649208334,24.172236855031315
0.0008524263417242958,54.50090142712512,218.0036057085005,19.92012484874187,15.535255722783244
0.0008524546711782652,54.49518240696123,217.9807296278449,26.96125043313217,14.241101751691975
0.0008524546711782721,54.49518240695972,217.98072962783888,26.961250434779934,14.241101751373836
0.0008526590891261047,54.45064098485886,217.80256393943543,77.8018083852528,15.593940039248565
0.0008530105667612745,54.374141817948846,217.49656727179539,175.1669064249591,17.612398937611594
0.000853606998882417,54.244573009808455,216.97829203923382,362.6760805631441,19.996322811037345
0.0008542034310035596,54.115314191162085,216.46125676464834,566.8410724958251,20.953321307671963
0.0008547998631247021,53.986362146541914,215.94544858616766,773.0805666409391,20.413311778512472
0.0008550000000000028,53.943160679927786,215.77264271971114,840.3846396678464,19.89803211439363
0.0008550000000000097,53.943160679926294,215.77264271970517,840.384639670139,19.898032114373052
0.0008550000000000193,53.94316067992424,215.77264271969696,840.3846396733213,19.898032114344353
0.0008550000000000262,53.94316067992273,215.7726427196909,840.3846396756318,19.898032114008092
0.000855204430829803,53.912550748772965,215.65020299509186,890.6466456465877,9.526086002359987
0.0008553821945587203,53.91006245711351,215.64024982845405,904.7647228320614,1.659117287999834e-12
0.0008553821945587272,53.91006245711388,215.64024982845552,904.7647228320607,-3.717879337727936e-10
0.000855586625388504,53.93578393043208,215.74313572172832,886.295447256589,-10.785887851874648
0.0008557910562182807,53.98990027398698,215.95960109594793,832.6062235627129,-20.60947702847598
0.0008559954870480575,54.06736023387703,216.26944093550813,748.1960274179506,-28.764580018150724
0.0008561999178778343,54.16036140786712,216.64144563146849,639.7405354404349,-34.68333021282362
0.000856404348707611,54.25982176687475,217.039287067499,515.5583281572768,-37.97227687828378
0.0008566087795373878,54.35547157847064,217.42188631388257,384.96489313848247,-38.441034908830844
0.0008568132103671645,54.43674190901268,217.74696763605073,257.56216622904617,-36.11191850044912
0.0008570176411969413,54.49357121957095,217.9742848782838,142.5212114188891,-31.214258041933817
0.0008572220720267181,54.51714411468643,218.06857645874572,47.91038407092033,-24.163499523243388
0.0008574265028564948,54.50052450646756,218.00209802587025,-19.882095386420858,-15.526896031949336
0.0008574546247558479,54.49484424211966,217.97937696847865,-26.870026930534266,-14.24242882723427
0.0008574546247558548,54.49484424211815,217.9793769684726,-26.870026932182206,-14.242428826916193
0.0008576590555856316,54.45030029062441,217.80120116249765,-77.71882553434222,-15.595567392339689
0.000858010514775179,54.373805614245384,217.49522245698154,-175.08904175370208,-17.614263655457318
0.000858606911866308,54.24424520828137,216.97698083312548,-362.6076710741266,-19.99857719868564
0.000859203308957437,54.11499475340865,216.4599790136346,-566.785039660233,-20.955969416451268
0.000859799706048566,53.98605103483334,215.94420413933335,-773.0406304038916,-20.41633695666793
0.0008600000000000024,53.94281592459327,215.77126369837308,-840.4068272932591,-19.9006753014801
0.0008600000000000093,53.942815924591784,215.77126369836714,-840.4068272955519,-19.900675301459522
0.0008600000000000188,53.94281592458972,215.7712636983589,-840.4068272987346,-19.90067530143082
0.0008600000000000258,53.94281592458822,215.77126369835287,-840.4068273010453,-19.900675301094537
0.0008602044236463254,53.91220812949343,215.64883251797372,-890.6755314923647,-9.528402432452747
0.0008603822171346863,53.909724250857465,215.63889700342986,-904.7994201344018,-1.900701818158268e-12
0.0008603822171346933,53.90972425085784,215.63889700343137,-904.7994201344012,3.71576547308905e-10
0.0008605866407809929,53.93545502809386,215.74182011237545,-886.3299937324487,10.786357741727839
0.0008607910644272926,53.989581857541374,215.9583274301655,-832.6402380299512,20.6104287348025
0.0008609954880735922,54.06705373042413,216.2682149216965,-748.228905889093,28.76603878382424
0.0008611999117198918,54.160068643957274,216.6402745758291,-639.7713479158299,34.68532335852943
0.0008614043353661915,54.25954494374882,217.03817977499529,-515.5857768749275,37.97482010095432
0.0008616087590124911,54.35521325931617,217.4208530372647,-384.98734232152896,38.44411755382329
0.0008618131826587908,54.436504906412786,217.74601962565114,-257.5777448197309,36.11549027698282
0.0008620176063050904,54.493358408369524,217.9734336334781,-142.52798068435473,31.218219185194002
0.0008622220299513901,54.516958192041145,218.06783276816458,-47.90655375222571,24.167696118598535
0.0008624264535976897,54.50036772455925,218.001470898237,19.897925405789326,15.531121690837807
0.0008624547024586353,54.494663777621184,217.97865511048474,26.91798471340246,14.24077458046084
0.0008624547024586423,54.494663777619664,217.97865511047866,26.917984715050196,14.240774580142737
0.0008626591261049419,54.450121538250784,217.80048615300313,77.7590916362965,15.593757223979587
0.0008630105950283545,54.373624995906184,217.49449998362473,175.1211091093055,17.61235587334957
0.0008636070070121996,54.244061788810065,216.97624715524026,362.62484432181583,19.996552513097036
0.0008642034189960447,54.11480854728706,216.45923418914825,566.7869426890667,20.953902202366766
0.0008647998309798898,53.985862056275906,215.94344822510362,773.0272594637808,20.41430103798608
0.0008649999999999929,53.94265405394112,215.77061621576448,840.3454553032689,19.899051641456772
0.0008649999999999999,53.94265405393961,215.77061621575845,840.3454553055614,19.8990516414362
0.0008650000000000094,53.94265405393756,215.77061621575024,840.3454553087438,19.899051641407503
0.0008650000000000164,53.94265405393606,215.77061621574424,840.3454553110585,19.899051641386638
0.0008650000000000259,53.942654053934,215.770616215736,840.3454553142227,19.899051640927528
0.0008650000000000354,53.94265405393194,215.77061621572776,840.345455317387,19.899051640468418
0.0008650000000000832,53.94265405392165,215.7706162156866,840.3454553332083,19.899051638172875
0.0008650000000003217,53.94265405387018,215.77061621548071,840.3454554123151,19.899051626695154
0.0008650000000015143,53.94265405361284,215.77061621445137,840.3454558078495,19.89905156930658
0.0008650000000074774,53.942654052326176,215.7706162093047,840.3454577855206,19.899051282363693
0.000865000000037293,53.94265404589286,215.77061618357143,840.3454676738761,19.899049847649252
0.0008650000001863708,53.94265401372626,215.77061605490505,840.345517115643,19.899042674076597
0.0008650000009317598,53.942653852893486,215.77061541157394,840.3457643242101,19.899006806202202
0.0008650000046587047,53.94265304873487,215.77061219493947,840.3470003603617,19.89882746655246
0.0008650000232934296,53.94264902807381,215.77059611229524,840.3531803740208,19.897930761359703
0.0008650001164670538,53.942628928068764,215.77051571227506,840.3840762647368,19.893447061814545
0.0008650005823351748,53.94252851056646,215.77011404226585,840.5384512631559,19.871024227071487
0.0008650029116757797,53.9420284882512,215.7681139530048,841.3077129232594,19.758801942664263
0.0008650145583788045,53.939580268469264,215.75832107387706,845.0884469129905,19.195027206521274
0.0008650727918939282,53.928667030330466,215.71466812132186,862.3245995911641,16.314566763314758
0.0008652736154642086,53.90906476441953,215.63625905767813,899.4782847784403,5.832588413321056
0.0008653818611358813,53.910298733787116,215.64119493514846,904.7394003530192,8.627765168967017e-12
0.0008653818611358882,53.91029873378748,215.6411949351499,904.7394003530206,-3.637996570660107e-10
0.0008655826847061687,53.93534060811576,215.74136243246303,886.9080741308168,-10.602033433489368
0.0008657835082764491,53.98784964864548,215.95139859458192,835.0217493131672,-20.287913804779926
0.0008659843318467295,54.06310070726064,216.25240282904255,753.2880913862263,-28.38499513578871
0.00086618515541701,54.154133016927,216.616532067708,647.9610813248629,-34.34673950152621
0.0008663859789872904,54.25227007079066,217.00908028316263,526.8554674838979,-37.789628440491235
0.0008665868025575709,54.34711345354157,217.38845381416627,398.75428441990425,-38.51971302876846
0.0008667876261278513,54.42910069810186,217.71640279240745,272.765945728912,-36.537219464553154
0.0008669884496981318,54.48864159577769,217.95456638311077,157.66872047770968,-32.0379543937659
0.0008671892732684122,54.51718134584815,218.0687253833926,61.286255524533374,-25.394354614922378
0.0008673900968386927,54.50784303499001,218.03137213996004,-10.054951072693108,-17.125473679443125
0.0008674541348747128,54.49612141869687,217.9844856747875,-26.802269089424904,-14.23558561435554
0.0008674541348747197,54.49612141869536,217.98448567478144,-26.802269091067718,-14.235585614039078
0.0008676549584450002,54.45236213686265,217.8094485474506,-76.69290364510181,-15.566357679684085
0.0008680063593252688,54.3758772465088,217.5035089860352,-173.8887527251131,-17.589513036966785
0.0008686022342650773,54.24642520842837,216.98570083371348,-361.0356459421003,-19.981857074239425
0.0008691981092048858,54.117282589629376,216.4691303585175,-564.9247960736129,-20.950928809428028
0.0008697939841446942,53.98844618493391,215.95378473973565,-771.0211638330112,-20.425882578436642
0.0008699999999999923,53.94397449077124,215.77589796308496,-840.3181732668659,-19.89821208525347
0.0008699999999999992,53.94397449076975,215.775897963079,-840.3181732691578,-19.898212085232903
0.000870000000000009,53.943974490767644,215.77589796307058,-840.3181732724124,-19.898212085203557
0.0008700000000000159,53.94397449076614,215.77589796306455,-840.3181732747228,-19.898212084867357
0.0008702044178377314,53.91336169855683,215.6534467942273,-890.5817086887292,-9.528676480180646
0.000870382255346409,53.91086709401956,215.64346837607823,-904.7095219180899,-3.1086244689504383e-12
0.0008703822553464159,53.91086709401992,215.64346837607968,-904.7095219180891,3.702886886003398e-10
0.0008705866731841314,53.93657984483099,215.74631937932395,-886.2450884306575,10.783752190178896
0.0008707910910218468,53.990678653542865,215.96271461417146,-832.5697318650285,20.605513477889534
0.0008709955088595623,54.06811419113519,216.27245676454075,-748.1807130427071,28.75931522874953
0.0008711999266972777,54.1610869884287,216.6443479537148,-639.7512092365844,34.67744974478674
0.0008714043445349932,54.26051830751725,217.042073230069,-515.5967806487726,37.96655080696817
0.0008716087623727086,54.35614197300827,217.42456789203308,-385.0296854762462,38.43623406190725
0.0008718131802104241,54.4373924678662,217.7495698714648,-257.6487524133089,36.10873093947475
0.0008720175980481395,54.49421117252088,217.9768446900835,-142.6223778653205,31.21321372014974
0.000872222015885855,54.51778481337266,218.07113925349063,-48.01696310832207,24.164910450331693
0.0008724264337235704,54.50117840345476,218.00471361381904,19.780307144010123,15.530817790273101
0.000872454638604049,54.4954825025481,217.9819300101924,26.789855621808346,14.242803451827058
0.000872454638604056,54.495482502546594,217.98193001018637,26.789855623456326,14.24280345150904
0.0008726590564417714,54.450940859148446,217.80376343659378,77.63689440976965,15.596057745858364
0.0008730104991536001,54.37444886677309,217.49779546709237,175.00616785133408,17.615012043141398
0.0008736068594431337,54.2448949136217,216.9795796544868,362.52291948687997,19.99978745088127
0.0008742032197326673,54.11565087689903,216.46260350759613,566.7024148779659,20.95772846494986
0.000874799580022201,53.98671354246019,215.94685416984075,772.9657493020251,20.418699867773448
0.0008749999999999929,53.943450708411504,215.77380283364602,840.3817566579916,19.902836671691567
0.0008749999999999998,53.943450708410005,215.77380283364002,840.3817566602845,19.90283667167099
0.0008750000000000096,53.9434507084079,215.7738028336316,840.3817566635398,19.902836671641637
0.0008750000000000165,53.94345070840638,215.77380283362552,840.3817566658507,19.90283667130538
0.0008752044233870095,53.9128409922385,215.651363968954,890.6590117286313,9.531280718977689
0.0008753822784115665,53.910356704817666,215.64142681927066,904.7920832635764,3.717612884202026e-10
0.0008753822784115735,53.91035670481803,215.6414268192721,904.7920832635757,-1.7053025658242404e-12
0.0008755867017985664,53.93609079360635,215.7443631744254,886.3234246179513,-10.78592320285091
0.0008757911251855594,53.990219213518074,215.9608768540723,832.6358959758459,-20.60960109135395
0.0008759955485725524,54.067691179329586,216.27076471731834,748.2280511019642,-28.764889667696153
0.0008761999719595453,54.16070502724417,216.64282010897668,639.7749462254299,-34.683948347892255
0.0008764043953465383,54.26017950739038,217.04071802956153,515.5944292877282,-37.97333082617378
0.0008766088187335312,54.35584569754674,217.42338279018696,385.0012444662483,-38.44263260169973
0.0008768132421205242,54.437135369331465,217.74854147732586,257.5966789897328,-36.11412574147071
0.0008770176655075172,54.493987473476935,217.97594989390774,142.55134045763177,-31.217079590041873
0.0008772220888945101,54.51758680273902,218.07034721095607,47.93339865379566,-24.166866415908572
0.0008774265122815031,54.50099710103739,218.00398840414957,-19.868790036891347,-15.530660942483095
0.0008774547704581494,54.49529133004985,217.9811653201994,-26.89085661800123,-14.23993951603072
0.0008774547704581563,54.49529133004834,217.98116532019336,-26.890856619648872,-14.239939515712631
0.0008776591938451493,54.450748634217206,217.80299453686882,-77.72917131268309,-15.592991703984168
0.0008780106572864156,54.37425240323451,217.49700961293803,-175.08549917696263,-17.611699872722102
0.0008786070538643863,54.244691044023284,216.97876417609314,-362.5789965975841,-19.99613237448684
0.0008792034504423569,54.11543963791574,216.46175855166297,-566.7332875540504,-20.95382045101593
0.0008797998470203275,53.98649497010116,215.94597988040465,-772.9695208276347,-20.414638719987494
0.0008799999999999939,53.94328992232371,215.77315968929483,-840.283769500178,-19.89957620619372
0.0008800000000000008,53.94328992232221,215.77315968928883,-840.2837695024705,-19.89957620617315
0.0008800000000000107,53.943289922320076,215.7731596892803,-840.2837695057614,-19.899576206143486
0.0008800000000000176,53.94328992231856,215.77315968927425,-840.2837695080718,-19.899576205807303
0.0008802044379089713,53.91267527435376,215.65070109741504,-890.5558392923238,-9.529402625439605
0.0008803822933390015,53.91018295623365,215.6407318249346,-904.6861550994714,-4.487077376325033e-12
0.0008803822933390084,53.91018295623401,215.64073182493604,-904.6861550994709,3.689031302656076e-10
0.0008805867312479622,53.935903190427744,215.74361276171098,-886.2185672810083,10.784525963165024
0.0008807911691569159,53.99001390039396,215.96005560157585,-832.5343430858127,20.606821197553952
0.0008809956070658697,54.06746401002475,216.269856040099,-748.132303835365,28.760744310440067
0.0008812000449748234,54.16045136453795,216.6418054581518,-639.6878907353605,34.67847437997355
0.0008814044828837771,54.259894334687374,217.0395773387495,-515.5193518503785,37.966605255961
0.0008816089207927309,54.35552369216413,217.4220947686565,-384.94172879059414,38.43479396681334
0.0008818133587016846,54.43677114350936,217.74708457403744,-257.55638542578373,36.105392132667646
0.0008820177966106384,54.49357593296985,217.9743037318794,-142.5336838935841,31.207759916257025
0.0008822222345195921,54.5171235813302,218.0684943253208,-47.9411563109294,24.157362077575343
0.0008824266724285459,54.50047902380471,218.00191609521883,19.833898211994853,15.52145606935225
0.0008824546933894922,54.49481758579548,217.97927034318192,26.79534481347826,14.24178197107029
0.0008824546933894991,54.49481758579397,217.97927034317587,26.79534481512613,14.241781970752264
0.0008826591312984528,54.450272114188465,217.80108845675386,77.6440963685831,15.595152897575693
0.0008830105754232038,54.37378075395034,217.49512301580137,175.0084228895006,17.614095762780835
0.0008836069371098167,54.244228089514685,216.97691235805874,362.51658956114073,19.998892926988496
0.0008842032987964296,54.11498533915475,216.459941356619,566.6880418073857,20.95691295220127
0.0008847996604830425,53.98604928873904,215.94419715495616,772.9443799141981,20.418014353398785
0.000884999999999993,53.942804348170135,215.77121739268054,840.3316007604178,19.90244500395906
0.0008849999999999999,53.942804348168636,215.77121739267454,840.3316007627108,19.902445003938485
0.0008850000000000098,53.94280434816651,215.77121739266605,840.3316007660022,19.902445003908813
0.0008850000000000167,53.942804348165,215.77121739266,840.331600768313,19.902445003572588
0.0008852044276823456,53.91219333912327,215.64877335649308,890.6096163500126,9.531494544747764
0.0008853822994229229,53.90970727210317,215.63882908841268,904.7443394769953,3.410605131648481e-13
0.0008853822994229298,53.909707272103546,215.63882908841418,904.7443394769948,-3.730971087634316e-10
0.0008855867271052587,53.935439091160276,215.7417563646411,886.2762065663023,-10.785387775326406
0.0008857911547875875,53.98956376948727,215.95825507794908,832.5902644894227,-20.608544643463485
0.0008859955824699164,54.06703048970375,216.268121958815,748.1850978187937,-28.763335452183913
0.0008862000101522452,54.160037527923635,216.64015011169454,639.7358033161869,-34.68193199491236
0.0008864044378345741,54.25950362294697,217.0380144917879,515.5602548166207,-37.97090446990211
0.0008866088655169029,54.35515987676864,217.42063950707455,384.97318009546126,-38.439868931806785
0.0008868132931992318,54.43643816064905,217.7457526425962,257.57578072580213,-36.111120938802344
0.0008870177208815606,54.493277626081806,217.97311050432722,142.5384875377842,-31.21395431155583
0.0008872221485638895,54.516863381750845,218.06745352700338,47.92918934130137,-24.16376416387292
0.0008874265762462184,54.50025960390895,218.0010384156358,-19.86414413852764,-15.527743426053828
0.0008874547731106629,54.49456534631147,217.97826138524587,-26.870291163333373,-14.239898633421127
0.0008874547731106699,54.494565346309955,217.97826138523982,-26.87029116498102,-14.239898633103058
0.0008876592007929987,54.450022308320804,217.80008923328322,-77.70966827599686,-15.593028813591651
0.0008880106601087285,54.37352799502187,217.49411198008747,-175.06524873575572,-17.611798422335813
0.0008886070477382091,54.24397030359891,216.97588121439563,-362.5574772615697,-19.99634703468664
0.0008892034353676898,54.114722551830226,216.4588902073209,-566.71153932552,-20.954178035651005
0.0008897998229971705,53.98578152511497,215.9431261004599,-772.9490287794258,-20.4151575843915
0.0008899999999999939,53.9425718648126,215.7702874592504,-840.2730224664066,-19.900071517959738
0.0008900000000000008,53.94257186481111,215.77028745924443,-840.2730224686993,-19.900071517939175
0.0008900000000000108,53.942571864808954,215.77028745923582,-840.2730224720266,-19.900071517909186
0.0008900000000000177,53.94257186480745,215.7702874592298,-840.2730224743373,-19.900071517573
0.000890204436768673,53.911958080327196,215.64783232130878,-890.5464869617623,-9.529888485363706
0.0008903822996768818,53.9094670503763,215.6378682015052,-904.6781207873908,-1.936228954946273e-12
0.0008903822996768888,53.90946705037666,215.63786820150665,-904.67812078739,3.714575314006652e-10
0.000890586736445544,53.935189688671,215.740758754684,-886.210562984418,10.784568963810703
0.0008907911732141993,53.98930300111036,215.95721200444143,-832.5264127401476,20.606911129486598
0.0008909956099828546,54.06675596201644,216.26702384806575,-748.1244454412537,28.760889321800526
0.0008912000467515099,54.15974650061166,216.63898600244664,-639.6800333889189,34.67868470058305
0.0008914044835201651,54.25919307021328,217.0367722808531,-515.5113439153995,37.96689056166921
0.0008916089202888204,54.354826527850484,217.41930611140194,-384.9333391679624,38.43516048188157
0.0008918133570574757,54.436078649176686,217.74431459670674,-257.5473183916464,36.10583992050046
0.000892017793826131,54.49288871709433,217.97155486837732,-142.52360628485584,31.208280719163316
0.0008922222305947862,54.516442250041706,218.06576900016682,-47.929734383871825,24.157938022008175
0.0008924266673634415,54.49980413363284,217.99921653453137,19.846956131287794,15.522059465573836
0.0008924547148273094,54.494137816204685,217.97655126481874,26.814978073415887,14.241164684347869
0.0008924547148273164,54.49413781620318,217.9765512648127,26.814978075063685,14.241164684029837
0.0008926591515959716,54.44959314862178,217.79837259448712,77.66125173807205,15.594482741319384
0.0008930105997247552,54.37310187133308,217.4924074853323,175.0226322695275,17.613381950245387
0.0008936069679573202,54.24354940406057,216.9741976162423,362.5254695657411,19.998122297501165
0.0008942033361898853,54.11430685381174,216.45722741524696,566.6913305252733,20.95610967524472
0.0008947997044224503,53.985371006373015,215.94148402549206,772.9418993707022,20.41720340015648
0.0008949999999999983,53.94213608989387,215.7685443595755,840.31191039639,19.901774027158297
0.0008950000000000053,53.94213608989238,215.76854435956952,840.3119103986828,19.90177402713773
0.0008950000000000152,53.94213608989023,215.7685443595609,840.3119104020103,19.901774027107734
0.0008950000000000222,53.94213608988872,215.76854435955488,840.3119104043212,19.901774026771513
0.0008952044294451945,53.911525224406816,215.64610089762726,890.5882239550987,9.530914325423208
0.0008953822938599595,53.909038736504094,215.63615494601638,904.7215009420637,3.7064573632505926e-10
0.0008953822938599664,53.909038736504456,215.63615494601783,904.7215009420631,-2.7835511673401925e-12
0.0008955867233051387,53.9347691235058,215.7390764940232,886.2534266314823,-10.785259789385726
0.000895791152750311,53.988892176142414,215.95556870456966,832.5676795990272,-20.60828599986315
0.0008959955821954834,54.066357019135,216.26542807654,748.1628967442616,-28.762941073242246
0.0008962000116406557,54.159361837432385,216.63744734972954,639.7142497114396,-34.6813970525804
0.000896404441085828,54.25882528425914,217.03530113703656,515.5396951159656,-37.97022760162895
0.0008966088705310003,54.35447838225927,217.4179135290371,384.95403445767874,-38.439055656386245
0.0008968132999761726,54.43575295218338,217.7430118087335,257.55851678767095,-36.110186693210146
0.0008970177294213449,54.492588141157846,217.97035256463138,142.52357902785937,-31.212926632209136
0.0008972221588665172,54.516169111742755,218.06467644697102,47.917063564981866,-24.162683608560133
0.0008974265883116895,54.49956015821745,217.9982406328698,-19.873164346513853,-15.526662961217271
0.0008974547606370614,54.49387055734534,217.97548222938136,-26.872979195265984,-14.239958817741467
0.0008974547606370683,54.49387055734384,217.97548222937536,-26.87297919691364,-14.239958817423407
0.0008976591900822406,54.449327703310196,217.79731081324078,-77.71300706484799,-15.593093066533202
0.00089801064996394,54.372834242734754,217.49133697093902,-175.06908569774626,-17.611850500521133
0.0008986070392632488,54.24327784201607,216.97311136806428,-362.562238516059,-19.996374417883445
0.0008992034285625577,54.11403137873626,216.45612551494503,-566.7169766006302,-20.954170907292504
0.0008997998178618666,53.98509163830432,215.94036655321727,-772.9547657104383,-20.41510829355792
0.0008999999999999924,53.94188142214482,215.76752568857927,-840.2802693598925,-19.899993231651333
0.0008999999999999993,53.941881422143325,215.7675256885733,-840.2802693621852,-19.899993231630766
0.0009000000000000094,53.94188142214115,215.7675256885646,-840.2802693655485,-19.899993231600448
0.0009000000000000163,53.94188142213964,215.76752568855855,-840.2802693678591,-19.899993231264247
0.0009002044349619661,53.91126919877146,215.64507679508583,-890.5524605318102,-9.529483895060007
0.0009003822842117927,53.90877978639892,215.63511914559567,-904.6824037454775,-5.016431714466307e-12
0.0009003822842117996,53.908779786399286,215.63511914559714,-904.6824037454769,3.6839153949586034e-10
0.0009005867191737494,53.9345041049461,215.7380164197844,-886.2145577925796,10.784833192883603
0.0009007911541356992,53.988620040529604,215.95448016211841,-832.5295476744146,20.607428895338753
0.000900995589097649,54.06607655785381,216.26430623141525,-748.1261559981381,28.76164367633838
0.0009012000240595987,54.159071580555825,216.6362863222233,-639.6797658681484,34.67965153442464
0.0009014044590215485,54.258523527391205,217.03409410956482,-515.5085670397989,37.96803758236991
0.0009016088939834983,54.354163204249645,217.41665281699858,-384.927564762418,38.43644630164886
0.000901813328945448,54.4354223039887,217.7416892159548,-257.53813066312784,36.107213631992025
0.0009020177639073978,54.492239987066924,217.9689599482677,-142.51069759794188,31.209682250203624
0.0009022221988693476,54.51580160663293,218.0632064265317,-47.91294408210082,24.15929949242539
0.0009024266338312974,54.49917184188187,217.99668736752747,19.86760432460745,15.523307663107053
0.0009024547146377358,54.493499370359764,217.97399748143906,26.844121990508267,14.240851863493539
0.0009024547146377428,54.49349937035825,217.973997481433,26.844121992156026,14.2408518631755
0.0009026591495996925,54.448955618161264,217.79582247264506,77.6887400249182,15.594087881857675
0.0009030106036443255,54.37246394982908,217.48985579931633,175.0492084190101,17.61290556455912
0.0009036069837674185,54.2429104224867,216.9716416899468,362.55036379137414,19.99750681887844
0.0009042033638905115,54.11366682091553,216.45466728366213,566.7134300085306,20.955343037388936
0.0009047997440136045,53.98472993071779,215.93891972287116,772.9597202598211,20.416281872622424
0.0009049999999999983,53.94150407009066,215.76601628036263,840.313510621155,19.900930523995925
0.0009050000000000052,53.94150407008915,215.7660162803566,840.313510623448,19.90093052397535
0.0009050000000000154,53.94150407008694,215.76601628034777,840.3135106268477,19.9009305239447
0.0009050000000000223,53.94150407008543,215.76601628034172,840.3135106291585,19.900930523608473
0.0009052044295699842,53.91089425773759,215.64357703095035,890.586532454552,9.529814217369191
0.0009053822707668207,53.90840822822942,215.63363291291768,904.7163233536857,2.533084852984757e-12
0.0009053822707668276,53.908408228229796,215.63363291291918,904.7163233536851,-3.709033080667723e-10
0.0009055867003367895,53.93413773331902,215.73655093327608,886.2479827364468,-10.785408620894927
0.0009057911299067515,53.98826057533821,215.95304230135284,832.5614645549181,-20.608568753457263
0.0009059955594767134,54.065725798216285,216.26290319286514,748.1554775147847,-28.763332285852997
0.0009061999890466753,54.158731466031206,216.63492586412482,639.7052986065904,-34.68186296589892
0.0009064044186166372,54.258196087152974,217.0327843486119,515.5290142939339,-37.97072900441432
0.0009066088481865991,54.35385052519648,217.4154021007859,384.94156959801245,-38.43955113986168
0.000906813277756561,54.43512644022731,217.74050576090923,257.54435901474693,-36.110636015944806
0.000907017707326523,54.491962829897105,217.96785131958842,142.50795515583118,-31.21329393078686
0.0009072221368964849,54.51554473025508,218.06217892102032,47.90031565366478,-24.162940200469265
0.0009074265664664468,54.498936341742706,217.99574536697082,-19.89060830209355,-15.526789523483908
0.0009074547380080196,54.49324696127158,217.97298784508632,-26.890292240050297,-14.240103112690399
0.0009074547380080266,54.49324696127007,217.97298784508027,-26.890292241697964,-14.240103112372333
0.0009076591675779885,54.448704589779474,217.7948183591179,-77.73077007082527,-15.59319455600517
0.0009080106309748747,54.37221124006609,217.48884496026437,-175.08824658733184,-17.611892993058763
0.0009086070286910506,54.242654497510316,216.97061799004126,-362.5839117904543,-19.99630187282807
0.0009092034264072265,54.113407697608295,216.45363079043318,-566.7400798940524,-20.953948871256316
0.0009097998241234024,53.98446762564872,215.93787050259488,-772.9777116316238,-20.414711397078637
0.0009099999999999985,53.941259259971986,215.76503703988794,-840.299734755234,-19.899560702873917
0.0009100000000000054,53.941259259970494,215.76503703988197,-840.2997347575265,-19.89956070285335
0.0009100000000000154,53.94125925996835,215.7650370398734,-840.2997347608538,-19.899560702823358
0.0009100000000000223,53.94125925996684,215.76503703986737,-840.2997347631682,-19.899560702802493
0.0009100000000000323,53.941259259964696,215.76503703985878,-840.2997347664764,-19.89956070232254
0.0009100000000000423,53.94125925996255,215.7650370398502,-840.2997347697845,-19.899560701842578
0.0009100000000000922,53.94125925995179,215.76503703980717,-840.2997347863255,-19.8995606994428
0.0009100000000003415,53.94125925989799,215.76503703959196,-840.2997348690303,-19.89956068744391
0.0009100000000015884,53.941259259628964,215.76503703851586,-840.2997352825539,-19.89956062744944
0.0009100000000078225,53.94125925828385,215.7650370331354,-840.2997373501721,-19.89956032747709
0.0009100000000389933,53.94125925155828,215.76503700623311,-840.2997476882629,-19.89955882761533
0.0009100000001948474,53.94125921793043,215.76503687172172,-840.2997993787045,-19.89955132830604
0.0009100000009741177,53.941259049791434,215.76503619916573,-840.3000578306203,-19.899513831747463
0.0009100000048704693,53.94125820910221,215.76503283640884,-840.3013500828946,-19.899326348650987
0.000910000024352227,53.94125400580035,215.7650160232014,-840.3078111616402,-19.898388925578697
0.000910000121761016,53.94123299289799,215.76493197159195,-840.3401119895727,-19.89370162049255
0.0009100006088049607,53.94112801857802,215.76451207431208,-840.5015019664577,-19.870260354819973
0.000910003044024684,53.940605404200795,215.76242161680318,-841.3055955501361,-19.75293588004676
0.0009100152201233008,53.93804906191257,215.7521962476503,-845.254380750797,-19.163404932531186
0.0009100761006163847,53.926720377139226,215.7068815085569,-863.1741899393232,-16.148748340489274
0.0009102768365496945,53.90759020373265,215.6303608149306,-899.74458856596,-5.660529232591282
0.000910381865848275,53.90891199983868,215.63564799935472,-904.6986443855477,-3.673097381806656e-10
0.0009103818658482819,53.90891199983904,215.63564799935617,-904.6986443855495,5.133671265866724e-12
0.0009105826017815917,53.93393977889054,215.73575911556216,-886.8832078462021,10.597250125408848
0.0009107833377149016,53.98641147965864,215.94564591863457,-835.041878801471,20.279476217352176
0.0009109840736482114,54.06160981572068,216.24643926288272,-753.3753001558986,28.37485560515204
0.0009111848095815213,54.15258541902278,216.6103416760911,-648.1272022390107,34.33741594737472
0.0009113855455148311,54.25067542155461,217.00270168621844,-527.1000481188444,37.78387817634825
0.000911586281448141,54.345496879915885,217.38198751966354,-399.06396997159067,38.52016975449275
0.0009117870173814508,54.42749965357782,217.70999861431127,-273.1153356388799,36.54604503652749
0.0009119877533147607,54.48710408917303,217.94841635669212,-158.0226272874513,32.056523999867096
0.0009121884892480705,54.515762187958686,218.06304875183474,-61.60316326848292,25.423019714373815
0.0009123892251813804,54.506599036087046,218.02639614434818,9.818566435064415,17.163427027215192
0.0009124541503316897,54.49474547623367,217.97898190493467,26.817449933553036,14.234433434510647
0.0009124541503316967,54.49474547623215,217.9789819049286,26.817449935195626,14.23443343419422
0.0009126548862650065,54.451006387509494,217.80402555003798,76.68147173766374,15.564624914151562
0.0009130062892025309,54.374522954014324,217.4980918160573,173.86797321167322,17.587862547179725
0.0009136021555867435,54.24507599655806,216.98030398623223,360.99664500509,19.980392040325377
0.000914198021970956,54.11593844177366,216.46375376709463,564.8699001372498,20.949793825696638
0.0009147938883551686,53.98710708472245,215.9484283388898,770.9542369466067,20.425199732734974
0.0009149999999999962,53.9426158250119,215.7704633000476,840.2808297032796,19.89741663886039
0.0009150000000000032,53.94261582501041,215.77046330004163,840.2808297055715,19.89741663883982
0.0009150000000000134,53.942615825008204,215.77046330003282,840.2808297089707,19.89741663880918
0.0009150000000000203,53.94261582500668,215.77046330002673,840.280829711281,19.89741663847299
0.0009152044196806548,53.912003597184054,215.64801438873621,890.5424407485069,9.528078899219695
0.0009153822513425769,53.90950879948368,215.63803519793473,904.6689005312776,2.284394895468722e-12
0.0009153822513425839,53.90950879948405,215.6380351979362,904.6689005312771,-3.711040363896245e-10
0.0009155866710232184,53.93522026628847,215.74088106515387,886.204696902204,-10.783519908531808
0.0009157910907038528,53.98931735996194,215.95726943984775,832.530034940901,-20.60505460619195
0.0009159955103844873,54.06675073582719,216.26700294330877,748.1421900866393,-28.758639408771327
0.0009161999300651218,54.159720899743334,216.63888359897334,639.7143578395143,-34.676572101137126
0.0009164043497457563,54.25914910601815,217.0365964240726,515.5621097261325,-37.96549373441252
0.0009166087694263908,54.35476918928268,217.4190767571307,384.9976964904999,-38.43502895451908
0.0009168131891070253,54.43601567569322,217.74406270277288,257.61990908054474,-36.10741943074676
0.0009170176087876598,54.492830032751094,217.97132013100438,142.59706656993703,-31.211848075108975
0.0009172220284682943,54.516399123708574,218.0655964948343,47.99544782194081,-24.16355282650847
0.0009174264481489288,54.49978814860113,217.9991525944045,-19.797930433840573,-15.529538202546693
0.0009174546299630644,54.494096702328704,217.97638680931482,-26.801404374607,-14.242609215366738
0.0009174546299630713,54.4940967023272,217.9763868093088,-26.801404376254958,-14.242609215048727
0.0009176590496437058,54.449555790209764,217.79822316083906,-77.64821230674423,-15.595847322951311
0.0009180104947348251,54.37306522607852,217.4922609043141,-175.01681507046368,-17.614768399357978
0.0009186068598129273,54.243513530585076,216.9740541223403,-362.53238472441797,-19.999490110637897
0.0009192032248910296,54.11427174862116,216.45708699448463,-566.7102907174409,-20.957376097064497
0.0009197995899691318,53.985336666034264,215.94134666413706,-772.971511876847,-20.41829406005894
0.0009199999999999942,53.94207708159445,215.7683083263778,-840.3828574461934,-19.902448116986285
0.0009200000000000011,53.94207708159294,215.76830832637177,-840.3828574484861,-19.902448116965708
0.0009200000000000114,53.94207708159072,215.76830832636287,-840.3828574519223,-19.902448116934725
0.0009200000000000184,53.942077081589204,215.76830832635682,-840.3828574542331,-19.90244811659845
0.0009202044214330355,53.911469800718336,215.64587920287335,-890.6575425551648,-9.53044927140143
0.0009203822533790112,53.90898780223972,215.6359512089589,-904.787537887807,-3.731308595433802e-10
0.0009203822533790182,53.9089878022401,215.6359512089604,-904.7875378878066,3.481659405224491e-13
0.0009205866748120353,53.9347238864679,215.7388955458716,-886.3184812368854,10.7862593819988
0.0009207910962450524,53.98885562349772,215.95542249399088,-832.6297729624881,20.610256682583497
0.0009209955176780695,54.066332191107435,216.26532876442974,-748.219998066055,28.765837841478735
0.0009211999391110867,54.15935188169891,216.63740752679564,-639.764257962914,34.68515192823473
0.0009214043605441038,54.258833361137974,217.0353334445519,-515.5804657503645,37.974742054244096
0.0009216087819771209,54.35450760140973,217.41803040563892,-384.9834573577294,38.44419313414613
0.0009218132034101381,54.43580623343146,217.74322493372583,-257.57464423568877,36.115767212377165
0.0009220176248431552,54.49266802735953,217.9706721094381,-142.52479427874962,31.21872497582427
0.0009222220462761723,54.516277555522954,218.06511022209182,-47.90227377031622,24.168432372329125
0.0009224264677091895,54.49969830634961,217.99879322539843,19.90433241058044,15.532061177902634
0.0009224547659055682,54.49398521937822,217.97594087751287,26.936553354212933,14.239462984549029
0.0009224547659055751,54.493985219376704,217.97594087750682,26.93655335586051,14.239462984230926
0.0009226591873385923,54.44944401670322,217.79777606681287,77.77254781891317,15.592391972980323
0.0009230106600679568,54.37294759843046,217.49179039372183,175.12755809516779,17.610970925652076
0.0009236070754586036,54.24338526624107,216.97354106496428,362.6186352260951,19.99518233504525
0.0009242034908492503,54.11413289931152,216.45653159724608,566.7687263886309,20.952628546181128
0.0009247999062398971,53.985187282556986,215.94074913022794,772.9983775895598,20.413197571510395
0.0009249999999999875,53.94199605901919,215.76798423607676,840.2881522359285,19.898246701326762
0.0009249999999999944,53.941996059017704,215.76798423607082,840.2881522382208,19.898246701306192
0.0009250000000000047,53.94199605901548,215.76798423606192,840.2881522416562,19.898246701275223
0.0009250000000000116,53.941996059013974,215.7679842360559,840.2881522439668,19.89824670093902
0.0009252044373883483,53.911383690497004,215.64553476198802,890.5546535862203,9.527550439060043
0.0009253822517197716,53.90889276033323,215.63557104133292,904.6789407631105,8.331113576787175e-13
0.0009253822517197786,53.90889276033359,215.63557104133437,904.67894076311,-3.7256775442529033e-10
0.0009255866891081152,53.934612357457034,215.73844942982814,886.2108310539251,-10.78485828313541
0.0009257911264964519,53.98872384121166,215.95489536484664,832.5250856933959,-20.607458701410078
0.0009259955638847886,54.066176007552265,216.26470403020906,748.1206391648119,-28.761641215621456
0.0009262000012731252,54.159166513993966,216.63666605597587,639.6730986647342,-34.679569368607034
0.0009264044386614619,54.25861349523364,217.03445398093456,515.500920369954,-37.967825435012365
0.0009266088760497986,54.35424745876624,217.41698983506495,384.91938307600344,-38.43605950349408
0.0009268133134381352,54.43549983198769,217.74199932795077,257.5301022740402,-36.10662124908991
0.0009270177508264719,54.492309581626806,217.96923832650722,142.50369080518274,-31.208873953327483
0.0009272221882148085,54.5158619693421,218.0634478773684,47.90791538028495,-24.15829032718188
0.0009274266256031452,54.49922170517419,217.99688682069677,-19.8697205583013,-15.522140089017869
0.0009274546589481262,54.49355810114416,217.97423240457664,-26.834418936270374,-14.241857701034053
0.0009274546589481331,54.493558101142646,217.97423240457059,-26.834418937918258,-14.241857700716015
0.0009276590963364698,54.449013772464305,217.79605508985722,-77.68312795331269,-15.595128181544489
0.0009280105483944649,54.37252245451406,217.49008981805625,-175.04914465337103,-17.613945780582263
0.0009286069280642514,54.24296888613126,216.97187554452503,-362.5603316693975,-19.998507654383452
0.000929203307734038,54.11372524338105,216.4549009735242,-566.7326784605203,-20.95623520259445
0.0009297996874038245,53.98478831187063,215.93915324748252,-772.9868599343611,-20.417004330150963
0.0009299999999999874,53.9415501899913,215.7662007599652,-840.3616530672072,-19.901415641080973
0.0009299999999999943,53.9415501899898,215.7662007599592,-840.3616530694999,-19.9014156410604
0.0009300000000000046,53.94155018998758,215.76620075995032,-840.361653072936,-19.901415641029423
0.0009300000000000115,53.94155018998607,215.76620075994427,-840.3616530752466,-19.901415640693155
0.000930204424319286,53.9109426548545,215.643770619418,-890.6337498154788,-9.52954918790794
0.0009303822448746,53.908459540184424,215.6338381607377,-904.7615001133961,-3.11928260998684e-12
0.0009303822448746069,53.90845954018479,215.63383816073917,-904.7615001133956,3.703455320192006e-10
0.0009305866691938814,53.93419281371076,215.73677125484303,-886.2925036771587,10.78607072979397
0.0009307910935131558,53.98832139068173,215.95328556272693,-832.6040097776549,20.609873696045334
0.0009309955178324303,54.065794346636515,216.26317738654606,-748.1946959359567,28.76524951209798
0.0009311999421517047,54.158809811021236,216.63523924408494,-639.7397973674853,34.68434649793145
0.0009314043664709791,54.258286294793535,217.03314517917414,-515.5573773485523,37.973712580924186
0.0009316087907902536,54.353954621790656,217.41581848716262,-384.96240946495453,38.442943452084165
0.000931813215109528,54.4352463208631,217.7409852834524,-257.5564008531907,36.114317299326004
0.0009320176394288025,54.49210013611013,217.96840054444053,-142.51014698615464,31.217114918878107
0.0009322220637480769,54.515700711051075,218.0628028442043,-47.891954099418726,24.16672424246099
0.0009324264880673514,54.499111713488375,217.9964468539535,19.909750812700622,15.530338335889777
0.0009324547419632742,54.493406955627705,217.97362782251082,26.930644068369944,14.239794734076966
0.0009324547419632812,54.4934069556262,217.9736278225048,26.93064407001757,14.239794733758874
0.0009326591662825556,54.448865596969014,217.79546238787606,77.76854046065044,15.592754832143639
0.000933010637831873,54.37237024797311,217.48948099189244,175.12536922019027,17.611339991582557
0.0009336070521107179,54.242809532760035,216.97123813104014,362.6197689568529,19.99555025775026
0.0009342034663895628,54.11355877835751,216.45423511343003,566.7730351873795,20.952974300777157
0.0009347998806684077,53.98461476973559,215.93845907894237,773.0055413677088,20.413502072526708
0.0009349999999999882,53.941418486777714,215.76567394711086,840.3047487908749,19.898456559109572
0.0009349999999999952,53.9414184867762,215.7656739471048,840.3047487931672,19.898456559089002
0.0009350000000000055,53.941418486773976,215.7656739470959,840.3047487966027,19.898456559058026
0.0009350000000000124,53.94141848677248,215.7656739470899,840.304748798917,19.898456559037164
0.0009350000000000227,53.94141848677026,215.76567394708104,840.3047488023328,19.898456558541557
0.000935000000000033,53.94141848676804,215.76567394707217,840.3047488057487,19.89845655804595
0.0009350000000000845,53.94141848675693,215.76567394702772,840.3047488228281,19.898456555567908
0.000935000000000342,53.94141848670137,215.7656739468055,840.304748908225,19.898456543177687
0.0009350000000016295,53.94141848642358,215.76567394569432,840.3047493352093,19.89845648122659
0.000935000000008067,53.9414184850346,215.7656739401384,840.3047514701314,19.898456171471093
0.0009350000000402542,53.941418478089695,215.76567391235878,840.3047621447414,19.898454622693606
0.0009350000002011905,53.94141844336518,215.76567377346072,840.3048155177787,19.898446878805654
0.0009350000010058718,53.94141826974288,215.76567307897153,840.305082382654,19.89840815935295
0.0009350000050292783,53.94141740163756,215.76566960655023,840.3064166992416,19.898214561765723
0.0009350000251463108,53.941413061264775,215.7656522450591,840.313088087448,19.897246565737106
0.0009350001257314733,53.94139136324685,215.7655654529874,840.346440160032,19.892406383307218
0.0009350006286572857,53.94128296932844,215.76513187731376,840.5130787920422,19.86820041715407
0.0009350031432863479,53.94074340668705,215.7629736267482,841.3432262229836,19.74704463228325
0.0009350157164316587,53.93810609629073,215.75242438516293,845.4175173271992,19.13816650393538
0.0009350785821582127,53.92647029765307,215.70588119061227,863.842643007491,16.022588718316143
0.000935279251365715,53.90769416624858,215.63077666499433,899.969585501214,5.529621710694871
0.0009353818331260943,53.909075168167774,215.6363006726711,904.6961482479214,3.647215862656594e-10
0.0009353818331261012,53.90907516816813,215.63630067267252,904.6961482479228,-7.743139462945692e-12
0.0009355825023336035,53.93408730907082,215.73634923628327,886.8925598177176,-10.593754340498695
0.0009357831715411059,53.98652598757563,215.94610395030253,835.084759433109,-20.273333388127085
0.0009359838407486083,54.061679841118625,216.2467193644745,753.4680992217499,-28.367531487553478
0.0009361845099561106,54.15260808453479,216.61043233813916,648.2785921968365,-34.33079894290969
0.000936385179163613,54.250658112292136,217.00263244916854,527.3094584205265,-37.78003342457865
0.0009365858483711153,54.34545861371145,217.3818344548458,399.3211310893374,-38.52106559765148
0.0009367865175786177,54.4274687008773,217.7098748035092,273.4009348354586,-36.55329077677663
0.00093698718678612,54.48711662580961,217.94846650323845,158.31002169857996,-32.07113305414688
0.0009371878559936224,54.515859455036576,218.0634378201463,61.860996777358274,-25.445231615102625
0.0009373885252011247,54.50682371043017,218.02729484172067,-9.623097811347778,-17.1926066101578
0.0009374541012373792,54.49487357910999,217.97949431643997,-26.80836558606528,-14.234935495238428
0.0009374541012373861,54.494873579108464,217.97949431643386,-26.80836558770784,-14.234935494922025
0.0009376547704448884,54.45114892118936,217.80459568475743,-76.6568157588212,-15.564728862346731
0.0009380061706936472,54.37466587229695,217.4986634891878,-173.84344486711973,-17.58805632462465
0.0009386020261489228,54.24522094607356,216.98088378429424,-360.971277716933,-19.98072309812264
0.0009391978816041985,54.11608541196254,216.46434164785015,-564.8448910191964,-20.9502899523442
0.0009397937370594742,53.987256065220386,215.94902426088154,-770.9312802528477,-20.42587914821098
0.00093999999999999,53.942732037440415,215.77092814976166,-840.3102719502135,-19.897702099327688
0.0009399999999999969,53.94273203743892,215.7709281497557,-840.3102719525054,-19.897702099307118
0.0009400000000000073,53.94273203743668,215.7709281497467,-840.3102719559769,-19.897702099275822
0.0009400000000000143,53.942732037435164,215.77092814974066,-840.3102719582872,-19.89770209893961
0.0009402044162422965,53.91212107700217,215.64848430800868,-890.5713028176446,-9.527952301502523
0.0009403822364691462,53.90962785519024,215.63851142076095,-904.6966624347383,-3.70231845181479e-10
0.0009403822364691531,53.9096278551906,215.6385114207624,-904.6966624347375,3.1725733151688473e-12
0.0009405866527114353,53.935341322805236,215.74136529122094,-886.2321509632287,10.783882481430023
0.0009407910689537176,53.989441434157314,215.95776573662926,-832.556547848964,20.60577391974236
0.0009409954851959998,54.06687890041435,216.2675156016574,-748.1670769823114,28.75970688286294
0.0009411999014382821,54.15985432261637,216.63941729046547,-639.736861154852,34.67797274827905
0.0009414043176805643,54.25928901899521,217.03715607598085,-515.5814007456274,37.96720180169467
0.0009416087339228466,54.3549168671578,217.4196674686312,-385.01290296225284,38.4370034471588
0.0009418131501651288,54.43617237789051,217.74468951156203,-257.63016872469103,36.109600466179046
0.0009420175664074111,54.49299691948456,217.97198767793824,-142.60160245931672,31.21415482911398
0.0009422219826496933,54.51657715637618,218.06630862550472,-47.99365835289748,24.16588369660778
0.0009424263988919756,54.49997798529505,217.9999119411802,19.806376835674648,15.53177358459969
0.0009424546315249131,54.49427703894993,217.97710815579973,26.822963339680914,14.24247047468254
0.00094245463152492,54.494277038948425,217.9771081557937,26.822963341328844,14.242470474364513
0.0009426590477672023,54.44973672832517,217.79894691330068,77.66831614201128,15.595634328763435
0.0009430104972038637,54.373244964876896,217.49297985950759,175.036698935245,17.614494873261332
0.000943606871141005,54.243690918859286,216.97476367543715,362.5518093375745,19.99910933996214
0.0009442032450781463,54.11444679662213,216.45778718648853,566.7283632367272,20.956873537113047
0.0009447996190152876,53.98550938383695,215.9420375353478,772.9870110742605,20.41766206341393
0.0009449999999999901,53.942255928265276,215.7690237130611,840.3865917678986,19.901867251461372
0.0009449999999999971,53.94225592826378,215.76902371305513,840.3865917701913,19.901867251440798
0.0009450000000000075,53.94225592826154,215.76902371304615,840.3865917736637,19.901867251409485
0.0009450000000000144,53.94225592826004,215.76902371304016,840.3865917759784,19.901867251388616
0.0009450000000000248,53.9422559282578,215.7690237130312,840.3865917794309,19.901867250887715
0.0009450000000000352,53.94225592825556,215.76902371302225,840.3865917828833,19.901867250386818
0.0009450000000000873,53.942255928244336,215.76902371297734,840.3865918001455,19.901867247882322
0.0009450000000003475,53.942255928188196,215.76902371275278,840.3865918864561,19.90186723535983
0.0009450000000016485,53.94225592790747,215.76902371162987,840.3865923180091,19.901867172747387
0.0009450000000081537,53.94225592650384,215.76902370601536,840.3865944757739,19.901866859685168
0.0009450000000406798,53.94225591948572,215.76902367794287,840.386605264597,19.901865294374048
0.0009450000002033101,53.942255884395145,215.76902353758058,840.3866592087004,19.90185746781793
0.0009450000010164617,53.94225570894253,215.76902283577013,840.386928928899,19.901818335024114
0.0009450000050822199,53.94225483168572,215.7690193267429,840.3882775219369,19.901622670724407
0.0009450000254110106,53.9422504455588,215.7690017822352,840.3950202882439,19.90064434096076
0.0009450001270549643,53.942228518852325,215.7689140754093,840.4287291475631,19.895752485540413
0.0009450006352747327,53.94211898354631,215.76847593418523,840.5971491184155,19.871288046653707
0.0009450031763735744,53.941573765431635,215.76629506172654,841.436138294006,19.748837216284564
0.0009450158818677832,53.938909474780544,215.75563789912218,845.5530047236778,19.13341840872892
0.0009450794093388273,53.92717238776735,215.7086895510694,864.1490799900714,15.983703825428895
0.0009452800464787057,53.908518730276796,215.63407492110719,900.1353971508306,5.488126547774544
0.0009453818367943546,53.90992338539657,215.63969354158627,904.7902425251731,1.0622613899613498e-12
0.0009453818367943616,53.90992338539693,215.63969354158772,904.7902425251748,-3.71469965898541e-10
0.00094558247393424,53.93494352637069,215.73977410548275,886.9895840512507,-10.593717598430676
0.0009457831110741184,53.987387478688674,215.9495499147547,835.1898738731213,-20.273515740238167
0.0009459837482139968,54.062545952579754,216.25018381031902,753.5846069161154,-28.368381488467314
0.0009461843853538752,54.153481168547955,216.61392467419182,648.4070874289127,-34.332884709495914
0.0009463850224937536,54.25154407327559,217.00617629310236,527.4473304954925,-37.78395034060035
0.000946585659633632,54.34636732045286,217.38546928181145,399.4624884701451,-38.527334690491045
0.0009467862967735104,54.42841295635331,217.71365182541325,273.5369624421948,-36.56226313325902
0.0009469869339133888,54.488111536083444,217.95244614433378,158.42974391361997,-32.08290639474939
0.0009471875710532672,54.5169212358217,218.0676849432868,61.95237797345805,-25.459592017608617
0.0009473882081931456,54.50796821189582,218.0318728475833,-9.571824499741481,-17.209002478009527
0.000947454179391062,54.495959767535865,217.98383907014346,-26.868625241334755,-14.233327457009072
0.000947454179391069,54.49595976753434,217.98383907013735,-26.868625242977096,-14.23332745669262
0.0009476548165309474,54.452241222923554,217.80896489169422,-76.70315668710074,-15.562780691158078
0.0009480062287053289,54.37575404587609,217.50301618350437,-173.8813455425608,-17.585997937357778
0.000948602101587195,54.24630274766021,216.98521099064084,-360.99345439569373,-19.978519216060125
0.0009491979744690611,54.1171608658831,216.4686434635324,-564.8507612823201,-20.948015671922818
0.0009497938473509273,53.98832519541247,215.9533007816499,-770.9205861983269,-20.423610406778273
0.0009499999999999905,53.943824084117836,215.77529633647134,-840.2554188689385,-19.895797897355568
0.0009499999999999974,53.94382408411635,215.7752963364654,-840.2554188712303,-19.895797897335004
0.0009500000000000079,53.94382408411408,215.7752963364563,-840.2554188747375,-19.89579789730339
0.0009500000000000149,53.94382408411256,215.77529633645025,-840.2554188770475,-19.89579789696723
0.0009502044264860309,53.91320825265011,215.65283301060043,-890.5144047656339,-9.52717526339002
0.0009503822589774251,53.91070819665825,215.642832786633,-904.6395896348972,-3.6999736607867817e-10
0.000950382258977432,53.910708196658625,215.6428327866345,-904.6395896348968,3.355538069627073e-12
0.0009505866854634481,53.93641105054667,215.74564420218667,-886.1759964096638,10.782801926690947
0.0009507911119494641,53.99049725665877,215.96198902663508,-832.5031946466141,20.60363313145469
0.0009509955384354802,54.067917372122174,216.2716694884887,-748.1185519943854,28.75653422308414
0.0009511999649214962,54.16087172382029,216.64348689528117,-639.6953988807853,34.673815321797306
0.0009514043914075123,54.260281451545836,217.04112580618335,-515.5494401667344,37.96213825674617
0.0009516088178935283,54.355880312777124,217.4235212511085,-384.99300731060384,38.43115718081124
0.0009518132443795444,54.437102869184166,217.74841147673666,-257.624868460493,36.10315040438723
0.0009520176708655605,54.4938907869255,217.975563147702,-142.61317326902565,31.207341519631218
0.0009522220973515765,54.517431322267825,218.0697252890713,-48.02385567057531,24.159008853242494
0.0009524265238375926,54.500790272510514,218.00316109004206,19.756597611470788,15.52519189982857
0.0009524545794331016,54.49512227865467,217.98048911461868,26.728071578443178,14.244137109186552
0.0009524545794331085,54.495122278653156,217.98048911461262,26.728071580091328,14.24413710886857
0.0009526590059191246,54.4505790460037,217.8023161840148,77.58215064332576,15.597592261627987
0.0009530104361224434,54.37409028248532,217.49636112994128,174.95738469770478,17.61669524893354
0.0009536067742635608,54.244541989634946,216.97816795853979,362.4850293939534,20.00169507038289
0.0009542031124046782,54.11530358810291,216.46121435241164,566.6768739364526,20.95982867668369
0.0009547994505457955,53.98637186417894,215.94548745671577,772.9541968579191,20.420951988036958
0.0009549999999999904,53.94308136645222,215.77232546580888,840.42054312183,19.904722876314644
0.0009549999999999973,53.94308136645073,215.7723254658029,840.4205431241231,19.904722876294066
0.000955000000000008,53.94308136644841,215.77232546579364,840.4205431277044,19.90472287626178
0.000955000000000015,53.94308136644689,215.77232546578756,840.4205431300154,19.904722875925486
0.0009552044158793322,53.91247447862566,215.64989791450265,890.7012824062193,9.532521464701741
0.0009553822765197979,53.90999478128515,215.6399791251406,904.8366441201217,3.6567371353157796e-10
0.0009553822765198048,53.90999478128551,215.63997912514205,904.8366441201212,-7.826628234397504e-12
0.0009555866923991221,53.93573697830618,215.74294791322473,886.3675065991993,-10.786601941550156
0.0009557911082784394,53.989875425879234,215.95950170351693,832.6784879921967,-20.610954344096157
0.0009559955241577567,54.06735950720776,216.26943802883105,748.2679874327791,-28.766914765149227
0.0009561999400370739,54.16038784203619,216.64155136814475,639.8108367871872,-34.68663483658602
0.0009564043559163912,54.259879411288715,217.03951764515486,515.6246448091548,-37.97664920115286
0.0009566087717957085,54.35556549121511,217.42226196486044,385.0239650982314,-38.446522457458315
0.0009568131876750257,54.43687792910143,217.7475117164057,257.6100067845933,-36.118485604798494
0.000957017603554343,54.493755564485646,217.97502225794258,142.55346710526393,-31.22176025810417
0.0009572220194336603,54.51738284980369,218.06953139921475,47.922812198579216,-24.17166932574893
0.0009574264353129776,54.500822942034304,218.00329176813722,-19.89308191453511,-15.53534258049211
0.00095745482152282,54.495093316387525,217.9803732655501,-26.947744752410212,-14.238666078912846
0.0009574548215228269,54.49509331638602,217.98037326554407,-26.94774475405768,-14.238666078594726
0.0009576592374021442,54.450552417644225,217.8022096705769,-77.77954128781121,-15.591536399176844
0.00095801071237277,54.374053954699534,217.49621581879813,-175.1301361081871,-17.61010840306404
0.0009586071292462795,54.24448866447176,216.97795465788704,-362.61317024307874,-19.994337509124737
0.000959203546119789,54.11523334735538,216.4609333894215,-566.7557025416705,-20.951854733138845
0.0009597999629932985,53.98628478817245,215.9451391526898,-772.9787455825865,-20.412542396425714
0.0009599999999999944,53.94310493241285,215.7724197296514,-840.247669239307,-19.8978105576482
0.0009600000000000013,53.94310493241135,215.7724197296454,-840.2476692415996,-19.897810557627633
0.0009600000000000118,53.943104932409085,215.77241972963634,-840.2476692451073,-19.897810557596017
0.0009600000000000188,53.94310493240758,215.77241972963031,-840.2476692474216,-19.897810557575152
0.0009600000000000293,53.943104932405305,215.77241972962122,-840.2476692509093,-19.897810557069207
0.0009600000000000398,53.94310493240303,215.77241972961212,-840.247669254397,-19.897810556563265
0.0009600000000000924,53.943104932391684,215.77241972956674,-840.2476692718354,-19.897810554033548
0.0009600000000003553,53.943104932334954,215.77241972933982,-840.2476693590273,-19.89781054138495
0.0009600000000016699,53.943104932051305,215.77241972820522,-840.2476697949867,-19.897810478141963
0.0009600000000082429,53.94310493063304,215.77241972253216,-840.2476719747838,-19.89781016192702
0.0009600000000411078,53.9431049235417,215.7724196941668,-840.2476828737686,-19.897808580852278
0.0009600000002054322,53.943104888085045,215.77241955234018,-840.2477373686792,-19.897800675478024
0.0009600000010270541,53.94310471080201,215.77241884320804,-840.248009842908,-19.89776114859326
0.0009600000051351639,53.94310382439324,215.77241529757296,-840.2493722059331,-19.897563513831948
0.0009600000256757129,53.9430993925097,215.7723975700388,-840.2561838180809,-19.89657533158873
0.0009600001283784577,53.9430772371005,215.772308948402,-840.2902368042127,-19.891634209482234
0.000960000641892182,53.942966560289804,215.77186624115922,-840.4603748487174,-19.866923330060136
0.0009600032094608034,53.94241568496019,215.76966273984075,-841.3078903028025,-19.74323763216317
0.0009600160473039102,53.93972437654075,215.758897506163,-845.4657761301485,-19.12157946790581
0.0009600802365194443,53.927885103654184,215.71154041461674,-864.2255472222333,-15.939246617584672
0.0009602808739232031,53.909337113745714,215.63734845498286,-900.0638822739634,-5.444321737128082
0.0009603818768215937,53.910752478552475,215.6430099142099,-904.645792630582,-3.7206504543974006e-10
0.0009603818768216006,53.91075247855283,215.64300991421132,-904.6457926305837,3.623767952376511e-13
0.0009605825142253594,53.93574880825848,215.74299523303392,-886.8505789270471,10.590464845675697
0.0009607831516291182,53.98815736945693,215.9526294778277,-835.0666792423092,20.267307944593306
0.000960983789032877,54.06327038080282,216.25308152321128,-753.4862526230764,28.35972030367893
0.0009611844264366358,54.154152246754975,216.6166089870199,-648.3406520651561,34.32243643685397
0.0009613850638403946,54.252156610196806,217.00862644078722,-527.4174756546226,37.772495659988365
0.0009615857012441534,54.34691930142134,217.38767720568535,-399.47117400382,38.515710640367026
0.0009617863386479122,54.4289053414,217.7156213656,-273.58335739648305,36.551303737566855
0.000961986976051671,54.48854823162186,217.95419292648745,-158.51033619504938,32.07338323329877
0.0009621876134554298,54.51730876863987,218.0692350745595,-62.061272570812605,25.45216067752272
0.0009623882508591886,54.50831521261496,218.03326085045984,9.442443896968975,17.204158230786952
0.0009624540756646448,54.49632759333492,217.98531037333967,26.69978079339048,14.236091374451004
0.0009624540756646517,54.49632759333342,217.98531037333368,26.699780795033156,14.236091374134666
0.0009626547130684105,54.45260869616242,217.8104347846497,76.54429182011016,15.56594442642287
0.0009630060908051002,54.37612849337665,217.5045139735066,173.73282640356655,17.589619265001488
0.0009636018970658015,54.246690760249095,216.98676304099638,360.8636412197251,19.982879831755106
0.0009641977033265029,54.11756237636525,216.470249505461,564.7451472724405,20.953118097654347
0.0009647935095872043,53.988740137811824,215.9549605512473,770.846131822408,20.429418619469775
0.0009649999999999857,53.94416580278275,215.776663211131,840.3127650095166,19.900764583063893
0.0009649999999999927,53.94416580278125,215.776663211125,840.3127650118088,19.900764583043333
0.0009650000000000035,53.94416580277891,215.77666321111565,840.3127650154255,19.900764583010726
0.0009650000000000104,53.94416580277739,215.77666321110956,840.3127650177362,19.900764582674533
0.0009652044131999481,53.91355296828317,215.65421187313268,890.5844599236741,9.531569308371008
0.0009653823031425801,53.91106013604532,215.6442405441813,904.7207526424268,3.731557285391318e-10
0.0009653823031425871,53.911060136045684,215.64424054418274,904.7207526424261,-2.504663143554353e-13
0.0009655867163425247,53.936779087645434,215.74711635058173,886.2569121670102,-10.783652432892096
0.0009657911295424624,53.99088332619447,215.96353330477788,832.5832162047727,-20.605359077599218
0.0009659955427424,54.06832387587014,216.27329550348057,748.196608612732,-28.7591863301784
0.0009661999559423377,54.16130181853011,216.64520727412045,639.7698017675407,-34.677448998928334
0.0009664043691422754,54.260739008619275,217.0429560344771,515.6178030425363,-37.96678788637976
0.000966608782342213,54.35636989418125,217.425479576725,385.0523005022431,-38.43680848385678
0.0009668131955421507,54.43762951865361,217.75051807461443,257.67160931485614,-36.10971547514015
0.0009670176087420883,54.49445968197975,217.977838727919,142.6437378282072,-31.21464026515293
0.000967222021942026,54.51804732729718,218.07218930918873,48.034881264741756,-24.16676003590473
0.0009674264351419637,54.50145744029044,218.00582976116175,-19.7677616584981,-15.533016004346402
0.0009674547165721758,54.49574721060364,217.98298884241456,-26.796530435441795,-14.241503703248089
0.0009674547165721827,54.49574721060214,217.98298884240856,-26.79653043708961,-14.241503702930062
0.0009676591297721204,54.45120636100792,217.80482544403168,-77.63791806863573,-15.594718607028224
0.000968010573840054,54.37471370070429,217.49885480281716,-174.99977554339102,-17.613693267614117
0.0009686069318533822,54.2451596104665,216.980638441866,-362.50309871143537,-19.998556904260276
0.0009692032898667105,54.11591543579627,216.46366174318507,-566.670472859312,-20.9566846771909
0.0009697996478800387,53.98697796257553,215.94791185030212,-772.9239643054192,-20.417927954299273
0.0009699999999999845,53.94372955868795,215.7749182347518,-840.3151430721521,-19.902371481707483
0.0009699999999999915,53.94372955868646,215.77491823474583,-840.3151430744451,-19.902371481686913
0.0009700000000000023,53.94372955868412,215.77491823473648,-840.3151430780622,-19.90237148165431
0.0009700000000000093,53.94372955868261,215.77491823473045,-840.3151430803731,-19.90237148131811
0.0009702044309225683,53.913116116950114,215.65246446780046,-890.5946414835262,-9.53196556146764
0.0009703823220651026,53.910627344816206,215.64250937926482,-904.7316126641708,-3.7215031056803127e-10
0.0009703823220651095,53.910627344816575,215.6425093792663,-904.7316126641704,1.2683187833317788e-12
0.0009705867529876685,53.936356039085055,215.74542415634022,-886.2639687891511,10.784930054738393
0.0009707911839102275,53.99047602077092,215.96190408308368,-832.5794886891082,20.6076466828438
0.0009709956148327865,54.067936481080594,216.27174592432237,-748.1767516129294,28.762024884409765
0.0009712000457553454,54.16093569409337,216.64374277637347,-639.7308458344346,34.680248454957606
0.0009714044766779044,54.260392445103655,217.04156978041462,-515.559618254158,37.96890171031633
0.0009716089076004634,54.35603791137916,217.42415164551664,-384.9777339906664,38.43761677807641
0.0009718133385230224,54.43730409603592,217.7492163841437,-257.58627970180714,36.108706381208556
0.0009720177694455814,54.49413035450643,217.97652141802573,-142.55550628541388,31.21148118730413
0.0009722222003681404,54.51770207836209,218.07080831344837,-47.95305111367741,24.161351005760068
0.0009724266312906994,54.50108380356421,218.00433521425683,19.833437351601972,15.525519247706193
0.0009724547693948258,54.49540041692185,217.9816016676874,26.824597657776607,14.240424825742434
0.0009724547693948328,54.49540041692034,217.98160166768136,26.824597659424313,14.240424825424384
0.0009726592003173918,54.450855990601774,217.8034239624071,77.66679772768097,15.593686004857537
0.0009730106503610585,54.37436252277434,217.49745009109736,175.02402853947504,17.612581980382913
0.0009736070195297263,54.244806848677925,216.9792273947117,362.5192972271036,19.997344623002075
0.0009742033886983941,54.11556109976561,216.46224439906243,566.6780930573991,20.955405384763168
0.0009747997578670619,53.986622061731836,215.94648824692734,772.9225578287796,20.416617851571246
0.0009749999999999902,53.9433976752922,215.7735907011688,840.2730365441302,19.901396749339092
0.0009749999999999971,53.94339767529071,215.77359070116285,840.2730365464228,19.901396749318526
0.000975000000000008,53.943397675288374,215.7735907011535,840.2730365500397,19.901396749285926
0.0009750000000000149,53.94339767528686,215.77359070114744,840.2730365523503,19.90139674894975
0.0009752044360300206,53.912782654072416,215.65113061628966,890.5513833920876,9.531526217594177
0.0009753823319740056,53.91029135363251,215.64116541453004,904.6880854245478,3.6829383986969333e-10
0.0009753823319740125,53.91029135363287,215.64116541453149,904.6880854245471,-5.094591415399918e-12
0.0009755867680040182,53.936015877381735,215.74406350952694,886.2208667254912,-10.784410266203071
0.0009757912040340239,53.9901302807786,215.9605211231144,832.5376907703949,-20.606614370915473
0.0009759956400640296,54.0675836643715,216.270334657486,748.1372203723759,-28.76049011874775
0.0009762000760940352,54.16057414875359,216.64229659501436,639.6946627887355,-34.678229771309596
0.0009764045121240409,54.26002040831862,217.04008163327447,515.5279846738978,-37.96643288146399
0.0009766089481540467,54.35565353879453,217.4226141551781,384.9519318622995,-38.43475381210751
0.0009768133841840524,54.43690554769508,217.74762219078033,257.5675929819183,-36.105533309039465
0.000977017820214058,54.49371592001934,217.97486368007736,142.54510839652642,-31.20811348021356
0.0009772222562440638,54.5172703268184,218.0690813072736,47.95186956506378,-24.157935666734133
0.0009774266922740694,54.50063374184947,218.00253496739788,-19.824864423380987,-15.522230964115463
0.0009774547507451308,54.49496527009087,217.9798610803635,-26.795585335820924,-14.240850837774481
0.0009774547507451446,54.49496527008786,217.97986108035144,-26.795585339116467,-14.24085083713843
0.0009776591867751503,54.450420087012205,217.80168034804882,-77.64068194004797,-15.594213819343853
0.0009780106309664092,54.37392850443757,217.4957140177503,-174.9996007290555,-17.61318403181315
0.0009786069891435602,54.244376249474016,216.97750499789606,-362.49800125997416,-19.99806825634863
0.0009792033473207111,54.115133905773305,216.46053562309322,-566.6608327507497,-20.95625071551854
0.0009797997054978621,53.98619825926074,215.94479303704296,-772.9104766955724,-20.417578641046486
0.0009799999999999785,53.94296291232028,215.77185164928113,-840.281506487954,-19.902227469061287
0.0009799999999999924,53.9429629123173,215.7718516492692,-840.28150649254,-19.902227469020154
0.0009800000000000063,53.94296291231431,215.77185164925723,-840.2815064971697,-19.90222746897843
0.0009800000000000266,53.94296291230987,215.7718516492395,-840.2815065039579,-19.902227467990883
0.000980204433037023,53.912349216068414,215.64939686427365,-890.5615697323744,-9.532133483013327
0.0009803823337343278,53.90986000352279,215.63944001409115,-904.6995528708762,-7.819522807039903e-12
0.0009803823337343417,53.90986000352352,215.63944001409408,-904.6995528708751,7.389928668999346e-10
0.0009805867667713381,53.935588248800805,215.74235299520322,-886.2321827450629,10.78465772010594
0.0009807911998083345,53.98970710938384,215.95882843753537,-832.5485282635547,20.607109308787464
0.000980995632845331,54.06716576233258,216.2686630493303,-748.1471821136903,28.761234721648506
0.0009812000658823274,54.16016245688677,216.6406498275471,-639.7032488664946,34.67922437459127
0.0009814044989193238,54.25961597747941,217.03846390991765,-515.5345828869379,37.967671130737514
0.0009816089319563202,54.3552575200183,217.4210300800732,-384.95583472882083,38.436217519908055
0.0009818133649933166,54.43651914420673,217.7460765768269,-257.568041691023,36.10718795582039
0.000982017798030313,54.4933403119746,217.9733612478984,-142.54136030344392,31.209905118623023
0.0009822222310673094,54.51690657761503,218.06762631046013,-47.94328266489655,24.159789870077308
0.0009824266641043058,54.50028269608489,218.00113078433955,19.83873916179882,15.524054250145676
0.0009824547766323114,54.49460416770781,217.97841667083125,26.823145312780625,14.240165337928994
0.0009824547766323253,54.49460416770481,217.97841667081923,26.82314531607599,14.24016533729292
0.0009826592096693217,54.45005993169932,217.8002397267973,77.6650178628557,15.593444551545552
0.0009830106594557679,54.373567638133316,217.49427055253327,175.0207892207438,17.612349993825145
0.0009836070272972303,54.24401414596173,216.9760565838469,362.51346498012595,19.99714068526326
0.0009842033951386927,54.11477057306127,216.45908229224509,566.670014014418,20.95525029842367
0.0009847997629801551,53.98583370519816,215.94333482079264,772.9128014955177,20.416529093960524
0.000984999999999976,53.94261105321724,215.77044421286897,840.2613339759507,19.90134735640794
0.0009849999999999898,53.942611053214264,215.77044421285706,840.2613339805364,19.90134735636681
0.0009850000000000037,53.94261105321127,215.7704442128451,840.261333985166,19.901347356325083
0.000985000000000024,53.94261105320683,215.77044421282733,840.2613339919537,19.901347355337563
0.00098520443577647,53.91199687526667,215.64798750106667,890.539376328202,9.531434299568229
0.0009853823292533346,53.90950640902647,215.63802563610588,904.6757449246506,7.465530416084221e-10
0.0009853823292533485,53.9095064090272,215.6380256361088,904.6757449246493,-2.3447910280083306e-13
0.0009855867650297944,53.93523191577515,215.7409276631006,886.2084986811533,-10.784439749258542
0.0009857912008062403,53.98934753745259,215.95739014981035,832.5252411282424,-20.606671711265687
0.0009859956365826862,54.06680237343745,216.2672094937498,748.1246356213278,-28.76057333761002
0.0009862000723591322,54.15979454694624,216.63917818778495,639.6818887415806,-34.67833636744105
0.000986404508135578,54.25924272990925,217.036970919637,515.5149665649182,-37.966559619127565
0.000986608943912024,54.354878015694624,217.4195120627785,384.93861601579124,-38.43489648742066
0.00098681337968847,54.43613240602249,217.74452962408995,257.553930081095,-36.10568656577951
0.0009870178154649158,54.49294537492405,217.9717814996962,142.53105810899058,-31.208270723891047
0.0009872222512413618,54.516502576350035,218.06601030540014,47.93740606134122,-24.158089118304233
0.0009874266870178077,54.49986896056799,217.99947584227195,-19.83974669905125,-15.522371879904888
0.0009874547561395937,54.49419858299582,217.97679433198329,-26.813061967867643,-14.240499569572039
0.0009874547561396075,54.4941985829928,217.9767943319712,-26.813061971163094,-14.240499568935986
0.0009876591919160535,54.4496540818479,217.7986163273916,-77.65682452384301,-15.59381931246618
0.0009880106396723013,54.37316279998435,217.4926511999374,-175.01428702597727,-17.612744274312973
0.0009886070044934604,54.243610927759484,216.97444371103794,-362.51005523568836,-19.997558387366908
0.0009892033693146194,54.11436896935269,216.45747587741076,-566.6697675838772,-20.955675835493572
0.0009897997341357784,53.98543371061051,215.94173484244203,-772.9157090109542,-20.416947050890236
0.000989999999999987,53.94220515514386,215.76882062057544,-840.2751522849568,-19.90167084009242
0.0009900000000000009,53.94220515514087,215.76882062056347,-840.2751522895423,-19.90167084005129
0.0009900000000000147,53.94220515513787,215.76882062055148,-840.275152294172,-19.90167084000956
0.0009900000000000351,53.942205155133436,215.76882062053375,-840.2751523009599,-19.901670839021996
0.0009902044331925796,53.911592412379115,215.64636964951646,-890.5530974732618,-9.531428628975586
0.0009903823193351453,53.909103761883415,215.63641504753366,-904.6888722322783,-7.375184907232324e-10
0.0009903823193351592,53.90910376188415,215.6364150475366,-904.688872232277,9.29567534058151e-12
0.0009905867525277037,53.9348317883511,215.7393271534044,-886.2213515004386,10.784737333511888
0.0009907911857202482,53.988950876009575,215.9558035040383,-832.5372629367699,20.60725940517803
0.0009909956189127927,54.066410150882746,216.26564060353098,-748.1352444718983,28.761439991619294
0.0009912000521053372,54.15940778722959,216.63763114891836,-639.6904662101949,34.679464786002
0.0009914044852978817,54.25886247985156,217.03544991940623,-515.5208623406255,37.967923746797155
0.0009916089184904262,54.354505328030264,217.41802131212106,-384.9411704089256,38.43645855563362
0.0009918133516829707,54.43576829567814,217.74307318271255,-257.5525142349733,36.10739487324145
0.0009920177848755153,54.4925907579696,217.9703630318784,-142.52512892250718,31.21005858471633
0.0009922222180680598,54.516158198827284,218.06463279530914,-47.92657050853718,24.15987541186501
0.0009924266512606043,54.49953532506778,217.99814130027113,19.855664987200576,15.524063469584464
0.0009924547652034998,54.493856617358816,217.97542646943526,26.840409063846405,14.240099822145414
0.0009924547652035137,54.493856617355796,217.97542646942318,26.84040906714175,14.240099821509332
0.0009926591983960582,54.449312958523734,217.79725183409494,77.68202632766227,15.593337533590658
0.0009930106516969346,54.3728209499506,217.4912837998024,175.03799027454394,17.612189960522805
0.0009936070271749635,54.2432675798794,216.9730703195176,362.5310089106453,19.99688496312563
0.0009942034026529925,54.1140241327766,216.4560965311064,566.6870730724117,20.954881179795695
0.0009947997781310214,53.98508739431,215.94034957724,772.9282164921793,20.416035446406866
0.0009949999999999874,53.94186860891203,215.76747443564813,840.2700385464407,19.900863222582736
0.0009950000000000013,53.94186860890905,215.7674744356362,840.2700385510261,19.90086322254161
0.0009950000000000152,53.94186860890604,215.76747443562417,840.2700385556556,19.900863222499883
0.0009950000000000356,53.94186860890159,215.76747443560637,840.2700385624432,19.900863221512306
0.0009952044344251772,53.911256081109094,215.64502432443638,890.545429407645,9.530563392657738
0.0009953823054769692,53.90876700978937,215.6350680391575,904.6787150873604,4.206412995699793e-12
0.000995382305476983,53.90876700979011,215.63506803916044,904.6787150873593,-7.426024239975959e-10
0.0009955867399021247,53.93449325330706,215.73797301322824,886.2111053513777,-10.78472376988671
0.0009957911743272664,53.988610674019746,215.95444269607898,832.526774980656,-20.607223808954288
0.000995995608752408,54.066068322604174,216.2642732904167,748.1244296305263,-28.761367205362998
0.0009962000431775497,54.15906425576288,216.6362570230515,639.6793383656403,-34.67933578257
0.0009964044776026913,54.25851704418673,217.03406817674693,515.509551587542,-37.96771910237756
0.000996608912027833,54.35415765938257,217.4166306375303,384.92992391620095,-38.43616226460599
0.0009968133464529746,54.435417955401675,217.7416718216067,257.54168008777697,-36.10699797067763
0.0009970177808781163,54.49223723319968,217.96894893279872,142.51512431579147,-31.20956213447114
0.000997222215303258,54.51580095181461,218.06320380725845,47.91783740487794,-24.159292470210506
0.0009974266497283996,54.49917385113858,217.99669540455432,-19.86271216752138,-15.523419736778157
0.0009974547435229201,54.493498948191984,217.97399579276794,-26.842369820026942,-14.240381551726115
0.000997454743522934,54.49349894818897,217.9739957927559,-26.842369823322354,-14.240381551090039
0.0009976591779480757,54.44895531325528,217.79582125302113,-77.68525667451799,-15.593620776485023
0.0009980106316505718,54.3724637197636,217.4898548790544,-175.04294763996214,-17.612457742556053
0.0009986070092018358,54.24291075100733,216.97164300402932,-362.53909463951663,-19.997113171278343
0.0009992033867530998,54.11366770534247,216.4546708213699,-566.6978209153464,-20.955043766377706
0.0009997997643043637,53.98473136841925,215.938925473677,-772.9408715363737,-20.416110757830047
0.000999999999999972,53.94150997395737,215.7660398958295,-840.239892894909,-19.90180089093698
0.000999999999999986,53.94150997395438,215.76603989581753,-840.2398928995123,-19.901800890895686
0.001,53.94150997395134,215.76603989580536,-840.2398929041874,-19.90180089085371
