time,Current: AMD1,Current: AMD4,Voltage: VMD1,Voltage: VMD4,Voltage: VMout
0.0,0.0,0.0,0.0,0.0,0.0
2e-07,0.0,0.0,0.0,0.0,0.0
4e-07,230.58290844780282,230.58290844780282,0.0,0.0,0.02304907121629376
6e-07,444.6435416817916,444.6435416817916,0.0,0.0,0.09052628608633216
8e-07,626.8890667908845,626.8890667908845,0.0,0.0,0.1975643106948873
1e-06,764.2974017788802,764.2974017788802,0.0,0.0,0.33646934408994983
1.2e-06,847.0447127343866,847.0447127343866,0.0,0.0,0.4972700597797286
1.4e-06,869.2047833621425,869.2047833621425,0.0,0.0,0.6684287298735202
1.6e-06,829.1704686240905,829.1704686240905,0.0,0.0,0.8376638180529729
1.8e-06,729.7672607457272,729.7672607457272,0.0,0.0,0.9928253953046116
2e-06,578.0509437840062,578.0509437840062,0.0,0.0,1.1227609812069803
2.2e-06,384.8038277574383,384.8038277574383,0.0,0.0,1.2181101099246723
2.4e-06,163.76553039256657,163.76553039256657,0.0,0.0,1.271971013290387
2.5999999999999997e-06,0.0,0.0,-0.6401959697514839,-0.6401959697514841,1.2803919395029684
2.8e-06,0.0,0.0,-14.173758754580104,-14.173758754580112,1.279368035512962
3e-06,0.0,0.0,-13.735193029328093,-13.7351930293281,1.2783449503186293
3.2e-06,0.0,0.0,-13.190383923889437,-13.19038392388944,1.2773226832651956
3.3999999999999996e-06,0.0,0.0,-12.54375018094038,-12.543750180940384,1.27630123369841
3.6e-06,0.0,0.0,-11.800536592252358,-11.800536592252362,1.275280600964545
3.8e-06,0.0,0.0,-10.966771425009386,-10.966771425009389,1.274260784410395
4e-06,0.0,0.0,-10.049217492440535,-10.049217492440539,1.2732417833832774
4.2e-06,0.0,0.0,-9.05531726591033,-9.05531726591033,1.2722235972310316
4.4e-06,0.0,0.0,-7.9931324739445895,-7.993132473944593,1.2712062253020184
4.6e-06,0.0,0.0,-6.871278678388768,-6.871278678388771,1.2701896669451196
4.8e-06,0.0,0.0,-5.698855358636733,-5.698855358636736,1.2691739215097375
4.9999999999999996e-06,0.0,0.0,-4.485372071300501,-4.485372071300501,1.2681589883457953
5.199999999999999e-06,0.0,0.0,-32.21628104061671,-32.21628104061672,1.2671448668037355
5.4e-06,0.0,0.0,-30.832206307064368,-30.832206307064382,1.2661315562345201
5.6e-06,0.0,0.0,-29.203145184803827,-29.20314518480384,1.2651190559896304
5.7999999999999995e-06,0.0,0.0,-27.342316902749847,-27.342316902749857,1.2641073654210662
6e-06,0.0,0.0,-25.264820812225217,-25.26482081222523,1.2630964838813452
6.2e-06,0.0,0.0,-22.98751383273619,-22.9875138327362,1.2620864107235032
6.4e-06,0.0,0.0,-20.528873640716327,-20.528873640716338,1.2610771453010934
6.5999999999999995e-06,0.0,0.0,-17.908848711602865,-17.908848711602875,1.2600686869681856
6.799999999999999e-06,0.0,0.0,-15.148696432247846,-15.148696432247853,1.2590610350793665
7e-06,0.0,0.0,-12.270810597428035,-12.270810597428042,1.2580541889897388
7.2e-06,0.0,0.0,-9.298539690317593,-9.298539690317597,1.257048148054921
7.3999999999999995e-06,0.0,0.0,-6.255997421527658,-6.25599742152766,1.2560429116310465
7.6e-06,0.0,0.0,-3.1678670640911974,-3.1678670640911992,1.2550384790747642
7.8e-06,0.0,0.0,-0.0592011720705532,-0.059201172070554975,1.254034849743237
8e-06,0.0,0.0,0.0,0.0,1.253032022994142
8.2e-06,73.07211885275706,73.07211885275706,0.0,0.0,1.2593342883548782
8.4e-06,190.09264146639526,190.09264146639526,0.0,0.0,1.2846331774004913
8.599999999999999e-06,342.6099920712574,342.6099920712574,0.0,0.0,1.3368548455450784
8.8e-06,519.6360388654612,519.6360388654612,0.0,0.0,1.4219759163339987
9e-06,708.4297464710107,708.4297464710107,0.0,0.0,1.5435962659947144
9.2e-06,895.4055718002435,895.4055718002435,0.0,0.0,1.7026812868007217
9.4e-06,1067.1018396466122,1067.1018396466122,0.0,0.0,1.897491958647228
9.6e-06,1211.1400745225167,1211.1400745225167,0.0,0.0,2.1237076702125974
9.8e-06,1317.106925298703,1317.106925298703,0.0,0.0,2.374732993929063
9.999999999999999e-06,1377.295850910623,1377.295850910623,0.0,0.0,2.642166511747725
1.0199999999999999e-05,1387.2557434803603,1387.2557434803603,0.0,0.0,2.916398245284011
1.0399999999999999e-05,1807.2732523335844,1807.2732523335844,0.0,0.0,3.2333912290756617
1.06e-05,2145.8926708128943,2145.8926708128943,0.0,0.0,3.6259640792669727
1.08e-05,2378.7197376950317,2378.7197376950317,0.0,0.0,4.075344796567432
1.1e-05,2488.896484232076,2488.896484232076,0.0,0.0,4.558652819713631
1.12e-05,2468.3009565430875,2468.3009565430875,0.0,0.0,5.050528891106819
1.14e-05,2318.1241091511192,2318.1241091511192,0.0,0.0,5.5249412096359425
1.1599999999999999e-05,2048.782898358977,2048.782898358977,0.0,0.0,5.957039118255795
1.1799999999999999e-05,1679.175918194965,1679.175918194965,0.0,0.0,6.324922215377736
1.2e-05,1235.3347730383716,1235.3347730383716,0.0,0.0,6.6111988360804865
1.22e-05,748.5674310582237,748.5674310582237,0.0,0.0,6.804222887800594
1.24e-05,253.2259842225538,253.2259842225538,0.0,0.0,6.898920971784839
1.26e-05,0.0,0.0,-3.4485754695699367,-3.4485754695699375,6.897150939139876
1.28e-05,0.0,0.0,-23.7917775259015,-23.79177752590151,6.891635424594382
1.3e-05,0.0,0.0,-19.829738932963423,-19.82973893296343,6.886124320696266
1.3199999999999999e-05,0.0,0.0,-15.734845751388276,-15.73484575138828,6.88061762391842
1.3399999999999999e-05,0.0,0.0,-11.540302755043944,-11.540302755043948,6.875115330736558
1.3599999999999999e-05,0.0,0.0,-7.280122435371025,-7.280122435371025,6.869617437629212
1.38e-05,0.0,0.0,-2.988849021647445,-2.9888490216474413,6.864123941077729
1.4e-05,0.0,0.0,0.0,0.0,6.858634837566271
1.42e-05,54.595044913155846,54.595044913155846,0.0,0.0,6.858607445144503
1.44e-05,172.90647962411623,172.90647962411623,0.0,0.0,6.875863809096534
1.4599999999999999e-05,346.02431605107154,346.02431605107154,0.0,0.0,6.922237648081182
1.4799999999999999e-05,561.1230441039611,561.1230441039611,0.0,0.0,7.0073805368227235
1.4999999999999999e-05,802.3766014782575,802.3766014782575,0.0,0.0,7.1380723202381215
1.52e-05,1052.086969747943,1052.086969747943,0.0,0.0,7.31773635389109
1.5399999999999998e-05,830.7801038814785,830.7801038814785,0.0,0.0,7.500095928341139
1.56e-05,615.0528834496688,615.0528834496688,0.0,0.0,7.638623739207236
1.5799999999999998e-05,419.82737544489925,419.82737544489925,0.0,0.0,7.735961930828679
1.6e-05,258.54994568178364,258.54994568178364,0.0,0.0,7.797586243671548
1.62e-05,142.23344677957624,142.23344677957624,0.0,0.0,7.831412983226925
1.64e-05,78.67304476854525,78.67304476854525,0.0,0.0,7.8472321743187194
1.66e-05,71.89152825222578,71.89152825222578,0.0,0.0,7.856007335816743
1.68e-05,121.85357772197722,121.85357772197722,0.0,0.0,7.869091806757135
1.7e-05,224.46929665277833,224.46929665277833,0.0,0.0,7.897417490475718
1.7199999999999998e-05,371.8866875914828,371.8866875914828,0.0,0.0,7.950713836369407
1.74e-05,553.0521652490279,553.0521652490279,0.0,0.0,8.036812711034496
1.76e-05,754.499102023964,754.499102023964,0.0,0.0,8.1610886772065
1.78e-05,961.3081599716536,961.3081599716536,0.0,0.0,8.326074538119931
1.8e-05,1158.1709337708326,1158.1709337708326,0.0,0.0,8.531279505876581
1.82e-05,1330.481082339587,1330.481082339587,0.0,0.0,8.773222906522664
1.84e-05,1465.3751848835886,1465.3751848835886,0.0,0.0,9.045680971693695
1.8599999999999998e-05,1552.6491574883194,1552.6491574883194,0.0,0.0,9.340129081909446
1.88e-05,1585.484951073574,1585.484951073574,0.0,0.0,9.646347901972083
1.8999999999999998e-05,1560.9357862664567,1560.9357862664567,0.0,0.0,9.95315017647471
1.92e-05,1480.1353999367198,1480.1353999367198,0.0,0.0,10.249176364478647
1.94e-05,1348.2164538441366,1348.2164538441366,0.0,0.0,10.5237023983516
1.96e-05,1173.9439853562008,1173.9439853562008,0.0,0.0,10.767402000512089
1.98e-05,969.0900860083734,969.0900860083734,0.0,0.0,10.97300924315108
1.9999999999999998e-05,747.594428827633,747.594428827633,0.0,0.0,11.135834157274513
2.02e-05,524.5705164886979,524.5705164886979,0.0,0.0,11.254094680271129
2.0399999999999998e-05,776.39432028121,776.39432028121,0.0,0.0,11.375139470287897
2.06e-05,1023.0784573574515,1023.0784573574515,0.0,0.0,11.545918324933675
2.0799999999999997e-05,1246.259849646499,1246.259849646499,0.0,0.0,11.763528376953316
2.1e-05,1429.246082515013,1429.246082515013,0.0,0.0,12.021564932845548
2.12e-05,1558.2047412400918,1558.2047412400918,0.0,0.0,12.310577158384566
2.14e-05,1623.148667070738,1623.148667070738,0.0,0.0,12.618740772043477
2.16e-05,1618.6469658709395,1618.6469658709395,0.0,0.0,12.932699759125176
2.1799999999999998e-05,1544.211162004152,1544.211162004152,0.0,0.0,13.238517085174966
2.2e-05,1404.3290518447645,1404.3290518447645,0.0,0.0,13.522666633072559
2.2199999999999998e-05,1208.1439236870926,1208.1439236870926,0.0,0.0,13.772995665706233
2.24e-05,968.8020838275006,968.8020838275006,0.0,0.0,13.979589232498412
2.26e-05,702.5152611380375,702.5152611380375,0.0,0.0,14.135474941325437
2.28e-05,427.40477075887964,427.40477075887964,0.0,0.0,14.23711790737565
2.3e-05,162.2098551165086,162.2098551165086,0.0,0.0,14.284670654538424
2.3199999999999998e-05,0.0,0.0,-7.140980107907695,-7.140980107907698,14.281960215815397
2.34e-05,0.0,0.0,-10.738324290692466,-10.738324290692466,14.270539216042653
2.3599999999999998e-05,0.0,0.0,-7.937337892750721,-7.937337892750724,14.25912734941647
2.38e-05,0.0,0.0,-5.129870226915839,-5.129870226915839,14.24772460863325
2.4e-05,0.0,0.0,-2.338653554484475,-2.338653554484475,14.236330986395238
2.42e-05,0.0,0.0,0.0,0.0,14.224946475410515
2.44e-05,28.058105415966992,28.058105415966992,0.0,0.0,14.216375757059124
2.4599999999999998e-05,96.59310453025418,96.59310453025418,0.0,0.0,14.217467340814597
2.48e-05,199.78041786812037,199.78041786812037,0.0,0.0,14.235723416751409
2.4999999999999998e-05,329.32051593891634,329.32051593891634,0.0,0.0,14.277228329433639
2.52e-05,475.031106771553,475.031106771553,0.0,0.0,14.346214114727022
2.5399999999999997e-05,164.40754678373634,164.40754678373634,0.0,0.0,14.398660030424491
2.56e-05,0.0,0.0,-7.195791010443474,-7.195791010443477,14.391582020886956
2.58e-05,0.0,0.0,-13.543468366801074,-13.54346836680108,14.380073358735107
2.6e-05,0.0,0.0,-10.612322377293061,-10.612322377293069,14.368573899831679
2.62e-05,0.0,0.0,-7.65343885489454,-7.653438854894544,14.35708363681702
2.6399999999999998e-05,0.0,0.0,-4.6907787344752805,-4.690778734475284,14.345602562337358
2.66e-05,0.0,0.0,-1.7483330463589528,-1.748333046358951,14.334130669044805
2.6799999999999998e-05,0.0,0.0,0.0,0.0,14.322667949597347
2.7e-05,40.91541161755555,40.91541161755555,0.0,0.0,14.315304301858522
2.7199999999999997e-05,123.65860007665793,123.65860007665793,0.0,0.0,14.320307458323871
2.74e-05,241.38313145666876,241.38313145666876,0.0,0.0,14.345345370345736
2.76e-05,384.74400081798666,384.74400081798666,0.0,0.0,14.396461360880712
2.7799999999999998e-05,542.5643314647334,542.5643314647334,0.0,0.0,14.477642552543616
2.8e-05,702.6324710729168,702.6324710729168,0.0,0.0,14.590534961791647
2.8199999999999998e-05,852.5726513222598,852.5726513222598,0.0,0.0,14.734325529834514
2.84e-05,980.7271480636005,980.7271480636005,0.0,0.0,14.905799459777256
2.8599999999999997e-05,1076.9870734577473,1076.9870734577473,0.0,0.0,15.099568734651621
2.88e-05,1133.5126063495227,1133.5126063495227,0.0,0.0,15.308455492941311
2.9e-05,1145.2913595020095,1145.2913595020095,0.0,0.0,15.524002906166823
2.9199999999999998e-05,1110.4951288227667,1110.4951288227667,0.0,0.0,15.73707712298764
2.94e-05,1030.6096466971885,1030.6096466971885,0.0,0.0,15.938517362745346
2.9599999999999998e-05,910.3281438107808,910.3281438107808,0.0,0.0,16.119787819723154
2.98e-05,757.2163577783506,757.2163577783506,0.0,0.0,16.273584920785865
2.9999999999999997e-05,581.1729127096505,581.1729127096505,0.0,0.0,16.39435667119787
3.02e-05,393.7235710652181,393.7235710652181,0.0,0.0,16.478697098067652
3.04e-05,668.3655062472733,668.3655062472733,0.0,0.0,16.571685852618632
3.06e-05,923.1465332919188,923.1465332919188,0.0,0.0,16.717521373682033
3.0799999999999996e-05,1138.7926395730474,1138.7926395730474,0.0,0.0,16.91026417674836
3.1e-05,1298.8190804921987,1298.8190804921987,0.0,0.0,17.140405081051764
3.12e-05,1390.7047217312677,1390.7047217312677,0.0,0.0,17.39554308200889
3.14e-05,1406.7836563299122,1406.7836563299122,0.0,0.0,17.661269194904243
3.1599999999999996e-05,1344.7906203333055,1344.7906203333055,0.0,0.0,17.92219323759757
3.18e-05,1208.0214166207973,1208.0214166207973,0.0,0.0,18.1630403478588
3.2e-05,1005.0970011768761,1005.0970011768761,0.0,0.0,18.369739077868278
3.22e-05,749.3481330757916,749.3481330757916,0.0,0.0,18.530423526251898
3.24e-05,457.8645256550068,457.8645256550068,0.0,0.0,18.636278111469892
3.26e-05,150.2763353247646,150.2763353247646,0.0,0.0,18.682164820395123
3.28e-05,0.0,0.0,-9.333494140532514,-9.333494140532515,18.666988281065034
3.2999999999999996e-05,0.0,0.0,-16.632413574437898,-16.632413574437905,18.65206066148801
3.32e-05,0.0,0.0,-14.982132338499925,-14.982132338499929,18.637144979231724
3.34e-05,0.0,0.0,-13.285945808746954,-13.285945808746957,18.62224122475013
3.36e-05,0.0,0.0,-11.557556632193227,-11.557556632193231,18.60734938850483
3.38e-05,0.0,0.0,-9.810928446578698,-9.810928446578702,18.59246946096504
3.4e-05,0.0,0.0,-8.060172580121394,-8.060172580121398,18.57760143260761
3.42e-05,0.0,0.0,-6.3194335557420676,-6.319433555742071,18.562745293917
3.4399999999999996e-05,0.0,0.0,-4.602774328750874,-4.602774328750874,18.54790103538528
3.46e-05,0.0,0.0,-2.9240621891255305,-2.9240621891255305,18.53306864751212
3.48e-05,0.0,0.0,-1.296856254095724,-1.2968562540957222,18.51824812080479
3.5e-05,0.0,0.0,0.0,0.0,18.50343944577816
3.52e-05,16.081370232546448,16.081370232546448,0.0,0.0,18.490250106980312
3.54e-05,0.0,0.0,-9.218191373961517,-9.218191373961519,18.43638274792304
3.56e-05,0.0,0.0,-21.73834001430609,-21.738340014306097,18.421639539008268
3.5799999999999996e-05,0.0,0.0,-18.41563365831096,-18.41563365831097,18.406908119944685
3.6e-05,0.0,0.0,-15.018270948445966,-15.018270948445974,18.392188481304185
3.62e-05,0.0,0.0,-11.573758457018364,-11.57375845701837,18.377480613666197
3.64e-05,0.0,0.0,-8.109984683920842,-8.109984683920846,18.362784507617683
3.6599999999999995e-05,0.0,0.0,-4.6549937741896805,-4.654993774189682,18.348100153753133
3.68e-05,0.0,0.0,-1.2367579782451958,-1.236757978245194,18.333427542674563
3.7e-05,0.0,0.0,0.0,0.0,18.318766664991497
3.7199999999999996e-05,59.7764572307442,59.7764572307442,0.0,0.0,18.310092766941796
3.74e-05,166.84196697401052,166.84196697401052,0.0,0.0,18.318103330923126
3.76e-05,312.35277179933126,312.35277179933126,0.0,0.0,18.351355021459504
3.78e-05,484.71915686736935,484.71915686736935,0.0,0.0,18.416355130265483
3.7999999999999995e-05,670.4322197291178,670.4322197291178,0.0,0.0,18.51709688711818
3.82e-05,855.0272235255211,855.0272235255211,0.0,0.0,18.65477408305557
3.84e-05,1024.1148507403814,1024.1148507403814,0.0,0.0,18.827695302727847
3.8599999999999996e-05,1164.4068512835881,1164.4068512835881,0.0,0.0,19.031403833275842
3.88e-05,1264.6629947126278,1264.6629947126278,0.0,0.0,19.258994658478763
3.9e-05,1316.4918610104212,1316.4918610104212,0.0,0.0,19.501605903826146
3.92e-05,1314.948435523858,1314.948435523858,0.0,0.0,19.74904967124954
3.9399999999999995e-05,1258.8859669834435,1258.8859669834435,0.0,0.0,19.99053727672108
3.96e-05,1151.0370692091983,1151.0370692091983,0.0,0.0,20.215447186555036
3.98e-05,997.8183478205547,997.8183478205547,0.0,0.0,20.41408091701658
3.9999999999999996e-05,808.8725371689211,808.8725371689211,0.0,0.0,20.578353031935944
4.02e-05,596.3808355384579,596.3808355384579,0.0,0.0,20.702366081561284
4.04e-05,835.3603127029746,835.3603127029746,0.0,0.0,20.828927678881254
4.06e-05,1046.1346815927961,1046.1346815927961,0.0,0.0,21.000345469051663
4.0799999999999996e-05,1212.2995190260956,1212.2995190260956,0.0,0.0,21.20930502891437
4.1e-05,1320.6287793938966,1320.6287793938966,0.0,0.0,21.445535922375853
4.12e-05,1362.0168716422102,1362.0168716422102,0.0,0.0,21.696543655648256
4.14e-05,1332.1268861050703,1332.1268861050703,0.0,0.0,21.948500013955147
4.1599999999999995e-05,1231.6988423038404,1231.6988423038404,0.0,0.0,22.18722829547227
4.18e-05,1066.4960673565868,1066.4960673565868,0.0,0.0,22.399213209836194
4.2e-05,846.8936076985569,846.8936076985569,0.0,0.0,22.572563466671106
4.2199999999999996e-05,587.1380859438018,587.1380859438018,0.0,0.0,22.69785846726177
4.24e-05,304.3318221094048,304.3318221094048,0.0,0.0,22.768818787165323
4.26e-05,17.21367645501465,17.21367645501465,0.0,0.0,22.78275270842353
4.28e-05,0.0,0.0,-11.3703735151484,-11.370373515148403,22.74074703029681
4.2999999999999995e-05,0.0,0.0,-14.020532826964077,-14.02053282696408,22.72256170680197
4.32e-05,0.0,0.0,-11.957526480123649,-11.957526480123652,22.70439092574895
4.34e-05,0.0,0.0,-9.889666044025391,-9.889666044025395,22.686234675508445
4.3599999999999996e-05,0.0,0.0,-7.833655544007344,-7.833655544007348,22.668092944460458
4.38e-05,0.0,0.0,-5.806102513372922,-5.806102513372922,22.649965720994274
4.4e-05,0.0,0.0,-3.8233832506118635,-3.8233832506118635,22.631852993508474
4.42e-05,0.0,0.0,-1.901509956022613,-1.9015099560226094,22.613754750410905
4.4399999999999995e-05,0.0,0.0,-0.05600082567628206,-0.056000825676280286,22.595670980118694
4.46e-05,0.0,0.0,0.0,0.0,22.577601671058222
4.48e-05,40.231868791762594,40.231868791762594,0.0,0.0,22.563568389913012
4.4999999999999996e-05,103.25746249404105,103.25746249404105,0.0,0.0,22.559867948506227
4.52e-05,183.10958791028241,183.10958791028241,0.0,0.0,22.57045252535712
4.54e-05,0.0,0.0,-11.275929990530194,-11.275929990530198,22.5518599810604
4.56e-05,0.0,0.0,-20.025375836654845,-20.025375836654856,22.53382570678526
4.5799999999999995e-05,0.0,0.0,-17.74823583311442,-17.74823583311443,22.51580585416088
4.6e-05,0.0,0.0,-15.418498981004447,-15.418498981004454,22.497800411654556
4.62e-05,0.0,0.0,-13.054995811660236,-13.054995811660241,22.479809367742796
4.6399999999999996e-05,0.0,0.0,-10.67683041921746,-10.676830419217463,22.461832710911334
4.66e-05,0.0,0.0,-8.303225453001021,-8.303225453001026,22.443870429655107
4.68e-05,0.0,0.0,-5.953366151790428,-5.953366151790428,22.42592251247825
4.7e-05,0.0,0.0,-3.6462446854115864,-3.64624468541159,22.4079889478941
4.7199999999999995e-05,0.0,0.0,-1.4005060665808067,-1.4005060665808067,22.39006972442517
4.74e-05,0.0,0.0,0.0,0.0,22.372164830603158
4.76e-05,28.711422067131082,28.711422067131082,0.0,0.0,22.35714424917796
4.7799999999999996e-05,87.69186407387286,87.69186407387286,0.0,0.0,22.350901359548573
4.8e-05,171.27498631525197,171.27498631525197,0.0,0.0,22.358914118396306
4.82e-05,272.0379878712814,272.0379878712814,0.0,0.0,22.385347711083167
4.84e-05,381.33124651104066,381.33124651104066,0.0,0.0,22.43275739247997
4.8599999999999995e-05,489.895267640242,489.895267640242,0.0,0.0,22.50190617846672
4.88e-05,588.5209565592831,588.5209565592831,0.0,0.0,22.591710354273573
4.9e-05,668.7061508259656,668.7061508259656,0.0,0.0,22.699316654208705
4.9199999999999997e-05,723.2616266323273,723.2616266323273,0.0,0.0,22.820305583059625
4.9399999999999995e-05,746.8234043048512,746.8234043048512,0.0,0.0,22.94900636137557
4.96e-05,736.2348652237131,736.2348652237131,0.0,0.0,23.078901025373725
4.98e-05,690.7714783839467,690.7714783839467,0.0,0.0,23.203088863778827
4.9999999999999996e-05,612.1921571553264,612.1921571553264,0.0,0.0,23.314778080555023
5.02e-05,504.6136253581025,504.6136253581025,0.0,0.0,23.407769639718257
5.04e-05,835.3826024822931,835.3826024822931,0.0,0.0,23.522996955864066
5.06e-05,1118.093136182768,1118.093136182768,0.0,0.0,23.69945554872874
5.0799999999999995e-05,1331.0312234407345,1331.0312234407345,0.0,0.0,23.925318075241506
5.1e-05,1457.459415579777,1457.459415579777,0.0,0.0,24.184923042696386
5.12e-05,1486.8087561226869,1486.8087561226869,0.0,0.0,24.45989193387601
5.1399999999999996e-05,1415.4308609159255,1415.4308609159255,0.0,0.0,24.730439762901163
5.16e-05,1246.8566435442724,1246.8566435442724,0.0,0.0,24.97678562319275
5.18e-05,991.5433593540965,991.5433593540965,0.0,0.0,25.18056268415965
5.2e-05,666.128109806589,666.128109806589,0.0,0.0,25.326127155140004
5.2199999999999995e-05,292.24111622894196,292.24111622894196,0.0,0.0,25.401672957698427
5.24e-05,0.0,0.0,-12.700036357149347,-12.70003635714935,25.400072714298705
5.26e-05,0.0,0.0,-24.583317237169616,-24.583317237169624,25.379760780900625
5.2799999999999996e-05,0.0,0.0,-24.242486032708563,-24.242486032708577,25.359465090552042
5.3e-05,0.0,0.0,-23.807856689906657,-23.80785668990667,25.339185630263717
5.32e-05,0.0,0.0,-23.282875578435544,-23.28287557843555,25.318922387056787
5.34e-05,0.0,0.0,-22.67172211818307,-22.671722118183077,25.298675347962778
5.3599999999999995e-05,0.0,0.0,-21.979274851670063,-21.97927485167007,25.278444500023582
5.38e-05,0.0,0.0,-21.211071844967385,-21.211071844967393,25.258229830291455
5.4e-05,0.0,0.0,-20.37326573853823,-20.373265738538237,25.238031325829006
5.4199999999999996e-05,0.0,0.0,-19.47257381283034,-19.472573812830348,25.21784897370919
5.4399999999999994e-05,0.0,0.0,-18.516223473882043,-18.51622347388205,25.1976827610153
5.46e-05,0.0,0.0,-17.511893601355546,-17.51189360135556,25.177532674840958
5.48e-05,0.0,0.0,-16.467652234970437,-16.467652234970444,25.157398702290106
5.4999999999999995e-05,0.0,0.0,-15.391891105007234,-15.391891105007241,25.137280830477
5.52e-05,0.0,0.0,-43.26886729424137,-43.26886729424139,25.117179046526196
5.54e-05,0.0,0.0,-42.037942085163316,-42.03794208516334,25.097093337572556
5.5599999999999996e-05,0.0,0.0,-40.5677926643901,-40.56779266439012,25.077023690761223
5.5799999999999994e-05,0.0,0.0,-38.870271475928796,-38.87027147592882,25.056970093247617
5.6e-05,0.0,0.0,-36.95907551931417,-36.95907551931419,25.03693253219744
5.62e-05,0.0,0.0,-34.84963517416965,-34.84963517416966,25.016910994786645
5.6399999999999995e-05,0.0,0.0,-32.5589889637098,-32.558988963709815,24.99690546820145
5.66e-05,0.0,0.0,-30.10564527363178,-30.10564527363179,24.976915939638314
5.68e-05,0.0,0.0,-27.509432148655808,-27.50943214865582,24.956942396303937
5.6999999999999996e-05,0.0,0.0,-24.7913363856795,-24.791336385679507,24.936984825415248
5.7199999999999994e-05,0.0,0.0,-21.973333229322737,-21.973333229322744,24.917043214199403
5.74e-05,0.0,0.0,-19.078208051855732,-19.07820805185574,24.897117549893764
5.76e-05,0.0,0.0,-16.129371464503663,-16.12937146450367,24.87720781974591
5.7799999999999995e-05,0.0,0.0,-13.150669360380684,-13.15066936038069,24.857314011013603
5.8e-05,0.0,0.0,-10.166189430391722,-10.166189430391725,24.837436110964813
5.82e-05,0.0,0.0,-7.200065722019449,-7.200065722019449,24.817574106877675
5.8399999999999997e-05,0.0,0.0,-4.276282826754763,-4.276282826754766,24.797727986040506
5.8599999999999995e-05,0.0,0.0,-1.4184812849033932,-1.4184812849033896,24.77789773575179
5.88e-05,0.0,0.0,0.0,0.0,24.75808334332016
5.9e-05,42.72296245088563,42.72296245088563,0.0,0.0,24.74255538407429
5.9199999999999996e-05,124.05052049129739,124.05052049129739,0.0,0.0,24.739439934241183
5.94e-05,236.56364317526533,236.56364317526533,0.0,0.0,24.755703293316817
5.96e-05,370.61657076658963,370.61657076658963,0.0,0.0,24.796600393236382
5.98e-05,515.0250068721261,515.0250068721261,0.0,0.0,24.86529979092659
5.9999999999999995e-05,657.8637981384634,657.8637981384634,0.0,0.0,24.96265748851587
6.02e-05,787.3172312492438,787.3172312492438,0.0,0.0,25.087155666192757
6.04e-05,1353.6871569606762,1353.6871569606762,0.0,0.0,25.28110879922758
6.0599999999999996e-05,1853.6252821440767,1853.6252821440767,0.0,0.0,25.58149500161772
6.08e-05,2249.78517099304,2249.78517099304,0.0,0.0,25.971214962945613
6.1e-05,2512.2206099920927,2512.2206099920927,0.0,0.0,26.426456472469965
6.12e-05,2620.518336122845,2620.518336122845,0.0,0.0,26.918392427521468
6.14e-05,2565.250932533365,2565.250932533365,0.0,0.0,27.41523590305486
6.159999999999999e-05,2348.646506056122,2348.646506056122,0.0,0.0,27.88450575025249
6.18e-05,1984.427599211358,1984.427599211358,0.0,0.0,28.295341221990345
6.2e-05,1496.8310034096617,1496.8310034096617,0.0,0.0,28.620700665497456
6.22e-05,918.8785093993333,918.8785093993333,0.0,0.0,28.839287621463576
6.24e-05,290.0219961702481,290.0219961702481,0.0,0.0,28.937067130119903
6.26e-05,0.0,0.0,-14.45413213951949,-14.454132139519496,28.908264279038995
6.28e-05,0.0,0.0,-36.54584554834835,-36.545845548348375,28.885146914561556
6.3e-05,0.0,0.0,-34.06603754150683,-34.066037541506844,28.862048036581097
6.319999999999999e-05,0.0,0.0,-31.426990333403623,-31.426990333403637,28.83896763031434
6.34e-05,0.0,0.0,-28.65002604863748,-28.650026048637493,28.815905680989818
6.36e-05,0.0,0.0,-25.7575853567292,-25.75758535672921,28.792862173847883
6.379999999999999e-05,0.0,0.0,-22.773045372654053,-22.77304537265406,28.769837094140687
6.4e-05,0.0,0.0,-19.720529963964317,-19.720529963964324,28.746830427132178
6.42e-05,0.0,0.0,-16.624714003758363,-16.62471400375837,28.723842158098083
6.44e-05,0.0,0.0,-13.510623157835576,-13.51062315783558,28.700872272325913
6.46e-05,0.0,0.0,-10.403430830570946,-10.403430830570949,28.677920755114936
6.48e-05,0.0,0.0,-7.328253917056527,-7.328253917056527,28.65498759177618
6.5e-05,0.0,0.0,-4.3099490187019445,-4.3099490187019445,28.632072767632415
6.52e-05,0.0,0.0,-30.348520531783358,-30.34852053178337,28.609176268018153
6.539999999999999e-05,0.0,0.0,-27.398231746427463,-27.398231746427477,28.586298078279633
6.56e-05,0.0,0.0,-24.34169566427828,-24.34169566427829,28.56343818377481
6.58e-05,0.0,0.0,-21.203621307153995,-21.203621307154002,28.54059656987335
6.599999999999999e-05,0.0,0.0,-18.00937872971143,-18.009378729711436,28.517773221956617
6.62e-05,0.0,0.0,-14.78479316357357,-14.784793163573575,28.494968125417667
6.64e-05,0.0,0.0,-11.555935473393316,-11.555935473393319,28.472181265661234
6.659999999999999e-05,0.0,0.0,-8.348910625076186,-8.34891062507619,28.449412628103726
6.68e-05,0.0,0.0,-5.189645882471639,-5.189645882471641,28.426662198173215
6.7e-05,0.0,0.0,-2.103680451003907,-2.1036804510039087,28.403929961309423
6.72e-05,0.0,0.0,0.0,0.0,28.381215902963714
6.74e-05,36.947318992846476,36.947318992846476,0.0,0.0,28.362213263196537
6.76e-05,116.08419514232384,116.08419514232384,0.0,0.0,28.354829597465788
6.78e-05,229.91328308663532,229.91328308663532,0.0,0.0,28.36674071716283
6.8e-05,368.4602796573674,368.4602796573674,0.0,0.0,28.403869829218678
6.819999999999999e-05,519.9856282947765,519.9856282947765,0.0,0.0,28.469964886127755
6.84e-05,671.8218624135463,671.8218624135463,0.0,0.0,28.566331116797418
6.86e-05,811.2768872345634,811.2768872345634,0.0,0.0,28.691737764209826
6.879999999999999e-05,926.5388140255268,926.5388140255268,0.0,0.0,28.84250563697536
6.9e-05,1007.5178645600349,1007.5178645600349,0.0,0.0,29.012769194901164
6.92e-05,1046.5653627286058,1046.5653627286058,0.0,0.0,29.1948944521712
6.939999999999999e-05,1039.0186029573028,1039.0186029573028,0.0,0.0,29.3800228818062
6.96e-05,983.532805271928,983.532805271928,0.0,0.0,29.558702532463414
6.98e-05,882.1765485594879,882.1765485594879,0.0,0.0,29.721561362288657
7e-05,740.28393429794,740.28393429794,0.0,0.0,29.85997479611104
7.02e-05,566.0740708158705,566.0740708158705,0.0,0.0,29.966679934730085
7.04e-05,831.230864239928,831.230864239928,0.0,0.0,30.082390799941802
7.06e-05,1053.611289773772,1053.611289773772,0.0,0.0,30.246743361678526
7.08e-05,1215.386313264124,1215.386313264124,0.0,0.0,30.44936467876614
7.099999999999999e-05,1303.0487997585,1303.0487997585,0.0,0.0,30.67675774110046
7.12e-05,1308.3754703427462,1308.3754703427462,0.0,0.0,30.91326415935041
7.14e-05,1229.012095436643,1229.012095436643,0.0,0.0,31.142180737969422
7.159999999999999e-05,1068.6403063122941,1068.6403063122941,0.0,0.0,31.346950325718844
7.18e-05,836.714231377518,836.714231377518,0.0,0.0,31.51234206253253
7.2e-05,547.785822273306,547.785822273306,0.0,0.0,31.62553691630608
7.219999999999999e-05,220.4670420461801,220.4670420461801,0.0,0.0,31.677041171502907
7.24e-05,0.0,0.0,-15.830681404824466,-15.830681404824471,31.661362809648946
7.26e-05,0.0,0.0,-21.07731650730436,-21.077316507304367,31.63604384698629
7.28e-05,0.0,0.0,-20.682756360188208,-20.682756360188208,31.610745131394935
7.3e-05,0.0,0.0,-20.24864301234863,-20.248643012348637,31.585466646683702
7.319999999999999e-05,0.0,0.0,-19.778397045266885,-19.7783970452669,31.560208376674357
7.34e-05,0.0,0.0,-19.27573220087764,-19.27573220087765,31.534970305201607
7.36e-05,0.0,0.0,-18.744625242953973,-18.74462524295398,31.50975241611308
7.379999999999999e-05,0.0,0.0,-18.189283685200706,-18.189283685200714,31.484554693269327
7.4e-05,0.0,0.0,-17.614111647945542,-17.61411164794555,31.459377120543802
7.42e-05,0.0,0.0,-17.023674120495215,-17.023674120495222,31.434219681822857
7.439999999999999e-05,0.0,0.0,-16.4226599191525,-16.422659919152508,31.409082361005723
7.46e-05,0.0,0.0,-15.815843641465525,-15.815843641465529,31.383965142004516
7.48e-05,0.0,0.0,-15.20804692541787,-15.208046925417873,31.358868008744217
7.5e-05,0.0,0.0,-14.60409932789946,-14.604099327899464,31.333790945162654
7.52e-05,0.0,0.0,-42.98440889597732,-42.98440889597733,31.308733935210505
7.54e-05,0.0,0.0,-42.28423225020376,-42.28423225020378,31.28369696285128
7.56e-05,0.0,0.0,-41.367919598376915,-41.367919598376936,31.258680012061316
7.58e-05,0.0,0.0,-40.24280920110863,-40.24280920110864,31.23368306682976
7.599999999999999e-05,0.0,0.0,-38.91793330029458,-38.91793330029459,31.208706111158563
7.62e-05,0.0,0.0,-37.403944794799045,-37.40394479479906,31.183749129062473
7.64e-05,0.0,0.0,-35.71303076873788,-35.713030768737895,31.15881210456902
7.659999999999999e-05,0.0,0.0,-33.85881357426733,-33.858813574267344,31.133895021718505
7.68e-05,0.0,0.0,-31.856240271745456,-31.85624027174547,31.108997864563992
7.7e-05,0.0,0.0,-29.721461324575948,-29.721461324575962,31.084120617171298
7.719999999999999e-05,0.0,0.0,-27.47169953320425,-27.47169953320426,31.05926326361898
7.74e-05,0.0,0.0,-25.125110271906394,-25.125110271906408,31.034425787998334
7.76e-05,0.0,0.0,-22.70063416254997,-22.70063416254998,31.00960817441337
7.78e-05,0.0,0.0,-20.21784338084141,-20.217843380841416,30.98481040698081
7.8e-05,0.0,0.0,-17.69678284220765,-17.696782842207657,30.960032469830086
7.819999999999999e-05,0.0,0.0,-15.157807555973692,-15.157807555973697,30.935274347103313
7.84e-05,0.0,0.0,-12.621417467554908,-12.621417467554913,30.910536022955288
7.86e-05,0.0,0.0,-10.108091128731665,-10.108091128731665,30.885817481553484
7.879999999999999e-05,0.0,0.0,-7.638119545549617,-7.6381195455496185,30.86111870707803
7.9e-05,0.0,0.0,-5.231441551915015,-5.231441551915017,30.83643968372171
7.92e-05,0.0,0.0,-2.9074820445427996,-2.907482044542798,30.811780395689944
7.939999999999999e-05,0.0,0.0,-0.6849943916672476,-0.6849943916672494,30.787140827200787
7.96e-05,0.0,0.0,0.0,0.0,30.762520962484913
7.98e-05,38.29885956474794,38.29885956474794,0.0,0.0,30.741749140400234
7.999999999999999e-05,104.31702594663358,104.31702594663358,0.0,0.0,30.73142146071093
8.02e-05,191.34354159380086,191.34354159380086,0.0,0.0,30.736400388725198
8.04e-05,752.3340480830175,752.3340480830175,0.0,0.0,30.806151127086558
8.06e-05,1283.9545759917376,1283.9545759917376,0.0,0.0,30.985063503641744
8.08e-05,1746.2331841201863,1746.2331841201863,0.0,0.0,31.26318298105906
8.099999999999999e-05,2104.146086083463,2104.146086083463,0.0,0.0,31.623066408323677
8.12e-05,2330.1128408042828,2330.1128408042828,0.0,0.0,32.04102666378361
8.14e-05,2405.960541404614,2405.960541404614,0.0,0.0,32.48882206251398
8.159999999999999e-05,2324.2171467454,2324.2171467454,0.0,0.0,32.93567003449019
8.18e-05,2088.641939087654,2088.641939087654,0.0,0.0,33.350441498460306
8.2e-05,1713.9554772330885,1713.9554772330885,0.0,0.0,33.70387951168832
8.219999999999999e-05,1224.7884698381247,1224.7884698381247,0.0,0.0,33.97068408095838
8.24e-05,653.9246518099055,653.9246518099055,0.0,0.0,34.131314593653336
8.26e-05,39.96304169462661,39.96304169462661,0.0,0.0,34.1733814845725
8.28e-05,0.0,0.0,-17.04626402780094,-17.046264027800945,34.092528055601896
8.3e-05,0.0,0.0,-34.81468557884754,-34.81468557884755,34.06526493840429
8.319999999999999e-05,0.0,0.0,-32.12448430557751,-32.124484305577525,34.038023622979736
8.34e-05,0.0,0.0,-29.311800950742246,-29.31180095074226,34.01080409189379
8.36e-05,0.0,0.0,-26.399348746997447,-26.399348746997454,33.98360632772594
8.379999999999999e-05,0.0,0.0,-23.410649936167054,-23.41064993616706,33.95643031306962
8.4e-05,0.0,0.0,-20.36984490197146,-20.36984490197147,33.92927603053218
8.42e-05,0.0,0.0,-17.301496292112446,-17.301496292112454,33.90214346273487
8.439999999999999e-05,0.0,0.0,-14.230389719090775,-14.230389719090775,33.87503259231285
8.46e-05,0.0,0.0,-11.181332656851838,-11.181332656851842,33.84794340191516
8.48e-05,0.0,0.0,-8.178953164953674,-8.178953164953674,33.82087587420471
8.499999999999999e-05,0.0,0.0,-5.247500073311281,-5.247500073311281,33.79382999185828
8.52e-05,0.0,0.0,-31.386256004778666,-31.38625600477868,33.766805737566514
8.54e-05,0.0,0.0,-28.548654332999526,-28.54865433299954,33.739803094033874
8.56e-05,0.0,0.0,-25.616376736215898,-25.616376736215905,33.71282204397867
8.58e-05,0.0,0.0,-22.613107064667133,-22.61310706466714,33.685862570133025
8.599999999999999e-05,0.0,0.0,-19.563104673248873,-19.56310467324888,33.65892465524288
8.62e-05,0.0,0.0,-16.49100757936477,-16.491007579364776,33.63200828206795
8.64e-05,0.0,0.0,-13.421632553294472,-13.421632553294478,33.60511343338177
8.659999999999999e-05,0.0,0.0,-10.379773763117594,-10.379773763117598,33.57824009197162
8.68e-05,0.0,0.0,-7.390001607921596,-7.390001607921598,33.55138824063858
8.7e-05,0.0,0.0,-4.476463371454006,-4.476463371454004,33.52455786219745
8.719999999999999e-05,0.0,0.0,-1.662687313569652,-1.6626873135696538,33.49774893947678
8.74e-05,0.0,0.0,0.0,0.0,33.47096145531886
8.76e-05,36.7152026478858,36.7152026478858,0.0,0.0,33.44786544482359
8.779999999999999e-05,110.40609264613045,110.40609264613045,0.0,0.0,33.435824098535655
8.8e-05,213.6365820086026,213.6365820086026,0.0,0.0,33.44147744538357
8.82e-05,336.86207100056157,336.86207100056157,0.0,0.0,33.4697628145805
8.84e-05,469.11050567871956,469.11050567871956,0.0,0.0,33.52356274202579
8.86e-05,598.7650081982206,598.7650081982206,0.0,0.0,33.603499468529265
8.879999999999999e-05,714.3922838620267,714.3922838620267,0.0,0.0,33.70789064169121
8.9e-05,805.5577592341383,805.5577592341383,0.0,0.0,33.83286934200735
8.92e-05,863.56936452545,863.56936452545,0.0,0.0,33.972659842709426
8.939999999999999e-05,882.0969716084753,882.0969716084753,0.0,0.0,34.11998941661909
8.96e-05,857.6233721801177,857.6233721801177,0.0,0.0,34.2666068125063
8.98e-05,789.6946955863189,789.6946955863189,0.0,0.0,34.4038704283866
8.999999999999999e-05,680.9524657091167,680.9524657091167,0.0,0.0,34.52336425064453
9.02e-05,536.9450615190408,536.9450615190408,0.0,0.0,34.617497658603654
9.04e-05,826.8978837916418,826.8978837916418,0.0,0.0,34.72614449627277
9.059999999999999e-05,1066.5968351130925,1066.5968351130925,0.0,0.0,34.88764845098434
9.08e-05,1236.6768005249342,1236.6768005249342,0.0,0.0,35.08998476126324
9.099999999999999e-05,1322.7389561321347,1322.7389561321347,0.0,0.0,35.31776323772935
9.12e-05,1316.3761792996395,1316.3761792996395,0.0,0.0,35.55332631545126
9.14e-05,1215.7712370345605,1215.7712370345605,0.0,0.0,35.77800852314924
9.159999999999999e-05,1025.8252195934601,1025.8252195934601,0.0,0.0,35.973467578371434
9.18e-05,757.8071723643268,757.8071723643268,0.0,0.0,36.12299223364241
9.2e-05,428.5500022618492,428.5500022618492,0.0,0.0,36.21269367674087
9.219999999999999e-05,59.25006335648516,59.25006335648516,0.0,0.0,36.23249560758897
9.24e-05,0.0,0.0,-18.08842624018429,-18.088426240184294,36.176852480368595
9.26e-05,0.0,0.0,-23.31754359853022,-23.31754359853023,36.14792257034831
9.279999999999999e-05,0.0,0.0,-22.71218583024674,-22.712185830246746,36.11901579500216
9.3e-05,0.0,0.0,-22.069104539993482,-22.06910453999349,36.090132135829826
9.32e-05,0.0,0.0,-21.393401097950324,-21.39340109795033,36.06127157434575
9.34e-05,0.0,0.0,-20.69044152338784,-20.690441523387847,36.032434092079185
9.36e-05,0.0,0.0,-19.96581294099888,-19.965812940998887,36.003619670574125
9.379999999999999e-05,0.0,0.0,-19.22527824435307,-19.225278244353078,35.974828291389336
9.4e-05,0.0,0.0,-18.474729334355594,-18.474729334355594,35.946059936098344
9.42e-05,0.0,0.0,-17.720139312144255,-17.720139312144262,35.917314586289386
9.439999999999999e-05,0.0,0.0,-16.967514014333005,-16.967514014333005,35.888592223565446
9.46e-05,0.0,0.0,-16.222843283835978,-16.222843283835978,35.8598928295442
9.48e-05,0.0,0.0,-15.492052371642574,-15.492052371642577,35.83121638585804
9.499999999999999e-05,0.0,0.0,-14.780953863841466,-14.780953863841466,35.802562874154034
9.52e-05,0.0,0.0,-43.070810280018065,-43.07081028001809,35.77393227609394
9.54e-05,0.0,0.0,-42.297597226927046,-42.29759722692706,35.74532457335416
9.559999999999999e-05,0.0,0.0,-41.32624258205288,-41.32624258205289,35.716739747625766
9.58e-05,0.0,0.0,-40.16451627569013,-40.164516275690154,35.68817778061447
9.6e-05,0.0,0.0,-38.82173272060972,-38.82173272060973,35.659638654040606
9.62e-05,0.0,0.0,-37.30867520198221,-37.308675201982226,35.631122349639135
9.64e-05,0.0,0.0,-35.63750835145797,-35.63750835145798,35.602628849159615
9.659999999999999e-05,0.0,0.0,-33.82167941583471,-33.82167941583472,35.5741581343662
9.68e-05,0.0,0.0,-31.875809121641204,-31.87580912164122,35.545710187037635
9.7e-05,0.0,0.0,-29.815573021359626,-29.81557302135964,35.51728498896723
9.719999999999999e-05,0.0,0.0,-27.65757428421456,-27.65757428421457,35.48888252196286
9.74e-05,0.0,0.0,-25.419208963847893,-25.419208963847908,35.46050276784693
9.76e-05,0.0,0.0,-23.11852483621219,-23.118524836212195,35.43214570845641
9.779999999999999e-05,0.0,0.0,-20.774074953156607,-20.774074953156614,35.40381132564277
9.8e-05,0.0,0.0,-18.40476710002582,-18.404767100025825,35.375499601272004
9.82e-05,0.0,0.0,-16.02971037879599,-16.029710378795997,35.3472105172246
9.839999999999999e-05,0.0,0.0,-13.668060161564293,-13.668060161564298,35.318944055395555
9.86e-05,0.0,0.0,-11.338862672400186,-11.338862672400191,35.29070019769432
9.879999999999999e-05,0.0,0.0,-9.060900458551234,-9.060900458551236,35.26247892604482
9.9e-05,0.0,0.0,-6.852540004750004,-6.852540004750007,35.23428022238545
9.92e-05,0.0,0.0,-4.731582726949847,-4.731582726949846,35.20610406866903
9.939999999999999e-05,0.0,0.0,-2.7151205543683066,-2.715120554368305,35.177950446862816
9.96e-05,0.0,0.0,-0.8193972714604953,-0.8193972714604936,35.14981933894849
9.98e-05,0.0,0.0,0.0,0.0,35.12171072692214
9.999999999999999e-05,27.831233934733007,27.831233934733007,0.0,0.0,35.09640660338349
0.0001002,78.2636576178873,78.2636576178873,0.0,0.0,35.07894595151679
0.0001004,606.5851360999367,606.5851360999367,0.0,0.0,35.11935151190321
0.00010059999999999999,1111.5146514192902,1111.5146514192902,0.0,0.0,35.26300854663172
0.0001008,1554.7077529434464,1554.7077529434464,0.0,0.0,35.50132505362789
0.000101,1902.2268476634322,1902.2268476634322,0.0,0.0,35.81849058743215
0.0001012,2126.959155044996,2126.959155044996,0.0,0.0,36.1926047495682
0.0001014,2210.5477563274753,2210.5477563274753,0.0,0.0,36.59723950300441
0.00010159999999999999,2144.6982342301226,2144.6982342301226,0.0,0.0,37.00332387670828
0.0001018,1931.7679276841036,1931.7679276841036,0.0,0.0,37.38121667667835
0.000102,1584.5959706044994,1584.5959706044994,0.0,0.0,37.702819452055714
0.00010219999999999999,1125.5863976251812,1125.5863976251812,0.0,0.0,37.94357912944608
0.0001024,585.1098261179459,585.1098261179459,0.0,0.0,38.08423762511857
0.0001026,0.0,0.0,-19.05610190406847,-19.056101904068473,38.112203808136954
0.00010279999999999999,0.0,0.0,-37.2519196336119,-37.25191963361191,38.08172623611925
0.000103,0.0,0.0,-37.40849775745545,-37.408497757455464,38.05127303641024
0.0001032,0.0,0.0,-37.41593468713335,-37.415934687133365,38.02084418951986
0.00010339999999999999,0.0,0.0,-37.27405026181072,-37.274050261810736,37.99043967597367
0.0001036,0.0,0.0,-36.983875941307076,-36.98387594130709,37.96005947631275
0.00010379999999999999,0.0,0.0,-36.54764640778548,-36.54764640778549,37.92970357109379
0.000104,0.0,0.0,-35.96878140531186,-35.968781405311866,37.899371940889
0.0001042,0.0,0.0,-35.251857964866716,-35.25185796486673,37.86906456628613
0.00010439999999999999,0.0,0.0,-34.40257324039548,-34.4025732403955,37.838781427888456
0.0001046,0.0,0.0,-33.42769825765523,-33.427698257655244,37.80852250631477
0.0001048,0.0,0.0,-32.33502295133743,-32.33502295133744,37.778287782199364
0.00010499999999999999,0.0,0.0,-31.133292936619632,-31.133292936619647,37.748077236192
0.0001052,0.0,0.0,-58.80774828444818,-58.8077482844482,37.71789084895794
0.0001054,0.0,0.0,-57.2993543779533,-57.29935437795332,37.68772860117789
0.00010559999999999999,0.0,0.0,-55.47900058685927,-55.47900058685929,37.657590473548
0.0001058,0.0,0.0,-53.3613416573919,-53.36134165739192,37.627476446779866
0.000106,0.0,0.0,-50.96344425957092,-50.96344425957094,37.59738650160051
0.00010619999999999999,0.0,0.0,-48.304648458141976,-48.304648458142,37.56732061875237
0.0001064,0.0,0.0,-45.40641074171167,-45.40641074171169,37.53727877899327
0.00010659999999999999,0.0,0.0,-42.29212988411638,-42.29212988411639,37.507260963096435
0.0001068,0.0,0.0,-38.986957051315045,-38.98695705131506,37.477267151850455
0.000107,0.0,0.0,-35.517591694885475,-35.51759169488549,37.44729732605929
0.00010719999999999999,0.0,0.0,-31.912064888486462,-31.912064888486476,37.41735146654225
0.0001074,0.0,0.0,-28.199511865489306,-28.199511865489317,37.38742955413398
0.0001076,0.0,0.0,-24.409935603555347,-24.409935603555358,37.357531569684454
0.00010779999999999999,0.0,0.0,-20.573963374532216,-20.573963374532223,37.327657494058954
0.000108,0.0,0.0,-16.722598235070144,-16.72259823507015,37.297807308138076
0.0001082,0.0,0.0,-12.886967474360436,-12.886967474360441,37.26798099281769
0.00010839999999999999,0.0,0.0,-9.098070060037196,-9.098070060037198,37.23817852900896
0.0001086,0.0,0.0,-5.386525131362287,-5.386525131362285,37.2083998976383
0.00010879999999999999,0.0,0.0,-1.7823235802664055,-1.782323580266409,37.17864507964739
0.00010899999999999999,0.0,0.0,0.0,0.0,37.14891405599313
0.0001092,53.21989631754286,53.21989631754286,0.0,0.0,37.12452666933476
0.00010939999999999999,154.2163127894874,154.2163127894874,0.0,0.0,37.11557424987778
0.0001096,293.3621729717701,293.3621729717701,0.0,0.0,37.130633615307836
0.0001098,458.3068729106238,458.3068729106238,0.0,0.0,37.17607783531583
0.00010999999999999999,634.8574891396377,634.8574891396377,0.0,0.0,37.255621591750035
0.0001102,807.9910794955572,807.9910794955572,0.0,0.0,37.37005617750586
0.0001104,1424.0917238130282,1424.0917238130282,0.0,0.0,37.563291118918144
0.00011059999999999999,1975.462316940919,1975.462316940919,0.0,0.0,37.873071977754876
0.0001108,2420.2867255660003,2420.2867255660003,0.0,0.0,38.282184779302746
0.000111,2724.346853695113,2724.346853695113,0.0,0.0,38.76582893174444
0.00011119999999999999,2863.4599025639454,2863.4599025639454,0.0,0.0,39.29338592142908
0.0001114,2825.199930325494,2825.199930325494,0.0,0.0,39.83060230942568
0.00011159999999999999,2609.7811879782043,2609.7811879782043,0.0,0.0,40.34203136778516
0.0001118,2230.0404704541243,2230.0404704541243,0.0,0.0,40.793559297362336
0.000112,1710.5199433743219,1710.5199433743219,0.0,0.0,41.154835980633976
0.00011219999999999999,1085.7160090245598,1085.7160090245598,0.0,0.0,41.40143706665495
0.0001124,397.6191914192871,397.6191914192871,0.0,0.0,41.516603370524464
0.0001126,0.0,0.0,-20.746216863250737,-20.746216863250744,41.492433726501496
0.00011279999999999999,0.0,0.0,-41.28436941639192,-41.28436941639193,41.45925305179018
0.000113,0.0,0.0,-39.12918559493091,-39.129185594930924,41.426098911005056
0.0001132,0.0,0.0,-36.824647920140016,-36.82464792014003,41.39297128292748
0.00011339999999999999,0.0,0.0,-34.38932347360049,-34.389323473600506,41.35987014635577
0.0001136,0.0,0.0,-31.84284012980296,-31.842840129802966,41.32679548010518
0.0001138,0.0,0.0,-29.20572727964803,-29.205727279648045,41.29374726300794
0.00011399999999999999,0.0,0.0,-26.499249243378166,-26.499249243378173,41.26072547391317
0.0001142,0.0,0.0,-23.745232724721333,-23.74523272472134,41.22773009168693
0.00011439999999999999,0.0,0.0,-20.965889706340988,-20.965889706340995,41.19476109521217
0.0001146,0.0,0.0,-18.18363722363962,-18.18363722363963,41.161818463388734
0.0001148,0.0,0.0,-15.420915479255376,-15.42091547925538,41.12890217513333
0.00011499999999999999,0.0,0.0,-12.700005774018846,-12.70000577401885,41.09601220937952
0.0001152,0.0,0.0,-39.01845948768758,-39.01845948768759,41.06314854507774
0.0001154,0.0,0.0,-36.32822907745643,-36.32822907745644,41.03031116119523
0.00011559999999999999,0.0,0.0,-33.50977764106106,-33.50977764106108,40.99750003671606
0.0001158,0.0,0.0,-30.585842664718996,-30.58584266471901,40.96471515064112
0.000116,0.0,0.0,-27.580017027463985,-27.580017027463995,40.93195648198807
0.00011619999999999999,0.0,0.0,-24.51655755961631,-24.516557559616317,40.899224009791354
0.0001164,0.0,0.0,-21.420188218949715,-21.420188218949722,40.8665177131022
0.00011659999999999999,0.0,0.0,-18.315899481614608,-18.315899481614615,40.833837570988564
0.00011679999999999999,0.0,0.0,-15.228745575549624,-15.228745575549631,40.80118356253515
0.000117,0.0,0.0,-12.183641201579144,-12.183641201579148,40.7685556668434
0.00011719999999999999,0.0,0.0,-9.205159391510787,-9.205159391510788,40.73595386303145
0.0001174,0.0,0.0,-6.317332143281924,-6.317332143281924,40.70337813023414
0.0001176,0.0,0.0,-3.5434554506325693,-3.5434554506325693,40.67082844760301
0.00011779999999999999,0.0,0.0,-0.9059003090878779,-0.9059003090878708,40.638304794306244
0.000118,0.0,0.0,0.0,0.0,40.60580714952871
0.0001182,43.4631066481013,43.4631066481013,0.0,0.0,40.57768006530758
0.00011839999999999999,119.32082992732103,119.32082992732103,0.0,0.0,40.56150278582468
0.0001186,219.52206130775488,219.52206130775488,0.0,0.0,40.56293729891429
0.0001188,334.2788008556062,334.2788008556062,0.0,0.0,40.58585786706424
0.00011899999999999999,452.7645593210579,452.7645593210579,0.0,0.0,40.632075029923115
0.0001192,563.8866097396151,563.8866097396151,0.0,0.0,40.701206834083585
0.00011939999999999999,657.0770383741799,657.0770383741799,0.0,0.0,40.7907064335879
0.0001196,723.0462175109128,723.0462175109128,0.0,0.0,40.89604405897939
0.0001198,754.4450132713071,754.4450132713071,0.0,0.0,41.01103035229311
0.00011999999999999999,746.3885575657057,746.3885575657057,0.0,0.0,41.12825799403828
0.0001202,696.8042893772174,696.8042893772174,0.0,0.0,41.23963012348557
0.0001204,1067.745319064467,1067.745319064467,0.0,0.0,41.383036017873195
0.00012059999999999999,1368.7850110688048,1368.7850110688048,0.0,0.0,41.59349843710453
0.0001208,1575.7480565513029,1575.7480565513029,0.0,0.0,41.8545725154855
0.000121,1671.1703379806536,1671.1703379806536,0.0,0.0,42.145664260228415
0.00012119999999999999,1645.5424700223762,1645.5424700223762,0.0,0.0,42.44349987537448
0.0001214,1497.9861765416074,1497.9861765416074,0.0,0.0,42.723785825750426
0.0001216,1236.315430248755,1236.315430248755,0.0,0.0,42.96294129558093
0.00012179999999999999,876.4781363927668,876.4781363927668,0.0,0.0,43.13977956390129
0.000122,441.4182875402951,441.4182875402951,0.0,0.0,43.23701848707421
0.0001222,0.0,0.0,-21.62125624206121,-21.621256242061218,43.24251248412244
0.0001224,0.0,0.0,-31.64635021690161,-31.646350216901624,43.20793230620631
0.0001226,0.0,0.0,-32.4952395594773,-32.495239559477305,43.17337978137128
0.0001228,0.0,0.0,-33.255615209428434,-33.25561520942845,43.13885488750373
0.00012299999999999998,0.0,0.0,-33.921169950404426,-33.92116995040444,43.104357602507726
0.00012319999999999999,0.0,0.0,-34.48636616022684,-34.48636616022685,43.069887904305
0.0001234,0.0,0.0,-34.946480721518185,-34.9464807215182,43.03544577083494
0.0001236,0.0,0.0,-35.297643322759754,-35.29764332275977,43.00103118005458
0.0001238,0.0,0.0,-35.53686783918418,-35.53686783918419,42.966644109938585
0.000124,0.0,0.0,-35.662076539062504,-35.66207653906252,42.932284538479216
0.00012419999999999998,0.0,0.0,-35.672116919162995,-35.672116919163,42.89795244368635
0.0001244,0.0,0.0,-35.56677103296654,-35.56677103296656,42.86364780358744
0.0001246,0.0,0.0,-35.34675723613729,-35.3467572361373,42.82937059622751
0.0001248,0.0,0.0,-35.01372433527084,-35.01372433527085,42.79512079966916
0.000125,0.0,0.0,-34.570238187579385,-34.5702381875794,42.76089839199249
0.0001252,0.0,0.0,-62.99537061651809,-62.995370616518116,42.72670335129518
0.00012539999999999999,0.0,0.0,-62.22398031393331,-62.22398031393333,42.69253565569238
0.0001256,0.0,0.0,-61.12096105955195,-61.12096105955198,42.65839528331678
0.0001258,0.0,0.0,-59.69513175334297,-59.69513175334299,42.624282212318526
0.000126,0.0,0.0,-57.95793030800015,-57.95793030800017,42.590196420865254
0.0001262,0.0,0.0,-55.923320783697974,-55.923320783698,42.55613788714205
0.00012639999999999998,0.0,0.0,-53.60768002923162,-53.60768002923164,42.52210658935145
0.0001266,0.0,0.0,-51.029664749776295,-51.029664749776316,42.48810250571343
0.0001268,0.0,0.0,-48.21006008028693,-48.21006008028695,42.454125614465354
0.000127,0.0,0.0,-45.17161089358664,-45.17161089358666,42.42017589386202
0.0001272,0.0,0.0,-41.93883721224482,-41.93883721224484,42.386253322175605
0.0001274,0.0,0.0,-38.53783522228586,-38.53783522228587,42.35235787769565
0.00012759999999999998,0.0,0.0,-34.99606550355244,-34.99606550355245,42.31848953872908
0.0001278,0.0,0.0,-31.342130195225927,-31.34213019522594,42.28464828360015
0.000128,0.0,0.0,-27.605540904738618,-27.60554090473863,42.25083409065045
0.0001282,0.0,0.0,-23.81647924337235,-23.816479243372356,42.217046938238894
0.0001284,0.0,0.0,-20.00555193161533,-20.005551931615337,42.1832868047417
0.00012859999999999998,0.0,0.0,-16.203542461359923,-16.20354246135993,42.14955366855238
0.0001288,0.0,0.0,-12.44116132991189,-12.441161329911894,42.11584750808172
0.000129,0.0,0.0,-8.748796872320076,-8.748796872320076,42.08216830175778
0.0001292,0.0,0.0,-5.156268713631764,-5.156268713631764,42.048516028025865
0.0001294,0.0,0.0,-1.6925858413729635,-1.6925858413729635,42.01489066534852
0.0001296,0.0,0.0,0.0,0.0,41.981292192205494
0.00012979999999999998,50.6511077109937,50.6511077109937,0.0,0.0,41.952783672630666
0.00013,146.23306481416466,146.23306481416466,0.0,0.0,41.93891541025003
0.0001302,277.1939640330152,277.1939640330152,0.0,0.0,41.94770346558442
0.0001304,892.622456901081,892.622456901081,0.0,0.0,42.03109358885605
0.0001306,1484.5674854588121,1484.5674854588121,0.0,0.0,42.23510610321521
0.00013079999999999998,2008.0192562530053,2008.0192562530053,0.0,0.0,42.55045055472322
0.00013099999999999999,2422.854613018305,2422.854613018305,0.0,0.0,42.959334027817334
0.0001312,2696.6957766291694,2696.6957766291694,0.0,0.0,43.43673064091459
0.0001314,2807.2164779704167,2807.2164779704167,0.0,0.0,43.95216630759514
0.0001316,2743.731264644106,2743.731264644106,0.0,0.0,44.47189145875006
0.0001318,2507.9548830449,2507.9548830449,0.0,0.0,44.96128680221457
0.00013199999999999998,2113.8778062481824,2113.8778062481824,0.0,0.0,45.38733062417332
0.0001322,1586.766976961042,1586.766976961042,0.0,0.0,45.72095178952876
0.0001324,961.3631730995094,961.3631730995094,0.0,0.0,45.93910078350561
0.0001326,279.4036390700215,279.4036390700215,0.0,0.0,46.026391267902
0.0001328,0.0,0.0,-22.988097632642205,-22.988097632642212,45.97619526528443
0.000133,0.0,0.0,-40.08433581256175,-40.08433581256176,45.93942901557209
0.00013319999999999999,0.0,0.0,-37.67659370667684,-37.67659370667685,45.90269216709902
0.0001334,0.0,0.0,-35.14945127643416,-35.14945127643417,45.865984696353635
0.0001336,0.0,0.0,-32.52326645250514,-32.523266452505155,45.829306579843156
0.0001338,0.0,0.0,-29.81920036875254,-29.819200368752547,45.79265779409358
0.000134,0.0,0.0,-27.059045651904675,-27.059045651904682,45.75603831564968
0.00013419999999999998,0.0,0.0,-24.265049591797343,-24.26504959179735,45.71944812107499
0.0001344,0.0,0.0,-21.45973362701458,-21.459733627014586,45.68288718695178
0.0001346,0.0,0.0,-18.665710610619797,-18.665710610619797,45.646355489881046
0.0001348,0.0,0.0,-15.905501338644216,-15.90550133864422,45.6098530064825
0.000135,0.0,0.0,-13.201351829945112,-13.201351829945112,45.57337971339455
0.0001352,0.0,0.0,-39.550662596011456,-39.55066259601147,45.536935587274286
0.00013539999999999998,0.0,0.0,-36.90512086634684,-36.905120866346856,45.50052060479746
0.0001356,0.0,0.0,-34.14481230626983,-34.14481230626984,45.46413474265847
0.0001358,0.0,0.0,-31.29198782987156,-31.291987829871573,45.42777797757038
0.000136,0.0,0.0,-28.3696485547962,-28.369648554796214,45.39145028626484
0.0001362,0.0,0.0,-25.4013591645133,-25.40135916451331,45.355151645492136
0.00013639999999999998,0.0,0.0,-22.411056702646526,-22.411056702646533,45.31888203202113
0.00013659999999999999,0.0,0.0,-19.42285635081554,-19.422856350815547,45.282641422639266
0.0001368,0.0,0.0,-16.460855765884304,-16.46085576588431,45.24642979415255
0.000137,0.0,0.0,-13.54893956415894,-13.548939564158944,45.21024712338553
0.0001372,0.0,0.0,-10.71058553884738,-10.71058553884738,45.1740933871813
0.0001374,0.0,0.0,-7.96867418299158,-7.968674182991584,45.13796856240147
0.00013759999999999998,0.0,0.0,-5.345303063225975,-5.345303063225977,45.101872625926134
0.0001378,0.0,0.0,-2.861607550320988,-2.86160755032099,45.0658055546539
0.000138,0.0,0.0,-0.5375893608581066,-0.5375893608581013,45.02976732550184
0.0001382,0.0,0.0,0.0,0.0,44.993757915405475
0.0001384,41.19487532437313,41.19487532437313,0.0,0.0,44.96189514171507
0.00013859999999999998,109.18706042576838,109.18706042576838,0.0,0.0,44.94097218835806
0.00013879999999999999,196.20502702644825,196.20502702644825,0.0,0.0,44.93556078391438
0.000139,293.12057077522735,293.12057077522735,0.0,0.0,44.94853970349959
0.0001392,390.1001582424071,390.1001582424071,0.0,0.0,44.98089000451815
0.0001394,477.3063915258902,477.3063915258902,0.0,0.0,45.031625653231885
0.0001396,545.5995901690874,545.5995901690874,0.0,0.0,45.09786445535795
0.00013979999999999998,587.1894929893608,587.1894929893608,0.0,0.0,45.17503420420997
0.00014,596.1906483098442,596.1906483098442,0.0,0.0,45.25719932492824
0.0001402,569.0419350567086,569.0419350567086,0.0,0.0,45.337484709651065
0.0001404,965.9261655150344,965.9261655150344,0.0,0.0,45.4546646599604
0.0001406,1294.298086355611,1294.298086355611,0.0,0.0,45.64424752027537
0.0001408,1527.7665354550682,1527.7665354550682,0.0,0.0,45.88984034730941
0.00014099999999999998,1646.7122857361087,1646.7122857361087,0.0,0.0,46.170464107646545
0.0001412,1639.6852006414013,1639.6852006414013,0.0,0.0,46.46205085030111
0.0001414,1504.218914893961,1504.218914893961,0.0,0.0,46.73916077720365
0.0001416,1247.0051144837585,1247.0051144837585,0.0,0.0,46.976796797111696
0.0001418,883.4151401507991,883.4151401507991,0.0,0.0,47.15218722896472
0.00014199999999999998,436.403153499923,436.403153499923,0.0,0.0,47.246409619590366
0.0001422,0.0,0.0,-23.622869996011296,-23.622869996011303,47.245739992022614
0.0001424,0.0,0.0,-33.484231879226925,-33.48423187922693,47.207958512620756
0.0001426,0.0,0.0,-34.744743238335545,-34.74474323833555,47.17020724631718
0.0001428,0.0,0.0,-35.914694909649356,-35.91469490964936,47.132486168951075
0.000143,0.0,0.0,-36.98444366794687,-36.984443667946884,47.09479525638094
0.00014319999999999998,0.0,0.0,-37.94515964059251,-37.945159640592514,47.05713448448459
0.0001434,0.0,0.0,-38.7888979287381,-38.788897928738116,47.019503829159135
0.0001436,0.0,0.0,-39.50866304655385,-39.508663046553856,46.98190326632094
0.0001438,0.0,0.0,-40.09846565583641,-40.09846565583642,46.94433277190565
0.000144,0.0,0.0,-40.55337113586585,-40.553371135865866,46.90679232186814
0.00014419999999999998,0.0,0.0,-40.8695395946392,-40.869539594639214,46.86928189218252
0.00014439999999999999,0.0,0.0,-41.04425699705787,-41.044256997057886,46.83180145884211
0.0001446,0.0,0.0,-41.0759571577272,-41.07595715772722,46.794350997859425
0.0001448,0.0,0.0,-40.96423442015178,-40.9642344201518,46.756930485266174
0.000145,0.0,0.0,-40.70984691968101,-40.70984691968103,46.71953989711322
0.0001452,0.0,0.0,-69.2903201600574,-69.29032016005743,46.68217920947059
0.00014539999999999998,0.0,0.0,-68.63924045524584,-68.63924045524587,46.64484839842743
0.0001456,0.0,0.0,-67.62051346567402,-67.62051346567405,46.60754744009202
0.0001458,0.0,0.0,-66.24226224076422,-66.24226224076425,46.570276310591744
0.000146,0.0,0.0,-64.5155267500715,-64.51552675007153,46.533034986073076
0.0001462,0.0,0.0,-62.45417423948838,-62.45417423948841,46.495823442701564
0.00014639999999999998,0.0,0.0,-60.074786650548965,-60.074786650548994,46.45864165666182
0.00014659999999999999,0.0,0.0,-57.39652601681325,-57.396526016813276,46.421489604157486
0.0001468,0.0,0.0,-54.44097892997322,-54.44097892997324,46.384367261411256
0.000147,0.0,0.0,-51.2319813381128,-51.231981338112824,46.347274604664825
0.0001472,0.0,0.0,-47.7954250980985,-47.79542509809852,46.31021161017889
0.0001474,0.0,0.0,-44.159047852080086,-44.15904785208011,46.27317825423312
0.00014759999999999998,0.0,0.0,-40.35220793334284,-40.352207933342854,46.23617451312618
0.0001478,0.0,0.0,-36.40564612817478,-36.405646128174794,46.199200363175656
0.000148,0.0,0.0,-32.35123622701221,-32.35123622701222,46.1622557807181
0.0001482,0.0,0.0,-28.221726389037464,-28.221726389037478,46.12534074210897
0.0001484,0.0,0.0,-24.050473418888608,-24.050473418888622,46.08845522372263
0.00014859999999999998,0.0,0.0,-19.871172111597346,-19.871172111597357,46.051599201952364
0.00014879999999999998,0.0,0.0,-15.71758186183266,-15.717581861832663,46.0147726532103
0.000149,0.0,0.0,-11.62325275567035,-11.623252755670354,45.97797555392744
0.0001492,0.0,0.0,-7.621253367253294,-7.621253367253294,45.94120788055365
0.0001494,0.0,0.0,-3.743902468820199,-3.7439024688201936,45.9044696095576
0.0001496,0.0,0.0,-0.022506830776245934,-0.02250683077624771,45.867760717426805
0.00014979999999999998,0.0,0.0,0.0,0.0,45.83108118066757
0.00015,82.50527644477961,82.50527644477961,0.0,0.0,45.802678204557964
0.0001502,210.80774839788984,210.80774839788984,0.0,0.0,45.795370287645355
0.0001504,833.9342565449194,833.9342565449194,0.0,0.0,45.86318106759754
0.0001506,1443.1330824091144,1443.1330824091144,0.0,0.0,46.05412088071361
0.0001508,1991.9121926653684,1991.9121926653684,0.0,0.0,46.36065949607035
0.00015099999999999998,2438.0904411697397,2438.0904411697397,0.0,0.0,46.7664089320826
0.0001512,2746.8031445667384,2746.8031445667384,0.0,0.0,47.24729280995943
0.0001514,2892.9855838383687,2892.9855838383687,0.0,0.0,47.773263460291844
0.0001516,2863.157565892455,2863.157565892455,0.0,0.0,48.31044429216394
0.0001518,2656.3820281138865,2656.3820281138865,0.0,0.0,48.82354465598532
0.00015199999999999998,2284.3295581032453,2284.3295581032453,0.0,0.0,49.27837504672595
0.00015219999999999999,1770.4444319015497,1770.4444319015497,0.0,0.0,49.6442833823548
0.0001524,1148.2718040493546,1148.2718040493546,0.0,0.0,49.89633875709411
0.0001526,459.0654487717017,459.0654487717017,0.0,0.0,50.017107104031766
0.0001528,0.0,0.0,-24.998946159331872,-24.99894615933188,49.997892318663766
0.000153,0.0,0.0,-42.03198751359588,-42.0319875135959,49.957909997737204
0.00015319999999999998,0.0,0.0,-40.189649752158175,-40.18964975215819,49.917959649878156
0.0001534,0.0,0.0,-38.22379841035144,-38.223798410351456,49.8780412495184
0.0001536,0.0,0.0,-36.15022446155848,-36.150224461558494,49.83815477111015
0.0001538,0.0,0.0,-33.98559263076964,-33.98559263076965,49.79830018912605
0.000154,0.0,0.0,-31.74730616410691,-31.747306164106924,49.75847747805918
0.00015419999999999998,0.0,0.0,-29.453365609654632,-29.45336560965464,49.718686612422985
0.00015439999999999999,0.0,0.0,-27.122222755523246,-27.122222755523254,49.67892756675131
0.0001546,0.0,0.0,-24.77263091033624,-24.772630910336247,49.63920031559837
0.0001548,0.0,0.0,-22.423492740977295,-22.423492740977302,49.59950483353872
0.000155,0.0,0.0,-20.093706902224213,-20.09370690222422,49.559841095167236
0.0001552,0.0,0.0,-46.777624458765786,-46.7776244587658,49.52020907509913
0.00015539999999999998,0.0,0.0,-44.42420584498573,-44.42420584498575,49.4806087479699
0.0001556,0.0,0.0,-41.911154698730385,-41.9111546987304,49.44104008843534
0.0001558,0.0,0.0,-39.258703992425886,-39.2587039924259,49.40150307117149
0.000156,0.0,0.0,-36.488217351540946,-36.48821735154095,49.36199767087467
0.0001562,0.0,0.0,-33.62201569336949,-33.622015693369505,49.32252386226142
0.00015639999999999998,0.0,0.0,-30.68319610305401,-30.683196103054016,49.28308162006849
0.00015659999999999998,0.0,0.0,-27.695444416586298,-27.695444416586305,49.24367091905284
0.0001568,0.0,0.0,-24.682843031545147,-24.682843031545154,49.20429173399162
0.000157,0.0,0.0,-21.66967550501301,-21.669675505013018,49.16494403968215
0.0001572,0.0,0.0,-18.680229524142945,-18.680229524142952,49.1256278109419
0.0001574,0.0,0.0,-15.738599848012202,-15.738599848012207,49.08634302260848
0.00015759999999999998,0.0,0.0,-12.868492819592658,-12.868492819592664,49.04708964953962
0.0001578,0.0,0.0,-10.093034033890413,-10.093034033890419,49.00786766661316
0.000158,0.0,0.0,-7.434580722660547,-7.434580722660551,48.968677048727024
0.0001582,0.0,0.0,-4.914540377797401,-4.914540377797401,48.929517770799215
0.0001584,0.0,0.0,-2.5531970848459498,-2.5531970848459498,48.89038980776779
0.0001586,0.0,0.0,-0.3695469754883973,-0.3695469754883902,48.85129313459085
0.00015879999999999998,0.0,0.0,0.0,0.0,48.81222772624651
0.000159,39.989291122741406,39.989291122741406,0.0,0.0,48.77719088791313
0.0001592,103.98357328819549,103.98357328819549,0.0,0.0,48.75257626749207
0.0001594,184.25077816876467,184.25077816876467,0.0,0.0,48.74240171144619
0.0001596,271.8990911805662,271.8990911805662,0.0,0.0,48.7490201296447
0.00015979999999999998,357.511452072185,357.511452072185,0.0,0.0,48.772952394960136
0.00015999999999999999,431.8173433387855,431.8173433387855,0.0,0.0,48.81285095316199
0.0001602,486.35398387649633,486.35398387649633,0.0,0.0,48.86559670681953
0.0001604,975.2356279901037,975.2356279901037,0.0,0.0,48.972620381171
0.0001606,1399.114341409159,1399.114341409159,0.0,0.0,49.170798010754154
0.0001608,1724.5471520014128,1724.5471520014128,0.0,0.0,49.44371835354949
0.00016099999999999998,1925.1165322162892,1925.1165322162892,0.0,0.0,49.76899963477593
0.0001612,1983.3120140364692,1983.3120140364692,0.0,0.0,50.11988693477339
0.0001614,1891.7766298316053,1891.7766298316053,0.0,0.0,50.46716097999429
0.0001616,1653.8294961174454,1653.8294961174454,0.0,0.0,50.78122223930148
0.0001618,1283.2274618802442,1283.2274618802442,0.0,0.0,51.034201765499326
0.00016199999999999998,803.1829785009754,803.1829785009754,0.0,0.0,51.20194834949145
0.00016219999999999999,244.70834880417834,244.70834880417834,0.0,0.0,51.26575040272108
0.0001624,0.0,0.0,-25.606834959817903,-25.60683495981791,51.21366991963583
0.0001626,0.0,0.0,-37.86679271872753,-37.866792718727545,51.17271536552176
0.0001628,0.0,0.0,-37.90149951663478,-37.90149951663479,51.13179356195077
0.000163,0.0,0.0,-37.83613652572847,-37.836136525728485,51.090904482732896
0.00016319999999999998,0.0,0.0,-37.67107061454217,-37.67107061454218,51.05004810169912
0.0001634,0.0,0.0,-37.40747771413619,-37.40747771413621,51.009224392701356
0.0001636,0.0,0.0,-37.04733325739193,-37.04733325739194,50.96843332961243
0.0001638,0.0,0.0,-36.59339613178753,-36.59339613178754,50.92767488632605
0.000164,0.0,0.0,-36.049186276012314,-36.04918627601233,50.88694903675682
0.00016419999999999998,0.0,0.0,-35.41895610234382,-35.418956102343834,50.84625575484018
0.00016439999999999998,0.0,0.0,-34.70765597680234,-34.70765597680236,50.80559501453243
0.0001646,0.0,0.0,-33.92089403730408,-33.920894037304095,50.76496678981069
0.0001648,0.0,0.0,-33.0648906759656,-33.064890675965614,50.7243710546729
0.000165,0.0,0.0,-32.14642805499714,-32.146428054997145,50.68380778313777
0.0001652,0.0,0.0,-60.14840482200536,-60.14840482200539,50.64327694924482
0.00016539999999999998,0.0,0.0,-59.00908597270003,-59.009085972700056,50.6027785270543
0.0001656,0.0,0.0,-57.59632344358501,-57.59632344358503,50.562312490647216
0.0001658,0.0,0.0,-55.92142215423148,-55.9214221542315,50.52187881412531
0.000166,0.0,0.0,-53.99781374093751,-53.99781374093754,50.481477471611015
0.0001662,0.0,0.0,-51.840947527390526,-51.84094752739055,50.44110843724747
0.00016639999999999998,0.0,0.0,-49.46816512749424,-49.46816512749426,50.40077168519849
0.00016659999999999998,0.0,0.0,-46.898559698167254,-46.89855969816727,50.36046718964855
0.0001668,0.0,0.0,-44.15282098443819,-44.152820984438215,50.32019492480277
0.000167,0.0,0.0,-41.253067414408534,-41.25306741440855,50.279954864886896
0.0001672,0.0,0.0,-38.222666606694354,-38.22266660669437,50.23974698414728
0.0001674,0.0,0.0,-35.08604574694052,-35.086045746940535,50.19957125685088
0.00016759999999999998,0.0,0.0,-31.868493372162334,-31.868493372162348,50.15942765728523
0.00016779999999999999,0.0,0.0,-28.595954171344914,-28.595954171344925,50.11931615975841
0.000168,0.0,0.0,-25.294818467353842,-25.294818467353853,50.07923673859907
0.0001682,0.0,0.0,-21.991708088323335,-21.991708088323346,50.03918936815637
0.0001684,0.0,0.0,-18.71326036594041,-18.71326036594042,49.99917402279999
0.0001686,0.0,0.0,-15.485912013198806,-15.485912013198812,49.9591906769201
0.00016879999999999998,0.0,0.0,-12.335684635131553,-12.335684635131559,49.91923930492736
0.000169,0.0,0.0,-9.287973612739343,-9.287973612739348,49.87931988125288
0.0001692,0.0,0.0,-6.367342072920996,-6.367342072920996,49.83943238034824
0.0001694,0.0,0.0,-3.597321615905466,-3.597321615905466,49.79957677668543
0.0001696,0.0,0.0,-1.0002214168172507,-1.0002214168172507,49.75975304475685
0.00016979999999999998,0.0,0.0,0.0,0.0,49.71996115907532
0.00016999999999999999,39.84036035603674,39.84036035603674,0.0,0.0,49.6841835372324
0.0001702,110.23847484784363,110.23847484784363,0.0,0.0,49.659453965751595
0.0001704,664.1105375902818,664.1105375902818,0.0,0.0,49.69714622691834
0.0001706,1197.4057080919868,1197.4057080919868,0.0,0.0,49.84348160035566
0.0001708,1668.8092114210685,1668.8092114210685,0.0,0.0,50.0901296478077
0.00017099999999999998,2041.4245222641716,2041.4245222641716,0.0,0.0,50.42094858988115
0.0001712,2285.4023539238237,2285.4023539238237,0.0,0.0,50.8131376430068
0.0001714,2380.0668432467587,2380.0668432467587,0.0,0.0,51.23886376216179
0.0001716,2315.38752491707,2315.38752491707,0.0,0.0,51.6672467547714
0.0001718,2092.6923440674923,2092.6923440674923,0.0,0.0,52.06656121848056
0.00017199999999999998,1724.5710661170258,1724.5710661170258,0.0,0.0,52.40649833567735
0.00017219999999999998,1233.9761493829744,1233.9761493829744,0.0,0.0,52.660326327362135
0.0001724,652.5853361454051,652.5853361454051,0.0,0.0,52.80679562713318
0.0001726,18.54281600183384,18.54281600183384,0.0,0.0,52.8316530628719
0.0001728,0.0,0.0,-26.364328613889768,-26.364328613889775,52.72865722777956
0.000173,0.0,0.0,-37.47120944038329,-37.471209440383305,52.68649116842108
0.00017319999999999998,0.0,0.0,-35.39823340468029,-35.398233404680305,52.64435882842234
0.00017339999999999999,0.0,0.0,-33.25168567255365,-33.25168567255366,52.60226018081865
0.0001736,0.0,0.0,-31.048813235022223,-31.04881323502223,52.560195198666854
0.0001738,0.0,0.0,-28.807319789907204,-28.80731978990721,52.518163855045366
0.000174,0.0,0.0,-26.54522209180425,-26.545222091804256,52.47616612305413
0.00017419999999999998,0.0,0.0,-24.280703765568823,-24.28070376556883,52.43420197581458
0.00017439999999999998,0.0,0.0,-22.031967769459364,-22.03196776945937,52.392271386469666
0.0001746,0.0,0.0,-19.817088705010313,-19.81708870501032,52.350374328183804
0.0001748,0.0,0.0,-17.6538661719212,-17.6538661719212,52.308510774142874
0.000175,0.0,0.0,-15.559680357740346,-15.55968035774035,52.26668069755419
0.0001752,0.0,0.0,-42.52696079005812,-42.52696079005813,52.224884071646514
0.00017539999999999998,0.0,0.0,-40.50235889647111,-40.50235889647112,52.183120869669985
0.00017559999999999999,0.0,0.0,-38.360900581882376,-38.36090058188239,52.141391064896155
0.0001758,0.0,0.0,-36.119794094351505,-36.11979409435152,52.09969463061795
0.000176,0.0,0.0,-33.79705589307323,-33.79705589307324,52.058031540149635
0.0001762,0.0,0.0,-31.411364452208012,-31.411364452208026,52.016401766826846
0.0001764,0.0,0.0,-28.981908697018433,-28.98190869701844,51.974805284006514
0.00017659999999999998,0.0,0.0,-26.528232302154052,-26.52823230215406,51.933242065066885
0.0001768,0.0,0.0,-24.070075115470164,-24.07007511547017,51.89171208340749
0.000177,0.0,0.0,-21.62721299405673,-21.62721299405674,51.850215312449144
0.0001772,0.0,0.0,-19.219297352005277,-19.219297352005285,51.80875172563391
0.0001774,0.0,0.0,-16.865695721748576,-16.86569572174858,51.76732129642509
0.00017759999999999998,0.0,0.0,-14.58533462255265,-14.585334622552656,51.725923998307195
0.00017779999999999998,0.0,0.0,-12.39654601099013,-12.396546010990136,51.684559804785955
0.000178,0.0,0.0,-10.316918559130508,-10.31691855913051,51.64322868938829
0.0001782,0.0,0.0,-8.363154966982936,-8.36315496698294,51.60193062566226
0.0001784,0.0,0.0,-6.5509364667390555,-6.550936466739057,51.56066558717713
0.0001786,0.0,0.0,-4.894795617984338,-4.894795617984338,51.51943354752324
0.00017879999999999998,0.0,0.0,-3.4079984257512717,-3.4079984257512717,51.4782344803121
0.000179,0.0,0.0,-2.102436737621474,-2.102436737621474,51.43706835917631
0.0001792,0.0,0.0,-0.9885317926618526,-0.9885317926618455,51.39593515776953
0.0001794,0.0,0.0,-0.07514970447827096,-0.07514970447827096,51.35483484976651
0.0001796,0.0,0.0,0.0,0.0,51.31376740886306
0.00017979999999999998,13.980554970599059,13.980554970599059,0.0,0.0,51.27413030527447
0.00017999999999999998,33.19300862536784,33.19300862536784,0.0,0.0,51.23784287236301
0.0001802,52.94730669267841,52.94730669267841,0.0,0.0,51.20547957491591
0.0001804,529.6837274255474,529.6837274255474,0.0,0.0,51.22277137794659
0.0001806,964.7682480726558,964.7682480726558,0.0,0.0,51.33119498894966
0.0001808,1323.8092079703797,1323.8092079703797,0.0,0.0,51.518912691481795
0.00018099999999999998,1577.845797339788,1577.845797339788,0.0,0.0,51.76776352152761
0.00018119999999999999,1705.411299502191,1705.411299502191,0.0,0.0,52.05456030168253
0.0001814,1694.0618109008956,1694.0618109008956,0.0,0.0,52.35274469072588
0.0001816,1541.261617025585,1541.261617025585,0.0,0.0,52.634282222753136
0.0001818,1254.5622738779853,1254.5622738779853,0.0,0.0,52.87166223406077
0.00018199999999999998,851.0627919029184,851.0627919029184,0.0,0.0,53.03986013169256
0.00018219999999999998,356.18955339908206,356.18955339908206,0.0,0.0,53.11812217330077
0.0001824,0.0,0.0,-26.54572280396367,-26.545722803963677,53.09144560792736
0.0001826,0.0,0.0,-36.94883781967567,-36.94883781967568,53.04898943391063
0.0001828,0.0,0.0,-38.312342212402804,-38.31234221240282,53.00656721125256
0.000183,0.0,0.0,-39.58001716574382,-39.58001716574383,52.964178912802936
0.00018319999999999998,0.0,0.0,-40.74140777054807,-40.741407770548086,52.92182451143324
0.00018339999999999999,0.0,0.0,-41.786921846825265,-41.78692184682529,52.87950398003665
0.0001836,0.0,0.0,-42.70790774870719,-42.707907748707214,52.83721729152803
0.0001838,0.0,0.0,-43.49672453650014,-43.49672453650016,52.794964418843875
0.000184,0.0,0.0,-44.14680394667352,-44.14680394667354,52.75274533494236
0.0001842,0.0,0.0,-44.65270365719109,-44.652703657191104,52.71056001280326
0.00018439999999999998,0.0,0.0,-45.010151416229085,-45.01015141622911,52.66840842542797
0.0001846,0.0,0.0,-45.21607967646559,-45.216079676465604,52.62629054583946
0.0001848,0.0,0.0,-45.26865045416716,-45.26865045416718,52.58420634708229
0.000185,0.0,0.0,-45.16727021161676,-45.16727021161678,52.54215580222257
0.0001852,0.0,0.0,-73.88820439847483,-73.88820439847485,52.50013888434794
0.00018539999999999998,0.0,0.0,-73.36388111480443,-73.36388111480446,52.45815556656758
0.00018559999999999998,0.0,0.0,-72.45715904197952,-72.45715904197955,52.416205822012145
0.0001858,0.0,0.0,-71.17523397715269,-71.17523397715271,52.3742896238338
0.000186,0.0,0.0,-69.52834588472064,-69.52834588472066,52.33240694520619
0.0001862,0.0,0.0,-67.5296957402545,-67.52969574025452,52.29055775932437
0.0001864,0.0,0.0,-65.19533835231537,-65.1953383523154,52.24874203940488
0.00018659999999999998,0.0,0.0,-62.54405203232889,-62.54405203232892,52.20695975868564
0.0001868,0.0,0.0,-59.59718617051482,-59.59718617051484,52.165210890425996
0.000187,0.0,0.0,-56.37848795510072,-56.37848795510074,52.12349540790666
0.0001872,0.0,0.0,-52.91390964123979,-52.91390964123981,52.08181328442972
0.0001874,0.0,0.0,-49.231397933828084,-49.231397933828106,52.04016449331862
0.00018759999999999998,0.0,0.0,-45.3606671934972,-45.36066719349722,51.99854900791812
0.00018779999999999998,0.0,0.0,-41.33295830626762,-41.332958306267635,51.95696680159431
0.000188,0.0,0.0,-37.180785173620485,-37.1807851736205,51.91541784773458
0.0001882,0.0,0.0,-32.93767088013995,-32.93767088013996,51.873902119747584
0.0001884,0.0,0.0,-28.637875679578748,-28.637875679578755,51.83241959106326
0.0001886,0.0,0.0,-24.316119006529156,-24.316119006529163,51.790970235132775
0.00018879999999999998,0.0,0.0,-20.007297769300422,-20.00729776930043,51.74955402542855
0.00018899999999999999,0.0,0.0,-15.746203209721767,-15.746203209721772,51.7081709354442
0.0001892,0.0,0.0,-11.567238627161256,-11.567238627161258,51.66682093869454
0.0001894,0.0,0.0,-7.504140256983412,-7.504140256983414,51.62550400871557
0.0001896,0.0,0.0,-3.589703568018974,-3.589703568018974,51.58422011906446
0.00018979999999999998,0.0,0.0,0.0,0.0,51.542969243319504
0.00018999999999999998,30.403454655841074,30.403454655841074,0.0,0.0,51.5047904848938
0.0001902,113.17004899687936,113.17004899687936,0.0,0.0,51.47795473717026
0.0001904,700.2100450838641,700.2100450838641,0.0,0.0,51.518094326952685
0.0001906,1284.9809323905502,1284.9809323905502,0.0,0.0,51.675336052548325
0.0001908,1822.368453263018,1822.368453263018,0.0,0.0,51.94462300748967
0.00019099999999999998,2270.6398723484654,2270.6398723484654,0.0,0.0,52.31222110240685
0.00019119999999999999,2594.4178715281228,2594.4178715281228,0.0,0.0,52.7566993086301
0.0001914,2767.2008654691604,2767.2008654691604,0.0,0.0,53.250458319278664
0.0001916,2773.2502329592935,2773.2502329592935,0.0,0.0,53.76169856636726
0.0001918,2608.7101154883894,2608.7101154883894,0.0,0.0,54.25668724688673
0.000192,2281.880154839712,2281.880154839712,0.0,0.0,54.70216273392722
0.00019219999999999998,1812.6219240286405,1812.6219240286405,0.0,0.0,55.0677049947226
0.0001924,1230.9415464220392,1230.9415464220392,0.0,0.0,55.32790309853037
0.0001926,574.8496961289234,574.8496961289234,0.0,0.0,55.464165395387894
0.0001928,0.0,0.0,-27.73302172305241,-27.733021723052417,55.46604344610484
0.000193,0.0,0.0,-41.71927941050715,-41.71927941050717,55.42168835338504
0.00019319999999999998,0.0,0.0,-40.66094832889476,-40.660948328894776,55.37736873055147
0.00019339999999999998,0.0,0.0,-39.49740983528775,-39.49740983528776,55.33308454923955
0.0001936,0.0,0.0,-38.23792718678043,-38.237927186780446,55.28883578110741
0.0001938,0.0,0.0,-36.89254200075541,-36.89254200075543,55.24462239783583
0.000194,0.0,0.0,-35.47199276324558,-35.47199276324559,55.20044437112825
0.0001942,0.0,0.0,-33.9876276852418,-33.98762768524181,55.15630167271071
0.00019439999999999998,0.0,0.0,-32.45131261412363,-32.451312614123644,55.11219427433189
0.0001946,0.0,0.0,-30.875334747493042,-30.875334747493056,55.06812214776305
0.0001948,0.0,0.0,-29.272302930730547,-29.27230293073056,55.024085264798025
0.000195,0.0,0.0,-27.65504534729159,-27.655045347291598,54.980083597253206
0.0001952,0.0,0.0,-55.0121151879933,-55.012115187993324,54.936117116967516
0.00019539999999999998,0.0,0.0,-53.28699464515254,-53.28699464515256,54.892185795802405
0.00019559999999999998,0.0,0.0,-51.35227318623286,-51.35227318623288,54.848289605641824
0.0001958,0.0,0.0,-49.223475169866774,-49.22347516986679,54.80442851839221
0.000196,0.0,0.0,-46.91769935773399,-46.917699357734,54.760602505982455
0.0001962,0.0,0.0,-44.45348014546788,-44.45348014546789,54.71681154036391
0.0001964,0.0,0.0,-41.85063714893593,-41.850637148935945,54.67305559351036
0.00019659999999999998,0.0,0.0,-39.13011436655788,-39.1301143665579,54.62933463741799
0.00019679999999999999,0.0,0.0,-36.31381022287056,-36.31381022287057,54.58564864410538
0.000197,0.0,0.0,-33.42439987250137,-33.42439987250138,54.541997585613494
0.0001972,0.0,0.0,-30.48515120647418,-30.485151206474193,54.498381434005644
0.0001974,0.0,0.0,-27.51973605383195,-27.51973605383196,54.454800161367494
0.00019759999999999998,0.0,0.0,-24.55203811050726,-24.55203811050727,54.41125373980702
0.00019779999999999998,0.0,0.0,-21.605959153887824,-21.605959153887827,54.367742141454514
0.000198,0.0,0.0,-18.70522511539515,-18.70522511539516,54.324265338462546
0.0001982,0.0,0.0,-15.873193584508398,-15.873193584508403,54.28082330300596
0.0001984,0.0,0.0,-13.132664306012908,-13.132664306012913,54.237416007281844
0.0001986,0.0,0.0,-10.505694207929691,-10.505694207929693,54.19404342350953
0.00019879999999999998,0.0,0.0,-8.01341846078477,-8.013418460784772,54.15070552393055
0.00019899999999999999,0.0,0.0,-5.6758790199057625,-5.675879019905764,54.10740228080865
0.0001992,0.0,0.0,-3.5118620416841217,-3.5118620416841235,54.064133666429754
0.0001994,0.0,0.0,-1.5387454927089248,-1.5387454927089266,54.02089965310194
0.0001996,0.0,0.0,0.0,0.0,53.97770021315544
0.00019979999999999998,15.954501096244456,15.954501096244456,0.0,0.0,53.936130131127356
0.00019999999999999998,53.68380134409898,53.68380134409898,0.0,0.0,53.89995952550874
0.0002002,106.99926621330894,106.99926621330894,0.0,0.0,53.87291868098189
0.0002004,629.7679591943313,629.7679591943313,0.0,0.0,53.903484842113414
0.0002006,1119.8916614471575,1119.8916614471575,0.0,0.0,54.035275300120674
0.0002008,1538.8706417740361,1538.8706417740361,0.0,0.0,54.2578342866081
0.00020099999999999998,1853.2850819712617,1853.2850819712617,0.0,0.0,54.55352531514193
0.00020119999999999998,2037.1761992237853,2037.1761992237853,0.0,0.0,54.898790516928614
0.0002014,2073.895131009738,2073.895131009738,0.0,0.0,55.26583180102479
0.0002016,1957.2879439762428,1957.2879439762428,0.0,0.0,55.62459393822768
0.0002018,1692.1324681075557,1692.1324681075557,0.0,0.0,55.94490817858934
0.000202,1293.7959941375348,1293.7959941375348,0.0,0.0,56.19864360410077
0.00020219999999999998,787.1384032482351,787.1384032482351,0.0,0.0,56.36171290123721
0.0002024,204.7390658035959,204.7390658035959,0.0,0.0,56.41578964712305
0.0002026,0.0,0.0,-28.174807396908825,-28.174807396908836,56.34961479381768
0.0002028,0.0,0.0,-38.637001007520176,-38.63700100752019,56.30455312664949
0.000203,0.0,0.0,-38.37569451866966,-38.375694518669675,56.25952749440106
0.00020319999999999998,0.0,0.0,-38.031281572799756,-38.03128157279977,56.214537868255995
0.00020339999999999998,0.0,0.0,-37.606376058842955,-37.60637605884297,56.169584219420926
0.0002036,0.0,0.0,-37.10424502383896,-37.10424502383898,56.124666519125505
0.0002038,0.0,0.0,-36.52878214976138,-36.5287821497614,56.07978473862241
0.000204,0.0,0.0,-35.884476146792736,-35.88447614679275,56.034938849187284
0.0002042,0.0,0.0,-35.176374319612734,-35.17637431961275,55.99012882211876
0.00020439999999999998,0.0,0.0,-34.41004160242163,-34.41004160242164,55.94535462873842
0.00020459999999999999,0.0,0.0,-33.59151539517809,-33.59151539517811,55.90061624039077
0.0002048,0.0,0.0,-32.727256567589535,-32.72725656758955,55.85591362844323
0.000205,0.0,0.0,-31.824097028476928,-31.82409702847694,55.81124676428614
0.0002052,0.0,0.0,-59.86479404209072,-59.86479404209074,55.76661561933269
0.00020539999999999998,0.0,0.0,-58.78728124257161,-58.78728124257163,55.72202016501895
0.00020559999999999998,0.0,0.0,-57.45889191975443,-57.45889191975445,55.677460372803814
0.0002058,0.0,0.0,-55.89022927402467,-55.89022927402469,55.63293621416902
0.000206,0.0,0.0,-54.09384584781613,-54.09384584781615,55.5884476606191
0.0002062,0.0,0.0,-52.08414163310075,-52.08414163310077,55.54399468368138
0.0002064,0.0,0.0,-49.877247192092646,-49.87724719209266,55.499577254905944
0.00020659999999999998,0.0,0.0,-47.49089273982996,-47.490892739829974,55.45519534586563
0.00020679999999999999,0.0,0.0,-44.944264251173955,-44.944264251173976,55.41084892815602
0.000207,0.0,0.0,-42.25784776001553,-42.257847760015544,55.3665379733954
0.0002072,0.0,0.0,-39.45326311425376,-39.45326311425377,55.32226245322475
0.0002074,0.0,0.0,-36.55308853563073,-36.55308853563074,55.27802233930774
0.00020759999999999998,0.0,0.0,-33.58067740807865,-33.580677408078664,55.233817603330685
0.00020779999999999998,0.0,0.0,-30.559968781254696,-30.559968781254703,55.18964821700255
0.000208,0.0,0.0,-27.515293126894463,-27.51529312689447,55.14551415205492
0.0002082,0.0,0.0,-24.471174924093802,-24.47117492409381,55.101415380242
0.0002084,0.0,0.0,-21.452133675318823,-21.452133675318834,55.057351873340565
0.0002086,0.0,0.0,-18.482484967637227,-18.482484967637234,55.01332360314997
0.00020879999999999998,0.0,0.0,-15.586143193257797,-15.586143193257799,54.96933054149211
0.00020899999999999998,0.0,0.0,-12.786427529962994,-12.786427529962996,54.92537266021143
0.0002092,0.0,0.0,-10.105872755531362,-10.105872755531365,54.88144993117488
0.0002094,0.0,0.0,-7.5660464309876545,-7.566046430987657,54.8375623262719
0.0002096,0.0,0.0,-5.187373935807809,-5.187373935807804,54.793709817414424
0.0002098,0.0,0.0,-2.988972774463111,-2.9889727744631127,54.74989237653684
0.00020999999999999998,0.0,0.0,-0.988497498430231,-0.9884974984302328,54.706109975595986
0.0002102,0.0,0.0,0.0,0.0,54.66236258657112
0.0002104,486.3178930268841,486.3178930268841,0.0,0.0,54.667262525828846
0.0002106,960.9246462775711,960.9246462775711,0.0,0.0,54.76821258971308
0.0002108,1386.376110756061,1386.376110756061,0.0,0.0,54.95905175967669
0.00021099999999999998,1728.738867169448,1728.738867169448,0.0,0.0,55.22648904114891
0.00021119999999999998,1960.008312812407,1960.008312812407,0.0,0.0,55.55105274243366
0.0002114,2060.1036944562497,2060.1036944562497,0.0,0.0,55.908480130011554
0.0002116,2018.2980090811996,2018.2980090811996,0.0,0.0,56.271448328981705
0.0002118,1833.9809996534013,1833.9809996534013,0.0,0.0,56.61152304130705
0.000212,1516.7010221355126,1516.7010221355126,0.0,0.0,56.9011861598055
0.00021219999999999998,1085.4829623868875,1085.4829623868875,0.0,0.0,57.11579776468794
0.00021239999999999999,567.4709735619417,567.4709735619417,0.0,0.0,57.23535269809771
0.0002126,0.0,0.0,-28.622953291339808,-28.62295329133982,57.245906582679645
0.0002128,0.0,0.0,-37.35735664224015,-37.35735664224016,57.20012816877906
0.000213,0.0,0.0,-38.28590248602563,-38.28590248602564,57.15438636296636
0.00021319999999999998,0.0,0.0,-39.13567193067609,-39.135671930676104,57.10868113596679
0.00021339999999999998,0.0,0.0,-39.899586867797545,-39.89958686779756,57.06301245852899
0.0002136,0.0,0.0,-40.571266089382895,-40.57126608938291,57.01738030142501
0.0002138,0.0,0.0,-41.14507704460748,-41.1450770446075,56.971784635450256
0.000214,0.0,0.0,-41.6161815211413,-41.616181521141314,56.926225431423504
0.0002142,0.0,0.0,-41.98057488049074,-41.98057488049076,56.880702660186856
0.00021439999999999998,0.0,0.0,-42.23511852919117,-42.23511852919118,56.835216292605736
0.00021459999999999998,0.0,0.0,-42.377565362560205,-42.37756536256022,56.78976629956887
0.0002148,0.0,0.0,-42.406577974745204,-42.406577974745225,56.744352651988244
0.000215,0.0,0.0,-42.32173948749372,-42.32173948749374,56.69897532079913
0.0002152,0.0,0.0,-71.09916666606527,-71.0991666660653,56.65363427696003
0.00021539999999999998,0.0,0.0,-70.67081479651645,-70.67081479651648,56.60832949145266
0.00021559999999999998,0.0,0.0,-69.89874946066244,-69.89874946066247,56.56306093528196
0.0002158,0.0,0.0,-68.78905951313864,-68.78905951313867,56.51782857947605
0.000216,0.0,0.0,-67.3505731216653,-67.35057312166533,56.47263239508623
0.0002162,0.0,0.0,-65.59478607298989,-65.59478607298992,56.42747235318692
0.0002164,0.0,0.0,-63.53576843687043,-63.53576843687045,56.382348424875694
0.00021659999999999998,0.0,0.0,-61.190050345907196,-61.19005034590722,56.337260581273235
0.00021679999999999998,0.0,0.0,-58.5764878184559,-58.57648781845593,56.292208793523315
0.000217,0.0,0.0,-55.71610971375238,-55.71610971375241,56.24719303279279
0.0002172,0.0,0.0,-52.63194706143657,-52.63194706143659,56.20221327027156
0.0002174,0.0,0.0,-49.34884615063818,-49.3488461506382,56.157269477172576
0.00021759999999999998,0.0,0.0,-45.89326689551952,-45.89326689551953,56.11236162473181
0.00021779999999999998,0.0,0.0,-42.29306811359317,-42.293068113593186,56.06748968420823
0.00021799999999999999,0.0,0.0,-38.57728145927586,-38.57728145927588,56.022653626883795
0.0002182,0.0,0.0,-34.77587584714259,-34.77587584714261,55.97785342406341
0.0002184,0.0,0.0,-30.919514276462642,-30.91951427646265,55.93308904707496
0.0002186,0.0,0.0,-27.039305030204325,-27.039305030204336,55.888360467269216
0.00021879999999999998,0.0,0.0,-23.166549267290357,-23.166549267290364,55.843667656019896
0.00021899999999999998,0.0,0.0,-19.332487056099495,-19.332487056099502,55.7990105847236
0.0002192,0.0,0.0,-15.568043909807656,-15.568043909807663,55.75438922479979
0.0002194,0.0,0.0,-11.903579880039487,-11.903579880039489,55.70980354769079
0.0002196,0.0,0.0,-8.368643244494702,-8.368643244494706,55.66525352486177
0.0002198,0.0,0.0,-4.991730786890772,-4.991730786890773,55.620739127800704
0.00021999999999999998,0.0,0.0,-1.8000566140281062,-1.800056614028101,55.57626032801838
0.00022019999999999999,0.0,0.0,0.0,0.0,55.531817097048354
0.0002204,501.89045717821017,501.89045717821017,0.0,0.0,55.53757838457352
0.0002206,1009.8902227479309,1009.8902227479309,0.0,0.0,55.644283707729215
0.0002208,1484.1092796922158,1484.1092796922158,0.0,0.0,55.849086309966154
0.00022099999999999998,1887.0698664403776,1887.0698664403776,0.0,0.0,56.14140802684469
0.00022119999999999998,2186.3774083421704,2186.3774083421704,0.0,0.0,56.50369471322691
0.0002214,2357.028601459401,2357.028601459401,0.0,0.0,56.91266876881425
0.0002216,2383.1922478087986,2383.1922478087986,0.0,0.0,57.340989390477354
0.0002218,2259.3360518552413,2259.3360518552413,0.0,0.0,57.75920214383003
0.000222,1990.619225782045,1990.619225782045,0.0,0.0,58.137838855194154
0.00022219999999999998,1592.5230902482958,1592.5230902482958,0.0,0.0,58.449518143997516
0.00022239999999999998,1089.746166817998,1089.746166817998,0.0,0.0,58.670896903685076
0.0002226,514.4426672777893,514.4426672777893,0.0,0.0,58.784333694855235
0.0002228,0.0,0.0,-29.389572787898306,-29.389572787898317,58.77914557579664
0.000223,0.0,0.0,-37.842600956091744,-37.84260095609176,58.73214106114187
0.00022319999999999998,0.0,0.0,-37.46583798842057,-37.465837988420574,58.685174135063384
0.00022339999999999998,0.0,0.0,-37.02319447154253,-37.023194471542546,58.63824476750236
0.0002236,0.0,0.0,-36.518072998368616,-36.51807299836863,58.59135292842399
0.0002238,0.0,0.0,-35.954383145612766,-35.95438314561278,58.544498587817486
0.000224,0.0,0.0,-35.33650974101242,-35.336509741012435,58.49768171569608
0.0002242,0.0,0.0,-34.66927727537636,-34.66927727537637,58.45090228209696
0.00022439999999999998,0.0,0.0,-33.95791074829626,-33.95791074829627,58.40416025708129
0.00022459999999999998,0.0,0.0,-33.20799326528678,-33.20799326528679,58.357455610734156
0.0002248,0.0,0.0,-32.42542073046852,-32.42542073046853,58.31078831316459
0.000225,0.0,0.0,-31.616354002464938,-31.616354002464952,58.264158334505524
0.0002252,0.0,0.0,-59.76277865785547,-59.76277865785549,58.217565644913755
0.00022539999999999998,0.0,0.0,-58.801762269162104,-58.80176226916213,58.17101021456996
0.00022559999999999998,0.0,0.0,-57.59968471972892,-57.59968471972895,58.12449201367866
0.00022579999999999999,0.0,0.0,-56.166116196154974,-56.166116196154995,58.0780110124682
0.000226,0.0,0.0,-54.51250500307311,-54.51250500307313,58.03156718119074
0.0002262,0.0,0.0,-52.65208463159249,-52.65208463159251,57.98516049012221
0.0002264,0.0,0.0,-50.599766345907774,-50.599766345907796,57.938790909562336
0.00022659999999999998,0.0,0.0,-48.3720181599253,-48.37201815992532,57.892458409834575
0.00022679999999999998,0.0,0.0,-45.98673118615942,-45.98673118615943,57.846162961286126
0.000227,0.0,0.0,-43.463074441583686,-43.46307444158371,57.7999045342879
0.0002272,0.0,0.0,-40.821339288749215,-40.82133928874923,57.753683099234486
0.0002274,0.0,0.0,-38.082774774548106,-38.08277477454813,57.70749862654417
0.0002276,0.0,0.0,-35.26941520282128,-35.26941520282129,57.66135108665889
0.00022779999999999998,0.0,0.0,-32.40390133998757,-32.403901339987584,57.615240450044205
0.00022799999999999999,0.0,0.0,-29.509296704496094,-29.5092967044961,57.56916668718931
0.0002282,0.0,0.0,-26.608900430755114,-26.60890043075512,57.52312976860699
0.0002284,0.0,0.0,-23.72605822594801,-23.726058225948012,57.47712966483361
0.0002286,0.0,0.0,-20.883972953582887,-20.88397295358289,57.43116634642911
0.00022879999999999998,0.0,0.0,-18.10551638061373,-18.105516380613732,57.38523978397694
0.00022899999999999998,0.0,0.0,-15.413043615492864,-15.413043615492867,57.33934994808412
0.0002292,0.0,0.0,-12.828211742644603,-12.828211742644605,57.29349680938113
0.0002294,0.0,0.0,-10.371804124765518,-10.37180412476552,57.24768033852197
0.0002296,0.0,0.0,-8.06356179833518,-8.063561798335183,57.20190050618408
0.0002298,0.0,0.0,-5.922023330135872,-5.922023330135874,57.15615728306838
0.00022999999999999998,0.0,0.0,-3.964374433898019,-3.964374433898021,57.11045063989919
0.00023019999999999998,0.0,0.0,0.0,0.0,57.06478054742426
0.0002304,438.29444031229735,438.29444031229735,0.0,0.0,57.06295889567825
0.0002306,867.8254572417393,867.8254572417393,0.0,0.0,57.14788654725648
0.0002308,1254.2140326386614,1254.2140326386614,0.0,0.0,57.31430561937787
0.00023099999999999998,1566.1629200365917,1566.1629200365917,0.0,0.0,57.55039743342428
0.00023119999999999998,1777.6869912229245,1777.6869912229245,0.0,0.0,57.838626814850926
0.0002314,1869.9645191842735,1869.9645191842735,0.0,0.0,58.15699371767863
0.0002316,1832.6775534991991,1832.6775534991991,0.0,0.0,58.48060288630539
0.0002318,1664.7459830670643,1664.7459830670643,0.0,0.0,58.78343962295831
0.000232,1374.4031105884112,1374.4031105884112,0.0,0.0,59.040225066448095
0.00023219999999999998,978.6075012271638,978.6075012271638,0.0,0.0,59.22821875010304
0.00023239999999999998,501.83316857958533,501.83316857958533,0.0,0.0,59.32883999358624
0.0002326,0.0,0.0,-29.664496311376226,-29.664496311376237,59.32899262275248
0.0002328,0.0,0.0,-34.661233981184736,-34.66123398118474,59.28154840634084
0.000233,0.0,0.0,-35.67131964855697,-35.67131964855698,59.23414213012625
0.00023319999999999998,0.0,0.0,-36.63227801340924,-36.632278013409255,59.18677376376869
0.00023339999999999998,0.0,0.0,-37.53612136786385,-37.53612136786386,59.1394432769524
0.00023359999999999999,0.0,0.0,-38.37532575429959,-38.3753257542996,59.09215063938586
0.0002338,0.0,0.0,-39.142891999507306,-39.14289199950732,59.044895820801784
0.000234,0.0,0.0,-39.832402489526125,-39.83240248952614,58.99767879095708
0.0002342,0.0,0.0,-40.43807322462172,-40.43807322462174,58.95049951963284
0.00023439999999999998,0.0,0.0,-40.95480073217405,-40.954800732174064,58.90335797663433
0.00023459999999999998,0.0,0.0,-41.37820345697235,-41.378203456972365,58.85625413179096
0.0002348,0.0,0.0,-41.7046572932319,-41.70465729323191,58.809187954956265
0.000235,0.0,0.0,-41.93132497018664,-41.93132497018665,58.762159416007876
0.0002352,0.0,0.0,-71.03178880908487,-71.0317888090849,58.71516848484753
0.0002354,0.0,0.0,-70.93537616643617,-70.9353761664362,58.668215131401034
0.00023559999999999998,0.0,0.0,-70.50145253292811,-70.50145253292814,58.621299325618224
0.00023579999999999999,0.0,0.0,-69.73335641940663,-69.73335641940666,58.57442103747299
0.000236,0.0,0.0,-68.6371377132505,-68.63713771325052,58.52758023696321
0.0002362,0.0,0.0,-67.22150852654342,-67.22150852654345,58.48077689411078
0.0002364,0.0,0.0,-65.49777244550513,-65.49777244550516,58.43401097896155
0.00023659999999999998,0.0,0.0,-63.47973275574124,-63.47973275574127,58.38728246158533
0.00023679999999999998,0.0,0.0,-61.18358038843719,-61.18358038843722,58.340591312075865
0.000237,0.0,0.0,-58.627762497137674,-58.627762497137695,58.29393750055081
0.0002372,0.0,0.0,-55.83283273188399,-55.83283273188401,58.24732099715173
0.0002374,0.0,0.0,-52.821284425954524,-52.821284425954545,58.200741772044054
0.0002376,0.0,0.0,-49.61736804906208,-49.6173680490621,58.15419979541707
0.00023779999999999998,0.0,0.0,-46.246894408483044,-46.246894408483065,58.10769503748391
0.00023799999999999998,0.0,0.0,-42.737025195191265,-42.737025195191286,58.06122746848152
0.0002382,0.0,0.0,-39.116052574706735,-39.11605257470675,58.01479705867066
0.0002384,0.0,0.0,-35.413169611213675,-35.41316961121369,57.968403778335855
0.0002386,0.0,0.0,-31.658233387832993,-31.658233387833008,57.92204759778541
0.00023879999999999998,0.0,0.0,-27.88152274514856,-27.881522745148565,57.87572848735135
0.00023899999999999998,0.0,0.0,-24.113492603704813,-24.11349260370482,57.829446417389455
0.0002392,0.0,0.0,-20.384526863861034,-20.38452686386104,57.783201358279186
0.0002394,0.0,0.0,-16.72469188788197,-16.724691887881978,57.736993280423704
0.0002396,0.0,0.0,-13.16349256437151,-13.163492564371516,57.69082215424983
0.0002398,0.0,0.0,-9.729632934155784,-9.729632934155788,57.644687950208045
0.00023999999999999998,0.0,0.0,-6.450783319664485,-6.450783319664486,57.59859063877245
0.00024019999999999998,0.0,0.0,0.0,0.0,57.55253019044076
0.0002404,430.73947716997395,430.73947716997395,0.0,0.0,57.54956330076128
0.0002406,874.6432023568047,874.6432023568047,0.0,0.0,57.6340281321408
0.0002408,1296.2692766361347,1296.2692766361347,0.0,0.0,57.80494379127072
0.00024099999999999998,1661.7670619103365,1661.7670619103365,0.0,0.0,58.05440368613441
0.00024119999999999998,1941.289836885632,1941.289836885632,0.0,0.0,58.36814035839619
0.00024139999999999999,2111.1215762559746,2111.1215762559746,0.0,0.0,58.726543626116545
0.0002416,2155.3663553182973,2155.3663553182973,0.0,0.0,59.1060593780723
0.0002418,2067.0800852571747,2067.0800852571747,0.0,0.0,59.480869250678346
0.000242,1848.7640529668029,1848.7640529668029,0.0,0.0,59.824731424230784
0.00024219999999999998,1512.1852375387473,1512.1852375387473,0.0,0.0,60.11285132018357
0.00024239999999999998,1077.5363597735225,1077.5363597735225,0.0,0.0,60.32364887983479
0.0002426,571.9956711823754,571.9956711823754,0.0,0.0,60.44029650477654
0.0002428,27.789252181181098,27.789252181181098,0.0,0.0,60.45191811126648
0.000243,0.0,0.0,-30.177181962787053,-30.177181962787063,60.354363925574134
0.0002432,0.0,0.0,-31.43631379350009,-31.436313793500105,60.30609974010786
0.00024339999999999998,0.0,0.0,-29.493359171799497,-29.493359171799504,60.257874150551594
0.00024359999999999999,0.0,0.0,-27.555627294072124,-27.55562729407213,60.209687126040954
0.0002438,0.0,0.0,-25.638644306892836,-25.638644306892843,60.16153863573624
0.000244,0.0,0.0,-23.757767789310606,-23.757767789310613,60.11342864882242
0.00024419999999999997,0.0,0.0,-21.928062153239203,-21.92806215323921,60.065357134509085
0.0002444,0.0,0.0,-20.164176425489792,-20.1641764254898,60.01732406203047
0.0002446,0.0,0.0,-18.480225403001974,-18.48022540300198,59.9693294006454
0.0002448,0.0,0.0,-16.88967514543718,-16.889675145437188,59.92137311963729
0.000245,0.0,0.0,-15.405233734083824,-15.405233734083827,59.873455188314104
0.0002452,0.0,0.0,-43.01435793937008,-43.01435793937009,59.825575576008376
0.0002454,0.0,0.0,-41.6584661345533,-41.658466134553315,59.77773425207714
0.0002456,0.0,0.0,-40.20713333768225,-40.20713333768227,59.72993118590195
0.0002458,0.0,0.0,-38.67194330845779,-38.671943308457806,59.68216634688883
0.00024599999999999996,0.0,0.0,-37.06516005465984,-37.065160054659856,59.634439704468285
0.00024619999999999997,0.0,0.0,-35.3996283115427,-35.39962831154271,59.58675122809526
0.00024639999999999997,0.0,0.0,-33.688669311925345,-33.68866931192536,59.53910088724912
0.0002466,0.0,0.0,-31.94597269276001,-31.945972692760023,59.49148865143365
0.0002468,0.0,0.0,-30.185485415287907,-30.185485415287918,59.443914490177
0.000247,0.0,0.0,-28.421298600100542,-28.42129860010055,59.396378373031716
0.0002472,0.0,0.0,-26.667533195319805,-26.667533195319812,59.34888026957467
0.0002474,0.0,0.0,-24.938225405555734,-24.93822540555574,59.30142014940708
0.0002476,0.0,0.0,-23.24721281121879,-23.247212811218795,59.25399798215445
0.0002478,0.0,0.0,-21.60802210213993,-21.608022102139937,59.206613737466604
0.000248,0.0,0.0,-20.033759336331475,-20.033759336331478,59.15926738501761
0.0002482,0.0,0.0,-18.537003614211912,-18.53700361421192,59.1119588945058
0.00024839999999999997,0.0,0.0,-17.129705030884796,-17.1297050308848,59.06468823565373
0.00024859999999999997,0.0,0.0,-15.823087734330919,-15.82308773433092,59.01745537820819
0.0002488,0.0,0.0,-14.62755887592601,-14.627558875926011,58.97026029194013
0.000249,0.0,0.0,-13.552624191869755,-13.552624191869759,58.92310294664469
0.0002492,0.0,0.0,-12.606810900294096,-12.606810900294098,58.87598331214117
0.0002494,0.0,0.0,-11.797598539446371,-11.797598539446373,58.82890135827301
0.0002496,0.0,0.0,-11.13135830789784,-11.131358307897841,58.78185705490773
0.0002498,0.0,0.0,-10.61330139873341,-10.613301398733412,58.73485037193699
0.00025,0.0,0.0,-10.247436746693642,-10.247436746693644,58.6878812792765
0.0002502,0.0,0.0,0.0,0.0,58.64094974686604
0.0002504,301.53501961464883,301.53501961464883,0.0,0.0,58.62419719005274
0.00025059999999999997,579.7827174235962,579.7827174235962,0.0,0.0,58.66541311963269
0.00025079999999999997,811.0753122637932,811.0753122637932,0.0,0.0,58.75752974545539
0.000251,975.1005681015522,975.1005681015522,0.0,0.0,58.8890886861193
0.0002512,1056.3492561066219,1056.3492561066219,0.0,0.0,59.04506000906204
0.0002514,1045.220009658227,1045.220009658227,0.0,0.0,59.20791574533677
0.0002516,938.7029133152323,938.7029133152323,0.0,0.0,59.35888131880846
0.0002518,740.5932054432568,740.5932054432568,0.0,0.0,59.479275667889624
0.000252,461.2199709485865,461.2199709485865,0.0,0.0,59.55184453744668
0.0002522,116.7092675428155,116.7092675428155,0.0,0.0,59.56199192671015
0.0002524,0.0,0.0,-29.749410979082427,-29.749410979082437,59.49882195816488
0.0002526,0.0,0.0,-26.343730971621135,-26.34373097162115,59.451241932608575
0.00025279999999999996,0.0,0.0,-27.70277912758474,-27.702779127584755,59.40369995585319
0.00025299999999999997,0.0,0.0,-29.07803207865205,-29.078032078652058,59.35619599747186
0.0002532,0.0,0.0,-30.458138601014873,-30.458138601014888,59.30873002706204
0.0002534,0.0,0.0,-31.831708521868983,-31.83170852186899,59.261302014245516
0.0002536,0.0,0.0,-33.18740513430934,-33.187405134309344,59.213911928668345
0.0002538,0.0,0.0,-34.51403717618091,-34.51403717618092,59.16655974000088
0.000254,0.0,0.0,-35.800649626626004,-35.80064962662602,59.1192454179377
0.0002542,0.0,0.0,-37.03661258367994,-37.036612583679954,59.07196893219764
0.0002544,0.0,0.0,-38.21170750185403,-38.21170750185404,59.02473025252375
0.0002546,0.0,0.0,-39.316210090082436,-39.31621009008245,58.97752934868327
0.0002548,0.0,0.0,-40.34096919752219,-40.340969197522206,58.93036619046761
0.00025499999999999996,0.0,0.0,-41.2774810472649,-41.277481047264914,58.88324074769234
0.00025519999999999997,0.0,0.0,-71.09356797187627,-71.0935679718763,58.836152990197185
0.0002554,0.0,0.0,-71.71275059253752,-71.71275059253755,58.789102887845964
0.0002556,0.0,0.0,-71.98858803199754,-71.98858803199758,58.742090410526615
0.0002558,0.0,0.0,-71.9186599104611,-71.91865991046113,58.69511552815114
0.000256,0.0,0.0,-71.50335142551778,-71.5033514255178,58.648178210655615
0.0002562,0.0,0.0,-70.74585015843353,-70.74585015843356,58.60127842800015
0.0002564,0.0,0.0,-69.65212014340392,-69.65212014340396,58.55441615016888
0.0002566,0.0,0.0,-68.23085341071132,-68.23085341071135,58.50759134716995
0.0002568,0.0,0.0,-66.49339939748843,-66.49339939748846,58.46080398903547
0.000257,0.0,0.0,-64.45367279935235,-64.45367279935238,58.41405404582152
0.00025719999999999996,0.0,0.0,-62.128040611078504,-62.128040611078525,58.36734148760815
0.00025739999999999997,0.0,0.0,-59.5351892733159,-59.53518927331592,58.3206662844993
0.0002576,0.0,0.0,-56.69597300373164,-56.695973003731666,58.274028406622854
0.0002578,0.0,0.0,-53.63324454360683,-53.63324454360686,58.22742782413055
0.000258,0.0,0.0,-50.371669693547894,-50.371669693547915,58.18086450719802
0.0002582,0.0,0.0,-46.93752714347083,-46.93752714347085,58.134338426024726
0.0002584,0.0,0.0,-43.358495221294035,-43.358495221294056,58.08784955083398
0.0002586,0.0,0.0,-39.66342729087078,-39.66342729087079,58.041397851872894
0.0002588,0.0,0.0,-35.88211762174467,-35.88211762174468,57.994983299412375
0.000259,0.0,0.0,-32.045059630573675,-32.04505963057369,57.94860586374711
0.0002592,0.0,0.0,-28.183198455914578,-28.18319845591459,57.90226551519553
0.00025939999999999996,0.0,0.0,-24.32767987398819,-24.327679873988195,57.85596222409981
0.00025959999999999997,0.0,0.0,-20.509597592684155,-20.50959759268416,57.80969596082584
0.00025979999999999997,0.0,0.0,-16.759740974172864,-16.75974097417287,57.763466695763206
0.00026,0.0,0.0,-13.108345232964353,-13.10834523296436,57.71727439932517
0.0002602,0.0,0.0,0.0,0.0,57.67111904194866
0.0002604,335.15521622791465,335.15521622791465,0.0,0.0,57.658502714868725
0.0002606,697.5078589007294,697.5078589007294,0.0,0.0,57.71561937354622
0.0002608,1057.432975942886,1057.432975942886,0.0,0.0,57.84488925357973
0.000261,1385.4796592745645,1385.4796592745645,0.0,0.0,58.042825431227556
0.0002612,1654.4704788623383,1654.4704788623383,0.0,0.0,58.30028320158812
0.0002614,1841.438428098266,1841.438428098266,0.0,0.0,58.60311273390999
0.00026159999999999996,1929.2633831968578,1929.2633831968578,0.0,0.0,58.933168402584904
0.00026179999999999997,1907.8915240945748,1907.8915240945748,0.0,0.0,59.26960278483908
0.00026199999999999997,1775.0509102592716,1775.0509102592716,0.0,0.0,59.59035304594215
0.0002622,1536.41233019554,1536.41233019554,0.0,0.0,59.87371374327195
0.0002624,1205.1840867018461,1205.1840867018461,0.0,0.0,60.09988394588603
0.0002626,801.1697222848175,801.1697222848175,0.0,0.0,60.252378421837605
0.0002628,349.3559554426619,349.3559554426619,0.0,0.0,60.3192023572987
0.000263,0.0,0.0,-30.146852972874097,-30.146852972874107,60.29370594574822
0.0002632,0.0,0.0,-28.58986876159637,-28.589868761596378,60.245490267263015
0.0002634,0.0,0.0,-27.97435764401981,-27.97435764401982,60.19731314589775
0.0002636,0.0,0.0,-27.376115666436718,-27.376115666436725,60.14917455081906
0.00026379999999999996,0.0,0.0,-26.79980093874274,-26.79980093874275,60.101074451218246
0.00026399999999999997,0.0,0.0,-26.249893707075216,-26.24989370707523,60.05301281631123
0.00026419999999999997,0.0,0.0,-25.73066000757853,-25.730660007578535,60.00498961533857
0.0002644,0.0,0.0,-25.246117059045176,-25.246117059045183,59.95700481756541
0.0002646,0.0,0.0,-24.800000675176882,-24.80000067517689,59.90905839228147
0.0002648,0.0,0.0,-24.39573496081666,-24.395734960816668,59.86115030880104
0.000265,0.0,0.0,-24.03640453796592,-24.03640453796593,59.813280536462926
0.0002652,0.0,0.0,-52.70033928296631,-52.70033928296633,59.765449044630486
0.0002654,0.0,0.0,-52.320401279080436,-52.32040127908046,59.71765580269155
0.0002656,0.0,0.0,-51.758249265951676,-51.7582492659517,59.66990078005845
0.0002658,0.0,0.0,-51.018254949544556,-51.01825494954458,59.62218394616796
0.000266,0.0,0.0,-50.10623300636752,-50.10623300636754,59.574505270481296
0.00026619999999999997,0.0,0.0,-49.02939387089788,-49.0293938708979,59.526864722484106
0.00026639999999999997,0.0,0.0,-47.79628519968565,-47.79628519968566,59.47926227168644
0.0002666,0.0,0.0,-46.41672248734227,-46.41672248734229,59.43169788762271
0.0002668,0.0,0.0,-44.90170939762496,-44.901709397624984,59.38417153985172
0.000267,0.0,0.0,-43.26334845626003,-43.26334845626005,59.336683197956596
0.0002672,0.0,0.0,-41.51474283033281,-41.51474283033283,59.289232831544794
0.0002674,0.0,0.0,-39.66988999137324,-39.66988999137325,59.241820410248074
0.0002676,0.0,0.0,-37.74356812509832,-37.743568125098335,59.19444590372248
0.0002678,0.0,0.0,-35.75121620960157,-35.75121620960159,59.14710928164833
0.000268,0.0,0.0,-33.70880873512818,-33.708808735128194,59.09981051373018
0.0002682,0.0,0.0,-31.63272608202633,-31.632726082026345,59.05254956969681
0.00026839999999999996,0.0,0.0,-29.539621608667844,-29.539621608667854,59.005326419301205
0.00026859999999999997,0.0,0.0,-27.446286527799074,-27.44628652779908,58.958141032320555
0.0002688,0.0,0.0,-25.36951366770065,-25.36951366770066,58.9109933785562
0.000269,0.0,0.0,-23.325961223555836,-23.325961223555844,58.86388342783364
0.0002692,0.0,0.0,-21.33201760447973,-21.332017604479734,58.81681115000251
0.0002694,0.0,0.0,-19.40366847274533,-19.403668472745338,58.76977651493653
0.0002696,0.0,0.0,-17.556367053929083,-17.556367053929087,58.72277949253354
0.0002698,0.0,0.0,-15.80490877013384,-15.804908770133848,58.67582005271544
0.00027,0.0,0.0,-14.163311213346322,-14.163311213346326,58.628898165428176
0.0002702,0.0,0.0,0.0,0.0,58.58201380064175
0.0002704,270.5377612316447,270.5377612316447,0.0,0.0,58.56220988728974
0.00027059999999999996,541.0378899133552,541.0378899133552,0.0,0.0,58.596503966862585
0.00027079999999999997,788.3854377423138,788.3854377423138,0.0,0.0,58.68253468416774
0.000271,991.1207994261904,991.1207994261904,0.0,0.0,58.813486899251224
0.0002712,1130.9693258917455,1130.9693258917455,0.0,0.0,58.978579085389164
0.0002714,1194.1436208158168,1194.1436208158168,0.0,0.0,59.16383341505974
0.0002716,1172.3257651499168,1172.3257651499168,0.0,0.0,59.353073590853946
0.0002718,1063.2595446896892,1063.2595446896892,0.0,0.0,59.52907926069729
0.000272,870.910564086078,870.910564086078,0.0,0.0,59.67481471398499
0.0002722,605.182934161648,605.182934161648,0.0,0.0,59.77464428021209
0.0002724,281.2128221415907,281.2128221415907,0.0,0.0,59.81544781900273
0.0002726,0.0,0.0,-29.893778414885077,-29.893778414885087,59.78755682977018
0.00027279999999999996,0.0,0.0,-24.368333303729095,-24.368333303729102,59.739745908674806
0.00027299999999999997,0.0,0.0,-25.511027405386315,-25.511027405386322,59.69197322102293
0.00027319999999999997,0.0,0.0,-26.68888386810398,-26.688883868103993,59.64423873624002
0.0002734,0.0,0.0,-27.892151646113405,-27.892151646113412,59.596542423776015
0.0002736,0.0,0.0,-29.1108739113671,-29.110873911367108,59.548884253105264
0.0002738,0.0,0.0,-30.3349688430637,-30.334968843063713,59.50126419372653
0.000274,0.0,0.0,-31.55431142933417,-31.554311429334177,59.45368221516297
0.0002742,0.0,0.0,-32.758815617367375,-32.75881561736739,59.40613828696212
0.0002744,0.0,0.0,-33.93851614544222,-33.93851614544223,59.35863237869585
0.0002746,0.0,0.0,-35.08364939293051,-35.083649392930525,59.31116445996039
0.0002748,0.0,0.0,-36.184732592318774,-36.18473259231878,59.26373450037625
0.00027499999999999996,0.0,0.0,-37.23264076060266,-37.23264076060268,59.21634246958826
0.00027519999999999997,0.0,0.0,-67.194290482025,-67.19429048202502,59.16898833726552
0.00027539999999999997,0.0,0.0,-67.99201944292362,-67.99201944292365,59.12167207310137
0.0002756,0.0,0.0,-68.47793624916162,-68.47793624916164,59.074393646813405
0.0002758,0.0,0.0,-68.64791419728431,-68.64791419728434,59.027153028143424
0.000276,0.0,0.0,-68.50039020491651,-68.50039020491653,58.97995018685742
0.0002762,0.0,0.0,-68.03637743029572,-68.03637743029574,58.93278509274558
0.0002764,0.0,0.0,-67.25945698919185,-67.25945698919188,58.88565771562224
0.0002766,0.0,0.0,-66.1757488369271,-66.17574883692713,58.838568025325856
0.0002768,0.0,0.0,-64.79386205225136,-64.79386205225138,58.79151599171904
0.000277,0.0,0.0,-63.124824926946005,-63.12482492694603,58.74450158468847
0.00027719999999999996,0.0,0.0,-61.18199542886528,-61.1819954288653,58.69752477414494
0.00027739999999999997,0.0,0.0,-58.98095276534971,-58.980952765349734,58.65058553002327
0.00027759999999999997,0.0,0.0,-56.53937092727158,-56.539370927271605,58.60368382228235
0.0002778,0.0,0.0,-53.87687524014992,-53.87687524014994,58.556819620905074
0.000278,0.0,0.0,-51.01488308662017,-51.014883086620195,58.50999289589835
0.0002782,0.0,0.0,-47.976430092940625,-47.976430092940646,58.463203617293075
0.0002784,0.0,0.0,-44.785983190123666,-44.78598319012369,58.4164517551441
0.0002786,0.0,0.0,-41.46924206673844,-41.46924206673845,58.369737279530234
0.0002788,0.0,0.0,-38.05293062457824,-38.05293062457825,58.3230601605542
0.000279,0.0,0.0,-34.56458012945887,-34.56458012945888,58.27642036834264
0.0002792,0.0,0.0,-31.032305816754068,-31.032305816754082,58.22981787304609
0.00027939999999999996,0.0,0.0,-27.484578764336554,-27.48457876433656,58.18325264483893
0.00027959999999999997,0.0,0.0,-23.94999488394678,-23.949994883946786,58.13672465391942
0.00027979999999999997,0.0,0.0,-20.457042905346114,-20.45704290534612,58.09023387050965
0.00028,0.0,0.0,-17.033873235737573,-17.03387323573758,58.0437802648555
0.0002802,0.0,0.0,0.0,0.0,57.99736380722666
0.0002804,268.0770357098665,268.0770357098665,0.0,0.0,57.977781452693684
0.0002806,565.2386419682689,565.2386419682689,0.0,0.0,58.01471602147183
0.0002808,866.4967558435417,866.4967558435417,0.0,0.0,58.11143909920474
0.000281,1146.5719240072592,1146.5719240072592,0.0,0.0,58.266194913584705
0.0002812,1381.6955695636611,1381.6955695636611,0.0,0.0,58.472326254474574
0.0002814,1551.3041827833122,1551.3041827833122,0.0,0.0,58.718749799287764
0.0002816,1639.5047257574397,1639.5047257574397,0.0,0.0,58.99074689146554
0.00028179999999999997,1636.2068722964455,1636.2068722964455,0.0,0.0,59.271013347175476
0.00028199999999999997,1537.8414704299928,1537.8414704299928,0.0,0.0,59.54089341874175
0.0002822,1347.6141202988442,1347.6141202988442,0.0,0.0,59.78170993647255
0.0002824,1075.2759011035357,1075.2759011035357,0.0,0.0,59.97609581631168
0.0002826,736.4276945342556,736.4276945342556,0.0,0.0,60.10923204473104
0.0002828,351.4077860137183,351.4077860137183,0.0,0.0,60.169903938392586
0.000283,0.0,0.0,-30.075650223171866,-30.075650223171877,60.15130044634376
0.0002832,0.0,0.0,-25.3204876873818,-25.320487687381807,60.10319864670654
0.0002834,0.0,0.0,-25.219672487473453,-25.21967248747346,60.055135313122605
0.0002836,0.0,0.0,-25.15788719083954,-25.157887190839546,60.00711041483142
0.0002838,0.0,0.0,-25.135437302251262,-25.13543730225127,59.95912392109705
0.00028399999999999996,0.0,0.0,-25.152309327353514,-25.15230932735352,59.91117580120813
0.00028419999999999997,0.0,0.0,-25.20817088979124,-25.208170889791255,59.86326602447785
0.0002844,0.0,0.0,-25.302373435579433,-25.30237343557944,59.81539456024396
0.0002846,0.0,0.0,-25.433957502711863,-25.43395750271187,59.76756137786871
0.0002848,0.0,0.0,-25.601660513191312,-25.60166051319132,59.719766446738866
0.000285,0.0,0.0,-25.80392702419919,-25.803927024199197,59.672009736265665
0.0002852,0.0,0.0,-55.014531111269626,-55.01453111126965,59.6242912158848
0.0002854,0.0,0.0,-55.1619002822706,-55.16190028227062,59.57661085505642
0.0002856,0.0,0.0,-55.10341590380328,-55.1034159038033,59.528968623265094
0.0002858,0.0,0.0,-54.83936421174618,-54.8393642117462,59.48136449001978
0.000286,0.0,0.0,-54.3716994582341,-54.371699458234126,59.433798424853826
0.00028619999999999996,0.0,0.0,-53.7040280151261,-53.70402801512612,59.38627039732496
0.00028639999999999997,0.0,0.0,-52.84157907340113,-52.84157907340115,59.33878037701522
0.0002866,0.0,0.0,-51.791162176537725,-51.79116217653774,59.291328333531
0.0002868,0.0,0.0,-50.56111193275096,-50.56111193275098,59.24391423650298
0.000287,0.0,0.0,-49.16122035497537,-49.16122035497539,59.196538055586146
0.0002872,0.0,0.0,-47.60265737785395,-47.602657377853966,59.14919976045972
0.0002874,0.0,0.0,-45.89788019690595,-45.89788019690597,59.10189932082721
0.0002876,0.0,0.0,-44.06053216572118,-44.06053216572119,59.05463670641631
0.0002878,0.0,0.0,-42.10533207173189,-42.1053320717319,59.00741188697895
0.000288,0.0,0.0,-40.047954689156505,-40.04795468915652,58.96022483229124
0.0002882,0.0,0.0,-37.90490357846013,-37.90490357846014,58.91307551215346
0.00028839999999999996,0.0,0.0,-35.693377164561085,-35.6933771645611,58.86596389639004
0.00028859999999999997,0.0,0.0,-33.431129180520465,-33.43112918052048,58.818889954849546
0.00028879999999999997,0.0,0.0,-31.13632460914068,-31.136324609140694,58.77185365740464
0.000289,0.0,0.0,-28.827392291399356,-28.827392291399367,58.7248549739521
0.0002892,0.0,0.0,-26.52287539765971,-26.522875397659718,58.67789387441275
0.0002894,0.0,0.0,-24.24128097491026,-24.24128097491027,58.63097032873149
0.0002896,0.0,0.0,-22.000929790753354,-22.00092979075336,58.58408430687725
0.0002898,0.0,0.0,-19.819807692424853,-19.81980769242486,58.53723577884296
0.00029,0.0,0.0,-17.715419686805532,-17.715419686805536,58.49042471464556
0.0002902,0.0,0.0,0.0,0.0,58.44365108432597
0.0002904,225.8640048627334,225.8640048627334,0.0,0.0,58.419492227487524
0.00029059999999999996,462.9505464100322,462.9505464100322,0.0,0.0,58.441629234030195
0.00029079999999999997,690.5390231282145,690.5390231282145,0.0,0.0,58.51019746030629
0.00029099999999999997,888.589087707993,888.589087707993,0.0,0.0,58.62125768933006
0.0002912,1039.1693368972408,1039.1693368972408,0.0,0.0,58.76707819743588
0.0002914,1127.7353882088623,1127.7353882088623,0.0,0.0,58.936687163802
0.0002916,1144.166296877051,1144.166296877051,0.0,0.0,59.116655995047054
0.0002918,1083.4855085080585,1083.4855085080585,0.0,0.0,59.292057690111506
0.000292,946.2150406231015,946.2150406231015,0.0,0.0,59.4475319091849
0.0002922,738.3377352862287,738.3377352862287,0.0,0.0,59.56838082168349
0.0002924,470.87036095427527,470.87036095427527,0.0,0.0,59.641617631926096
0.0002926,159.0780733601414,159.0780733601414,0.0,0.0,59.65689307107634
0.00029279999999999996,0.0,0.0,-29.80361692864202,-29.80361692864203,59.607233857284065
0.00029299999999999997,0.0,0.0,-21.74052640843734,-21.740526408437347,59.55956713688639
0.00029319999999999997,0.0,0.0,-22.214734558059604,-22.21473455805961,59.51193853461779
0.0002934,0.0,0.0,-22.75013537326155,-22.75013537326155,59.464348019995946
0.0002936,0.0,0.0,-23.34219031722722,-23.342190317227228,59.41679556256292
0.0002938,0.0,0.0,-23.9859014552177,-23.985901455217707,59.36928113188514
0.000294,0.0,0.0,-24.675852016330694,-24.6758520163307,59.32180469755336
0.0002942,0.0,0.0,-25.40625035249662,-25.406250352496627,59.27436622918267
0.0002944,0.0,0.0,-26.170976937967545,-26.170976937967552,59.22696569641243
0.0002946,0.0,0.0,-26.963634027894898,-26.963634027894912,59.179603068906296
0.0002948,0.0,0.0,-27.777597573027037,-27.777597573027045,59.13227831635219
0.00029499999999999996,0.0,0.0,-28.606070969261978,-28.606070969261992,59.084991408462265
0.00029519999999999997,0.0,0.0,-58.41774996201194,-58.41774996201196,59.03774231497289
0.00029539999999999997,0.0,0.0,-59.13618775921065,-59.13618775921068,58.99053100564464
0.0002956,0.0,0.0,-59.61413500033895,-59.614135000338976,58.943357450262276
0.0002958,0.0,0.0,-59.84752833240666,-59.84752833240668,58.89622161863472
0.000296,0.0,0.0,-59.83428884044212,-59.83428884044214,58.849123480595026
0.0002962,0.0,0.0,-59.574338866326634,-59.574338866326656,58.80206300600039
0.0002964,0.0,0.0,-59.06960259003912,-59.069602590039146,58.755040164732094
0.0002966,0.0,0.0,-58.3239903689903,-58.32399036899032,58.708054926695525
0.0002968,0.0,0.0,-57.34336696290438,-57.34336696290441,58.66110726182011
0.000297,0.0,0.0,-56.135503902447724,-56.135503902447745,58.61419714005936
0.00029719999999999996,0.0,0.0,-54.71001638844706,-54.71001638844708,58.56732453139078
0.00029739999999999996,0.0,0.0,-53.078285234041516,-53.07828523404154,58.520489405815894
0.00029759999999999997,0.0,0.0,-51.2533644834542,-51.25336448345422,58.47369173336022
0.0002978,0.0,0.0,-49.24987545726624,-49.249875457266256,58.42693148407324
0.000298,0.0,0.0,-47.08388808418648,-47.083888084186505,58.3802086280284
0.0002982,0.0,0.0,-44.77279048244,-44.77279048244002,58.333523135323055
0.0002984,0.0,0.0,-42.335147849211616,-42.33514784921164,58.286874976078494
0.0002986,0.0,0.0,-39.79055180330414,-39.790551803304155,58.24026412043988
0.0002988,0.0,0.0,-37.159461403600645,-37.15946140360066,58.19369053857628
0.000299,0.0,0.0,-34.463037133428784,-34.4630371334288,58.147154200680575
0.0002992,0.0,0.0,-31.722969197964858,-31.722969197964872,58.10065507696952
0.0002994,0.0,0.0,-28.96130152792351,-28.961301527923524,58.054193137683654
0.00029959999999999996,0.0,0.0,-26.200252917582283,-26.20025291758229,58.00776835308734
0.00029979999999999997,0.0,0.0,-23.46203674840574,-23.46203674840575,57.96138069346872
0.0003,0.0,0.0,-20.768680760974558,-20.76868076097457,57.91503012913967
0.0003002,0.0,0.0,0.0,0.0,57.86871663043584
0.0003004,192.08374004084612,192.08374004084612,0.0,0.0,57.841640861443175
0.0003006,407.84785937772165,407.84785937772165,0.0,0.0,57.855355222951275
0.0003008,628.1300837578025,628.1300837578025,0.0,0.0,57.91264581684891
0.000301,833.4473360624645,833.4473360624645,0.0,0.0,58.01243352709336
0.0003012,1005.3849327030432,1005.3849327030432,0.0,0.0,58.14985183982314
0.0003014,1127.9093295216423,1127.9093295216423,0.0,0.0,58.31659468743471
0.0003016,1188.5108832397382,1188.5108832397382,0.0,0.0,58.501509467049054
0.00030179999999999996,1179.0952292677257,1179.0952292677257,0.0,0.0,58.69139291734604
0.00030199999999999997,1096.559809528722,1096.559809528722,0.0,0.0,58.871933090822424
0.0003022,943.0145355949835,943.0145355949835,0.0,0.0,59.02873025999447
0.0003024,725.6309418818917,725.6309418818917,0.0,0.0,59.14832398604374
0.0003026,456.13066231665755,456.13066231665755,0.0,0.0,59.21915315560694
0.0003028,149.94976458044874,149.94976458044874,0.0,0.0,59.23238058480049
0.000303,0.0,0.0,-29.591261728189256,-29.591261728189266,59.18252345637854
0.0003032,0.0,0.0,-20.334454145312336,-20.334454145312336,59.13519636844861
0.0003034,0.0,0.0,-20.42134419780581,-20.42134419780581,59.08790712705041
0.0003036,0.0,0.0,-20.58226668168951,-20.582266681689518,59.040655701918816
0.0003038,0.0,0.0,-20.815722450091883,-20.81572245009189,58.993442062812925
0.00030399999999999996,0.0,0.0,-21.11962404774254,-21.119624047742548,58.946266179515995
0.00030419999999999997,0.0,0.0,-21.491312661719995,-21.491312661720002,58.89912802183545
0.00030439999999999997,0.0,0.0,-21.927579707492363,-21.92757970749237,58.852027559602874
0.0003046,0.0,0.0,-22.424692875000098,-22.424692875000105,58.80496476267396
0.0003048,0.0,0.0,-22.978426423347386,-22.978426423347393,58.757939600928516
0.000305,0.0,0.0,-23.584095478203253,-23.58409547820326,58.710952044270435
0.0003052,0.0,0.0,-53.212203809640656,-53.21220380964068,58.664002062627674
0.0003054,0.0,0.0,-53.78779428314423,-53.78779428314425,58.61708962595224
0.0003056,0.0,0.0,-54.164776750061904,-54.164776750061925,58.57021470422017
0.0003058,0.0,0.0,-54.33990722637512,-54.339907226375146,58.523377267431506
0.000306,0.0,0.0,-54.31157968351792,-54.31157968351795,58.47657728561029
0.00030619999999999996,0.0,0.0,-54.07983903888581,-54.07983903888583,58.42981472880452
0.00030639999999999997,0.0,0.0,-53.64638075109254,-53.646380751092565,58.38308956708617
0.00030659999999999997,0.0,0.0,-53.01453702358467,-53.014537023584694,58.33640177055111
0.0003068,0.0,0.0,-52.18924972887668,-52.1892497288767,58.289751309319165
0.000307,0.0,0.0,-51.17703027340889,-51.17703027340891,58.24313815353402
0.0003072,0.0,0.0,-49.9859067289822,-49.98590672898222,58.196562273363256
0.0003074,0.0,0.0,-48.62535866002828,-48.625358660028304,58.15002363899831
0.0003076,0.0,0.0,-47.1062401757929,-47.10624017579292,58.10352222065445
0.0003078,0.0,0.0,-45.44069183203477,-45.44069183203479,58.057057988570755
0.000308,0.0,0.0,-43.64204209729588,-43.64204209729589,58.01063091301012
0.0003082,0.0,0.0,-41.72469918344999,-41.724699183450014,57.96424096425921
0.00030839999999999996,0.0,0.0,-39.70403411839581,-39.704034118395825,57.917888112628454
0.00030859999999999997,0.0,0.0,-37.59625600979659,-37.596256009796605,57.87157232845202
0.00030879999999999997,0.0,0.0,-35.418280512103,-35.41828051210302,57.8252935820878
0.000309,0.0,0.0,-33.187592564216224,-33.18759256421624,57.7790518439174
0.0003092,0.0,0.0,-30.92210451160765,-30.922104511607664,57.73284708434609
0.0003094,0.0,0.0,-28.640010764132484,-28.64001076413249,57.68667927380283
0.0003096,0.0,0.0,-26.359640168854078,-26.35964016885409,57.640548382740214
0.0003098,0.0,0.0,-24.09930729570664,-24.099307295706645,57.59445438163446
0.00031,0.0,0.0,-21.877163842615087,-21.877163842615094,57.548397240985416
0.0003102,0.0,0.0,0.0,0.0,57.50237693131649
0.0003104,163.49741744439612,163.49741744439612,0.0,0.0,57.472736627637346
0.00031059999999999996,345.51253528574887,345.51253528574887,0.0,0.0,57.4776574652732
0.00031079999999999997,529.3193708954251,529.3193708954251,0.0,0.0,57.51914193613075
0.00031099999999999997,698.0661614269118,698.0661614269118,0.0,0.0,57.59583449878902
0.0003112,835.9769925889129,835.9769925889129,0.0,0.0,57.70311923269801
0.0003114,929.4764876584477,929.4764876584477,0.0,0.0,57.833449953048444
0.0003116,968.1574245058612,968.1574245058612,0.0,0.0,57.97688920860022
0.0003118,945.5223599674193,945.5223599674193,0.0,0.0,58.12181770428239
0.000312,859.4464614776682,859.4464614776682,0.0,0.0,58.25576355392362
0.0003122,712.3286255467813,712.3286255467813,0.0,0.0,58.366292240308375
0.0003124,510.9201838935219,510.9201838935219,0.0,0.0,58.44189384681756
0.0003126,265.8434767296619,265.8434767296619,0.0,0.0,58.472804333607705
0.00031279999999999996,0.0,0.0,-29.225851172860533,-29.225851172860544,58.451702345721095
0.00031299999999999996,0.0,0.0,-18.592352099259017,-18.592352099259024,58.404959680910444
0.00031319999999999997,0.0,0.0,-19.611125770385804,-19.61112577038581,58.358254395279964
0.0003134,0.0,0.0,-20.707522648745346,-20.707522648745353,58.31158645893827
0.0003136,0.0,0.0,-21.87245590374542,-21.872455903745426,58.26495584201789
0.0003138,0.0,0.0,-23.09628300806795,-23.096283008067957,58.21836251467521
0.000314,0.0,0.0,-24.368883985637417,-24.368883985637424,58.1718064470905
0.0003142,0.0,0.0,-25.679743531461305,-25.679743531461313,58.125287609467875
0.0003144,0.0,0.0,-27.01803633696958,-27.018036336969587,58.078805972035276
0.0003146,0.0,0.0,-28.372714928488783,-28.37271492848879,58.03236150504444
0.0003148,0.0,0.0,-29.732599306112967,-29.73259930611298,57.98595417877092
0.00031499999999999996,0.0,0.0,-31.08646765564324,-31.086467655643247,57.939583963514
0.00031519999999999996,0.0,0.0,-61.398757153676904,-61.398757153676925,57.89325082959676
0.00031539999999999997,0.0,0.0,-62.58896362842311,-62.58896362842314,57.84695474736597
0.0003156,0.0,0.0,-63.50601444334968,-63.5060144433497,57.800695687192146
0.0003158,0.0,0.0,-64.1422880875867,-64.14228808758673,57.75447361946948
0.000316,0.0,0.0,-64.49244146904915,-64.49244146904918,57.708288514615845
0.0003162,0.0,0.0,-64.55345320999137,-64.5534532099914,57.66214034307277
0.0003164,0.0,0.0,-64.32464810429823,-64.32464810429826,57.61602907530542
0.0003166,0.0,0.0,-63.80770253853747,-63.8077025385375,57.56995468180258
0.0003168,0.0,0.0,-63.006630833252885,-63.00663083325291,57.52391713307662
0.000317,0.0,0.0,-61.92775261578261,-61.92775261578264,57.47791639966353
0.0003172,0.0,0.0,-60.57964148978446,-60.579641489784485,57.431952452122815
0.00031739999999999996,0.0,0.0,-58.97305541839309,-58.973055418393116,57.38602526103755
0.00031759999999999997,0.0,0.0,-57.12084938628965,-57.12084938628967,57.34013479701433
0.00031779999999999997,0.0,0.0,-55.03787104973084,-55.03787104973087,57.29428103068325
0.000318,0.0,0.0,-52.74084022159406,-52.740840221594084,57.248463932697895
0.0003182,0.0,0.0,-50.248213169629175,-50.248213169629196,57.20268347373532
0.0003184,0.0,0.0,-47.58003282930156,-47.58003282930158,57.156939624496026
0.0003186,0.0,0.0,-44.75776614686605,-44.75776614686606,57.11123235570395
0.0003188,0.0,0.0,-41.80412987270067,-41.804129872700685,57.06556163810642
0.000319,0.0,0.0,-38.742906218605654,-38.74290621860567,57.01992744247419
0.0003192,0.0,0.0,-35.59874987497718,-35.598749874977194,56.97432973960136
0.0003194,0.0,0.0,-32.39698795383097,-32.39698795383099,56.928768500305395
0.00031959999999999996,0.0,0.0,-29.163414481008232,-29.163414481008243,56.8832436954271
0.00031979999999999997,0.0,0.0,-25.92408110508258,-25.924081105082585,56.83775529583059
0.00031999999999999997,0.0,0.0,-22.705085721141366,-22.705085721141373,56.792303272403295
0.0003202,0.0,0.0,0.0,0.0,56.74688759605591
0.0003204,174.38672409813068,174.38672409813068,0.0,0.0,56.718939937452326
0.0003206,382.6259596572462,382.6259596572462,0.0,0.0,56.72926192508285
0.0003208,606.1636258268288,606.1636258268288,0.0,0.0,56.78273608442746
0.000321,825.3547684753632,825.3547684753632,0.0,0.0,56.88042266035976
0.0003212,1020.8644540763469,1020.8644540763469,0.0,0.0,57.01948461970291
0.0003214,1175.0462551953774,1175.0462551953774,0.0,0.0,57.19339054056597
0.0003216,1273.2000966128207,1273.2000966128207,0.0,0.0,57.39238086718369
0.00032179999999999996,1304.6198504341146,1304.6198504341146,0.0,0.0,57.604164243843975
0.00032199999999999997,1263.3560719684622,1263.3560719684622,0.0,0.0,57.81479425268562
0.00032219999999999997,1148.6395850601778,1148.6395850601778,0.0,0.0,58.009664035073385
0.0003224,964.9358068824686,964.9358068824686,0.0,0.0,58.17454788949782
0.0003226,721.6260238316851,721.6260238316851,0.0,0.0,58.29661560717057
0.0003228,432.3384158341886,432.3384158341886,0.0,0.0,58.3653472659879
0.000323,113.97658144673562,113.97658144673562,0.0,0.0,58.37328331348421
0.0003232,0.0,0.0,-29.158278260975983,-29.158278260975994,58.316556521951995
0.0003234,0.0,0.0,-19.73462684915802,-19.734626849158026,58.26992193057099
0.0003236,0.0,0.0,-19.270714359028226,-19.270714359028233,58.22332463194598
0.0003238,0.0,0.0,-18.88667567290654,-18.88667567290654,58.1767645962547
0.00032399999999999996,0.0,0.0,-18.58543584457655,-18.58543584457655,58.130241793698715
0.00032419999999999997,0.0,0.0,-18.369248219851066,-18.369248219851066,58.08375619450344
0.00032439999999999997,0.0,0.0,-18.239676170298836,-18.239676170298843,58.03730776891807
0.0003246,0.0,0.0,-18.19758042551623,-18.19758042551623,57.990896487215615
0.0003248,0.0,0.0,-18.24311210658695,-18.243112106586956,57.94452231969285
0.000325,0.0,0.0,-18.375711517114148,-18.375711517114148,57.8981852366703
0.0003252,0.0,0.0,-47.569722457591105,-47.569722457591126,57.851885208492234
0.0003254,0.0,0.0,-47.753711527297085,-47.753711527297106,57.805622205526625
0.0003256,0.0,0.0,-47.78476743266514,-47.78476743266516,57.75939619816515
0.0003258,0.0,0.0,-47.6624543828348,-47.66245438283482,57.71320715682315
0.000326,0.0,0.0,-47.38758110524351,-47.38758110524353,57.66705505193965
0.00032619999999999996,0.0,0.0,-46.96219425361131,-46.96219425361133,57.62093985397728
0.00032639999999999996,0.0,0.0,-46.3895617721817,-46.38956177218172,57.57486153342232
0.00032659999999999997,0.0,0.0,-45.67414635143721,-45.67414635143722,57.52882006078464
0.0003268,0.0,0.0,-44.82156919089765,-44.82156919089766,57.48281540659769
0.000327,0.0,0.0,-43.8385643632473,-43.83856436324732,57.43684754141848
0.0003272,0.0,0.0,-42.732924150286,-42.73292415028602,57.39091643582758
0.0003274,0.0,0.0,-41.51343579444013,-41.51343579444014,57.34502206042907
0.0003276,0.0,0.0,-40.189810179208656,-40.18981017920867,57.29916438585056
0.0003278,0.0,0.0,-38.77260301739122,-38.77260301739123,57.25334338274312
0.000328,0.0,0.0,-37.273129186719174,-37.27312918671919,57.20755902178131
0.0003282,0.0,0.0,-35.70337090809372,-35.70337090809373,57.161811273663126
0.00032839999999999996,0.0,0.0,-34.07588051157588,-34.075880511575896,57.116100109110015
0.00032859999999999996,0.0,0.0,-32.4036785791675,-32.40367857916751,57.070425498866825
0.00032879999999999997,0.0,0.0,-30.70014829091341,-30.700148290913425,57.024787413701794
0.000329,0.0,0.0,-28.97892683163927,-28.978926831639278,56.97918582440655
0.0003292,0.0,0.0,-27.253794739467,-27.25379473946701,56.933620701796066
0.0003294,0.0,0.0,-25.53856409392793,-25.53856409392794,56.88809201670866
0.0003296,0.0,0.0,-23.84696645088659,-23.8469664508866,56.84259974000597
0.0003298,0.0,0.0,-22.19254143352046,-22.192541433520468,56.79714384257294
0.00033,0.0,0.0,-20.58852688325571,-20.58852688325572,56.751724295317786
0.0003302,0.0,0.0,0.0,0.0,56.70634106917199
0.0003304,169.07231634070294,169.07231634070294,0.0,0.0,56.67789460653577
0.00033059999999999996,346.3246919492715,346.3246919492715,0.0,0.0,56.68408951371667
0.00033079999999999996,515.4249607223687,515.4249607223687,0.0,0.0,56.724900882825224
0.00033099999999999997,660.6254744441753,660.6254744441753,0.0,0.0,56.797097127137896
0.0003312,767.8858772603169,767.8858772603169,0.0,0.0,56.89447163480357
0.0003314,825.8739588576464,825.8739588576464,0.0,0.0,57.00828651515538
0.0003316,826.7732892439133,826.7732892439133,0.0,0.0,57.12789676665282
0.0003318,766.8401235205883,766.8401235205883,0.0,0.0,57.24151034508457
0.000332,646.6699459236279,646.6699459236279,0.0,0.0,57.33702993591659
0.0003322,471.15472349198905,471.15472349198905,0.0,0.0,57.402916424314064
0.0003324,249.1339851426871,249.1339851426871,0.0,0.0,57.42901252359837
0.0003326,0.0,0.0,-28.703633937993622,-28.703633937993633,57.40726787598727
0.00033279999999999996,0.0,0.0,-17.958447658352732,-17.95844765835274,57.36136042466701
0.00033299999999999996,0.0,0.0,-19.335744417468263,-19.33574441746827,57.315489684623294
0.00033319999999999997,0.0,0.0,-20.78865940661948,-20.788659406619487,57.269655626498846
0.00033339999999999997,0.0,0.0,-22.3052166204385,-22.305216620438507,57.22385822095986
0.0003336,0.0,0.0,-23.872924133110587,-23.872924133110594,57.178097438696
0.0003338,0.0,0.0,-25.478875463947105,-25.47887546394712,57.13237325042035
0.000334,0.0,0.0,-27.10985430397885,-27.109854303978857,57.08668562686943
0.0003342,0.0,0.0,-28.752441753789313,-28.752441753789327,57.04103453880316
0.0003344,0.0,0.0,-30.393125202453938,-30.39312520245395,56.995419957004835
0.0003346,0.0,0.0,-32.01840796415662,-32.01840796415664,56.94984185228112
0.0003348,0.0,0.0,-33.6149187829296,-33.614918782929614,56.90430019546202
0.000335,0.0,0.0,-35.16952031705398,-35.169520317053994,56.858794957400875
0.00033519999999999996,0.0,0.0,-65.64502547905606,-65.64502547905609,56.81332610897432
0.00033539999999999997,0.0,0.0,-66.95961026788842,-66.95961026788845,56.7678936210823
0.00033559999999999997,0.0,0.0,-67.96119735359254,-67.96119735359257,56.72249746464801
0.0003358,0.0,0.0,-68.64148381160548,-68.64148381160551,56.6771376106179
0.000336,0.0,0.0,-68.99477393666037,-68.9947739366604,56.63181402996167
0.0003362,0.0,0.0,-69.01802539126386,-69.01802539126389,56.58652669367221
0.0003364,0.0,0.0,-68.71087382497379,-68.71087382497382,56.541275572765635
0.0003366,0.0,0.0,-68.07563576525223,-68.07563576525226,56.496060638281214
0.0003368,0.0,0.0,-67.11728975696838,-67.1172897569684,56.45088186128139
0.000337,0.0,0.0,-65.84343590410464,-65.84343590410467,56.405739212851735
0.0003372,0.0,0.0,-64.26423414245029,-64.26423414245032,56.360632664100955
0.00033739999999999996,0.0,0.0,-62.392321744623736,-62.392321744623764,56.31556218616085
0.00033759999999999997,0.0,0.0,-60.24271072725173,-60.24271072725176,56.270527750186304
0.00033779999999999997,0.0,0.0,-57.832665993180285,-57.832665993180306,56.22552932735528
0.000338,0.0,0.0,-55.181565197878626,-55.18156519787865,56.18056688886879
0.0003382,0.0,0.0,-52.31074147745365,-52.31074147745367,56.13564040595086
0.0003384,0.0,0.0,-49.24331031471694,-49.24331031471696,56.090749849848535
0.0003386,0.0,0.0,-46.003981948411216,-46.00398194841123,56.04589519183186
0.0003388,0.0,0.0,-42.61886084796414,-42.61886084796416,56.00107640319385
0.000339,0.0,0.0,-39.115233881044354,-39.115233881044375,55.95629345525047
0.0003392,0.0,0.0,-35.52134889289551,-35.521348892895524,55.91154631934063
0.0003394,0.0,0.0,-31.866185494176506,-31.866185494176513,55.86683496682616
0.00033959999999999996,0.0,0.0,-28.1792199172085,-28.17921991720851,55.82215936909179
0.00033979999999999997,0.0,0.0,-24.49018584860984,-24.490185848609848,55.777519497545136
0.00033999999999999997,0.0,0.0,-20.828833178899266,-20.828833178899274,55.732915323616666
0.0003402,0.0,0.0,0.0,0.0,55.68834681875971
0.0003404,214.51502654372766,214.51502654372766,0.0,0.0,55.66525687993461
0.0003406,466.84172772344306,466.84172772344306,0.0,0.0,55.688850912244455
0.0003408,735.3432979183208,735.3432979183208,0.0,0.0,55.76448807921205
0.000341,997.2289969668609,997.2289969668609,0.0,0.0,55.89308228055666
0.0003412,1230.1792287641454,1230.1792287641454,0.0,0.0,56.07103745523545
0.0003414,1413.9366789843782,1413.9366789843782,0.0,0.0,56.29050442925651
0.0003416,1531.750129189907,1531.750129189907,0.0,0.0,56.539940931929465
0.00034179999999999996,1571.5680889336227,1571.5680889336227,0.0,0.0,56.804934803447665
0.00034199999999999996,1526.8972395007659,1526.8972395007659,0.0,0.0,57.06923166970184
0.00034219999999999997,1397.2645888176053,1397.2645888176053,0.0,0.0,57.31589380234486
0.0003424,1188.2504917950707,1188.2504917950707,0.0,0.0,57.52850754986524
0.0003426,911.090279460499,911.090279460499,0.0,0.0,57.69235328265779
0.0003428,581.8729832451509,581.8729832451509,0.0,0.0,57.79545448582097
0.000343,220.39434684542147,220.39434684542147,0.0,0.0,57.82943126452989
0.0003432,0.0,0.0,-28.895048740954056,-28.895048740954067,57.79009748190814
0.0003434,0.0,0.0,-22.14375986905005,-22.143759869050058,57.74388388935963
0.0003436,0.0,0.0,-21.44940511410431,-21.449405114104316,57.697707252902724
0.0003438,0.0,0.0,-20.81512052412443,-20.81512052412444,57.65156754298437
0.00034399999999999996,0.0,0.0,-20.2458637082279,-20.2458637082279,57.60546473007514
0.00034419999999999996,0.0,0.0,-19.746064702261314,-19.74606470226132,57.55939878466924
0.00034439999999999997,0.0,0.0,-19.319590038463822,-19.319590038463822,57.51336967728446
0.0003446,0.0,0.0,-18.96971138798687,-18.969711387986877,57.46737737846216
0.0003448,0.0,0.0,-18.699079030577828,-18.699079030577828,57.42142185876727
0.000345,0.0,0.0,-18.509700366563195,-18.509700366563195,57.37550308878824
0.0003452,0.0,0.0,-47.378533401449324,-47.378533401449346,57.32962103913707
0.0003454,0.0,0.0,-47.23678483634249,-47.23678483634251,57.28377568044924
0.0003456,0.0,0.0,-46.944187955243635,-46.94418795524365,57.23796698338371
0.0003458,0.0,0.0,-46.50293456373557,-46.50293456373559,57.1921949186229
0.000346,0.0,0.0,-45.91642268600734,-45.91642268600735,57.146459456872705
0.00034619999999999996,0.0,0.0,-45.189228965534966,-45.18922896553498,57.10076056886241
0.00034639999999999996,0.0,0.0,-44.327071503716574,-44.32707150371659,57.05509822534473
0.00034659999999999997,0.0,0.0,-43.33676343820286,-43.33676343820288,57.00947239709575
0.00034679999999999997,0.0,0.0,-42.2261576377903,-42.226157637790315,56.963883054914945
0.000347,0.0,0.0,-41.00408296281074,-41.004082962810756,56.91833016962513
0.0003472,0.0,0.0,-39.68027260837349,-39.68027260837351,56.87281371207245
0.0003474,0.0,0.0,-38.26528511203915,-38.265285112039166,56.82733365312637
0.0003476,0.0,0.0,-36.77041866700722,-36.770418667007235,56.781889963679646
0.0003478,0.0,0.0,-35.207619436199764,-35.20761943619978,56.73648261464832
0.000348,0.0,0.0,-33.58938461127993,-33.58938461127995,56.691111576971664
0.0003482,0.0,0.0,-31.928661003263215,-31.92866100326323,56.64577682161223
0.00034839999999999996,0.0,0.0,-30.238739987614295,-30.238739987614306,56.60047831955576
0.00034859999999999996,0.0,0.0,-28.53314965628035,-28.533149656280365,56.555216041811214
0.00034879999999999997,0.0,0.0,-26.825545051752385,-26.825545051752396,56.509989959410724
0.00034899999999999997,0.0,0.0,-25.129597373786197,-25.129597373786208,56.464800043409596
0.0003492,0.0,0.0,-23.458883057728393,-23.4588830577284,56.419646264886275
0.0003494,0.0,0.0,-21.82677362441263,-21.82677362441264,56.37452859494234
0.0003496,0.0,0.0,-20.246327195309206,-20.246327195309217,56.32944700470248
0.0003498,0.0,0.0,-18.730182553078382,-18.730182553078386,56.284401465314474
0.00035,0.0,0.0,-17.290456607004288,-17.29045660700429,56.239391947949166
0.0003502,0.0,0.0,0.0,0.0,56.194418423800464
0.0003504,216.96556613118773,216.96556613118773,0.0,0.0,56.17116874554585
0.0003506,435.51557957413945,435.51557957413945,0.0,0.0,56.191471803896604
0.00035079999999999996,636.4012614328874,636.4012614328874,0.0,0.0,56.25368542510571
0.00035099999999999997,801.6374347495469,801.6374347495469,0.0,0.0,56.352446841817184
0.00035119999999999997,915.784595453054,915.784595453054,0.0,0.0,56.47905644352331
0.0003514,967.0492800067464,967.0492800067464,0.0,0.0,56.62209936874439
0.0003516,948.124354347578,948.124354347578,0.0,0.0,56.768260588197045
0.0003518,856.7094005114336,856.7094005114336,0.0,0.0,56.90327534930795
0.000352,695.6741882112053,695.6741882112053,0.0,0.0,57.01294721915283
0.0003522,472.8536620323607,472.8536620323607,0.0,0.0,57.08416116082519
0.0003524,200.48913705286526,200.48913705286526,0.0,0.0,57.10581944848999
0.0003526,0.0,0.0,-28.534816870702667,-28.534816870702677,57.06963374140536
0.0003528,0.0,0.0,-20.691629095284412,-20.69162909528442,57.02399628939304
0.00035299999999999996,0.0,0.0,-21.782373580954733,-21.78237358095474,56.978395332744185
0.00035319999999999997,0.0,0.0,-22.92752495584056,-22.927524955840568,56.93283084227418
0.00035339999999999997,0.0,0.0,-24.11760586199354,-24.117605861993546,56.88730278882174
0.0003536,0.0,0.0,-25.34277478460477,-25.342774784604778,56.84181114324891
0.0003538,0.0,0.0,-26.59290590979738,-26.592905909797388,56.796355876441034
0.000354,0.0,0.0,-27.857671287133314,-27.85767128713332,56.750936959306735
0.0003542,0.0,0.0,-29.126624630153763,-29.12662463015377,56.7055543627779
0.0003544,0.0,0.0,-30.38928607499814,-30.389286074998147,56.66020805780967
0.0003546,0.0,0.0,-31.63522720939011,-31.635227209390116,56.61489801538039
0.0003548,0.0,0.0,-32.854155682102046,-32.85415568210205,56.56962420649164
0.000355,0.0,0.0,-34.035998706429986,-34.03599870643,56.52438660216817
0.00035519999999999996,0.0,0.0,-64.14659453629886,-64.14659453629889,56.47918517345792
0.00035539999999999997,0.0,0.0,-65.10708075331694,-65.10708075331696,56.434019891431966
0.00035559999999999997,0.0,0.0,-65.7682538242152,-65.76825382421522,56.38889072718452
0.0003558,0.0,0.0,-66.12457352076662,-66.12457352076665,56.34379765183291
0.000356,0.0,0.0,-66.17297332127805,-66.17297332127808,56.298740636517564
0.0003562,0.0,0.0,-65.91288523045968,-65.91288523045971,56.253719652402
0.0003564,0.0,0.0,-65.34624432691773,-65.34624432691774,56.20873467067277
0.0003566,0.0,0.0,-64.4774730018676,-64.47747300186762,56.16378566253948
0.0003568,0.0,0.0,-63.31344501744118,-63.31344501744121,56.11887259923477
0.000357,0.0,0.0,-61.86342967669182,-61.86342967669185,56.073995452014266
0.0003572,0.0,0.0,-60.13901655875733,-60.139016558757355,56.0291541921566
0.00035739999999999996,0.0,0.0,-58.15402143031484,-58.15402143031486,55.984348790963345
0.00035759999999999996,0.0,0.0,-55.92437409717214,-55.92437409717216,55.939579219759054
0.00035779999999999997,0.0,0.0,-53.467989106350295,-53.467989106350316,55.89484544989119
0.000358,0.0,0.0,-50.80462034813251,-50.80462034813253,55.85014745273014
0.0003582,0.0,0.0,-47.95570073815623,-47.955700738156246,55.80548519966918
0.0003584,0.0,0.0,-44.94416828064952,-44.944168280649535,55.76085866212446
0.0003586,0.0,0.0,-41.79427992437778,-41.7942799243778,55.716267811535
0.0003588,0.0,0.0,-38.53141472187601,-38.531414721876025,55.67171261936264
0.000359,0.0,0.0,-35.18186788929303,-35.18186788929304,55.62719305709206
0.0003592,0.0,0.0,-31.77263743796263,-31.772637437962636,55.58270909623073
0.0003594,0.0,0.0,-28.331205109045687,-28.331205109045698,55.53826070830891
0.00035959999999999996,0.0,0.0,-24.88531338876657,-24.88531338876658,55.49384786487963
0.00035979999999999996,0.0,0.0,-21.46274041352435,-21.46274041352436,55.44947053751867
0.00035999999999999997,0.0,0.0,-18.091074591235678,-18.09107459123568,55.40512869782453
0.0003602,0.0,0.0,0.0,0.0,55.36082231741843
0.0003604,250.6015913322915,250.6015913322915,0.0,0.0,55.341601507021885
0.0003606,531.3519886046436,531.3519886046436,0.0,0.0,55.375510020404604
0.0003608,818.605998682797,818.605998682797,0.0,0.0,55.4661691474662
0.000361,1088.2550626386324,1088.2550626386324,0.0,0.0,55.6124238164128
0.0003612,1317.4460877326608,1317.4460877326608,0.0,0.0,55.80842559168669
0.0003614,1486.2104236042185,1486.2104236042185,0.0,0.0,56.04405025248272
0.0003616,1578.8869160144359,1578.8869160144359,0.0,0.0,56.305620118296275
0.00036179999999999996,1585.2376724030455,1585.2376724030455,0.0,0.0,56.5768795772598
0.00036199999999999996,1501.1770948171466,1501.1770948171466,0.0,0.0,56.84015424045474
0.00036219999999999997,1329.0623136310944,1329.0623136310944,0.0,0.0,57.07761107517331
0.00036239999999999997,1077.5244233294372,1077.5244233294372,0.0,0.0,57.27252969256227
0.0003626,760.8526503775652,760.8526503775652,0.0,0.0,57.4104941903798
0.0003628,397.97544015862223,397.97544015862223,0.0,0.0,57.48042063350387
0.000363,11.111165064185798,11.111165064185798,0.0,0.0,57.475346986977954
0.0003632,0.0,0.0,-28.69646463066524,-28.69646463066525,57.39292926133051
0.0003634,0.0,0.0,-22.067265547566436,-22.067265547566443,57.34703327631545
0.0003636,0.0,0.0,-20.687718836617684,-20.68771883661769,57.30117399340756
0.0003638,0.0,0.0,-19.37283014603755,-19.372830146037558,57.255351383256894
0.00036399999999999996,0.0,0.0,-18.133080335362735,-18.133080335362735,57.209565416536975
0.00036419999999999996,0.0,0.0,-16.978340519020385,-16.978340519020392,57.16381606394478
0.00036439999999999997,0.0,0.0,-15.917791991847567,-15.91779199184757,57.11810329620072
0.00036459999999999997,0.0,0.0,-14.959851753405134,-14.959851753405134,57.07242708404862
0.0003648,0.0,0.0,-14.112104235207854,-14.112104235207857,57.0267873982557
0.000365,0.0,0.0,-13.381239784650104,-13.381239784650104,56.98118420961255
0.0003652,0.0,0.0,-41.74861016067051,-41.74861016067052,56.93561748893313
0.0003654,0.0,0.0,-41.149490982530686,-41.1494909825307,56.890087207054734
0.0003656,0.0,0.0,-40.4473266118846,-40.44732661188461,56.844593334837974
0.0003658,0.0,0.0,-39.647631990379445,-39.64763199037946,56.79913584316677
0.000366,0.0,0.0,-38.75671338388725,-38.756713383887266,56.75371470294833
0.00036619999999999996,0.0,0.0,-37.78161719729099,-37.781617197291006,56.7083298851131
0.00036639999999999996,0.0,0.0,-36.73007278540504,-36.730072785405056,56.66298136061481
0.00036659999999999997,0.0,0.0,-35.61042972417926,-35.610429724179276,56.61766910043039
0.00036679999999999997,0.0,0.0,-34.43159005127113,-34.431590051271144,56.572393075559994
0.000367,0.0,0.0,-33.20293602587385,-33.20293602587387,56.52715325702696
0.0003672,0.0,0.0,-31.934253994029618,-31.934253994029632,56.481949615877795
0.0003674,0.0,0.0,-30.63565497724081,-30.63565497724082,56.43678212318217
0.0003676,0.0,0.0,-29.31749262876268,-29.317492628762693,56.39165075003288
0.0003678,0.0,0.0,-27.990279223302437,-27.990279223302448,56.34655546754585
0.000368,0.0,0.0,-26.664600361789432,-26.66460036178944,56.30149624686008
0.0003682,0.0,0.0,-25.3510290832899,-25.351029083289912,56.25647305913768
0.0003684,0.0,0.0,-24.06004008093297,-24.06004008093298,56.2114858755638
0.00036859999999999996,0.0,0.0,-22.80192471785361,-22.801924717853616,56.16653466734664
0.00036879999999999997,0.0,0.0,-21.58670753265069,-21.586707532650692,56.12161940571741
0.00036899999999999997,0.0,0.0,-20.424064911755977,-20.424064911755984,56.07674006193035
0.0003692,0.0,0.0,-19.32324658851245,-19.323246588512454,56.031896607262674
0.0003694,0.0,0.0,-18.293000605809667,-18.293000605809674,55.98708901301456
0.0003696,0.0,0.0,-17.341502351006927,-17.341502351006934,55.94231725050915
0.0003698,0.0,0.0,-16.47628823881962,-16.476288238819627,55.89758129109251
0.00037,0.0,0.0,-15.704194580118997,-15.704194580119005,55.852881106133616
0.0003702,0.0,0.0,0.0,0.0,55.808216667024354
0.0003704,225.97623038784744,225.97623038784744,0.0,0.0,55.786176532783216
0.0003706,442.04311971856197,442.04311971856197,0.0,0.0,55.80834066091638
0.00037079999999999996,629.1565541071061,629.1565541071061,0.0,0.0,55.870788976444004
0.00037099999999999996,770.3424244648259,770.3424244648259,0.0,0.0,55.9660041570478
0.00037119999999999997,851.9064570687945,851.9064570687945,0.0,0.0,56.08340927982641
0.0003714,864.4100376613055,864.4100376613055,0.0,0.0,56.21012351618102
0.0003716,803.3425408764865,803.3425408764865,0.0,0.0,56.33188197183959
0.0003718,669.4423205711705,669.4423205711705,0.0,0.0,56.4340540835622
0.000372,468.6435651115617,468.6435651115617,0.0,0.0,56.502687975306934
0.0003722,211.65288902389204,211.65288902389204,0.0,0.0,56.525506342993154
0.0003724,0.0,0.0,-28.246391453991507,-28.246391453991517,56.49278290798304
0.0003726,0.0,0.0,-20.981595754247053,-20.98159575424706,56.447606752119
0.0003728,0.0,0.0,-22.580556920903305,-22.580556920903312,56.40246672272906
0.00037299999999999996,0.0,0.0,-24.225099978146154,-24.22509997814616,56.357362790923595
0.00037319999999999996,0.0,0.0,-25.90169784116452,-25.901697841164527,56.31229492783609
0.00037339999999999997,0.0,0.0,-27.59656382434099,-27.596563824341004,56.267263104623105
0.0003736,0.0,0.0,-29.295763505610445,-29.29576350561046,56.22226729246427
0.0003738,0.0,0.0,-30.985327786754326,-30.985327786754333,56.177307462562254
0.000374,0.0,0.0,-32.65136623228781,-32.65136623228782,56.13238358614277
0.0003742,0.0,0.0,-34.28017976735885,-34.28017976735887,56.087495634454534
0.0003744,0.0,0.0,-35.85837182030139,-35.85837182030141,56.042643578769244
0.0003746,0.0,0.0,-37.372957008126335,-37.37295700812634,55.99782739038158
0.0003748,0.0,0.0,-38.81146648319129,-38.8114664831913,55.953047040609185
0.000375,0.0,0.0,-40.16204908640112,-40.16204908640113,55.90830250079262
0.00037519999999999996,0.0,0.0,-70.38917724243322,-70.38917724243325,55.863593742295386
0.00037539999999999996,0.0,0.0,-71.41304631839574,-71.41304631839577,55.81892073650386
0.00037559999999999997,0.0,0.0,-72.08394181560666,-72.0839418156067,55.77428345482733
0.0003758,0.0,0.0,-72.3962479247311,-72.39624792473113,55.72968186869792
0.000376,0.0,0.0,-72.34725852990357,-72.3472585299036,55.68511594957061
0.0003762,0.0,0.0,-71.93719909383712,-71.93719909383715,55.64058566892321
0.0003764,0.0,0.0,-71.16922475706171,-71.16922475706174,55.59609099825634
0.0003766,0.0,0.0,-70.04939466729292,-70.04939466729296,55.551631909093395
0.0003768,0.0,0.0,-68.58662274778791,-68.58662274778794,55.507208372980564
0.000377,0.0,0.0,-66.79260530470266,-66.79260530470269,55.46282036148678
0.0003772,0.0,0.0,-64.68172606137124,-64.68172606137126,55.4184678462037
0.00037739999999999996,0.0,0.0,-62.270939390560315,-62.27093939056034,55.37415079874572
0.00037759999999999996,0.0,0.0,-59.57963269262348,-59.579632692623505,55.32986919074992
0.00037779999999999997,0.0,0.0,-56.62946903665677,-56.62946903665679,55.28562299387607
0.00037799999999999997,0.0,0.0,-53.44421134186546,-53.44421134186548,55.241412179806595
0.0003782,0.0,0.0,-50.04952952609439,-50.04952952609441,55.19723672024657
0.0003784,0.0,0.0,-46.47279218663514,-46.472792186635154,55.1530965869237
0.0003786,0.0,0.0,-42.74284450388266,-42.74284450388268,55.1089917515883
0.0003788,0.0,0.0,-38.88977417015345,-38.889774170153466,55.064922186013256
0.000379,0.0,0.0,-34.94466724309123,-34.944667243091246,55.020887861994055
0.0003792,0.0,0.0,-30.93935590478675,-30.939355904786765,54.97688875134872
0.0003794,0.0,0.0,-26.906160173363038,-26.906160173363048,54.93292482591781
0.00037959999999999996,0.0,0.0,-22.87762566279401,-22.87762566279402,54.88899605756441
0.00037979999999999996,0.0,0.0,-18.886259518736267,-18.88625951873627,54.845102418174115
0.00037999999999999997,0.0,0.0,-14.96426667290073,-14.964266672900735,54.80124387965498
0.00038019999999999997,0.0,0.0,0.0,0.0,54.757420413937545
0.0003804,312.86802687327054,312.86802687327054,0.0,0.0,54.74490628594492
0.0003806,659.6575276637665,659.6575276637665,0.0,0.0,54.798341542267345
0.0003808,1012.0426131875026,1012.0426131875026,0.0,0.0,54.921623570307446
0.000381,1341.2982736679728,1341.2982736679728,0.0,0.0,55.11294383203206
0.0003812,1620.3481780101138,1620.3481780101138,0.0,0.0,55.36491733273397
0.0003814,1825.69452173834,1825.69452173834,0.0,0.0,55.66510959193894
0.0003816,1939.0924220553766,1939.0924220553766,0.0,0.0,55.99692347309231
0.00038179999999999996,1948.8495939395186,1948.8495939395186,0.0,0.0,56.34078259226566
0.00038199999999999996,1850.658771887627,1850.658771887627,0.0,0.0,56.67552690504945
0.00038219999999999997,1647.9036609907118,1647.9036609907118,0.0,0.0,56.97992096918759
0.00038239999999999997,1351.4167325761528,1351.4167325761528,0.0,0.0,57.23416737320732
0.0003826,978.7062480824659,978.7062480824659,0.0,0.0,57.42131747733297
0.0003828,552.7077156445043,552.7077156445043,0.0,0.0,57.528478955132684
0.000383,100.14886209141315,100.14886209141315,0.0,0.0,57.54773412767315
0.0003832,0.0,0.0,-28.73835185563828,-28.738351855638292,57.47670371127659
0.0003834,0.0,0.0,-25.41820299339691,-25.418202993396918,57.43074073349868
0.0003836,0.0,0.0,-23.57762556738001,-23.577625567380018,57.38481451140072
0.0003838,0.0,0.0,-21.778609483953318,-21.778609483953325,57.33892501558992
0.000384,0.0,0.0,-20.03556385697491,-20.03556385697491,57.293072216697006
0.00038419999999999996,0.0,0.0,-18.362443482635896,-18.362443482635904,57.24725608537617
0.00038439999999999997,0.0,0.0,-16.772635628279197,-16.772635628279197,57.2014765923051
0.00038459999999999997,0.0,0.0,-15.278851428614333,-15.278851428614333,57.155733708184904
0.0003848,0.0,0.0,-13.89302277037236,-13.893022770372363,57.11002740374013
0.000385,0.0,0.0,-12.62620550189254,-12.626205501892544,57.06435764971875
0.0003852,0.0,0.0,-40.464099508892645,-40.464099508892666,57.018724416892105
0.0003854,0.0,0.0,-39.34627588518072,-39.34627588518073,56.97312767605492
0.0003856,0.0,0.0,-38.140386964709464,-38.14038696470948,56.92756739802529
0.0003858,0.0,0.0,-36.856034019959324,-36.85603401995934,56.88204355364462
0.000386,0.0,0.0,-35.50345485472011,-35.503454854720125,56.836556113777654
0.0003862,0.0,0.0,-34.09344072414512,-34.09344072414513,56.791105049312414
0.00038639999999999996,0.0,0.0,-32.637248766404596,-32.63724876640461,56.745690331160226
0.00038659999999999996,0.0,0.0,-31.14651065653281,-31.146510656532826,56.70031193025566
0.00038679999999999997,0.0,0.0,-29.633138223697014,-29.633138223697024,56.654969817556534
0.000387,0.0,0.0,-28.10922679773554,-28.109226797735552,56.60966396404389
0.0003872,0.0,0.0,-26.586957069217597,-26.586957069217604,56.56439434072198
0.0003874,0.0,0.0,-25.078496259318207,-25.078496259318218,56.51916091861825
0.0003876,0.0,0.0,-23.59589940138273,-23.595899401382734,56.473963668783284
0.0003878,0.0,0.0,-22.15101153512929,-22.151011535129292,56.428802562290855
0.000388,0.0,0.0,-20.755371607013483,-20.755371607013487,56.38367757023784
0.0003882,0.0,0.0,-19.420118856417336,-19.420118856417343,56.33858866374425
0.0003884,0.0,0.0,-18.155902447136974,-18.15590244713698,56.29353581395317
0.00038859999999999996,0.0,0.0,-16.97279507729403,-16.972795077294037,56.248518992030775
0.00038879999999999996,0.0,0.0,-15.88021126849936,-15.880211268499366,56.20353816916629
0.00038899999999999997,0.0,0.0,-14.886830997115217,-14.886830997115222,56.158593316571995
0.0003892,0.0,0.0,-14.000529287103042,-14.000529287103044,56.11368440548317
0.0003894,0.0,0.0,-13.228312335559558,-13.228312335559563,56.068811407158115
0.0003896,0.0,0.0,-12.576260689027087,-12.576260689027091,56.0239742928781
0.0003898,0.0,0.0,-12.049479931445031,-12.049479931445033,55.97917303394737
0.00039,0.0,0.0,-11.65205928365247,-11.652059283652477,55.93440760169311
0.0003902,0.0,0.0,0.0,0.0,55.889677967465445
0.0003904,280.6049294918977,280.6049294918977,0.0,0.0,55.873033375877306
0.0003906,540.6392081652568,540.6392081652568,0.0,0.0,55.91044439853326
0.00039079999999999996,757.9137929412152,757.9137929412152,0.0,0.0,55.99553730596211
0.00039099999999999996,913.295476214259,913.295476214259,0.0,0.0,56.11781289279815
0.00039119999999999997,992.0703610159755,992.0703610159755,0.0,0.0,56.26339699256703
0.00039139999999999997,984.9920917370935,984.9920917370935,0.0,0.0,56.416031466458726
0.0003916,888.9402105371503,888.9402105371503,0.0,0.0,56.55823499010353
0.0003918,707.1418102362219,707.1418102362219,0.0,0.0,56.67255087783369
0.000392,448.94078610809373,448.94078610809373,0.0,0.0,56.74279299991702
0.0003922,129.13123227628802,129.13123227628802,0.0,0.0,56.75520100415383
0.0003924,0.0,0.0,-28.34971126824907,-28.34971126824908,56.69942253649817
0.0003926,0.0,0.0,-24.6485056242446,-24.648505624244606,56.65408113502956
0.0003928,0.0,0.0,-25.992923736941535,-25.992923736941542,56.60877599217867
0.00039299999999999996,0.0,0.0,-27.356080734964415,-27.356080734964422,56.56350707895022
0.00039319999999999996,0.0,0.0,-28.72673254093992,-28.726732540939935,56.51827436637209
0.00039339999999999997,0.0,0.0,-30.093574688988234,-30.093574688988248,56.473077825495345
0.00039359999999999997,0.0,0.0,-31.445334044763477,-31.445334044763484,56.427917427394185
0.0003938,0.0,0.0,-32.770860269053706,-32.77086026905371,56.38279314316596
0.000394,0.0,0.0,-34.059216282857335,-34.05921628285735,56.33770494393112
0.0003942,0.0,0.0,-35.29976699997288,-35.299766999972896,56.29265280083322
0.0003944,0.0,0.0,-36.48226560721293,-36.482265607212945,56.24763668503887
0.0003946,0.0,0.0,-37.5969366922683,-37.596936692268315,56.202656567737755
0.0003948,0.0,0.0,-38.63455554484193,-38.634555544841945,56.1577124201426
0.000395,0.0,0.0,-39.58652298773647,-39.58652298773649,56.11280421348915
0.00039519999999999996,0.0,0.0,-69.42054488696064,-69.42054488696067,56.067931919036134
0.00039539999999999996,0.0,0.0,-70.06000527633961,-70.06000527633964,56.02309550806529
0.00039559999999999997,0.0,0.0,-70.35830767916295,-70.35830767916298,55.97829495188131
0.00039579999999999997,0.0,0.0,-70.3128583669963,-70.31285836699632,55.93353022181183
0.000396,0.0,0.0,-69.92385284651074,-69.92385284651077,55.88880128920742
0.0003962,0.0,0.0,-69.19427420523363,-69.19427420523365,55.84410812544156
0.0003964,0.0,0.0,-68.12986884032593,-68.12986884032595,55.799450701910615
0.0003966,0.0,0.0,-66.73909976786142,-66.73909976786145,55.754828990033836
0.0003968,0.0,0.0,-65.03307789197768,-65.03307789197771,55.71024296125332
0.000397,0.0,0.0,-63.02547179208293,-63.02547179208296,55.665692587034
0.0003972,0.0,0.0,-60.73239676058215,-60.732396760582176,55.621177838863645
0.00039739999999999996,0.0,0.0,-58.172283991918945,-58.17228399191897,55.5766986882528
0.00039759999999999996,0.0,0.0,-55.36573098475001,-55.36573098475003,55.5322551067348
0.00039779999999999997,0.0,0.0,-52.33533437147011,-52.33533437147013,55.48784706586576
0.00039799999999999997,0.0,0.0,-49.10550653185149,-49.10550653185151,55.44347453722452
0.0003982,0.0,0.0,-45.702277479096196,-45.70227747909621,55.39913749241266
0.0003984,0.0,0.0,-42.153083626055505,-42.15308362605552,55.35483590305447
0.0003986,0.0,0.0,-38.4865451457794,-38.48654514577942,55.31056974079693
0.0003988,0.0,0.0,-34.73223373305692,-34.73223373305693,55.26633897730969
0.000399,0.0,0.0,-30.920432651445836,-30.92043265144585,55.22214358428505
0.0003992,0.0,0.0,-27.081891012835854,-27.08189101283586,55.17798353343796
0.0003994,0.0,0.0,-23.24757428333632,-23.247574283336327,55.13385879650598
0.00039959999999999996,0.0,0.0,-19.448413039848745,-19.448413039848752,55.08976934524928
0.00039979999999999996,0.0,0.0,-15.715052015828062,-15.715052015828064,55.0457151514506
0.00039999999999999996,0.0,0.0,-12.0776014723407,-12.077601472340701,55.001696186915254
0.00040019999999999997,0.0,0.0,0.0,0.0,54.9577124234711
0.0004004,351.34545477664665,351.34545477664665,0.0,0.0,54.94888433024728
0.0004006,728.7458915895945,728.7458915895945,0.0,0.0,55.01290874765275
0.0004008,1101.6766704911688,1101.6766704911688,0.0,0.0,55.15188508632724
0.000401,1439.9327587304736,1439.9327587304736,0.0,0.0,55.361840538999274
0.0004012,1715.7818425647174,1715.7818425647174,0.0,0.0,55.633014057290275
0.0004014,1905.9407397382615,1905.9407397382615,0.0,0.0,55.95055288874216
0.0004016,1993.2343059550608,1993.2343059550608,0.0,0.0,56.29557194337865
0.0004018,1967.8186870067564,1967.8186870067564,0.0,0.0,56.646500413731985
0.00040199999999999996,1827.881841133658,1827.881841133658,0.0,0.0,56.980619618533126
0.00040219999999999996,1579.771527425675,1579.771527425675,0.0,0.0,57.27568243456782
0.00040239999999999997,1237.5417681359586,1237.5417681359586,0.0,0.0,57.51149889159352
0.0004026,821.9502364681705,821.9502364681705,0.0,0.0,57.67137494252028
0.0004028,358.9781431387385,358.9781431387385,0.0,0.0,57.74330190974007
0.000403,0.0,0.0,-28.860405949633837,-28.860405949633847,57.7208118992677
0.0004032,0.0,0.0,-28.987796299464883,-28.987796299464897,57.674653713022785
0.0004034,0.0,0.0,-28.210403144081546,-28.21040314408156,57.62853243856215
0.0004036,0.0,0.0,-27.437946228582504,-27.43794622858252,57.58244804636817
0.0004038,0.0,0.0,-26.676505788489564,-26.67650578848957,57.53640050694684
0.000404,0.0,0.0,-25.93207267876266,-25.932072678762665,57.49038979082773
0.00040419999999999996,0.0,0.0,-25.210499769105034,-25.21049976910504,57.44441586856397
0.00040439999999999996,0.0,0.0,-24.51745445999361,-24.517454459993616,57.39847871073225
0.00040459999999999997,0.0,0.0,-23.858372704668355,-23.858372704668362,57.35257828793278
0.0004048,0.0,0.0,-23.238414910086043,-23.23841491008605,57.30671457078929
0.000405,0.0,0.0,-22.6624240745899,-22.662424074589907,57.260887529948995
0.0004052,0.0,0.0,-51.11049625798794,-51.11049625798796,57.21509713608258
0.0004054,0.0,0.0,-50.5172532040344,-50.51725320403442,57.169343359884195
0.0004056,0.0,0.0,-49.74609251306311,-49.74609251306313,57.12362617207141
0.0004058,0.0,0.0,-48.803089844208074,-48.80308984420809,57.077945543385226
0.000406,0.0,0.0,-47.69571509547146,-47.695715095471485,57.03230144459003
0.0004062,0.0,0.0,-46.4327717627146,-46.43277176271462,56.98669384647361
0.00040639999999999996,0.0,0.0,-45.02432547998992,-45.02432547998993,56.94112271984708
0.00040659999999999996,0.0,0.0,-43.48162232126504,-43.48162232126506,56.89558803554492
0.00040679999999999997,0.0,0.0,-41.81699752664623,-41.81699752664625,56.85008976442493
0.00040699999999999997,0.0,0.0,-40.0437753938833,-40.04377539388332,56.80462787736821
0.0004072,0.0,0.0,-38.176161147600595,-38.17616114760061,56.75920234527915
0.0004074,0.0,0.0,-36.229125663767206,-36.22912566376722,56.7138131390854
0.0004076,0.0,0.0,-34.21828398486754,-34.218283984867554,56.668460229737875
0.0004078,0.0,0.0,-32.15976861158934,-32.15976861158935,56.623143588210695
0.000408,0.0,0.0,-30.07009859920324,-30.070098599203252,56.57786318550121
0.0004082,0.0,0.0,-27.966045520821346,-27.966045520821353,56.532618992629956
0.0004084,0.0,0.0,-25.864497385117026,-25.864497385117033,56.48741098064065
0.00040859999999999996,0.0,0.0,-23.782321612658194,-23.7823216126582,56.44223912060015
0.00040879999999999996,0.0,0.0,-21.736228182617335,-21.73622818261734,56.39710338359847
0.00040899999999999997,0.0,0.0,-19.742634060212083,-19.742634060212087,56.35200374074873
0.00040919999999999997,0.0,0.0,-17.81753000481208,-17.817530004812085,56.30694016318715
0.0004094,0.0,0.0,-15.976350839305383,-15.976350839305384,56.26191262207305
0.0004096,0.0,0.0,-14.233850233208592,-14.233850233208596,56.216921088588784
0.0004098,0.0,0.0,-12.603981015357059,-12.60398101535706,56.17196553393977
0.00041,0.0,0.0,-11.099781987122466,-11.099781987122467,56.12704592935445
0.0004102,0.0,0.0,0.0,0.0,56.08216224608427
0.0004104,315.6494688363882,315.6494688363882,0.0,0.0,56.06886678135694
0.0004106,625.6585000624184,625.6585000624184,0.0,0.0,56.11812278242131
0.00041079999999999996,904.2516240277196,904.2516240277196,0.0,0.0,56.22617607528724
0.00041099999999999996,1127.8984709733652,1127.8984709733652,0.0,0.0,56.384346875606994
0.00041119999999999997,1276.9907934736796,1276.9907934736796,0.0,0.0,56.57965020322017
0.00041139999999999997,1337.239605847947,1337.239605847947,0.0,0.0,56.795723093833516
0.0004116,1300.6929382057476,1300.6929382057476,0.0,0.0,57.013992462016546
0.0004118,1166.3017615744989,1166.3017615744989,0.0,0.0,57.21500033487582
0.000412,939.9938558409585,939.9938558409585,0.0,0.0,57.37979197969154
0.0004122,634.250467080702,634.250467080702,0.0,0.0,57.491267987996636
0.0004124,267.2160350462556,267.2160350462556,0.0,0.0,57.53540396942636
0.0004126,0.0,0.0,-28.751125482472858,-28.75112548247287,57.502250964945745
0.0004128,0.0,0.0,-26.73724847931829,-26.737248479318296,57.45626755753675
0.00041299999999999996,0.0,0.0,-27.63007087487035,-27.630070874870356,57.41032092214488
0.00041319999999999996,0.0,0.0,-28.531612081066008,-28.531612081066015,57.36441102936427
0.00041339999999999997,0.0,0.0,-29.43437097974757,-29.434370979747577,57.3185378498126
0.00041359999999999997,0.0,0.0,-30.330836904548086,-30.330836904548093,57.27270135413102
0.0004138,0.0,0.0,-31.21355057873253,-31.213550578732544,57.22690151298418
0.000414,0.0,0.0,-32.07516463460645,-32.075164634606466,57.18113829706016
0.0004142,0.0,0.0,-32.90850322347864,-32.908503223478654,57.13541167707051
0.0004144,0.0,0.0,-33.70662023255489,-33.7066202325549,57.08972162375018
0.0004146,0.0,0.0,-34.462855636454705,-34.46285563645471,57.044068107857534
0.0004148,0.0,0.0,-35.17088952618858,-35.170889526188596,56.99845110017432
0.000415,0.0,0.0,-35.824793377288835,-35.82479337728884,56.95287057150565
0.00041519999999999995,0.0,0.0,-65.39468789729523,-65.39468789729526,56.90732649267997
0.00041539999999999996,0.0,0.0,-65.80609656379387,-65.8060965637939,56.86181883454908
0.00041559999999999996,0.0,0.0,-65.91426959440803,-65.91426959440805,56.81634756798806
0.00041579999999999997,0.0,0.0,-65.71815222959474,-65.71815222959476,56.77091266389531
0.000416,0.0,0.0,-65.21915874055166,-65.21915874055169,56.72551409319247
0.0004162,0.0,0.0,-64.42116089432444,-64.42116089432447,56.68015182682446
0.0004164,0.0,0.0,-63.33045648032303,-63.33045648032306,56.63482583575943
0.0004166,0.0,0.0,-61.95571815409243,-61.95571815409246,56.58953609098873
0.0004168,0.0,0.0,-60.30792301387245,-60.307923013872475,56.54428256352692
0.000417,0.0,0.0,-58.400263481795356,-58.40026348179538,56.499065224411744
0.0004172,0.0,0.0,-56.24804021324127,-56.24804021324129,56.4538840447041
0.00041739999999999995,0.0,0.0,-53.8685379036677,-53.86853790366772,56.408738995488015
0.00041759999999999996,0.0,0.0,-51.28088500096975,-51.28088500096977,56.36363004787067
0.00041779999999999996,0.0,0.0,-48.50589846198526,-48.50589846198528,56.31855717298233
0.00041799999999999997,0.0,0.0,-45.565914813075906,-45.56591481307592,56.273520341976344
0.0004182,0.0,0.0,-42.484608885805805,-42.48460888580582,56.22851952602914
0.0004184,0.0,0.0,-39.28680169870455,-39.286801698704565,56.18355469634019
0.0004186,0.0,0.0,-35.998259044128275,-35.99825904412829,56.138625824132
0.0004188,0.0,0.0,-32.645482414608864,-32.64548241460888,56.09373288065009
0.000419,0.0,0.0,-29.25549396519512,-29.25549396519513,56.04887583716296
0.0004192,0.0,0.0,-25.85561725663718,-25.855617256637192,56.00405466496211
0.0004194,0.0,0.0,-22.473255558455282,-22.473255558455293,55.95926933536198
0.0004196,0.0,0.0,-19.135669510688363,-19.13566951068837,55.914519819699954
0.00041979999999999996,0.0,0.0,-15.869755948277687,-15.869755948277689,55.869806089336336
0.00041999999999999996,0.0,0.0,-12.701829682563638,-12.701829682563641,55.82512811565434
0.00042019999999999997,0.0,0.0,0.0,0.0,55.78048587006005
0.0004204,330.2436786206879,330.2436786206879,0.0,0.0,55.76889048737914
0.0004206,680.5845605246407,680.5845605246407,0.0,0.0,55.82533562085038
0.0004208,1022.3796011217767,1022.3796011217767,0.0,0.0,55.950921534153025
0.000421,1327.5968245847494,1327.5968245847494,0.0,0.0,56.141082375159954
0.0004212,1570.8135174760755,1570.8135174760755,0.0,0.0,56.385912611371424
0.0004214,1731.0280270851024,1731.0280270851024,0.0,0.0,56.67087405116253
0.0004216,1793.1560909848185,1793.1560909848185,0.0,0.0,56.97783298015699
0.0004218,1749.1051348331523,1749.1051348331523,0.0,0.0,57.28635342817545
0.00042199999999999996,1598.3500749546401,1598.3500749546401,0.0,0.0,57.57515434604455
0.00042219999999999996,1347.9697040368592,1347.9697040368592,0.0,0.0,57.823626811480686
0.00042239999999999997,1012.1411882986215,1012.1411882986215,0.0,0.0,58.013303128738144
0.00042259999999999997,611.128821990382,611.128821990382,0.0,0.0,58.12917313925985
0.0004228,169.8392180102217,169.8392180102217,0.0,0.0,58.16075397241524
0.000423,0.0,0.0,-29.051418528627483,-29.051418528627494,58.102837057254995
0.0004232,0.0,0.0,-26.96776786890141,-26.967767868901426,58.056373373082856
0.0004234,0.0,0.0,-26.009560816662997,-26.009560816663004,58.009946844995625
0.0004236,0.0,0.0,-25.075698340577517,-25.075698340577524,57.963557443280315
0.0004238,0.0,0.0,-24.173568528964942,-24.17356852896495,57.9172051382477
0.000424,0.0,0.0,-23.310301978114893,-23.3103019781149,57.87088990023231
0.00042419999999999996,0.0,0.0,-22.492713944401245,-22.492713944401252,57.824611699592374
0.00042439999999999996,0.0,0.0,-21.727249056312615,-21.727249056312623,57.778370506709855
0.00042459999999999997,0.0,0.0,-21.01992903491484,-21.019929034914846,57.732166291990374
0.00042479999999999997,0.0,0.0,-20.376303846841914,-20.37630384684192,57.68599902586323
0.000425,0.0,0.0,-19.801406686051486,-19.801406686051493,57.639868678781376
0.0004252,0.0,0.0,-48.275322905604575,-48.2753229056046,57.59377522122137
0.0004254,0.0,0.0,-47.7324627319053,-47.73246273190532,57.54771862368341
0.0004256,0.0,0.0,-47.03581315836562,-47.035813158365634,57.501698856691256
0.0004258,0.0,0.0,-46.19084348392669,-46.19084348392671,57.45571589079226
0.000426,0.0,0.0,-45.20422641758925,-45.20422641758927,57.40976969655732
0.0004262,0.0,0.0,-44.08378391003472,-44.08378391003474,57.36386024458086
0.00042639999999999996,0.0,0.0,-42.83842366220235,-42.838423662202366,57.317987505480836
0.00042659999999999996,0.0,0.0,-41.478066826186264,-41.47806682618628,57.272151449898686
0.00042679999999999997,0.0,0.0,-40.013567485265106,-40.01356748526512,57.22635204849933
0.00042699999999999997,0.0,0.0,-38.45662456656241,-38.456624566562425,57.18058927197114
0.0004272,0.0,0.0,-36.8196869012178,-36.819686901217814,57.134863091025935
0.0004274,0.0,0.0,-35.11585220252921,-35.115852202529226,57.08917347639896
0.0004276,0.0,0.0,-33.35876078185435,-33.358760781854365,57.04352039884886
0.0004278,0.0,0.0,-31.562484864734436,-31.56248486473445,56.99790382915766
0.000428,0.0,0.0,-29.741414405380038,-29.74141440538005,56.952323738130744
0.0004282,0.0,0.0,-27.910140326047554,-27.910140326047568,56.906780096596854
0.0004284,0.0,0.0,-26.08333612870522,-26.083336128705227,56.86127287540805
0.00042859999999999996,0.0,0.0,-24.275638839571002,-24.27563883957101,56.81580204543971
0.00042879999999999996,0.0,0.0,-22.501530252494234,-22.501530252494245,56.7703675775905
0.00042899999999999997,0.0,0.0,-20.775219434704383,-20.77521943470439,56.724969442782346
0.00042919999999999997,0.0,0.0,-19.110527448184893,-19.110527448184897,56.67960761196045
0.0004294,0.0,0.0,-17.520775221930354,-17.52077522193036,56.63428205609323
0.0004296,0.0,0.0,-16.018675484757797,-16.018675484757804,56.588992746172316
0.0004298,0.0,0.0,-14.6162296353754,-14.616229635375404,56.54373965321256
0.00043,0.0,0.0,-13.32463038633238,-13.324630386332386,56.49852274825197
0.0004302,0.0,0.0,0.0,0.0,56.45334200235173
0.0004304,275.6218256774741,275.6218256774741,0.0,0.0,56.43574854869906
0.0004306,545.4644669564946,545.4644669564946,0.0,0.0,56.47269380102257
0.00043079999999999995,786.598657400724,786.598657400724,0.0,0.0,56.56068676123339
0.00043099999999999996,978.1472066421973,978.1472066421973,0.0,0.0,56.69186032880167
0.00043119999999999996,1102.772993479604,1102.772993479604,0.0,0.0,56.85453379116586
0.00043139999999999997,1147.9143449021765,1147.9143449021765,0.0,0.0,57.03404709265052
0.0004316,1106.6798201960526,1106.6798201960526,0.0,0.0,57.213807367376326
0.0004318,978.3387111322515,978.3387111322515,0.0,0.0,57.37647310831888
0.000432,768.3723943178961,768.3723943178961,0.0,0.0,57.50519155299937
0.0004322,488.08297491414396,488.08297491414396,0.0,0.0,57.58480109286423
0.0004324,153.78721075321278,153.78721075321278,0.0,0.0,57.602913025783515
0.0004326,0.0,0.0,-28.775397794407077,-28.775397794407088,57.55079558881418
0.0004328,0.0,0.0,-24.176215307345856,-24.176215307345863,57.504773361234164
0.00043299999999999995,0.0,0.0,-24.966551676403313,-24.96655167640332,57.458787936714984
0.00043319999999999996,0.0,0.0,-25.787416424484547,-25.787416424484555,57.41283928582597
0.00043339999999999996,0.0,0.0,-26.631962313091535,-26.63196231309154,57.366927379159975
0.00043359999999999997,0.0,0.0,-27.493150282731833,-27.49315028273184,57.32105218733338
0.0004338,0.0,0.0,-28.36380656881787,-28.36380656881788,57.27521368098605
0.000434,0.0,0.0,-29.236680909104777,-29.236680909104784,57.22941183078134
0.0004342,0.0,0.0,-30.104505370374575,-30.10450537037459,57.18364660740606
0.0004344,0.0,0.0,-30.960053317061927,-30.96005331706194,57.13791798157047
0.0004346,0.0,0.0,-31.796198043376435,-31.796198043376442,57.09222592400823
0.0004348,0.0,0.0,-32.60597059321858,-32.60597059321859,57.04657040547644
0.000435,0.0,0.0,-33.38261629878761,-33.382616298787624,57.000951396755546
0.00043519999999999995,0.0,0.0,-63.09525933528454,-63.09525933528457,56.95536886864938
0.00043539999999999996,0.0,0.0,-63.66826434845499,-63.66826434845501,56.90982279198513
0.00043559999999999996,0.0,0.0,-63.95556983070266,-63.95556983070268,56.86431313761329
0.00043579999999999997,0.0,0.0,-63.95466705027878,-63.95466705027881,56.81883987640768
0.00043599999999999997,0.0,0.0,-63.66538585944247,-63.6653858594425,56.773402979265406
0.0004362,0.0,0.0,-63.08989601791258,-63.0898960179126,56.72800241710686
0.0004364,0.0,0.0,-62.23268953146821,-62.23268953146824,56.68263816087566
0.0004366,0.0,0.0,-61.100544149455516,-61.100544149455544,56.637310181538695
0.0004368,0.0,0.0,-59.70246831782191,-59.70246831782193,56.592018450086044
0.000437,0.0,0.0,-58.049628034752395,-58.049628034752416,56.546762937531
0.0004372,0.0,0.0,-56.15525620280455,-56.15525620280457,56.50154361491002
0.0004374,0.0,0.0,-54.0345452134389,-54.034545213438925,56.45636045328274
0.00043759999999999996,0.0,0.0,-51.70452363586735,-51.704523635867375,56.41121342373194
0.00043779999999999996,0.0,0.0,-49.18391801109051,-49.18391801109053,56.3661024973635
0.00043799999999999997,0.0,0.0,-46.49300087281948,-46.4930008728195,56.32102764530643
0.00043819999999999997,0.0,0.0,-43.65342622869813,-43.653426228698144,56.27598883871282
0.0004384,0.0,0.0,-40.688053836953,-40.68805383695302,56.23098604875783
0.0004386,0.0,0.0,-37.62076370447329,-37.620763704473305,56.18601924663967
0.0004388,0.0,0.0,-34.47626231162729,-34.4762623116273,56.14108840357958
0.000439,0.0,0.0,-31.27988213620992,-31.279882136209935,56.09619349082182
0.0004392,0.0,0.0,-28.057376103245254,-28.057376103245268,56.05133447963364
0.0004394,0.0,0.0,-24.834708628497275,-24.834708628497285,56.00651134130526
0.0004396,0.0,0.0,-21.637844951138497,-21.637844951138508,55.96172404714988
0.00043979999999999996,0.0,0.0,-18.49254046486574,-18.492540464865748,55.91697256850362
0.00043999999999999996,0.0,0.0,-15.424131756723213,-15.424131756723218,55.87225687672552
0.00044019999999999997,0.0,0.0,0.0,0.0,55.82757694319755
0.00044039999999999997,285.1506816970922,285.1506816970922,0.0,0.0,55.81143640602757
0.0004406,592.5673175191732,592.5673175191732,0.0,0.0,55.85454181466093
0.0004408,896.6706222366781,896.6706222366781,0.0,0.0,55.95874029579233
0.000441,1172.1189881814867,1172.1189881814867,0.0,0.0,56.120787445737534
0.0004412,1395.6150363865243,1395.6150363865243,0.0,0.0,56.33257950141548
0.0004414,1547.5660819078714,1547.5660819078714,0.0,0.0,56.58173188868888
0.0004416,1613.480215304395,1613.480215304395,0.0,0.0,56.85246284051843
0.0004418,1584.9985698399419,1584.9985698399419,0.0,0.0,57.12671904627814
0.00044199999999999996,1460.4902930892658,1460.4902930892658,0.0,0.0,57.385463059728664
0.00044219999999999996,1245.1679214482274,1245.1679214482274,0.0,0.0,57.610030683685046
0.00044239999999999997,950.7150434064097,950.7150434064097,0.0,0.0,57.78346158326373
0.00044259999999999997,594.4528953435026,594.4528953435026,0.0,0.0,57.891708309181745
0.0004428,198.1053849566394,198.1053849566394,0.0,0.0,57.92463759884855
0.000443,0.0,0.0,-28.938376322700105,-28.938376322700115,57.87675264540024
0.0004432,0.0,0.0,-24.898405344591893,-24.8984053445919,57.8304697564395
0.0004434,0.0,0.0,-24.333242684815524,-24.33324268481553,57.78422387898533
0.0004436,0.0,0.0,-23.80510005653354,-23.805100056533547,57.73801498344036
0.0004438,0.0,0.0,-23.31807416731857,-23.318074167318578,57.691843040230886
0.000444,0.0,0.0,-22.875928174631383,-22.87592817463139,57.64570801980687
0.00044419999999999996,0.0,0.0,-22.482061161473688,-22.482061161473695,57.59960989264189
0.00044439999999999996,0.0,0.0,-22.1394805666989,-22.1394805666989,57.553548629233134
0.00044459999999999996,0.0,0.0,-21.850777793595682,-21.85077779359569,57.5075242001014
0.00044479999999999997,0.0,0.0,-21.61810719456622,-21.618107194566228,57.461536575791044
0.000445,0.0,0.0,-21.443168602324803,-21.44316860232481,57.41558572686998
0.0004452,0.0,0.0,-50.30280330536087,-50.30280330536089,57.369671623929655
0.0004454,0.0,0.0,-50.1282930806961,-50.128293080696125,57.32379423758505
0.0004456,0.0,0.0,-49.77963746738303,-49.77963746738305,57.27795353847462
0.0004458,0.0,0.0,-49.25948354028058,-49.2594835402806,57.23214949726032
0.000446,0.0,0.0,-48.571869908654264,-48.571869908654286,57.18638208462757
0.0004462,0.0,0.0,-47.72219391496465,-47.72219391496467,57.1406512712852
0.00044639999999999995,0.0,0.0,-46.717167810384,-46.71716781038401,57.0949570279655
0.00044659999999999996,0.0,0.0,-45.564764262879066,-45.56476426287909,57.049299325424144
0.00044679999999999996,0.0,0.0,-44.2741516402394,-44.274151640239424,57.0036781344402
0.00044699999999999997,0.0,0.0,-42.85561959338055,-42.85561959338057,56.958093425816095
0.0004472,0.0,0.0,-41.32049554393763,-41.320495543937646,56.91254517037762
0.0004474,0.0,0.0,-39.68105275394773,-39.68105275394775,56.867033338973876
0.0004476,0.0,0.0,-37.950410723702035,-37.95041072370205,56.821557902477295
0.0004478,0.0,0.0,-36.14242872607541,-36.14242872607542,56.77611883178359
0.000448,0.0,0.0,-34.27159334130899,-34.27159334130901,56.73071609781175
0.0004482,0.0,0.0,-32.35290090487734,-32.35290090487735,56.68534967150402
0.0004484,0.0,0.0,-30.401735822322124,-30.401735822322138,56.640019523825885
0.00044859999999999995,0.0,0.0,-28.43374573844467,-28.433745738444678,56.594725625766046
0.00044879999999999996,0.0,0.0,-26.464714573747464,-26.46471457374747,56.54946794833641
0.00044899999999999996,0.0,0.0,-24.510434458294405,-24.510434458294412,56.50424646257204
0.00044919999999999997,0.0,0.0,-22.58657760208012,-22.58657760208013,56.4590611395312
0.0004494,0.0,0.0,-20.708569141488596,-20.7085691414886,56.41391195029527
0.0004496,0.0,0.0,-18.891461993476458,-18.89146199347646,56.36879886596876
0.0004498,0.0,0.0,-17.14981473280172,-17.149814732801726,56.3237218576793
0.00045,0.0,0.0,-15.497573483066306,-15.497573483066313,56.2786808965776
0.0004502,0.0,0.0,0.0,0.0,56.233675953837434
0.0004504,250.16065090130917,250.16065090130917,0.0,0.0,56.213713063320704
0.0004506,502.54989020459874,502.54989020459874,0.0,0.0,56.244001031793246
0.00045079999999999995,735.4982305569974,735.4982305569974,0.0,0.0,56.32277913180397
0.00045099999999999996,928.7263973577799,928.7263973577799,0.0,0.0,56.44409484500473
0.00045119999999999996,1064.790859102486,1064.790859102486,0.0,0.0,56.59822964085641
0.00045139999999999997,1130.3269462592084,1130.3269462592084,0.0,0.0,56.77239317226733
0.00045159999999999997,1117.0010149604368,1117.0010149604368,0.0,0.0,56.95163635657775
0.0004518,1022.103866254942,1022.103866254942,0.0,0.0,57.11991822286751
0.000452,848.7432123610597,848.7432123610597,0.0,0.0,57.26125046325466
0.0004522,605.621564235194,605.621564235194,0.0,0.0,57.36083810548679
0.0004524,306.4154622220665,306.4154622220665,0.0,0.0,57.40613501888277
0.0004526,0.0,0.0,-28.69386952662355,-28.693869526623562,57.38773905324713
0.0004528,0.0,0.0,-22.881164163853754,-22.88116416385376,57.34184721873834
0.000453,0.0,0.0,-24.09176505400253,-24.091765054002536,57.29599208301763
0.00045319999999999996,0.0,0.0,-25.339321195681094,-25.3393211956811,57.250173616737726
0.00045339999999999996,0.0,0.0,-26.6135237651212,-26.613523765121208,57.2043917905748
0.00045359999999999997,0.0,0.0,-27.903848142561614,-27.90384814256163,57.15864657522848
0.00045379999999999997,0.0,0.0,-29.199639308794985,-29.199639308795,57.11293794142182
0.000454,0.0,0.0,-30.490198297631032,-30.490198297631046,57.06726585990129
0.0004542,0.0,0.0,-31.764869002818998,-31.76486900281901,57.02163030143675
0.0004544,0.0,0.0,-33.013124635113535,-33.01312463511355,56.97603123682145
0.0004546,0.0,0.0,-34.22465312802384,-34.224653128023846,56.93046863687197
0.0004548,0.0,0.0,-35.389440799332796,-35.38944079933281,56.88494247242825
0.000455,0.0,0.0,-36.49785358964165,-36.49785358964166,56.839452714353534
0.0004552,0.0,0.0,-66.51632497496833,-66.51632497496836,56.79399933353438
0.00045539999999999996,0.0,0.0,-67.36673942066278,-67.36673942066281,56.748582300880614
0.00045559999999999996,0.0,0.0,-67.90078587531919,-67.90078587531922,56.70320158732533
0.00045579999999999997,0.0,0.0,-68.11395494600667,-68.1139549460067,56.65785716382487
0.00045599999999999997,0.0,0.0,-68.00434093271951,-68.00434093271954,56.61254900135879
0.0004562,0.0,0.0,-67.57265722676507,-67.5726572267651,56.567277070929876
0.0004564,0.0,0.0,-66.82223045880198,-66.82223045880201,56.52204134356408
0.0004566,0.0,0.0,-65.75897344452537,-65.7589734445254,56.47684179031052
0.0004568,0.0,0.0,-64.39133714802054,-64.39133714802057,56.4316783822415
0.000457,0.0,0.0,-62.73024205304036,-62.730242053040385,56.38655109045242
0.0004572,0.0,0.0,-60.78898949952645,-60.78898949952647,56.34145988606181
0.0004574,0.0,0.0,-58.583153705231986,-58.583153705232014,56.2964047402113
0.00045759999999999996,0.0,0.0,-56.13045534899806,-56.13045534899809,56.25138562406559
0.00045779999999999996,0.0,0.0,-53.45061774181331,-53.45061774181333,56.20640250881244
0.00045799999999999997,0.0,0.0,-50.565206753035554,-50.565206753035575,56.16145536566265
0.00045819999999999997,0.0,0.0,-47.497455790928136,-47.49745579092816,56.116544165850044
0.0004584,0.0,0.0,-44.27207725789359,-44.272077257893606,56.07166888063145
0.0004586,0.0,0.0,-40.91506201049031,-40.915062010490324,56.02682948128668
0.0004588,0.0,0.0,-37.45346845160358,-37.45346845160359,55.98202593911852
0.000459,0.0,0.0,-33.91520296622221,-33.915202966222225,55.937258225452695
0.0004592,0.0,0.0,-30.328793482464008,-30.328793482464015,55.89252631163786
0.0004594,0.0,0.0,-26.723157995227986,-26.723157995227993,55.84783016904559
0.0004596,0.0,0.0,-23.12736993067748,-23.12736993067749,55.80316976907034
0.00045979999999999995,0.0,0.0,-19.570422255344184,-19.57042225534419,55.758545083129455
0.00045999999999999996,0.0,0.0,-16.08099224378254,-16.080992243782543,55.71395608266314
0.00046019999999999996,0.0,0.0,0.0,0.0,55.66940273913442
0.00046039999999999997,284.90925495329316,284.90925495329316,0.0,0.0,55.65336455771101
0.0004606,598.9413334017252,598.9413334017252,0.0,0.0,55.69720938696864
0.0004608,916.0530990190819,916.0530990190819,0.0,0.0,55.804108303134676
0.000461,1209.9823575466505,1209.9823575466505,0.0,0.0,55.972001404908035
0.0004612,1456.1201146683054,1456.1201146683054,0.0,0.0,56.193745353426195
0.0004614,1633.2645996319488,1633.2645996319488,0.0,0.0,56.45762327740389
0.0004616,1725.1320830165323,1725.1320830165323,0.0,0.0,56.74818062410814
0.0004618,1721.516876916068,1721.516876916068,0.0,0.0,57.047327316924985
0.00046199999999999995,1619.0179305785257,1619.0179305785257,0.0,0.0,57.33562761570139
0.00046219999999999996,1421.280339116634,1421.280339116634,0.0,0.0,57.59368571733769
0.00046239999999999996,1138.7346636027667,1138.7346636027667,0.0,0.0,57.8035283319899
0.00046259999999999997,787.8527524975398,787.8527524975398,0.0,0.0,57.949885707983945
0.0004628,389.973206026568,389.973206026568,0.0,0.0,58.02127983761812
0.000463,0.0,0.0,-29.005421168773484,-29.005421168773495,58.010842337547
0.0004632,0.0,0.0,-25.986275270221824,-25.98627527022184,57.96445221972409
0.0004634,0.0,0.0,-25.781692846675263,-25.781692846675277,57.918099199156536
0.0004636,0.0,0.0,-25.602912829498138,-25.602912829498145,57.8717832461784
0.0004638,0.0,0.0,-25.451197214384976,-25.451197214384983,57.82550433114747
0.000464,0.0,0.0,-25.327588529781174,-25.32758852978118,57.779262424445236
0.00046419999999999995,0.0,0.0,-25.232901383558996,-25.232901383559003,57.73305749647687
0.00046439999999999996,0.0,0.0,-25.167715859131206,-25.167715859131214,57.686889517671204
0.00046459999999999996,0.0,0.0,-25.132372814537618,-25.132372814537625,57.64075845848074
0.00046479999999999997,0.0,0.0,-25.126971122599315,-25.126971122599322,57.59466428938159
0.00046499999999999997,0.0,0.0,-25.151366874485078,-25.151366874485085,57.54860698087349
0.0004652,0.0,0.0,-54.18078430920176,-54.18078430920178,57.50258650347975
0.0004654,0.0,0.0,-54.145127960750585,-54.14512796075061,57.456602827747254
0.0004656,0.0,0.0,-53.903271100038,-53.90327110003802,57.410655924246456
0.0004658,0.0,0.0,-53.45699464050917,-53.456994640509194,57.36474576357133
0.000466,0.0,0.0,-52.809738158010106,-52.80973815801013,57.31887231633936
0.0004662,0.0,0.0,-51.96657194332633,-51.96657194332635,57.27303555319155
0.00046639999999999995,0.0,0.0,-50.93415582461009,-50.93415582461011,57.227235444792356
0.00046659999999999996,0.0,0.0,-49.720685094112056,-49.72068509411207,57.18147196182971
0.00046679999999999996,0.0,0.0,-48.33582397825426,-48.33582397825428,57.13574507501497
0.00046699999999999997,0.0,0.0,-46.79062719113763,-46.79062719113765,57.090054755082924
0.00046719999999999997,0.0,0.0,-45.097450208249015,-45.097450208249036,57.04440097279177
0.0004674,0.0,0.0,-43.26984898863579,-43.269848988635815,56.998783698923084
0.0004676,0.0,0.0,-41.32246995940827,-41.32246995940828,56.9532029042818
0.0004678,0.0,0.0,-39.27093115541651,-39.27093115541653,56.90765855969621
0.000468,0.0,0.0,-37.13169547868938,-37.131695478689394,56.86215063601792
0.0004682,0.0,0.0,-34.921937106135736,-34.92193710613574,56.81667910412187
0.0004684,0.0,0.0,-32.65940212957482,-32.659402129574836,56.77124393490625
0.00046859999999999995,0.0,0.0,-30.362264558932083,-30.362264558932093,56.72584509929257
0.00046879999999999996,0.0,0.0,-28.048978857030008,-28.048978857030015,56.680482568225564
0.00046899999999999996,0.0,0.0,-25.73813020251631,-25.738130202516317,56.6351563126732
0.00046919999999999997,0.0,0.0,-23.448283695875112,-23.44828369587512,56.589866303626685
0.00046939999999999997,0.0,0.0,-21.19783373201264,-21.197833732012647,56.54461251210039
0.0004696,0.0,0.0,-19.00485476152759,-19.004854761527596,56.4993949091319
0.0004698,0.0,0.0,-16.886954651479584,-16.88695465147959,56.45421346578193
0.00047,0.0,0.0,-14.861131835348571,-14.861131835348576,56.40906815313436
0.0004702,0.0,0.0,0.0,0.0,56.36395894229619
0.0004704,269.04201299079125,269.04201299079125,0.0,0.0,56.345779248319026
0.0004706,544.7493293954744,544.7493293954744,0.0,0.0,56.38206724396074
0.0004708,803.7769297498071,803.7769297498071,0.0,0.0,56.47177833164503
0.00047099999999999996,1023.9725747737991,1023.9725747737991,0.0,0.0,56.60932084242776
0.00047119999999999996,1185.9558577682274,1185.9558577682274,0.0,0.0,56.78495597495502
0.00047139999999999997,1274.499370160297,1274.499370160297,0.0,0.0,56.98549331803068
0.00047159999999999997,1279.613597754706,1279.613597754706,0.0,0.0,57.19523232456514
0.0004718,1197.2583006255425,1197.2583006255425,0.0,0.0,57.39708258843796
0.000472,1029.6297651114803,1029.6297651114803,0.0,0.0,57.57378304875679
0.0004722,785.003552668684,785.003552668684,0.0,0.0,57.70913321402969
0.0004724,477.1440518338946,477.1440518338946,0.0,0.0,57.78914866172965
0.0004726,124.32300819014182,124.32300819014182,0.0,0.0,57.80305848487341
0.0004728,0.0,0.0,-28.872036819590434,-28.872036819590445,57.7440736391809
0.000473,0.0,0.0,-23.66500835019233,-23.665008350192338,57.697896850984826
0.00047319999999999996,0.0,0.0,-23.779007493980266,-23.779007493980274,57.65175698944865
0.00047339999999999996,0.0,0.0,-23.933969495070983,-23.93396949507099,57.60565402504285
0.00047359999999999997,0.0,0.0,-24.12844903121814,-24.128449031218146,57.55958792826153
0.00047379999999999997,0.0,0.0,-24.360680339743723,-24.36068033974373,57.51355866962238
0.000474,0.0,0.0,-24.628591551718564,-24.62859155171857,57.46756621966666
0.0004742,0.0,0.0,-24.929821509384645,-24.929821509384652,57.42161054895921
0.0004744,0.0,0.0,-25.26173893031048,-25.261738930310486,57.37569162808839
0.0004746,0.0,0.0,-25.621463762734507,-25.621463762734514,57.329809427666085
0.0004748,0.0,0.0,-26.00589055877655,-26.005890558776557,57.283963918327686
0.000475,0.0,0.0,-26.411713675829937,-26.411713675829944,57.23815507073206
0.0004752,0.0,0.0,-55.81106385771613,-55.81106385771615,57.19238285556155
0.00047539999999999995,0.0,0.0,-56.130845479227666,-56.13084547922769,57.14664724352191
0.00047559999999999996,0.0,0.0,-56.22704932753407,-56.22704932753409,57.10094820534236
0.00047579999999999996,0.0,0.0,-56.09871489195915,-56.098714891959176,57.05528571177551
0.00047599999999999997,0.0,0.0,-55.74670362293158,-55.7467036229316,57.00965973359736
0.0004762,0.0,0.0,-55.17369189814818,-55.173691898148206,56.964070241607274
0.0004764,0.0,0.0,-54.38414926351156,-54.38414926351158,56.91851720662798
0.0004766,0.0,0.0,-53.38430212574233,-53.38430212574235,56.873000599505524
0.0004768,0.0,0.0,-52.18208319159995,-52.18208319159997,56.827520391109275
0.000477,0.0,0.0,-50.787067064283335,-50.787067064283356,56.782076552331894
0.0004772,0.0,0.0,-49.21039251988634,-49.21039251988636,56.736669054089326
0.0004774,0.0,0.0,-47.46467209484176,-47.46467209484178,56.69129786732076
0.00047759999999999995,0.0,0.0,-45.56388971822395,-45.56388971822396,56.64596296298864
0.00047779999999999996,0.0,0.0,-43.52328721976072,-43.52328721976073,56.600664312078614
0.00047799999999999996,0.0,0.0,-41.35924063464153,-41.359240634641544,56.555401885599544
0.00047819999999999997,0.0,0.0,-39.08912730897013,-39.08912730897014,56.51017565458347
0.0004784,0.0,0.0,-36.73118488432436,-36.73118488432437,56.464985590085604
0.0004786,0.0,0.0,-34.30436330574851,-34.304363305748524,56.4198316631843
0.0004788,0.0,0.0,-31.828171054079732,-31.828171054079746,56.37471384498103
0.000479,0.0,0.0,-29.322516850341962,-29.32251685034197,56.3296321066004
0.0004792,0.0,0.0,-26.807548116647524,-26.80754811664753,56.284586419190084
0.0004794,0.0,0.0,-24.303487504331546,-24.303487504331557,56.239576753920836
0.0004796,0.0,0.0,-21.83046881569378,-21.830468815693784,56.19460308198647
0.00047979999999999995,0.0,0.0,-19.408373650610137,-19.40837365061014,56.149665374603835
0.00047999999999999996,0.0,0.0,-17.056670103362656,-17.056670103362663,56.104763603012785
0.00048019999999999996,0.0,0.0,0.0,0.0,56.05989773847619
0.00048039999999999997,242.40793347038561,242.40793347038561,0.0,0.0,56.03929885318656
0.00048059999999999997,499.03886616400234,499.03886616400234,0.0,0.0,56.06860037345934
0.0004808,747.9290738046245,747.9290738046245,0.0,0.0,56.14841036316155
0.000481,967.6692274194545,967.6692274194545,0.0,0.0,56.27500082880717
0.0004812,1138.9306437242071,1138.9306437242071,0.0,0.0,56.44057458575571
0.0004814,1245.8429172308058,1245.8429172308058,0.0,0.0,56.63382218314366
0.0004816,1277.1247923466467,1277.1247923466467,0.0,0.0,56.84072913357472
0.0004818,1226.8877408475917,1226.8877408475917,0.0,0.0,57.04557586489476
0.00048199999999999995,1095.0550524453229,1095.0550524453229,0.0,0.0,57.232059090242
0.00048219999999999996,887.3666589821896,887.3666589821896,0.0,0.0,57.3844546558863
0.00048239999999999996,614.9694416199932,614.9694416199932,0.0,0.0,57.48873898848877
0.00048259999999999997,293.6223104348232,293.6223104348232,0.0,0.0,57.533589232405895
0.00048279999999999997,0.0,0.0,-28.755595415309795,-28.755595415309806,57.51119083061962
0.000483,0.0,0.0,-22.817046104600074,-22.81704610460008,57.4652002741777
0.0004832,0.0,0.0,-23.424039147624732,-23.42403914762474,57.419246495469835
0.0004834,0.0,0.0,-24.07391977281528,-24.073919772815287,57.37332946508561
0.0004836,0.0,0.0,-24.761227847361987,-24.761227847361994,57.32744915363812
0.0004838,0.0,0.0,-25.480199853035217,-25.48019985303523,57.28160553176396
0.000484,0.0,0.0,-26.224815655707076,-26.224815655707083,57.2357985701232
0.00048419999999999995,0.0,0.0,-26.988847355785722,-26.98884735578573,57.19002823939939
0.00048439999999999996,0.0,0.0,-27.765909823164115,-27.765909823164122,57.14429451029951
0.00048459999999999996,0.0,0.0,-28.54951250662713,-28.549512506627146,57.09859735355397
0.00048479999999999997,0.0,0.0,-29.33311209733114,-29.333112097331153,57.05293673991658
0.00048499999999999997,0.0,0.0,-30.11016561905022,-30.110165619050235,57.00731264016455
0.0004852,0.0,0.0,-59.84979327052924,-59.84979327052927,56.961725025098445
0.0004854,0.0,0.0,-60.47614009053905,-60.47614009053907,56.91617386554219
0.0004856,0.0,0.0,-60.84271112101776,-60.84271112101778,56.870659132343036
0.0004858,0.0,0.0,-60.94635385826202,-60.94635385826205,56.82518079637155
0.000486,0.0,0.0,-60.7860492894449,-60.786049289444925,56.77973882852159
0.0004862,0.0,0.0,-60.362920108319464,-60.362920108319486,56.73433319971029
0.0004864,0.0,0.0,-59.68022155400447,-59.68022155400449,56.688963880878056
0.00048659999999999996,0.0,0.0,-58.7433149476043,-58.74331494760432,56.64363084298851
0.00048679999999999996,0.0,0.0,-57.55962414179477,-57.5596241417948,56.5983340570285
0.00048699999999999997,0.0,0.0,-56.13857523713678,-56.138575237136806,56.55307349400809
0.00048719999999999997,0.0,0.0,-54.49152005463599,-54.49152005463601,56.5078491249605
0.0004874,0.0,0.0,-52.631643985848925,-52.631643985848946,56.46266092094214
0.0004876,0.0,0.0,-50.57385896857301,-50.573858968573035,56.41750885303255
0.0004878,0.0,0.0,-48.334682456823444,-48.33468245682346,56.3723928923344
0.000488,0.0,0.0,-45.93210336741378,-45.9321033674138,56.32731300997348
0.0004882,0.0,0.0,-43.385436091098775,-43.38543609109879,56.28226917709865
0.0004883999999999999,0.0,0.0,-40.71516375304899,-40.71516375304901,56.23726136488185
0.0004886,0.0,0.0,-37.942771994624,-37.94277199462402,56.19228954451809
0.0004888,0.0,0.0,-35.09057462528479,-35.0905746252848,56.14735368722539
0.000489,0.0,0.0,-32.18153255941519,-32.1815325594152,56.1024537642448
0.0004892,0.0,0.0,-29.23906750727021,-29.23906750727022,56.057589746840364
0.0004894,0.0,0.0,-26.28687193179595,-26.286871931795957,56.01276160629911
0.0004896,0.0,0.0,-23.348716813325673,-23.34871681332568,55.967969313931015
0.0004898,0.0,0.0,-20.44825878190492,-20.448258781904926,55.92321284106902
0.00049,0.0,0.0,-17.608848182091286,-17.608848182091293,55.87849215906896
0.0004902,0.0,0.0,0.0,0.0,55.83380723930961
0.0004904,245.4086531242646,245.4086531242646,0.0,0.0,55.81368910608387
0.0004906,512.7147854722855,512.7147854722855,0.0,0.0,55.84483803908546
0.0004908,779.2049518485705,779.2049518485705,0.0,0.0,55.92932034946213
0.000491,1022.2253434847175,1022.2253434847175,0.0,0.0,56.06466578454186
0.0004912,1220.7968350576452,1220.7968350576452,0.0,0.0,56.244044518274976
0.0004914,1357.1103240454236,1357.1103240454236,0.0,0.0,56.45675491441221
0.0004916,1417.7958259335787,1417.7958259335787,0.0,0.0,56.68898723255133
0.0004918,1394.8749357533604,1394.8749357533604,0.0,0.0,56.92480879031088
0.0004919999999999999,1286.3288512521844,1286.3288512521844,0.0,0.0,57.14730032536516
0.0004921999999999999,1096.2415647394225,1096.2415647394225,0.0,0.0,57.33976254181745
0.0004923999999999999,834.508114770621,834.508114770621,0.0,0.0,57.48690684201492
0.0004925999999999999,516.1287865268589,516.1287865268589,0.0,0.0,57.57594539125136
0.0004927999999999999,160.1396518442458,160.1396518442458,0.0,0.0,57.59750285578966
0.000493,0.0,0.0,-28.773142440152885,-28.773142440152895,57.5462848803058
0.0004932,0.0,0.0,-22.699259876043797,-22.699259876043804,57.50026625984974
0.0004934,0.0,0.0,-22.36105178498569,-22.361051784985698,57.45428443956997
0.0004936,0.0,0.0,-22.07452097259163,-22.074520972591635,57.40833939003812
0.0004938,0.0,0.0,-21.841804544688742,-21.84180454468875,57.362431081849365
0.000494,0.0,0.0,-21.6646030815955,-21.6646030815955,57.31655948562238
0.0004942,0.0,0.0,-21.54416685098372,-21.54416685098373,57.27072457199933
0.0004944,0.0,0.0,-21.481285674684194,-21.4812856746842,57.22492631164587
0.0004946,0.0,0.0,-21.476282531562354,-21.47628253156236,57.179164675251116
0.0004948,0.0,0.0,-21.529010948276294,-21.529010948276294,57.1334396335276
0.000495,0.0,0.0,-21.63885619899483,-21.638856198994837,57.0877511572113
0.0004952,0.0,0.0,-50.78035006034666,-50.780350060346684,57.04209921706159
0.0004954,0.0,0.0,-50.88248858226015,-50.88248858226017,56.99648378386122
0.0004956,0.0,0.0,-50.8030279061111,-50.80302790611112,56.95090482841631
0.0004958,0.0,0.0,-50.54243223925664,-50.54243223925666,56.905362321556325
0.000496,0.0,0.0,-50.10263556283984,-50.10263556283986,56.85985623413405
0.0004962,0.0,0.0,-49.487025904556745,-49.487025904556766,56.814386537025584
0.0004964,0.0,0.0,-48.70041781441213,-48.70041781441214,56.76895320113032
0.0004965999999999999,0.0,0.0,-47.749013267068534,-47.749013267068555,56.72355619737092
0.0004967999999999999,0.0,0.0,-46.640351308288935,-46.64035130828895,56.67819549669329
0.0004969999999999999,0.0,0.0,-45.38324685429002,-45.38324685429004,56.632871070066585
0.0004971999999999999,0.0,0.0,-43.98771914082118,-43.98771914082119,56.58758288848316
0.0004974,0.0,0.0,-42.464910402748785,-42.46491040274881,56.542330922958584
0.0004976,0.0,0.0,-40.82699544417624,-40.826995444176255,56.497115144531584
0.0004978,0.0,0.0,-39.08708283302336,-39.08708283302337,56.451935524264066
0.000498,0.0,0.0,-37.259108521926066,-37.25910852192608,56.40679203324106
0.0004982,0.0,0.0,-35.35772275874665,-35.35772275874666,56.36168464257074
0.0004984,0.0,0.0,-33.398171204408456,-33.39817120440847,56.31661332338435
0.0004986,0.0,0.0,-31.396171222745522,-31.39617122274553,56.27157804683626
0.0004988,0.0,0.0,-29.3677843462059,-29.367784346205916,56.226578784103886
0.000499,0.0,0.0,-27.329285952250206,-27.329285952250217,56.181615506387686
0.0004992,0.0,0.0,-25.297033207892657,-25.297033207892667,56.136688184911165
0.0004994,0.0,0.0,-23.287332353857707,-23.287332353857714,56.09179679092083
0.0004996,0.0,0.0,-21.316306405157114,-21.316306405157118,56.04694129568619
0.0004998,0.0,0.0,-19.39976434148761,-19.399764341487618,56.00212167049971
0.0005,0.0,0.0,-17.553072848735532,-17.55307284873554,55.95733788667684
0.0005002,0.0,0.0,0.0,0.0,55.91258991555595
0.0005004,222.59045827513782,222.59045827513782,0.0,0.0,55.890127874267534
0.0005006,452.9224490573963,452.9224490573963,0.0,0.0,55.912957930678814
0.0005008,670.9222875143487,670.9222875143487,0.0,0.0,55.980584987168854
0.0005009999999999999,857.3988799610775,857.3988799610775,0.0,0.0,56.08858943414787
0.0005011999999999999,995.4118168487823,995.4118168487823,0.0,0.0,56.228943490658935
0.0005013999999999999,1071.4787652749778,1071.4787652749778,0.0,0.0,56.39058473758001
0.0005015999999999999,1076.5361538983316,1076.5361538983316,0.0,0.0,56.56020591323702
0.0005017999999999999,1006.584743787058,1006.584743787058,0.0,0.0,56.72320463878476
0.000502,862.9741503065413,862.9741503065413,0.0,0.0,56.864725356196125
0.0005022,652.3061211565152,652.3061211565152,0.0,0.0,56.970719205517746
0.0005024,385.96354903842706,385.96354903842706,0.0,0.0,57.0289463063325
0.0005026,79.2988673736719,79.2988673736719,0.0,0.0,57.02984902983924
0.0005028,0.0,0.0,-28.483617028846766,-28.483617028846776,56.96723405769356
0.000503,0.0,0.0,-20.87232084418467,-20.872320844184678,56.921678492673415
0.0005032,0.0,0.0,-21.137994019448534,-21.137994019448534,56.87615935753333
0.0005034,0.0,0.0,-21.462907557584032,-21.462907557584032,56.83067662314106
0.0005036,0.0,0.0,-21.844239307415087,-21.844239307415094,56.78523026038765
0.0005038,0.0,0.0,-22.27870958533773,-22.278709585337737,56.73982024018742
0.000504,0.0,0.0,-22.762607796023836,-22.762607796023843,56.69444653347795
0.0005042,0.0,0.0,-23.291822548675476,-23.291822548675484,56.64910911122007
0.0005044,0.0,0.0,-23.861875024397072,-23.86187502439708,56.60380794439782
0.0005046,0.0,0.0,-24.467955323880133,-24.467955323880147,56.55854300401845
0.0005048,0.0,0.0,-25.10496150042158,-25.104961500421588,56.5133142611124
0.000505,0.0,0.0,-25.767540961516048,-25.767540961516055,56.46812168673326
0.0005052,0.0,0.0,-55.42574365915079,-55.42574365915081,56.422965251957784
0.0005053999999999999,0.0,0.0,-56.00437621766076,-56.004376217660784,56.377844927885846
0.0005055999999999999,0.0,0.0,-56.35733173562958,-56.35733173562961,56.33276068564044
0.0005057999999999999,0.0,0.0,-56.481569095245355,-56.48156909524538,56.28771249636763
0.0005059999999999999,0.0,0.0,-56.37590310182551,-56.375903101825536,56.24270033123659
0.0005061999999999999,0.0,0.0,-56.04101405459275,-56.04101405459277,56.19772416143952
0.0005064,0.0,0.0,-55.479442181549224,-55.479442181549246,56.15278395819166
0.0005066,0.0,0.0,-54.69556698396983,-54.69556698396986,56.107879692731295
0.0005068,0.0,0.0,-53.69557165847031,-53.69557165847033,56.063011336319676
0.000507,0.0,0.0,-52.4873928856745,-52.487392885674524,56.01817886024105
0.0005072,0.0,0.0,-51.08065639322633,-51.08065639322635,55.97338223580263
0.0005074,0.0,0.0,-49.48659881630155,-49.486598816301566,55.92862143433457
0.0005076,0.0,0.0,-47.71797648993698,-47.717976489937,55.88389642718996
0.0005078,0.0,0.0,-45.78896191350794,-45.78896191350796,55.83920718574478
0.000508,0.0,0.0,-43.71502872768849,-43.71502872768851,55.79455368139792
0.0005082,0.0,0.0,-41.512826137412645,-41.51282613741266,55.749935885571134
0.0005084,0.0,0.0,-39.20004379996158,-39.20004379996159,55.70535376970902
0.0005086,0.0,0.0,-36.79526827463834,-36.79526827463835,55.66080730527902
0.0005088,0.0,0.0,-34.31783219892983,-34.31783219892984,55.6162964637714
0.000509,0.0,0.0,-31.78765741504089,-31.787657415040897,55.571821216699206
0.0005092,0.0,0.0,-29.225093319739464,-29.22509331973947,55.52738153559829
0.0005094,0.0,0.0,-26.650751749176116,-26.650751749176123,55.48297739202724
0.0005096,0.0,0.0,-24.085339738422945,-24.085339738422956,55.4386087575674
0.0005097999999999999,0.0,0.0,-21.54949151268766,-21.549491512687663,55.39427560382284
0.0005099999999999999,0.0,0.0,-19.063601073359337,-19.06360107335934,55.34997790242034
0.0005101999999999999,0.0,0.0,0.0,0.0,55.30571562500937
0.0005103999999999999,214.21804806962874,214.21804806962874,0.0,0.0,55.282901982773225
0.0005105999999999999,447.3198447497173,447.3198447497173,0.0,0.0,55.304820682988854
0.0005108,679.0708019518746,679.0708019518746,0.0,0.0,55.37318854396823
0.000511,889.3344393631596,889.3344393631596,0.0,0.0,55.48568551847476
0.0005112,1059.5080205642953,1059.5080205642953,0.0,0.0,55.63612104184338
0.0005114,1173.84856558899,1173.84856558899,0.0,0.0,55.814876301521366
0.0005116,1220.5947680115198,1220.5947680115198,0.0,0.0,56.0095908480216
0.0005118,1192.8049105065963,1192.8049105065963,0.0,0.0,56.206044561709525
0.000512,1088.8511297988564,1088.8511297988564,0.0,0.0,56.38917207908376
0.0005122,912.5348851420915,912.5348851420915,0.0,0.0,56.5441373568035
0.0005124,672.8154867957239,672.8154867957239,0.0,0.0,56.657391782341634
0.0005126,383.1711175513323,383.1711175513323,0.0,0.0,56.717640429891446
0.0005128,60.63796586819262,60.63796586819262,0.0,0.0,56.716647623012236
0.000513,0.0,0.0,-28.32491221628053,-28.32491221628054,56.64982443256109
0.0005132,0.0,0.0,-20.47274326670663,-20.472743266706637,56.60452269371058
0.0005134,0.0,0.0,-20.169597629105816,-20.169597629105823,56.55925718176039
0.0005136,0.0,0.0,-19.93227758571706,-19.93227758571706,56.51402786774059
0.0005138,0.0,0.0,-19.762523530612867,-19.762523530612874,56.46883472270441
0.000514,0.0,0.0,-19.661527766170373,-19.661527766170373,56.42367771772823
0.0005142,0.0,0.0,-19.629924842559575,-19.629924842559582,56.37855682391157
0.0005143999999999999,0.0,0.0,-19.667786422784637,-19.667786422784637,56.33347201237706
0.0005145999999999999,0.0,0.0,-19.774620714830462,-19.77462071483047,56.2884232542704
0.0005147999999999999,0.0,0.0,-19.94937647541078,-19.949376475410787,56.243410520760385
0.0005149999999999999,0.0,0.0,-20.190451552721925,-20.19045155272193,56.198433783038865
0.0005152,0.0,0.0,-49.47131565487799,-49.47131565487801,56.15349301232072
0.0005154,0.0,0.0,-49.71983673965321,-49.71983673965323,56.108588179843856
0.0005156,0.0,0.0,-49.792585987004706,-49.79258598700473,56.06371925686917
0.0005158,0.0,0.0,-49.688795389166934,-49.688795389166955,56.01888621468055
0.000516,0.0,0.0,-49.40912945717517,-49.40912945717519,55.97408902458484
0.0005162,0.0,0.0,-48.95567979437622,-48.955679794376245,55.92932765791184
0.0005164,0.0,0.0,-48.331948091370066,-48.33194809137009,55.88460208601427
0.0005166,0.0,0.0,-47.54281768063436,-47.54281768063437,55.839912280267754
0.0005168,0.0,0.0,-46.5945138819019,-46.59451388190192,55.79525821207082
0.000517,0.0,0.0,-45.49455346030113,-45.49455346030115,55.750639852844856
0.0005172,0.0,0.0,-44.25168360759562,-44.25168360759564,55.7060571740341
0.0005174,0.0,0.0,-42.87581094185292,-42.87581094185293,55.661510147105645
0.0005176,0.0,0.0,-41.3779211018461,-41.37792110184611,55.61699874354938
0.0005178,0.0,0.0,-39.76998958878719,-39.76998958878721,55.57252293487801
0.000518,0.0,0.0,-38.06488457899038,-38.064884578990394,55.528082692627
0.0005182,0.0,0.0,-36.27626249618897,-36.276262496188984,55.48367798835461
0.0005184,0.0,0.0,-34.418457190955564,-34.41845719095558,55.43930879364181
0.0005186,0.0,0.0,-32.50636362652279,-32.506363626522806,55.394975080092316
0.0005187999999999999,0.0,0.0,-30.555317014852477,-30.555317014852484,55.35067681933254
0.0005189999999999999,0.0,0.0,-28.58096838369249,-28.5809683836925,55.3064139830116
0.0005191999999999999,0.0,0.0,-26.599157584293707,-26.599157584293717,55.262186542801274
0.0005193999999999999,0.0,0.0,-24.625784770200227,-24.625784770200237,55.21799447039599
0.0005195999999999999,0.0,0.0,-22.676681389905823,-22.67668138990583,55.17383773751283
0.0005198,0.0,0.0,-20.767481740088403,-20.767481740088414,55.129716315891464
0.00052,0.0,0.0,-18.91349612156063,-18.91349612156064,55.08563017729419
0.0005202,0.0,0.0,0.0,0.0,55.04157929350587
0.0005204,201.53207378110406,201.53207378110406,0.0,0.0,55.01770878565232
0.0005206,412.83395155745586,412.83395155745586,0.0,0.0,55.03512425496992
0.0005208,615.2476687853937,615.2476687853937,0.0,0.0,55.09388081497623
0.000521,790.7519490970672,790.7519490970672,0.0,0.0,55.19036707760745
0.0005212,923.2469764748723,923.2469764748723,0.0,0.0,55.31756379781447
0.0005214,999.7019474301483,999.7019474301483,0.0,0.0,55.46554544650725
0.0005216,1011.083655223817,1011.083655223817,0.0,0.0,55.622188913028836
0.0005218,952.9999810260988,952.9999810260988,0.0,0.0,55.77403878557439
0.000522,826.0124985695013,826.0124985695013,0.0,0.0,55.90726751101531
0.0005222,635.5959893359361,635.5959893359361,0.0,0.0,56.00866198800625
0.0005224,391.74783275743727,391.74783275743727,0.0,0.0,56.06656627890883
0.0005226,108.27518642230064,108.27518642230064,0.0,0.0,56.07171326900764
0.0005228,0.0,0.0,-28.00894301530745,-28.008943015307462,56.01788603061493
0.000523,0.0,0.0,-19.69921284375497,-19.69921284375497,55.973089640346544
0.0005231999999999999,0.0,0.0,-20.1208578494344,-20.120857849434408,55.92832907286126
0.0005233999999999999,0.0,0.0,-20.606146546684535,-20.606146546684542,55.88360429951231
0.0005235999999999999,0.0,0.0,-21.150958549747166,-21.150958549747173,55.83891529167583
0.0005237999999999999,0.0,0.0,-21.75069077642204,-21.750690776422047,55.79426202075086
0.0005239999999999999,0.0,0.0,-22.400294806768215,-22.400294806768223,55.74964445815929
0.0005242,0.0,0.0,-23.094317854140286,-23.094317854140293,55.705062575345885
0.0005244,0.0,0.0,-23.82694701605314,-23.826947016053147,55.660516343778234
0.0005246,0.0,0.0,-24.592056445766673,-24.59205644576668,55.61600573494674
0.0005248,0.0,0.0,-25.38325706179289,-25.383257061792897,55.57153072036461
0.000525,0.0,0.0,-26.193948391946044,-26.19394839194605,55.52709127156784
0.0005252,0.0,0.0,-55.99298188734516,-55.99298188734518,55.482687360115165
0.0005254,0.0,0.0,-56.7040247730959,-56.704024773095924,55.43831895758808
0.0005256,0.0,0.0,-57.17989909326081,-57.17989909326083,55.39398603559081
0.0005258,0.0,0.0,-57.41656970854536,-57.41656970854538,55.34968856575027
0.000526,0.0,0.0,-57.41194249893458,-57.41194249893461,55.305426519716086
0.0005262,0.0,0.0,-57.16588130695768,-57.1658813069577,55.261199869160535
0.0005264,0.0,0.0,-56.680208994627826,-56.68020899462785,55.21700858577856
0.0005266,0.0,0.0,-55.958692605868436,-55.95869260586846,55.17285264128773
0.0005268,0.0,0.0,-55.00701275519714,-55.00701275519716,55.12873200742825
0.000527,0.0,0.0,-53.832717491416204,-53.832717491416226,55.08464665596289
0.0005272,0.0,0.0,-52.44516101101382,-52.445161011013845,55.04059655867704
0.0005274,0.0,0.0,-50.85542771889325,-50.855427718893274,54.996581687378615
0.0005275999999999999,0.0,0.0,-49.07624225291915,-49.07624225291917,54.9526020138981
0.0005277999999999999,0.0,0.0,-47.12186620263788,-47.121866202637904,54.9086575100885
0.0005279999999999999,0.0,0.0,-45.007982360467324,-45.007982360467345,54.86474814782534
0.0005281999999999999,0.0,0.0,-42.75156744478672,-42.75156744478674,54.82087389900661
0.0005283999999999999,0.0,0.0,-40.37075432786732,-40.37075432786733,54.77703473555278
0.0005286,0.0,0.0,-37.884684886711725,-37.88468488671174,54.7332306294068
0.0005288,0.0,0.0,-35.31335467092369,-35.3133546709237,54.68946155253402
0.000529,0.0,0.0,-32.677450648093426,-32.67745064809344,54.64572747692224
0.0005292,0.0,0.0,-29.998183343318434,-29.998183343318445,54.602028374581636
0.0005294,0.0,0.0,-27.297114734930794,-27.2971147349308,54.558364217544785
0.0005296,0.0,0.0,-24.595983302900827,-24.595983302900837,54.51473497786662
0.0005298,0.0,0.0,-21.91652764945472,-21.916527649454725,54.47114062762442
0.00053,0.0,0.0,-19.28031012299342,-19.280310122993427,54.4275811389178
0.0005302,0.0,0.0,0.0,0.0,54.38405648386868
0.0005304,214.52332093102046,214.52332093102046,0.0,0.0,54.36201038921256
0.0005306,450.4869089218921,450.4869089218921,0.0,0.0,54.385012603000966
0.0005308,687.5107386599591,687.5107386599591,0.0,0.0,54.45527625221707
0.000531,905.1405779421355,905.1405779421355,0.0,0.0,54.570930901015984
0.0005312,1084.3062965302863,1084.3062965302863,0.0,0.0,54.72615675340146
0.0005314,1208.6812104757807,1208.6812104757807,0.0,0.0,54.911600401240214
0.0005316,1265.8456122593466,1265.8456122593466,0.0,0.0,55.11504242638268
0.0005318,1248.1716133299635,1248.1716133299635,0.0,0.0,55.32226922428135
0.000532,1153.3663045782064,1153.3663045782064,0.0,0.0,55.518086873633
0.0005321999999999999,984.6346039697996,984.6346039697996,0.0,0.0,55.68740476783122
0.0005323999999999999,750.4502717391813,750.4502717391813,0.0,0.0,55.81631176878747
0.0005325999999999999,463.95149954117585,463.95149954117585,0.0,0.0,55.89306819393042
0.0005327999999999999,142.00423048977694,142.00423048977694,0.0,0.0,55.90894296247096
0.0005329999999999999,0.0,0.0,-27.929418138712034,-27.92941813871204,55.85883627742409
0.0005332,0.0,0.0,-20.808203404501747,-20.808203404501754,55.81416707608268
0.0005334,0.0,0.0,-20.636501146080164,-20.63650114608017,55.769533595813925
0.0005336,0.0,0.0,-20.52362911192285,-20.52362911192285,55.72493580805238
0.0005338,0.0,0.0,-20.47032072064283,-20.47032072064284,55.68037368425546
0.000534,0.0,0.0,-20.476826248580757,-20.476826248580764,55.635847195903395
0.0005342,0.0,0.0,-20.54291081083408,-20.542910810834087,55.59135631449923
0.0005344,0.0,0.0,-20.667856278687196,-20.667856278687204,55.5469010115688
0.0005346,0.0,0.0,-20.850467117789584,-20.850467117789584,55.50248125866071
0.0005348,0.0,0.0,-21.089080099618393,-21.0890800996184,55.458097027346305
0.000535,0.0,0.0,-21.381577807337592,-21.381577807337592,55.413748289219676
0.0005352,0.0,0.0,-50.701015582478924,-50.701015582478945,55.36943501589763
0.0005354,0.0,0.0,-50.97495127418979,-50.97495127418981,55.32515717901966
0.0005356,0.0,0.0,-51.059752725283666,-51.05975272528369,55.28091475024795
0.0005358,0.0,0.0,-50.954557009511454,-50.954557009511475,55.23670770126734
0.000536,0.0,0.0,-50.66004290556799,-50.66004290556801,55.19253600378532
0.0005362,0.0,0.0,-50.17842535218619,-50.1784253521862,55.148399629531994
0.0005364,0.0,0.0,-49.51343743974489,-49.51343743974491,55.104298550260076
0.0005365999999999999,0.0,0.0,-48.67030008480461,-48.67030008480463,55.060232737744876
0.0005367999999999999,0.0,0.0,-47.65567963391636,-47.65567963391638,55.016202163784264
0.0005369999999999999,0.0,0.0,-46.47763374097862,-46.47763374097863,54.97220680019867
0.0005371999999999999,0.0,0.0,-45.145545957551285,-45.145545957551306,54.928246618831054
0.0005373999999999999,0.0,0.0,-43.67004956710255,-43.67004956710257,54.8843215915469
0.0005376,0.0,0.0,-42.06294128142038,-42.06294128142039,54.84043169023418
0.0005378,0.0,0.0,-40.33708549965903,-40.33708549965905,54.796576886803365
0.000538,0.0,0.0,-38.50630990704364,-38.50630990704365,54.75275715318737
0.0005382,0.0,0.0,-36.58529326050271,-36.58529326050272,54.70897246134155
0.0005384,0.0,0.0,-34.58944627186898,-34.589446271868994,54.66522278324372
0.0005386,0.0,0.0,-32.53478655526985,-32.53478655526986,54.62150809089406
0.0005388,0.0,0.0,-30.437808653465105,-30.437808653465115,54.57782835631517
0.000539,0.0,0.0,-28.315350197791957,-28.315350197791965,54.534183551552026
0.0005392,0.0,0.0,-26.184455287721608,-26.18445528772162,54.49057364867193
0.0005394,0.0,0.0,-24.0622361985639,-24.06223619856391,54.44699861976456
0.0005396,0.0,0.0,-21.965734539394038,-21.96573453939405,54.403458436941875
0.0005398,0.0,0.0,-19.91178298770877,-19.911782987708776,54.359953072338165
0.00054,0.0,0.0,-17.916868722612737,-17.91686872261274,54.316482498109984
0.0005402,0.0,0.0,0.0,0.0,54.27304668643617
0.0005404,220.63051109426513,220.63051109426513,0.0,0.0,54.251699838935444
0.0005406,451.83232995562435,451.83232995562435,0.0,0.0,54.27553522901325
0.0005408,673.5750133105378,673.5750133105378,0.0,0.0,54.34462789808902
0.0005409999999999999,866.5053673091049,866.5053673091049,0.0,0.0,54.45511603857633
0.0005411999999999999,1013.3271199508201,1013.3271199508201,0.0,0.0,54.59947744990693
0.0005413999999999999,1100.03369875488,1100.03369875488,0.0,0.0,54.76706691403192
0.0005415999999999999,1116.9062944140517,1116.9062944140517,0.0,0.0,54.94487613612875
0.0005417999999999999,1059.2061375189194,1059.2061375189194,0.0,0.0,55.11846204404998
0.000542,927.5117229307664,927.5117229307664,0.0,0.0,55.272977254375576
0.0005422,727.6770297956784,727.6770297956784,0.0,0.0,55.394229247047654
0.0005424,470.413799814374,470.413799814374,0.0,0.0,55.469692761205366
0.0005426,170.52772666852832,170.52772666852832,0.0,0.0,55.489403275438995
0.0005428,0.0,0.0,-27.72333396312919,-27.723333963129196,55.4466679262584
0.000543,0.0,0.0,-20.87541445977596,-20.875414459775968,55.40232832775679
0.0005432,0.0,0.0,-21.30329250019087,-21.303292500190878,55.35802418675099
0.0005434,0.0,0.0,-21.7829066480791,-21.782906648079106,55.313755474886335
0.0005436,0.0,0.0,-22.310184698193815,-22.310184698193822,55.26952216383085
0.0005438,0.0,0.0,-22.880667967364182,-22.880667967364182,55.22532422527521
0.000544,0.0,0.0,-23.489547479275622,-23.48954747927563,55.18116163093273
0.0005442,0.0,0.0,-24.13170299046994,-24.131702990469947,55.13703435253934
0.0005444,0.0,0.0,-24.801744540858884,-24.80174454085889,55.09294236185358
0.0005446,0.0,0.0,-25.494056191570102,-25.49405619157011,55.04888563065658
0.0005448,0.0,0.0,-26.20284159520545,-26.202841595205456,55.00486413075201
0.000545,0.0,0.0,-26.922171028733345,-26.922171028733352,54.96087783396612
0.0005452,0.0,0.0,-56.621639263475906,-56.62163926347593,54.91692671214768
0.0005453999999999999,0.0,0.0,-57.225723383103436,-57.225723383103464,54.87301073716795
0.0005455999999999999,0.0,0.0,-57.58811525620568,-57.588115256205704,54.82912988092072
0.0005457999999999999,0.0,0.0,-57.70570247520551,-57.705702475205534,54.78528411532222
0.0005459999999999999,0.0,0.0,-57.57735907113301,-57.57735907113303,54.741473412311166
0.0005461999999999999,0.0,0.0,-57.20395460070034,-57.20395460070037,54.6976977438487
0.0005463999999999999,0.0,0.0,-56.58834704247511,-56.58834704247513,54.65395708191839
0.0005466,0.0,0.0,-55.7353595601825,-55.73535956018252,54.610251398526216
0.0005468,0.0,0.0,-54.65174132206036,-54.65174132206038,54.56658066570053
0.000547,0.0,0.0,-53.34611269454646,-53.346112694546484,54.52294485549205
0.0005472,0.0,0.0,-51.82889525534936,-51.82889525534937,54.47934393997386
0.0005474,0.0,0.0,-50.11222719411033,-50.112227194110346,54.43577789124137
0.0005476,0.0,0.0,-48.209864787408364,-48.20986478740838,54.39224668141231
0.0005478,0.0,0.0,-46.13707074782861,-46.13707074782862,54.348750282626696
0.000548,0.0,0.0,-43.91049035329291,-43.91049035329292,54.305288667046824
0.0005482,0.0,0.0,-41.54801636197327,-41.54801636197328,54.26186180685726
0.0005484,0.0,0.0,-39.068643809073095,-39.06864380907311,54.21846967426481
0.0005486,0.0,0.0,-36.49231586382743,-36.49231586382744,54.1751122414985
0.0005488,0.0,0.0,-33.83976199757781,-33.839761997577824,54.13178948080958
0.000549,0.0,0.0,-31.13232977613079,-31.132329776130803,54.08850136447147
0.0005492,0.0,0.0,-28.39181164130658,-28.39181164130659,54.04524786477977
0.0005494,0.0,0.0,-25.64026808720631,-25.64026808720632,54.002028954052236
0.0005496,0.0,0.0,-22.89984866594337,-22.899848665943374,53.95884460462876
0.0005498,0.0,0.0,-20.192612275160243,-20.192612275160247,53.915694788871356
0.0005499999999999999,0.0,0.0,-17.540348185444003,-17.54034818544401,53.87257947916414
0.0005501999999999999,0.0,0.0,0.0,0.0,53.829498647913304
0.0005503999999999999,242.27768809166997,242.27768809166997,0.0,0.0,53.810670349123654
0.0005505999999999999,504.0152366164703,504.0152366164703,0.0,0.0,53.8422384780636
0.0005507999999999999,763.0271240399436,763.0271240399436,0.0,0.0,53.9258354845442
0.000551,997.3237952566974,997.3237952566974,0.0,0.0,54.05867677157142
0.0005512,1186.679316744098,1186.679316744098,0.0,0.0,54.23376010801966
0.0005514,1314.0729966276972,1314.0729966276972,0.0,0.0,54.44036568903802
0.0005516,1366.9022628323055,1366.9022628323055,0.0,0.0,54.6648211402523
0.0005518,1337.8804165987624,1337.8804165987624,0.0,0.0,54.89147688898371
0.000552,1225.5553550237707,1225.5553550237707,0.0,0.0,55.10382234645179
0.0005522,1034.4123817950333,1034.4123817950333,0.0,0.0,55.285663325864746
0.0005524,774.5538729856348,774.5538729856348,0.0,0.0,55.42227677530234
0.0005526,460.9787212474086,460.9787212474086,0.0,0.0,55.5014605397996
0.0005528,112.51299782826487,112.51299782826487,0.0,0.0,55.5144033661448
0.000553,0.0,0.0,-27.728156595439525,-27.728156595439533,55.45631319087907
0.0005532,0.0,0.0,-21.920958081306765,-21.92095808130677,55.41196587925102
0.0005534,0.0,0.0,-21.473191084786905,-21.473191084786905,55.367654031286804
0.0005536,0.0,0.0,-21.07584210744956,-21.075842107449567,55.323377618626836
0.0005538,0.0,0.0,-20.731954177767577,-20.731954177767584,55.27913661293421
0.000554,0.0,0.0,-20.444136638036312,-20.44413663803632,55.23493098589468
0.0005542,0.0,0.0,-20.214543983938327,-20.214543983938327,55.19076070921663
0.0005543999999999999,0.0,0.0,-20.0448583950173,-20.044858395017307,55.146625754631096
0.0005545999999999999,0.0,0.0,-19.936276097710348,-19.936276097710348,55.10252609389168
0.0005547999999999999,0.0,0.0,-19.889497671488627,-19.889497671488634,55.058461698774614
0.0005549999999999999,0.0,0.0,-19.904722376661574,-19.90472237666158,55.01443254107867
0.0005551999999999999,0.0,0.0,-48.957256305865506,-48.95725630586553,54.970438592625186
0.0005554,0.0,0.0,-48.97682387346704,-48.97682387346706,54.926479825258035
0.0005556,0.0,0.0,-48.82185772525484,-48.82185772525485,54.882556210843596
0.0005558,0.0,0.0,-48.49344122542741,-48.493441225427425,54.83866772127075
0.000556,0.0,0.0,-47.99406514227399,-47.99406514227401,54.79481432845086
0.0005562,0.0,0.0,-47.32760740497629,-47.32760740497631,54.750996004317756
0.0005564,0.0,0.0,-46.49930160618495,-46.49930160618497,54.7072127208277
0.0005566,0.0,0.0,-45.51569450619869,-45.51569450619871,54.663464449959385
0.0005568,0.0,0.0,-44.38459288380334,-44.384592883803364,54.619751163713914
0.000557,0.0,0.0,-43.115000165255324,-43.115000165255346,54.57607283411478
0.0005572,0.0,0.0,-41.71704334581861,-41.71704334581863,54.53242943320785
0.0005574,0.0,0.0,-40.201890797012915,-40.20189079701293,54.48882093306134
0.0005576,0.0,0.0,-38.581661626665166,-38.58166162666518,54.44524730576581
0.0005578,0.0,0.0,-36.86932732737634,-36.869327327376354,54.40170852343413
0.000558,0.0,0.0,-35.07860651156565,-35.07860651156567,54.35820455820148
0.0005582,0.0,0.0,-33.22385358732672,-33.22385358732674,54.31473538222531
0.0005584,0.0,0.0,-31.319942278470755,-31.319942278470762,54.27130096768534
0.0005586,0.0,0.0,-29.382144933941216,-29.382144933941227,54.227901286783556
0.0005587999999999999,0.0,0.0,-27.42600860592475,-27.426008605924764,54.18453631174415
0.0005589999999999999,0.0,0.0,-25.467228902175997,-25.467228902176004,54.14120601481352
0.0005591999999999999,0.0,0.0,-23.521522636108656,-23.521522636108667,54.09791036826029
0.0005593999999999999,0.0,0.0,-21.604500307934508,-21.60450030793452,54.05464934437523
0.0005595999999999999,0.0,0.0,-19.73153945147762,-19.73153945147763,54.011422915471286
0.0005598,0.0,0.0,-17.917659874242247,-17.917659874242254,53.96823105388354
0.00056,0.0,0.0,-16.17740180292702,-16.177401802927022,53.9250737319692
0.0005602,0.0,0.0,0.0,0.0,53.88195092210757
0.0005604,241.89788068427714,241.89788068427714,0.0,0.0,53.86304271272207
0.0005606,488.5255748001754,488.5255748001754,0.0,0.0,53.89298264812618
0.0005608,718.7767832921609,718.7767832921609,0.0,0.0,53.97056746389061
0.000561,912.7164172091072,912.7164172091072,0.0,0.0,54.090492360011176
0.0005612,1053.00162211666,1053.00162211666,0.0,0.0,54.24373047480982
0.0005614,1126.117749982427,1126.117749982427,0.0,0.0,54.4181776487703
0.0005616,1123.341240234248,1123.341240234248,0.0,0.0,54.59951647014441
0.0005618,1041.360852960007,1041.360852960007,0.0,0.0,54.7722379776847
0.000562,882.5130597226016,882.5130597226016,0.0,0.0,54.92074817449209
0.0005622,654.6149039460129,654.6149039460129,0.0,0.0,55.0304804793974
0.0005624,370.40633236809236,370.40633236809236,0.0,0.0,55.08893483690229
0.0005626,46.64182686541278,46.64182686541278,0.0,0.0,55.086569451110435
0.0005628,0.0,0.0,-27.508740814138523,-27.50874081413853,55.01748162827707
0.000563,0.0,0.0,-21.501929823749926,-21.501929823749933,54.97348524152915
0.0005632,0.0,0.0,-21.54466605929963,-21.544666059299637,54.92952403781741
0.0005633999999999999,0.0,0.0,-21.635450945423464,-21.63545094542347,54.885597989006676
0.0005635999999999999,0.0,0.0,-21.77336851975008,-21.773368519750086,54.84170706698428
0.0005637999999999999,0.0,0.0,-21.957120574048403,-21.95712057404841,54.79785124366002
0.0005639999999999999,0.0,0.0,-22.185037196419202,-22.18503719641921,54.754030490966166
0.0005641999999999999,0.0,0.0,-22.455090329044708,-22.455090329044715,54.71024478085744
0.0005644,0.0,0.0,-22.764910231422164,-22.76491023142217,54.666494085310966
0.0005646,0.0,0.0,-23.1118047154363,-23.111804715436307,54.62277837632631
0.0005648,0.0,0.0,-23.492780996139764,-23.49278099613977,54.57909762592541
0.000565,0.0,0.0,-23.904569980891516,-23.904569980891523,54.53545180615257
0.0005652,0.0,0.0,-53.319262555821865,-53.31926255582189,54.49184088907448
0.0005654,0.0,0.0,-53.663647155625846,-53.66364715562587,54.44826484678014
0.0005656,0.0,0.0,-53.79352348750567,-53.79352348750569,54.40472365138088
0.0005658,0.0,0.0,-53.7076663731082,-53.70766637310822,54.36121727501032
0.000566,0.0,0.0,-53.4066011566513,-53.40660115665132,54.317745689824385
0.0005662,0.0,0.0,-52.89259939982642,-52.892599399826445,54.274308868001256
0.0005664,0.0,0.0,-52.16966040888553,-52.16966040888555,54.23090678174136
0.0005666,0.0,0.0,-51.243478744136716,-51.24347874413674,54.18753940326736
0.0005668,0.0,0.0,-50.12139797580158,-50.1213979758016,54.14420670482412
0.000567,0.0,0.0,-48.81235106177013,-48.81235106177015,54.10090865867872
0.0005672,0.0,0.0,-47.326787831323784,-47.326787831323806,54.0576452371204
0.0005674,0.0,0.0,-45.67659016350031,-45.67659016350032,54.01441641246056
0.0005676,0.0,0.0,-43.8749755485999,-43.87497554859991,53.97122215703276
0.0005677999999999999,0.0,0.0,-41.93638981556808,-41.93638981556809,53.92806244319267
0.0005679999999999999,0.0,0.0,-39.87638989587455,-39.87638989587457,53.88493724331807
0.0005681999999999999,0.0,0.0,-37.71151757532484,-37.711517575324855,53.84184652980882
0.0005683999999999999,0.0,0.0,-35.45916525833761,-35.45916525833763,53.79879027508686
0.0005685999999999999,0.0,0.0,-33.13743483400262,-33.13743483400263,53.75576845159618
0.0005688,0.0,0.0,-30.764990789176046,-30.76499078917606,53.71278103180282
0.000569,0.0,0.0,-28.360908760519138,-28.360908760519145,53.66982798819482
0.0005692,0.0,0.0,-25.944520754362678,-25.94452075436269,53.626909293282225
0.0005694,0.0,0.0,-23.53525829028593,-23.535258290285938,53.58402491959707
0.0005696,0.0,0.0,-21.152494741113625,-21.152494741113635,53.541174839693355
0.0005698,0.0,0.0,-18.815388148523873,-18.815388148523876,53.498359026147014
0.00057,0.0,0.0,-16.542725789569435,-16.54272578956944,53.45557745155593
0.0005702,0.0,0.0,0.0,0.0,53.41283008853989
0.0005704,248.9280670490208,248.9280670490208,0.0,0.0,53.394999763304064
0.0005706,510.684787621954,510.684787621954,0.0,0.0,53.42823175616338
0.0005708,763.1115073917501,763.1115073917501,0.0,0.0,53.512834958978694
0.000571,984.7172731360711,984.7172731360711,0.0,0.0,53.64475480112743
0.0005712,1156.210843584959,1156.210843584959,0.0,0.0,53.81586336553288
0.0005714,1261.8755956282191,1261.8755956282191,0.0,0.0,54.01453984816872
0.0005716,1290.6893803254084,1290.6893803254084,0.0,0.0,54.22649992985287
0.0005718,1237.1095810193551,1237.1095810193551,0.0,0.0,54.435814900055384
0.000572,1101.4675027257222,1101.4675027257222,0.0,0.0,54.62604786332454
0.0005721999999999999,889.9440750249269,889.9440750249269,0.0,0.0,54.781426031541656
0.0005723999999999999,614.1286941135529,614.1286941135529,0.0,0.0,54.88796555182216
0.0005725999999999999,290.1927362807159,290.1927362807159,0.0,0.0,54.9344687211524
0.0005727999999999999,0.0,0.0,-27.456661275530312,-27.45666127553032,54.913322551060645
0.0005729999999999999,0.0,0.0,-22.76655775351773,-22.766557753517738,54.86940945825692
0.0005732,0.0,0.0,-23.2675152353112,-23.26751523531121,54.82553148188086
0.0005734,0.0,0.0,-23.802109988552438,-23.802109988552445,54.78168859385057
0.0005736,0.0,0.0,-24.36582589144475,-24.365825891444757,54.737880766106585
0.0005738,0.0,0.0,-24.953910800156834,-24.95391080015684,54.694107970611896
0.000574,0.0,0.0,-25.56141511093255,-25.561415110932558,54.65037017935191
0.0005742,0.0,0.0,-26.183231923351663,-26.18323192335167,54.606667364334434
0.0005744,0.0,0.0,-26.81413847883819,-26.814138478838203,54.562999497589665
0.0005746,0.0,0.0,-27.448838538174357,-27.448838538174364,54.51936655117016
0.0005748,0.0,0.0,-28.082005354167798,-28.082005354167805,54.47576849715083
0.000575,0.0,0.0,-28.708324890798956,-28.708324890798963,54.43220530762892
0.0005752,0.0,0.0,-58.29814869428225,-58.298148694282276,54.38867695472398
0.0005754,0.0,0.0,-58.776845567540775,-58.776845567540796,54.34518341057785
0.0005756,0.0,0.0,-58.99912680453746,-58.99912680453748,54.30172464735468
0.0005758,0.0,0.0,-58.96301885498235,-58.96301885498238,54.25830063724084
0.000576,0.0,0.0,-58.66864479609174,-58.66864479609177,54.214911352444965
0.0005762,0.0,0.0,-58.11822328285655,-58.11822328285657,54.171556765197906
0.0005764,0.0,0.0,-57.31605049588387,-57.31605049588389,54.128236847752724
0.0005765999999999999,0.0,0.0,-56.26846523369151,-56.26846523369153,54.08495157238467
0.0005767999999999999,0.0,0.0,-54.9837974330892,-54.98379743308923,54.04170091139115
0.0005769999999999999,0.0,0.0,-53.4723005357293,-53.472300535729325,53.99848483709176
0.0005771999999999999,0.0,0.0,-51.74606824996358,-51.7460682499636,53.95530332182819
0.0005773999999999999,0.0,0.0,-49.81893638373788,-49.8189363837379,53.91215633796427
0.0005775999999999999,0.0,0.0,-47.70637054536604,-47.70637054536606,53.86904385788593
0.0005778,0.0,0.0,-45.425340623665875,-45.425340623665896,53.82596585400117
0.000578,0.0,0.0,-42.9941830661833,-42.99418306618331,53.78292229874007
0.0005782,0.0,0.0,-40.43245207320611,-40.43245207320612,53.73991316455475
0.0005784,0.0,0.0,-37.76076091517339,-37.76076091517341,53.696938423919356
0.0005786,0.0,0.0,-35.000614661190646,-35.00061466119066,53.653998049330056
0.0005788,0.0,0.0,-32.17423567601558,-32.17423567601559,53.611092013305004
0.000579,0.0,0.0,-29.30438330151931,-29.304383301519323,53.568220288384325
0.0005792,0.0,0.0,-26.414169185777446,-26.414169185777457,53.52538284713012
0.0005794,0.0,0.0,-23.526869758222766,-23.526869758222773,53.48257966212641
0.0005796,0.0,0.0,-20.665737372410344,-20.665737372410355,53.43981070597917
0.0005798,0.0,0.0,-17.85381164871908,-17.853811648719084,53.39707595131625
0.00058,0.0,0.0,-15.113732547654072,-15.113732547654077,53.35437537078741
0.0005802,0.0,0.0,0.0,0.0,53.31170893706427
0.0005804,282.51302237352246,282.51302237352246,0.0,0.0,53.29731662907516
0.0005806,582.6125023140224,582.6125023140224,0.0,0.0,53.34117378537814
0.0005808,875.4055281453925,875.4055281453925,0.0,0.0,53.44426141434419
0.000581,1136.5220010473167,1136.5220010473167,0.0,0.0,53.60263540853431
0.0005811999999999999,1343.8518582977035,1343.8518582977035,0.0,0.0,53.807708656842664
0.0005813999999999999,1479.1208469854896,1479.1208469854896,0.0,0.0,54.04686409826894
0.0005815999999999999,1529.1925890657617,1529.1925890657617,0.0,0.0,54.30435495425306
0.0005817999999999999,1487.0042093797028,1487.0042093797028,0.0,0.0,54.56242792094753
0.0005819999999999999,1352.0689327762104,1352.0689327762104,0.0,0.0,54.802589228303425
0.0005822,1130.5099308227718,1130.5099308227718,0.0,0.0,55.006923309648144
0.0005824,834.623111494559,834.623111494559,0.0,0.0,55.159370096517414
0.0005826,482.00011498634507,482.00011498634507,0.0,0.0,55.24686992315764
0.0005828,94.27411306355242,94.27411306355242,0.0,0.0,55.26029448020129
0.000583,0.0,0.0,-27.597548761136604,-27.59754876113661,55.19509752227323
0.0005832,0.0,0.0,-23.727036769808485,-23.727036769808493,55.15095909962447
0.0005834,0.0,0.0,-22.93149801703293,-22.931498017032936,55.10685597359518
0.0005836,0.0,0.0,-22.173495715112196,-22.173495715112196,55.06278811595936
0.0005838,0.0,0.0,-21.459000209872443,-21.45900020987245,55.01875549851356
0.000584,0.0,0.0,-20.793628852764343,-20.79362885276435,54.97475809307693
0.0005842,0.0,0.0,-20.18260043300736,-20.18260043300736,54.9307958714911
0.0005844,0.0,0.0,-19.630692844574675,-19.630692844574682,54.88686880562025
0.0005846,0.0,0.0,-19.142204331408422,-19.142204331408422,54.84297686735106
0.0005848,0.0,0.0,-18.720918625214715,-18.720918625214722,54.79912002859268
0.000585,0.0,0.0,-18.37007425859811,-18.37007425859811,54.755298261276735
0.0005852,0.0,0.0,-47.06794805850877,-47.06794805850879,54.71151153735728
0.0005854,0.0,0.0,-46.74714253428706,-46.74714253428708,54.667759828810816
0.0005855999999999999,0.0,0.0,-46.268852438211546,-46.26885243821156,54.62404310763623
0.0005857999999999999,0.0,0.0,-45.63678484498295,-45.63678484498297,54.58036134585483
0.0005859999999999999,0.0,0.0,-44.855894553321285,-44.8558945533213,54.53671451551028
0.0005861999999999999,0.0,0.0,-43.93234385476482,-43.93234385476484,54.49310258866861
0.0005863999999999999,0.0,0.0,-42.87345250646568,-42.8734525064657,54.449525537418175
0.0005866,0.0,0.0,-41.68763831411579,-41.68763831411581,54.405983333869656
0.0005868,0.0,0.0,-40.38434880731157,-40.38434880731158,54.362475950156046
0.000587,0.0,0.0,-38.97398456192566,-38.973984561925676,54.31900335843261
0.0005872,0.0,0.0,-37.46781479181224,-37.46781479181225,54.27556553087688
0.0005874,0.0,0.0,-35.87788589488004,-35.87788589488005,54.23216243968866
0.0005876,0.0,0.0,-34.21692369571524,-34.216923695715245,54.18879405708994
0.0005878,0.0,0.0,-32.498230178061355,-32.49823017806137,54.14546035532498
0.000588,0.0,0.0,-30.735575545150375,-30.73557554515039,54.102161306660186
0.0005882,0.0,0.0,-28.943086483766372,-28.943086483766386,54.058896883384165
0.0005884,0.0,0.0,-27.135131538702726,-27.135131538702737,54.01566705780769
0.0005886,0.0,0.0,-25.32620452769647,-25.32620452769648,53.97247180226366
0.0005888,0.0,0.0,-23.530806942799593,-23.530806942799604,53.92931108910711
0.000589,0.0,0.0,-21.763330292347284,-21.763330292347295,53.88618489071518
0.0005892,0.0,0.0,-20.037939338142095,-20.037939338142102,53.8430931794871
0.0005894,0.0,0.0,-18.368457175186315,-18.368457175186318,53.80003592784416
0.0005896,0.0,0.0,-16.768253086322357,-16.76825308632236,53.757013108229735
0.0005898,0.0,0.0,-15.250134081603974,-15.25013408160398,53.714024693109195
0.0005899999999999999,0.0,0.0,-13.826241002303119,-13.82624100230312,53.67107065496996
0.0005901999999999999,0.0,0.0,0.0,0.0,53.62815096632144
0.0005903999999999999,271.27276936534753,271.27276936534753,0.0,0.0,53.61238203005943
0.0005905999999999999,539.7324475069138,539.7324475069138,0.0,0.0,53.65057736798744
0.0005907999999999999,782.7305826218712,782.7305826218712,0.0,0.0,53.739867493055904
0.0005909999999999999,979.4386908012177,979.4386908012177,0.0,0.0,53.87303925769791
0.0005912,1112.3327978244956,1112.3327978244956,0.0,0.0,54.03905157022931
0.0005914,1168.4421546330384,1168.4421546330384,0.0,0.0,54.22382391528086
0.0005916,1140.273191460574,1140.273191460574,0.0,0.0,54.4112414237546
0.0005918,1026.342939298968,1026.342939298968,0.0,0.0,54.58430481833372
0.000592,831.2839929638928,831.2839929638928,0.0,0.0,54.72634325233174
0.0005922,565.5136320682695,565.5136320682695,0.0,0.0,54.822203596095584
0.0005924,244.49077756631146,244.49077756631146,0.0,0.0,54.85933142305139
0.0005926,0.0,0.0,-27.414333342209297,-27.414333342209304,54.828666684418614
0.0005928,0.0,0.0,-23.707170500717673,-23.70717050071768,54.78482128922916
0.000593,0.0,0.0,-24.642653737998323,-24.64265373799833,54.74101095633093
0.0005932,0.0,0.0,-25.600263591077145,-25.60026359107715,54.697235657685326
0.0005934,0.0,0.0,-26.572052363121117,-26.572052363121124,54.65349536527614
0.0005936,0.0,0.0,-27.54995765223139,-27.5499576522314,54.609790051109584
0.0005938,0.0,0.0,-28.525867768351176,-28.525867768351183,54.566119687214254
0.000594,0.0,0.0,-29.491687548480385,-29.491687548480392,54.52248424564111
0.0005942,0.0,0.0,-30.439404036196365,-30.43940403619638,54.47888369846347
0.0005943999999999999,0.0,0.0,-31.361151492593606,-31.36115149259362,54.43531801777697
0.0005945999999999999,0.0,0.0,-32.24927521119309,-32.2492752111931,54.39178717569958
0.0005947999999999999,0.0,0.0,-33.09639361908864,-33.09639361908865,54.348291144371544
0.0005949999999999999,0.0,0.0,-33.8954581605149,-33.89545816051491,54.304829895955415
0.0005951999999999999,0.0,0.0,-63.615420233123515,-63.615420233123544,54.26140340263598
0.0005953999999999999,0.0,0.0,-64.1805942144129,-64.18059421441292,54.218011636620275
0.0005956,0.0,0.0,-64.44499124271631,-64.44499124271634,54.17465457013757
0.0005958,0.0,0.0,-64.40629755399308,-64.40629755399311,54.13133217543934
0.000596,0.0,0.0,-64.06465870514819,-64.06465870514822,54.08804442479924
0.0005962,0.0,0.0,-63.42267833308409,-63.42267833308412,54.04479129051312
0.0005964,0.0,0.0,-62.485396970171514,-62.48539697017154,54.00157274489895
0.0005966,0.0,0.0,-61.26025108850531,-61.26025108850534,53.95838876029687
0.0005968,0.0,0.0,-59.75701270572071,-59.75701270572073,53.91523930906912
0.000597,0.0,0.0,-57.98771004285061,-57.98771004285064,53.87212436360005
0.0005972,0.0,0.0,-55.96652987842721,-55.96652987842723,53.82904389629609
0.0005974,0.0,0.0,-53.709702391522406,-53.70970239152243,53.785997879585736
0.0005976,0.0,0.0,-51.23536942847831,-51.23536942847833,53.742986285919535
0.0005978,0.0,0.0,-48.563437262548206,-48.56343726254822,53.700009087770056
0.000598,0.0,0.0,-45.71541504145861,-45.715415041458634,53.6570662576319
0.0005982,0.0,0.0,-42.714240233995326,-42.71424023399535,53.614157768021634
0.0005984,0.0,0.0,-39.58409249216742,-39.584092492167436,53.57128359147784
0.0005986,0.0,0.0,-36.35019743945899,-36.350197439459,53.52844370056102
0.0005988,0.0,0.0,-33.03862197737618,-33.03862197737619,53.48563806785365
0.0005989999999999999,0.0,0.0,-29.676062771274545,-29.676062771274555,53.442866665960125
0.0005991999999999999,0.0,0.0,-26.289629631751183,-26.289629631751197,53.40012946750674
0.0005993999999999999,0.0,0.0,-22.906625549259164,-22.906625549259175,53.35742644514168
0.0005995999999999999,0.0,0.0,-19.55432516671297,-19.554325166712974,53.314757571535004
0.0005997999999999999,0.0,0.0,-16.259753487483632,-16.259753487483636,53.27212281937864
0.0006,0.0,0.0,-13.049466614228628,-13.049466614228628,53.22952216138633
0.0006002,0.0,0.0,0.0,0.0,53.186955570293655
0.0006004,326.1350029336013,326.1350029336013,0.0,0.0,53.177023478967314
0.0006006,673.8204958533038,673.8204958533038,0.0,0.0,53.23445443767935
0.0006008,1014.7705000632702,1014.7705000632702,0.0,0.0,53.36067548530181
0.000601,1321.180640144748,1321.180640144748,0.0,0.0,53.55150572683776
0.0006012,1567.7101169397035,1567.7101169397035,0.0,0.0,53.7974552181682
0.0006014,1733.2876711165773,1733.2876711165773,0.0,0.0,54.08440225398497
0.0006016,1802.6128773020682,1802.6128773020682,0.0,0.0,54.394600707642184
0.0006018,1767.245849583703,1767.245849583703,0.0,0.0,54.707945561822974
0.000602,1626.2077945642077,1626.2077945642077,0.0,0.0,55.00340638545886
0.0006022,1386.0497243950936,1386.0497243950936,0.0,0.0,55.26052656417494
0.0006024,1060.3845526821397,1060.3845526821397,0.0,0.0,55.46088142868552
0.0006026,668.9160385188484,668.9160385188484,0.0,0.0,55.58939137868267
0.0006028,236.03389280087282,236.03389280087282,0.0,0.0,55.635396456680496
0.000603,0.0,0.0,-27.796707923630542,-27.79670792363055,55.593415847261106
0.0006032,0.0,0.0,-26.708577404393964,-26.70857740439397,55.548958897363256
0.0006033999999999999,0.0,0.0,-25.8503144334005,-25.850314433400506,55.50453749880479
0.0006035999999999999,0.0,0.0,-25.007521063984044,-25.00752106398405,55.460151623156
0.0006037999999999999,0.0,0.0,-24.186854840478503,-24.18685484047851,55.415801242009934
0.0006039999999999999,0.0,0.0,-23.394793760762497,-23.394793760762504,55.371486326982335
0.0006041999999999999,0.0,0.0,-22.637583721333584,-22.63758372133359,55.32720684971166
0.0006044,0.0,0.0,-21.92118784681437,-21.921187846814377,55.28296278185903
0.0006046,0.0,0.0,-21.251238114959335,-21.251238114959342,55.23875409510824
0.0006048,0.0,0.0,-20.632989669596434,-20.63298966959644,55.19458076116573
0.000605,0.0,0.0,-20.071278192119742,-20.07127819211975,55.15044275176056
0.0006052,0.0,0.0,-48.546090433422286,-48.5460904334223,55.1063400386444
0.0006054,0.0,0.0,-47.991837725741235,-47.99183772574125,55.0622725935915
0.0006056,0.0,0.0,-47.27160786492872,-47.27160786492874,55.0182403883987
0.0006058,0.0,0.0,-46.391069828692,-46.39106982869201,54.974243394885384
0.000606,0.0,0.0,-45.35719325863023,-45.35719325863025,54.93028158489347
0.0006062,0.0,0.0,-44.178191880333515,-44.178191880333536,54.886354930287396
0.0006064,0.0,0.0,-42.86345683099421,-42.863456830994224,54.842463402954095
0.0006066,0.0,0.0,-41.423480435722134,-41.42348043572215,54.79860697480299
0.0006068,0.0,0.0,-39.86977105123638,-39.86977105123639,54.75478561776596
0.000607,0.0,0.0,-38.21475966806612,-38.21475966806614,54.71099930379734
0.0006072,0.0,0.0,-36.47169902924324,-36.471699029243254,54.66724800487387
0.0006074,0.0,0.0,-34.654556084168576,-34.65455608416859,54.62353169299472
0.0006076,0.0,0.0,-32.7778986503887,-32.777898650388714,54.579850340181444
0.0006077999999999999,0.0,0.0,-30.85677720299288,-30.856777202992895,54.53620391847798
0.0006079999999999999,0.0,0.0,-28.906602750849533,-28.906602750849544,54.49259239995061
0.0006081999999999999,0.0,0.0,-26.943021790627572,-26.943021790627583,54.449015756687956
0.0006083999999999999,0.0,0.0,-24.981789353233268,-24.981789353233278,54.40547396080096
0.0006085999999999999,0.0,0.0,-23.038641172745663,-23.03864117274567,54.36196698442287
0.0006087999999999999,0.0,0.0,-21.129166015028225,-21.129166015028233,54.318494799709214
0.000609,0.0,0.0,-19.268679201873518,-19.26867920187352,54.27505737883779
0.0006092,0.0,0.0,-17.47209835681259,-17.472098356812594,54.231654694008654
0.0006094,0.0,0.0,-15.753822380670377,-15.753822380670382,54.18828671744407
0.0006096,0.0,0.0,-14.12761463871919,-14.127614638719196,54.144953421388536
0.0006098,0.0,0.0,-12.606491307087973,-12.606491307087975,54.10165477810874
0.00061,0.0,0.0,-11.202615784202045,-11.202615784202047,54.058390759893534
0.0006102,0.0,0.0,0.0,0.0,54.015161339053954
0.0006104,311.9097102465666,311.9097102465666,0.0,0.0,54.00314498754798
0.0006106,617.2072308595716,617.2072308595716,0.0,0.0,54.05283428994759
0.0006108,890.5875340405246,890.5875340405246,0.0,0.0,54.160328501321096
0.000611,1109.0264062478734,1109.0264062478734,0.0,0.0,54.31689900434767
0.0006112,1253.4213675679487,1253.4213675679487,0.0,0.0,54.50961317685677
0.0006114,1309.9527438917407,1309.9527438917407,0.0,0.0,54.72225783959615
0.0006116,1271.0679598399006,1271.0679598399006,0.0,0.0,54.93649640827017
0.0006118,1136.0189928632794,1136.0189928632794,0.0,0.0,55.13317723408355
0.000612,910.9147880805253,910.9147880805253,0.0,0.0,55.29369986133976
0.0006121999999999999,608.2850076771891,608.2850076771891,0.0,0.0,55.40134182424131
0.0006123999999999999,246.18631358345596,246.18631358345596,0.0,0.0,55.442451439062054
0.0006125999999999999,0.0,0.0,-27.703710809391875,-27.703710809391882,55.40742161878377
0.0006127999999999999,0.0,0.0,-26.20769235971985,-26.207692359719857,55.363113404774346
0.0006129999999999999,0.0,0.0,-27.015489382648127,-27.015489382648134,55.31884062316317
0.0006131999999999999,0.0,0.0,-27.828508434766057,-27.828508434766064,55.27460324561566
0.0006134,0.0,0.0,-28.63997349226365,-28.639973492263657,55.230401243819884
0.0006136,0.0,0.0,-29.443121448106133,-29.44312144810614,55.18623458948656
0.0006138,0.0,0.0,-30.231256984016348,-30.231256984016362,55.142103254349024
0.000614,0.0,0.0,-30.997806891118117,-30.997806891118124,55.09800721016322
0.0006142,0.0,0.0,-31.736373398523945,-31.736373398523952,55.05394642870767
0.0006144,0.0,0.0,-32.440786077210085,-32.4407860772101,55.00992088178347
0.0006146,0.0,0.0,-33.10515189809212,-33.105151898092124,54.96593054121427
0.0006148,0.0,0.0,-33.723903038200056,-33.72390303820007,54.92197537884624
0.000615,0.0,0.0,-34.291842047132945,-34.29184204713296,54.87805536654808
0.0006152,0.0,0.0,-63.77979376349692,-63.77979376349695,54.83417047621098
0.0006154,0.0,0.0,-64.11395314064285,-64.11395314064288,54.790320679748596
0.0006156,0.0,0.0,-64.15020376944331,-64.15020376944334,54.746505949097056
0.0006158,0.0,0.0,-63.888081023152516,-63.88808102315254,54.70272625621493
0.000616,0.0,0.0,-63.32954127833254,-63.32954127833256,54.65898157308321
0.0006162,0.0,0.0,-62.478945982766604,-62.47894598276663,54.615271871705296
0.0006164,0.0,0.0,-61.343026210235294,-61.34302621023532,54.57159712410697
0.0006166,0.0,0.0,-59.93082799021526,-59.93082799021529,54.5279573023364
0.0006167999999999999,0.0,0.0,-58.253638856535225,-58.253638856535254,54.484352378464074
0.0006169999999999999,0.0,0.0,-56.324896211393394,-56.324896211393416,54.440782324582855
0.0006171999999999999,0.0,0.0,-54.160078248666636,-54.16007824866666,54.3972471128079
0.0006173999999999999,0.0,0.0,-51.77657832192881,-51.776578321928824,54.353746715276664
0.0006175999999999999,0.0,0.0,-49.19356377689502,-49.19356377689504,54.31028110414889
0.0006178,0.0,0.0,-46.43182039403205,-46.431820394032066,54.26685025160659
0.000618,0.0,0.0,-43.51358370379842,-43.51358370379843,54.223454129854005
0.0006182,0.0,0.0,-40.46235854345624,-40.462358543456254,54.18009271111762
0.0006184,0.0,0.0,-37.30272831976522,-37.30272831976524,54.13676596764611
0.0006186,0.0,0.0,-34.060155525354915,-34.06015552535492,54.09347387171037
0.0006188,0.0,0.0,-30.760775127496814,-30.760775127496828,54.05021639560345
0.000619,0.0,0.0,-27.431182505788332,-27.431182505788342,54.00699351164055
0.0006192,0.0,0.0,-24.098217659446952,-24.098217659446963,53.96380519215903
0.0006194,0.0,0.0,-20.788747435137864,-20.788747435137868,53.920651409518356
0.0006196,0.0,0.0,-17.529447542275722,-17.529447542275726,53.87753213610011
0.0006198,0.0,0.0,-14.34658612442291,-14.346586124422915,53.83444734430795
0.00062,0.0,0.0,-11.26581064273785,-11.265810642737852,53.79139700656759
0.0006202,0.0,0.0,0.0,0.0,53.748381095326835
0.0006204,350.95816896220447,350.95816896220447,0.0,0.0,53.74048136723803
0.0006206,719.1958465913785,719.1958465913785,0.0,0.0,53.80447878473261
0.0006208,1074.923021468538,1074.923021468538,0.0,0.0,53.94079256299951
0.000621,1389.2436646654717,1389.2436646654717,0.0,0.0,54.143975324457934
0.0006211999999999999,1636.2154119274317,1636.2154119274317,0.0,0.0,54.403102401027034
0.0006213999999999999,1794.69829336278,1794.69829336278,0.0,0.0,54.70255150999165
0.0006215999999999999,1849.8608108206702,1849.8608108206702,0.0,0.0,55.02311715294482
0.0006217999999999999,1794.2361114411294,1794.2361114411294,0.0,0.0,55.34338024621134
0.0006219999999999999,1628.253091793381,1628.253091793381,0.0,0.0,55.64123532030818
0.0006221999999999999,1360.204702298062,1360.204702298062,0.0,0.0,55.895466419021595
0.0006224,1005.6558372785719,1005.6558372785719,0.0,0.0,56.08725938265859
0.0006226,586.3331326155285,586.3331326155285,0.0,0.0,56.20154275879142
0.0006228,128.57590459720535,128.57590459720535,0.0,0.0,56.22806182068091
0.000623,0.0,0.0,-28.08105460738285,-28.08105460738286,56.16210921476573
0.0006232,0.0,0.0,-27.40843076014354,-27.408430760143546,56.11719749208299
0.0006234,0.0,0.0,-26.17298465561062,-26.172984655610627,56.07232168441239
0.0006236,0.0,0.0,-24.952702883607785,-24.9527028836078,56.02748176303341
0.0006238,0.0,0.0,-23.757303902763454,-23.757303902763454,55.98267769924849
0.000624,0.0,0.0,-22.596304194315323,-22.59630419431533,55.93790946438304
0.0006242,0.0,0.0,-21.478941055020528,-21.478941055020535,55.89317702978537
0.0006244,0.0,0.0,-20.414097657105927,-20.414097657105927,55.84848036682673
0.0006246,0.0,0.0,-19.41023098322902,-19.410230983229027,55.80381944690124
0.0006248,0.0,0.0,-18.475303221078462,-18.475303221078462,55.7591942414259
0.000625,0.0,0.0,-17.616717174159362,-17.61671717415937,55.714604721840594
0.0006252,0.0,0.0,-45.81686596880717,-45.816865968807186,55.67005085960801
0.0006254,0.0,0.0,-45.01238704583768,-45.01238704583769,55.62553262621368
0.0006255999999999999,0.0,0.0,-44.06839598569132,-44.06839598569133,55.581049993165934
0.0006257999999999999,0.0,0.0,-42.992374779086404,-42.99237477908642,55.536602931995866
0.0006259999999999999,0.0,0.0,-41.79287660441674,-41.792876604416755,55.49219141425736
0.0006261999999999999,0.0,0.0,-40.479456405422624,-40.479456405422646,55.447815411527046
0.0006263999999999999,0.0,0.0,-39.0625933427371,-39.062593342737124,55.40347489540427
0.0006265999999999999,0.0,0.0,-37.55360574869393,-37.55360574869395,55.359169837511104
0.0006268,0.0,0.0,-35.964559275593196,-35.96455927559321,55.3149002094923
0.000627,0.0,0.0,-34.308168982828555,-34.30816898282857,55.2706659830153
0.0006272,0.0,0.0,-32.59769615743886,-32.597696157438875,55.226467129770185
0.0006274,0.0,0.0,-30.846840705357913,-30.846840705357927,55.182303621469686
0.0006276,0.0,0.0,-29.06962998655292,-29.069629986552933,55.138175429849156
0.0006278,0.0,0.0,-27.280304996073298,-27.280304996073305,55.09408252666655
0.000628,0.0,0.0,-25.493204814543535,-25.493204814543546,55.0500248837024
0.0006282,0.0,0.0,-23.72265026565224,-23.722650265652252,55.00600247275981
0.0006284,0.0,0.0,-21.982827724600575,-21.982827724600586,54.96201526566444
0.0006286,0.0,0.0,-20.28767402022558,-20.28767402022559,54.918063234264466
0.0006288,0.0,0.0,-18.65076336461749,-18.650763364617497,54.874146350430586
0.000629,0.0,0.0,-17.085197227577176,-17.085197227577183,54.83026458605599
0.0006292,0.0,0.0,-15.60349804934479,-15.603498049344795,54.78641791305634
0.0006294,0.0,0.0,-14.217507653866972,-14.217507653866976,54.74260630336977
0.0006296,0.0,0.0,-12.938291186711362,-12.938291186711364,54.69882972895684
0.0006298,0.0,0.0,-11.776047356892835,-11.776047356892837,54.655088161800535
0.0006299999999999999,0.0,0.0,-10.74002571071023,-10.740025710710231,54.61138157390625
0.0006301999999999999,0.0,0.0,0.0,0.0,54.567709937301764
0.0006303999999999999,310.320492154268,310.320492154268,0.0,0.0,54.55509286539611
0.0006305999999999999,608.1213931507518,608.1213931507518,0.0,0.0,54.60327370729754
0.0006307999999999999,868.5988183544441,868.5988183544441,0.0,0.0,54.707221530353
0.0006309999999999999,1069.615980221136,1069.615980221136,0.0,0.0,54.85721723470454
0.0006312,1193.280784650481,1193.280784650481,0.0,0.0,55.03954820501582
0.0006314,1227.2205789026484,1227.2205789026484,0.0,0.0,55.237487527078294
0.0006316,1165.4632759798324,1165.4632759798324,0.0,0.0,55.432487922386755
0.0006318,1008.8621518574257,1008.8621518574257,0.0,0.0,55.605505267894365
0.000632,765.0341456002309,765.0341456002309,0.0,0.0,55.73835735259194
0.0006322,447.8161687457486,447.8161687457486,0.0,0.0,55.81502103267243
0.0006324,76.27827773436627,76.27827773436627,0.0,0.0,55.82277535876387
0.0006326,0.0,0.0,-27.87655462304611,-27.87655462304612,55.753109246092244
0.0006328,0.0,0.0,-25.886442305497518,-25.886442305497525,55.708524592556785
0.000633,0.0,0.0,-26.33799302134736,-26.337993021347366,55.66397559248277
0.0006332,0.0,0.0,-26.801671530477705,-26.801671530477712,55.61946221735883
0.0006334,0.0,0.0,-27.27353489278429,-27.273534892784298,55.574984438696404
0.0006336,0.0,0.0,-27.74957400081584,-27.749574000815848,55.53054222802971
0.0006338,0.0,0.0,-28.225746109128522,-28.22574610912853,55.48613555691573
0.000634,0.0,0.0,-28.698007635770125,-28.698007635770132,55.44176439693418
0.0006342,0.0,0.0,-29.162346969753038,-29.162346969753045,55.39742871968753
0.0006344,0.0,0.0,-29.614817018332538,-29.614817018332552,55.353128496800934
0.0006345999999999999,0.0,0.0,-30.05156723002483,-30.051567230024837,55.30886369992224
0.0006347999999999999,0.0,0.0,-30.468874833558885,-30.4688748335589,55.26463430072198
0.0006349999999999999,0.0,0.0,-30.86317503932453,-30.863175039324545,55.220440270893334
0.0006351999999999999,0.0,0.0,-60.20669971439996,-60.20669971439998,55.176281582152114
0.0006353999999999999,0.0,0.0,-60.426813797867084,-60.426813797867105,55.13215820623676
0.0006355999999999999,0.0,0.0,-60.38032433668823,-60.38032433668826,55.0880701149083
0.0006358,0.0,0.0,-60.06743614411292,-60.06743614411294,55.04401727995035
0.000636,0.0,0.0,-59.490515595290404,-59.49051559529043,54.99999967316911
0.0006362,0.0,0.0,-58.654071374977185,-58.654071374977214,54.95601726639328
0.0006364,0.0,0.0,-57.56471784410237,-57.56471784410239,54.91207003147414
0.0006366,0.0,0.0,-56.23112132283897,-56.231121322838995,54.868157940285435
0.0006368,0.0,0.0,-54.66392972642891,-54.66392972642893,54.82428096472343
0.000637,0.0,0.0,-52.875686125066075,-52.875686125066096,54.780439076706855
0.0006372,0.0,0.0,-50.880726929559685,-50.88072692955971,54.7366322481769
0.0006374,0.0,0.0,-48.69506552922226,-48.69506552922228,54.69286045109719
0.0006376,0.0,0.0,-46.33626232643899,-46.33626232643901,54.64912365745377
0.0006378,0.0,0.0,-43.82328222272323,-43.82328222272324,54.60542183925509
0.000638,0.0,0.0,-41.17634071284917,-41.17634071284918,54.56175496853197
0.0006382,0.0,0.0,-38.416739836052926,-38.41673983605294,54.51812301733762
0.0006384,0.0,0.0,-35.566695315557446,-35.56669531555746,54.47452595774759
0.0006386,0.0,0.0,-32.64915628913777,-32.649156289137785,54.43096376185974
0.0006388,0.0,0.0,-29.687619093521437,-29.687619093521448,54.38743640179428
0.0006389999999999999,0.0,0.0,-26.70593661362754,-26.70593661362755,54.34394384969369
0.0006391999999999999,0.0,0.0,-23.728124743595618,-23.72812474359563,54.30048607772272
0.0006393999999999999,0.0,0.0,-20.77816752995162,-20.77816752995163,54.2570630580684
0.0006395999999999999,0.0,0.0,-17.879822577912122,-17.87982257791213,54.213674762939995
0.0006397999999999999,0.0,0.0,-15.05642829965484,-15.05642829965484,54.17032116456899
0.0006399999999999999,0.0,0.0,-12.33071456840004,-12.330714568400046,54.127002235209076
0.0006402,0.0,0.0,0.0,0.0,54.08371794713614
0.0006404,325.7359189321787,325.7359189321787,0.0,0.0,54.07302884031438
0.0006406,665.0706997622722,665.0706997622722,0.0,0.0,54.12882875914404
0.0006408,990.2586966565536,990.2586966565536,0.0,0.0,54.25100976337692
0.000641,1274.5654042385336,1274.5654042385336,0.0,0.0,54.43401816229616
0.0006412,1494.1730773273946,1494.1730773273946,0.0,0.0,54.66725150258681
0.0006414,1629.878062634053,1629.878062634053,0.0,0.0,54.93581538982599
0.0006416,1668.4589311673105,1668.4589311673105,0.0,0.0,55.22158612859876
0.0006418,1603.6179872654511,1603.6179872654511,0.0,0.0,55.50450338463674
0.000642,1436.429154837666,1436.429154837666,0.0,0.0,55.764000697214314
0.0006422,1175.260433840254,1175.260433840254,0.0,0.0,55.980471867056394
0.0006424,835.1765712098793,835.1765712098793,0.0,0.0,56.13666871133005
0.0006426,436.86463101318253,436.86463101318253,0.0,0.0,56.21893059183109
0.0006428,5.159138897876403,5.159138897876403,0.0,0.0,56.21815813333213
0.000643,0.0,0.0,-28.065230899347423,-28.065230899347434,56.130461798694874
0.0006432,0.0,0.0,-25.486055261508376,-25.48605526150839,56.08557538382187
0.0006433999999999999,0.0,0.0,-24.214301570666763,-24.21430157066677,56.04072486372285
0.0006435999999999999,0.0,0.0,-22.973476664626382,-22.973476664626382,55.995910209693484
0.0006437999999999999,0.0,0.0,-21.773465397356205,-21.773465397356212,55.951131393052385
0.0006439999999999999,0.0,0.0,-20.62382138650547,-20.62382138650547,55.906388385141106
0.0006441999999999999,0.0,0.0,-19.53368950815397,-19.533689508153977,55.86168115732412
0.0006443999999999999,0.0,0.0,-18.51173170977045,-18.51173170977045,55.8170096809888
0.0006446,0.0,0.0,-17.566056743213807,-17.566056743213814,55.77237392754538
0.0006448,0.0,0.0,-16.704154387792755,-16.704154387792762,55.72777386842699
0.000645,0.0,0.0,-15.932834696955103,-15.932834696955107,55.68320947508958
0.0006452,0.0,0.0,-44.233782517503435,-44.23378251750346,55.638680719011944
0.0006454,0.0,0.0,-43.54281723067721,-43.54281723067723,55.59418757169566
0.0006456,0.0,0.0,-42.72413321728866,-42.724133217288674,55.549730004665115
0.0006458,0.0,0.0,-41.78419560503194,-41.784195605031954,55.50530798946746
0.000646,0.0,0.0,-40.7304532985188,-40.73045329851882,55.4609214976726
0.0006462,0.0,0.0,-39.57127851859328,-39.5712785185933,55.41657050087318
0.0006464,0.0,0.0,-38.31589885179968,-38.3158988517997,55.37225497068455
0.0006466,0.0,0.0,-36.97432236150221,-36.97432236150222,55.327974878744776
0.0006468,0.0,0.0,-35.5572563684355,-35.55725636843552,55.28373019671459
0.000647,0.0,0.0,-34.07602055981347,-34.076020559813486,55.2395208962774
0.0006472,0.0,0.0,-32.54245513212285,-32.54245513212287,55.19534694913923
0.0006474,0.0,0.0,-30.968824713005233,-30.968824713005247,55.15120832702876
0.0006476,0.0,0.0,-29.367718841859116,-29.367718841859126,55.10710500169727
0.0006477999999999999,0.0,0.0,-27.751949816695692,-27.7519498166957,55.06303694491862
0.0006479999999999999,0.0,0.0,-26.13444873613098,-26.13444873613099,55.01900412848926
0.0006481999999999999,0.0,0.0,-24.528160580020824,-24.52816058002083,54.97500652422817
0.0006483999999999999,0.0,0.0,-22.94593918002436,-22.945939180024368,54.93104410397689
0.0006485999999999999,0.0,0.0,-21.400442932254254,-21.400442932254265,54.88711683959946
0.0006487999999999999,0.0,0.0,-19.904032098130003,-19.904032098130013,54.843224702982425
0.000649,0.0,0.0,-18.468668526644443,-18.468668526644446,54.79936766603482
0.0006492,0.0,0.0,-17.105818611586933,-17.10581861158694,54.75554570068813
0.0006494,0.0,0.0,-15.826360271000361,-15.826360271000366,54.7117587788963
0.0006496,0.0,0.0,-14.640494703495337,-14.640494703495342,54.66800687263568
0.0006498,0.0,0.0,-13.557663637269744,-13.557663637269748,54.62428995390506
0.00065,0.0,0.0,-12.586472743099371,-12.586472743099375,54.58060799472561
0.0006502,0.0,0.0,0.0,0.0,54.536960967140864
0.0006504,279.80717822284055,279.80717822284055,0.0,0.0,54.521318373227004
0.0006506,548.6131273113413,548.6131273113413,0.0,0.0,54.56052766536499
0.0006508,783.6875375287216,783.6875375287216,0.0,0.0,54.65007349138629
0.000651,964.7108678253151,964.7108678253151,0.0,0.0,54.781140846186666
0.0006512,1075.22249482009,1075.22249482009,0.0,0.0,54.94124522802152
0.0006514,1103.7935342575176,1103.7935342575176,0.0,0.0,55.11512428312483
0.0006516,1044.8408172948348,1044.8408172948348,0.0,0.0,55.285827337631765
0.0006518,899.0240953914276,899.0240953914276,0.0,0.0,55.435925127914174
0.000652,673.1982612602071,673.1982612602071,0.0,0.0,55.54875349213132
0.0006522,379.92409086686047,379.92409086686047,0.0,0.0,55.60960238499318
0.0006523999999999999,36.57247206932067,36.57247206932067,0.0,0.0,55.606765494135146
0.0006525999999999999,0.0,0.0,-27.766187844796153,-27.76618784479616,55.53237568959233
0.0006527999999999999,0.0,0.0,-23.975301107377234,-23.97530110737724,55.48796755229557
0.0006529999999999999,0.0,0.0,-24.44426054489559,-24.4442605448956,55.44359492730373
0.0006531999999999999,0.0,0.0,-24.939818037641288,-24.939818037641295,55.39925778621832
0.0006533999999999999,0.0,0.0,-25.457772358425167,-25.457772358425174,55.354956100663564
0.0006536,0.0,0.0,-25.993740809688617,-25.993740809688624,55.310689842286386
0.0006538,0.0,0.0,-26.54319478678518,-26.543194786785186,55.26645898275637
0.000654,0.0,0.0,-27.101496524212365,-27.101496524212372,55.22226349376576
0.0006542,0.0,0.0,-27.66393672662499,-27.663936726625003,55.17810334702944
0.0006544,0.0,0.0,-28.225772779289272,-28.22577277928928,55.13397851428491
0.0006546,0.0,0.0,-28.782267227943628,-28.782267227943635,55.08988896729228
0.0006548,0.0,0.0,-29.32872621585347,-29.328726215853486,55.04583467783423
0.000655,0.0,0.0,-29.860537566202353,-29.86053756620236,55.001815617716005
0.0006552,0.0,0.0,-59.34881795694446,-59.34881795694449,54.95783175876541
0.0006554,0.0,0.0,-59.71975838584824,-59.719758385848266,54.91388307283277
0.0006556,0.0,0.0,-59.828942732566446,-59.82894273256647,54.869969531790915
0.0006558,0.0,0.0,-59.67531334239917,-59.67531334239919,54.826091107535184
0.000656,0.0,0.0,-59.25994506588649,-59.25994506588651,54.78224777198338
0.0006562,0.0,0.0,-58.586036485997575,-58.586036485997596,54.73843949707575
0.0006564,0.0,0.0,-57.65888391464844,-57.65888391464846,54.69466625477501
0.0006566,0.0,0.0,-56.485838369946656,-56.48583836994668,54.65092801706627
0.0006567999999999999,0.0,0.0,-55.07624588364207,-55.076245883642095,54.60722475595706
0.0006569999999999999,0.0,0.0,-53.44137162350434,-53.44137162350436,54.56355644347729
0.0006571999999999999,0.0,0.0,-51.5943084466536,-51.59430844665362,54.51992305167923
0.0006573999999999999,0.0,0.0,-49.54987062617506,-49.54987062617508,54.4763245526375
0.0006575999999999999,0.0,0.0,-47.32447361362655,-47.32447361362657,54.43276091844906
0.0006577999999999999,0.0,0.0,-44.936000813324924,-44.93600081332494,54.389232121233185
0.000658,0.0,0.0,-42.403658449652966,-42.40365844965298,54.34573813313144
0.0006582,0.0,0.0,-39.74781970520968,-39.74781970520969,54.302278926307665
0.0006584,0.0,0.0,-36.98985939464878,-36.989859394648796,54.25885447294796
0.0006586,0.0,0.0,-34.15198051580826,-34.151980515808276,54.215464745260675
0.0006588,0.0,0.0,-31.257034085604573,-31.25703408560458,54.17210971547638
0.000659,0.0,0.0,-28.328333722614914,-28.32833372261493,54.12878935584785
0.0006592,0.0,0.0,-25.389466480858143,-25.389466480858154,54.08550363865005
0.0006594,0.0,0.0,-22.464101469663937,-22.464101469663944,54.04225253618012
0.0006596,0.0,0.0,-19.57579781244536,-19.575797812445366,53.999036020757345
0.0006598,0.0,0.0,-16.747813502515637,-16.747813502515644,53.95585406472315
0.00066,0.0,0.0,-14.0029167067741,-14.002916706774105,53.91270664044108
0.0006602,0.0,0.0,0.0,0.0,53.869593720296784
0.0006604,299.9844944182703,299.9844944182703,0.0,0.0,53.85650173155787
0.0006606,616.0753616521044,616.0753616521044,0.0,0.0,53.905003115226194
0.0006608,922.2012349916226,922.2012349916226,0.0,0.0,54.01566250864102
0.000661,1193.0033628976626,1193.0033628976626,0.0,0.0,54.18390314216963
0.0006611999999999999,1405.643251530494,1405.643251530494,0.0,0.0,54.400334108712094
0.0006613999999999999,1541.4302975345536,1541.4302975345536,0.0,0.0,54.65142076167045
0.0006615999999999999,1587.1534604629035,1587.1534604629035,0.0,0.0,54.92045038900992
0.0006617999999999999,1536.0221415440797,1536.0221415440797,0.0,0.0,55.18872427934328
0.0006619999999999999,1388.1493062237746,1388.1493062237746,0.0,0.0,55.43689117793716
0.0006621999999999999,1150.5425243642326,1150.5425243642326,0.0,0.0,55.64632707369531
0.0006624,836.6036772901709,836.6036772901709,0.0,0.0,55.800462977840134
0.0006626,465.173094888492,465.173094888492,0.0,0.0,55.885966083433495
0.0006628,59.18634348757843,59.18634348757843,0.0,0.0,55.89369016477182
0.000663,0.0,0.0,-27.90966376970921,-27.909663769709216,55.81932753941844
0.0006632,0.0,0.0,-24.48559361697314,-24.485593616973148,55.774689932429695
0.0006634,0.0,0.0,-23.504618562908675,-23.504618562908682,55.73008802124822
0.0006636,0.0,0.0,-22.559062951948633,-22.55906295194864,55.68552177732879
0.0006638,0.0,0.0,-21.656416871649405,-21.656416871649412,55.64099117214899
0.000664,0.0,0.0,-20.803822225730364,-20.80382222573037,55.59649617720925
0.0006642,0.0,0.0,-20.008014796657896,-20.008014796657903,55.55203676403275
0.0006644,0.0,0.0,-19.27526960470118,-19.27526960470118,55.50761290416547
0.0006646,0.0,0.0,-18.611350006708136,-18.611350006708143,55.463224569176134
0.0006648,0.0,0.0,-18.021460947497353,-18.02146094749736,55.4188717306562
0.000665,0.0,0.0,-17.510206743059143,-17.51020674305915,55.37455436021985
0.0006652,0.0,0.0,-46.05716349407883,-46.05716349407884,55.33027242950396
0.0006654,0.0,0.0,-45.596155933952346,-45.59615593395236,55.286025910168085
0.0006655999999999999,0.0,0.0,-44.989514074704,-44.98951407470401,55.24181477389446
0.0006657999999999999,0.0,0.0,-44.24198407766548,-44.2419840776655,55.197638992387944
0.0006659999999999999,0.0,0.0,-43.35945522679211,-43.35945522679212,55.15349853737604
0.0006661999999999999,0.0,0.0,-42.348912118068476,-42.3489121180685,55.10939338060884
0.0006663999999999999,0.0,0.0,-41.21837796327322,-41.218377963273234,55.065323493859054
0.0006665999999999999,0.0,0.0,-39.97684946832331,-39.97684946832332,55.02128884892194
0.0006667999999999999,0.0,0.0,-38.63422381476716,-38.634223814767175,54.977289417615324
0.000667,0.0,0.0,-37.20121833705379,-37.2012183370538,54.933325171779565
0.0006672,0.0,0.0,-35.68928354745341,-35.68928354745342,54.88939608327754
0.0006674,0.0,0.0,-34.11051021446327,-34.11051021446328,54.84550212399463
0.0006676,0.0,0.0,-32.47753124876172,-32.477531248761736,54.80164326583869
0.0006678,0.0,0.0,-30.803419192884625,-30.80341919288464,54.75781948074006
0.000668,0.0,0.0,-29.101580146447617,-29.10158014644763,54.7140307406515
0.0006682,0.0,0.0,-27.385644987637843,-27.385644987637853,54.67027701754822
0.0006684,0.0,0.0,-25.66935877361446,-25.66935877361447,54.62655828342783
0.0006686,0.0,0.0,-23.966469217211184,-23.966469217211195,54.58287451031034
0.0006688,0.0,0.0,-22.290615144806633,-22.290615144806637,54.53922567023812
0.000669,0.0,0.0,-20.65521584035908,-20.65521584035909,54.49561173527591
0.0006692,0.0,0.0,-19.073362173390336,-19.073362173390343,54.45203267751079
0.0006694,0.0,0.0,-17.557710394207362,-17.55771039420737,54.408488469052166
0.0006696,0.0,0.0,-16.12037945798848,-16.120379457988484,54.36497908203173
0.0006698,0.0,0.0,-14.772852710708221,-14.772852710708223,54.32150448860347
0.00067,0.0,0.0,-13.525884734465222,-13.525884734465228,54.278064660943656
0.0006701999999999999,0.0,0.0,0.0,0.0,54.23465957125077
0.0006703999999999999,271.68609524514886,271.68609524514886,0.0,0.0,54.21844693817152
0.0006705999999999999,537.5633748957177,537.5633748957177,0.0,0.0,54.25598211356491
0.0006707999999999999,775.1293132529504,775.1293132529504,0.0,0.0,54.343811464948374
0.0006709999999999999,963.9049824359511,963.9049824359511,0.0,0.0,54.47418769485334
0.0006711999999999999,1086.8946441761796,1086.8946441761796,0.0,0.0,54.635623732943436
0.0006714,1131.7967874164353,1131.7967874164353,0.0,0.0,54.81371314135298
0.0006716,1091.8803646202164,1091.8803646202164,0.0,0.0,54.992158507896946
0.0006718,966.4638582742261,966.4638582742261,0.0,0.0,55.15393449298604
0.000672,760.9631268745188,760.9631268745188,0.0,0.0,55.282502616657055
0.0006722,486.50471769580076,486.50471769580076,0.0,0.0,55.36299120358599
0.0006724,159.1323008065645,159.1323008065645,0.0,0.0,55.38325640639224
0.0006726,0.0,0.0,-27.667374360622198,-27.667374360622205,55.33474872124442
0.0006728,0.0,0.0,-23.661334806515583,-23.66133480651559,55.29049862230699
0.000673,0.0,0.0,-24.421839667158885,-24.421839667158892,55.24628390929435
0.0006732,0.0,0.0,-25.208316896423597,-25.208316896423604,55.20210455390907
0.0006734,0.0,0.0,-26.01420554768041,-26.01420554768042,55.15796052787635
0.0006736,0.0,0.0,-26.832787482922015,-26.832787482922022,55.11385180294402
0.0006738,0.0,0.0,-27.657241884030363,-27.65724188403037,55.06977835088249
0.000674,0.0,0.0,-28.480700595811342,-28.48070059581135,55.02574014348474
0.0006742,0.0,0.0,-29.296303851751503,-29.296303851751517,54.98173715256632
0.0006744,0.0,0.0,-30.097255930356937,-30.09725593035695,54.9377693499653
0.0006745999999999999,0.0,0.0,-30.876880290508858,-30.876880290508865,54.8938367075423
0.0006747999999999999,0.0,0.0,-31.628673738508255,-31.62867373850827,54.84993919718041
0.0006749999999999999,0.0,0.0,-32.346359187349414,-32.34635918734942,54.80607679078523
0.0006751999999999999,0.0,0.0,-61.999546336292106,-61.999546336292134,54.7622494602848
0.0006753999999999999,0.0,0.0,-62.51308935892032,-62.51308935892034,54.71845717762963
0.0006755999999999999,0.0,0.0,-62.74141630738281,-62.741416307382835,54.67469991479266
0.0006758,0.0,0.0,-62.68250406954758,-62.68250406954761,54.630977643769235
0.000676,0.0,0.0,-62.33666023719197,-62.33666023719199,54.5872903365771
0.0006762,0.0,0.0,-61.70652055351536,-61.70652055351539,54.543637965256366
0.0006764,0.0,0.0,-60.797027471277374,-60.7970274712774,54.500020501869514
0.0006766,0.0,0.0,-59.61538999598959,-59.61538999598961,54.456437918501365
0.0006768,0.0,0.0,-58.17102514042818,-58.1710251404282,54.41289018725906
0.000677,0.0,0.0,-56.475481465923565,-56.475481465923586,54.36937728027205
0.0006772,0.0,0.0,-54.54234533120999,-54.54234533121001,54.32589916969206
0.0006774,0.0,0.0,-52.387130609905235,-52.387130609905256,54.2824558276931
0.0006776,0.0,0.0,-50.027152771799045,-50.02715277179907,54.239047226471435
0.0006778,0.0,0.0,-47.481388349971354,-47.48138834997137,54.19567333824555
0.000678,0.0,0.0,-44.77032093430826,-44.77032093430827,54.15233413525615
0.0006782,0.0,0.0,-41.915774941274144,-41.915774941274165,54.10902958976614
0.0006784,0.0,0.0,-38.940738508944854,-38.94073850894487,54.06575967406061
0.0006786,0.0,0.0,-35.86917695450641,-35.86917695450642,54.0225243604468
0.0006788,0.0,0.0,-32.72583830795989,-32.7258383079599,53.97932362125412
0.0006789999999999999,0.0,0.0,-29.53605250002606,-29.53605250002607,53.93615742883408
0.0006791999999999999,0.0,0.0,-26.325525833691362,-26.325525833691373,53.89302575556032
0.0006793999999999999,0.0,0.0,-23.12013240706346,-23.120132407063466,53.849928573828564
0.0006795999999999999,0.0,0.0,-19.94570417989949,-19.9457041798995,53.80686585605661
0.0006797999999999999,0.0,0.0,-16.82782138713339,-16.827821387133397,53.76383757468431
0.0006799999999999999,0.0,0.0,-13.79160499987202,-13.791604999872025,53.72084370217357
0.0006801999999999999,0.0,0.0,0.0,0.0,53.67788421100829
0.0006804,310.2746941835595,310.2746941835595,0.0,0.0,53.66597413708741
0.0006806,640.5356292362587,640.5356292362587,0.0,0.0,53.7181015391589
0.0006808,963.7105129935951,963.7105129935951,0.0,0.0,53.83550471088187
0.000681,1253.2338827781057,1253.2338827781057,0.0,0.0,54.01405932484475
0.0006812,1484.9407879325734,1484.9407879325734,0.0,0.0,54.244573338850344
0.0006814,1638.7889769035976,1638.7889769035976,0.0,0.0,54.51344310875492
0.0006816,1700.2868980590463,1700.2868980590463,0.0,0.0,54.8036238694599
0.0006818,1661.5258158310742,1661.5258158310742,0.0,0.0,55.09584535315986
0.000682,1521.7425788562587,1521.7425788562587,0.0,0.0,55.369985860143274
0.0006822,1287.373040770759,1287.373040770759,0.0,0.0,55.60650682503191
0.0006824,971.5924412685504,971.5924412685504,0.0,0.0,55.787845632252925
0.0006826,593.3756169393534,593.3756169393534,0.0,0.0,55.89966743284767
0.0006828,176.1441226778831,176.1441226778831,0.0,0.0,55.93188678512221
0.000683,0.0,0.0,-27.939693182445335,-27.939693182445343,55.87938636489069
0.0006832,0.0,0.0,-25.65170724265466,-25.651707242654666,55.83470073005272
0.0006834,0.0,0.0,-24.81008963012772,-24.810089630127727,55.79005082942892
0.0006835999999999999,0.0,0.0,-23.993539412718157,-23.993539412718164,55.74543663444337
0.0006837999999999999,0.0,0.0,-23.20850005124945,-23.20850005124945,55.700858116542975
0.0006839999999999999,0.0,0.0,-22.46115933138966,-22.461159331389666,55.656315247197476
0.0006841999999999999,0.0,0.0,-21.757399165212412,-21.757399165212412,55.61180799789943
0.0006843999999999999,0.0,0.0,-21.102747875682617,-21.102747875682617,55.5673363401642
0.0006845999999999999,0.0,0.0,-20.502335351145938,-20.502335351145945,55.522900245529925
0.0006848,0.0,0.0,-19.96085143360584,-19.960851433605846,55.47849968555749
0.000685,0.0,0.0,-19.48250787832577,-19.482507878325777,55.43413463183053
0.0006852,0.0,0.0,-48.04661394940773,-48.04661394940775,55.389805055955414
0.0006854,0.0,0.0,-47.58685542972392,-47.58685542972394,55.34551092956121
0.0006856,0.0,0.0,-46.96555239109546,-46.96555239109547,55.30125222429966
0.0006858,0.0,0.0,-46.187570142480865,-46.18757014248088,55.257028911845204
0.000686,0.0,0.0,-45.2590452334468,-45.25904523344682,55.212840963894905
0.0006862,0.0,0.0,-44.18733563426783,-44.187335634267846,55.16868835216848
0.0006864,0.0,0.0,-42.980961007252226,-42.98096100725225,55.12457104840825
0.0006866,0.0,0.0,-41.649533554143375,-41.64953355414339,55.08048902437913
0.0006868,0.0,0.0,-40.203680000894906,-40.20368000089492,55.036442251868635
0.000687,0.0,0.0,-38.65495535301138,-38.654955353011395,54.99243070268681
0.0006872,0.0,0.0,-37.01574912139997,-37.015749121399985,54.94845434866627
0.0006874,0.0,0.0,-35.299184779752245,-35.29918477975226,54.90451316166214
0.0006876,0.0,0.0,-33.51901326937248,-33.519013269372486,54.86060711355205
0.0006878,0.0,0.0,-31.689501415645047,-31.68950141564506,54.816736176236134
0.0006879999999999999,0.0,0.0,-29.82531616159682,-29.82531616159683,54.77290032163698
0.0006881999999999999,0.0,0.0,-27.941405557926295,-27.941405557926302,54.729099521699645
0.0006883999999999999,0.0,0.0,-26.052877475164923,-26.052877475164934,54.685333748391606
0.0006885999999999999,0.0,0.0,-24.174877022093874,-24.17487702209388,54.64160297370277
0.0006887999999999999,0.0,0.0,-22.322463665012314,-22.32246366501232,54.597907169645424
0.0006889999999999999,0.0,0.0,-20.510489044856357,-20.510489044856367,54.554246308254264
0.0006892,0.0,0.0,-18.75347648348138,-18.753476483481386,54.51062036158633
0.0006894,0.0,0.0,-17.065503156691396,-17.0655031566914,54.467029301721006
0.0006896,0.0,0.0,-15.460085889938677,-15.460085889938679,54.42347310076001
0.0006898,0.0,0.0,-13.950071503201096,-13.950071503201098,54.37995173082738
0.00069,0.0,0.0,-12.547532594612337,-12.547532594612338,54.336465164069416
0.0006902,0.0,0.0,0.0,0.0,54.29301337265473
0.0006904,290.7402634213008,290.7402634213008,0.0,0.0,54.27865873015573
0.0006906,576.5789238715145,576.5789238715145,0.0,0.0,54.32195040523086
0.0006908,833.5831281007238,833.5831281007238,0.0,0.0,54.41947004224909
0.000691,1039.8808172484273,1039.8808172484273,0.0,0.0,54.56322335942333
0.0006912,1177.2195916120975,1177.2195916120975,0.0,0.0,54.74121162631509
0.0006914,1232.2672736235827,1232.2672736235827,0.0,0.0,54.938288512783025
0.0006916,1197.5615442297183,1197.5615442297183,0.0,0.0,55.13724118269017
0.0006918,1072.0410570343574,1072.0410570343574,0.0,0.0,55.320018538927926
0.000692,861.1202751955784,861.1202751955784,0.0,0.0,55.469019057112504
0.0006922,576.3028005484965,576.3028005484965,0.0,0.0,55.568346418496674
0.0006923999999999999,234.36085432410522,234.36085432410522,0.0,0.0,55.604943468029326
0.0006925999999999999,0.0,0.0,-27.78476185730542,-27.784761857305426,55.56952371461086
0.0006927999999999999,0.0,0.0,-24.947998932479358,-24.947998932479365,55.52508587077671
0.0006929999999999999,0.0,0.0,-25.81008049945762,-25.810080499457627,55.48068356300319
0.0006931999999999999,0.0,0.0,-26.687819454938435,-26.68781945493844,55.436316762872835
0.0006933999999999999,0.0,0.0,-27.57391389164848,-27.573913891648495,55.39198544199089
0.0006935999999999999,0.0,0.0,-28.460994431861515,-28.460994431861522,55.3476895719853
0.0006938,0.0,0.0,-29.341684020309238,-29.341684020309245,55.3034291245067
0.000694,0.0,0.0,-30.208657777928508,-30.208657777928522,55.2592040712284
0.0006942,0.0,0.0,-31.05470243082057,-31.054702430820583,55.21501438384637
0.0006944,0.0,0.0,-31.872774832256326,-31.872774832256333,55.170860034079205
0.0006946,0.0,0.0,-32.65605910293183,-32.65605910293184,55.12674099366811
0.0006948,0.0,0.0,-33.39802192590085,-33.39802192590086,55.08265723437689
0.000695,0.0,0.0,-34.092465547594166,-34.09246554759417,55.03860872799194
0.0006952,0.0,0.0,-63.709187811055955,-63.70918781105598,54.994595446322215
0.0006954,0.0,0.0,-64.17333831485051,-64.17333831485054,54.95061736119921
0.0006956,0.0,0.0,-64.339745417763,-64.33974541776303,54.906674444476934
0.0006958,0.0,0.0,-64.206887945516,-64.20688794551603,54.86276666803193
0.000696,0.0,0.0,-63.77567298401695,-63.77567298401698,54.81889400376321
0.0006962,0.0,0.0,-63.0494284605052,-63.04942846050522,54.77505642359227
0.0006964,0.0,0.0,-62.033876083404266,-62.03387608340429,54.73125389946304
0.0006966,0.0,0.0,-60.737084860909505,-60.73708486090953,54.68748640334192
0.0006967999999999999,0.0,0.0,-59.16940557591039,-59.16940557591041,54.64375390721769
0.0006969999999999999,0.0,0.0,-57.343386749348184,-57.343386749348205,54.60005638310157
0.0006971999999999999,0.0,0.0,-55.2736727742902,-55.27367277429022,54.55639380302711
0.0006973999999999999,0.0,0.0,-52.976885047642824,-52.976885047642845,54.51276613905028
0.0006975999999999999,0.0,0.0,-50.471487064354136,-50.47148706435416,54.469173363249354
0.0006977999999999999,0.0,0.0,-47.77763456905337,-47.77763456905339,54.425615447724965
0.0006979999999999999,0.0,0.0,-44.91701198128447,-44.91701198128448,54.382092364600034
0.0006982,0.0,0.0,-41.91265642183021,-41.91265642183022,54.338604086019785
0.0006984,0.0,0.0,-38.78877076818976,-38.78877076818978,54.29515058415171
0.0006986,0.0,0.0,-35.57052725624931,-35.57052725624932,54.25173183118558
0.0006988,0.0,0.0,-32.28386322185223,-32.28386322185224,54.208347799333374
0.000699,0.0,0.0,-28.955270639709028,-28.955270639709042,54.16499846082931
0.0006992,0.0,0.0,-25.611581167372396,-25.611581167372407,54.121683787929804
0.0006994,0.0,0.0,-22.2797484384306,-22.27974843843061,54.07840375291347
0.0006996,0.0,0.0,-18.98662937134852,-18.98662937134853,54.03515832808107
0.0006998,0.0,0.0,-15.758766268329186,-15.758766268329193,53.99194748575553
0.0007,0.0,0.0,-12.622171472115525,-12.62217147211553,53.94877119828192
0.0007002,0.0,0.0,0.0,0.0,53.90562943802739
0.0007004,330.98830958971496,330.98830958971496,0.0,0.0,53.895607774101514
0.0007006,681.8102636142128,681.8102636142128,0.0,0.0,53.9537478891566
0.0007008,1023.9096565158986,1023.9096565158986,0.0,0.0,54.0811059396381
0.000701,1329.3538469607897,1329.3538469607897,0.0,0.0,54.27309061136536
0.0007012,1572.8248478180165,1572.8248478180165,0.0,0.0,54.51979132806747
0.0007013999999999999,1733.4236382438255,1733.4236382438255,0.0,0.0,54.80668558590806
0.0007015999999999999,1796.1591579677827,1796.1591579677827,0.0,0.0,55.11567492132633
0.0007017999999999999,1753.0159435138066,1753.0159435138066,0.0,0.0,55.426375611261456
0.0007019999999999999,1603.5244174725767,1603.5244174725767,0.0,0.0,55.71757206828828
0.0007021999999999999,1354.7933018035353,1354.7933018035353,0.0,0.0,55.96872931966071
0.0007023999999999999,1021.0019662676959,1021.0019662676959,0.0,0.0,56.16145677203116
0.0007026,622.3890105716655,622.3890105716655,0.0,0.0,56.28081895942252
0.0007028,183.8092708478593,183.8092708478593,0.0,0.0,56.31639990002069
0.000703,0.0,0.0,-28.131522633543934,-28.131522633543945,56.2630452670879
0.0007032,0.0,0.0,-26.766210114615,-26.766210114615006,56.21805282784992
0.0007034,0.0,0.0,-25.78839598250746,-25.788395982507467,56.17309636817151
0.0007036,0.0,0.0,-24.82926911752058,-24.829269117520596,56.128175859280525
0.0007038,0.0,0.0,-23.896428687461515,-23.896428687461523,56.08329127242784
0.000704,0.0,0.0,-22.997260546140865,-22.997260546140872,56.03844257888731
0.0007042,0.0,0.0,-22.13887731338614,-22.138877313386146,55.99362974995577
0.0007044,0.0,0.0,-21.32806067339527,-21.328060673395278,55.94885275695301
0.0007046,0.0,0.0,-20.571206359538152,-20.57120635953816,55.90411157122174
0.0007048,0.0,0.0,-19.87427227190613,-19.87427227190613,55.8594061641276
0.000705,0.0,0.0,-19.242730148481066,-19.242730148481066,55.81473650705912
0.0007052,0.0,0.0,-47.657130938050486,-47.6571309380505,55.77010257142773
0.0007054,0.0,0.0,-47.05237373618573,-47.05237373618575,55.72550432866769
0.0007056,0.0,0.0,-46.291953711908114,-46.291953711908135,55.68094175023613
0.0007057999999999999,0.0,0.0,-45.381863522665654,-45.381863522665675,55.63641480761299
0.0007059999999999999,0.0,0.0,-44.32931017223287,-44.32931017223289,55.59192347230102
0.0007061999999999999,0.0,0.0,-43.14265650707339,-43.14265650707341,55.54746771582577
0.0007063999999999999,0.0,0.0,-41.83135333620681,-41.831353336206824,55.503047509735545
0.0007065999999999999,0.0,0.0,-40.40586272555287,-40.405862725552886,55.45866282560141
0.0007067999999999999,0.0,0.0,-38.87757308931861,-38.87757308931862,55.41431363501716
0.000707,0.0,0.0,-37.25870676753318,-37.25870676753319,55.36999990959931
0.0007072,0.0,0.0,-35.56222083978244,-35.562220839782455,55.325721620987075
0.0007074,0.0,0.0,-33.80170198005463,-33.801701980054645,55.28147874084234
0.0007076,0.0,0.0,-31.99125620593658,-31.991256205936594,55.23727124084966
0.0007078,0.0,0.0,-30.145394416803708,-30.14539441680372,55.19309909271623
0.000708,0.0,0.0,-28.278914649791204,-28.27891464979121,55.14896226817187
0.0007082,0.0,0.0,-26.40678200894147,-26.40678200894148,55.104860738969016
0.0007084,0.0,0.0,-24.54400724177828,-24.544007241778292,55.06079447688268
0.0007086,0.0,0.0,-22.705524948508575,-22.705524948508582,55.01676345371044
0.0007088,0.0,0.0,-20.90607241200935,-20.906072412009358,54.97276764127245
0.000709,0.0,0.0,-19.16007003169652,-19.160070031696527,54.92880701141137
0.0007092,0.0,0.0,-17.481504331335383,-17.48150433133539,54.884881535992406
0.0007094,0.0,0.0,-15.883814489945273,-15.883814489945278,54.840991186903246
0.0007096,0.0,0.0,-14.379783316343135,-14.37978331634314,54.79713593605406
0.0007098,0.0,0.0,-12.981433551794984,-12.98143355179499,54.753315755377486
0.00071,0.0,0.0,-11.69993034199317,-11.699930341993173,54.7095306168286
0.0007101999999999999,0.0,0.0,0.0,0.0,54.66578049238492
0.0007103999999999999,301.1033902109195,301.1033902109195,0.0,0.0,54.65216365374756
0.0007105999999999999,594.4162408668437,594.4162408668437,0.0,0.0,54.697975561169365
0.0007107999999999999,855.4480972417914,855.4480972417914,0.0,0.0,54.79916313949997
0.0007109999999999999,1062.015451985826,1062.015451985826,0.0,0.0,54.94701102475703
0.0007111999999999999,1195.8227536701704,1195.8227536701704,0.0,0.0,55.128764535098696
0.0007113999999999999,1243.7659886720674,1243.7659886720674,0.0,0.0,55.32854048732395
0.0007116,1198.8660007628307,1198.8660007628307,0.0,0.0,55.52846088571822
0.0007118,1060.7651199032196,1060.7651199032196,0.0,0.0,55.70992864197375
0.000712,835.7518068812553,835.7518068812553,0.0,0.0,55.85495438144283
0.0007122,536.3116636817343,536.3116636817343,0.0,0.0,55.947439770838216
0.0007124,180.23691274858248,180.23691274858248,0.0,0.0,55.97432592220403
0.0007126,0.0,0.0,-27.963262531851516,-27.963262531851523,55.92652506370305
0.0007128,0.0,0.0,-25.525768380232833,-25.52576838023284,55.88180173298438
0.000713,0.0,0.0,-26.241537301693114,-26.24153730169312,55.83711416662453
0.0007132,0.0,0.0,-26.970912610795267,-26.970912610795274,55.79246233602347
0.0007134,0.0,0.0,-27.707795040990383,-27.707795040990398,55.74784621260402
0.0007136,0.0,0.0,-28.446024710091336,-28.446024710091343,55.70326576781185
0.0007138,0.0,0.0,-29.179431099784168,-29.179431099784175,55.65872097311548
0.000714,0.0,0.0,-29.90188312021931,-29.901883120219324,55.61421180000623
0.0007142,0.0,0.0,-30.60733885348165,-30.607338853481664,55.56973821999823
0.0007144,0.0,0.0,-31.289894572354285,-31.2898945723543,55.52530020462838
0.0007145999999999999,0.0,0.0,-31.943832636680106,-31.94383263668012,55.480897725456344
0.0007147999999999999,0.0,0.0,-32.56366787874189,-32.563667878741896,55.436530754064535
0.0007149999999999999,0.0,0.0,-33.144192101350264,-33.14419210135028,55.392199262058085
0.0007151999999999999,0.0,0.0,-62.65612608374823,-62.656126083748255,55.34790322106483
0.0007153999999999999,0.0,0.0,-63.02546825390364,-63.02546825390366,55.30364260273531
0.0007155999999999999,0.0,0.0,-63.107814808042896,-63.107814808042924,55.25941737874272
0.0007157999999999999,0.0,0.0,-62.902325189495606,-62.902325189495635,55.2152275207829
0.000716,0.0,0.0,-62.41049436187898,-62.41049436187901,55.17107300057436
0.0007162,0.0,0.0,-61.63614062276075,-61.63614062276078,55.126953789858185
0.0007164,0.0,0.0,-60.585374567268566,-60.585374567268595,55.082869860398084
0.0007166,0.0,0.0,-59.26654945391809,-59.26654945391811,55.03882118398033
0.0007168,0.0,0.0,-57.69019337581886,-57.690193375818886,54.994807732413776
0.000717,0.0,0.0,-55.86892378802934,-55.86892378802936,54.950829477529794
0.0007172,0.0,0.0,-53.81734508497188,-53.817345084971905,54.90688639118231
0.0007174,0.0,0.0,-51.55193005932525,-51.55193005932527,54.86297844524774
0.0007176,0.0,0.0,-49.09088620456909,-49.0908862045691,54.81910561162499
0.0007178,0.0,0.0,-46.45400794630256,-46.454007946302575,54.775267862235445
0.000718,0.0,0.0,-43.66251600159949,-43.66251600159951,54.73146516902294
0.0007182,0.0,0.0,-40.73888517006998,-40.73888517006999,54.68769750395375
0.0007184,0.0,0.0,-37.706661954125565,-37.70666195412558,54.64396483901656
0.0007186,0.0,0.0,-34.59027348843232,-34.59027348843233,54.600267146222464
0.0007188,0.0,0.0,-31.414829329012214,-31.41482932901223,54.55660439760493
0.000719,0.0,0.0,-28.205917710349468,-28.205917710349475,54.512976565219795
0.0007191999999999999,0.0,0.0,-24.98939792370234,-24.989397923702352,54.46938362114525
0.0007193999999999999,0.0,0.0,-21.791190501251947,-21.791190501251954,54.4258255374818
0.0007195999999999999,0.0,0.0,-18.63706690848036,-18.637066908480364,54.382302286352264
0.0007197999999999999,0.0,0.0,-15.55244045111926,-15.552440451119265,54.33881383990176
0.0007199999999999999,0.0,0.0,-12.562160093114173,-12.562160093114175,54.29536017029768
0.0007201999999999999,0.0,0.0,0.0,0.0,54.25194124972966
0.0007204,328.39453592420864,328.39453592420864,0.0,0.0,54.2413833734728
0.0007206,674.4171133249343,674.4171133249343,0.0,0.0,54.298248685574094
0.0007208,1009.8325301788375,1009.8325301788375,0.0,0.0,54.42318507641967
0.000721,1307.1638345556091,1307.1638345556091,0.0,0.0,54.61127093049035
0.0007212,1541.6509136536692,1541.6509136536692,0.0,0.0,54.852366950159016
0.0007214,1693.0150301030806,1693.0150301030806,0.0,0.0,55.13183986180991
0.0007216,1746.903601837624,1746.903601837624,0.0,0.0,55.431606346520645
0.0007218,1695.912337147442,1695.912337147442,0.0,0.0,55.73142272878903
0.000722,1540.111978896713,1540.111978896713,0.0,0.0,56.010328459917964
0.0007222,1287.0422316225558,1287.0422316225558,0.0,0.0,56.24814049338857
0.0007224,951.1734241436059,951.1734241436059,0.0,0.0,56.42689204594945
0.0007226,552.8743912852799,552.8743912852799,0.0,0.0,56.53211322538381
0.0007228,116.96023828504013,116.96023828504013,0.0,0.0,56.553862298131435
0.000723,0.0,0.0,-28.243717080385316,-28.243717080385327,56.48743416077066
0.0007232,0.0,0.0,-26.303759004829544,-26.30375900482955,56.442262282193475
0.0007234,0.0,0.0,-25.22669944038544,-25.226699440385453,56.39712652666993
0.0007235999999999999,0.0,0.0,-24.173795781777017,-24.173795781777024,56.352026865313135
0.0007237999999999999,0.0,0.0,-23.153407194090292,-23.1534071940903,56.306963269259306
0.0007239999999999999,0.0,0.0,-22.173628974512056,-22.173628974512063,56.26193570966773
0.0007241999999999999,0.0,0.0,-21.242226877510397,-21.242226877510397,56.216944157720775
0.0007243999999999999,0.0,0.0,-20.36657411535601,-20.366574115356016,56.17198858462383
0.0007245999999999999,0.0,0.0,-19.55359154506484,-19.553591545064847,56.12706896160534
0.0007247999999999999,0.0,0.0,-18.80969152697717,-18.809691526977176,56.08218525991673
0.000725,0.0,0.0,-18.14072591038679,-18.14072591038679,56.037337450832425
0.0007252,0.0,0.0,-46.52754832423549,-46.527548324235504,55.99252550564983
0.0007254,0.0,0.0,-45.90528065918257,-45.905280659182594,55.94774939568929
0.0007256,0.0,0.0,-45.13755918856897,-45.13755918856899,55.9030090922941
0.0007258,0.0,0.0,-44.230434840533185,-44.2304348405332,55.85830456683045
0.000726,0.0,0.0,-43.19108958514808,-43.19108958514809,55.81363579068744
0.0007262,0.0,0.0,-42.027778135921395,-42.02777813592141,55.769002735277056
0.0007264,0.0,0.0,-40.74976094902069,-40.749760949020704,55.72440537203413
0.0007266,0.0,0.0,-39.36722906404458,-39.3672290640446,55.67984367241635
0.0007268,0.0,0.0,-37.891221396342765,-37.89122139634278,55.63531760790422
0.000727,0.0,0.0,-36.3335351521165,-36.33353515211651,55.590827150001054
0.0007272,0.0,0.0,-34.70663009331343,-34.70663009331344,55.54637227023296
0.0007274,0.0,0.0,-33.023527429212216,-33.02352742921222,55.501952940148804
0.0007276,0.0,0.0,-31.297704155170138,-31.297704155170152,55.45756913132021
0.0007278,0.0,0.0,-29.542983695926218,-29.54298369592623,55.413220815341546
0.0007279999999999999,0.0,0.0,-27.7734237408143,-27.77342374081431,55.36890796382988
0.0007281999999999999,0.0,0.0,-26.0032021810026,-26.00320218100261,55.32463054842497
0.0007283999999999999,0.0,0.0,-24.24650207425314,-24.24650207425315,55.28038854078928
0.0007285999999999999,0.0,0.0,-22.51739657056212,-22.51739657056213,55.236181912607925
0.0007287999999999999,0.0,0.0,-20.82973473233714,-20.82973473233715,55.192010635588645
0.0007289999999999999,0.0,0.0,-19.197029175486392,-19.1970291754864,55.14787468146182
0.0007291999999999999,0.0,0.0,-17.63234644299867,-17.63234644299868,55.10377402198044
0.0007294,0.0,0.0,-16.14820100040069,-16.148201000400697,55.05970862892008
0.0007296,0.0,0.0,-14.75645371307045,-14.756453713070455,55.015678474078875
0.0007298,0.0,0.0,-13.468215629001127,-13.468215629001133,54.971683529277534
0.00073,0.0,0.0,-12.293757847543976,-12.293757847543981,54.92772376635928
0.0007302,0.0,0.0,0.0,0.0,54.883799157189856
0.0007304,289.20433972281853,289.20433972281853,0.0,0.0,54.86881854408163
0.0007306,569.8500455967887,569.8500455967887,0.0,0.0,54.910812130343814
0.0007308,818.3378792906549,818.3378792906549,0.0,0.0,55.00566433224752
0.000731,1013.3668801147019,1013.3668801147019,0.0,0.0,55.14477463260212
0.0007312,1137.4524838565462,1137.4524838565462,0.0,0.0,55.31567239019013
0.0007314,1178.1723286459755,1178.1723286459755,0.0,0.0,55.502907439508505
0.0007316,1129.0510283898586,1129.0510283898586,0.0,0.0,55.68915295105587
0.0007318,990.020942778169,990.020942778169,0.0,0.0,55.856441910228156
0.000732,767.4262030670063,767.4262030670063,0.0,0.0,55.98744906842121
0.0007322,473.5698094707507,473.5698094707507,0.0,0.0,56.06672699924792
0.0007323999999999999,125.83617841575085,125.83617841575085,0.0,0.0,56.08180818396328
0.0007325999999999999,0.0,0.0,-28.0120473086224,-28.01204730862241,56.02409461724483
0.0007327999999999999,0.0,0.0,-24.742227152343276,-24.742227152343283,55.979293262093094
0.0007329999999999999,0.0,0.0,-25.384502767471567,-25.384502767471574,55.93452773369478
0.0007331999999999999,0.0,0.0,-26.04773531382758,-26.047735313827587,55.88979800339994
0.0007333999999999999,0.0,0.0,-26.726361678647883,-26.72636167864789,55.845104042581546
0.0007335999999999999,0.0,0.0,-27.414694132081046,-27.414694132081053,55.80044582263546
0.0007338,0.0,0.0,-28.10696647745278,-28.106966477452787,55.75582331498041
0.000734,0.0,0.0,-28.79738083704767,-28.797380837047676,55.711236491057996
0.0007342,0.0,0.0,-29.48015469379616,-29.480154693796166,55.66668532233264
0.0007344,0.0,0.0,-30.149567807188077,-30.149567807188085,55.622169780291586
0.0007346,0.0,0.0,-30.800008622763983,-30.800008622763997,55.57768983644489
0.0007348,0.0,0.0,-31.42601979865365,-31.426019798653655,55.53324546232538
0.000735,0.0,0.0,-32.02234247980392,-32.022342479803925,55.48883662948865
0.0007352,0.0,0.0,-61.55956871680548,-61.5595687168055,55.44446330951305
0.0007354,0.0,0.0,-61.96349118452431,-61.96349118452434,55.400125473999644
0.0007356,0.0,0.0,-62.089424972885965,-62.089424972885986,55.355823094572216
0.0007358,0.0,0.0,-61.9361753483078,-61.93617534830783,55.31155614287724
0.000736,0.0,0.0,-61.504812902273116,-61.50481290227314,55.267324590583854
0.0007362,0.0,0.0,-60.79866480984213,-60.79866480984215,55.22312840938387
0.0007364,0.0,0.0,-59.82328777960426,-59.823287779604286,55.178967570991716
0.0007366,0.0,0.0,-58.586422914987416,-58.586422914987445,55.13484204714446
0.0007368,0.0,0.0,-57.097932853597115,-57.097932853597136,55.09075180960176
0.0007369999999999999,0.0,0.0,-55.36972169503619,-55.36972169503621,55.04669683014586
0.0007371999999999999,0.0,0.0,-53.415638367288956,-53.41563836728898,55.00267708058157
0.0007373999999999999,0.0,0.0,-51.25136421610911,-51.25136421610913,54.958692532736244
0.0007375999999999999,0.0,0.0,-48.894285729837605,-48.89428572983762,54.914743158459764
0.0007377999999999999,0.0,0.0,-46.36335343265885,-46.36335343265887,54.87082892962453
0.0007379999999999999,0.0,0.0,-43.678928091499934,-43.67892809149995,54.82694981812543
0.0007381999999999999,0.0,0.0,-40.86261548468082,-40.862615484680845,54.78310579587983
0.0007384,0.0,0.0,-37.93709107319711,-37.937091073197124,54.73929683482754
0.0007386,0.0,0.0,-34.92591599740908,-34.92591599740909,54.69552290693084
0.0007388,0.0,0.0,-31.85334589225762,-31.853345892257636,54.65178398417439
0.000739,0.0,0.0,-28.74413407235786,-28.74413407235787,54.6080800385653
0.0007392,0.0,0.0,-25.62333068396359,-25.6233306839636,54.56441104213302
0.0007394,0.0,0.0,-22.516079453479605,-22.516079453479616,54.52077696692939
0.0007396,0.0,0.0,-19.44741368165959,-19.447413681659597,54.47717778502861
0.0007398,0.0,0.0,-16.44205313870723,-16.442053138707237,54.433613468527184
0.00074,0.0,0.0,-13.52420350814861,-13.524203508148611,54.39008398954395
0.0007402,0.0,0.0,0.0,0.0,54.34658932022005
0.0007404,311.55994101399665,311.55994101399665,0.0,0.0,54.334272969405596
0.0007406,640.9743306848025,640.9743306848025,0.0,0.0,54.386038272078885
0.0007408,961.1885742543861,961.1885742543861,0.0,0.0,54.50269906763692
0.000741,1245.8059724073216,1245.8059724073216,0.0,0.0,54.679725552455054
0.0007412,1470.9693505261423,1470.9693505261423,0.0,0.0,54.907568167260514
0.0007413999999999999,1617.0612885802138,1617.0612885802138,0.0,0.0,55.17233926819697
0.0007415999999999999,1670.1018278098718,1670.1018278098718,0.0,0.0,55.45680392255968
0.0007417999999999999,1622.744116543492,1622.744116543492,0.0,0.0,55.74160915176529
0.0007419999999999999,1474.7971322164724,1474.7971322164724,0.0,0.0,56.00666396739362
0.0007421999999999999,1233.2383348861335,1233.2383348861335,0.0,0.0,56.23257181978901
0.0007423999999999999,911.7154652363877,911.7154652363877,0.0,0.0,56.40201336572706
0.0007425999999999999,529.573105664477,529.573105664477,0.0,0.0,56.50098102506083
0.0007428,110.47348213307703,110.47348213307703,0.0,0.0,56.519777380478374
0.000743,0.0,0.0,-28.226853161840292,-28.226853161840303,56.45370632368061
0.0007432,0.0,0.0,-25.444302921948477,-25.444302921948484,56.408561416584504
0.0007434,0.0,0.0,-24.48347497164486,-24.483474971644867,56.36345261097348
0.0007436,0.0,0.0,-23.552693626506006,-23.552693626506013,56.3183798779779
0.0007438,0.0,0.0,-22.65932717913074,-22.65932717913075,56.273343188751205
0.000744,0.0,0.0,-21.810440323546047,-21.810440323546054,56.228342514469915
0.0007442,0.0,0.0,-21.01273684314475,-21.012736843144758,56.18337782633359
0.0007444,0.0,0.0,-20.27250522826376,-20.27250522826376,56.13844909556483
0.0007446,0.0,0.0,-19.595567664562665,-19.595567664562672,56.093556293409236
0.0007448,0.0,0.0,-18.987232806003256,-18.987232806003256,56.048699391135415
0.000745,0.0,0.0,-18.452252715513573,-18.45225271551358,56.003878360034946
0.0007452,0.0,0.0,-46.97039407869451,-46.970394078694525,55.95909317142236
0.0007454,0.0,0.0,-46.47571350448227,-46.475713504482286,55.91434379663514
0.0007456,0.0,0.0,-45.830812288739544,-45.830812288739565,55.869630207033666
0.0007457999999999999,0.0,0.0,-45.04074508291497,-45.04074508291498,55.82495237400125
0.0007459999999999999,0.0,0.0,-44.11174436352036,-44.11174436352037,55.78031026894407
0.0007461999999999999,0.0,0.0,-43.05116983620062,-43.051169836200636,55.73570386329118
0.0007463999999999999,0.0,0.0,-41.86744869527118,-41.86744869527119,55.691133128494464
0.0007465999999999999,0.0,0.0,-40.57000722364937,-40.57000722364939,55.64659803602866
0.0007467999999999999,0.0,0.0,-39.169194288353935,-39.16919428835395,55.60209855739129
0.0007469999999999999,0.0,0.0,-37.67619735248841,-37.67619735248842,55.557634664102686
0.0007472,0.0,0.0,-36.10295168532679,-36.10295168532681,55.51320632770596
0.0007474,0.0,0.0,-34.46204350729008,-34.4620435072901,55.46881351976697
0.0007476,0.0,0.0,-32.76660785579379,-32.766607855793794,55.42445621187431
0.0007478,0.0,0.0,-31.030222000759537,-31.030222000759544,55.3801343756393
0.000748,0.0,0.0,-29.266795274671406,-29.266795274671416,55.33584798269597
0.0007482,0.0,0.0,-27.490456211127096,-27.49045621112711,55.291597004701
0.0007484,0.0,0.0,-25.715437907649992,-25.71543790765,55.24738141333379
0.0007486,0.0,0.0,-23.955962542913024,-23.955962542913035,55.20320118029634
0.0007488,0.0,0.0,-22.226125985363637,-22.226125985363645,55.1590562773133
0.000749,0.0,0.0,-20.539783429474394,-20.539783429474397,55.114946676131915
0.0007492,0.0,0.0,-18.910436987483617,-18.910436987483624,55.07087234852205
0.0007494,0.0,0.0,-17.35112614860192,-17.351126148601924,55.02683326627613
0.0007496,0.0,0.0,-15.8743219943731,-15.874321994373105,54.98282940120913
0.0007498,0.0,0.0,-14.49182602838075,-14.491826028380755,54.938860725158584
0.00075,0.0,0.0,-13.214674441032606,-13.214674441032608,54.89492720998452
0.0007501999999999999,0.0,0.0,0.0,0.0,54.8510288275695
0.0007503999999999999,277.20940219388694,277.20940219388694,0.0,0.0,54.83487540609542
0.0007505999999999999,548.5339537174021,548.5339537174021,0.0,0.0,54.87356636497812
0.0007507999999999999,791.0420660991429,791.0420660991429,0.0,0.0,54.96358910477188
0.0007509999999999999,983.8618220040323,983.8618220040323,0.0,0.0,55.09705523584595
0.0007511999999999999,1109.668572201754,1109.668572201754,0.0,0.0,55.26226454735325
0.0007513999999999999,1155.919405563824,1155.919405563824,0.0,0.0,55.44454062306164
0.0007516,1115.746576145562,1115.746576145562,0.0,0.0,55.62727849358592
0.0007518,988.4462951627995,988.4462951627995,0.0,0.0,55.79312961747233
0.000752,779.5281457607118,779.5281457607118,0.0,0.0,55.92523971383216
0.0007522,500.3216979123568,500.3216979123568,0.0,0.0,56.00845122182521
0.0007524,167.1684570842084,167.1684570842084,0.0,0.0,56.030384702954954
0.0007526,0.0,0.0,-27.99116107419117,-27.991161074191176,55.98232214838236
0.0007528,0.0,0.0,-24.087822744743917,-24.087822744743924,55.937554197843866
0.000753,0.0,0.0,-24.86227931573235,-24.86227931573236,55.89282204734579
0.0007532,0.0,0.0,-25.661757453842363,-25.66175745384237,55.84812566825954
0.0007534,0.0,0.0,-26.47958865522981,-26.47958865522982,55.80346503197944
0.0007536,0.0,0.0,-27.30895581595245,-27.30895581595246,55.75884010992268
0.0007538,0.0,0.0,-28.14294854598591,-28.142948545985917,55.714250873529295
0.000754,0.0,0.0,-28.974619238769392,-28.9746192387694,55.66969729426218
0.0007542,0.0,0.0,-29.797039441342598,-29.797039441342605,55.62517934360703
0.0007544,0.0,0.0,-30.60335606770822,-30.603356067708226,55.58069699307236
0.0007546,0.0,0.0,-31.386846999336996,-31.38684699933701,55.53625021418945
0.0007547999999999999,0.0,0.0,-32.14097562171609,-32.140975621716095,55.49183897851237
0.0007549999999999999,0.0,0.0,-32.85944385448477,-32.85944385448479,55.44746325761792
0.0007551999999999999,0.0,0.0,-62.51185300103233,-62.51185300103236,55.40312302310563
0.0007553999999999999,0.0,0.0,-63.02306150436855,-63.02306150436857,55.35881824659774
0.0007555999999999999,0.0,0.0,-63.247514316414744,-63.24751431641477,55.31454889973921
0.0007557999999999999,0.0,0.0,-63.18321771773334,-63.18321771773337,55.27031495419763
0.0007559999999999999,0.0,0.0,-62.83052094693512,-62.830520946935145,55.22611638166328
0.0007562,0.0,0.0,-62.19211330999114,-62.19211330999117,55.18195315384907
0.0007564,0.0,0.0,-61.273002303498494,-61.273002303498515,55.137825242490536
0.0007566,0.0,0.0,-60.0804729298585,-60.08047292985853,55.0937326193458
0.0007568,0.0,0.0,-58.62402853492147,-58.6240285349215,55.049675256195584
0.000757,0.0,0.0,-56.915313648560655,-56.91531364856068,55.00565312484317
0.0007572,0.0,0.0,-54.96801945464602,-54.96801945464604,54.96166619711439
0.0007574,0.0,0.0,-52.79777265780927,-52.79777265780929,54.9177144448576
0.0007576,0.0,0.0,-50.42200864908257,-50.422008649082585,54.87379783994368
0.0007578,0.0,0.0,-47.859829999862896,-47.85982999986291,54.82991635426599
0.000758,0.0,0.0,-45.13185143266701,-45.13185143266703,54.78606995974039
0.0007582,0.0,0.0,-42.26003252683472,-42.260032526834735,54.742258628305166
0.0007584,0.0,0.0,-39.267499516819846,-39.26749951681986,54.69848233192108
0.0007586,0.0,0.0,-36.1783576291724,-36.17835762917242,54.65474104257128
0.0007588,0.0,0.0,-33.01749548104463,-33.01749548104464,54.611034732261345
0.000759,0.0,0.0,-29.81038312742509,-29.8103831274251,54.567363373019234
0.0007591999999999999,0.0,0.0,-26.58286539579762,-26.582865395797626,54.523726936895265
0.0007593999999999999,0.0,0.0,-23.36095218511712,-23.360952185117128,54.48012539596212
0.0007595999999999999,0.0,0.0,-20.170607430583804,-20.170607430583814,54.43655872231481
0.0007597999999999999,0.0,0.0,-17.037538446480674,-17.037538446480678,54.39302688807065
0.0007599999999999999,0.0,0.0,-13.986987356230255,-13.98698735623026,54.34952986536927
0.0007601999999999999,0.0,0.0,0.0,0.0,54.306067626372574
0.0007603999999999999,307.4699648281212,307.4699648281212,0.0,0.0,54.29337484586649
0.0007606,635.2911011792456,635.2911011792456,0.0,0.0,54.344195924159216
0.0007608,956.5247886670779,956.5247886670779,0.0,0.0,54.45985589241722
0.000761,1244.7036829510741,1244.7036829510741,0.0,0.0,54.63634026111762
0.0007612,1475.718421277763,1475.718421277763,0.0,0.0,54.864582102595016
0.0007614,1629.5358650080454,1629.5358650080454,0.0,0.0,55.13110925468069
0.0007616,1691.6264687333187,1691.6264687333187,0.0,0.0,55.419005442176086
0.0007618,1653.9991218422053,1653.9991218422053,0.0,0.0,55.709116752355825
0.000762,1515.7698042286452,1515.7698042286452,0.0,0.0,55.98141743128946
0.0007622,1283.2236365164536,1283.2236365164536,0.0,0.0,56.216437633338124
0.0007624,969.3660168252375,969.3660168252375,0.0,0.0,56.39665136307373
0.0007626,592.9949466233943,592.9949466233943,0.0,0.0,56.50772570858992
0.0007628,177.36076279244895,177.36076279244895,0.0,0.0,56.53954237229916
0.000763,0.0,0.0,-28.243459376116842,-28.243459376116853,56.48691875223371
0.0007632,0.0,0.0,-25.626752440874967,-25.626752440874974,56.441747285818494
0.0007634,0.0,0.0,-24.82202766408976,-24.822027664089767,56.396611942127315
0.0007635999999999999,0.0,0.0,-24.044733377709044,-24.044733377709058,56.35151269227355
0.0007637999999999999,0.0,0.0,-23.300992514479184,-23.30099251447919,56.30644950739369
0.0007639999999999999,0.0,0.0,-22.596655769014866,-22.596655769014873,56.261422358647266
0.0007641999999999999,0.0,0.0,-21.937254134747427,-21.937254134747434,56.21643121721692
0.0007643999999999999,0.0,0.0,-21.32795403592123,-21.327954035921238,56.17147605430831
0.0007645999999999999,0.0,0.0,-20.77351541861143,-20.77351541861143,56.12655684115012
0.0007647999999999999,0.0,0.0,-20.278253140718938,-20.278253140718938,56.08167354899406
0.000765,0.0,0.0,-19.846001974124484,-19.84600197412449,56.036826149114816
0.0007652,0.0,0.0,-48.45569525896604,-48.45569525896605,55.992014612810046
0.0007654,0.0,0.0,-48.0406469635993,-48.04064696359932,55.94723891140036
0.0007656,0.0,0.0,-47.46281247138908,-47.4628124713891,55.90249901622931
0.0007658,0.0,0.0,-46.72670248761978,-46.726702487619804,55.85779489866335
0.000766,0.0,0.0,-45.838111919793356,-45.83811191979338,55.81312653009185
0.0007662,0.0,0.0,-44.804072829322216,-44.80407282932224,55.76849388192704
0.0007664,0.0,0.0,-43.63279734672977,-43.63279734672978,55.72389692560403
0.0007666,0.0,0.0,-42.333611013759665,-42.33361101375968,55.67933563258075
0.0007668,0.0,0.0,-40.91687709345525,-40.91687709345527,55.63480997433798
0.000767,0.0,0.0,-39.393912462538374,-39.39391246253839,55.590319922379294
0.0007672,0.0,0.0,-37.776895768699084,-37.7768957686991,55.54586544823105
0.0007674,0.0,0.0,-36.07876859814943,-36.078768598149445,55.501446523442375
0.0007676,0.0,0.0,-34.31313045548778,-34.313130455487794,55.457063119585165
0.0007678,0.0,0.0,-32.49412840810421,-32.49412840810422,55.41271520825403
0.000768,0.0,0.0,-30.63634229062602,-30.636342290626025,55.3684027610663
0.0007681999999999999,0.0,0.0,-28.754666400904238,-28.75466640090425,55.32412574966201
0.0007683999999999999,0.0,0.0,-26.864188647485086,-26.864188647485097,55.27988414570386
0.0007685999999999999,0.0,0.0,-24.980068129164373,-24.980068129164383,55.23567792087723
0.0007687999999999999,0.0,0.0,-23.11741213992031,-23.117412139920322,55.19150704689012
0.0007689999999999999,0.0,0.0,-21.29115359715812,-21.29115359715813,55.14737149547318
0.0007691999999999999,0.0,0.0,-19.515929887740995,-19.515929887741002,55.10327123837964
0.0007693999999999999,0.0,0.0,-17.80596411475472,-17.805964114754723,55.05920624738533
0.0007696,0.0,0.0,-16.174949708450715,-16.174949708450722,55.01517649428866
0.0007698,0.0,0.0,-14.635939337493939,-14.635939337493944,54.97118195091058
0.00077,0.0,0.0,-13.20123902172845,-13.201239021728451,54.927222589094576
0.0007702,0.0,0.0,0.0,0.0,54.883298380706655
0.0007704,281.17464558887195,281.17464558887195,0.0,0.0,54.86751551970538
0.0007706,558.6748702109714,558.6748702109714,0.0,0.0,54.90759042890592
0.0007708,809.1252692338592,809.1252692338592,0.0,0.0,55.00040724378133
0.000771,1011.0838642487843,1011.0838642487843,0.0,0.0,55.138372645174016
0.0007712,1146.5703541071853,1146.5703541071853,0.0,0.0,55.309958734457766
0.0007714,1202.3473294275273,1202.3473294275273,0.0,0.0,55.50052630879394
0.0007716,1170.863202073423,1170.863202073423,0.0,0.0,55.69336980349912
0.0007718,1050.7897290709031,1050.7897290709031,0.0,0.0,55.87090938493818
0.000772,847.1159162201279,847.1159162201279,0.0,0.0,56.01594520763026
0.0007722,570.7917092575087,570.7917092575087,0.0,0.0,56.11288443831965
0.0007724,237.94696568487183,237.94696568487183,0.0,0.0,56.14885361059432
0.0007725999999999999,0.0,0.0,-28.057308532530588,-28.057308532530598,56.1146170650612
0.0007727999999999999,0.0,0.0,-24.454561549323586,-24.454561549323593,56.06974332090682
0.0007729999999999999,0.0,0.0,-25.37249394526279,-25.372493945262796,56.02490546139389
0.0007731999999999999,0.0,0.0,-26.3118406637942,-26.311840663794207,55.9801034578262
0.0007733999999999999,0.0,0.0,-27.26479803781023,-27.264798037810237,55.93533728153046
0.0007735999999999999,0.0,0.0,-28.22345230556364,-28.223452305563647,55.8906069038563
0.0007737999999999999,0.0,0.0,-29.179843821469902,-29.17984382146991,55.84591229617629
0.000774,0.0,0.0,-30.12603163762482,-30.126031637624834,55.80125342988586
0.0007742,0.0,0.0,-31.05415793204689,-31.0541579320469,55.75663027640334
0.0007744,0.0,0.0,-31.956511760909954,-31.95651176090997,55.712042807169915
0.0007746,0.0,0.0,-32.825591617529646,-32.82559161752965,55.66749099364959
0.0007748,0.0,0.0,-33.65416629056067,-33.65416629056068,55.62297480732919
0.000775,0.0,0.0,-34.435333527673926,-34.43533352767394,55.57849421971837
0.0007752,0.0,0.0,-64.1381857848972,-64.13818578489723,55.53404920234954
0.0007754,0.0,0.0,-64.68717210869394,-64.68717210869397,55.48963972677789
0.0007756,0.0,0.0,-64.93643082446876,-64.93643082446879,55.44526576458134
0.0007758,0.0,0.0,-64.88376684160686,-64.88376684160689,55.40092728736057
0.000776,0.0,0.0,-64.52943491414243,-64.52943491414246,55.356624266738926
0.0007762,0.0,0.0,-63.87613751406841,-63.87613751406844,55.31235667436248
0.0007764,0.0,0.0,-62.92900284515929,-62.92900284515932,55.268124481899974
0.0007766,0.0,0.0,-61.69554317617484,-61.695543176174866,55.223927661042794
0.0007768,0.0,0.0,-60.18559383198713,-60.185593831987156,55.179766183504974
0.0007769999999999999,0.0,0.0,-58.41123333809653,-58.41123333809656,55.135640021023164
0.0007771999999999999,0.0,0.0,-56.386685366902284,-56.386685366902306,55.09154914535661
0.0007773999999999999,0.0,0.0,-54.12820328172861,-54.12820328172863,55.04749352828715
0.0007775999999999999,0.0,0.0,-51.65393821578115,-51.653938215781174,55.00347314161918
0.0007777999999999999,0.0,0.0,-48.983791756774586,-48.98379175677461,54.95948795717966
0.0007779999999999999,0.0,0.0,-46.13925443284831,-46.13925443284833,54.91553794681806
0.0007781999999999999,0.0,0.0,-43.143231310558846,-43.14323131055886,54.87162308240637
0.0007784,0.0,0.0,-40.01985612027194,-40.01985612027195,54.827743335839074
0.0007786,0.0,0.0,-36.79429541732562,-36.794295417325635,54.78389867903312
0.0007788,0.0,0.0,-33.49254436814353,-33.49254436814354,54.740089083927934
0.000779,0.0,0.0,-30.14121581838991,-30.14121581838992,54.696314522485366
0.0007792,0.0,0.0,-26.767324354723712,-26.767324354723723,54.65257496668969
0.0007794,0.0,0.0,-23.398067112286576,-23.398067112286583,54.608870388547594
0.0007796,0.0,0.0,-20.06060310642061,-20.060603106420622,54.56520076008814
0.0007798,0.0,0.0,-16.78183287904215,-16.781832879042156,54.521566053362754
0.00078,0.0,0.0,-13.588180247500985,-13.588180247500986,54.47796624044523
0.0007802,0.0,0.0,0.0,0.0,54.43440129343168
0.0007804,317.12458707179627,317.12458707179627,0.0,0.0,54.4225709632362
0.0007806,656.0836776624437,656.0836776624437,0.0,0.0,54.47633222843295
0.0007808,989.1341817613047,989.1341817613047,0.0,0.0,54.5972245916473
0.000781,1288.9557038839596,1288.9557038839596,0.0,0.0,54.78128217750416
0.0007812,1530.5980533377992,1530.5980533377992,0.0,0.0,55.019317313429966
0.0007813999999999999,1693.2594067803586,1693.2594067803586,0.0,0.0,55.29757630199561
0.0007815999999999999,1761.7684427526833,1761.7684427526833,0.0,0.0,55.59872056820084
0.0007817999999999999,1727.6648924268873,1727.6648924268873,0.0,0.0,55.90306318821623
0.0007819999999999999,1589.801592894847,1589.801592894847,0.0,0.0,56.18997262242414
0.0007821999999999999,1354.42524611169,1354.42524611169,0.0,0.0,56.43934357984389
0.0007823999999999999,1034.7302455744625,1034.7302455744625,0.0,0.0,56.63303017950877
0.0007825999999999999,649.9174851950127,649.9174851950127,0.0,0.0,56.7561392848
0.0007827999999999999,223.82533440909702,223.82533440909702,0.0,0.0,56.79809187429677
0.000783,0.0,0.0,-28.376688431992488,-28.3766884319925,56.753376863985004
0.0007832,0.0,0.0,-26.401941105619606,-26.401941105619613,56.70799231631288
0.0007834,0.0,0.0,-25.615176507729906,-25.615176507729913,56.662644061761654
0.0007836,0.0,0.0,-24.850486063881327,-24.850486063881334,56.617332071308425
0.0007838,0.0,0.0,-24.113889712925968,-24.113889712925975,56.57205631595352
0.000784,0.0,0.0,-23.411179453011158,-23.411179453011165,56.526816766720444
0.0007842,0.0,0.0,-22.747872353682205,-22.74787235368221,56.481613394655895
0.0007844,0.0,0.0,-22.129165799759882,-22.12916579975989,56.4364461708297
0.0007846,0.0,0.0,-21.559895330066666,-21.559895330066674,56.39131506633483
0.0007848,0.0,0.0,-21.044495413013728,-21.044495413013728,56.346220052287386
0.000785,0.0,0.0,-20.586963477224145,-20.586963477224153,56.30116109982654
0.0007852,0.0,0.0,-49.16643724504789,-49.1664372450479,56.25613818011456
0.0007854,0.0,0.0,-48.71647513325285,-48.71647513325287,56.21115126433678
0.0007856,0.0,0.0,-48.09931505551029,-48.09931505551031,56.16620032370156
0.0007858,0.0,0.0,-47.31978603607062,-47.31978603607064,56.121285329440305
0.0007859999999999999,0.0,0.0,-46.38403450651141,-46.38403450651143,56.0764062528074
0.0007861999999999999,0.0,0.0,-45.29947440453402,-45.29947440453403,56.03156306508025
0.0007863999999999999,0.0,0.0,-44.07472699007463,-44.074726990074645,55.98675573755919
0.0007865999999999999,0.0,0.0,-42.71955086728172,-42.71955086728173,55.94198424156754
0.0007867999999999999,0.0,0.0,-41.24476278036415,-41.24476278036416,55.89724854845153
0.0007869999999999999,0.0,0.0,-39.66214982615692,-39.662149826156934,55.85254862958031
0.0007871999999999999,0.0,0.0,-37.98437379587595,-37.98437379587597,55.80788445634594
0.0007874,0.0,0.0,-36.224868422375884,-36.22486842237589,55.76325600016333
0.0007876,0.0,0.0,-34.39773036676709,-34.39773036676711,55.71866323247028
0.0007878,0.0,0.0,-32.51760482902346,-32.51760482902347,55.674106124727395
0.000788,0.0,0.0,-30.599566710809107,-30.599566710809114,55.62958464841814
0.0007882,0.0,0.0,-28.658998294816723,-28.658998294816733,55.58509877504875
0.0007884,0.0,0.0,-26.71146443315003,-26.71146443315004,55.54064847614827
0.0007886,0.0,0.0,-24.772586257468877,-24.772586257468888,55.4962337232685
0.0007888,0.0,0.0,-22.85791443558471,-22.85791443558472,55.451854487984
0.000789,0.0,0.0,-20.98280300284898,-20.98280300284899,55.40751074189205
0.0007892,0.0,0.0,-19.16228479198839,-19.162284791988398,55.36320245661264
0.0007894,0.0,0.0,-17.410949472047196,-17.410949472047204,55.318929603788476
0.0007896,0.0,0.0,-15.742825185902861,-15.742825185902866,55.27469215508493
0.0007898,0.0,0.0,-14.171264746600668,-14.171264746600674,55.230490082190016
0.00079,0.0,0.0,-12.708837315741299,-12.7088373157413,55.18632335681441
0.0007902,0.0,0.0,0.0,0.0,55.14219195069141
0.0007903999999999999,289.5284224687518,289.5284224687518,0.0,0.0,55.127037101317484
0.0007905999999999999,575.0872934132349,575.0872934132349,0.0,0.0,55.16938010602275
0.0007907999999999999,832.7086900556526,832.7086900556526,0.0,0.0,55.26598555810399
0.0007909999999999999,1040.4214691621544,1040.4214691621544,0.0,0.0,55.40902856837518
0.0007911999999999999,1179.8172173807218,1179.8172173807218,0.0,0.0,55.586654163936544
0.0007913999999999999,1237.361955187269,1237.361955187269,0.0,0.0,55.783823889971785
0.0007915999999999999,1205.3601747753694,1205.3601747753694,0.0,0.0,55.98338921772497
0.0007918,1082.5025892069384,1082.5025892069384,0.0,0.0,56.16731521235117
0.000792,873.9586518417075,873.9586518417075,0.0,0.0,56.3179672234817
0.0007922,591.007355156682,591.007355156682,0.0,0.0,56.419368889736255
0.0007924,250.2327234180038,250.2327234180038,0.0,0.0,56.4583418133125
0.0007926,0.0,0.0,-28.212722856782722,-28.212722856782733,56.42544571356547
0.0007928,0.0,0.0,-25.012679831845,-25.012679831845006,56.38032340591768
0.000793,0.0,0.0,-25.93521841123627,-25.935218411236278,56.335237181682636
0.0007932,0.0,0.0,-26.87586457409453,-26.875864574094543,56.29018701200516
0.0007934,0.0,0.0,-27.826803183945437,-27.82680318394545,56.24517286805314
0.0007936,0.0,0.0,-28.7801359330158,-28.780135933015806,56.20019472101751
0.0007938,0.0,0.0,-29.727945426994225,-29.72794542699424,56.15525254211226
0.000794,0.0,0.0,-30.66235942309052,-30.66235942309053,56.110346302574385
0.0007942,0.0,0.0,-31.57561470019511,-31.575614700195118,56.06547597366389
0.0007944,0.0,0.0,-32.46012004293744,-32.460120042937454,56.02064152666375
0.0007946,0.0,0.0,-33.30851782864429,-33.3085178286443,55.975842932879935
0.0007947999999999999,0.0,0.0,-34.113743717546754,-34.11374371754676,55.931080163641326
0.0007949999999999999,0.0,0.0,-34.8690839619861,-34.869083961986114,55.88635319029975
0.0007951999999999999,0.0,0.0,-64.54383962579621,-64.54383962579624,55.84166198422994
0.0007953999999999999,0.0,0.0,-65.06268677335473,-65.06268677335476,55.79700651682951
0.0007955999999999999,0.0,0.0,-65.28000731573185,-65.28000731573188,55.75238675951897
0.0007957999999999999,0.0,0.0,-65.19386433899571,-65.19386433899574,55.70780268374166
0.0007959999999999999,0.0,0.0,-64.80478326981057,-64.8047832698106,55.663254260963775
0.0007962,0.0,0.0,-64.11574755234174,-64.11574755234176,55.61874146267432
0.0007964,0.0,0.0,-63.132174382161665,-63.13217438216169,55.5742642603851
0.0007966,0.0,0.0,-61.86187069452539,-61.86187069452542,55.52982262563069
0.0007968,0.0,0.0,-60.314969764584646,-60.314969764584674,55.485416529968454
0.000797,0.0,0.0,-58.50384893440622,-58.50384893440624,55.44104594497848
0.0007972,0.0,0.0,-56.44302913477517,-56.443029134775195,55.39671084226358
0.0007974,0.0,0.0,-54.14905701745483,-54.14905701745485,55.35241119344929
0.0007976,0.0,0.0,-51.6403706546459,-51.64037065464592,55.308146970183834
0.0007978,0.0,0.0,-48.937149895690986,-48.937149895691,55.2639181441381
0.000798,0.0,0.0,-46.061152595527425,-46.061152595527446,55.219724687005645
0.0007982,0.0,0.0,-43.03553804399156,-43.03553804399157,55.17556657050264
0.0007984,0.0,0.0,-39.88467902889068,-39.884679028890694,55.13144376636789
0.0007986,0.0,0.0,-36.63396405794411,-36.63396405794413,55.087356246362795
0.0007988,0.0,0.0,-33.30959134450346,-33.309591344503474,55.04330398227134
0.000799,0.0,0.0,-29.93835622874765,-29.93835622874766,54.99928694590007
0.0007991999999999999,0.0,0.0,-26.54743375926892,-26.547433759268927,54.955305109078076
0.0007993999999999999,0.0,0.0,-23.164158199189924,-23.164158199189934,54.91135844365698
0.0007995999999999999,0.0,0.0,-19.815801245862183,-19.815801245862186,54.86744692151091
0.0007997999999999999,0.0,0.0,-16.52935076358963,-16.529350763589637,54.82357051453649
0.0007999999999999999,0.0,0.0,-13.331291824615107,-13.331291824615112,54.779729194652816
0.0008001999999999999,0.0,0.0,0.0,0.0,54.73592293380143
0.0008003999999999999,321.2213073601023,321.2213073601023,0.0,0.0,54.72426099096754
0.0008005999999999999,663.955228611529,663.955228611529,0.0,0.0,54.778977349228626
0.0008008,1000.1695139748683,1000.1695139748683,0.0,0.0,54.90151762549738
0.000801,1302.298243694694,1302.298243694694,0.0,0.0,55.08776868673944
0.0008012,1545.2068290791717,1545.2068290791717,0.0,0.0,55.32835274544396
0.0008014,1707.9833058057757,1707.9833058057757,0.0,0.0,55.60929669915461
0.0008016,1775.4283044116644,1775.4283044116644,0.0,0.0,55.91302892992473
0.0008018,1739.1375849806118,1739.1375849806118,0.0,0.0,56.21963245431026
0.000802,1598.1000822876983,1598.1000822876983,0.0,0.0,56.50826506203055
0.0008022,1358.7689514988685,1358.7689514988685,0.0,0.0,56.75864520130388
0.0008024,1034.6006699907389,1034.6006699907389,0.0,0.0,56.9524977062898
0.0008026,645.095160224442,645.095160224442,0.0,0.0,57.074856347689725
0.0008028,214.4054502390067,214.4054502390067,0.0,0.0,57.11513041403138
0.000803,0.0,0.0,-28.53392968403206,-28.53392968403207,57.06785936806415
0.0008032,0.0,0.0,-26.60200019618732,-26.602000196187326,57.022223334982925
0.0008034,0.0,0.0,-25.773180516613536,-25.773180516613543,56.976623796130475
0.0008036,0.0,0.0,-24.96642788390679,-24.966427883906796,56.931060722323096
0.0008037999999999999,0.0,0.0,-24.188102489645516,-24.188102489645523,56.885534084400405
0.0008039999999999999,0.0,0.0,-23.44433387426247,-23.444333874262476,56.84004385322535
0.0008041999999999999,0.0,0.0,-22.740971200566307,-22.740971200566314,56.794589999684185
0.0008043999999999999,0.0,0.0,-22.083535803315186,-22.083535803315193,56.749172494686434
0.0008045999999999999,0.0,0.0,-21.477176399775487,-21.477176399775495,56.70379130916489
0.0008047999999999999,0.0,0.0,-20.926627324599693,-20.9266273245997,56.65844641407559
0.0008049999999999999,0.0,0.0,-20.436170127810783,-20.436170127810783,56.6131377803978
0.0008052,0.0,0.0,-48.985208603483215,-48.98520860348324,56.567865379133984
0.0008054,0.0,0.0,-48.50754703210201,-48.50754703210203,56.5226291813098
0.0008056,0.0,0.0,-47.86564698872616,-47.86564698872618,56.477429157974086
0.0008058,0.0,0.0,-47.06453714252948,-47.064537142529495,56.43226528019881
0.000806,0.0,0.0,-46.11053793431511,-46.11053793431513,56.3871375190791
0.0008062,0.0,0.0,-45.01121026411313,-45.011210264113146,56.34204584573317
0.0008064,0.0,0.0,-43.77529411557167,-43.77529411557168,56.29699023130235
0.0008066,0.0,0.0,-42.41263761535721,-42.41263761535723,56.25197064695105
0.0008068,0.0,0.0,-40.93411710337268,-40.9341171033727,56.20698706386672
0.000807,0.0,0.0,-39.351548862521774,-39.35154886252179,56.162039453259865
0.0008072,0.0,0.0,-37.67759322440238,-37.67759322440239,56.117127786364016
0.0008074,0.0,0.0,-35.92565182915227,-35.92565182915229,56.07225203443569
0.0008076,0.0,0.0,-34.10975887319509,-34.109758873195105,56.02741216875442
0.0008078,0.0,0.0,-32.24446722739344,-32.24446722739346,55.98260816062267
0.000808,0.0,0.0,-30.34473034971334,-30.344730349713352,55.93783998136587
0.0008081999999999999,0.0,0.0,-28.42578095060304,-28.425780950603052,55.893107602332385
0.0008083999999999999,0.0,0.0,-26.50300739561259,-26.5030073956126,55.84841099489349
0.0008085999999999999,0.0,0.0,-24.591828848115576,-24.59182884811558,55.803750130443355
0.0008087999999999999,0.0,0.0,-22.70757016519217,-22.70757016519218,55.759124980399015
0.0008089999999999999,0.0,0.0,-20.865337561710696,-20.865337561710703,55.71453551620037
0.0008091999999999999,0.0,0.0,-19.079896051387347,-19.079896051387355,55.669981709310164
0.0008093999999999999,0.0,0.0,-17.36554965916187,-17.36554965916188,55.62546353121395
0.0008096,0.0,0.0,-15.736025376717516,-15.73602537671752,55.580980953420095
0.0008098,0.0,0.0,-14.204361802580094,-14.204361802580099,55.536533947459745
0.00081,0.0,0.0,-12.782803370199726,-12.78280337019973,55.492122484886806
0.0008102,0.0,0.0,0.0,0.0,55.447746537277936
0.0008104,287.35341178419105,287.35341178419105,0.0,0.0,55.4321299278703
0.0008106,570.2089297149541,570.2089297149541,0.0,0.0,55.47352390048887
0.0008108,824.7721619408271,824.7721619408271,0.0,0.0,55.56860515803105
0.000811,1029.270884918788,1029.270884918788,0.0,0.0,55.70949822136525
0.0008112,1165.5068156492978,1165.5068156492978,0.0,0.0,55.88433845675082
0.0008114,1220.1523417702615,1220.1523417702615,0.0,0.0,56.07811938935433
0.0008116,1185.699857115057,1185.699857115057,0.0,0.0,56.27376385594474
0.0008118,1060.9961277318637,1060.9961277318637,0.0,0.0,56.453342611842324
0.000812,851.3237008151257,851.3237008151257,0.0,0.0,56.59935351624579
0.0008122,568.0236569225553,568.0236569225553,0.0,0.0,56.695970122564034
0.0008124,227.68669267982244,227.68669267982244,0.0,0.0,56.730170701194766
0.0008125999999999999,0.0,0.0,-28.34633363151041,-28.346333631510422,56.69266726302085
0.0008127999999999999,0.0,0.0,-24.881817115005184,-24.88181711500519,56.6473312636102
0.0008129999999999999,0.0,0.0,-25.769691727616788,-25.769691727616795,56.602031518497355
0.0008131999999999999,0.0,0.0,-26.678100166346752,-26.678100166346766,56.55676799869048
0.0008133999999999999,0.0,0.0,-27.599487930592716,-27.59948793059273,56.511540675220914
0.0008135999999999999,0.0,0.0,-28.526195542835552,-28.52619554283556,56.466349519143165
0.0008137999999999999,0.0,0.0,-29.450520696182963,-29.450520696182977,56.42119450153489
0.0008139999999999999,0.0,0.0,-30.364780747896297,-30.36478074789631,56.37607559349688
0.0008142,0.0,0.0,-31.261375051851367,-31.26137505185138,56.33099276615302
0.0008144,0.0,0.0,-32.13284662420335,-32.13284662420337,56.2859459906503
0.0008146,0.0,0.0,-32.97194264194807,-32.97194264194808,56.24093523815877
0.0008148,0.0,0.0,-33.771673283553646,-33.77167328355365,56.19596047987156
0.000815,0.0,0.0,-34.525368434299715,-34.52536843429973,56.15102168700481
0.0008152,0.0,0.0,-64.20234155239562,-64.20234155239565,56.10611883079768
0.0008154,0.0,0.0,-64.72724975822977,-64.7272497582298,56.06125188251236
0.0008156,0.0,0.0,-64.95442483498252,-64.95442483498255,56.01642081343398
0.0008158,0.0,0.0,-64.88184896440221,-64.88184896440224,55.97162559487066
0.000816,0.0,0.0,-64.50993654956848,-64.50993654956851,55.92686619815345
0.0008162,0.0,0.0,-63.841530793318675,-63.841530793318704,55.88214259463633
0.0008164,0.0,0.0,-62.88188057071142,-62.88188057071144,55.83745475569619
0.0008166,0.0,0.0,-61.63859778365192,-61.638597783651946,55.79280265273282
0.0008168,0.0,0.0,-60.121595544157294,-60.12159554415732,55.748186257168854
0.0008169999999999999,0.0,0.0,-58.3430076882777,-58.34300768827773,55.70360554044981
0.0008171999999999999,0.0,0.0,-56.31709027415121,-56.317090274151234,55.65906047404401
0.0008173999999999999,0.0,0.0,-54.060105863825285,-54.06010586382531,55.614551029442616
0.0008175999999999999,0.0,0.0,-51.590191528142654,-51.590191528142675,55.57007717815957
0.0008177999999999999,0.0,0.0,-48.92721164602884,-48.92721164602886,55.52563889173162
0.0008179999999999999,0.0,0.0,-46.092596692863175,-46.0925966928632,55.481236141718234
0.0008181999999999999,0.0,0.0,-43.10916932626372,-43.10916932626374,55.436868899701665
0.0008183999999999999,0.0,0.0,-40.000959180646504,-40.00095918064652,55.392537137286865
0.0008186,0.0,0.0,-36.79300787349692,-36.79300787349693,55.34824082610151
0.0008188,0.0,0.0,-33.51116580567135,-33.511165805671354,55.30397993779595
0.000819,0.0,0.0,-30.181882404587846,-30.181882404587856,55.25975444404322
0.0008192,0.0,0.0,-26.831991512325615,-26.831991512325626,55.21556431653898
0.0008194,0.0,0.0,-23.48849366000317,-23.48849366000318,55.171409527001565
0.0008196,0.0,0.0,-20.17833699502605,-20.178336995026054,55.1272900471719
0.0008198,0.0,0.0,-16.92819863868179,-16.928198638681796,55.0832058488135
0.00082,0.0,0.0,-13.764268248024944,-13.764268248024951,55.03915690371249
0.0008202,0.0,0.0,0.0,0.0,54.995143183677534
0.0008204,313.58024085686395,313.58024085686395,0.0,0.0,54.982510146431174
0.0008206,648.7203170869373,648.7203170869373,0.0,0.0,55.03473330484505
0.0008208,977.913849615544,977.913849615544,0.0,0.0,55.153321499593524
0.000821,1274.0799356805383,1274.0799356805383,0.0,0.0,55.33432581919562
0.0008212,1512.4935976684721,1512.4935976684721,0.0,0.0,55.56862199340548
0.0008214,1672.5479056746349,1672.5479056746349,0.0,0.0,55.84256167027432
0.0008215999999999999,1739.2222363067508,1739.2222363067508,0.0,0.0,56.138946081371806
0.0008217999999999999,1704.1521003180235,1704.1521003180235,0.0,0.0,56.438252635547514
0.0008219999999999999,1566.2243888536468,1566.2243888536468,0.0,0.0,56.72002697262141
0.0008221999999999999,1331.6557256361752,1331.6557256361752,0.0,0.0,56.96434123678663
0.0008223999999999999,1013.5484576926106,1013.5484576926106,0.0,0.0,57.153214632771686
0.0008225999999999999,630.9560438340322,630.9560438340322,0.0,0.0,57.27189503905562
0.0008227999999999999,207.52455504779533,207.52455504779533,0.0,0.0,57.309910376777474
0.000823,0.0,0.0,-28.63090743078082,-28.63090743078083,57.26181486156167
0.0008232,0.0,0.0,-26.22576643047993,-26.225766430479936,57.21602372612659
0.0008234,0.0,0.0,-25.44693063320593,-25.446930633205938,57.17026920895256
0.0008236,0.0,0.0,-24.693593322117557,-24.693593322117565,57.12455128075668
0.0008238,0.0,0.0,-23.971680592258487,-23.971680592258494,57.07886991227946
0.000824,0.0,0.0,-23.28686357967998,-23.286863579679988,57.03322507428483
0.0008242,0.0,0.0,-22.644512454813807,-22.644512454813814,56.98761673756009
0.0008244,0.0,0.0,-22.049652858847097,-22.049652858847104,56.94204487291589
0.0008246,0.0,0.0,-21.506925136492832,-21.50692513649284,56.896509451186255
0.0008248,0.0,0.0,-21.020546695852275,-21.020546695852275,56.85101044322849
0.000825,0.0,0.0,-20.594277800686378,-20.594277800686378,56.80554781992323
0.0008252,0.0,0.0,-49.20700082865418,-49.2070008286542,56.76012155217439
0.0008254,0.0,0.0,-48.792002744182284,-48.7920027441823,56.714731610909155
0.0008256,0.0,0.0,-48.21123610376752,-48.21123610376754,56.669377967077956
0.0008258,0.0,0.0,-47.469232985233255,-47.46923298523327,56.62406059165446
0.0008259999999999999,0.0,0.0,-46.57183369403069,-46.57183369403071,56.57877945563555
0.0008261999999999999,0.0,0.0,-45.52613934600961,-45.52613934600962,56.53353453004127
0.0008263999999999999,0.0,0.0,-44.34045422176885,-44.340454221768866,56.48832578591489
0.0008265999999999999,0.0,0.0,-43.02421836054303,-43.02421836054305,56.44315319432279
0.0008267999999999999,0.0,0.0,-41.58793094076194,-41.587930940761964,56.39801672635452
0.0008269999999999999,0.0,0.0,-40.0430650691582,-40.04306506915822,56.35291635312273
0.0008271999999999999,0.0,0.0,-38.401974669989954,-38.40197466998997,56.30785204576318
0.0008273999999999999,0.0,0.0,-36.67779423002461,-36.677794230024624,56.2628237754347
0.0008276,0.0,0.0,-34.88433221287552,-34.884332212875535,56.2178315133192
0.0008278,0.0,0.0,-33.03595900762775,-33.03595900762777,56.17287523062162
0.000828,0.0,0.0,-31.14749032101377,-31.147490321013784,56.127954898569946
0.0008282,0.0,0.0,-29.2340669593465,-29.234066959346514,56.08307048841515
0.0008284,0.0,0.0,-27.311031975686028,-27.31103197568604,56.03822197143121
0.0008286,0.0,0.0,-25.393806179069372,-25.39380617906938,55.99340931891507
0.0008288,0.0,0.0,-23.497763015898098,-23.4977630158981,55.948632502186626
0.000829,0.0,0.0,-21.63810383864775,-21.638103838647762,55.90389149258871
0.0008292,0.0,0.0,-19.82973457389609,-19.829734573896097,55.85918626148708
0.0008294,0.0,0.0,-18.087144790288804,-18.087144790288807,55.81451678027038
0.0008296,0.0,0.0,-16.42429014756548,-16.424290147565486,55.76988302035013
0.0008298,0.0,0.0,-14.854479180312287,-14.854479180312293,55.725284953160724
0.00083,0.0,0.0,-13.390265334914869,-13.39026533491487,55.680722550159395
0.0008302,0.0,0.0,0.0,0.0,55.6361957828262
0.0008303999999999999,278.8156452384484,278.8156452384484,0.0,0.0,55.619575039021306
0.0008305999999999999,554.509577089076,554.509577089076,0.0,0.0,55.658396372689374
0.0008307999999999999,803.7866976127088,803.7866976127088,0.0,0.0,55.74966277649988
0.0008309999999999999,1005.2401830196359,1005.2401830196359,0.0,0.0,55.885911234958535
0.0008311999999999999,1140.8772484138885,1140.8772484138885,0.0,0.0,56.055746315081876
0.0008313999999999999,1197.4012714465825,1197.4012714465825,0.0,0.0,56.244654006939115
0.0008315999999999999,1167.1589608240738,1167.1589608240738,0.0,0.0,56.436037753462024
0.0008317999999999999,1048.6851462987518,1048.6851462987518,0.0,0.0,56.61240278795774
0.000832,846.8064569077931,846.8064569077931,0.0,0.0,56.756604345425046
0.0008322,572.2965981739641,572.2965981739641,0.0,0.0,56.853070780882696
0.0008324,241.10789531243205,241.10789531243205,0.0,0.0,56.888914436144525
0.0008326,0.0,0.0,-28.42742555776548,-28.427425557765492,56.85485111553099
0.0008328,0.0,0.0,-24.415466170095577,-24.415466170095584,56.80938542091641
0.000833,0.0,0.0,-25.36734377900045,-25.367343779000457,56.76395608431432
0.0008332,0.0,0.0,-26.343675039863783,-26.34367503986379,56.718563076649936
0.0008334,0.0,0.0,-27.336353740091965,-27.336353740091972,56.673206368871725
0.0008336,0.0,0.0,-28.337141376860494,-28.3371413768605,56.6278859319514
0.0008338,0.0,0.0,-29.337734003238957,-29.337734003238964,56.58260173688386
0.000834,0.0,0.0,-30.329829603669346,-30.329829603669353,56.53735375468723
0.0008342,0.0,0.0,-31.30519545213425,-31.305195452134257,56.4921419564028
0.0008344,0.0,0.0,-32.25573490650557,-32.25573490650559,56.446966313095
0.0008346,0.0,0.0,-33.173553097152045,-33.17355309715206,56.40182679585142
0.0008347999999999999,0.0,0.0,-34.05102097686846,-34.05102097686847,56.356723375782764
0.0008349999999999999,0.0,0.0,-34.88083721249803,-34.880837212498044,56.31165602402284
0.0008351999999999999,0.0,0.0,-64.63169717224076,-64.63169717224079,56.26662471172854
0.0008353999999999999,0.0,0.0,-65.22765802945095,-65.22765802945098,56.221629410079814
0.0008355999999999999,0.0,0.0,-65.52247463047334,-65.52247463047337,56.17667009027967
0.0008357999999999999,0.0,0.0,-65.51357991083086,-65.51357991083088,56.13174672355414
0.0008359999999999999,0.0,0.0,-65.20087117361813,-65.20087117361815,56.08685928115225
0.0008361999999999999,0.0,0.0,-64.58671086263155,-64.58671086263158,56.04200773434605
0.0008364,0.0,0.0,-63.675907334582234,-63.67590733458226,55.99719205443054
0.0008366,0.0,0.0,-62.47567578688354,-62.47567578688357,55.95241221272368
0.0008368,0.0,0.0,-60.995579658508,-60.99557965850802,55.90766818056636
0.000837,0.0,0.0,-59.24745297983273,-59.24745297983275,55.86295992932241
0.0008372,0.0,0.0,-57.24530430195091,-57.24530430195093,55.818287430378525
0.0008374,0.0,0.0,-55.00520298536631,-55.00520298536633,55.773650655144316
0.0008376,0.0,0.0,-52.545148771096066,-52.54514877109609,55.72904957505224
0.0008378,0.0,0.0,-49.8849256928223,-49.88492569282232,55.68448416155759
0.000838,0.0,0.0,-47.045941515756276,-47.04594151575629,55.63995438613851
0.0008382,0.0,0.0,-44.051054005278814,-44.051054005278836,55.59546022029594
0.0008384,0.0,0.0,-40.9243854352454,-40.92438543524541,55.5510016355536
0.0008386,0.0,0.0,-37.69112684122756,-37.69112684122757,55.50657860345799
0.0008388,0.0,0.0,-34.37733360712979,-34.377333607129806,55.462191095578376
0.000839,0.0,0.0,-31.00971404389923,-31.009714043899237,55.41783908350674
0.0008392,0.0,0.0,-27.61541267586344,-27.615412675863446,55.37352253885779
0.0008393999999999999,0.0,0.0,-24.221789993129736,-24.221789993129747,55.32924143326894
0.0008395999999999999,0.0,0.0,-20.85620045710892,-20.856200457108926,55.28499573840027
0.0008397999999999999,0.0,0.0,-17.545770560356384,-17.54577056035639,55.24078542593453
0.0008399999999999999,0.0,0.0,-14.317178741438802,-14.317178741438807,55.19661046757712
0.0008401999999999999,0.0,0.0,0.0,0.0,55.15247083505607
0.0008403999999999999,306.4273984488575,306.4273984488575,0.0,0.0,55.13899698777183
0.0008405999999999999,636.0355893981042,636.0355893981042,0.0,0.0,55.189112042944245
0.0008408,961.7029972987377,961.7029972987377,0.0,0.0,55.30468838144417
0.000841,1256.5903058195804,1256.5903058195804,0.0,0.0,55.48220295522134
0.0008412,1496.0537244320585,1496.0537244320585,0.0,0.0,55.712989281351874
0.0008414,1659.4013632614158,1659.4013632614158,0.0,0.0,55.98385605198789
0.0008416,1731.3675857518056,1731.3675857518056,0.0,0.0,56.27802819319115
0.0008418,1703.200334793605,1703.200334793605,0.0,0.0,56.57634323667374
0.000842,1573.2840325224959,1573.2840325224959,0.0,0.0,56.85861768903507
0.0008422,1347.2537681361118,1347.2537681361118,0.0,0.0,57.10508598763027
0.0008424,1037.592750711055,1037.592750711055,0.0,0.0,57.297809481327405
0.0008426,662.7418302245842,662.7418302245842,0.0,0.0,57.421955033615
0.0008428,245.78465529391502,245.78465529391502,0.0,0.0,57.46685215928969
0.000843,0.0,0.0,-28.71337670447106,-28.71337670447107,57.42675340894215
0.0008432,0.0,0.0,-26.1215309622417,-26.121530962241707,57.380830375428395
0.0008434,0.0,0.0,-25.47202659773518,-25.472026597735187,57.33494406565196
0.0008436,0.0,0.0,-24.84848205064911,-24.848482050649125,57.2890944502456
0.0008437999999999999,0.0,0.0,-24.25576979804577,-24.255769798045776,57.24328149986555
0.0008439999999999999,0.0,0.0,-23.698512189581272,-23.69851218958128,57.19750518519153
0.0008441999999999999,0.0,0.0,-23.181043950080138,-23.181043950080145,57.151765476926684
0.0008443999999999999,0.0,0.0,-22.70737701666424,-22.707377016664246,57.106062345797596
0.0008445999999999999,0.0,0.0,-22.281167995672995,-22.281167995673,57.06039576255426
0.0008447999999999999,0.0,0.0,-21.905688503349154,-21.90568850334916,57.01476569797005
0.0008449999999999999,0.0,0.0,-21.583798630860386,-21.583798630860386,56.96917212284172
0.0008451999999999999,0.0,0.0,-50.293533504969616,-50.29353350496964,56.92361500798938
0.0008454,0.0,0.0,-49.96739263377905,-49.96739263377907,56.87809432425648
0.0008456,0.0,0.0,-49.46660729959727,-49.466607299597285,56.83261004250977
0.0008458,0.0,0.0,-48.79506033863622,-48.79506033863624,56.787162133639306
0.000846,0.0,0.0,-47.958020113175294,-47.958020113175316,56.74175056855842
0.0008462,0.0,0.0,-46.96209773290627,-46.962097732906294,56.696375318203714
0.0008464,0.0,0.0,-45.81519338294987,-45.815193382949886,56.65103635353502
0.0008466,0.0,0.0,-44.52643219427624,-44.52643219427626,56.60573364553539
0.0008468,0.0,0.0,-43.106090177098764,-43.10609017709878,56.56046716521109
0.000847,0.0,0.0,-41.56551081842175,-41.565510818421764,56.51523688359156
0.0008472,0.0,0.0,-39.917013020654366,-39.91701302065438,56.47004277172943
0.0008474,0.0,0.0,-38.17379112844095,-38.17379112844097,56.42488480070046
0.0008476,0.0,0.0,-36.34980785503157,-36.349807855031585,56.37976294160354
0.0008478,0.0,0.0,-34.45968097710679,-34.45968097710681,56.33467716556067
0.000848,0.0,0.0,-32.51856471750883,-32.518564717508845,56.28962744371696
0.0008481999999999999,0.0,0.0,-30.542026778408598,-30.542026778408605,56.24461374724058
0.0008483999999999999,0.0,0.0,-28.545922022704936,-28.545922022704943,56.19963604732275
0.0008485999999999999,0.0,0.0,-26.54626382862243,-26.546263828622436,56.15469431517775
0.0008487999999999999,0.0,0.0,-24.559094161327856,-24.559094161327867,56.10978852204286
0.0008489999999999999,0.0,0.0,-22.600353415769344,-22.600353415769348,56.06491863917837
0.0008491999999999999,0.0,0.0,-20.685751086772804,-20.685751086772814,56.020084637867555
0.0008493999999999999,0.0,0.0,-18.83063831569262,-18.830638315692624,55.97528648941664
0.0008495999999999999,0.0,0.0,-17.049883347662504,-17.04988334766251,55.93052416515481
0.0008498,0.0,0.0,-15.357750909852358,-15.35775090985236,55.88579763643417
0.00085,0.0,0.0,-13.767786489298969,-13.76778648929897,55.841106874629745
0.0008502,0.0,0.0,0.0,0.0,55.79645185113944
0.0008504,275.8716645893158,275.8716645893158,0.0,0.0,55.77940867338856
0.0008506,550.8769206641637,550.8769206641637,0.0,0.0,55.81744479052834
0.0008508,801.7590788009529,801.7590788009529,0.0,0.0,55.908018205276534
0.000851,1006.9858953899459,1006.9858953899459,0.0,0.0,56.04411185067325
0.0008512,1148.2843143326465,1148.2843143326465,0.0,0.0,56.21473533277213
0.0008514,1211.9426009630013,1211.9426009630013,0.0,0.0,56.405709846230096
0.0008516,1189.7871256489907,1189.7871256489907,0.0,0.0,56.60068026284767
0.0008518,1079.764261060104,1079.764261060104,0.0,0.0,56.78228221652682
0.000852,886.0860137791419,886.0860137791419,0.0,0.0,56.93338097873265
0.0008522,618.9291101308895,618.9291101308895,0.0,0.0,57.03829382120368
0.0008524,293.7090808912839,293.7090808912839,0.0,0.0,57.083908759273704
0.0008525999999999999,0.0,0.0,-28.53030998652569,-28.5303099865257,57.06061997305141
0.0008527999999999999,0.0,0.0,-24.350865832263473,-24.35086583226348,57.014989729170516
0.0008529999999999999,0.0,0.0,-25.43322065702207,-25.433220657022076,56.96939597488889
0.0008531999999999999,0.0,0.0,-26.54032494751536,-26.540324947515366,56.923838681026524
0.0008533999999999999,0.0,0.0,-27.66301079156431,-27.663010791564318,56.878317818426744
0.0008535999999999999,0.0,0.0,-28.791984227142272,-28.79198422714228,56.83283335795619
0.0008537999999999999,0.0,0.0,-29.91790065180698,-29.91790065180699,56.78738527050481
0.0008539999999999999,0.0,0.0,-31.031440641167706,-31.03144064116772,56.74197352698581
0.0008542,0.0,0.0,-32.12338556122519,-32.123385561225206,56.69659809833568
0.0008544,0.0,0.0,-33.18469236110922,-33.184692361109235,56.65125895551414
0.0008546,0.0,0.0,-34.20656693940355,-34.206566939403565,56.60595606950413
0.0008548,0.0,0.0,-35.18053548883592,-35.180535488835936,56.560689411311806
0.000855,0.0,0.0,-36.098513240527744,-36.09851324052775,56.515458951966494
0.0008552,0.0,0.0,-65.92847980620846,-65.92847980620849,56.4702646625207
0.0008554,0.0,0.0,-66.59385008764934,-66.59385008764937,56.42510651405007
0.0008556,0.0,0.0,-66.9478153537756,-66.94781535377562,56.37998447765339
0.0008558,0.0,0.0,-66.98732822751883,-66.98732822751886,56.33489852445254
0.000856,0.0,0.0,-66.71189285919564,-66.71189285919567,56.28984862559252
0.0008562,0.0,0.0,-66.12356888735738,-66.12356888735741,56.24483475224138
0.0008564,0.0,0.0,-65.22695466561143,-65.22695466561146,56.19985687559025
0.0008566,0.0,0.0,-64.02914989200787,-64.02914989200788,56.15491496685327
0.0008568,0.0,0.0,-62.539697944698744,-62.53969794469877,56.11000899726762
0.000857,0.0,0.0,-60.77050839222349,-60.77050839222351,56.065138938093476
0.0008571999999999999,0.0,0.0,-58.735760307614626,-58.73576030761465,56.02030476061399
0.0008573999999999999,0.0,0.0,-56.45178717125179,-56.45178717125181,55.97550643613529
0.0008575999999999999,0.0,0.0,-53.936944296751335,-53.936944296751356,55.93074393598644
0.0008577999999999999,0.0,0.0,-51.211459855956406,-51.21145985595643,55.88601723151944
0.0008579999999999999,0.0,0.0,-48.29727071213366,-48.29727071213368,55.84132629410919
0.0008581999999999999,0.0,0.0,-45.21784439371272,-45.21784439371274,55.79667109515348
0.0008583999999999999,0.0,0.0,-41.99798865332015,-41.997988653320164,55.75205160607299
0.0008585999999999999,0.0,0.0,-38.663650157551224,-38.66365015755124,55.707467798311235
0.0008588,0.0,0.0,-35.24170394107303,-35.24170394107304,55.662919643334575
0.000859,0.0,0.0,-31.75973533354589,-31.759735333545905,55.618407112632184
0.0008592,0.0,0.0,-28.245816128880556,-28.24581612888057,55.57393017771604
0.0008594,0.0,0.0,-24.728276813019992,-24.728276813020003,55.52948881012091
0.0008596,0.0,0.0,-21.235476698369794,-21.2354766983698,55.4850829814043
0.0008598,0.0,0.0,-17.79557382994045,-17.795573829940455,55.44071266314648
0.00086,0.0,0.0,-14.436296530071557,-14.436296530071562,55.396377826950435
0.0008602,0.0,0.0,0.0,0.0,55.35207844444188
0.0008604,307.650395651042,307.650395651042,0.0,0.0,55.33856722573891
0.0008606,640.4604136458071,640.4604136458071,0.0,0.0,55.38908724488035
0.0008608,971.0663954237455,971.0663954237455,0.0,0.0,55.50588193811411
0.000861,1272.2628672245282,1272.2628672245282,0.0,0.0,55.68573821631716
0.0008612,1518.9419311123058,1518.9419311123058,0.0,0.0,55.92021631433859
0.0008614,1689.8827387187955,1689.8827387187955,0.0,0.0,56.1962521939184
0.0008615999999999999,1769.2635569343258,1769.2635569343258,0.0,0.0,56.49708948681142
0.0008617999999999999,1747.7887325883316,1747.7887325883316,0.0,0.0,56.80347449017289
0.0008619999999999999,1623.3503311072814,1623.3503311072814,0.0,0.0,57.095028995148326
0.0008621999999999999,1401.1774030258807,1401.1774030258807,0.0,0.0,57.35170307573329
0.0008623999999999999,1093.4623563225525,1093.4623563225525,0.0,0.0,57.55520428872235
0.0008625999999999999,718.4911782596462,718.4911782596462,0.0,0.0,57.690301439889126
0.0008627999999999999,299.33960187561655,299.33960187561655,0.0,0.0,57.74591003331337
0.0008629999999999999,0.0,0.0,-28.857941049856723,-28.857941049856734,57.715882099713475
0.0008632,0.0,0.0,-26.531070125975084,-26.53107012597509,57.669727855731296
0.0008634,0.0,0.0,-25.977771468161393,-25.9777714681614,57.62361052038085
0.0008636,0.0,0.0,-25.447498065336255,-25.447498065336262,57.57753006414704
0.0008638,0.0,0.0,-24.944364774818453,-24.94436477481846,57.531486457538364
0.000864,0.0,0.0,-24.472266302199138,-24.472266302199145,57.485479671086914
0.0008642,0.0,0.0,-24.034845606920122,-24.03484560692013,57.43950967534834
0.0008644,0.0,0.0,-23.635464351161446,-23.635464351161453,57.39357644090184
0.0008646,0.0,0.0,-23.277175631751376,-23.277175631751383,57.34767993835014
0.0008648,0.0,0.0,-22.962699216282545,-22.96269921628255,57.30182013831947
0.000865,0.0,0.0,-22.694399484294856,-22.694399484294863,57.255997011459556
0.0008652,0.0,0.0,-51.449876008530936,-51.44987600853096,57.210210528443596
0.0008654,0.0,0.0,-51.161256433079075,-51.161256433079096,57.16446065996823
0.0008656,0.0,0.0,-50.68946688180506,-50.68946688180508,57.11874737675354
0.0008658,0.0,0.0,-50.03815421232539,-50.03815421232541,57.07307064954302
0.0008659999999999999,0.0,0.0,-49.21242190109714,-49.21242190109716,57.02743044910356
0.0008661999999999999,0.0,0.0,-48.21878860083165,-48.218788600831665,56.98182674622543
0.0008663999999999999,0.0,0.0,-47.06513521689647,-47.06513521689649,56.93625951172225
0.0008665999999999999,0.0,0.0,-45.7606409323802,-45.76064093238022,56.890728716430985
0.0008667999999999999,0.0,0.0,-44.315708701149305,-44.315708701149326,56.84523433121193
0.0008669999999999999,0.0,0.0,-42.74188081366481,-42.74188081366483,56.79977632694866
0.0008671999999999999,0.0,0.0,-41.05174522085637,-41.05174522085638,56.75435467454806
0.0008673999999999999,0.0,0.0,-39.258833376319274,-39.25883337631929,56.708969344940265
0.0008676,0.0,0.0,-37.37751042589721,-37.37751042589723,56.66362030907865
0.0008678,0.0,0.0,-35.42285863578299,-35.422858635782994,56.61830753793984
0.000868,0.0,0.0,-33.41055500510685,-33.410555005106865,56.573031002523656
0.0008682,0.0,0.0,-31.3567440561433,-31.356744056143306,56.527790673853104
0.0008684,0.0,0.0,-29.277906834369205,-29.277906834369215,56.48258652297437
0.0008686,0.0,0.0,-27.190727181332512,-27.19072718133252,56.4374185209568
0.0008688,0.0,0.0,-25.11195636539179,-25.111956365391798,56.392286638892855
0.000869,0.0,0.0,-23.058277168684008,-23.058277168684015,56.34719084789814
0.0008692,0.0,0.0,-21.04616853306293,-21.046168533062936,56.30213111911134
0.0008694,0.0,0.0,-19.091771863188622,-19.09177186318863,56.257107423694215
0.0008696,0.0,0.0,-17.210760071476447,-17.210760071476454,56.2121197328316
0.0008698,0.0,0.0,-15.41821042734152,-15.418210427341526,56.16716801773138
0.00087,0.0,0.0,-13.72848224228259,-13.728482242282592,56.12225224962443
0.0008702,0.0,0.0,0.0,0.0,56.07737239976468
0.0008703999999999999,278.83209181429277,278.83209181429277,0.0,0.0,56.06040049978629
0.0008705999999999999,558.1172396654006,558.1172396654006,0.0,0.0,56.099231580102305
0.0008707999999999999,814.274511407385,814.274511407385,0.0,0.0,56.19155444080122
0.0008709999999999999,1025.3763109799609,1025.3763109799609,0.0,0.0,56.33051069698484
0.0008711999999999999,1172.7113140591841,1172.7113140591841,0.0,0.0,56.505185181137506
0.0008713999999999999,1242.1178479615023,1242.1178479615023,0.0,0.0,56.70138546907949
0.0008715999999999999,1224.9927458674883,1224.9927458674883,0.0,0.0,56.902654912309835
0.0008717999999999999,1118.9038536952237,1118.9038536952237,0.0,0.0,57.09144693152857
0.0008719999999999999,927.7626292781938,927.7626292781938,0.0,0.0,57.250376850313174
0.0008722,661.5446327327465,661.5446327327465,0.0,0.0,57.363462040957764
0.0008724,335.57792856530847,335.57792856530847,0.0,0.0,57.4172620074682
0.0008726,0.0,0.0,-28.700918590711698,-28.70091859071171,57.401837181423424
0.0008728,0.0,0.0,-24.638728457006934,-24.63872845700694,57.355934072921684
0.000873,0.0,0.0,-25.81034879422093,-25.810348794220936,57.310067672223624
0.0008732,0.0,0.0,-27.00503872262219,-27.005038722622203,57.26423794997474
0.0008734,0.0,0.0,-28.21291864033303,-28.212918640333037,57.21844487684401
0.0008736,0.0,0.0,-29.424002317771077,-29.42400231777109,57.17268842352386
0.0008738,0.0,0.0,-30.628277923314783,-30.628277923314798,57.126968560730155
0.000874,0.0,0.0,-31.815789254718702,-31.815789254718716,57.08128525920218
0.0008742,0.0,0.0,-32.976716517203265,-32.97671651720328,57.03563848970262
0.0008744,0.0,0.0,-34.10145599283757,-34.101455992837586,56.99002822301753
0.0008746,0.0,0.0,-35.18069795484545,-35.180697954845456,56.944454429956345
0.0008748,0.0,0.0,-36.20550219472039,-36.2055021947204,56.89891708135182
0.0008749999999999999,0.0,0.0,-37.16737054941886,-37.16737054941888,56.853416148060056
0.0008751999999999999,0.0,0.0,-67.03392559635382,-67.03392559635385,56.80795160096044
0.0008753999999999999,0.0,0.0,-67.72828445825083,-67.72828445825085,56.76252341095567
0.0008755999999999999,0.0,0.0,-68.10340229484497,-68.103402294845,56.7171315489717
0.0008757999999999999,0.0,0.0,-68.15605920390144,-68.15605920390146,56.67177598595773
0.0008759999999999999,0.0,0.0,-67.88565179282718,-67.8856517928272,56.626456692886194
0.0008761999999999999,0.0,0.0,-67.29419801048685,-67.29419801048688,56.58117364075274
0.0008763999999999999,0.0,0.0,-66.38632071066935,-66.38632071066938,56.535926800576206
0.0008766,0.0,0.0,-65.16921008108065,-65.16921008108068,56.490716143398615
0.0008768,0.0,0.0,-63.65256524320921,-63.65256524320924,56.44554164028514
0.000877,0.0,0.0,-61.84851549739996,-61.84851549739999,56.4004032623241
0.0008772,0.0,0.0,-59.7715218526099,-59.77152185260992,56.355300980626915
0.0008774,0.0,0.0,-57.438259640262366,-57.438259640262395,56.31023476632813
0.0008776,0.0,0.0,-54.86748316507229,-54.867483165072315,56.26520459058536
0.0008778,0.0,0.0,-52.079873491433624,-52.079873491433645,56.22021042457929
0.000878,0.0,0.0,-49.097870600763656,-49.09787060076368,56.175252239513654
0.0008782,0.0,0.0,-45.9454912819744,-45.94549128197441,56.1303300066152
0.0008784,0.0,0.0,-42.6481342329624,-42.64813423296241,56.085443697133705
0.0008786,0.0,0.0,-39.232373954735834,-39.232373954735856,56.040593282341916
0.0008788,0.0,0.0,-35.72574511068979,-35.72574511068981,55.995778733535566
0.000879,0.0,0.0,-32.156519100861026,-32.15651910086104,55.951000022033334
0.0008792,0.0,0.0,-28.553474664114688,-28.553474664114695,55.90625711917685
0.0008793999999999999,0.0,0.0,-24.945664369625426,-24.945664369625433,55.861549996330645
0.0008795999999999999,0.0,0.0,-21.362178892322458,-21.362178892322465,55.81687862488216
0.0008797999999999999,0.0,0.0,-17.831910984901644,-17.83191098490165,55.77224297624171
0.0008799999999999999,0.0,0.0,-14.38332106142305,-14.383321061423056,55.727643021842475
0.0008801999999999999,0.0,0.0,0.0,0.0,55.68307873314048
0.0008803999999999999,310.5695211113665,310.5695211113665,0.0,0.0,55.669594615912004
0.0008805999999999999,647.4443620166917,647.4443620166917,0.0,0.0,55.720839830446266
0.0008807999999999999,982.9487874901824,982.9487874901824,0.0,0.0,55.839255107421806
0.000881,1289.5056860799277,1289.5056860799277,0.0,0.0,56.02175615027574
0.0008812,1541.6024630319937,1541.6024630319937,0.0,0.0,56.259954281014416
0.0008814,1717.6093659163696,1717.6093659163696,0.0,0.0,56.5407551801248
0.0008816,1801.3206955638861,1801.3206955638861,0.0,0.0,56.84729296701397
0.0008818,1783.1091322925504,1783.1091322925504,0.0,0.0,57.16013297942104
0.000882,1660.6110029288395,1660.6110029288395,0.0,0.0,57.458657476760706
0.0008822,1438.893759496457,1438.893759496457,0.0,0.0,57.722535475822205
0.0008824,1130.0938508962508,1130.0938508962508,0.0,0.0,57.9331719538896
0.0008826,752.550913283279,752.550913283279,0.0,0.0,58.075033148266684
0.0008828,329.50009317070504,329.50009317070504,0.0,0.0,58.13675353423908
0.000883,0.0,0.0,-29.055972821564627,-29.055972821564637,58.11194564312928
0.0008832,0.0,0.0,-26.91005897605644,-26.910058976056447,58.06547467500203
0.0008834,0.0,0.0,-26.39889744096223,-26.398897440962237,58.019040868784515
0.0008836,0.0,0.0,-25.908947616285438,-25.908947616285452,57.9726441947591
0.0008837999999999999,0.0,0.0,-25.44399595556476,-25.443995955564766,57.9262846232319
0.0008839999999999999,0.0,0.0,-25.007626148310464,-25.00762614831047,57.879962124532796
0.0008841999999999999,0.0,0.0,-24.60319004858495,-24.603190048584956,57.833676669015375
0.0008843999999999999,0.0,0.0,-24.233780485285934,-24.23378048528594,57.78742822705694
0.0008845999999999999,0.0,0.0,-23.902206174690072,-23.90220617469008,57.7412167690585
0.0008847999999999999,0.0,0.0,-23.61096893875255,-23.610968938752556,57.69504226544469
0.0008849999999999999,0.0,0.0,-23.362243413945905,-23.36224341394591,57.64890468666385
0.0008851999999999999,0.0,0.0,-52.13346917130689,-52.13346917130691,57.602804003187906
0.0008853999999999999,0.0,0.0,-51.85664489202724,-51.85664489202726,57.556740185512425
0.0008856,0.0,0.0,-51.39259982146848,-51.3925998214685,57.51071320415656
0.0008858,0.0,0.0,-50.74491680837633,-50.74491680837635,57.46472302966303
0.000886,0.0,0.0,-49.91866870850515,-49.91866870850517,57.41876963259812
0.0008862,0.0,0.0,-48.920377189658915,-48.920377189658936,57.37285298355166
0.0008864,0.0,0.0,-47.757959782810694,-47.757959782810715,57.32697305313698
0.0008866,0.0,0.0,-46.44066560918704,-46.440665609187064,57.28112981199093
0.0008868,0.0,0.0,-44.979000305070734,-44.97900030507075,57.23532323077382
0.000887,0.0,0.0,-43.38464075370663,-43.38464075370664,57.18955328016944
0.0008872,0.0,0.0,-41.67034031638089,-41.6703403163809,57.143819930885016
0.0008874,0.0,0.0,-39.84982533181148,-39.849825331811495,57.0981231536512
0.0008876,0.0,0.0,-37.93768372381394,-37.937683723813954,57.05246291922205
0.0008878,0.0,0.0,-35.94924662121513,-35.949246621215146,57.00683919837501
0.000888,0.0,0.0,-33.900463950661035,-33.90046395066105,56.9612519619109
0.0008882,0.0,0.0,-31.807775011841898,-31.807775011841905,56.91570118065387
0.0008883999999999999,0.0,0.0,-29.6879750853436,-29.68797508534361,56.87018682545143
0.0008885999999999999,0.0,0.0,-27.558079155498106,-27.558079155498117,56.82470886717437
0.0008887999999999999,0.0,0.0,-25.4351838539865,-25.435183853986512,56.779267276716816
0.0008889999999999999,0.0,0.0,-23.336328744357385,-23.336328744357395,56.73386202499613
0.0008891999999999999,0.0,0.0,-21.278358072943625,-21.278358072943632,56.688493082952945
0.0008893999999999999,0.0,0.0,-19.27778410784881,-19.277784107848817,56.643160421551144
0.0008895999999999999,0.0,0.0,-17.350653174762716,-17.350653174762723,56.59786401177781
0.0008897999999999999,0.0,0.0,-15.512415476457477,-15.51241547645748,56.55260382464324
0.00089,0.0,0.0,-13.77779975209069,-13.777799752090692,56.50737983118091
0.0008902,0.0,0.0,0.0,0.0,56.46219200244746
0.0008904,279.0794512623728,279.0794512623728,0.0,0.0,56.44493709593435
0.0008906,559.2545591582648,559.2545591582648,0.0,0.0,56.48359908250504
0.0008908,816.8558018483536,816.8558018483536,0.0,0.0,56.575986284458914
0.000891,1029.8274370067109,1029.8274370067109,0.0,0.0,56.715338078599196
0.0008912,1179.299583180975,1179.299583180975,0.0,0.0,56.89080832205771
0.0008914,1250.9329105481768,1250.9329105481768,0.0,0.0,57.08823995212096
0.0008916,1235.9401645917624,1235.9401645917624,0.0,0.0,57.29117549345672
0.0008918,1131.7117978517135,1131.7117978517135,0.0,0.0,57.48203140694091
0.000892,942.0012139727896,942.0012139727896,0.0,0.0,57.64335255453877
0.0008922,676.6565219237317,676.6565219237317,0.0,0.0,57.759057364160945
0.0008924,350.9180185446805,350.9180185446805,0.0,0.0,57.81558496127761
0.0008926,0.0,0.0,-28.9014312701173,-28.90143127011731,57.80286254023463
0.0008927999999999999,0.0,0.0,-24.73025705884082,-24.730257058840827,57.756638739722646
0.0008929999999999999,0.0,0.0,-25.944517093981382,-25.94451709398139,57.71045190346537
0.0008931999999999999,0.0,0.0,-27.182381490331984,-27.182381490332,57.66430200190322
0.0008933999999999999,0.0,0.0,-28.43361903833342,-28.433619038333426,57.61818900550026
0.0008935999999999999,0.0,0.0,-29.687890424232748,-29.687890424232755,57.572112884744165
0.0008937999999999999,0.0,0.0,-30.934832120529357,-30.93483212052937,57.526073610146206
0.0008939999999999999,0.0,0.0,-32.16414047083717,-32.16414047083718,57.48007115224125
0.0008941999999999999,0.0,0.0,-33.365655286936516,-33.36565528693653,57.43410548158772
0.0008944,0.0,0.0,-34.529442279763565,-34.52944227976357,57.38817656876758
0.0008946,0.0,0.0,-35.64587365556254,-35.64587365556255,57.34228438438631
0.0008948,0.0,0.0,-36.70570622332923,-36.705706223329244,57.29642889907293
0.000895,0.0,0.0,-37.70015637988222,-37.70015637988224,57.250610083479906
0.0008952,0.0,0.0,-67.59658112034475,-67.59658112034478,57.2048279082832
0.0008954,0.0,0.0,-68.31785399731625,-68.31785399731628,57.15908234418221
0.0008956,0.0,0.0,-68.7167105882369,-68.71671058823692,57.113373361899775
0.0008958,0.0,0.0,-68.78973717740249,-68.78973717740251,57.06770093218214
0.000896,0.0,0.0,-68.53616389945209,-68.53616389945212,57.022065025798945
0.0008962,0.0,0.0,-67.95787092119295,-67.95787092119298,56.976465613543205
0.0008964,0.0,0.0,-67.05937312226149,-67.05937312226152,56.93090266623129
0.0008966,0.0,0.0,-65.84778339943716,-65.84778339943719,56.88537615470292
0.0008968,0.0,0.0,-64.33275489285941,-64.33275489285944,56.839886049821104
0.000897,0.0,0.0,-62.52640260340811,-62.52640260340814,56.79443232247218
0.0008971999999999999,0.0,0.0,-60.443205037705695,-60.443205037705724,56.74901494356577
0.0008973999999999999,0.0,0.0,-58.099886679229584,-58.09988667922961,56.70363388403473
0.0008975999999999999,0.0,0.0,-55.515282239571256,-55.515282239571285,56.65828911483518
0.0008977999999999999,0.0,0.0,-52.7101837916817,-52.71018379168172,56.612980606946465
0.0008979999999999999,0.0,0.0,-49.707172025802976,-49.707172025803,56.567708331371136
0.0008981999999999999,0.0,0.0,-46.53043299757608,-46.53043299757609,56.522472259134936
0.0008983999999999999,0.0,0.0,-43.20556185549061,-43.20556185549063,56.477272361286765
0.0008985999999999999,0.0,0.0,-39.75935514044919,-39.7593551404492,56.43210860889869
0.0008988,0.0,0.0,-36.21959334290025,-36.21959334290026,56.3869809730659
0.000899,0.0,0.0,-32.61481548199728,-32.6148154819973,56.34188942490671
0.0008992,0.0,0.0,-28.974087535928916,-28.974087535928923,56.296833935562525
0.0008994,0.0,0.0,-25.326766602407766,-25.326766602407773,56.25181447619782
0.0008996,0.0,0.0,-21.702262702904232,-21.70226270290424,56.206831018000145
0.0008998,0.0,0.0,-18.12980016328156,-18.129800163281562,56.16188353218007
0.0009,0.0,0.0,-14.638180506878943,-14.638180506878944,56.116971989971205
0.0009002,0.0,0.0,0.0,0.0,56.07209636263016
0.0009004,307.5470773998368,307.5470773998368,0.0,0.0,56.057999032212216
0.0009006,642.285891732349,642.285891732349,0.0,0.0,56.108115883159286
0.0009008,976.668026062624,976.668026062624,0.0,0.0,56.22507799738656
0.000901,1283.1713182669084,1283.1713182669084,0.0,0.0,56.40600949682183
0.0009012,1536.2618589404824,1536.2618589404824,0.0,0.0,56.64273331741688
0.0009014,1714.2138577461492,1714.2138577461492,0.0,0.0,56.92235485381705
0.0009015999999999999,1800.6577197902166,1800.6577197902166,0.0,0.0,57.22818179691039
0.0009017999999999999,1785.746071548501,1785.746071548501,0.0,0.0,57.540914537510496
0.0009019999999999999,1666.8547269954306,1666.8547269954306,0.0,0.0,57.84002224265282
0.0009021999999999999,1448.768745131888,1448.768745131888,0.0,0.0,58.10520649836915
0.0009023999999999999,1143.3404355906198,1143.3404355906198,0.0,0.0,58.31784819456423
0.0009025999999999999,768.643802857468,768.643802857468,0.0,0.0,58.462334545313084
0.0009027999999999999,347.68579974767664,347.68579974767664,0.0,0.0,58.527171703074245
0.0009029999999999999,0.0,0.0,-29.252901862967068,-29.25290186296708,58.505803725934165
0.0009031999999999999,0.0,0.0,-26.93303566048708,-26.933035660487093,58.45901779732486
0.0009034,0.0,0.0,-26.487281653470347,-26.487281653470355,58.412269282492936
0.0009036,0.0,0.0,-26.06361600996506,-26.063616009965067,58.36555815151933
0.0009038,0.0,0.0,-25.66528609026051,-25.665286090260516,58.31888437450892
0.000904,0.0,0.0,-25.295333765970604,-25.29533376597061,58.27224792159048
0.0009042,0.0,0.0,-24.956570744714853,-24.95657074471486,58.22564876291667
0.0009044,0.0,0.0,-24.651555762833652,-24.651555762833667,58.17908686866404
0.0009046,0.0,0.0,-24.382573831139112,-24.382573831139126,58.132562209032955
0.0009048,0.0,0.0,-24.15161770204096,-24.151617702040966,58.08607475424764
0.000905,0.0,0.0,-23.960371708359602,-23.96037170835961,58.03962447455612
0.0009052,0.0,0.0,-52.785807860990055,-52.785807860990076,57.993211340230204
0.0009054,0.0,0.0,-52.55948381748348,-52.5594838174835,57.94683532156549
0.0009056,0.0,0.0,-52.14181791365689,-52.14181791365691,57.90049638888131
0.0009058,0.0,0.0,-51.53601553598479,-51.53601553598481,57.85419451252075
0.000906,0.0,0.0,-50.7468085869457,-50.74680858694572,57.8079296628506
0.0009061999999999999,0.0,0.0,-49.780417055495114,-49.780417055495136,57.76170181026135
0.0009063999999999999,0.0,0.0,-48.64449851489706,-48.64449851489708,57.71551092516718
0.0009065999999999999,0.0,0.0,-47.34808595795681,-47.348085957956826,57.66935697800591
0.0009067999999999999,0.0,0.0,-45.901514474312066,-45.90151447431208,57.623239939239006
0.0009069999999999999,0.0,0.0,-44.31633736495733,-44.31633736495735,57.57715977935157
0.0009071999999999999,0.0,0.0,-42.605232374862716,-42.60523237486273,57.53111646885228
0.0009073999999999999,0.0,0.0,-40.78189880470846,-40.78189880470848,57.48510997827343
0.0009075999999999999,0.0,0.0,-38.86094633674036,-38.860946336740376,57.439140278170846
0.0009078,0.0,0.0,-36.85777647695816,-36.85777647695817,57.393207339123926
0.000908,0.0,0.0,-34.78845757573453,-34.78845757573455,57.34731113173558
0.0009082,0.0,0.0,-32.66959444104005,-32.66959444104006,57.30145162663223
0.0009084,0.0,0.0,-30.518193602297664,-30.51819360229768,57.25562879446379
0.0009086,0.0,0.0,-28.351525318153364,-28.351525318153378,57.20984260590364
0.0009088,0.0,0.0,-26.186983447840802,-26.186983447840813,57.16409303164862
0.000909,0.0,0.0,-24.041944323124536,-24.041944323124547,57.11838004241899
0.0009092,0.0,0.0,-21.93362576588746,-21.933625765887466,57.07270360895844
0.0009094,0.0,0.0,-19.878947395218486,-19.878947395218493,57.02706370203404
0.0009096,0.0,0.0,-17.894393357366358,-17.89439335736636,56.98146029243625
0.0009098,0.0,0.0,-15.99587859223996,-15.995878592239961,56.93589335097889
0.00091,0.0,0.0,-14.19861972141468,-14.198619721414687,56.890362848499095
0.0009102,0.0,0.0,0.0,0.0,56.84486875585735
0.0009104,273.9218310816886,273.9218310816886,0.0,0.0,56.826792274553355
0.0009105999999999999,550.3233372347644,550.3233372347644,0.0,0.0,56.863740578243885
0.0009107999999999999,805.7796423445445,805.7796423445445,0.0,0.0,56.95382385043035
0.0009109999999999999,1018.3633690475622,1018.3633690475622,0.0,0.0,57.09062037387983
0.0009111999999999999,1169.2076030245207,1169.2076030245207,0.0,0.0,57.26363576863004
0.0009113999999999999,1243.8504050718584,1243.8504050718584,0.0,0.0,57.459052494134575
0.0009115999999999999,1233.2651051977493,1233.2651051977493,0.0,0.0,57.6607161377088
0.0009117999999999999,1134.5030268666585,1134.5030268666585,0.0,0.0,57.851288149200485
0.0009119999999999999,950.9029256695308,950.9029256695308,0.0,0.0,58.01348283606
0.0009122,691.8523144957487,691.8523144957487,0.0,0.0,58.1313004467634
0.0009124,372.11778481911296,372.11778481911296,0.0,0.0,58.19116846912853
0.0009126,10.79214476199678,10.79214476199678,0.0,0.0,58.182909830766675
0.0009128,0.0,0.0,-29.05023452138994,-29.05023452138995,58.100469042779906
0.000913,0.0,0.0,-23.562410637159743,-23.56241063715975,58.05400725226189
0.0009132,0.0,0.0,-23.424027977564215,-23.424027977564222,58.00758261631446
0.0009134,0.0,0.0,-23.330938046161734,-23.33093804616174,57.96119510522584
0.0009136,0.0,0.0,-23.283706828143686,-23.283706828143693,57.914844689308026
0.0009138,0.0,0.0,-23.282528371140145,-23.282528371140153,57.868531338896744
0.000914,0.0,0.0,-23.327223219748873,-23.32722321974888,57.82225502435144
0.0009142,0.0,0.0,-23.41723988051622,-23.417239880516227,57.77601571605528
0.0009144,0.0,0.0,-23.551659305409956,-23.551659305409963,57.72981338441509
0.0009146,0.0,0.0,-23.72920235733411,-23.729202357334117,57.68364799986138
0.0009148,0.0,0.0,-23.948240197041727,-23.948240197041734,57.637519532848295
0.0009149999999999999,0.0,0.0,-24.206807507100315,-24.206807507100322,57.59142795385361
0.0009151999999999999,0.0,0.0,-53.47822820164598,-53.478228201646004,57.54537323337872
0.0009153999999999999,0.0,0.0,-53.69044299373024,-53.69044299373026,57.499355341948586
0.0009155999999999999,0.0,0.0,-53.700313772220895,-53.70031377222092,57.453374250111764
0.0009157999999999999,0.0,0.0,-53.50757882792426,-53.507578827924284,57.407429928440344
0.0009159999999999999,0.0,0.0,-53.113620447009005,-53.113620447009026,57.361522347529956
0.0009161999999999999,0.0,0.0,-52.521453655704136,-52.52145365570416,57.315651477999744
0.0009163999999999999,0.0,0.0,-51.73570171804837,-51.73570171804839,57.26981729049235
0.0009165999999999999,0.0,0.0,-50.76255858581221,-50.76255858581223,57.22401975567388
0.0009168,0.0,0.0,-49.60973860557247,-49.60973860557249,57.178258844233916
0.000917,0.0,0.0,-48.28641389130071,-48.28641389130073,57.132534526885465
0.0009172,0.0,0.0,-46.803139870892764,-46.803139870892785,57.086846774364965
0.0009174,0.0,0.0,-45.171769611004734,-45.171769611004756,57.041195557432246
0.0009176,0.0,0.0,-43.405357615593466,-43.40535761559349,56.995580846870524
0.0009178,0.0,0.0,-41.51805387894732,-41.518053878947335,56.95000261348638
0.000918,0.0,0.0,-39.52498905304427,-39.52498905304429,56.90446082810974
0.0009182,0.0,0.0,-37.44215166114745,-37.44215166114746,56.85895546159386
0.0009184,0.0,0.0,-35.28625835405796,-35.28625835405797,56.81348648481529
0.0009186,0.0,0.0,-33.07461826186923,-33.07461826186925,56.768053868673896
0.0009188,0.0,0.0,-30.824992541947545,-30.82499254194756,56.72265758409279
0.000919,0.0,0.0,-28.55545026281183,-28.55545026281184,56.67729760201834
0.0009192,0.0,0.0,-26.284221793286882,-26.284221793286893,56.63197389342017
0.0009193999999999999,0.0,0.0,-24.029550886516624,-24.029550886516635,56.58668642929108
0.0009195999999999999,0.0,0.0,-21.809546658984225,-21.80954665898423,56.5414351806471
0.0009197999999999999,0.0,0.0,-19.642036665508602,-19.64203666550861,56.496220118527425
0.0009199999999999999,0.0,0.0,-17.544422262265464,-17.54442226226547,56.451041213994415
0.0009201999999999999,0.0,0.0,0.0,0.0,56.40589843813356
0.0009203999999999999,228.64866416775502,228.64866416775502,0.0,0.0,56.383647486180614
0.0009205999999999999,468.5088506809793,468.5088506809793,0.0,0.0,56.40824648007899
0.0009207999999999999,698.7934543484073,698.7934543484073,0.0,0.0,56.47982148339654
0.0009209999999999999,899.4010026423496,899.4010026423496,0.0,0.0,56.59441123600786
0.0009212,1052.348676696408,1052.348676696408,0.0,0.0,56.744250739151674
0.0009214,1143.0540262933998,1143.0540262933998,0.0,0.0,56.91832597876349
0.0009216,1161.3740731199584,1161.3740731199584,0.0,0.0,57.10316019423563
0.0009218,1102.3278065171182,1102.3278065171182,0.0,0.0,57.28377560787849
0.000922,966.450655219234,966.450655219234,0.0,0.0,57.44476203899338
0.0009222,759.7557568799291,759.7557568799291,0.0,0.0,57.57137622489774
0.0009224,493.3048738725037,493.3048738725037,0.0,0.0,57.65059350008299
0.0009226,182.4196212368978,182.4196212368978,0.0,0.0,57.67203689743493
0.0009228,0.0,0.0,-28.814358743822535,-28.814358743822545,57.6287174876451
0.000923,0.0,0.0,-21.680198379338655,-21.680198379338663,57.58263294747105
0.0009232,0.0,0.0,-22.13932079974024,-22.139320799740247,57.536585260187984
0.0009234,0.0,0.0,-22.65223400291091,-22.652234002910916,57.49057439632538
0.0009236,0.0,0.0,-23.21458849398119,-23.214588493981196,57.44460032643627
0.0009238,0.0,0.0,-23.82163389175551,-23.821633891755518,57.398663021097256
0.0009239999999999999,0.0,0.0,-24.468257480528102,-24.46825748052811,57.35276245090845
0.0009241999999999999,0.0,0.0,-25.149025700758706,-25.149025700758713,57.30689858649349
0.0009243999999999999,0.0,0.0,-25.858228241902083,-25.85822824190209,57.26107139849949
0.0009245999999999999,0.0,0.0,-26.589924379581355,-26.589924379581362,57.21528085759705
0.0009247999999999999,0.0,0.0,-27.33799118109429,-27.337991181094303,57.16952693448022
0.0009249999999999999,0.0,0.0,-28.096173188091953,-28.09617318809196,57.123809599866476
0.0009251999999999999,0.0,0.0,-57.83374292939147,-57.83374292939149,57.07812882449673
0.0009253999999999999,0.0,0.0,-58.47486135339279,-58.47486135339281,57.03248457913528
0.0009256,0.0,0.0,-58.87291286545764,-58.87291286545767,56.9868768345698
0.0009258,0.0,0.0,-59.02448876120796,-59.024488761207984,56.94130556161132
0.000926,0.0,0.0,-58.928180345025226,-58.928180345025254,56.89577073109424
0.0009262,0.0,0.0,-58.58459031069092,-58.58459031069095,56.850272313876246
0.0009264,0.0,0.0,-57.99632780235923,-57.996327802359254,56.80481028083836
0.0009266,0.0,0.0,-57.16798719633199,-57.167987196332014,56.75938460288487
0.0009268,0.0,0.0,-56.106110776186014,-56.106110776186036,56.71399525094334
0.000927,0.0,0.0,-54.819135604479776,-54.8191356044798,56.66864219596458
0.0009272,0.0,0.0,-53.31732502248029,-53.31732502248031,56.623325408922625
0.0009274,0.0,0.0,-51.612685334060494,-51.612685334060515,56.57804486081473
0.0009276,0.0,0.0,-49.718868350112395,-49.718868350112416,56.53280052266134
0.0009278,0.0,0.0,-47.6510605845252,-47.65106058452521,56.487592365506075
0.000928,0.0,0.0,-45.42586000106075,-45.42586000106077,56.4424203604157
0.0009282,0.0,0.0,-43.0611413114426,-43.06114131144262,56.397284478480145
0.0009283999999999999,0.0,0.0,-40.575910917840076,-40.57591091784009,56.35218469081243
0.0009285999999999999,0.0,0.0,-37.99015267692238,-37.99015267692239,56.30712096854868
0.0009287999999999999,0.0,0.0,-35.32466573709817,-35.32466573709819,56.26209328284812
0.0009289999999999999,0.0,0.0,-32.60089576483978,-32.60089576483979,56.217101604893024
0.0009291999999999999,0.0,0.0,-29.840760929596613,-29.840760929596627,56.17214590588871
0.0009293999999999999,0.0,0.0,-27.066474059295512,-27.066474059295523,56.12722615706353
0.0009295999999999999,0.0,0.0,-24.300362409460842,-24.300362409460853,56.08234232966884
0.0009297999999999999,0.0,0.0,-21.56468650831432,-21.564686508314324,56.03749439497898
0.0009299999999999999,0.0,0.0,-18.88145954767567,-18.881459547675675,55.992682324291266
0.0009302,0.0,0.0,0.0,0.0,55.947906088925976
0.0009304,221.70067571081208,221.70067571081208,0.0,0.0,55.925326863316165
0.0009306,464.74434265043374,464.74434265043374,0.0,0.0,55.94922154578865
0.0009308,708.1440106410193,708.1440106410193,0.0,0.0,56.021722003698
0.000931,930.8888294353601,930.8888294353601,0.0,0.0,56.14076029478625
0.0009312,1113.442071431106,1113.442071431106,0.0,0.0,56.3002169939574
0.0009314,1239.133725698046,1239.133725698046,0.0,0.0,56.49035834353532
0.0009316,1295.3484856129858,1295.3484856129858,0.0,0.0,56.698531008925436
0.0009318,1274.4245157322516,1274.4245157322516,0.0,0.0,56.910064870708105
0.000932,1174.1990135069184,1174.1990135069184,0.0,0.0,57.10931946989578
0.0009322,998.1617665365072,998.1617665365072,0.0,0.0,57.28079950031204
0.0009324,755.20585045638,755.20585045638,0.0,0.0,57.41025983827589
0.0009326,458.9933242215589,458.9933242215589,0.0,0.0,57.485721363263075
0.0009327999999999999,126.9812122146513,126.9812122146513,0.0,0.0,57.49832519828208
0.0009329999999999999,0.0,0.0,-28.721482264886372,-28.721482264886383,57.44296452977277
0.0009331999999999999,0.0,0.0,-21.34451451264777,-21.344514512647777,57.39702853254784
0.0009333999999999999,0.0,0.0,-21.124233961293292,-21.1242339612933,57.351129269427055
0.0009335999999999999,0.0,0.0,-20.965244222810128,-20.965244222810128,57.30526671103487
0.0009337999999999999,0.0,0.0,-20.86864770027705,-20.86864770027706,57.259440828019244
0.0009339999999999999,0.0,0.0,-20.835040691905405,-20.835040691905412,57.213651591051615
0.0009341999999999999,0.0,0.0,-20.86450856517847,-20.86450856517847,57.16789897082686
0.0009343999999999999,0.0,0.0,-20.95662507654049,-20.95662507654049,57.122182938063304
0.0009346,0.0,0.0,-21.110455842054243,-21.11045584205425,57.076503463502675
0.0009348,0.0,0.0,-21.32456593076683,-21.324565930766838,57.03086051791011
0.000935,0.0,0.0,-21.59703151907479,-21.597031519074797,56.98525407207411
0.0009352,0.0,0.0,-50.90106526752941,-50.90106526752943,56.93968409680656
0.0009354,0.0,0.0,-51.16434479455785,-51.16434479455787,56.894150562942656
0.0009356,0.0,0.0,-51.243319191677095,-51.24331919167712,56.84865344134094
0.0009358,0.0,0.0,-51.137167602489136,-51.13716760248916,56.80319270288325
0.000936,0.0,0.0,-50.84657135630436,-50.84657135630438,56.75776831847471
0.0009362,0.0,0.0,-50.37370840350002,-50.37370840350004,56.7123802590437
0.0009364,0.0,0.0,-49.72223560819193,-49.72223560819195,56.667028495541864
0.0009366,0.0,0.0,-48.89725904218312,-48.89725904218314,56.62171299894407
0.0009368,0.0,0.0,-47.90529252150146,-47.90529252150148,56.57643374024839
0.000937,0.0,0.0,-46.75420472222568,-46.7542047222257,56.5311906904761
0.0009371999999999999,0.0,0.0,-45.45315530495327,-45.45315530495329,56.48598382067164
0.0009373999999999999,0.0,0.0,-44.01252056643123,-44.01252056643125,56.44081310190261
0.0009375999999999999,0.0,0.0,-42.44380922182954,-42.443809221829554,56.395678505259745
0.0009377999999999999,0.0,0.0,-40.75956900119733,-40.75956900119735,56.3505800018569
0.0009379999999999999,0.0,0.0,-38.973284818154255,-38.97328481815427,56.30551756283102
0.0009381999999999999,0.0,0.0,-37.099269337229586,-37.0992693372296,56.26049115934215
0.0009383999999999999,0.0,0.0,-35.15254682791509,-35.1525468279151,56.215500762573384
0.0009385999999999999,0.0,0.0,-33.148731247944184,-33.1487312479442,56.17054634373086
0.0009387999999999999,0.0,0.0,-31.10389954510822,-31.103899545108234,56.12562787404375
0.000939,0.0,0.0,-29.034461205690754,-29.034461205690764,56.08074532476422
0.0009392,0.0,0.0,-26.957025108029,-26.957025108029015,56.03589866716745
0.0009394,0.0,0.0,-24.888264761550445,-24.888264761550452,55.99108787255156
0.0009396,0.0,0.0,-22.84478302470591,-22.844783024705915,55.946312912237644
0.0009398,0.0,0.0,-20.84297739942165,-20.842977399421656,55.90157375756972
0.00094,0.0,0.0,-18.898906994988753,-18.898906994988756,55.856870379914724
0.0009402,0.0,0.0,0.0,0.0,55.81220275066249
0.0009404,203.81053346525272,203.81053346525272,0.0,0.0,55.78794374541059
0.0009406,418.53114675129495,418.53114675129495,0.0,0.0,55.80554051972619
0.0009408,625.2095563752298,625.2095563752298,0.0,0.0,55.86524627532083
0.000941,805.4697594901515,805.4697594901515,0.0,0.0,55.96358267532711
0.0009412,942.8221080941266,942.8221080941266,0.0,0.0,56.093588993418045
0.0009414,1023.8386593174462,1023.8386593174462,0.0,0.0,56.24531950675913
0.0009416,1039.110072267809,1039.110072267809,0.0,0.0,56.40655363066269
0.0009417999999999999,983.9159085524304,983.9159085524304,0.0,0.0,56.56366814003644
0.0009419999999999999,858.5606328353872,858.5606328353872,0.0,0.0,56.70260928320592
0.0009421999999999999,668.3514439606936,668.3514439606936,0.0,0.0,56.809895488976665
0.0009423999999999999,423.2195970024719,423.2195970024719,0.0,0.0,56.873579203196115
0.0009425999999999999,137.01228236277433,137.01228236277433,0.0,0.0,56.884099319723475
0.0009427999999999999,0.0,0.0,-28.41748174138168,-28.41748174138169,56.834963482763385
0.0009429999999999999,0.0,0.0,-20.051237566296983,-20.05123756629699,56.78951369189352
0.0009431999999999999,0.0,0.0,-20.53857963968955,-20.53857963968956,56.74410024631823
0.0009434,0.0,0.0,-21.089484252702242,-21.08948425270225,56.698723116972914
0.0009436,0.0,0.0,-21.69929600073126,-21.699296000731266,56.653382274816195
0.0009438,0.0,0.0,-22.36288179716631,-22.362881797166317,56.60807769082994
0.000944,0.0,0.0,-23.07467253215463,-23.074672532154636,56.56280933601919
0.0009442,0.0,0.0,-23.828708268021842,-23.82870826802185,56.51757718141222
0.0009444,0.0,0.0,-24.61868660457118,-24.618686604571195,56.47238119806043
0.0009446,0.0,0.0,-25.438013821772294,-25.4380138217723,56.42722135703839
0.0009448,0.0,0.0,-26.279858384826284,-26.27985838482629,56.3820976294438
0.000945,0.0,0.0,-27.13720637743662,-27.137206377436634,56.33700998639746
0.0009452,0.0,0.0,-56.978528169579185,-56.978528169579214,56.29195839904328
0.0009454,0.0,0.0,-57.72714535929333,-57.72714535929335,56.24694283854824
0.0009456,0.0,0.0,-58.23557262102972,-58.23557262102974,56.20196327610238
0.0009458,0.0,0.0,-58.499508196244285,-58.49950819624431,56.15701968291877
0.000946,0.0,0.0,-58.51663425825427,-58.51663425825429,56.11211203023351
0.0009461999999999999,0.0,0.0,-58.286635669498814,-58.28663566949884,56.067240289305694
0.0009463999999999999,0.0,0.0,-57.81120248954189,-57.81120248954192,56.02240443141741
0.0009465999999999999,0.0,0.0,-57.0940162138644,-57.09401621386442,55.977604427873686
0.0009467999999999999,0.0,0.0,-56.14071985549285,-56.14071985549287,55.932840250002535
0.0009469999999999999,0.0,0.0,-54.95887211260052,-54.95887211260054,55.88811186915487
0.0009471999999999999,0.0,0.0,-53.55788599432895,-53.55788599432897,55.84341925670452
0.0009473999999999999,0.0,0.0,-51.94895240316717,-51.94895240316719,55.79876238404822
0.0009475999999999999,0.0,0.0,-50.14494929426845,-50.14494929426847,55.754141222605554
0.0009477999999999999,0.0,0.0,-48.16033714909075,-48.16033714909077,55.70955574381898
0.000948,0.0,0.0,-46.01104161176779,-46.0110416117678,55.66500591915379
0.0009482,0.0,0.0,-43.71432424075182,-43.71432424075184,55.62049172009809
0.0009484,0.0,0.0,-41.28864242467316,-41.28864242467317,55.576013118162784
0.0009486,0.0,0.0,-38.7534995992513,-38.75349959925131,55.531570084881565
0.0009488,0.0,0.0,-36.129286980757925,-36.12928698075794,55.487162591810886
0.000949,0.0,0.0,-33.43711810033216,-33.43711810033217,55.44279061052995
0.0009492,0.0,0.0,-30.698657481827958,-30.698657481827965,55.39845411264068
0.0009494,0.0,0.0,-27.935944853356915,-27.935944853356922,55.35415306976771
0.0009496,0.0,0.0,-25.171216318893368,-25.17121631889338,55.30988745355838
0.0009498,0.0,0.0,-22.42672394093845,-22.426723940938462,55.26565723568268
0.00095,0.0,0.0,-19.72455519809636,-19.72455519809637,55.22146238783328
0.0009502,0.0,0.0,0.0,0.0,55.17730288172545
0.0009504,209.02402876945234,209.02402876945234,0.0,0.0,55.15407273435597
0.0009505999999999999,440.8875778181824,440.8875778181824,0.0,0.0,55.17493229300379
0.0009507999999999999,675.4520575981637,675.4520575981637,0.0,0.0,55.24239932389867
0.0009509999999999999,892.3875619173323,892.3875619173323,0.0,0.0,55.35494434838131
0.0009511999999999999,1072.6223525227479,1072.6223525227479,0.0,0.0,55.50710052187722
0.0009513999999999999,1199.7023556717147,1199.7023556717147,0.0,0.0,55.689854210803595
0.0009515999999999999,1260.9638081644916,1260.9638081644916,0.0,0.0,55.89128837015483
0.0009517999999999999,1248.4355277706939,1248.4355277706939,0.0,0.0,56.097432815274175
0.0009519999999999999,1159.4065697369408,1159.4065697369408,0.0,0.0,56.29326074759979
0.0009521999999999999,996.6188913318665,996.6188913318665,0.0,0.0,56.46376048521354
0.0009524,768.0713787670163,768.0713787670163,0.0,0.0,56.59500600562709
0.0009526,486.4492896349672,486.4492896349672,0.0,0.0,56.67515001006102
0.0009528,168.2198550942024,168.2198550942024,0.0,0.0,56.6952687570271
0.000953,0.0,0.0,-28.324999246194704,-28.324999246194714,56.649998492389436
0.0009532,0.0,0.0,-20.82425251361262,-20.824252513612628,56.60469661434674
0.0009534,0.0,0.0,-20.76042493086912,-20.760424930869128,56.55943096331568
0.0009536,0.0,0.0,-20.75762414996189,-20.7576241499619,56.51420151032622
0.0009538,0.0,0.0,-20.815687911157248,-20.815687911157248,56.46900822643151
0.000954,0.0,0.0,-20.93396028146482,-20.933960281464827,56.423851082707856
0.0009542,0.0,0.0,-21.11129698844325,-21.111296988443257,56.37873005025467
0.0009544,0.0,0.0,-21.346074716014094,-21.3460747160141,56.33364510019449
0.0009546,0.0,0.0,-21.636204286766024,-21.63620428676603,56.28859620367294
0.0009548,0.0,0.0,-21.979147623700285,-21.979147623700293,56.24358333185872
0.0009549999999999999,0.0,0.0,-22.37193835370634,-22.371938353706348,56.1986064559436
0.0009551999999999999,0.0,0.0,-51.78681564161056,-51.78681564161058,56.15366554714236
0.0009553999999999999,0.0,0.0,-52.15056056066739,-52.15056056066741,56.10876057669282
0.0009555999999999999,0.0,0.0,-52.31880988001361,-52.31880988001363,56.0638915158558
0.0009557999999999999,0.0,0.0,-52.29002123238589,-52.29002123238592,56.01905833591509
0.0009559999999999999,0.0,0.0,-52.06425109950767,-52.064251099507686,55.97426100817745
0.0009561999999999999,0.0,0.0,-51.643154314792056,-51.64315431479208,55.929499503972586
0.0009563999999999999,0.0,0.0,-51.029970597843985,-51.029970597844006,55.884773794653135
0.0009565999999999999,0.0,0.0,-50.22949823032959,-50.22949823032961,55.840083851594635
0.0009568,0.0,0.0,-49.24805508710633,-49.24805508710635,55.795429646195515
0.000957,0.0,0.0,-48.093427339095236,-48.09342733909526,55.75081114987709
0.0009572,0.0,0.0,-46.77480624439422,-46.774806244394235,55.706228334083505
0.0009574,0.0,0.0,-45.302713540767094,-45.30271354076711,55.66168117028176
0.0009576,0.0,0.0,-43.688916045113196,-43.68891604511322,55.61716962996166
0.0009578,0.0,0.0,-41.9463301530768,-41.946330153076815,55.572693684635816
0.000958,0.0,0.0,-40.08891701388368,-40.088917013883695,55.52825330583963
0.0009582,0.0,0.0,-38.13156923113004,-38.13156923113005,55.48384846513124
0.0009584,0.0,0.0,-36.08999000898205,-36.08999000898206,55.43947913409155
0.0009586,0.0,0.0,-33.98056572451638,-33.980565724516396,55.39514528432418
0.0009588,0.0,0.0,-31.82023296024473,-31.820232960244745,55.35084688745547
0.000959,0.0,0.0,-29.626341075787927,-29.62634107578794,55.30658391513443
0.0009592,0.0,0.0,-27.41651143383154,-27.416511433831552,55.26235633903276
0.0009594,0.0,0.0,-25.208494422613562,-25.20849442261357,55.21816413084481
0.0009595999999999999,0.0,0.0,-23.0200254350446,-23.02002543504461,55.17400726228756
0.0009597999999999999,0.0,0.0,-20.86868097299815,-20.868680972998156,55.129885705100605
0.0009599999999999999,0.0,0.0,-18.77173604426451,-18.771736044264518,55.08579943104615
0.0009601999999999999,0.0,0.0,0.0,0.0,55.04174841190896
0.0009603999999999999,209.55249584127992,209.55249584127992,0.0,0.0,55.0186794903322
0.0009605999999999999,432.1316351432173,432.1316351432173,0.0,0.0,55.03882490167384
0.0009607999999999999,648.2729615959578,648.2729615959578,0.0,0.0,55.10280870790393
0.0009609999999999999,838.9735748113369,838.9735748113369,0.0,0.0,55.20740927435176
0.0009611999999999999,987.0468970771399,987.0468970771399,0.0,0.0,55.34579004181415
0.0009614,1078.347696973338,1078.347696973338,0.0,0.0,55.50798799000647
0.0009616,1102.7800993078647,1102.7800993078647,0.0,0.0,55.6816249244688
0.0009618,1055.016795663458,1055.016795663458,0.0,0.0,55.85279084765708
0.000962,934.8782669051013,934.8782669051013,0.0,0.0,56.00703642300568
0.0009622,747.3450693073175,747.3450693073175,0.0,0.0,56.1304037805455
0.0009624,502.2023912491059,502.2023912491059,0.0,0.0,56.21042219621044
0.0009626,213.342293339504,213.342293339504,0.0,0.0,56.23699769671213
0.0009628,0.0,0.0,-28.101566608532195,-28.101566608532206,56.20313321706442
0.000963,0.0,0.0,-20.548790966009264,-20.54879096600927,56.15818868830227
0.0009632,0.0,0.0,-21.14540001710577,-21.14540001710578,56.11328010078663
0.0009634,0.0,0.0,-21.79808624355762,-21.798086243557627,56.06840742577601
0.0009636,0.0,0.0,-22.501370665300342,-22.50137066530035,56.023570634551874
0.0009638,0.0,0.0,-23.249364053184607,-23.249364053184614,55.97876969841868
0.0009639999999999999,0.0,0.0,-24.03581472105619,-24.035814721056198,55.93400458870383
0.0009641999999999999,0.0,0.0,-24.85415925746463,-24.854159257464637,55.889275276757644
0.0009643999999999999,0.0,0.0,-25.697575785317653,-25.69757578531766,55.844581733953355
0.0009645999999999999,0.0,0.0,-26.559039317298208,-26.559039317298215,55.7999239316871
0.0009647999999999999,0.0,0.0,-27.431378757867144,-27.43137875786715,55.75530184137787
0.0009649999999999999,0.0,0.0,-28.30733508932652,-28.30733508932653,55.71071543446753
0.0009651999999999999,0.0,0.0,-58.15523002591986,-58.155230025919884,55.66616468242077
0.0009653999999999999,0.0,0.0,-58.898334159393976,-58.898334159394004,55.62164955672511
0.0009655999999999999,0.0,0.0,-59.389209218810485,-59.389209218810514,55.57717002889086
0.0009658,0.0,0.0,-59.62369817697693,-59.62369817697696,55.532726070451126
0.000966,0.0,0.0,-59.5997244386501,-59.59972443865012,55.48831765296176
0.0009662,0.0,0.0,-59.317308638219785,-59.31730863821981,55.44394474800138
0.0009664,0.0,0.0,-58.77856842112897,-58.778568421128995,55.39960732717131
0.0009666,0.0,0.0,-57.98770121121804,-57.98770121121806,55.3553053620956
0.0009668,0.0,0.0,-56.950950104224106,-56.95095010422413,55.31103882442099
0.000967,0.0,0.0,-55.67655316456907,-55.67655316456909,55.26680768581689
0.0009672,0.0,0.0,-54.17467653722036,-54.17467653722038,55.22261191797538
0.0009674,0.0,0.0,-52.4573319177147,-52.45733191771472,55.178451492611146
0.0009676,0.0,0.0,-50.538279050331894,-50.538279050331916,55.13432638146151
0.0009678,0.0,0.0,-48.43291404586338,-48.43291404586339,55.09023655628641
0.000968,0.0,0.0,-46.15814442545327,-46.158144425453294,55.04618198886835
0.0009682,0.0,0.0,-43.73225190466612,-43.732251904666136,55.00216265101239
0.0009683999999999999,0.0,0.0,-41.174744031379724,-41.17474403137974,54.95817851454617
0.0009685999999999999,0.0,0.0,-38.50619588150923,-38.50619588150924,54.91422955131982
0.0009687999999999999,0.0,0.0,-35.74808309720486,-35.748083097204876,54.870315733206006
0.0009689999999999999,0.0,0.0,-32.92260762237714,-32.92260762237716,54.82643703209988
0.0009691999999999999,0.0,0.0,-30.052517549620674,-30.05251754962069,54.782593419919074
0.0009693999999999999,0.0,0.0,-27.16092254035037,-27.160922540350377,54.738784868603666
0.0009695999999999999,0.0,0.0,-24.271106315844936,-24.271106315844946,54.695011350116175
0.0009697999999999999,0.0,0.0,-21.406337740621296,-21.406337740621304,54.65127283644155
0.0009699999999999999,0.0,0.0,-18.58968203094763,-18.589682030947635,54.607569299587134
0.0009702,0.0,0.0,0.0,0.0,54.56390071158266
0.0009704,229.6406725870573,229.6406725870573,0.0,0.0,54.54322192978482
0.0009706,482.34184384169134,482.34184384169134,0.0,0.0,54.57077458282266
0.0009708,736.5155311043394,736.5155311043394,0.0,0.0,54.64897242151553
0.000971,970.4699607193052,970.4699607193052,0.0,0.0,54.77590102132076
0.0009712,1163.9560784024707,1163.9560784024707,0.0,0.0,54.9454550827913
0.0009714,1299.6108980124977,1299.6108980124977,0.0,0.0,55.147774488604234
0.0009716,1364.19485355372,1364.19485355372,0.0,0.0,55.369947974775506
0.0009718,1349.535022472131,1349.535022472131,0.0,0.0,55.59693420950438
0.000972,1253.1070688309278,1253.1070688309278,0.0,0.0,55.812634591114445
0.0009722,1078.2145162070005,1078.2145162070005,0.0,0.0,56.00104127927008
0.0009724,833.7526652175263,833.7526652175263,0.0,0.0,56.14737862944905
0.0009726,533.5740731760242,533.5740731760242,0.0,0.0,56.239156689160964
0.0009728,195.50090369963135,195.50090369963135,0.0,0.0,56.26706169949307
0.0009729999999999999,0.0,0.0,-28.11281008901696,-28.11281008901697,56.22562017803395
0.0009731999999999999,0.0,0.0,-21.905283089410013,-21.90528308941002,56.180657666895975
0.0009733999999999999,0.0,0.0,-21.72489628947538,-21.72489628947539,56.135731111384665
0.0009735999999999999,0.0,0.0,-21.59599492426014,-21.595994924260147,56.09084048274701
0.0009737999999999999,0.0,0.0,-21.51944145692275,-21.51944145692275,56.04598575225301
0.0009739999999999999,0.0,0.0,-21.495673751044194,-21.4956737510442,56.00116689119563
0.0009741999999999999,0.0,0.0,-21.52470152824403,-21.524701528244037,55.9563838708908
0.0009743999999999999,0.0,0.0,-21.606106299608896,-21.606106299608903,55.91163666267737
0.0009745999999999999,0.0,0.0,-21.739044771405347,-21.739044771405354,55.86692523791713
0.0009748,0.0,0.0,-21.92225569736018,-21.92225569736018,55.82224956799477
0.000975,0.0,0.0,-22.154070121828397,-22.154070121828404,55.77760962431784
0.0009752,0.0,0.0,-51.40803468675614,-51.40803468675616,55.73300537831678
0.0009754,0.0,0.0,-51.61223739372327,-51.61223739372329,55.68843680144488
0.0009756,0.0,0.0,-51.62361078766007,-51.62361078766009,55.64390386517823
0.0009758,0.0,0.0,-51.44188661157112,-51.441886611571135,55.59940654101575
0.000976,0.0,0.0,-51.06836345496762,-51.06836345496764,55.554944800479156
0.0009762,0.0,0.0,-50.50589617951908,-50.5058961795191,55.510518615112915
0.0009764,0.0,0.0,-49.75887271816153,-49.75887271816155,55.46612795648427
0.0009766,0.0,0.0,-48.8331784362098,-48.83317843620982,55.421772796183205
0.0009767999999999999,0.0,0.0,-47.73614834393251,-47.73614834393253,55.377453105822404
0.000977,0.0,0.0,-46.476507548608204,-46.476507548608225,55.33316885703726
0.0009772,0.0,0.0,-45.06430042949078,-45.0643004294908,55.28892002148585
0.0009774,0.0,0.0,-43.510809110596874,-43.51080911059689,55.24470657084891
0.0009776,0.0,0.0,-41.82846189304616,-41.82846189304618,55.20052847682984
0.0009778,0.0,0.0,-40.03073239013234,-40.03073239013236,55.15638571115464
0.000978,0.0,0.0,-38.1320301837178,-38.132030183717816,55.11227824557195
0.0009782,0.0,0.0,-36.14758388931686,-36.14758388931688,55.06820605185298
0.0009784,0.0,0.0,-34.09331757880276,-34.093317578802775,55.02416910179152
0.0009786,0.0,0.0,-31.985721563543386,-31.9857215635434,54.98016736720392
0.0009788,0.0,0.0,-29.84171858650295,-29.841718586502964,54.93620081992906
0.000979,0.0,0.0,-27.678526509070615,-27.678526509070625,54.89226943182836
0.0009792,0.0,0.0,-25.51351860679067,-25.513518606790676,54.84837317478571
0.0009794,0.0,0.0,-23.364082607541796,-23.364082607541807,54.80451202070751
0.0009796,0.0,0.0,-21.247479615888654,-21.247479615888665,54.76068594152262
0.0009797999999999999,0.0,0.0,-19.180704068224536,-19.180704068224543,54.71689490918234
0.00098,0.0,0.0,-17.180345854932867,-17.18034585493287,54.6731388956604
0.0009801999999999999,0.0,0.0,0.0,0.0,54.629417872952956
0.0009804,232.27033116689597,232.27033116689597,0.0,0.0,54.60894955909683
0.0009805999999999999,474.16455010415325,474.16455010415325,0.0,0.0,54.635895109356554
0.0009808,704.8653250161883,704.8653250161883,0.0,0.0,54.71005971493887
0.0009809999999999999,904.3563890155506,904.3563890155506,0.0,0.0,54.827166995657805
0.0009812,1054.8494421819719,1054.8494421819719,0.0,0.0,54.97916504596091
0.0009814,1142.0519589221667,1142.0519589221667,0.0,0.0,55.15480159941318
0.0009816,1156.1855877724902,1156.1855877724902,0.0,0.0,55.34042726253787
0.0009818,1092.6826248109749,1092.6826248109749,0.0,0.0,55.52096952508117
0.000982,952.5109998189355,952.5109998189355,0.0,0.0,55.68100809649553
0.0009822,742.104699023856,742.104699023856,0.0,0.0,55.80587491317595
0.0009824,472.904671475173,472.904671475173,0.0,0.0,55.88270042009254
0.0009826,160.54302332098746,160.54302332098746,0.0,0.0,55.90133157677341
0.0009828,0.0,0.0,-27.927528097871686,-27.927528097871694,55.855056195743394
0.000983,0.0,0.0,-21.528668551930622,-21.52866855193063,55.81039001725819
0.0009832,0.0,0.0,-21.879947731394104,-21.87994773139411,55.76575955742832
0.0009834,0.0,0.0,-22.279940400695587,-22.279940400695594,55.72116478769027
0.0009836,0.0,0.0,-22.72521911351641,-22.72521911351641,55.67660567950339
0.0009838,0.0,0.0,-23.211989223714454,-23.211989223714454,55.63208220434985
0.0009839999999999998,0.0,0.0,-23.736119681975552,-23.73611968197556,55.587594333734614
0.0009842,0.0,0.0,-24.29317656111968,-24.29317656111968,55.54314203918545
0.0009843999999999999,0.0,0.0,-24.878459037988186,-24.878459037988186,55.49872529225287
0.0009846,0.0,0.0,-25.487037539913608,-25.487037539913615,55.45434406451017
0.0009847999999999999,0.0,0.0,-26.113793746218228,-26.113793746218235,55.40999832755334
0.000985,0.0,0.0,-26.753462120144455,-26.753462120144462,55.365688053001115
0.0009851999999999999,0.0,0.0,-56.376282390308376,-56.3762823903084,55.32141321249492
0.0009854,0.0,0.0,-56.90735213630587,-56.90735213630589,55.27717377769884
0.0009855999999999999,0.0,0.0,-57.20095422748997,-57.20095422749,55.23296972029964
0.0009858,0.0,0.0,-57.25453296752207,-57.25453296752209,55.18880101200672
0.000986,0.0,0.0,-57.06748029310767,-57.06748029310769,55.1446676245521
0.0009862,0.0,0.0,-56.64114065999191,-56.64114065999193,55.100569529690404
0.0009864,0.0,0.0,-55.97880008708937,-55.97880008708939,55.05650669919885
0.0009866,0.0,0.0,-55.085659448024394,-55.085659448024415,55.012479104877215
0.0009868,0.0,0.0,-53.96879222716422,-53.96879222716424,54.968486718547844
0.000987,0.0,0.0,-52.63708708326896,-52.63708708326898,54.9245295120556
0.0009872,0.0,0.0,-51.101175687137705,-51.10117568713772,54.88060745726787
0.0009874,0.0,0.0,-49.37334641909778,-49.3733464190978,54.83672052607453
0.0009876,0.0,0.0,-47.467444626896054,-47.467444626896075,54.79286869038794
0.0009878,0.0,0.0,-45.39876025357612,-45.398760253576135,54.749051922142925
0.000988,0.0,0.0,-43.18390374737907,-43.183903747379084,54.70527019329675
0.0009882,0.0,0.0,-40.84067126075707,-40.840671260757084,54.6615234758291
0.0009884,0.0,0.0,-38.38790023246709,-38.3879002324671,54.61781174174207
0.0009885999999999999,0.0,0.0,-35.84531652471231,-35.845316524712324,54.574134963060146
0.0009888,0.0,0.0,-33.233374355788264,-33.23337435578827,54.53049311183019
0.0009889999999999999,0.0,0.0,-30.573090327114222,-30.573090327114237,54.48688616012141
0.0009892,0.0,0.0,-27.88587289141384,-27.885872891413847,54.443314080025345
0.0009893999999999999,0.0,0.0,-25.19334864576444,-25.193348645764452,54.39977684365587
0.0009896,0.0,0.0,-22.517186858962198,-22.517186858962205,54.356274423149145
0.0009897999999999999,0.0,0.0,-19.8789236569418,-19.878923656941804,54.31280679066362
0.00099,0.0,0.0,-17.299787292729135,-17.299787292729143,54.269373918380005
0.0009901999999999999,0.0,0.0,0.0,0.0,54.22597577850125
0.0009904,244.25624455549683,244.25624455549683,0.0,0.0,54.20702820136485
0.0009906,506.55857069621953,506.55857069621953,0.0,0.0,54.23873137905785
0.0009908,764.6557565475582,764.6557565475582,0.0,0.0,54.32242834789145
0.000991,996.598250327879,996.598250327879,0.0,0.0,54.45504276013578
0.0009912,1182.3029553500749,1182.3029553500749,0.0,0.0,54.62929914394195
0.0009914,1304.9846522404505,1304.9846522404505,0.0,0.0,54.83424248804821
0.0009916,1352.35207993363,1352.35207993363,0.0,0.0,55.0560200562479
0.0009918,1317.4834912351168,1317.4834912351168,0.0,0.0,55.27886965747929
0.000992,1199.3193597311097,1199.3193597311097,0.0,0.0,55.48624389715406
0.0009922,1002.7372120450661,1002.7372120450661,0.0,0.0,55.66199026066855
0.0009924,738.2033465943025,738.2033465943025,0.0,0.0,55.791502919260516
0.0009926,421.0263537861162,421.0263537861162,0.0,0.0,55.86276418245787
0.0009928,70.26572406050042,70.26572406050042,0.0,0.0,55.86720140400795
0.000993,0.0,0.0,-27.90014915815707,-27.900149158157078,55.80029831631416
0.0009931999999999999,0.0,0.0,-21.839064558859647,-21.839064558859654,55.75567592661699
0.0009934,0.0,0.0,-21.3052307263589,-21.305230726358907,55.711089220558115
0.0009935999999999999,0.0,0.0,-20.824573088694002,-20.82457308869401,55.66653816960205
0.0009938,0.0,0.0,-20.40080941708859,-20.40080941708859,55.622022745236116
0.0009939999999999999,0.0,0.0,-20.03719592810191,-20.037195928101916,55.57754291897043
0.0009942,0.0,0.0,-19.736500875462312,-19.73650087546232,55.533098662337906
0.0009943999999999999,0.0,0.0,-19.500982101625794,-19.500982101625794,55.48868994689421
0.0009946,0.0,0.0,-19.332368731098654,-19.332368731098654,55.444316744217765
0.0009948,0.0,0.0,-19.23184715395442,-19.231847153954426,55.399979025909715
0.000995,0.0,0.0,-19.200051413163237,-19.200051413163237,55.35567676359391
0.0009952,0.0,0.0,-48.21266782971643,-48.21266782971645,55.31140992891691
0.0009954,0.0,0.0,-48.19974340837751,-48.19974340837753,55.267178493547924
0.0009956,0.0,0.0,-48.01997313144172,-48.019973131441745,55.222982429178835
0.0009958,0.0,0.0,-47.674640318724755,-47.67464031872477,55.17882170752415
0.000996,0.0,0.0,-47.16637169242299,-47.16637169242301,55.13469630032101
0.0009962,0.0,0.0,-46.49911603241163,-46.49911603241165,55.09060617932915
0.0009964,0.0,0.0,-45.67811210555849,-45.678112105558505,55.046551316330884
0.0009966,0.0,0.0,-44.70984612952011,-44.70984612952013,55.002531683131096
0.0009968,0.0,0.0,-43.601999116391895,-43.601999116391916,54.95854725155722
0.000997,0.0,0.0,-42.36338452368542,-42.36338452368543,54.91459799345921
0.0009972,0.0,0.0,-41.00387671873718,-41.003876718737196,54.87068388070954
0.0009973999999999998,0.0,0.0,-39.53433083717584,-39.53433083717585,54.826804885203174
0.0009976,0.0,0.0,-37.96649468588491,-37.966494685884925,54.782960978857545
0.0009977999999999999,0.0,0.0,-36.31291340542932,-36.312913405429335,54.739152133612556
0.000998,0.0,0.0,-34.58682766564245,-34.58682766564246,54.69537832143054
0.0009981999999999999,0.0,0.0,-32.8020662205205,-32.802066220520516,54.65163951429625
0.0009984,0.0,0.0,-30.972933694316318,-30.972933694316332,54.60793568421684
0.0009985999999999999,0.0,0.0,-29.11409450939532,-29.11409450939533,54.56426680322186
0.0009988,0.0,0.0,-27.240453897697904,-27.24045389769792,54.520632843363224
0.0009989999999999999,0.0,0.0,-25.36703696129168,-25.367036961291692,54.47703377671519
0.0009992,0.0,0.0,-23.50886676330228,-23.50886676330229,54.43346957537435
0.0009994,0.0,0.0,-21.680842438354496,-21.680842438354503,54.38994021145962
0.0009996,0.0,0.0,-19.897618311473234,-19.89761831147324,54.346445657112184
0.0009998,0.0,0.0,-18.173485006187473,-18.17348500618748,54.30298588449554
