"Time / s","Am1-source:Measured current","AmD1:Measured current","AmD4:Measured current","AmD3:Measured current","AmD2:Measured current","VmD1:Measured voltage","VmD4:Measured voltage","VmD3:Measured voltage","VmD2:Measured voltage","VmC1:Measured voltage"
0,0,0,0,0,0,0,0,0,0,0
9.9999999999999995e-07,1.192643922930035,1.192643922930035,0,0,1.192643922930035,0,-0.11373644008187865,-0.11373644008187865,0,0.11373644008187865
1.9999999999999999e-06,1.2554816108785971,1.2554816108785971,0,0,1.2554816108785971,0,-0.23876598155826614,-0.23876598155826614,0,0.23876598155826614
3.0000000000000001e-06,1.2598293825597793,1.2598293825597793,0,0,1.2598293825597793,0,-0.36437050048256575,-0.36437050048256575,0,0.36437050048256575
3.9999999999999998e-06,1.26110440700797,1.26110440700797,0,0,1.26110440700797,0,-0.48999086479666976,-0.48999086479666976,0,0.48999086479666976
4.9999999999999996e-06,1.2621732704285691,1.2621732704285691,0,0,1.2621732704285691,0,-0.61559344885828005,-0.61559344885828005,0,0.61559344885828005
6.0000000000000002e-06,1.2631842164312417,1.2631842164312417,0,0,1.2631842164312417,0,-0.74117181123437847,-0.74117181123437847,0,0.74117181123437847
6.9999999999999999e-06,1.2641448756560294,1.2641448756560294,0,0,1.2641448756560294,0,-0.86672091760073766,-0.86672091760073766,0,0.86672091760073766
7.9999999999999996e-06,1.2650556069612122,1.2650556069612122,0,0,1.2650556069612122,0,-0.99223580752577889,-0.99223580752577889,0,0.99223580752577889
9.0000000000000002e-06,1.2659163949175252,1.2659163949175252,0,0,1.2659163949175252,0,-1.1177115256913153,-1.1177115256913153,0,1.1177115256913153
9.9999999999999991e-06,1.2667272066042301,1.2667272066042301,0,0,1.2667272066042301,0,-1.2431431185202249,-1.2431431185202249,0,1.2431431185202249
1.1e-05,1.2674880100668133,1.2674880100668133,0,0,1.2674880100668133,0,-1.3685256341874474,-1.3685256341874474,0,1.3685256341874474
1.2e-05,1.2681987752729356,1.2681987752729356,0,0,1.2681987752729356,0,-1.493854122805925,-1.493854122805925,0,1.493854122805925
1.2999999999999999e-05,1.2688594741628663,1.2688594741628663,0,0,1.2688594741628663,0,-1.6191236366215218,-1.6191236366215218,0,1.6191236366215218
1.4e-05,1.2694700806533774,1.2694700806533774,0,0,1.2694700806533774,0,-1.7443292302083293,-1.7443292302083293,0,1.7443292302083293
1.4999999999999999e-05,1.2700305706388235,1.2700305706388235,0,0,1.2700305706388235,0,-1.8694659606638979,-1.8694659606638979,0,1.8694659606638979
1.5999999999999999e-05,1.2705409219919659,1.2705409219919659,0,0,1.2705409219919659,0,-1.9945288878043781,-1.9945288878043781,0,1.9945288878043781
1.7e-05,1.2710011145649958,1.2710011145649958,0,0,1.2710011145649958,0,-2.1195130743595478,-2.1195130743595478,0,2.1195130743595478
1.8e-05,1.2714111301903586,1.2714111301903586,0,0,1.2714111301903586,0,-2.2444135861677301,-2.2444135861677301,0,2.2444135861677301
1.8999999999999998e-05,1.2717709526812939,1.2717709526812939,0,0,1.2717709526812939,0,-2.3692254923705813,-2.3692254923705813,0,2.3692254923705813
1.9999999999999998e-05,1.2720805678326599,1.2720805678326599,0,0,1.2720805678326599,0,-2.4939438656077582,-2.4939438656077582,0,2.4939438656077582
2.0999999999999999e-05,1.2723399634213024,1.2723399634213024,0,0,1.2723399634213024,0,-2.6185637822114365,-2.6185637822114365,0,2.6185637822114365
2.1999999999999999e-05,1.2725491292068227,1.2725491292068227,0,0,1.2725491292068227,0,-2.7430803224006928,-2.7430803224006928,0,2.7430803224006928
2.3e-05,1.2727080569317195,1.2727080569317195,0,0,1.2727080569317195,0,-2.8674885704757265,-2.8674885704757265,0,2.8674885704757265
2.4000000000000001e-05,1.272816740321673,1.272816740321673,0,0,1.272816740321673,0,-2.9917836150119248,-2.9917836150119248,0,2.9917836150119248
2.4999999999999998e-05,1.272875175086142,1.272875175086142,0,0,1.272875175086142,0,-3.1159605490537552,-3.1159605490537552,0,3.1159605490537552
2.5999999999999998e-05,1.2728833589181932,1.2728833589181932,0,0,1.2728833589181932,0,-3.240014470308489,-3.240014470308489,0,3.240014470308489
2.6999999999999999e-05,1.2728412914948422,1.2728412914948422,0,0,1.2728412914948422,0,-3.3639404813397289,-3.3639404813397289,0,3.3639404813397289
2.8e-05,1.2727489744767126,1.2727489744767126,0,0,1.2727489744767126,0,-3.4877336897607534,-3.4877336897607534,0,3.4877336897607534
2.9e-05,1.2726064115083773,1.2726064115083773,0,0,1.2726064115083773,0,-3.6113892084276631,-3.6113892084276631,0,3.6113892084276631
2.9999999999999997e-05,1.2724136082179029,1.2724136082179029,0,0,1.2724136082179029,0,-3.7349021556323123,-3.7349021556323123,0,3.7349021556323123
3.1000000000000001e-05,1.2721705722170213,1.2721705722170213,0,0,1.2721705722170213,0,-3.8582676552950348,-3.8582676552950348,0,3.8582676552950348
3.1999999999999999e-05,1.2718773131001626,1.2718773131001626,0,0,1.2718773131001626,0,-3.9814808371571382,-3.9814808371571382,0,3.9814808371571382
3.2999999999999996e-05,1.2715338424447395,1.2715338424447395,0,0,1.2715338424447395,0,-4.1045368369731783,-4.1045368369731783,0,4.1045368369731783
3.4e-05,1.2711401738105792,1.2711401738105792,0,0,1.2711401738105792,0,-4.2274307967029872,-4.2274307967029872,0,4.2274307967029872
3.4999999999999997e-05,1.2706963227388428,1.2706963227388428,0,0,1.2706963227388428,0,-4.350157864703462,-4.350157864703462,0,4.350157864703462
3.6000000000000001e-05,1.2702023067519121,1.2702023067519121,0,0,1.2702023067519121,0,-4.4727131959201039,-4.4727131959201039,0,4.4727131959201039
3.6999999999999998e-05,1.2696581453530484,1.2696581453530484,0,0,1.2696581453530484,0,-4.5950919520782803,-4.5950919520782803,0,4.5950919520782803
3.7999999999999995e-05,1.2690638600245165,1.2690638600245165,0,0,1.2690638600245165,0,-4.7172893018742466,-4.7172893018742466,0,4.7172893018742466
3.8999999999999999e-05,1.2684194742278692,1.2684194742278692,0,0,1.2684194742278692,0,-4.839300421165869,-4.839300421165869,0,4.839300421165869
3.9999999999999996e-05,1.2677250134021278,1.2677250134021278,0,0,1.2677250134021278,0,-4.9611204931630732,-4.9611204931630732,0,4.9611204931630732
4.1e-05,1.2669805049635556,1.2669805049635556,0,0,1.2669805049635556,0,-5.082744708618006,-5.082744708618006,0,5.082744708618006
4.1999999999999998e-05,1.2661859783041791,1.2661859783041791,0,0,1.2661859783041791,0,-5.2041682660148956,-5.2041682660148956,0,5.2041682660148956
4.2999999999999995e-05,1.2653414647902537,1.2653414647902537,0,0,1.2653414647902537,0,-5.3253863717596071,-5.3253863717596071,0,5.3253863717596071
4.3999999999999999e-05,1.2644469977620929,1.2644469977620929,0,0,1.2644469977620929,0,-5.4463942403688819,-5.4463942403688819,0,5.4463942403688819
4.4999999999999996e-05,1.2635026125313971,1.2635026125313971,0,0,1.2635026125313971,0,-5.5671870946592694,-5.5671870946592694,0,5.5671870946592694
4.6e-05,1.2625083463811961,1.2625083463811961,0,0,1.2625083463811961,0,-5.6877601659357104,-5.6877601659357104,0,5.6877601659357104
4.6999999999999997e-05,1.2614642385631214,1.2614642385631214,0,0,1.2614642385631214,0,-5.8081086941798041,-5.8081086941798041,0,5.8081086941798041
4.8000000000000001e-05,1.2603703302969507,1.2603703302969507,0,0,1.2603703302969507,0,-5.9282279282377282,-5.9282279282377282,0,5.9282279282377282
4.8999999999999998e-05,1.2592266647681072,1.2592266647681072,0,0,1.2592266647681072,0,-6.048113126007796,-6.048113126007796,0,6.048113126007796
4.9999999999999996e-05,1.2580332871268638,1.2580332871268638,0,0,1.2580332871268638,0,-6.1677595546276791,-6.1677595546276791,0,6.1677595546276791
5.1e-05,1.2567902444855008,1.2567902444855008,0,0,1.2567902444855008,0,-6.2871624906612409,-6.2871624906612409,0,6.2871624906612409
5.1999999999999997e-05,1.2554975859171691,1.2554975859171691,0,0,1.2554975859171691,0,-6.4063172202850174,-6.4063172202850174,0,6.4063172202850174
5.3000000000000001e-05,1.2541553624538437,1.2541553624538437,0,0,1.2541553624538437,0,-6.5252190394743099,-6.5252190394743099,0,6.5252190394743099
5.3999999999999998e-05,1.2527636270843914,1.2527636270843914,0,0,1.2527636270843914,0,-6.6438632541888882,-6.6438632541888882,0,6.6438632541888882
5.4999999999999995e-05,1.2513224347519554,1.2513224347519554,0,0,1.2513224347519554,0,-6.762245180558307,-6.762245180558307,0,6.762245180558307
5.5999999999999999e-05,1.2498318423524779,1.2498318423524779,0,0,1.2498318423524779,0,-6.8803601450668168,-6.8803601450668168,0,6.8803601450668168
5.6999999999999996e-05,1.2482919087318578,1.2482919087318578,0,0,1.2482919087318578,0,-6.9982034847378598,-6.9982034847378598,0,6.9982034847378598
5.8e-05,1.2467026946841315,1.2467026946841315,0,0,1.2467026946841315,0,-7.1157705473181725,-7.1157705473181725,0,7.1157705473181725
5.8999999999999998e-05,1.2450642629487447,1.2450642629487447,0,0,1.2450642629487447,0,-7.2330566914614263,-7.2330566914614263,0,7.2330566914614263
5.9999999999999995e-05,1.2433766782079374,1.2433766782079374,0,0,1.2433766782079374,0,-7.3500572869114782,-7.3500572869114782,0,7.3500572869114782
6.0999999999999999e-05,1.2416400070850386,1.2416400070850386,0,0,1.2416400070850386,0,-7.4667677146851563,-7.4667677146851563,0,7.4667677146851563
6.2000000000000003e-05,1.2398543181407149,1.2398543181407149,0,0,1.2398543181407149,0,-7.5831833672546134,-7.5831833672546134,0,7.5831833672546134
6.3e-05,1.2380196818709237,1.2380196818709237,0,0,1.2380196818709237,0,-7.6992996487292205,-7.6992996487292205,0,7.6992996487292205
6.3999999999999997e-05,1.2361361707037304,1.2361361707037304,0,0,1.2361361707037304,0,-7.8151119750370093,-7.8151119750370093,0,7.8151119750370093
6.4999999999999994e-05,1.2342038589973754,1.2342038589973754,0,0,1.2342038589973754,0,-7.9306157741056369,-7.9306157741056369,0,7.9306157741056369
6.5999999999999992e-05,1.2322228230358405,1.2322228230358405,0,0,1.2322228230358405,0,-8.0458064860428937,-8.0458064860428937,0,8.0458064860428937
6.7000000000000002e-05,1.2301931410270299,1.2301931410270299,0,0,1.2301931410270299,0,-8.1606795633167089,-8.1606795633167089,0,8.1606795633167089
6.7999999999999999e-05,1.2281148930995869,1.2281148930995869,0,0,1.2281148930995869,0,-8.2752304709346873,-8.2752304709346873,0,8.2752304709346873
6.8999999999999997e-05,1.2259881612989147,1.2259881612989147,0,0,1.2259881612989147,0,-8.3894546866231341,-8.3894546866231341,0,8.3894546866231341
6.9999999999999994e-05,1.2238130295851306,1.2238130295851306,0,0,1.2238130295851306,0,-8.5033477010056018,-8.5033477010056018,0,8.5033477010056018
7.0999999999999991e-05,1.2215895838281767,1.2215895838281767,0,0,1.2215895838281767,0,-8.6169050177808959,-8.6169050177808959,0,8.6169050177808959
7.2000000000000002e-05,1.2193179118062289,1.2193179118062289,0,0,1.2193179118062289,0,-8.7301221539005951,-8.7301221539005951,0,8.7301221539005951
7.2999999999999999e-05,1.2169981032010355,1.2169981032010355,0,0,1.2169981032010355,0,-8.8429946397460188,-8.8429946397460188,0,8.8429946397460188
7.3999999999999996e-05,1.2146302495942791,1.2146302495942791,0,0,1.2146302495942791,0,-8.9555180193047015,-8.9555180193047015,0,8.9555180193047015
7.4999999999999993e-05,1.2122144444653031,1.2122144444653031,0,0,1.2122144444653031,0,-9.0676878503462817,-9.0676878503462817,0,9.0676878503462817
7.5999999999999991e-05,1.2097507831857683,1.2097507831857683,0,0,1.2097507831857683,0,-9.1794997045978981,-9.1794997045978981,0,9.1794997045978981
7.7000000000000001e-05,1.2072393630164697,1.2072393630164697,0,0,1.2072393630164697,0,-9.2909491679190008,-9.2909491679190008,0,9.2909491679190008
7.7999999999999999e-05,1.2046802831043806,1.2046802831043806,0,0,1.2046802831043806,0,-9.4020318404756065,-9.4020318404756065,0,9.4020318404756065
7.8999999999999996e-05,1.2020736444774229,1.2020736444774229,0,0,1.2020736444774229,0,-9.5127433369140064,-9.5127433369140064,0,9.5127433369140064
7.9999999999999993e-05,1.199419550041398,1.199419550041398,0,0,1.199419550041398,0,-9.6230792865338906,-9.6230792865338906,0,9.6230792865338906
8.099999999999999e-05,1.1967181045750976,1.1967181045750976,0,0,1.1967181045750976,0,-9.7330353334608937,-9.7330353334608937,0,9.7330353334608937
8.2000000000000001e-05,1.1939694147271211,1.1939694147271211,0,0,1.1939694147271211,0,-9.8426071368185593,-9.8426071368185593,0,9.8426071368185593
8.2999999999999998e-05,1.1911735890113277,1.1911735890113277,0,0,1.1911735890113277,0,-9.9517903708997029,-9.9517903708997029,0,9.9517903708997029
8.3999999999999995e-05,1.188330737801607,1.188330737801607,0,0,1.188330737801607,0,-10.0605807253372,-10.0605807253372,0,10.0605807253372
8.4999999999999993e-05,1.1854409733292641,1.1854409733292641,0,0,1.1854409733292641,0,-10.168973905274132,-10.168973905274132,0,10.168973905274132
8.599999999999999e-05,1.182504409676767,1.182504409676767,0,0,1.182504409676767,0,-10.27696563153336,-10.27696563153336,0,10.27696563153336
8.7000000000000001e-05,1.1795211627752451,1.1795211627752451,0,0,1.1795211627752451,0,-10.384551640786436,-10.384551640786436,0,10.384551640786436
8.7999999999999998e-05,1.1764913503977823,1.1764913503977823,0,0,1.1764913503977823,0,-10.491727685721933,-10.491727685721933,0,10.491727685721933
8.8999999999999995e-05,1.1734150921565742,1.1734150921565742,0,0,1.1734150921565742,0,-10.598489535213117,-10.598489535213117,0,10.598489535213117
8.9999999999999992e-05,1.1702925094962211,1.1702925094962211,0,0,1.1702925094962211,0,-10.704832974484969,-10.704832974484969,0,10.704832974484969
9.0999999999999989e-05,1.1671237256916811,1.1671237256916811,0,0,1.1671237256916811,0,-10.810753805280596,-10.810753805280596,0,10.810753805280596
9.2e-05,1.1639088658409946,1.1639088658409946,0,0,1.1639088658409946,0,-10.916247846026973,-10.916247846026973,0,10.916247846026973
9.2999999999999997e-05,1.1606480568611914,1.1606480568611914,0,0,1.1606480568611914,0,-11.021310931999992,-11.021310931999992,0,11.021310931999992
9.3999999999999994e-05,1.1573414274832885,1.1573414274832885,0,0,1.1573414274832885,0,-11.125938915488925,-11.125938915488925,0,11.125938915488925
9.4999999999999992e-05,1.1539891082475151,1.1539891082475151,0,0,1.1539891082475151,0,-11.230127665960135,-11.230127665960135,0,11.230127665960135
9.6000000000000002e-05,1.1505912314980833,1.1505912314980833,0,0,1.1505912314980833,0,-11.33387307022015,-11.33387307022015,0,11.33387307022015
9.7e-05,1.147147931376594,1.147147931376594,0,0,1.147147931376594,0,-11.43717103257805,-11.43717103257805,0,11.43717103257805
9.7999999999999997e-05,1.1436593438190812,1.1436593438190812,0,0,1.1436593438190812,0,-11.54001747500716,-11.54001747500716,0,11.54001747500716
9.8999999999999994e-05,1.1401256065489633,1.1401256065489633,0,0,1.1401256065489633,0,-11.642408337306032,-11.642408337306032,0,11.642408337306032
9.9999999999999991e-05,1.1365468590720411,1.1365468590720411,0,0,1.1365468590720411,0,-11.74433957725874,-11.74433957725874,0,11.74433957725874
0.000101,1.1329232426710405,1.1329232426710405,0,0,1.1329232426710405,0,-11.845807170794473,-11.845807170794473,0,11.845807170794473
0.000102,1.1292549004008379,1.1292549004008379,0,0,1.1292549004008379,0,-11.946807112146368,-11.946807112146368,0,11.946807112146368
0.000103,1.125541977080502,1.125541977080502,0,0,1.125541977080502,0,-12.047335414009691,-12.047335414009691,0,12.047335414009691
0.00010399999999999999,1.1217846192898833,1.1217846192898833,0,0,1.1217846192898833,0,-12.147388107699207,-12.147388107699207,0,12.147388107699207
0.00010499999999999999,1.1179829753632475,1.1179829753632475,0,0,1.1179829753632475,0,-12.246961243305893,-12.246961243305893,0,12.246961243305893
0.000106,1.1141371953833641,1.1141371953833641,0,0,1.1141371953833641,0,-12.346050889852851,-12.346050889852851,0,12.346050889852851
0.000107,1.110247431174912,1.110247431174912,0,0,1.110247431174912,0,-12.444653135450501,-12.444653135450501,0,12.444653135450501
0.000108,1.1063138362983409,1.1063138362983409,0,0,1.1063138362983409,0,-12.542764087451026,-12.542764087451026,0,12.542764087451026
0.00010899999999999999,1.1023365660462332,1.1023365660462332,0,0,1.1023365660462332,0,-12.640379872602027,-12.640379872602027,0,12.640379872602027
0.00010999999999999999,1.0983157774339816,1.0983157774339816,0,0,1.0983157774339816,0,-12.737496637199454,-12.737496637199454,0,12.737496637199454
0.000111,1.0942516291952415,1.0942516291952415,0,0,1.0942516291952415,0,-12.834110547239733,-12.834110547239733,0,12.834110547239733
0.000112,1.0901442817760199,1.0901442817760199,0,0,1.0901442817760199,0,-12.930217788571126,-12.930217788571126,0,12.930217788571126
0.000113,1.0859938973269436,1.0859938973269436,0,0,1.0859938973269436,0,-13.025814567044304,-13.025814567044304,0,13.025814567044304
0.00011399999999999999,1.0818006396984856,1.0818006396984856,0,0,1.0818006396984856,0,-13.12089710866214,-13.12089710866214,0,13.12089710866214
0.00011499999999999999,1.0775646744330061,1.0775646744330061,0,0,1.0775646744330061,0,-13.215461659728705,-13.215461659728705,0,13.215461659728705
0.000116,1.0732861687597506,1.0732861687597506,0,0,1.0732861687597506,0,-13.309504486997435,-13.309504486997435,0,13.309504486997435
0.000117,1.068965291585755,1.068965291585755,0,0,1.068965291585755,0,-13.403021877818539,-13.403021877818539,0,13.403021877818539
0.000118,1.0646022134928899,1.0646022134928899,0,0,1.0646022134928899,0,-13.496010140285559,-13.496010140285559,0,13.496010140285559
0.00011899999999999999,1.060197106726946,1.060197106726946,0,0,1.060197106726946,0,-13.588465603381112,-13.588465603381112,0,13.588465603381112
0.00011999999999999999,1.0557501451949065,1.0557501451949065,0,0,1.0557501451949065,0,-13.680384617121819,-13.680384617121819,0,13.680384617121819
0.000121,1.051261504454942,1.051261504454942,0,0,1.051261504454942,0,-13.771763552702421,-13.771763552702421,0,13.771763552702421
0.000122,1.0467313617104992,1.0467313617104992,0,0,1.0467313617104992,0,-13.862598802638992,-13.862598802638992,0,13.862598802638992
0.00012299999999999998,1.0421598958046161,1.0421598958046161,0,0,1.0421598958046161,0,-13.952886780911404,-13.952886780911404,0,13.952886780911404
0.00012400000000000001,1.0375472872106002,1.0375472872106002,0,0,1.0375472872106002,0,-14.04262392310488,-14.04262392310488,0,14.04262392310488
0.000125,1.0328937180256617,1.0328937180256617,0,0,1.0328937180256617,0,-14.131806686550693,-14.131806686550693,0,14.131806686550693
0.000126,1.0281993719656839,1.0281993719656839,0,0,1.0281993719656839,0,-14.220431550466047,-14.220431550466047,0,14.220431550466047
0.000127,1.0234644343549917,1.0234644343549917,0,0,1.0234644343549917,0,-14.308495016093072,-14.308495016093072,0,14.308495016093072
0.00012799999999999999,1.0186890921208942,1.0186890921208942,0,0,1.0186890921208942,0,-14.395993606836928,-14.395993606836928,0,14.395993606836928
0.00012899999999999999,1.013873533785727,1.013873533785727,0,0,1.013873533785727,0,-14.482923868403075,-14.482923868403075,0,14.482923868403075
0.00012999999999999999,1.0090179494593485,1.0090179494593485,0,0,1.0090179494593485,0,-14.569282368933635,-14.569282368933635,0,14.569282368933635
0.00013099999999999999,1.0041225308320918,1.0041225308320918,0,0,1.0041225308320918,0,-14.655065699142876,-14.655065699142876,0,14.655065699142876
0.00013199999999999998,0.99918747116680606,0.99918747116680606,0,0,0.99918747116680606,0,-14.740270472451806,-14.740270472451806,0,14.740270472451806
0.00013300000000000001,0.99421296529112624,0.99421296529112624,0,0,0.99421296529112624,0,-14.824893325121874,-14.824893325121874,0,14.824893325121874
0.000134,0.98919920958928742,0.98919920958928742,0,0,0.98919920958928742,0,-14.908930916387748,-14.908930916387748,0,14.908930916387748
0.000135,0.98414640199712267,0.98414640199712267,0,0,0.98414640199712267,0,-14.992379928589219,-14.992379928589219,0,14.992379928589219
0.000136,0.97905474199001219,0.97905474199001219,0,0,0.97905474199001219,0,-15.075237067302176,-15.075237067302176,0,15.075237067302176
0.000137,0.97392443057788114,0.97392443057788114,0,0,0.97392443057788114,0,-15.157499061468657,-15.157499061468657,0,15.157499061468657
0.00013799999999999999,0.96875567029701415,0.96875567029701415,0,0,0.96875567029701415,0,-15.239162663525986,-15.239162663525986,0,15.239162663525986
0.00013899999999999999,0.96354866520096039,0.96354866520096039,0,0,0.96354866520096039,0,-15.320224649534984,-15.320224649534984,0,15.320224649534984
0.00013999999999999999,0.95830362085348497,0.95830362085348497,0,0,0.95830362085348497,0,-15.400681819307247,-15.400681819307247,0,15.400681819307247
0.00014099999999999998,0.95302074431992878,0.95302074431992878,0,0,0.95302074431992878,0,-15.480530996531474,-15.480530996531474,0,15.480530996531474
0.00014199999999999998,0.94770024415947773,0.94770024415947773,0,0,0.94770024415947773,0,-15.55976902889887,-15.55976902889887,0,15.55976902889887
0.00014300000000000001,0.94234233041606785,0.94234233041606785,0,0,0.94234233041606785,0,-15.638392788227602,-15.638392788227602,0,15.638392788227602
0.000144,0.93694721461065456,0.93694721461065456,0,0,0.93694721461065456,0,-15.716399170586271,-15.716399170586271,0,15.716399170586271
0.000145,0.93151510973370932,0.93151510973370932,0,0,0.93151510973370932,0,-15.793785096416469,-15.793785096416469,0,15.793785096416469
0.000146,0.92604623023521526,0.92604623023521526,0,0,0.92604623023521526,0,-15.870547510654353,-15.870547510654353,0,15.870547510654353
0.000147,0.92054079201716377,0.92054079201716377,0,0,0.92054079201716377,0,-15.946683382851248,-15.946683382851248,0,15.946683382851248
0.00014799999999999999,0.9149990124251417,0.9149990124251417,0,0,0.9149990124251417,0,-16.022189707293279,-16.022189707293279,0,16.022189707293279
0.00014899999999999999,0.90942111023832695,0.90942111023832695,0,0,0.90942111023832695,0,-16.097063503120054,-16.097063503120054,0,16.097063503120054
0.00014999999999999999,0.9038073056635767,0.9038073056635767,0,0,0.9038073056635767,0,-16.171301814442309,-16.171301814442309,0,16.171301814442309
0.00015099999999999998,0.89815782032405878,0.89815782032405878,0,0,0.89815782032405878,0,-16.244901710458635,-16.244901710458635,0,16.244901710458635
0.00015199999999999998,0.89247287725129354,0.89247287725129354,0,0,0.89247287725129354,0,-16.317860285571165,-16.317860285571165,0,16.317860285571165
0.00015300000000000001,0.88675270087787794,0.88675270087787794,0,0,0.88675270087787794,0,-16.390174659500268,-16.390174659500268,0,16.390174659500268
0.000154,0.88099751702611684,0.88099751702611684,0,0,0.88099751702611684,0,-16.461841977398286,-16.461841977398286,0,16.461841977398286
0.000155,0.87520755290097441,0.87520755290097441,0,0,0.87520755290097441,0,-16.532859409962224,-16.532859409962224,0,16.532859409962224
0.000156,0.86938303708029707,0.86938303708029707,0,0,0.86938303708029707,0,-16.603224153545447,-16.603224153545447,0,16.603224153545447
0.00015699999999999999,0.8635241995054912,0.8635241995054912,0,0,0.8635241995054912,0,-16.672933430268369,-16.672933430268369,0,16.672933430268369
0.00015799999999999999,0.85763127147401974,0.85763127147401974,0,0,0.85763127147401974,0,-16.741984488128093,-16.741984488128093,0,16.741984488128093
0.00015899999999999999,0.8517044856287157,0.8517044856287157,0,0,0.8517044856287157,0,-16.810374601107092,-16.810374601107092,0,16.810374601107092
0.00015999999999999999,0.84574407594868717,0.84574407594868717,0,0,0.84574407594868717,0,-16.878101069280813,-16.878101069280813,0,16.878101069280813
0.00016099999999999998,0.83975027774022237,0.83975027774022237,0,0,0.83975027774022237,0,-16.945161218924259,-16.945161218924259,0,16.945161218924259
0.00016199999999999998,0.83372332762905899,0.83372332762905899,0,0,0.83372332762905899,0,-17.011552402617543,-17.011552402617543,0,17.011552402617543
0.000163,0.82766346354878806,0.82766346354878806,0,0,0.82766346354878806,0,-17.077271999350415,-17.077271999350415,0,17.077271999350415
0.000164,0.8215709247315317,0.8215709247315317,0,0,0.8215709247315317,0,-17.142317414625726,-17.142317414625726,0,17.142317414625726
0.000165,0.81544595170134926,0.81544595170134926,0,0,0.81544595170134926,0,-17.206686080561859,-17.206686080561859,0,17.206686080561859
0.000166,0.80928878626104961,0.80928878626104961,0,0,0.80928878626104961,0,-17.270375455994095,-17.270375455994095,0,17.270375455994095
0.00016699999999999999,0.80309967148514261,0.80309967148514261,0,0,0.80309967148514261,0,-17.333383026574946,-17.333383026574946,0,17.333383026574946
0.00016799999999999999,0.79687885170937989,0.79687885170937989,0,0,0.79687885170937989,0,-17.395706304873418,-17.395706304873418,0,17.395706304873418
0.00016899999999999999,0.79062657252097779,0.79062657252097779,0,0,0.79062657252097779,0,-17.457342830473191,-17.457342830473191,0,17.457342830473191
0.00016999999999999999,0.78434308074929504,0.78434308074929504,0,0,0.78434308074929504,0,-17.518290170069776,-17.518290170069776,0,17.518290170069776
0.00017099999999999998,0.77802862445582832,0.77802862445582832,0,0,0.77802862445582832,0,-17.578545917566565,-17.578545917566565,0,17.578545917566565
0.00017199999999999998,0.77168345292443519,0.77168345292443519,0,0,0.77168345292443519,0,-17.638107694169818,-17.638107694169818,0,17.638107694169818
0.000173,0.765307816651557,0.765307816651557,0,0,0.765307816651557,0,-17.696973148482588,-17.696973148482588,0,17.696973148482588
0.000174,0.75890196733712401,0.75890196733712401,0,0,0.75890196733712401,0,-17.755139956597517,-17.755139956597517,0,17.755139956597517
0.000175,0.75246615787159499,0.75246615787159499,0,0,0.75246615787159499,0,-17.81260582218864,-17.81260582218864,0,17.81260582218864
0.000176,0.74600064233118246,0.74600064233118246,0,0,0.74600064233118246,0,-17.869368476601963,-17.869368476601963,0,17.869368476601963
0.00017699999999999999,0.73950567596261862,0.73950567596261862,0,0,0.73950567596261862,0,-17.925425678945089,-17.925425678945089,0,17.925425678945089
0.00017799999999999999,0.73298151517610677,0.73298151517610677,0,0,0.73298151517610677,0,-17.980775216175658,-17.980775216175658,0,17.980775216175658
0.00017899999999999999,0.72642841753440734,0.72642841753440734,0,0,0.72642841753440734,0,-18.035414903188709,-18.035414903188709,0,18.035414903188709
0.00017999999999999998,0.71984664174283353,0.71984664174283353,0,0,0.71984664174283353,0,-18.089342582902962,-18.089342582902962,0,18.089342582902962
0.00018099999999999998,0.71323644763833727,0.71323644763833727,0,0,0.71323644763833727,0,-18.142556126345955,-18.142556126345955,0,18.142556126345955
0.00018199999999999998,0.70659809617973224,0.70659809617973224,0,0,0.70659809617973224,0,-18.195053432738113,-18.195053432738113,0,18.195053432738113
0.000183,0.69993184943882625,0.69993184943882625,0,0,0.69993184943882625,0,-18.246832429575669,-18.246832429575669,0,18.246832429575669
0.000184,0.69323797058677883,0.69323797058677883,0,0,0.69323797058677883,0,-18.297891072712481,-18.297891072712481,0,18.297891072712481
0.000185,0.68651672388637053,0.68651672388637053,0,0,0.68651672388637053,0,-18.348227346440758,-18.348227346440758,0,18.348227346440758
0.00018599999999999999,0.67976837468177109,0.67976837468177109,0,0,0.67976837468177109,0,-18.397839263570589,-18.397839263570589,0,18.397839263570589
0.00018699999999999999,0.67299318938512442,0.67299318938512442,0,0,0.67299318938512442,0,-18.446724865508443,-18.446724865508443,0,18.446724865508443
0.00018799999999999999,0.66619143546972737,0.66619143546972737,0,0,0.66619143546972737,0,-18.494882222334461,-18.494882222334461,0,18.494882222334461
0.00018899999999999999,0.65936338145752416,0.65936338145752416,0,0,0.65936338145752416,0,-18.54230943287865,-18.54230943287865,0,18.54230943287865
0.00018999999999999998,0.65250929690773773,0.65250929690773773,0,0,0.65250929690773773,0,-18.589004624795948,-18.589004624795948,0,18.589004624795948
0.00019099999999999998,0.6456294524086843,0.6456294524086843,0,0,0.6456294524086843,0,-18.63496595464013,-18.63496595464013,0,18.63496595464013
0.000192,0.63872411956344877,0.63872411956344877,0,0,0.63872411956344877,0,-18.680191607936603,-18.680191607936603,0,18.680191607936603
0.000193,0.63179357098420041,0.63179357098420041,0,0,0.63179357098420041,0,-18.724679799254005,-18.724679799254005,0,18.724679799254005
0.000194,0.62483808027673149,0.62483808027673149,0,0,0.62483808027673149,0,-18.768428772274714,-18.768428772274714,0,18.768428772274714
0.000195,0.61785792203136225,0.61785792203136225,0,0,0.61785792203136225,0,-18.811436799864193,-18.811436799864193,0,18.811436799864193
0.00019599999999999999,0.61085337181339128,0.61085337181339128,0,0,0.61085337181339128,0,-18.853702184139156,-18.853702184139156,0,18.853702184139156
0.00019699999999999999,0.60382470615058992,0.60382470615058992,0,0,0.60382470615058992,0,-18.895223256534592,-18.895223256534592,0,18.895223256534592
0.00019799999999999999,0.59677220252183361,0.59677220252183361,0,0,0.59677220252183361,0,-18.935998377869666,-18.935998377869666,0,18.935998377869666
0.00019899999999999999,0.58969613934846166,0.58969613934846166,0,0,0.58969613934846166,0,-18.976025938412405,-18.976025938412405,0,18.976025938412405
0.00019999999999999998,0.5825967959810896,0.5825967959810896,0,0,0.5825967959810896,0,-19.015304357943258,-19.015304357943258,0,19.015304357943258
0.00020099999999999998,0.57547445269005948,0.57547445269005948,0,0,0.57547445269005948,0,-19.053832085817476,-19.053832085817476,0,19.053832085817476
0.000202,0.56832939065293431,0.56832939065293431,0,0,0.56832939065293431,0,-19.091607601026329,-19.091607601026329,0,19.091607601026329
0.000203,0.56116189194426624,0.56116189194426624,0,0,0.56116189194426624,0,-19.128629412257165,-19.128629412257165,0,19.128629412257165
0.000204,0.55397223952513741,0.55397223952513741,0,0,0.55397223952513741,0,-19.164896057952266,-19.164896057952266,0,19.164896057952266
0.000205,0.54676071723110908,0.54676071723110908,0,0,0.54676071723110908,0,-19.20040610636655,-19.20040610636655,0,19.20040610636655
0.00020599999999999999,0.53952760975948877,0.53952760975948877,0,0,0.53952760975948877,0,-19.23515815562412,-19.23515815562412,0,19.23515815562412
0.00020699999999999999,0.5322732026615995,0.5322732026615995,0,0,0.5322732026615995,0,-19.269150833773576,-19.269150833773576,0,19.269150833773576
0.00020799999999999999,0.52499778232936478,0.52499778232936478,0,0,0.52499778232936478,0,-19.302382798842181,-19.302382798842181,0,19.302382798842181
0.00020899999999999998,0.51770163598371255,0.51770163598371255,0,0,0.51770163598371255,0,-19.334852738888863,-19.334852738888863,0,19.334852738888863
0.00020999999999999998,0.51038505166366122,0.51038505166366122,0,0,0.51038505166366122,0,-19.366559372055985,-19.366559372055985,0,19.366559372055985
0.00021099999999999998,0.50304831821608786,0.50304831821608786,0,0,0.50304831821608786,0,-19.397501446619955,-19.397501446619955,0,19.397501446619955
0.000212,0.49569172528208583,0.49569172528208583,0,0,0.49569172528208583,0,-19.427677741040657,-19.427677741040657,0,19.427677741040657
0.000213,0.48831556328741499,0.48831556328741499,0,0,0.48831556328741499,0,-19.457087064009656,-19.457087064009656,0,19.457087064009656
0.000214,0.48092012343067836,0.48092012343067836,0,0,0.48092012343067836,0,-19.485728254497236,-19.485728254497236,0,19.485728254497236
0.00021499999999999999,0.47350569767081652,0.47350569767081652,0,0,0.47350569767081652,0,-19.513600181798239,-19.513600181798239,0,19.513600181798239
0.00021599999999999999,0.46607257871619368,0.46607257871619368,0,0,0.46607257871619368,0,-19.540701745576708,-19.540701745576708,0,19.540701745576708
0.00021699999999999999,0.45862106001504799,0.45862106001504799,0,0,0.45862106001504799,0,-19.567031875909294,-19.567031875909294,0,19.567031875909294
0.00021799999999999999,0.45115143573889327,0.45115143573889327,0,0,0.45115143573889327,0,-19.592589533327548,-19.592589533327548,0,19.592589533327548
0.00021899999999999998,0.44366400077751678,0.44366400077751678,0,0,0.44366400077751678,0,-19.617373708858906,-19.617373708858906,0,19.617373708858906
0.00021999999999999998,0.43615905072033456,0.43615905072033456,0,0,0.43615905072033456,0,-19.641383424066568,-19.641383424066568,0,19.641383424066568
0.00022099999999999998,0.42863688185116189,0.42863688185116189,0,0,0.42863688185116189,0,-19.664617731088079,-19.664617731088079,0,19.664617731088079
0.000222,0.42109779113116019,0.42109779113116019,0,0,0.42109779113116019,0,-19.687075712672794,-19.687075712672794,0,19.687075712672794
0.000223,0.41354207619224326,0.41354207619224326,0,0,0.41354207619224326,0,-19.708756482218039,-19.708756482218039,0,19.708756482218039
0.000224,0.40597003532002418,0.40597003532002418,0,0,0.40597003532002418,0,-19.729659183804163,-19.729659183804163,0,19.729659183804163
0.00022499999999999999,0.39838196744517518,0.39838196744517518,0,0,0.39838196744517518,0,-19.749782992228301,-19.749782992228301,0,19.749782992228301
0.00022599999999999999,0.39077817213365051,0.39077817213365051,0,0,0.39077817213365051,0,-19.769127113036944,-19.769127113036944,0,19.769127113036944
0.00022699999999999999,0.38315894956826924,0.38315894956826924,0,0,0.38315894956826924,0,-19.787690782557338,-19.787690782557338,0,19.787690782557338
0.00022799999999999999,0.37552460054371295,0.37552460054371295,0,0,0.37552460054371295,0,-19.805473267927589,-19.805473267927589,0,19.805473267927589
0.00022899999999999998,0.36787542645060967,0.36787542645060967,0,0,0.36787542645060967,0,-19.822473867125623,-19.822473867125623,0,19.822473867125623
0.00022999999999999998,0.3602117292659841,0.3602117292659841,0,0,0.3602117292659841,0,-19.838691908996896,-19.838691908996896,0,19.838691908996896
0.00023099999999999998,0.35253381153870578,0.35253381153870578,0,0,0.35253381153870578,0,-19.854126753280884,-19.854126753280884,0,19.854126753280884
0.000232,0.34484197638062142,0.34484197638062142,0,0,0.34484197638062142,0,-19.868777790636361,-19.868777790636361,0,19.868777790636361
0.000233,0.33713652745154832,0.33713652745154832,0,0,0.33713652745154832,0,-19.882644442665462,-19.882644442665462,0,19.882644442665462
0.000234,0.32941776894995201,0.32941776894995201,0,0,0.32941776894995201,0,-19.895726161936501,-19.895726161936501,0,19.895726161936501
0.00023499999999999999,0.3216860055986217,0.3216860055986217,0,0,0.3216860055986217,0,-19.908022432005616,-19.908022432005616,0,19.908022432005616
0.00023599999999999999,0.31394154263466589,0.31394154263466589,0,0,0.31394154263466589,0,-19.919532767437104,-19.919532767437104,0,19.919532767437104
0.00023699999999999999,0.30618468579609726,0.30618468579609726,0,0,0.30618468579609726,0,-19.930256713822637,-19.930256713822637,0,19.930256713822637
0.00023799999999999998,0.29841574131023663,0.29841574131023663,0,0,0.29841574131023663,0,-19.940193847799176,-19.940193847799176,0,19.940193847799176
0.00023899999999999998,0.29063501588211693,0.29063501588211693,0,0,0.29063501588211693,0,-19.949343777065685,-19.949343777065685,0,19.949343777065685
0.00023999999999999998,0.28284281668106814,0.28284281668106814,0,0,0.28284281668106814,0,-19.957706140398621,-19.957706140398621,0,19.957706140398621
0.00024099999999999998,0.27503945132980334,0.27503945132980334,0,0,0.27503945132980334,0,-19.965280607666202,-19.965280607666202,0,19.965280607666202
0.000242,0.26722522789236791,0.26722522789236791,0,0,0.26722522789236791,0,-19.972066879841424,-19.972066879841424,0,19.972066879841424
0.000243,0.25940045486026975,0.25940045486026975,0,0,0.25940045486026975,0,-19.978064689013891,-19.978064689013891,0,19.978064689013891
0.00024399999999999999,0.25156544114247481,0.25156544114247481,0,0,0.25156544114247481,0,-19.983273798400358,-19.983273798400358,0,19.983273798400358
0.00024499999999999999,0.24372049605176471,0.24372049605176471,0,0,0.24372049605176471,0,-19.987694002354115,-19.987694002354115,0,19.987694002354115
0.00024599999999999996,0.23586592929314065,0.23586592929314065,0,0,0.23586592929314065,0,-19.99132512637307,-19.99132512637307,0,19.99132512637307
0.00024699999999999999,0.22800205095131787,0.22800205095131787,0,0,0.22800205095131787,0,-19.994167027106666,-19.994167027106666,0,19.994167027106666
0.00024800000000000001,0.22012917147890221,0.22012917147890221,0,0,0.22012917147890221,0,-19.99621959236153,-19.99621959236153,0,19.99621959236153
0.00024899999999999998,0.21224760168433932,0.21224760168433932,0,0,0.21224760168433932,0,-19.997482741105898,-19.997482741105898,0,19.997482741105898
0.00025000000000000001,0.2043576527175901,0.2043576527175901,0,0,0.2043576527175901,0,-19.997956423472825,-19.997956423472825,0,19.997956423472825
0.00025099999999999998,0.19645963606035366,0.19645963606035366,0,0,0.19645963606035366,0,-19.997640620762137,-19.997640620762137,0,19.997640620762137
0.000252,0.18855386351310699,0.18855386351310699,0,0,0.18855386351310699,0,-19.996535345441188,-19.996535345441188,0,19.996535345441188
0.00025299999999999997,0.18064064718259942,0.18064064718259942,0,0,0.18064064718259942,0,-19.994640641144354,-19.994640641144354,0,19.994640641144354
0.00025399999999999999,0.17272029946843759,0.17272029946843759,0,0,0.17272029946843759,0,-19.991956582671317,-19.991956582671317,0,19.991956582671317
0.00025499999999999996,0.16479313305239884,0.16479313305239884,0,0,0.16479313305239884,0,-19.988483275984109,-19.988483275984109,0,19.988483275984109
0.00025599999999999999,0.15685946088569835,0.15685946088569835,0,0,0.15685946088569835,0,-19.984220858202924,-19.984220858202924,0,19.984220858202924
0.00025700000000000001,0.14891959617602879,0.14891959617602879,0,0,0.14891959617602879,0,-19.979169497600733,-19.979169497600733,0,19.979169497600733
0.00025799999999999998,0.14097385237596427,0.14097385237596427,0,0,0.14097385237596427,0,-19.97332939359659,-19.97332939359659,0,19.97332939359659
0.00025900000000000001,0.13302254316931794,0.13302254316931794,0,0,0.13302254316931794,0,-19.966700776747807,-19.966700776747807,0,19.966700776747807
0.00025999999999999998,0.12506598246045542,0.12506598246045542,0,0,0.12506598246045542,0,-19.959283908740826,-19.959283908740826,0,19.959283908740826
0.000261,0.11710448436087972,0.11710448436087972,0,0,0.11710448436087972,0,-19.951079082380897,-19.951079082380897,0,19.951079082380897
0.00026199999999999997,0.10913836317695313,0.10913836317695313,0,0,0.10913836317695313,0,-19.942086621580508,-19.942086621580508,0,19.942086621580508
0.000263,0.10116793339716423,0.10116793339716423,0,0,0.10116793339716423,0,-19.932306881346626,-19.932306881346626,0,19.932306881346626
0.00026399999999999997,0.093193509680531861,0.093193509680531861,0,0,0.093193509680531861,0,-19.921740247766646,-19.921740247766646,0,19.921740247766646
0.00026499999999999999,0.085215406843644814,0.085215406843644814,0,0,0.085215406843644814,0,-19.910387137993165,-19.910387137993165,0,19.910387137993165
0.00026600000000000001,0.07723393984838367,0.07723393984838367,0,0,0.07723393984838367,0,-19.898248000227518,-19.898248000227518,0,19.898248000227518
0.00026699999999999998,0.069249423789642606,0.069249423789642606,0,0,0.069249423789642606,0,-19.885323313702081,-19.885323313702081,0,19.885323313702081
0.00026800000000000001,0.06126217388191435,0.06126217388191435,0,0,0.06126217388191435,0,-19.871613588661347,-19.871613588661347,0,19.871613588661347
0.00026899999999999998,0.053272505448830998,0.053272505448830998,0,0,0.053272505448830998,0,-19.857119366341788,-19.857119366341788,0,19.857119366341788
0.00027,0.045280733907929971,0.045280733907929971,0,0,0.045280733907929971,0,-19.841841218950478,-19.841841218950478,0,19.841841218950478
0.00027099999999999997,0.037287174762013819,0.037287174762013819,0,0,0.037287174762013819,0,-19.825779749642514,-19.825779749642514,0,19.825779749642514
0.000272,0.029292143581869823,0.029292143581869823,0,0,0.029292143581869823,0,-19.808935592497207,-19.808935592497207,0,19.808935592497207
0.00027299999999999997,0.021295955997857163,0.021295955997857163,0,0,0.021295955997857163,0,-19.791309412493042,-19.791309412493042,0,19.791309412493042
0.00027399999999999999,0.013298927686037132,0.013298927686037132,0,0,0.013298927686037132,0,-19.772901905481422,-19.772901905481422,0,19.772901905481422
0.00027499999999999996,0.0053013743549854553,0.0053013743549854553,0,0,0.0053013743549854553,0,-19.753713798159207,-19.753713798159207,0,19.753713798159207
0.00027599999999999999,0,0,0,0,0,-5.3490540024014877e-05,-19.733772374697388,-19.733772374697388,-5.3490540024014877e-05,19.73382586523741
0.00027700000000000001,0,0,0,0,0,-0.00060500000849827984,-19.71349690298846,-19.71349690298846,-0.00060500000849827984,19.714101902996958
0.00027799999999999998,0,0,0,0,0,-0.0015554821379719641,-19.692842172722081,-19.692842172722081,-0.0015554821379719641,19.694397654860051
0.00027900000000000001,0,0,0,0,0,-0.0029045006079222446,-19.671808600514517,-19.671808600514517,-0.0029045006079222446,19.674713101122439
0.00027999999999999998,0,0,0,0,0,-0.0046516037628983042,-19.650396618336671,-19.650396618336671,-0.0046516037628983042,19.65504822209957
0.000281,0,0,0,0,0,-0.0067963246299385105,-19.62860667349662,-19.62860667349662,-0.0067963246299385105,19.635402998126558
0.00028199999999999997,0,0,0,0,0,-0.0093381809366199775,-19.606439228621561,-19.606439228621561,-0.0093381809366199775,19.615777409558181
0.00028299999999999999,0,0,0,0,0,-0.012276675129703207,-19.583894761639144,-19.583894761639144,-0.012276675129703207,19.596171436768849
0.00028399999999999996,0,0,0,0,0,-0.015611294394355824,-19.560973765758227,-19.560973765758227,-0.015611294394355824,19.576585060152585
0.00028499999999999999,0,0,0,0,0,-0.019341510674033557,-19.537676749448984,-19.537676749448984,-0.019341510674033557,19.557018260123016
0.00028600000000000001,0,0,0,0,0,-0.023466780690895916,-19.514004236422441,-19.514004236422441,-0.023466780690895916,19.537471017113337
0.00028699999999999998,0,0,0,0,0,-0.027986545966884435,-19.489956765609413,-19.489956765609413,-0.027986545966884435,19.5179433115763
0.00028800000000000001,0,0,0,0,0,-0.032900232845360478,-19.465534891138841,-19.465534891138841,-0.032900232845360478,19.498435123984201
0.00028899999999999998,0,0,0,0,0,-0.038207252513366541,-19.440739182315486,-19.440739182315486,-0.038207252513366541,19.478946434828853
0.00029,0,0,0,0,0,-0.043907001024468428,-19.415570223597094,-19.415570223597094,-0.043907001024468428,19.459477224621562
0.00029099999999999997,0,0,0,0,0,-0.049998859322208489,-19.390028614570909,-19.390028614570909,-0.049998859322208489,19.440027473893117
0.000292,0,0,0,0,0,-0.056482193264145053,-19.364114969929624,-19.364114969929624,-0.056482193264145053,19.420597163193769
0.00029299999999999997,0,0,0,0,0,-0.063356353646501162,-19.337829919446698,-19.337829919446698,-0.063356353646501162,19.401186273093199
0.00029399999999999999,0,0,0,0,0,-0.070620676229401269,-19.311174107951118,-19.311174107951118,-0.070620676229401269,19.381794784180521
0.00029499999999999996,0,0,0,0,0,-0.078274481762688808,-19.284148195301555,-19.284148195301555,-0.078274481762688808,19.362422677064242
0.00029599999999999998,0,0,0,0,0,-0.086317076012367266,-19.256752856359885,-19.256752856359885,-0.086317076012367266,19.343069932372252
0.00029700000000000001,0,0,0,0,0,-0.094747749787599034,-19.228988780964208,-19.228988780964208,-0.094747749787599034,19.323736530751809
0.00029799999999999998,0,0,0,0,0,-0.10356577896832242,-19.200856673901185,-19.200856673901185,-0.10356577896832242,19.304422452869506
0.000299,0,0,0,0,0,-0.11277042453344421,-19.17235725487782,-19.17235725487782,-0.11277042453344421,19.285127679411264
0.00029999999999999997,0,0,0,0,0,-0.12236093258961844,-19.143491258492691,-19.143491258492691,-0.12236093258961844,19.26585219108231
0.000301,0,0,0,0,0,-0.13233653440062731,-19.114259434206524,-19.114259434206524,-0.13233653440062731,19.246595968607149
0.00030199999999999997,0,0,0,0,0,-0.1426964464173377,-19.084662546312224,-19.084662546312224,-0.1426964464173377,19.227358992729563
0.00030299999999999999,0,0,0,0,0,-0.15343987030823669,-19.054701373904336,-19.054701373904336,-0.15343987030823669,19.208141244212573
0.00030399999999999996,0,0,0,0,0,-0.16456599299056762,-19.024376710847861,-19.024376710847861,-0.16456599299056762,19.188942703838428
0.00030499999999999999,0,0,0,0,0,-0.17607398666203622,-18.993689365746548,-18.993689365746548,-0.17607398666203622,19.169763352408584
0.00030600000000000001,0,0,0,0,0,-0.18796300883310302,-18.962640161910585,-18.962640161910585,-0.18796300883310302,19.15060317074369
0.00030699999999999998,0,0,0,0,0,-0.20023220235985661,-18.931229937323707,-18.931229937323707,-0.20023220235985661,19.131462139683563
0.00030800000000000001,0,0,0,0,0,-0.21288069547746424,-18.899459544609705,-18.899459544609705,-0.21288069547746424,19.112340240087171
0.00030899999999999998,0,0,0,0,0,-0.22590760183419434,-18.867329850998416,-18.867329850998416,-0.22590760183419434,19.093237452832611
0.00031,0,0,0,0,0,-0.2393120205260324,-18.834841738291061,-18.834841738291061,-0.2393120205260324,19.074153758817094
0.00031099999999999997,0,0,0,0,0,-0.2530930361318493,-18.801996102825079,-18.801996102825079,-0.2530930361318493,19.055089138956927
0.00031199999999999999,0,0,0,0,0,-0.26724971874916115,-18.768793855438325,-18.768793855438325,-0.26724971874916115,19.036043574187484
0.00031299999999999996,0,0,0,0,0,-0.28178112403045041,-18.735235921432754,-18.735235921432754,-0.28178112403045041,19.017017045463202
0.00031399999999999999,0,0,0,0,0,-0.29668629322007156,-18.701323240537477,-18.701323240537477,-0.29668629322007156,18.99800953375755
0.00031499999999999996,0,0,0,0,0,-0.31196425319169485,-18.667056766871319,-18.667056766871319,-0.31196425319169485,18.979021020063016
0.00031599999999999998,0,0,0,0,0,-0.32761401648636479,-18.632437468904719,-18.632437468904719,-0.32761401648636479,18.960051485391084
0.00031700000000000001,0,0,0,0,0,-0.34363458135108083,-18.597466329421138,-18.597466329421138,-0.34363458135108083,18.941100910772217
0.00031799999999999998,0,0,0,0,0,-0.36002493177796069,-18.562144345477879,-18.562144345477879,-0.36002493177796069,18.92216927725584
0.000319,0,0,0,0,0,-0.37678403754398637,-18.526472528366327,-18.526472528366327,-0.37678403754398637,18.903256565910315
0.00031999999999999997,0,0,0,0,0,-0.39391085425127059,-18.490451903571664,-18.490451903571664,-0.39391085425127059,18.884362757822934
0.000321,0,0,0,0,0,-0.41140432336791299,-18.454083510731969,-18.454083510731969,-0.41140432336791299,18.865487834099884
0.00032199999999999997,0,0,0,0,0,-0.42926337226940703,-18.417368403596832,-18.417368403596832,-0.42926337226940703,18.846631775866239
0.00032299999999999999,0,0,0,0,0,-0.44748691428060994,-18.38030764998533,-18.38030764998533,-0.44748691428060994,18.82779456426594
0.00032399999999999996,0,0,0,0,0,-0.4660738487182492,-18.342902331743527,-18.342902331743527,-0.4660738487182492,18.808976180461777
0.00032499999999999999,0,0,0,0,0,-0.48502306093399916,-18.305153544701362,-18.305153544701362,-0.48502306093399916,18.790176605635359
0.00032600000000000001,0,0,0,0,0,-0.50433342235811018,-18.267062398629001,-18.267062398629001,-0.50433342235811018,18.771395820987113
0.00032699999999999998,0,0,0,0,0,-0.52400379054357238,-18.228630017192678,-18.228630017192678,-0.52400379054357238,18.752633807736252
0.000328,0,0,0,0,0,-0.54403300921084607,-18.189857537909916,-18.189857537909916,-0.54403300921084607,18.733890547120762
0.00032899999999999997,0,0,0,0,0,-0.56441990829312516,-18.150746112104255,-18.150746112104255,-0.56441990829312516,18.71516602039738
0.00033,0,0,0,0,0,-0.58516330398215288,-18.111296904859426,-18.111296904859426,-0.58516330398215288,18.696460208841579
0.00033099999999999997,0,0,0,0,0,-0.60626199877456877,-18.071511094972976,-18.071511094972976,-0.60626199877456877,18.677773093747543
0.00033199999999999999,0,0,0,0,0,-0.62771478151882221,-18.031389874909337,-18.031389874909337,-0.62771478151882221,18.659104656428159
0.00033299999999999996,0,0,0,0,0,-0.64952042746258876,-17.990934450752398,-17.990934450752398,-0.64952042746258876,18.640454878214985
0.00033399999999999999,0,0,0,0,0,-0.67167769830076551,-17.950146042157478,-17.950146042157478,-0.67167769830076551,18.621823740458243
0.00033500000000000001,0,0,0,0,0,-0.69418534222396033,-17.909025882302835,-17.909025882302835,-0.69418534222396033,18.603211224526795
0.00033599999999999998,0,0,0,0,0,-0.71704209396753527,-17.867575217840585,-17.867575217840585,-0.71704209396753527,18.58461731180812
0.00033700000000000001,0,0,0,0,0,-0.74024667486119888,-17.825795308847106,-17.825795308847106,-0.74024667486119888,18.566041983708306
0.00033799999999999998,0,0,0,0,0,-0.76379779287909244,-17.783687428772932,-17.783687428772932,-0.76379779287909244,18.547485221652025
0.000339,0,0,0,0,0,-0.7876941426904196,-17.741252864392088,-17.741252864392088,-0.7876941426904196,18.528947007082508
0.00033999999999999997,0,0,0,0,0,-0.81193440571061615,-17.698492915750926,-17.698492915750926,-0.81193440571061615,18.510427321461542
0.00034099999999999999,0,0,0,0,0,-0.83651725015302958,-17.655408896116413,-17.655408896116413,-0.83651725015302958,18.491926146269442
0.00034199999999999996,0,0,0,0,0,-0.86144133108109422,-17.612002131923937,-17.612002131923937,-0.86144133108109422,18.473443463005029
0.00034299999999999999,0,0,0,0,0,-0.88670529046109436,-17.568273962724525,-17.568273962724525,-0.88670529046109436,18.45497925318562
0.00034399999999999996,0,0,0,0,0,-0.9123077572153715,-17.52422574113163,-17.52422574113163,-0.9123077572153715,18.436533498347
0.00034499999999999998,0,0,0,0,0,-0.9382473472760875,-17.479858832767327,-17.479858832767327,-0.9382473472760875,18.418106180043416
0.00034600000000000001,0,0,0,0,0,-0.96452266363949768,-17.435174616208052,-17.435174616208052,-0.96452266363949768,18.399697279847548
0.00034699999999999998,0,0,0,0,0,-0.9911322964207212,-17.390174482929773,-17.390174482929773,-0.9911322964207212,18.381306779350492
0.000348,0,0,0,0,0,-1.018074822909032,-17.344859837252713,-17.344859837252713,-1.018074822909032,18.362934660161745
0.00034899999999999997,0,0,0,0,0,-1.0453488076236521,-17.299232096285536,-17.299232096285536,-1.0453488076236521,18.34458090390919
0.00035,0,0,0,0,0,-1.0729528023700592,-17.253292689869006,-17.253292689869006,-1.0729528023700592,18.326245492239067
0.00035099999999999997,0,0,0,0,0,-1.10088534629676,-17.207043060519204,-17.207043060519204,-1.10088534629676,18.307928406815964
0.00035199999999999999,0,0,0,0,0,-1.1291449659526283,-17.160484663370163,-17.160484663370163,-1.1291449659526283,18.289629629322793
0.00035299999999999996,0,0,0,0,0,-1.1577301753446747,-17.1136189661161,-17.1136189661161,-1.1577301753446747,18.271349141460774
0.00035399999999999999,0,0,0,0,0,-1.1866394759963557,-17.066447448953067,-17.066447448953067,-1.1866394759963557,18.253086924949422
0.00035500000000000001,0,0,0,0,0,-1.2158713570063515,-17.018971604520161,-17.018971604520161,-1.2158713570063515,18.234842961526514
0.00035599999999999998,0,0,0,0,0,-1.2454242951078545,-16.971192937840236,-16.971192937840236,-1.2454242951078545,18.216617232948089
0.000357,0,0,0,0,0,-1.2752967547283234,-16.923112966260089,-16.923112966260089,-1.2752967547283234,18.198409720988412
0.00035799999999999997,0,0,0,0,0,-1.3054871880497494,-16.874733219390226,-16.874733219390226,-1.3054871880497494,18.180220407439975
0.000359,0,0,0,0,0,-1.3359940350693922,-16.826055239044067,-16.826055239044067,-1.3359940350693922,18.16204927411346
0.00035999999999999997,0,0,0,0,0,-1.366815723660971,-16.777080579176761,-16.777080579176761,-1.366815723660971,18.143896302837732
0.00036099999999999999,0,0,0,0,0,-1.3979506696364083,-16.72781080582341,-16.72781080582341,-1.3979506696364083,18.125761475459818
0.00036199999999999996,0,0,0,0,0,-1.4293972768079648,-16.678247497036928,-16.678247497036928,-1.4293972768079648,18.107644773844893
0.00036299999999999999,0,0,0,0,0,-1.4611539370509039,-16.628392242825342,-16.628392242825342,-1.4611539370509039,18.089546179876248
0.00036399999999999996,0,0,0,0,0,-1.4932190303666033,-16.578246645088687,-16.578246645088687,-1.4932190303666033,18.07146567545529
0.00036499999999999998,0,0,0,0,0,-1.5255909249461599,-16.527812317555352,-16.527812317555352,-1.5255909249461599,18.053403242501513
0.00036600000000000001,0,0,0,0,0,-1.5582679772344203,-16.477090885718063,-16.477090885718063,-1.5582679772344203,18.035358862952485
0.00036699999999999998,0,0,0,0,0,-1.5912485319945162,-16.426083986769306,-16.426083986769306,-1.5912485319945162,18.017332518763823
0.000368,0,0,0,0,0,-1.6245309223728519,-16.37479326953633,-16.37479326953633,-1.6245309223728519,17.999324191909182
0.00036899999999999997,0,0,0,0,0,-1.6581134699645137,-16.323220394415721,-16.323220394415721,-1.6581134699645137,17.981333864380233
0.00036999999999999999,0,0,0,0,0,-1.6919944848792046,-16.271367033307442,-16.271367033307442,-1.6919944848792046,17.963361518186645
0.00037099999999999996,0,0,0,0,0,-1.7261722658075662,-16.219234869548504,-16.219234869548504,-1.7261722658075662,17.945407135356071
0.00037199999999999999,0,0,0,0,0,-1.7606451000879941,-16.166825597846135,-16.166825597846135,-1.7606451000879941,17.92747069793413
0.00037299999999999996,0,0,0,0,0,-1.7954112637738744,-16.114140924210506,-16.114140924210506,-1.7954112637738744,17.909552187984382
0.00037399999999999998,0,0,0,0,0,-1.830469021701302,-16.061182565887012,-16.061182565887012,-1.830469021701302,17.891651587588314
0.00037500000000000001,0,0,0,0,0,-1.8658166275571855,-16.007952251288138,-16.007952251288138,-1.8658166275571855,17.873768878845322
0.00037599999999999998,0,0,0,0,0,-1.9014523239478542,-15.954451719924844,-15.954451719924844,-1.9014523239478542,17.855904043872698
0.000377,0,0,0,0,0,-1.9373743424680736,-15.900682722337534,-15.900682722337534,-1.9373743424680736,17.838057064805607
0.00037799999999999997,0,0,0,0,0,-1.9735809037704808,-15.846647020026586,-15.846647020026586,-1.9735809037704808,17.820227923797066
0.000379,0,0,0,0,0,-2.0100702176354801,-15.792346385382455,-15.792346385382455,-2.0100702176354801,17.802416603017935
0.00037999999999999997,0,0,0,0,0,-2.0468404830415583,-15.737782601615335,-15.737782601615335,-2.0468404830415583,17.784623084656893
0.00038099999999999999,0,0,0,0,0,-2.0838898882360137,-15.682957462684401,-15.682957462684401,-2.0838898882360137,17.766847350920415
0.00038199999999999996,0,0,0,0,0,-2.121216610806135,-15.627872773226633,-15.627872773226633,-2.121216610806135,17.749089384032768
0.00038299999999999999,0,0,0,0,0,-2.158818817750789,-15.572530348485198,-15.572530348485198,-2.158818817750789,17.731349166235987
0.00038400000000000001,0,0,0,0,0,-2.1966946655524069,-15.51693201423744,-15.51693201423744,-2.1966946655524069,17.713626679789847
0.00038499999999999998,0,0,0,0,0,-2.2348423002494107,-15.461079606722453,-15.461079606722453,-2.2348423002494107,17.695921906971865
0.000386,0,0,0,0,0,-2.273259857509065,-15.404974972568201,-15.404974972568201,-2.273259857509065,17.678234830077265
0.00038699999999999997,0,0,0,0,0,-2.3119454627006935,-15.348619968718273,-15.348619968718273,-2.3119454627006935,17.660565431418966
0.000388,0,0,0,0,0,-2.3508972309693403,-15.29201646235823,-15.29201646235823,-2.3508972309693403,17.642913693327571
0.00038899999999999997,0,0,0,0,0,-2.3901132673098253,-15.235166330841516,-15.235166330841516,-2.3901132673098253,17.625279598151341
0.00038999999999999999,0,0,0,0,0,-2.4295916666411905,-15.178071461614987,-15.178071461614987,-2.4295916666411905,17.607663128256178
0.00039099999999999996,0,0,0,0,0,-2.4693305138815562,-15.120733752144055,-15.120733752144055,-2.4693305138815562,17.59006426602561
0.00039199999999999999,0,0,0,0,0,-2.5093278840233779,-15.063155109837396,-15.063155109837396,-2.5093278840233779,17.572482993860774
0.00039299999999999996,0,0,0,0,0,-2.5495818422090695,-15.005337451971329,-15.005337451971329,-2.5495818422090695,17.554919294180397
0.00039399999999999998,0,0,0,0,0,-2.5900904438070418,-14.947282705613734,-14.947282705613734,-2.5900904438070418,17.537373149420777
0.00039500000000000001,0,0,0,0,0,-2.6308517344881146,-14.888992807547652,-14.888992807547652,-2.6308517344881146,17.519844542035766
0.00039599999999999998,0,0,0,0,0,-2.6718637503023226,-14.830469704194435,-14.830469704194435,-2.6718637503023226,17.502333454496757
0.000397,0,0,0,0,0,-2.7131245177560812,-14.771715351536578,-14.771715351536578,-2.7131245177560812,17.48483986929266
0.00039799999999999997,0,0,0,0,0,-2.7546320538897504,-14.712731715040139,-14.712731715040139,-2.7546320538897504,17.467363768929889
0.00039899999999999999,0,0,0,0,0,-2.7963843663555785,-14.653520769576765,-14.653520769576765,-2.7963843663555785,17.449905135932344
0.00039999999999999996,0,0,0,0,0,-2.8383794534959588,-14.59408449934543,-14.59408449934543,-2.8383794534959588,17.432463952841388
0.00040099999999999999,0,0,0,0,0,-2.8806153044221547,-14.534424897793684,-14.534424897793684,-2.8806153044221547,17.415040202215838
0.00040199999999999996,0,0,0,0,0,-2.9230898990932914,-14.474543967538651,-14.474543967538651,-2.9230898990932914,17.397633866631942
0.00040299999999999998,0,0,0,0,0,-2.9658012083957699,-14.414443720287593,-14.414443720287593,-2.9658012083957699,17.380244928683364
0.00040400000000000001,0,0,0,0,0,-3.0087471942230142,-14.354126176758149,-14.354126176758149,-3.0087471942230142,17.362873370981163
0.00040499999999999998,0,0,0,0,0,-3.0519258095555815,-14.293593366598198,-14.293593366598198,-3.0519258095555815,17.345519176153779
0.000406,0,0,0,0,0,-3.0953349985416265,-14.23284732830539,-14.23284732830539,-3.0953349985416265,17.328182326847017
0.00040699999999999997,0,0,0,0,0,-3.1389726965777047,-14.17189010914632,-14.17189010914632,-3.1389726965777047,17.310862805724025
0.000408,0,0,0,0,0,-3.1828368303899479,-14.110723765075331,-14.110723765075331,-3.1828368303899479,17.29356059546528
0.00040899999999999997,0,0,0,0,0,-3.2269253181155246,-14.049350360653049,-14.049350360653049,-3.2269253181155246,17.276275678768574
0.00040999999999999999,0,0,0,0,0,-3.2712360693845222,-13.987771968964463,-13.987771968964463,-3.2712360693845222,17.259008038348984
0.00041099999999999996,0,0,0,0,0,-3.3157669854020924,-13.92599067153678,-13.92599067153678,-3.3157669854020924,17.241757656938873
0.00041199999999999999,0,0,0,0,0,-3.3605159590309661,-13.864008558256888,-13.864008558256888,-3.3605159590309661,17.224524517287854
0.00041299999999999996,0,0,0,0,0,-3.4054808748742937,-13.801827727288497,-13.801827727288497,-3.4054808748742937,17.20730860216279
0.00041399999999999998,0,0,0,0,0,-3.450659609358814,-13.739450284988946,-13.739450284988946,-3.450659609358814,17.19010989434776
0.000415,0,0,0,0,0,-3.4960500308183153,-13.676878345825743,-13.676878345825743,-3.4960500308183153,17.172928376644059
0.00041599999999999997,0,0,0,0,0,-3.5416499995774675,-13.614114032292695,-13.614114032292695,-3.5416499995774675,17.155764031870163
0.000417,0,0,0,0,0,-3.5874573680359561,-13.551159474825774,-13.551159474825774,-3.5874573680359561,17.13861684286173
0.00041799999999999997,0,0,0,0,0,-3.6334699807528636,-13.488016811718705,-13.488016811718705,-3.6334699807528636,17.121486792471568
0.00041899999999999999,0,0,0,0,0,-3.6796856745314868,-13.42468818903814,-13.42468818903814,-3.6796856745314868,17.104373863569627
0.00041999999999999996,0,0,0,0,0,-3.7261022785043316,-13.361175760538643,-13.361175760538643,-3.7261022785043316,17.087278039042975
0.00042099999999999999,0,0,0,0,0,-3.7727176142184984,-13.297481687577287,-13.297481687577287,-3.7727176142184984,17.070199301795785
0.00042199999999999996,0,0,0,0,0,-3.8195294957213282,-13.233608139027991,-13.233608139027991,-3.8195294957213282,17.053137634749319
0.00042299999999999998,0,0,0,0,0,-3.866535729646368,-13.169557291195538,-13.169557291195538,-3.866535729646368,17.036093020841907
0.00042400000000000001,0,0,0,0,0,-3.9137341152995884,-13.105331327729347,-13.105331327729347,-3.9137341152995884,17.019065443028936
0.00042499999999999998,0,0,0,0,0,-3.961122444745941,-13.040932439536887,-13.040932439536887,-3.961122444745941,17.002054884282828
0.000426,0,0,0,0,0,-4.0086985028961868,-12.976362824696832,-12.976362824696832,-4.0086985028961868,16.985061327593019
0.00042699999999999997,0,0,0,0,0,-4.0564600675939575,-12.911624688371997,-12.911624688371997,-4.0564600675939575,16.968084755965954
0.000428,0,0,0,0,0,-4.1044049097031978,-12.846720242721862,-12.846720242721862,-4.1044049097031978,16.95112515242506
0.00042899999999999997,0,0,0,0,0,-4.1525307931957727,-12.781651706814959,-12.781651706814959,-4.1525307931957727,16.934182500010731
0.00042999999999999999,0,0,0,0,0,-4.2008354752394279,-12.716421306540886,-12.716421306540886,-4.2008354752394279,16.917256781780313
0.00043099999999999996,0,0,0,0,0,-4.249316706285974,-12.651031274522111,-12.651031274522111,-4.249316706285974,16.900347980808085
0.00043199999999999998,0,0,0,0,0,-4.2979722301597807,-12.585483850025467,-12.585483850025467,-4.2979722301597807,16.883456080185248
0.00043299999999999995,0,0,0,0,0,-4.3467997841464534,-12.519781278873443,-12.519781278873443,-4.3467997841464534,16.866581063019897
0.00043399999999999998,0,0,0,0,0,-4.3957970990818769,-12.45392581335514,-12.45392581335514,-4.3957970990818769,16.849722912437016
0.000435,0,0,0,0,0,-4.4449618994414148,-12.387919712137036,-12.387919712137036,-4.4449618994414148,16.832881611578451
0.00043599999999999997,0,0,0,0,0,-4.4942919034294224,-12.321765240173479,-12.321765240173479,-4.4942919034294224,16.816057143602901
0.000437,0,0,0,0,0,-4.5437848230689788,-12.255464668616916,-12.255464668616916,-4.5437848230689788,16.799249491685895
0.00043799999999999997,0,0,0,0,0,-4.5934383642918757,-12.189020274727904,-12.189020274727904,-4.5934383642918757,16.782458639019779
0.00043899999999999999,0,0,0,0,0,-4.6432502270288456,-12.122434341784858,-12.122434341784858,-4.6432502270288456,16.765684568813704
0.00043999999999999996,0,0,0,0,0,-4.6932181053000104,-12.055709158993581,-12.055709158993581,-4.6932181053000104,16.748927264293592
0.00044099999999999999,0,0,0,0,0,-4.7433396873056086,-11.988847021396532,-11.988847021396532,-4.7433396873056086,16.732186708702141
0.00044199999999999996,0,0,0,0,0,-4.7936126555168839,-11.921850229781906,-11.921850229781906,-4.7936126555168839,16.715462885298791
0.00044299999999999998,0,0,0,0,0,-4.8440346867672659,-11.854721090592456,-11.854721090592456,-4.8440346867672659,16.698755777359722
0.000444,0,0,0,0,0,-4.8946034523437358,-11.787461915834085,-11.787461915834085,-4.8946034523437358,16.68206536817782
0.00044499999999999997,0,0,0,0,0,-4.9453166180784205,-11.720075022984256,-11.720075022984256,-4.9453166180784205,16.665391641062676
0.000446,0,0,0,0,0,-4.9961718444404113,-11.652562734900151,-11.652562734900151,-4.9961718444404113,16.648734579340562
0.00044699999999999997,0,0,0,0,0,-5.0471667866277805,-11.584927379726636,-11.584927379726636,-5.0471667866277805,16.632094166354417
0.00044799999999999999,0,0,0,0,0,-5.0982990946598141,-11.517171290804008,-11.517171290804008,-5.0982990946598141,16.615470385463823
0.00044899999999999996,0,0,0,0,0,-5.1495664134694463,-11.449296806575553,-11.449296806575553,-5.1495664134694463,16.598863220045001
0.00044999999999999999,0,0,0,0,0,-5.2009663829959099,-11.38130627049487,-11.38130627049487,-5.2009663829959099,16.582272653490779
0.00045099999999999996,0,0,0,0,0,-5.2524966382775524,-11.313202030933041,-11.313202030933041,-5.2524966382775524,16.565698669210594
0.00045199999999999998,0,0,0,0,0,-5.3041548095448761,-11.244986441085583,-11.244986441085583,-5.3041548095448761,16.549141250630459
0.00045300000000000001,0,0,0,0,0,-5.355938522313755,-11.176661858879198,-11.176661858879198,-5.355938522313755,16.532600381192953
0.00045399999999999998,0,0,0,0,0,-5.4078453974788383,-11.108230646878368,-11.108230646878368,-5.4078453974788383,16.516076044357206
0.000455,0,0,0,0,0,-5.4598730514071452,-11.039695172191736,-11.039695172191736,-5.4598730514071452,16.499568223598882
0.00045599999999999997,0,0,0,0,0,-5.5120190960318185,-10.971057806378337,-10.971057806378337,-5.5120190960318185,16.483076902410154
0.000457,0,0,0,0,0,-5.5642811389460949,-10.902320925353608,-10.902320925353608,-5.5642811389460949,16.466602064299703
0.00045799999999999997,0,0,0,0,0,-5.61665678349737,-10.833486909295321,-10.833486909295321,-5.61665678349737,16.45014369279269
0.00045899999999999999,0,0,0,0,0,-5.6691436288815424,-10.764558142549195,-10.764558142549195,-5.6691436288815424,16.433701771430737
0.00045999999999999996,0,0,0,0,0,-5.7217392702374106,-10.695537013534516,-10.695537013534516,-5.7217392702374106,16.417276283771926
0.00046099999999999998,0,0,0,0,0,-5.7744412987413059,-10.626425914649463,-10.626425914649463,-5.7744412987413059,16.400867213390768
0.00046199999999999995,0,0,0,0,0,-5.8272473017018411,-10.557227242176349,-10.557227242176349,-5.8272473017018411,16.384474543878191
0.00046299999999999998,0,0,0,0,0,-5.8801548626548534,-10.487943396186671,-10.487943396186671,-5.8801548626548534,16.368098258841524
0.000464,0,0,0,0,0,-5.9331615614584248,-10.418576780446054,-10.418576780446054,-5.9331615614584248,16.351738341904479
0.00046499999999999997,0,0,0,0,0,-5.9862649743881367,-10.349129802319,-10.349129802319,-5.9862649743881367,16.335394776707137
0.000466,0,0,0,0,0,-6.0394626742324196,-10.279604872673515,-10.279604872673515,-6.0394626742324196,16.319067546905934
0.00046699999999999997,0,0,0,0,0,-6.0927522303879993,-10.210004405785638,-10.210004405785638,-6.0927522303879993,16.302756636173637
0.00046799999999999999,0,0,0,0,0,-6.1461312089555928,-10.140330819243742,-10.140330819243742,-6.1461312089555928,16.286462028199335
0.00046899999999999996,0,0,0,0,0,-6.1995971728356016,-10.070586533852815,-10.070586533852815,-6.1995971728356016,16.270183706688417
0.00046999999999999999,0,0,0,0,0,-6.2531476818240321,-10.000773973538532,-10.000773973538532,-6.2531476818240321,16.253921655362564
0.00047099999999999996,0,0,0,0,0,-6.3067802927084777,-9.930895565251241,-9.930895565251241,-6.3067802927084777,16.237675857959719
0.00047199999999999998,0,0,0,0,0,-6.3604925593642792,-9.8609537388698065,-9.8609537388698065,-6.3604925593642792,16.221446298234085
0.000473,0,0,0,0,0,-6.4142820328507106,-9.7909509271053921,-9.7909509271053921,-6.4142820328507106,16.205232959956103
0.00047399999999999997,0,0,0,0,0,-6.468146261507373,-9.7208895654050576,-9.7208895654050576,-6.468146261507373,16.189035826912431
0.000475,0,0,0,0,0,-6.5220827910506571,-9.6507720918552771,-9.6507720918552771,-6.5220827910506571,16.172854882905934
0.00047599999999999997,0,0,0,0,0,-6.5760891646702593,-9.5806009470854097,-9.5806009470854097,-6.5760891646702593,16.156690111755669
0.00047699999999999999,0,0,0,0,0,-6.6301629231259049,-9.5103785741709572,-9.5103785741709572,-6.6301629231259049,16.140541497296862
0.00047799999999999996,0,0,0,0,0,-6.6843016048440633,-9.440107418536833,-9.440107418536833,-6.6843016048440633,16.124409023380895
0.00047899999999999999,0,0,0,0,0,-6.7385027460148201,-9.3697899278604773,-9.3697899278604773,-6.7385027460148201,16.108292673875297
0.00047999999999999996,0,0,0,0,0,-6.792763880688808,-9.2994285519749074,-9.2994285519749074,-6.792763880688808,16.092192432663715
0.00048099999999999998,0,0,0,0,0,-6.8470825408742542,-9.229025742771654,-9.229025742771654,-6.8470825408742542,16.076108283645908
0.00048199999999999995,0,0,0,0,0,-6.9014562566340381,-9.1585839541036833,-9.1585839541036833,-6.9014562566340381,16.060040210737721
0.00048299999999999998,0,0,0,0,0,-6.9558825561829369,-9.0881056416881467,-9.0881056416881467,-6.9558825561829369,16.043988197871084
0.000484,0,0,0,0,0,-7.0103589659848407,-9.0175932630091413,-9.0175932630091413,-7.0103589659848407,16.027952228993982
0.00048499999999999997,0,0,0,0,0,-7.0648830108500738,-8.9470492772203691,-8.9470492772203691,-7.0648830108500738,16.011932288070444
0.000486,0,0,0,0,0,-7.1194522140328287,-8.8764761450477003,-8.8764761450477003,-7.1194522140328287,15.99592835908053
0.00048699999999999997,0,0,0,0,0,-7.174064097328575,-8.805876328691733,-8.805876328691733,-7.174064097328575,15.979940426020308
0.00048799999999999999,0,0,0,0,0,-7.228716181171591,-8.7352522917302515,-8.7352522917302515,-7.228716181171591,15.963968472901843
0.00048899999999999996,0,0,0,0,0,-7.2834059847325259,-8.6646064990206568,-8.6646064990206568,-7.2834059847325259,15.948012483753182
0.00048999999999999998,0,0,0,0,0,-7.3381310260160308,-8.593941416602302,-8.593941416602302,-7.3381310260160308,15.932072442618333
0.00049100000000000001,0,0,0,0,0,-7.3928888219583806,-8.5232595115988747,-8.5232595115988747,-7.3928888219583806,15.916148333557254
0.00049199999999999992,0,0,0,0,0,-7.4476768885252129,-8.4525632521206244,-8.4525632521206244,-7.4476768885252129,15.900240140645836
0.00049299999999999995,0,0,0,0,0,-7.5024927408092879,-8.3818551071665954,-8.3818551071665954,-7.5024927408092879,15.884347847975883
0.00049399999999999997,0,0,0,0,0,-7.5573338931282015,-8.3111375465269006,-8.3111375465269006,-7.5573338931282015,15.868471439655103
0.000495,0,0,0,0,0,-7.6121978591222552,-8.2404130406848282,-8.2404130406848282,-7.6121978591222552,15.852610899807084
0.00049600000000000002,0,0,0,0,0,-7.6670821518522647,-8.1696840607190211,-8.1696840607190211,-7.6670821518522647,15.836766212571286
0.00049699999999999994,0,0,0,0,0,-7.7219842838974211,-8.0989530782055983,-8.0989530782055983,-7.7219842838974211,15.82093736210302
0.00049799999999999996,0,0,0,0,0,-7.7769017674531842,-8.0282225651202506,-8.0282225651202506,-7.7769017674531842,15.805124332573435
0.00049899999999999999,0,0,0,0,0,-7.8318321144291536,-7.9574949937403447,-7.9574949937403447,-7.8318321144291536,15.789327108169498
0.00050000000000000001,0,0,0,0,0,-7.8867728365469922,-7.886772836546994,-7.886772836546994,-7.8867728365469922,15.773545673093986
0.00050099999999999993,0,0,0,0,0,-7.9417214454383105,-7.8160585661271513,-7.8160585661271513,-7.9417214454383105,15.757780011565462
0.00050199999999999995,0,0,0,0,0,-7.9966754527426529,-7.7453546550756096,-7.7453546550756096,-7.9966754527426529,15.742030107818263
0.00050299999999999997,0,0,0,0,0,-8.0516323702053185,-7.6746635758971635,-7.6746635758971635,-8.0516323702053185,15.726295946102482
0.000504,0,0,0,0,0,-8.106589709775351,-7.6039878009086079,-7.6039878009086079,-8.106589709775351,15.710577510683958
0.00050500000000000002,0,0,0,0,0,-8.1615449837034078,-7.5333298021408472,-7.5333298021408472,-8.1615449837034078,15.694874785844254
0.00050599999999999994,0,0,0,0,0,-8.2164957046396605,-7.4626920512409836,-7.4626920512409836,-8.2164957046396605,15.679187755880644
0.00050699999999999996,0,0,0,0,0,-8.271439385731691,-7.3920770193744065,-7.3920770193744065,-8.271439385731691,15.663516405106098
0.00050799999999999999,0,0,0,0,0,-8.3263735407223205,-7.3214871771269401,-7.3214871771269401,-8.3263735407223205,15.647860717849261
0.00050900000000000001,0,0,0,0,0,-8.3812956840474673,-7.2509249944069794,-7.2509249944069794,-8.3812956840474673,15.632220678454447
0.00050999999999999993,0,0,0,0,0,-8.4362033309339317,-7.1803929403476818,-7.1803929403476818,-8.4362033309339317,15.616596271281614
0.00051099999999999995,0,0,0,0,0,-8.4910939974972308,-7.109893483209123,-7.109893483209123,-8.4910939974972308,15.600987480706353
0.00051199999999999998,0,0,0,0,0,-8.5459652008392588,-7.0394290902806125,-7.0394290902806125,-8.5459652008392588,15.585394291119872
0.000513,0,0,0,0,0,-8.6008144591460631,-6.9690022277829193,-6.9690022277829193,-8.6008144591460631,15.569816686928982
0.00051400000000000003,0,0,0,0,0,-8.6556392917854676,-6.8986153607706093,-6.8986153607706093,-8.6556392917854676,15.554254652556077
0.00051499999999999994,0,0,0,0,0,-8.710437219404696,-6.8282709530344237,-6.8282709530344237,-8.710437219404696,15.538708172439121
0.00051599999999999997,0,0,0,0,0,-8.7652057640279573,-6.7579714670036726,-6.7579714670036726,-8.7652057640279573,15.52317723103163
0.00051699999999999999,0,0,0,0,0,-8.8199424491539258,-6.6877193636487391,-6.6877193636487391,-8.8199424491539258,15.507661812802665
0.00051800000000000001,0,0,0,0,0,-8.8746447998532183,-6.6175171023835864,-6.6175171023835864,-8.8746447998532183,15.492161902236806
0.00051899999999999993,0,0,0,0,0,-8.9293103428657581,-6.5473671409683813,-6.5473671409683813,-8.9293103428657581,15.476677483834139
0.00051999999999999995,0,0,0,0,0,-8.9839366066981565,-6.4772719354120891,-6.4772719354120891,-8.9839366066981565,15.461208542110246
0.00052099999999999998,0,0,0,0,0,-9.0385211217209136,-6.4072339398752698,-6.4072339398752698,-9.0385211217209136,15.445755061596183
0.000522,0,0,0,0,0,-9.0930614202656113,-6.3372556065728567,-6.3372556065728567,-9.0930614202656113,15.430317026838468
0.00052300000000000003,0,0,0,0,0,-9.1475550367220535,-6.2673393856770137,-6.2673393856770137,-9.1475550367220535,15.414894422399067
0.00052399999999999994,0,0,0,0,0,-9.2019995076352501,-6.1974877252201219,-6.1974877252201219,-9.2019995076352501,15.399487232855373
0.00052499999999999997,0,0,0,0,0,-9.2563923718024004,-6.1277030709977947,-6.1277030709977947,-9.2563923718024004,15.384095442800195
0.00052599999999999999,0,0,0,0,0,-9.3107311703697011,-6.0579878664720397,-6.0579878664720397,-9.3107311703697011,15.368719036841741
0.00052700000000000002,0,0,0,0,0,-9.3650134469291402,-5.9883445526744641,-5.9883445526744641,-9.3650134469291402,15.353357999603604
0.00052799999999999993,0,0,0,0,0,-9.4192367476151251,-5.9187755681096217,-5.9187755681096217,-9.4192367476151251,15.338012315724747
0.00052899999999999996,0,0,0,0,0,-9.4733986212011079,-5.8492833486583766,-5.8492833486583766,-9.4733986212011079,15.322681969859484
0.00052999999999999998,0,0,0,0,0,-9.5274966191959773,-5.7798703274814915,-5.7798703274814915,-9.5274966191959773,15.307366946677469
0.000531,0,0,0,0,0,-9.5815282959404371,-5.7105389349232372,-5.7105389349232372,-9.5815282959404371,15.292067230863674
0.00053200000000000003,0,0,0,0,0,-9.6354912087032609,-5.6412915984151244,-5.6412915984151244,-9.6354912087032609,15.276782807118385
0.00053299999999999995,0,0,0,0,0,-9.6893829177773974,-5.5721307423797812,-5.5721307423797812,-9.6893829177773974,15.261513660157178
0.00053399999999999997,0,0,0,0,0,-9.7432009865759923,-5.5030587881349096,-5.5030587881349096,-9.7432009865759923,15.246259774710902
0.00053499999999999999,0,0,0,0,0,-9.7969429817282556,-5.4340781537974152,-5.4340781537974152,-9.7969429817282556,15.231021135525671
0.00053600000000000002,0,0,0,0,0,-9.8506064731752296,-5.3651912541876143,-5.3651912541876143,-9.8506064731752296,15.215797727362844
0.00053699999999999993,0,0,0,0,0,-9.9041890342654035,-5.2964005007336086,-5.2964005007336086,-9.9041890342654035,15.200589534999013
0.00053799999999999996,0,0,0,0,0,-9.9576882418502315,-5.2277083013757526,-5.2277083013757526,-9.9576882418502315,15.185396543225984
0.00053899999999999998,0,0,0,0,0,-10.011101676379454,-5.1591170604713099,-5.1591170604713099,-10.011101676379454,15.170218736850764
0.00054000000000000001,0,0,0,0,0,-10.064426921996318,-5.0906291786992259,-5.0906291786992259,-10.064426921996318,15.155056100695544
0.00054099999999999992,0,0,0,0,0,-10.117661566632661,-5.022247052965028,-5.022247052965028,-10.117661566632661,15.139908619597689
0.00054199999999999995,0,0,0,0,0,-10.170803202103821,-4.9539730763058927,-4.9539730763058927,-10.170803202103821,15.124776278409714
0.00054299999999999997,0,0,0,0,0,-10.22384942420339,-4.8858096377958882,-4.8858096377958882,-10.22384942420339,15.109659061999277
0.000544,0,0,0,0,0,-10.276797832797829,-4.8177591224513332,-4.8177591224513332,-10.276797832797829,15.094556955249162
0.00054500000000000002,0,0,0,0,0,-10.32964603192092,-4.7498239111363407,-4.7498239111363407,-10.32964603192092,15.07946994305726
0.00054599999999999994,0,0,0,0,0,-10.382391629868033,-4.6820063804685255,-4.6820063804685255,-10.382391629868033,15.064398010336559
0.00054699999999999996,0,0,0,0,0,-10.435032239290273,-4.6143089027248498,-4.6143089027248498,-10.435032239290273,15.049341142015123
0.00054799999999999998,0,0,0,0,0,-10.487565477288388,-4.5467338457476938,-4.5467338457476938,-10.487565477288388,15.034299323036082
0.00054900000000000001,0,0,0,0,0,-10.539988965506547,-4.4792835728510703,-4.4792835728510703,-10.539988965506547,15.019272538357617
0.00054999999999999992,0,0,0,0,0,-10.592300330225935,-4.4119604427270067,-4.4119604427270067,-10.592300330225935,15.004260772952943
0.00055099999999999995,0,0,0,0,0,-10.644497202458188,-4.3447668093521035,-4.3447668093521035,-10.644497202458188,14.989264011810292
0.00055199999999999997,0,0,0,0,0,-10.696577218038541,-4.2777050218943602,-4.2777050218943602,-10.696577218038541,14.974282239932901
0.000553,0,0,0,0,0,-10.74853801771892,-4.210777424620078,-4.210777424620078,-10.74853801771892,14.959315442338998
0.00055400000000000002,0,0,0,0,0,-10.800377247260755,-4.1439863568010296,-4.1439863568010296,-10.800377247260755,14.944363604061785
0.00055499999999999994,0,0,0,0,0,-10.852092557527618,-4.0773341526218037,-4.0773341526218037,-10.852092557527618,14.929426710149421
0.00055599999999999996,0,0,0,0,0,-10.90368160457767,-4.0108231410873421,-4.0108231410873421,-10.90368160457767,14.914504745665011
0.00055699999999999999,0,0,0,0,0,-10.95514204975588,-3.9444556459307112,-3.9444556459307112,-10.95514204975588,14.899597695686591
0.00055800000000000001,0,0,0,0,0,-11.006471559786059,-3.8782339855210473,-3.8782339855210473,-11.006471559786059,14.884705545307106
0.00055899999999999993,0,0,0,0,0,-11.057667806862652,-3.8121604727717564,-3.8121604727717564,-11.057667806862652,14.869828279634408
0.00055999999999999995,0,0,0,0,0,-11.108728468742388,-3.7462374150488396,-3.7462374150488396,-11.108728468742388,14.854965883791229
0.00056099999999999998,0,0,0,0,0,-11.159651228835585,-3.680467114079585,-3.680467114079585,-11.159651228835585,14.84011834291517
0.000562,0,0,0,0,0,-11.210433776297354,-3.6148518658613384,-3.6148518658613384,-11.210433776297354,14.825285642158692
0.00056300000000000002,0,0,0,0,0,-11.261073806118509,-3.5493939605705833,-3.5493939605705833,-11.261073806118509,14.810467766689092
0.00056399999999999994,0,0,0,0,0,-11.311569019216265,-3.4840956824722289,-3.4840956824722289,-11.311569019216265,14.795664701688493
0.00056499999999999996,0,0,0,0,0,-11.361917122524714,-3.418959309829114,-3.418959309829114,-11.361917122524714,14.780876432353828
0.00056599999999999999,0,0,0,0,0,-11.412115829085035,-3.353987114811793,-3.353987114811793,-11.412115829085035,14.766102943896827
0.00056700000000000001,0,0,0,0,0,-11.462162858135489,-3.2891813634085105,-3.2891813634085105,-11.462162858135489,14.751344221544
0.00056799999999999993,0,0,0,0,0,-11.512055935201145,-3.2245443153354802,-3.2245443153354802,-11.512055935201145,14.736600250536625
0.00056899999999999995,0,0,0,0,0,-11.561792792183423,-3.1600782239473055,-3.1600782239473055,-11.561792792183423,14.721871016130729
0.00056999999999999998,0,0,0,0,0,-11.61137116744926,-3.0957853361478147,-3.0957853361478147,-11.61137116744926,14.707156503597075
0.000571,0,0,0,0,0,-11.660788805920161,-3.0316678923009892,-3.0316678923009892,-11.660788805920161,14.69245669822115
0.00057200000000000003,0,0,0,0,0,-11.7100434591609,-2.9677281261422479,-2.9677281261422479,-11.7100434591609,14.677771585303148
0.00057299999999999994,0,0,0,0,0,-11.759132885467986,-2.9039682646899685,-2.9039682646899685,-11.759132885467986,14.663101150157955
0.00057399999999999997,0,0,0,0,0,-11.808054849957884,-2.8403905281572497,-2.8403905281572497,-11.808054849957884,14.648445378115133
0.00057499999999999999,0,0,0,0,0,-11.856807124654917,-2.7769971298639931,-2.7769971298639931,-11.856807124654917,14.63380425451891
0.00057600000000000001,0,0,0,0,0,-11.90538748857896,-2.7137902761492034,-2.7137902761492034,-11.90538748857896,14.619177764728162
0.00057699999999999993,0,0,0,0,0,-11.953793727832775,-2.6507721662836223,-2.6507721662836223,-11.953793727832775,14.604565894116396
0.00057799999999999995,0,0,0,0,0,-12.002023635689188,-2.5879449923825524,-2.5879449923825524,-12.002023635689188,14.589968628071741
0.00057899999999999998,0,0,0,0,0,-12.050075012677853,-2.5253109393190769,-2.5253109393190769,-12.050075012677853,14.57538595199693
0.00058,0,0,0,0,0,-12.097945666671794,-2.4628721846374928,-2.4628721846374928,-12.097945666671794,14.560817851309286
0.00058100000000000003,0,0,0,0,0,-12.145633412973673,-2.4006308984670328,-2.4006308984670328,-12.145633412973673,14.546264311440707
0.00058199999999999994,0,0,0,0,0,-12.193136074401735,-2.3385892434359157,-2.3385892434359157,-12.193136074401735,14.531725317837651
0.00058299999999999997,0,0,0,0,0,-12.240451481375464,-2.2767493745856591,-2.2767493745856591,-12.240451481375464,14.517200855961123
0.00058399999999999999,0,0,0,0,0,-12.287577472000933,-2.2151134392857275,-2.2151134392857275,-12.287577472000933,14.502690911286662
0.00058500000000000002,0,0,0,0,0,-12.334511892155872,-2.1536835771484473,-2.1536835771484473,-12.334511892155872,14.488195469304319
0.00058599999999999993,0,0,0,0,0,-12.381252595574384,-2.0924619199442711,-2.0924619199442711,-12.381252595574384,14.473714515518655
0.00058699999999999996,0,0,0,0,0,-12.427797443931443,-2.0314505915172676,-2.0314505915172676,-12.427797443931443,14.459248035448711
0.00058799999999999998,0,0,0,0,0,-12.474144306926958,-1.9706517077010499,-1.9706517077010499,-12.474144306926958,14.444796014628007
0.00058900000000000001,0,0,0,0,0,-12.520291062369601,-1.910067376234923,-1.910067376234923,-12.520291062369601,14.430358438604523
0.00058999999999999992,0,0,0,0,0,-12.566235596260302,-1.8496996966803794,-1.8496996966803794,-12.566235596260302,14.415935292940681
0.00059099999999999995,0,0,0,0,0,-12.611975802875421,-1.7895507603379128,-1.7895507603379128,-12.611975802875421,14.401526563213332
0.00059199999999999997,0,0,0,0,0,-12.65750958484956,-1.7296226501641874,-1.7296226501641874,-12.65750958484956,14.387132235013746
0.00059299999999999999,0,0,0,0,0,-12.702834853258096,-1.669917440689499,-1.669917440689499,-12.702834853258096,14.372752293947595
0.00059400000000000002,0,0,0,0,0,-12.747949527699344,-1.6104371979355916,-1.6104371979355916,-12.747949527699344,14.358386725634935
0.00059499999999999993,0,0,0,0,0,-12.792851536376396,-1.5511839793337989,-1.5511839793337989,-12.792851536376396,14.344035515710196
0.00059599999999999996,0,0,0,0,0,-12.837538816178643,-1.4921598336435267,-1.4921598336435267,-12.837538816178643,14.32969864982217
0.00059699999999999998,0,0,0,0,0,-12.8820093127629,-1.4333668008710863,-1.4333668008710863,-12.8820093127629,14.315376113633986
0.00059800000000000001,0,0,0,0,0,-12.926260980634229,-1.3748069121888804,-1.3748069121888804,-12.926260980634229,14.301067892823109
0.00059899999999999992,0,0,0,0,0,-12.970291783226411,-1.3164821898549057,-1.3164821898549057,-12.970291783226411,14.286773973081317
0.00059999999999999995,0,0,0,0,0,-13.014099692982072,-1.2583946471326177,-1.2583946471326177,-13.014099692982072,14.272494340114688
0.00060099999999999997,0,0,0,0,0,-13.057682691432383,-1.200546288211207,-1.200546288211207,-13.057682691432383,14.25822897964359
0.000602,0,0,0,0,0,-13.101038769276515,-1.1429391081261446,-1.1429391081261446,-13.101038769276515,14.24397787740266
0.00060300000000000002,0,0,0,0,0,-13.144165926460641,-1.0855750926801528,-1.0855750926801528,-13.144165926460641,14.229741019140793
0.00060399999999999994,0,0,0,0,0,-13.187062172256613,-1.0284562183645187,-1.0284562183645187,-13.187062172256613,14.215518390621131
0.00060499999999999996,0,0,0,0,0,-13.229725525340282,-0.97158445228076307,-0.97158445228076307,-13.229725525340282,14.201309977621046
0.00060599999999999998,0,0,0,0,0,-13.2721540138694,-0.91496175206271868,-0.91496175206271868,-13.2721540138694,14.18711576593212
0.00060700000000000001,0,0,0,0,0,-13.314345675561194,-0.85859006579894803,-0.85859006579894803,-13.314345675561194,14.172935741360142
0.00060799999999999993,0,0,0,0,0,-13.356298557769541,-0.80247133195554721,-0.80247133195554721,-13.356298557769541,14.158769889725088
0.00060899999999999995,0,0,0,0,0,-13.398010717561792,-0.74660747929931137,-0.74660747929931137,-13.398010717561792,14.144618196861103
0.00060999999999999997,0,0,0,0,0,-13.43948022179514,-0.6910004268213541,-0.6910004268213541,-13.43948022179514,14.130480648616494
0.000611,0,0,0,0,0,-13.480705147192694,-0.63565208366101533,-0.63565208366101533,-13.480705147192694,14.11635723085371
0.00061200000000000002,0,0,0,0,0,-13.521683580419108,-0.5805643490302268,-0.5805643490302268,-13.521683580419108,14.102247929449334
0.00061299999999999994,0,0,0,0,0,-13.562413618155812,-0.52573911213825042,-0.52573911213825042,-13.562413618155812,14.088152730294063
0.00061399999999999996,0,0,0,0,0,-13.602893367175906,-0.47117825211678888,-0.47117825211678888,-13.602893367175906,14.074071619292695
0.00061499999999999999,0,0,0,0,0,-13.643120944418573,-0.4168836379455465,-0.4168836379455465,-13.643120944418573,14.060004582364121
0.00061600000000000001,0,0,0,0,0,-13.683094477063165,-0.36285712837813477,-0.36285712837813477,-13.683094477063165,14.045951605441299
0.00061699999999999993,0,0,0,0,0,-13.72281210260282,-0.30910057186843432,-0.30910057186843432,-13.72281210260282,14.031912674471254
0.00061799999999999995,0,0,0,0,0,-13.762271968917766,-0.25561580649728644,-0.25561580649728644,-13.762271968917766,14.017887775415053
0.00061899999999999998,0,0,0,0,0,-13.801472234348086,-0.20240465989970868,-0.20240465989970868,-13.801472234348086,14.003876894247796
0.00062,0,0,0,0,0,-13.840411067766183,-0.14946894919241593,-0.14946894919241593,-13.840411067766183,13.989880016958599
0.00062100000000000002,0,0,0,0,0,-13.879086648648775,-0.096810480901810436,-0.096810480901810436,-13.879086648648775,13.975897129550585
0.00062199999999999994,0,0,0,0,0,-13.917497167148476,-0.044431050892389301,-0.044431050892389301,-13.917497167148476,13.961928218040866
0.00062299999999999996,-0.14551735096051743,0,0.14551735096051743,0.14551735096051743,0,-13.961853206359837,0,0,-13.961853206359837,13.961853206359837
0.00062399999999999999,-0.99116562666858954,0,0.99116562666858954,0.99116562666858954,0,-14.043087739710291,0,0,-14.043087739710291,14.043087739710291
0.00062500000000000001,-1.0304944805066043,0,1.0304944805066043,1.0304944805066043,0,-14.131830678925882,0,0,-14.131830678925882,14.131830678925882
0.00062599999999999993,-1.0280752638459489,0,1.0280752638459489,1.0280752638459489,0,-14.220432791547235,0,0,-14.220432791547235,14.220432791547235
0.00062699999999999995,-1.0234580144715437,0,1.0234580144715437,1.0234580144715437,0,-14.3084950802919,0,0,-14.3084950802919,14.3084950802919
0.00062799999999999998,-1.0186887600320915,0,1.0186887600320915,1.0186887600320915,0,-14.395993610157811,0,0,-14.395993610157811,14.395993610157811
0.000629,-1.0138735166074184,0,1.0138735166074184,1.0138735166074184,0,-14.482923868574854,0,0,-14.482923868574854,14.482923868574854
0.00062999999999999992,-1.0090179485705448,0,1.0090179485705448,1.0090179485705448,0,-14.569282368942513,0,0,-14.569282368942513,14.569282368942513
0.00063099999999999994,-1.0041225307859349,0,1.0041225307859349,1.0041225307859349,0,-14.65506569914333,0,0,-14.65506569914333,14.65506569914333
0.00063199999999999997,-0.99918747116430495,0,0.99918747116430495,0.99918747116430495,0,-14.740270472451828,0,0,-14.740270472451828,14.740270472451828
0.00063299999999999999,-0.99421296529044412,0,0.99421296529044412,0.99421296529044412,0,-14.82489332512187,0,0,-14.82489332512187,14.82489332512187
0.00063400000000000001,-0.98919920958928742,0,0.98919920958928742,0.98919920958928742,0,-14.908930916387748,0,0,-14.908930916387748,14.908930916387748
0.00063499999999999993,-0.98414640199689529,0,0.98414640199689529,0.98414640199689529,0,-14.992379928589209,0,0,-14.992379928589209,14.992379928589209
0.00063599999999999996,-0.97905474199001219,0,0.97905474199001219,0.97905474199001219,0,-15.075237067302165,0,0,-15.075237067302165,15.075237067302165
0.00063699999999999998,-0.97392443057810851,0,0.97392443057810851,0.97392443057810851,0,-15.15749906146865,0,0,-15.15749906146865,15.15749906146865
0.000638,-0.96875567029678677,0,0.96875567029678677,0.96875567029678677,0,-15.239162663525978,0,0,-15.239162663525978,15.239162663525978
0.00063899999999999992,-0.96354866520118776,0,0.96354866520118776,0.96354866520118776,0,-15.320224649534971,0,0,-15.320224649534971,15.320224649534971
0.00063999999999999994,-0.95830362085348497,0,0.95830362085348497,0.95830362085348497,0,-15.400681819307241,0,0,-15.400681819307241,15.400681819307241
0.00064099999999999997,-0.95302074431992878,0,0.95302074431992878,0.95302074431992878,0,-15.480530996531474,0,0,-15.480530996531474,15.480530996531474
0.00064199999999999999,-0.94770024415947773,0,0.94770024415947773,0.94770024415947773,0,-15.559769028898867,0,0,-15.559769028898867,15.559769028898867
0.00064300000000000002,-0.94234233041606785,0,0.94234233041606785,0.94234233041606785,0,-15.638392788227602,0,0,-15.638392788227602,15.638392788227602
0.00064399999999999993,-0.93694721461065456,0,0.93694721461065456,0.93694721461065456,0,-15.716399170586268,0,0,-15.716399170586268,15.716399170586268
0.00064499999999999996,-0.93151510973348195,0,0.93151510973348195,0.93151510973348195,0,-15.79378509641646,0,0,-15.79378509641646,15.79378509641646
0.00064599999999999998,-0.92604623023544264,0,0.92604623023544264,0.92604623023544264,0,-15.870547510654347,0,0,-15.870547510654347,15.870547510654347
0.00064700000000000001,-0.92054079201693639,0,0.92054079201693639,0.92054079201693639,0,-15.946683382851241,0,0,-15.946683382851241,15.946683382851241
0.00064799999999999992,-0.91499901242491433,0,0.91499901242491433,0.91499901242491433,0,-16.022189707293268,0,0,-16.022189707293268,16.022189707293268
0.00064899999999999995,-0.90942111023809957,0,0.90942111023809957,0.90942111023809957,0,-16.097063503120047,0,0,-16.097063503120047,16.097063503120047
0.00064999999999999997,-0.90380730566380407,0,0.90380730566380407,0.90380730566380407,0,-16.171301814442298,0,0,-16.171301814442298,16.171301814442298
0.00065099999999999999,-0.89815782032405878,0,0.89815782032405878,0.89815782032405878,0,-16.244901710458631,0,0,-16.244901710458631,16.244901710458631
0.00065200000000000002,-0.89247287725129354,0,0.89247287725129354,0.89247287725129354,0,-16.317860285571165,0,0,-16.317860285571165,16.317860285571165
0.00065299999999999993,-0.88675270087787794,0,0.88675270087787794,0.88675270087787794,0,-16.390174659500264,0,0,-16.390174659500264,16.390174659500264
0.00065399999999999996,-0.88099751702611684,0,0.88099751702611684,0.88099751702611684,0,-16.461841977398276,0,0,-16.461841977398276,16.461841977398276
0.00065499999999999998,-0.87520755290097441,0,0.87520755290097441,0.87520755290097441,0,-16.532859409962221,0,0,-16.532859409962221,16.532859409962221
0.00065600000000000001,-0.86938303707984232,0,0.86938303707984232,0.86938303707984232,0,-16.603224153545444,0,0,-16.603224153545444,16.603224153545444
0.00065699999999999992,-0.86352419950571857,0,0.86352419950571857,0.86352419950571857,0,-16.672933430268355,0,0,-16.672933430268355,16.672933430268355
0.00065799999999999995,-0.85763127147401974,0,0.85763127147401974,0.85763127147401974,0,-16.741984488128086,0,0,-16.741984488128086,16.741984488128086
0.00065899999999999997,-0.8517044856287157,0,0.8517044856287157,0.8517044856287157,0,-16.810374601107082,0,0,-16.810374601107082,16.810374601107082
0.00066,-0.84574407594845979,0,0.84574407594845979,0.84574407594845979,0,-16.87810106928081,0,0,-16.87810106928081,16.87810106928081
0.00066100000000000002,-0.83975027774022237,0,0.83975027774022237,0.83975027774022237,0,-16.945161218924262,0,0,-16.945161218924262,16.945161218924262
0.00066199999999999994,-0.83372332762905899,0,0.83372332762905899,0.83372332762905899,0,-17.011552402617543,0,0,-17.011552402617543,17.011552402617543
0.00066299999999999996,-0.82766346354878806,0,0.82766346354878806,0.82766346354878806,0,-17.077271999350408,0,0,-17.077271999350408,17.077271999350408
0.00066399999999999999,-0.8215709247315317,0,0.8215709247315317,0.8215709247315317,0,-17.142317414625726,0,0,-17.142317414625726,17.142317414625726
0.00066500000000000001,-0.81544595170089451,0,0.81544595170089451,0.81544595170089451,0,-17.206686080561859,0,0,-17.206686080561859,17.206686080561859
0.00066599999999999993,-0.80928878626082223,0,0.80928878626082223,0.80928878626082223,0,-17.270375455994085,0,0,-17.270375455994085,17.270375455994085
0.00066699999999999995,-0.80309967148514261,0,0.80309967148514261,0.80309967148514261,0,-17.333383026574946,0,0,-17.333383026574946,17.333383026574946
0.00066799999999999997,-0.79687885170937989,0,0.79687885170937989,0.79687885170937989,0,-17.395706304873411,0,0,-17.395706304873411,17.395706304873411
0.000669,-0.79062657252120516,0,0.79062657252120516,0.79062657252120516,0,-17.457342830473188,0,0,-17.457342830473188,17.457342830473188
0.00067000000000000002,-0.78434308074952241,0,0.78434308074952241,0.78434308074952241,0,-17.518290170069779,0,0,-17.518290170069779,17.518290170069779
0.00067099999999999994,-0.77802862445582832,0,0.77802862445582832,0.77802862445582832,0,-17.578545917566565,0,0,-17.578545917566565,17.578545917566565
0.00067199999999999996,-0.77168345292443519,0,0.77168345292443519,0.77168345292443519,0,-17.638107694169815,0,0,-17.638107694169815,17.638107694169815
0.00067299999999999999,-0.76530781665201175,0,0.76530781665201175,0.76530781665201175,0,-17.696973148482584,0,0,-17.696973148482584,17.696973148482584
0.00067400000000000001,-0.75890196733666926,0,0.75890196733666926,0.75890196733666926,0,-17.755139956597517,0,0,-17.755139956597517,17.755139956597517
0.00067499999999999993,-0.75246615787182236,0,0.75246615787182236,0.75246615787182236,0,-17.81260582218863,0,0,-17.81260582218863,17.81260582218863
0.00067599999999999995,-0.74600064233163721,0,0.74600064233163721,0.74600064233163721,0,-17.869368476601956,0,0,-17.869368476601956,17.869368476601956
0.00067699999999999998,-0.73950567596261862,0,0.73950567596261862,0.73950567596261862,0,-17.925425678945082,0,0,-17.925425678945082,17.925425678945082
0.000678,-0.73298151517610677,0,0.73298151517610677,0.73298151517610677,0,-17.980775216175658,0,0,-17.980775216175658,17.980775216175658
0.00067899999999999992,-0.72642841753463472,0,0.72642841753463472,0.72642841753463472,0,-18.035414903188705,0,0,-18.035414903188705,18.035414903188705
0.00067999999999999994,-0.71984664174237878,0,0.71984664174237878,0.71984664174237878,0,-18.089342582902955,0,0,-18.089342582902955,18.089342582902955
0.00068099999999999996,-0.71323644763833727,0,0.71323644763833727,0.71323644763833727,0,-18.142556126345951,0,0,-18.142556126345951,18.142556126345951
0.00068199999999999999,-0.70659809617973224,0,0.70659809617973224,0.70659809617973224,0,-18.195053432738113,0,0,-18.195053432738113,18.195053432738113
0.00068300000000000001,-0.69993184943859887,0,0.69993184943859887,0.69993184943859887,0,-18.246832429575665,0,0,-18.246832429575665,18.246832429575665
0.00068399999999999993,-0.69323797058655146,0,0.69323797058655146,0.69323797058655146,0,-18.297891072712478,0,0,-18.297891072712478,18.297891072712478
0.00068499999999999995,-0.68651672388637053,0,0.68651672388637053,0.68651672388637053,0,-18.348227346440755,0,0,-18.348227346440755,18.348227346440755
0.00068599999999999998,-0.67976837468131635,0,0.67976837468131635,0.67976837468131635,0,-18.397839263570585,0,0,-18.397839263570585,18.397839263570585
0.000687,-0.67299318938512442,0,0.67299318938512442,0.67299318938512442,0,-18.446724865508443,0,0,-18.446724865508443,18.446724865508443
0.00068799999999999992,-0.66619143546995474,0,0.66619143546995474,0.66619143546995474,0,-18.494882222334457,0,0,-18.494882222334457,18.494882222334457
0.00068899999999999994,-0.65936338145706941,0,0.65936338145706941,0.65936338145706941,0,-18.542309432878646,0,0,-18.542309432878646,18.542309432878646
0.00068999999999999997,-0.65250929690773773,0,0.65250929690773773,0.65250929690773773,0,-18.589004624795944,0,0,-18.589004624795944,18.589004624795944
0.00069099999999999999,-0.6456294524086843,0,0.6456294524086843,0.6456294524086843,0,-18.63496595464013,0,0,-18.63496595464013,18.63496595464013
0.00069200000000000002,-0.63872411956367614,0,0.63872411956367614,0.63872411956367614,0,-18.680191607936599,0,0,-18.680191607936599,18.680191607936599
0.00069299999999999993,-0.63179357098442779,0,0.63179357098442779,0.63179357098442779,0,-18.724679799253995,0,0,-18.724679799253995,18.724679799253995
0.00069399999999999996,-0.62483808027673149,0,0.62483808027673149,0.62483808027673149,0,-18.768428772274714,0,0,-18.768428772274714,18.768428772274714
0.00069499999999999998,-0.61785792203136225,0,0.61785792203136225,0.61785792203136225,0,-18.811436799864186,0,0,-18.811436799864186,18.811436799864186
0.000696,-0.61085337181339128,0,0.61085337181339128,0.61085337181339128,0,-18.853702184139152,0,0,-18.853702184139152,18.853702184139152
0.00069699999999999992,-0.60382470615036254,0,0.60382470615036254,0.60382470615036254,0,-18.895223256534589,0,0,-18.895223256534589,18.895223256534589
0.00069799999999999994,-0.59677220252160623,0,0.59677220252160623,0.59677220252160623,0,-18.935998377869662,0,0,-18.935998377869662,18.935998377869662
0.00069899999999999997,-0.58969613934823428,0,0.58969613934823428,0.58969613934823428,0,-18.976025938412405,0,0,-18.976025938412405,18.976025938412405
0.00069999999999999999,-0.5825967959810896,0,0.5825967959810896,0.5825967959810896,0,-19.015304357943258,0,0,-19.015304357943258,19.015304357943258
0.00070100000000000002,-0.57547445268960473,0,0.57547445268960473,0.57547445268960473,0,-19.053832085817476,0,0,-19.053832085817476,19.053832085817476
0.00070199999999999993,-0.56832939065270693,0,0.56832939065270693,0.56832939065270693,0,-19.091607601026325,0,0,-19.091607601026325,19.091607601026325
0.00070299999999999996,-0.56116189194449362,0,0.56116189194449362,0.56116189194449362,0,-19.128629412257162,0,0,-19.128629412257162,19.128629412257162
0.00070399999999999998,-0.55397223952536478,0,0.55397223952536478,0.55397223952536478,0,-19.164896057952259,0,0,-19.164896057952259,19.164896057952259
0.00070500000000000001,-0.54676071723110908,0,0.54676071723110908,0.54676071723110908,0,-19.20040610636655,0,0,-19.20040610636655,19.20040610636655
0.00070599999999999992,-0.53952760975948877,0,0.53952760975948877,0.53952760975948877,0,-19.23515815562412,0,0,-19.23515815562412,19.23515815562412
0.00070699999999999995,-0.5322732026615995,0,0.5322732026615995,0.5322732026615995,0,-19.269150833773569,0,0,-19.269150833773569,19.269150833773569
0.00070799999999999997,-0.52499778232936478,0,0.52499778232936478,0.52499778232936478,0,-19.302382798842181,0,0,-19.302382798842181,19.302382798842181
0.00070899999999999999,-0.51770163598371255,0,0.51770163598371255,0.51770163598371255,0,-19.334852738888863,0,0,-19.334852738888863,19.334852738888863
0.00071000000000000002,-0.51038505166366122,0,0.51038505166366122,0.51038505166366122,0,-19.366559372055981,0,0,-19.366559372055981,19.366559372055981
0.00071099999999999994,-0.50304831821608786,0,0.50304831821608786,0.50304831821608786,0,-19.397501446619952,0,0,-19.397501446619952,19.397501446619952
0.00071199999999999996,-0.49569172528208583,0,0.49569172528208583,0.49569172528208583,0,-19.427677741040657,0,0,-19.427677741040657,19.427677741040657
0.00071299999999999998,-0.48831556328764236,0,0.48831556328764236,0.48831556328764236,0,-19.457087064009652,0,0,-19.457087064009652,19.457087064009652
0.00071400000000000001,-0.48092012343067836,0,0.48092012343067836,0.48092012343067836,0,-19.485728254497236,0,0,-19.485728254497236,19.485728254497236
0.00071499999999999992,-0.47350569767081652,0,0.47350569767081652,0.47350569767081652,0,-19.513600181798239,0,0,-19.513600181798239,19.513600181798239
0.00071599999999999995,-0.46607257871619368,0,0.46607257871619368,0.46607257871619368,0,-19.540701745576705,0,0,-19.540701745576705,19.540701745576705
0.00071699999999999997,-0.45862106001482061,0,0.45862106001482061,0.45862106001482061,0,-19.56703187590929,0,0,-19.56703187590929,19.56703187590929
0.000718,-0.45115143573889327,0,0.45115143573889327,0.45115143573889327,0,-19.592589533327548,0,0,-19.592589533327548,19.592589533327548
0.00071900000000000002,-0.44366400077751678,0,0.44366400077751678,0.44366400077751678,0,-19.617373708858906,0,0,-19.617373708858906,19.617373708858906
0.00071999999999999994,-0.43615905072056194,0,0.43615905072056194,0.43615905072056194,0,-19.641383424066564,0,0,-19.641383424066564,19.641383424066564
0.00072099999999999996,-0.42863688185116189,0,0.42863688185116189,0.42863688185116189,0,-19.664617731088079,0,0,-19.664617731088079,19.664617731088079
0.00072199999999999999,-0.42109779113138757,0,0.42109779113138757,0.42109779113138757,0,-19.68707571267279,0,0,-19.68707571267279,19.68707571267279
0.00072300000000000001,-0.41354207619224326,0,0.41354207619224326,0.41354207619224326,0,-19.708756482218035,0,0,-19.708756482218035,19.708756482218035
0.00072399999999999993,-0.40597003531979681,0,0.40597003531979681,0.40597003531979681,0,-19.729659183804159,0,0,-19.729659183804159,19.729659183804159
0.00072499999999999995,-0.39838196744540255,0,0.39838196744540255,0.39838196744540255,0,-19.749782992228297,0,0,-19.749782992228297,19.749782992228297
0.00072599999999999997,-0.39077817213365051,0,0.39077817213365051,0.39077817213365051,0,-19.769127113036944,0,0,-19.769127113036944,19.769127113036944
0.000727,-0.38315894956826924,0,0.38315894956826924,0.38315894956826924,0,-19.787690782557338,0,0,-19.787690782557338,19.787690782557338
0.00072799999999999991,-0.3755246005432582,0,0.3755246005432582,0.3755246005432582,0,-19.805473267927589,0,0,-19.805473267927589,19.805473267927589
0.00072899999999999994,-0.36787542645060967,0,0.36787542645060967,0.36787542645060967,0,-19.822473867125623,0,0,-19.822473867125623,19.822473867125623
0.00072999999999999996,-0.3602117292659841,0,0.3602117292659841,0.3602117292659841,0,-19.838691908996896,0,0,-19.838691908996896,19.838691908996896
0.00073099999999999999,-0.35253381153870578,0,0.35253381153870578,0.35253381153870578,0,-19.854126753280884,0,0,-19.854126753280884,19.854126753280884
0.00073200000000000001,-0.34484197638062142,0,0.34484197638062142,0.34484197638062142,0,-19.868777790636361,0,0,-19.868777790636361,19.868777790636361
0.00073299999999999993,-0.33713652745154832,0,0.33713652745154832,0.33713652745154832,0,-19.882644442665462,0,0,-19.882644442665462,19.882644442665462
0.00073399999999999995,-0.32941776894995201,0,0.32941776894995201,0.32941776894995201,0,-19.895726161936501,0,0,-19.895726161936501,19.895726161936501
0.00073499999999999998,-0.3216860055986217,0,0.3216860055986217,0.3216860055986217,0,-19.908022432005616,0,0,-19.908022432005616,19.908022432005616
0.000736,-0.31394154263466589,0,0.31394154263466589,0.31394154263466589,0,-19.919532767437104,0,0,-19.919532767437104,19.919532767437104
0.00073699999999999992,-0.30618468579609726,0,0.30618468579609726,0.30618468579609726,0,-19.930256713822637,0,0,-19.930256713822637,19.930256713822637
0.00073799999999999994,-0.298415741310464,0,0.298415741310464,0.298415741310464,0,-19.940193847799172,0,0,-19.940193847799172,19.940193847799172
0.00073899999999999997,-0.29063501588211693,0,0.29063501588211693,0.29063501588211693,0,-19.949343777065685,0,0,-19.949343777065685,19.949343777065685
0.00073999999999999999,-0.28284281668106814,0,0.28284281668106814,0.28284281668106814,0,-19.957706140398621,0,0,-19.957706140398621,19.957706140398621
0.00074100000000000001,-0.27503945132980334,0,0.27503945132980334,0.27503945132980334,0,-19.965280607666202,0,0,-19.965280607666202,19.965280607666202
0.00074199999999999993,-0.26722522789236791,0,0.26722522789236791,0.26722522789236791,0,-19.972066879841424,0,0,-19.972066879841424,19.972066879841424
0.00074299999999999995,-0.25940045486026975,0,0.25940045486026975,0.25940045486026975,0,-19.978064689013891,0,0,-19.978064689013891,19.978064689013891
0.00074399999999999998,-0.25156544114247481,0,0.25156544114247481,0.25156544114247481,0,-19.983273798400358,0,0,-19.983273798400358,19.983273798400358
0.000745,-0.24372049605199209,0,0.24372049605199209,0.24372049605199209,0,-19.987694002354111,0,0,-19.987694002354111,19.987694002354111
0.00074599999999999992,-0.23586592929314065,0,0.23586592929314065,0.23586592929314065,0,-19.99132512637307,0,0,-19.99132512637307,19.99132512637307
0.00074699999999999994,-0.22800205095131787,0,0.22800205095131787,0.22800205095131787,0,-19.994167027106666,0,0,-19.994167027106666,19.994167027106666
0.00074799999999999997,-0.22012917147890221,0,0.22012917147890221,0.22012917147890221,0,-19.99621959236153,0,0,-19.99621959236153,19.99621959236153
0.00074899999999999999,-0.21224760168433932,0,0.21224760168433932,0.21224760168433932,0,-19.997482741105898,0,0,-19.997482741105898,19.997482741105898
0.00075000000000000002,-0.2043576527175901,0,0.2043576527175901,0.2043576527175901,0,-19.997956423472825,0,0,-19.997956423472825,19.997956423472825
0.00075099999999999993,-0.19645963606035366,0,0.19645963606035366,0.19645963606035366,0,-19.997640620762137,0,0,-19.997640620762137,19.997640620762137
0.00075199999999999996,-0.18855386351310699,0,0.18855386351310699,0.18855386351310699,0,-19.996535345441188,0,0,-19.996535345441188,19.996535345441188
0.00075299999999999998,-0.18064064718259942,0,0.18064064718259942,0.18064064718259942,0,-19.994640641144354,0,0,-19.994640641144354,19.994640641144354
0.000754,-0.17272029946843759,0,0.17272029946843759,0.17272029946843759,0,-19.991956582671317,0,0,-19.991956582671317,19.991956582671317
0.00075499999999999992,-0.16479313305239884,0,0.16479313305239884,0.16479313305239884,0,-19.988483275984109,0,0,-19.988483275984109,19.988483275984109
0.00075599999999999994,-0.15685946088547098,0,0.15685946088547098,0.15685946088547098,0,-19.984220858202931,0,0,-19.984220858202931,19.984220858202931
0.00075699999999999997,-0.14891959617602879,0,0.14891959617602879,0.14891959617602879,0,-19.979169497600733,0,0,-19.979169497600733,19.979169497600733
0.00075799999999999999,-0.1409738523757369,0,0.1409738523757369,0.1409738523757369,0,-19.973329393596593,0,0,-19.973329393596593,19.973329393596593
0.00075900000000000002,-0.13302254316931794,0,0.13302254316931794,0.13302254316931794,0,-19.966700776747807,0,0,-19.966700776747807,19.966700776747807
0.00075999999999999993,-0.12506598246045542,0,0.12506598246045542,0.12506598246045542,0,-19.959283908740826,0,0,-19.959283908740826,19.959283908740826
0.00076099999999999996,-0.11710448436087972,0,0.11710448436087972,0.11710448436087972,0,-19.951079082380897,0,0,-19.951079082380897,19.951079082380897
0.00076199999999999998,-0.10913836317695313,0,0.10913836317695313,0.10913836317695313,0,-19.942086621580508,0,0,-19.942086621580508,19.942086621580508
0.00076300000000000001,-0.10116793339693686,0,0.10116793339693686,0.10116793339693686,0,-19.93230688134663,0,0,-19.93230688134663,19.93230688134663
0.00076399999999999992,-0.093193509680531861,0,0.093193509680531861,0.093193509680531861,0,-19.921740247766646,0,0,-19.921740247766646,19.921740247766646
0.00076499999999999995,-0.085215406843644814,0,0.085215406843644814,0.085215406843644814,0,-19.910387137993165,0,0,-19.910387137993165,19.910387137993165
0.00076599999999999997,-0.07723393984838367,0,0.07723393984838367,0.07723393984838367,0,-19.898248000227522,0,0,-19.898248000227522,19.898248000227522
0.000767,-0.069249423789642606,0,0.069249423789642606,0.069249423789642606,0,-19.885323313702081,0,0,-19.885323313702081,19.885323313702081
0.00076800000000000002,-0.06126217388191435,0,0.06126217388191435,0.06126217388191435,0,-19.871613588661347,0,0,-19.871613588661347,19.871613588661347
0.00076899999999999994,-0.053272505448830998,0,0.053272505448830998,0.053272505448830998,0,-19.857119366341788,0,0,-19.857119366341788,19.857119366341788
0.00076999999999999996,-0.045280733907929971,0,0.045280733907929971,0.045280733907929971,0,-19.841841218950478,0,0,-19.841841218950478,19.841841218950478
0.00077099999999999998,-0.037287174762013819,0,0.037287174762013819,0.037287174762013819,0,-19.825779749642514,0,0,-19.825779749642514,19.825779749642514
0.00077200000000000001,-0.029292143581869823,0,0.029292143581869823,0.029292143581869823,0,-19.808935592497207,0,0,-19.808935592497207,19.808935592497207
0.00077299999999999992,-0.02129595599762979,0,0.02129595599762979,0.02129595599762979,0,-19.791309412493046,0,0,-19.791309412493046,19.791309412493046
0.00077399999999999995,-0.013298927686037132,0,0.013298927686037132,0.013298927686037132,0,-19.772901905481422,0,0,-19.772901905481422,19.772901905481422
0.00077499999999999997,-0.0053013743549854553,0,0.0053013743549854553,0.0053013743549854553,0,-19.753713798159207,0,0,-19.753713798159207,19.753713798159207
0.000776,0,0,0,0,0,-19.733772374697388,-5.3490540024014877e-05,-5.3490540024014877e-05,-19.733772374697388,19.73382586523741
0.00077699999999999991,0,0,0,0,0,-19.71349690298846,-0.00060500000849827984,-0.00060500000849827984,-19.71349690298846,19.714101902996958
0.00077799999999999994,0,0,0,0,0,-19.692842172722081,-0.0015554821379719641,-0.0015554821379719641,-19.692842172722081,19.694397654860051
0.00077899999999999996,0,0,0,0,0,-19.671808600514517,-0.0029045006079204683,-0.0029045006079204683,-19.671808600514517,19.674713101122439
0.00077999999999999999,0,0,0,0,0,-19.650396618336671,-0.0046516037628983042,-0.0046516037628983042,-19.650396618336671,19.65504822209957
0.00078100000000000001,0,0,0,0,0,-19.62860667349662,-0.0067963246299367341,-0.0067963246299367341,-19.62860667349662,19.635402998126558
0.00078199999999999993,0,0,0,0,0,-19.606439228621561,-0.0093381809366199775,-0.0093381809366199775,-19.606439228621561,19.615777409558181
0.00078299999999999995,0,0,0,0,0,-19.583894761639147,-0.012276675129701431,-0.012276675129701431,-19.583894761639147,19.596171436768849
0.00078399999999999997,0,0,0,0,0,-19.560973765758227,-0.015611294394355824,-0.015611294394355824,-19.560973765758227,19.576585060152585
0.000785,0,0,0,0,0,-19.537676749448984,-0.019341510674031781,-0.019341510674031781,-19.537676749448984,19.557018260123016
0.00078599999999999991,0,0,0,0,0,-19.514004236422444,-0.02346678069089414,-0.02346678069089414,-19.514004236422444,19.537471017113337
0.00078699999999999994,0,0,0,0,0,-19.489956765609421,-0.027986545966880882,-0.027986545966880882,-19.489956765609421,19.5179433115763
0.00078799999999999996,0,0,0,0,0,-19.465534891138841,-0.032900232845360478,-0.032900232845360478,-19.465534891138841,19.498435123984201
0.00078899999999999999,0,0,0,0,0,-19.440739182315486,-0.038207252513366541,-0.038207252513366541,-19.440739182315486,19.478946434828853
0.00079000000000000001,0,0,0,0,0,-19.415570223597094,-0.043907001024468428,-0.043907001024468428,-19.415570223597094,19.459477224621562
0.00079099999999999993,0,0,0,0,0,-19.390028614570912,-0.049998859322204936,-0.049998859322204936,-19.390028614570912,19.440027473893117
0.00079199999999999995,0,0,0,0,0,-19.364114969929624,-0.056482193264145053,-0.056482193264145053,-19.364114969929624,19.420597163193769
0.00079299999999999998,0,0,0,0,0,-19.337829919446698,-0.063356353646499386,-0.063356353646499386,-19.337829919446698,19.401186273093199
0.000794,0,0,0,0,0,-19.311174107951121,-0.070620676229399493,-0.070620676229399493,-19.311174107951121,19.381794784180521
0.00079499999999999992,0,0,0,0,0,-19.284148195301555,-0.078274481762688808,-0.078274481762688808,-19.284148195301555,19.362422677064242
0.00079599999999999994,0,0,0,0,0,-19.256752856359888,-0.086317076012363714,-0.086317076012363714,-19.256752856359888,19.343069932372252
0.00079699999999999997,0,0,0,0,0,-19.228988780964212,-0.094747749787597257,-0.094747749787597257,-19.228988780964212,19.323736530751809
0.00079799999999999999,0,0,0,0,0,-19.200856673901185,-0.10356577896832242,-0.10356577896832242,-19.200856673901185,19.304422452869506
0.00079900000000000001,0,0,0,0,0,-19.172357254877824,-0.11277042453344066,-0.11277042453344066,-19.172357254877824,19.285127679411264
0.00079999999999999993,0,0,0,0,0,-19.143491258492695,-0.12236093258961667,-0.12236093258961667,-19.143491258492695,19.26585219108231
0.00080099999999999995,0,0,0,0,0,-19.114259434206524,-0.13233653440062731,-0.13233653440062731,-19.114259434206524,19.246595968607149
0.00080199999999999998,0,0,0,0,0,-19.084662546312227,-0.14269644641733592,-0.14269644641733592,-19.084662546312227,19.227358992729563
0.000803,0,0,0,0,0,-19.054701373904336,-0.15343987030823669,-0.15343987030823669,-19.054701373904336,19.208141244212573
0.00080399999999999992,0,0,0,0,0,-19.024376710847861,-0.16456599299056762,-0.16456599299056762,-19.024376710847861,19.188942703838428
0.00080499999999999994,0,0,0,0,0,-18.993689365746551,-0.17607398666203267,-0.17607398666203267,-18.993689365746551,19.169763352408584
0.00080599999999999997,0,0,0,0,0,-18.962640161910588,-0.18796300883310124,-0.18796300883310124,-18.962640161910588,19.15060317074369
0.00080699999999999999,0,0,0,0,0,-18.931229937323707,-0.20023220235985839,-0.20023220235985839,-18.931229937323707,19.131462139683563
0.00080800000000000002,0,0,0,0,0,-18.899459544609709,-0.21288069547746247,-0.21288069547746247,-18.899459544609709,19.112340240087171
0.00080899999999999993,0,0,0,0,0,-18.86732985099842,-0.22590760183419079,-0.22590760183419079,-18.86732985099842,19.093237452832611
0.00080999999999999996,0,0,0,0,0,-18.834841738291061,-0.23931202052603062,-0.23931202052603062,-18.834841738291061,19.074153758817094
0.00081099999999999998,0,0,0,0,0,-18.801996102825079,-0.25309303613184575,-0.25309303613184575,-18.801996102825079,19.055089138956927
0.000812,0,0,0,0,0,-18.768793855438325,-0.26724971874915937,-0.26724971874915937,-18.768793855438325,19.036043574187484
0.00081299999999999992,0,0,0,0,0,-18.735235921432754,-0.28178112403045041,-0.28178112403045041,-18.735235921432754,19.017017045463202
0.00081399999999999994,0,0,0,0,0,-18.701323240537484,-0.29668629322006623,-0.29668629322006623,-18.701323240537484,18.99800953375755
0.00081499999999999997,0,0,0,0,0,-18.667056766871323,-0.31196425319169307,-0.31196425319169307,-18.667056766871323,18.979021020063016
0.00081599999999999999,0,0,0,0,0,-18.632437468904719,-0.32761401648636479,-0.32761401648636479,-18.632437468904719,18.960051485391084
0.00081699999999999991,0,0,0,0,0,-18.597466329421145,-0.34363458135107372,-0.34363458135107372,-18.597466329421145,18.941100910772217
0.00081799999999999993,0,0,0,0,0,-18.562144345477883,-0.36002493177795891,-0.36002493177795891,-18.562144345477883,18.92216927725584
0.00081899999999999996,0,0,0,0,0,-18.526472528366327,-0.37678403754398637,-0.37678403754398637,-18.526472528366327,18.903256565910315
0.00081999999999999998,0,0,0,0,0,-18.490451903571667,-0.39391085425126882,-0.39391085425126882,-18.490451903571667,18.884362757822934
0.00082100000000000001,0,0,0,0,0,-18.454083510731973,-0.41140432336791122,-0.41140432336791122,-18.454083510731973,18.865487834099884
0.00082199999999999992,0,0,0,0,0,-18.417368403596832,-0.42926337226940525,-0.42926337226940525,-18.417368403596832,18.846631775866239
0.00082299999999999995,0,0,0,0,0,-18.380307649985333,-0.44748691428060461,-0.44748691428060461,-18.380307649985333,18.82779456426594
0.00082399999999999997,0,0,0,0,0,-18.342902331743531,-0.46607384871824742,-0.46607384871824742,-18.342902331743531,18.808976180461777
0.000825,0,0,0,0,0,-18.305153544701362,-0.48502306093399916,-0.48502306093399916,-18.305153544701362,18.790176605635359
0.00082599999999999991,0,0,0,0,0,-18.267062398629008,-0.50433342235810308,-0.50433342235810308,-18.267062398629008,18.771395820987113
0.00082699999999999994,0,0,0,0,0,-18.228630017192685,-0.52400379054356883,-0.52400379054356883,-18.228630017192685,18.752633807736252
0.00082799999999999996,0,0,0,0,0,-18.189857537909916,-0.54403300921084607,-0.54403300921084607,-18.189857537909916,18.733890547120762
0.00082899999999999998,0,0,0,0,0,-18.150746112104258,-0.56441990829312338,-0.56441990829312338,-18.150746112104258,18.71516602039738
0.00083000000000000001,0,0,0,0,0,-18.111296904859429,-0.58516330398215111,-0.58516330398215111,-18.111296904859429,18.696460208841579
0.00083099999999999992,0,0,0,0,0,-18.071511094972976,-0.60626199877456699,-0.60626199877456699,-18.071511094972976,18.677773093747543
0.00083199999999999995,0,0,0,0,0,-18.031389874909344,-0.62771478151881688,-0.62771478151881688,-18.031389874909344,18.659104656428159
0.00083299999999999997,0,0,0,0,0,-17.990934450752398,-0.64952042746258876,-0.64952042746258876,-17.990934450752398,18.640454878214985
0.000834,0,0,0,0,0,-17.950146042157478,-0.67167769830076729,-0.67167769830076729,-17.950146042157478,18.621823740458243
0.00083499999999999991,0,0,0,0,0,-17.909025882302842,-0.69418534222395323,-0.69418534222395323,-17.909025882302842,18.603211224526795
0.00083599999999999994,0,0,0,0,0,-17.867575217840589,-0.71704209396753349,-0.71704209396753349,-17.867575217840589,18.58461731180812
0.00083699999999999996,0,0,0,0,0,-17.825795308847106,-0.74024667486119888,-0.74024667486119888,-17.825795308847106,18.566041983708306
0.00083799999999999999,0,0,0,0,0,-17.783687428772936,-0.76379779287908889,-0.76379779287908889,-17.783687428772936,18.547485221652025
0.00083900000000000001,0,0,0,0,0,-17.741252864392088,-0.7876941426904196,-0.7876941426904196,-17.741252864392088,18.528947007082508
0.00083999999999999993,0,0,0,0,0,-17.698492915750926,-0.81193440571061615,-0.81193440571061615,-17.698492915750926,18.510427321461542
0.00084099999999999995,0,0,0,0,0,-17.65540889611642,-0.83651725015302425,-0.83651725015302425,-17.65540889611642,18.491926146269442
0.00084199999999999998,0,0,0,0,0,-17.612002131923937,-0.86144133108109422,-0.86144133108109422,-17.612002131923937,18.473443463005029
0.000843,0,0,0,0,0,-17.568273962724522,-0.88670529046109792,-0.88670529046109792,-17.568273962724522,18.45497925318562
0.00084399999999999992,0,0,0,0,0,-17.524225741131634,-0.91230775721536617,-0.91230775721536617,-17.524225741131634,18.436533498347
0.00084499999999999994,0,0,0,0,0,-17.479858832767334,-0.93824734727608394,-0.93824734727608394,-17.479858832767334,18.418106180043416
0.00084599999999999996,0,0,0,0,0,-17.435174616208052,-0.96452266363949768,-0.96452266363949768,-17.435174616208052,18.399697279847548
0.00084699999999999999,0,0,0,0,0,-17.390174482929773,-0.99113229642071765,-0.99113229642071765,-17.390174482929773,18.381306779350492
0.00084800000000000001,0,0,0,0,0,-17.344859837252713,-1.0180748229090302,-1.0180748229090302,-17.344859837252713,18.362934660161745
0.00084899999999999993,0,0,0,0,0,-17.299232096285539,-1.0453488076236503,-1.0453488076236503,-17.299232096285539,18.34458090390919
0.00084999999999999995,0,0,0,0,0,-17.253292689869014,-1.0729528023700521,-1.0729528023700521,-17.253292689869014,18.326245492239067
0.00085099999999999998,0,0,0,0,0,-17.207043060519204,-1.1008853462967583,-1.1008853462967583,-17.207043060519204,18.307928406815964
0.000852,0,0,0,0,0,-17.160484663370163,-1.12914496595263,-1.12914496595263,-17.160484663370163,18.289629629322793
0.00085299999999999992,0,0,0,0,0,-17.113618966116107,-1.1577301753446685,-1.1577301753446685,-17.113618966116107,18.271349141460774
0.00085399999999999994,0,0,0,0,0,-17.06644744895307,-1.186639475996353,-1.186639475996353,-17.06644744895307,18.253086924949422
0.00085499999999999997,0,0,0,0,0,-17.018971604520164,-1.2158713570063506,-1.2158713570063506,-17.018971604520164,18.234842961526514
0.00085599999999999999,0,0,0,0,0,-16.971192937840236,-1.2454242951078509,-1.2454242951078509,-16.971192937840236,18.216617232948089
0.00085700000000000001,0,0,0,0,0,-16.923112966260089,-1.2752967547283225,-1.2752967547283225,-16.923112966260089,18.198409720988412
0.00085799999999999993,0,0,0,0,0,-16.874733219390226,-1.3054871880497485,-1.3054871880497485,-16.874733219390226,18.180220407439975
0.00085899999999999995,0,0,0,0,0,-16.826055239044074,-1.3359940350693851,-1.3359940350693851,-16.826055239044074,18.16204927411346
0.00085999999999999998,0,0,0,0,0,-16.777080579176761,-1.3668157236609701,-1.3668157236609701,-16.777080579176761,18.143896302837732
0.000861,0,0,0,0,0,-16.727810805823413,-1.3979506696364039,-1.3979506696364039,-16.727810805823413,18.125761475459818
0.00086199999999999992,0,0,0,0,0,-16.678247497036935,-1.4293972768079586,-1.4293972768079586,-16.678247497036935,18.107644773844893
0.00086299999999999994,0,0,0,0,0,-16.628392242825349,-1.4611539370508995,-1.4611539370508995,-16.628392242825349,18.089546179876248
0.00086399999999999997,0,0,0,0,0,-16.578246645088687,-1.4932190303666042,-1.4932190303666042,-16.578246645088687,18.07146567545529
0.00086499999999999999,0,0,0,0,0,-16.527812317555359,-1.5255909249461563,-1.5255909249461563,-16.527812317555359,18.053403242501513
0.00086599999999999991,0,0,0,0,0,-16.47709088571807,-1.5582679772344132,-1.5582679772344132,-16.47709088571807,18.035358862952485
0.00086699999999999993,0,0,0,0,0,-16.426083986769306,-1.5912485319945144,-1.5912485319945144,-16.426083986769306,18.017332518763823
0.00086799999999999996,0,0,0,0,0,-16.374793269536337,-1.6245309223728448,-1.6245309223728448,-16.374793269536337,17.999324191909182
0.00086899999999999998,0,0,0,0,0,-16.323220394415721,-1.6581134699645119,-1.6581134699645119,-16.323220394415721,17.981333864380233
0.00087000000000000001,0,0,0,0,0,-16.271367033307442,-1.691994484879201,-1.691994484879201,-16.271367033307442,17.963361518186645
0.00087099999999999992,0,0,0,0,0,-16.219234869548512,-1.7261722658075591,-1.7261722658075591,-16.219234869548512,17.945407135356071
0.00087199999999999995,0,0,0,0,0,-16.166825597846142,-1.7606451000879897,-1.7606451000879897,-16.166825597846142,17.92747069793413
0.00087299999999999997,0,0,0,0,0,-16.114140924210506,-1.7954112637738762,-1.7954112637738762,-16.114140924210506,17.909552187984382
0.00087399999999999999,0,0,0,0,0,-16.061182565887016,-1.8304690217012993,-1.8304690217012993,-16.061182565887016,17.891651587588314
0.00087499999999999991,0,0,0,0,0,-16.007952251288145,-1.8658166275571775,-1.8658166275571775,-16.007952251288145,17.873768878845322
0.00087599999999999993,0,0,0,0,0,-15.954451719924846,-1.9014523239478525,-1.9014523239478525,-15.954451719924846,17.855904043872698
0.00087699999999999996,0,0,0,0,0,-15.900682722337537,-1.9373743424680701,-1.9373743424680701,-15.900682722337537,17.838057064805607
0.00087799999999999998,0,0,0,0,0,-15.846647020026587,-1.973580903770479,-1.973580903770479,-15.846647020026587,17.820227923797066
0.00087900000000000001,0,0,0,0,0,-15.792346385382459,-2.0100702176354766,-2.0100702176354766,-15.792346385382459,17.802416603017935
0.00087999999999999992,0,0,0,0,0,-15.737782601615343,-2.0468404830415503,-2.0468404830415503,-15.737782601615343,17.784623084656893
0.00088099999999999995,0,0,0,0,0,-15.682957462684406,-2.0838898882360093,-2.0838898882360093,-15.682957462684406,17.766847350920415
0.00088199999999999997,0,0,0,0,0,-15.627872773226636,-2.1212166108061314,-2.1212166108061314,-15.627872773226636,17.749089384032768
0.000883,0,0,0,0,0,-15.572530348485198,-2.1588188177507881,-2.1588188177507881,-15.572530348485198,17.731349166235987
0.00088399999999999991,0,0,0,0,0,-15.516932014237447,-2.1966946655523989,-2.1966946655523989,-15.516932014237447,17.713626679789847
0.00088499999999999994,0,0,0,0,0,-15.461079606722455,-2.2348423002494098,-2.2348423002494098,-15.461079606722455,17.695921906971865
0.00088599999999999996,0,0,0,0,0,-15.404974972568205,-2.2732598575090606,-2.2732598575090606,-15.404974972568205,17.678234830077265
0.00088699999999999998,0,0,0,0,0,-15.348619968718275,-2.3119454627006917,-2.3119454627006917,-15.348619968718275,17.660565431418966
0.00088800000000000001,0,0,0,0,0,-15.292016462358236,-2.3508972309693359,-2.3508972309693359,-15.292016462358236,17.642913693327571
0.00088899999999999992,0,0,0,0,0,-15.235166330841523,-2.3901132673098173,-2.3901132673098173,-15.235166330841523,17.625279598151341
0.00088999999999999995,0,0,0,0,0,-15.178071461614991,-2.4295916666411861,-2.4295916666411861,-15.178071461614991,17.607663128256178
0.00089099999999999997,0,0,0,0,0,-15.120733752144059,-2.4693305138815518,-2.4693305138815518,-15.120733752144059,17.59006426602561
0.000892,0,0,0,0,0,-15.063155109837396,-2.509327884023377,-2.509327884023377,-15.063155109837396,17.572482993860774
0.00089299999999999991,0,0,0,0,0,-15.005337451971332,-2.549581842209065,-2.549581842209065,-15.005337451971332,17.554919294180397
0.00089399999999999994,0,0,0,0,0,-14.947282705613736,-2.5900904438070409,-2.5900904438070409,-14.947282705613736,17.537373149420777
0.00089499999999999996,0,0,0,0,0,-14.888992807547655,-2.630851734488111,-2.630851734488111,-14.888992807547655,17.519844542035766
0.00089599999999999999,0,0,0,0,0,-14.830469704194435,-2.6718637503023217,-2.6718637503023217,-14.830469704194435,17.502333454496757
0.00089700000000000001,0,0,0,0,0,-14.771715351536583,-2.7131245177560768,-2.7131245177560768,-14.771715351536583,17.48483986929266
0.00089799999999999993,0,0,0,0,0,-14.712731715040142,-2.7546320538897469,-2.7546320538897469,-14.712731715040142,17.467363768929889
0.00089899999999999995,0,0,0,0,0,-14.653520769576769,-2.7963843663555741,-2.7963843663555741,-14.653520769576769,17.449905135932344
0.00089999999999999998,0,0,0,0,0,-14.594084499345435,-2.8383794534959534,-2.8383794534959534,-14.594084499345435,17.432463952841388
0.000901,0,0,0,0,0,-14.534424897793684,-2.8806153044221539,-2.8806153044221539,-14.534424897793684,17.415040202215838
0.00090199999999999992,0,0,0,0,0,-14.474543967538654,-2.923089899093287,-2.923089899093287,-14.474543967538654,17.397633866631942
0.00090299999999999994,0,0,0,0,0,-14.414443720287602,-2.9658012083957619,-2.9658012083957619,-14.414443720287602,17.380244928683364
0.00090399999999999996,0,0,0,0,0,-14.354126176758154,-3.0087471942230097,-3.0087471942230097,-14.354126176758154,17.362873370981163
0.00090499999999999999,0,0,0,0,0,-14.293593366598198,-3.0519258095555806,-3.0519258095555806,-14.293593366598198,17.345519176153779
0.00090600000000000001,0,0,0,0,0,-14.232847328305395,-3.0953349985416221,-3.0953349985416221,-14.232847328305395,17.328182326847017
0.00090699999999999993,0,0,0,0,0,-14.171890109146325,-3.1389726965777003,-3.1389726965777003,-14.171890109146325,17.310862805724025
0.00090799999999999995,0,0,0,0,0,-14.110723765075337,-3.1828368303899435,-3.1828368303899435,-14.110723765075337,17.29356059546528
0.00090899999999999998,0,0,0,0,0,-14.049350360653055,-3.2269253181155193,-3.2269253181155193,-14.049350360653055,17.276275678768574
0.00091,0,0,0,0,0,-13.987771968964463,-3.2712360693845213,-3.2712360693845213,-13.987771968964463,17.259008038348984
0.00091099999999999992,0,0,0,0,0,-13.925990671536784,-3.3157669854020879,-3.3157669854020879,-13.925990671536784,17.241757656938873
0.00091199999999999994,0,0,0,0,0,-13.864008558256895,-3.360515959030959,-3.360515959030959,-13.864008558256895,17.224524517287854
0.00091299999999999997,0,0,0,0,0,-13.801827727288497,-3.4054808748742929,-3.4054808748742929,-13.801827727288497,17.20730860216279
0.00091399999999999999,0,0,0,0,0,-13.739450284988948,-3.4506596093588122,-3.4506596093588122,-13.739450284988948,17.19010989434776
0.00091499999999999991,0,0,0,0,0,-13.676878345825749,-3.49605003081831,-3.49605003081831,-13.676878345825749,17.172928376644059
0.00091599999999999993,0,0,0,0,0,-13.614114032292699,-3.541649999577464,-3.541649999577464,-13.614114032292699,17.155764031870163
0.00091699999999999995,0,0,0,0,0,-13.551159474825779,-3.5874573680359507,-3.5874573680359507,-13.551159474825779,17.13861684286173
0.00091799999999999998,0,0,0,0,0,-13.488016811718708,-3.6334699807528601,-3.6334699807528601,-13.488016811718708,17.121486792471568
0.000919,0,0,0,0,0,-13.424688189038141,-3.6796856745314859,-3.6796856745314859,-13.424688189038141,17.104373863569627
0.00091999999999999992,0,0,0,0,0,-13.361175760538648,-3.7261022785043263,-3.7261022785043263,-13.361175760538648,17.087278039042975
0.00092099999999999994,0,0,0,0,0,-13.297481687577296,-3.7727176142184895,-3.7727176142184895,-13.297481687577296,17.070199301795785
0.00092199999999999997,0,0,0,0,0,-13.233608139027993,-3.8195294957213264,-3.8195294957213264,-13.233608139027993,17.053137634749319
0.00092299999999999999,0,0,0,0,0,-13.16955729119554,-3.8665357296463672,-3.8665357296463672,-13.16955729119554,17.036093020841907
0.00092399999999999991,0,0,0,0,0,-13.10533132772936,-3.913734115299575,-3.913734115299575,-13.10533132772936,17.019065443028936
0.00092499999999999993,0,0,0,0,0,-13.040932439536892,-3.9611224447459357,-3.9611224447459357,-13.040932439536892,17.002054884282828
0.00092599999999999996,0,0,0,0,0,-12.976362824696839,-4.0086985028961815,-4.0086985028961815,-12.976362824696839,16.985061327593019
0.00092699999999999998,0,0,0,0,0,-12.911624688372001,-4.0564600675939531,-4.0564600675939531,-12.911624688372001,16.968084755965954
0.00092800000000000001,0,0,0,0,0,-12.846720242721865,-4.104404909703196,-4.104404909703196,-12.846720242721865,16.95112515242506
0.00092899999999999992,0,0,0,0,0,-12.781651706814964,-4.1525307931957673,-4.1525307931957673,-12.781651706814964,16.934182500010731
0.00092999999999999995,0,0,0,0,0,-12.716421306540894,-4.2008354752394181,-4.2008354752394181,-12.716421306540894,16.917256781780313
0.00093099999999999997,0,0,0,0,0,-12.651031274522111,-4.2493167062859731,-4.2493167062859731,-12.651031274522111,16.900347980808085
0.00093199999999999999,0,0,0,0,0,-12.585483850025469,-4.2979722301597798,-4.2979722301597798,-12.585483850025469,16.883456080185248
0.00093299999999999991,0,0,0,0,0,-12.519781278873452,-4.3467997841464436,-4.3467997841464436,-12.519781278873452,16.866581063019897
0.00093399999999999993,0,0,0,0,0,-12.453925813355145,-4.3957970990818716,-4.3957970990818716,-12.453925813355145,16.849722912437016
0.00093499999999999996,0,0,0,0,0,-12.387919712137037,-4.4449618994414131,-4.4449618994414131,-12.387919712137037,16.832881611578451
0.00093599999999999998,0,0,0,0,0,-12.321765240173484,-4.4942919034294171,-4.4942919034294171,-12.321765240173484,16.816057143602901
0.00093700000000000001,0,0,0,0,0,-12.255464668616916,-4.5437848230689779,-4.5437848230689779,-12.255464668616916,16.799249491685895
0.00093799999999999992,0,0,0,0,0,-12.189020274727909,-4.5934383642918704,-4.5934383642918704,-12.189020274727909,16.782458639019779
0.00093899999999999995,0,0,0,0,0,-12.122434341784867,-4.6432502270288358,-4.6432502270288358,-12.122434341784867,16.765684568813704
0.00093999999999999997,0,0,0,0,0,-12.055709158993583,-4.6932181053000086,-4.6932181053000086,-12.055709158993583,16.748927264293592
0.000941,0,0,0,0,0,-11.988847021396531,-4.7433396873056113,-4.7433396873056113,-11.988847021396531,16.732186708702141
0.00094199999999999991,0,0,0,0,0,-11.921850229781917,-4.7936126555168741,-4.7936126555168741,-11.921850229781917,16.715462885298791
0.00094299999999999994,0,0,0,0,0,-11.854721090592461,-4.8440346867672606,-4.8440346867672606,-11.854721090592461,16.698755777359722
0.00094399999999999996,0,0,0,0,0,-11.787461915834086,-4.8946034523437341,-4.8946034523437341,-11.787461915834086,16.68206536817782
0.00094499999999999998,0,0,0,0,0,-11.720075022984261,-4.9453166180784152,-4.9453166180784152,-11.720075022984261,16.665391641062676
0.00094600000000000001,0,0,0,0,0,-11.652562734900151,-4.9961718444404104,-4.9961718444404104,-11.652562734900151,16.648734579340562
0.00094699999999999993,0,0,0,0,0,-11.584927379726642,-5.0471667866277752,-5.0471667866277752,-11.584927379726642,16.632094166354417
0.00094799999999999995,0,0,0,0,0,-11.517171290804018,-5.0982990946598044,-5.0982990946598044,-11.517171290804018,16.615470385463823
0.00094899999999999997,0,0,0,0,0,-11.449296806575555,-5.1495664134694454,-5.1495664134694454,-11.449296806575555,16.598863220045001
0.00095,0,0,0,0,0,-11.381306270494866,-5.2009663829959134,-5.2009663829959134,-11.381306270494866,16.582272653490779
0.00095099999999999991,0,0,0,0,0,-11.313202030933052,-5.2524966382775427,-5.2524966382775427,-11.313202030933052,16.565698669210594
0.00095199999999999994,0,0,0,0,0,-11.244986441085588,-5.3041548095448707,-5.3041548095448707,-11.244986441085588,16.549141250630459
0.00095299999999999996,0,0,0,0,0,-11.1766618588792,-5.3559385223137532,-5.3559385223137532,-11.1766618588792,16.532600381192953
0.00095399999999999999,0,0,0,0,0,-11.108230646878372,-5.407845397478833,-5.407845397478833,-11.108230646878372,16.516076044357206
0.0009549999999999999,0,0,0,0,0,-11.039695172191745,-5.4598730514071363,-5.4598730514071363,-11.039695172191745,16.499568223598882
0.00095599999999999993,0,0,0,0,0,-10.971057806378337,-5.5120190960318176,-5.5120190960318176,-10.971057806378337,16.483076902410154
0.00095699999999999995,0,0,0,0,0,-10.902320925353619,-5.5642811389460842,-5.5642811389460842,-10.902320925353619,16.466602064299703
0.00095799999999999998,0,0,0,0,0,-10.833486909295321,-5.6166567834973691,-5.6166567834973691,-10.833486909295321,16.45014369279269
0.000959,0,0,0,0,0,-10.764558142549193,-5.6691436288815442,-5.6691436288815442,-10.764558142549193,16.433701771430737
0.00095999999999999992,0,0,0,0,0,-10.695537013534526,-5.7217392702374008,-5.7217392702374008,-10.695537013534526,16.417276283771926
0.00096099999999999994,0,0,0,0,0,-10.626425914649468,-5.7744412987412996,-5.7744412987412996,-10.626425914649468,16.400867213390768
0.00096199999999999996,0,0,0,0,0,-10.557227242176348,-5.8272473017018438,-5.8272473017018438,-10.557227242176348,16.384474543878191
0.00096299999999999999,0,0,0,0,0,-10.487943396186676,-5.8801548626548481,-5.8801548626548481,-10.487943396186676,16.368098258841524
0.0009639999999999999,0,0,0,0,0,-10.418576780446063,-5.9331615614584159,-5.9331615614584159,-10.418576780446063,16.351738341904479
0.00096499999999999993,0,0,0,0,0,-10.349129802319002,-5.9862649743881349,-5.9862649743881349,-10.349129802319002,16.335394776707137
0.00096599999999999995,0,0,0,0,0,-10.279604872673525,-6.0394626742324089,-6.0394626742324089,-10.279604872673525,16.319067546905934
0.00096699999999999998,0,0,0,0,0,-10.210004405785638,-6.0927522303879993,-6.0927522303879993,-10.210004405785638,16.302756636173637
0.000968,0,0,0,0,0,-10.14033081924374,-6.1461312089555955,-6.1461312089555955,-10.14033081924374,16.286462028199335
0.00096899999999999992,0,0,0,0,0,-10.070586533852826,-6.1995971728355919,-6.1995971728355919,-10.070586533852826,16.270183706688417
0.00096999999999999994,0,0,0,0,0,-10.000773973538537,-6.2531476818240268,-6.2531476818240268,-10.000773973538537,16.253921655362564
0.00097099999999999997,0,0,0,0,0,-9.9308955652512374,-6.3067802927084813,-6.3067802927084813,-9.9308955652512374,16.237675857959719
0.00097199999999999999,0,0,0,0,0,-9.8609537388698101,-6.3604925593642738,-6.3604925593642738,-9.8609537388698101,16.221446298234085
0.00097299999999999991,0,0,0,0,0,-9.7909509271054027,-6.4142820328507,-6.4142820328507,-9.7909509271054027,16.205232959956103
0.00097399999999999993,0,0,0,0,0,-9.7208895654050593,-6.4681462615073722,-6.4681462615073722,-9.7208895654050593,16.189035826912431
0.00097499999999999996,0,0,0,0,0,-9.6507720918552877,-6.5220827910506474,-6.5220827910506474,-9.6507720918552877,16.172854882905934
0.00097599999999999998,0,0,0,0,0,-9.5806009470854114,-6.5760891646702575,-6.5760891646702575,-9.5806009470854114,16.156690111755669
0.000977,0,0,0,0,0,-9.5103785741709626,-6.6301629231258996,-6.6301629231258996,-9.5103785741709626,16.140541497296862
0.00097799999999999992,0,0,0,0,0,-9.4401074185368419,-6.6843016048440536,-6.6843016048440536,-9.4401074185368419,16.124409023380895
0.00097900000000000005,0,0,0,0,0,-9.3697899278604737,-6.7385027460148237,-6.7385027460148237,-9.3697899278604737,16.108292673875297
0.00097999999999999997,0,0,0,0,0,-9.2994285519749038,-6.7927638806888115,-6.7927638806888115,-9.2994285519749038,16.092192432663715
0.00098099999999999988,0,0,0,0,0,-9.2290257427716682,-6.84708254087424,-6.84708254087424,-9.2290257427716682,16.076108283645908
0.00098200000000000002,0,0,0,0,0,-9.1585839541036798,-6.9014562566340407,-6.9014562566340407,-9.1585839541036798,16.060040210737721
0.00098299999999999993,0,0,0,0,0,-9.0881056416881485,-6.955882556182936,-6.955882556182936,-9.0881056416881485,16.043988197871084
0.00098399999999999985,0,0,0,0,0,-9.0175932630091591,-7.0103589659848229,-7.0103589659848229,-9.0175932630091591,16.027952228993982
0.00098499999999999998,0,0,0,0,0,-8.9470492772203709,-7.0648830108500729,-7.0648830108500729,-8.9470492772203709,16.011932288070444
0.0009859999999999999,0,0,0,0,0,-8.8764761450477074,-7.1194522140328234,-7.1194522140328234,-8.8764761450477074,15.99592835908053
0.00098700000000000003,0,0,0,0,0,-8.8058763286917348,-7.1740640973285732,-7.1740640973285732,-8.8058763286917348,15.979940426020308
0.00098799999999999995,0,0,0,0,0,-8.7352522917302569,-7.2287161811715857,-7.2287161811715857,-8.7352522917302569,15.963968472901843
0.00098899999999999986,0,0,0,0,0,-8.6646064990206622,-7.2834059847325205,-7.2834059847325205,-8.6646064990206622,15.948012483753182
0.00098999999999999999,0,0,0,0,0,-8.5939414166023074,-7.3381310260160246,-7.3381310260160246,-8.5939414166023074,15.932072442618333
0.00099099999999999991,0,0,0,0,0,-8.5232595115988836,-7.3928888219583699,-7.3928888219583699,-8.5232595115988836,15.916148333557254
0.00099200000000000004,0,0,0,0,0,-8.4525632521206209,-7.4476768885252156,-7.4476768885252156,-8.4525632521206209,15.900240140645836
0.00099299999999999996,0,0,0,0,0,-8.3818551071666008,-7.5024927408092816,-7.5024927408092816,-8.3818551071666008,15.884347847975883
0.00099399999999999987,0,0,0,0,0,-8.3111375465269113,-7.5573338931281917,-7.5573338931281917,-8.3111375465269113,15.868471439655103
0.00099500000000000001,0,0,0,0,0,-8.2404130406848353,-7.6121978591222499,-7.6121978591222499,-8.2404130406848353,15.852610899807084
0.00099599999999999992,0,0,0,0,0,-8.1696840607190317,-7.6670821518522549,-7.6670821518522549,-8.1696840607190317,15.836766212571286
0.00099700000000000006,0,0,0,0,0,-8.0989530782055912,-7.7219842838974291,-7.7219842838974291,-8.0989530782055912,15.82093736210302
0.00099799999999999997,0,0,0,0,0,-8.0282225651202559,-7.7769017674531788,-7.7769017674531788,-8.0282225651202559,15.805124332573435
0.00099899999999999989,0,0,0,0,0,-7.9574949937403554,-7.831832114429143,-7.831832114429143,-7.9574949937403554,15.789327108169498
0.001,0,0,0,0,0,-7.8867728365469958,-7.8867728365469905,-7.8867728365469905,-7.8867728365469958,15.773545673093986
0.0010009999999999999,0,0,0,0,0,-7.8160585661271478,-7.941721445438314,-7.941721445438314,-7.8160585661271478,15.757780011565462
0.0010019999999999999,0,0,0,0,0,-7.7453546550756247,-7.9966754527426378,-7.9966754527426378,-7.7453546550756247,15.742030107818263
0.001003,0,0,0,0,0,-7.6746635758971644,-8.0516323702053167,-8.0516323702053167,-7.6746635758971644,15.726295946102482
0.0010039999999999999,0,0,0,0,0,-7.6039878009086133,-8.1065897097753439,-8.1065897097753439,-7.6039878009086133,15.710577510683958
0.001005,0,0,0,0,0,-7.5333298021408481,-8.161544983703406,-8.161544983703406,-7.5333298021408481,15.694874785844254
0.0010059999999999999,0,0,0,0,0,-7.4626920512409844,-8.2164957046396587,-8.2164957046396587,-7.4626920512409844,15.679187755880644
0.0010069999999999999,0,0,0,0,0,-7.3920770193744119,-8.2714393857316857,-8.2714393857316857,-7.3920770193744119,15.663516405106098
0.001008,0,0,0,0,0,-7.3214871771269419,-8.3263735407223187,-8.3263735407223187,-7.3214871771269419,15.647860717849261
0.0010089999999999999,0,0,0,0,0,-7.2509249944069891,-8.3812956840474584,-8.3812956840474584,-7.2509249944069891,15.632220678454447
0.00101,0,0,0,0,0,-7.1803929403476792,-8.4362033309339353,-8.4362033309339353,-7.1803929403476792,15.616596271281614
0.001011,0,0,0,0,0,-7.1098934832091283,-8.4910939974972237,-8.4910939974972237,-7.1098934832091283,15.600987480706353
0.0010119999999999999,0,0,0,0,0,-7.0394290902806222,-8.5459652008392499,-8.5459652008392499,-7.0394290902806222,15.585394291119872
0.001013,0,0,0,0,0,-6.9690022277829247,-8.6008144591460578,-8.6008144591460578,-6.9690022277829247,15.569816686928982
0.0010139999999999999,0,0,0,0,0,-6.8986153607706191,-8.655639291785457,-8.655639291785457,-6.8986153607706191,15.554254652556077
0.0010150000000000001,0,0,0,0,0,-6.8282709530344157,-8.7104372194047048,-8.7104372194047048,-6.8282709530344157,15.538708172439121
0.001016,0,0,0,0,0,-6.7579714670036779,-8.7652057640279519,-8.7652057640279519,-6.7579714670036779,15.52317723103163
0.0010169999999999999,0,0,0,0,0,-6.6877193636487489,-8.8199424491539169,-8.8199424491539169,-6.6877193636487489,15.507661812802665
0.001018,0,0,0,0,0,-6.6175171023835873,-8.8746447998532183,-8.8746447998532183,-6.6175171023835873,15.492161902236806
0.0010189999999999999,0,0,0,0,0,-6.5473671409683867,-8.9293103428657528,-8.9293103428657528,-6.5473671409683867,15.476677483834139
0.0010199999999999999,0,0,0,0,0,-6.4772719354120989,-8.9839366066981476,-8.9839366066981476,-6.4772719354120989,15.461208542110246
0.001021,0,0,0,0,0,-6.4072339398752707,-9.0385211217209118,-9.0385211217209118,-6.4072339398752707,15.445755061596183
0.0010219999999999999,0,0,0,0,0,-6.337255606572862,-9.0930614202656059,-9.0930614202656059,-6.337255606572862,15.430317026838468
0.001023,0,0,0,0,0,-6.2673393856770154,-9.1475550367220517,-9.1475550367220517,-6.2673393856770154,15.414894422399067
0.001024,0,0,0,0,0,-6.1974877252201228,-9.2019995076352501,-9.2019995076352501,-6.1974877252201228,15.399487232855373
0.0010249999999999999,0,0,0,0,0,-6.1277030709978,-9.256392371802395,-9.256392371802395,-6.1277030709978,15.384095442800195
0.001026,0,0,0,0,0,-6.0579878664720406,-9.3107311703696993,-9.3107311703696993,-6.0579878664720406,15.368719036841741
0.0010269999999999999,0,0,0,0,0,-5.9883445526744739,-9.3650134469291313,-9.3650134469291313,-5.9883445526744739,15.353357999603604
0.0010280000000000001,0,0,0,0,0,-5.9187755681096181,-9.4192367476151286,-9.4192367476151286,-5.9187755681096181,15.338012315724747
0.001029,0,0,0,0,0,-5.8492833486583775,-9.4733986212011061,-9.4733986212011061,-5.8492833486583775,15.322681969859484
0.0010299999999999999,0,0,0,0,0,-5.7798703274815013,-9.5274966191959685,-9.5274966191959685,-5.7798703274815013,15.307366946677469
0.001031,0,0,0,0,0,-5.7105389349232425,-9.5815282959404318,-9.5815282959404318,-5.7105389349232425,15.292067230863674
0.0010319999999999999,0,0,0,0,0,-5.6412915984151342,-9.6354912087032503,-9.6354912087032503,-5.6412915984151342,15.276782807118385
0.0010329999999999998,0,0,0,0,0,-5.572130742379791,-9.6893829177773867,-9.6893829177773867,-5.572130742379791,15.261513660157178
0.001034,0,0,0,0,0,-5.5030587881349149,-9.743200986575987,-9.743200986575987,-5.5030587881349149,15.246259774710902
0.0010349999999999999,0,0,0,0,0,-5.4340781537974241,-9.7969429817282467,-9.7969429817282467,-5.4340781537974241,15.231021135525671
0.001036,0,0,0,0,0,-5.3651912541876108,-9.8506064731752332,-9.8506064731752332,-5.3651912541876108,15.215797727362844
0.0010369999999999999,0,0,0,0,0,-5.2964005007336139,-9.9041890342654,-9.9041890342654,-5.2964005007336139,15.200589534999013
0.0010379999999999999,0,0,0,0,0,-5.2277083013757624,-9.9576882418502208,-9.9576882418502208,-5.2277083013757624,15.185396543225984
0.001039,0,0,0,0,0,-5.1591170604713117,-10.011101676379452,-10.011101676379452,-5.1591170604713117,15.170218736850764
0.0010399999999999999,0,0,0,0,0,-5.0906291786992401,-10.064426921996304,-10.064426921996304,-5.0906291786992401,15.155056100695544
0.001041,0,0,0,0,0,-5.0222470529650254,-10.117661566632663,-10.117661566632663,-5.0222470529650254,15.139908619597689
0.001042,0,0,0,0,0,-4.9539730763058945,-10.170803202103819,-10.170803202103819,-4.9539730763058945,15.124776278409714
0.0010429999999999999,0,0,0,0,0,-4.8858096377958935,-10.223849424203383,-10.223849424203383,-4.8858096377958935,15.109659061999277
0.001044,0,0,0,0,0,-4.817759122451335,-10.276797832797827,-10.276797832797827,-4.817759122451335,15.094556955249162
0.0010449999999999999,0,0,0,0,0,-4.7498239111363469,-10.329646031920912,-10.329646031920912,-4.7498239111363469,15.07946994305726
0.0010460000000000001,0,0,0,0,0,-4.6820063804685228,-10.382391629868035,-10.382391629868035,-4.6820063804685228,15.064398010336559
0.001047,0,0,0,0,0,-4.6143089027248516,-10.435032239290273,-10.435032239290273,-4.6143089027248516,15.049341142015123
0.0010479999999999999,0,0,0,0,0,-4.5467338457477044,-10.487565477288378,-10.487565477288378,-4.5467338457477044,15.034299323036082
0.001049,0,0,0,0,0,-4.4792835728510756,-10.539988965506542,-10.539988965506542,-4.4792835728510756,15.019272538357617
0.0010499999999999999,0,0,0,0,0,-4.4119604427270076,-10.592300330225935,-10.592300330225935,-4.4119604427270076,15.004260772952943
0.0010509999999999999,0,0,0,0,0,-4.3447668093521123,-10.644497202458179,-10.644497202458179,-4.3447668093521123,14.989264011810292
0.001052,0,0,0,0,0,-4.2777050218943655,-10.696577218038534,-10.696577218038534,-4.2777050218943655,14.974282239932901
0.0010529999999999999,0,0,0,0,0,-4.2107774246200877,-10.748538017718911,-10.748538017718911,-4.2107774246200877,14.959315442338998
0.001054,0,0,0,0,0,-4.143986356801026,-10.800377247260759,-10.800377247260759,-4.143986356801026,14.944363604061785
0.0010549999999999999,0,0,0,0,0,-4.077334152621809,-10.852092557527612,-10.852092557527612,-4.077334152621809,14.929426710149421
0.0010559999999999999,0,0,0,0,0,-4.0108231410873518,-10.90368160457766,-10.90368160457766,-4.0108231410873518,14.914504745665011
0.001057,0,0,0,0,0,-3.9444556459307085,-10.955142049755882,-10.955142049755882,-3.9444556459307085,14.899597695686591
0.0010579999999999999,0,0,0,0,0,-3.878233985521061,-11.006471559786046,-11.006471559786046,-3.878233985521061,14.884705545307106
0.001059,0,0,0,0,0,-3.8121604727717493,-11.057667806862659,-11.057667806862659,-3.8121604727717493,14.869828279634408
0.00106,0,0,0,0,0,-3.7462374150488404,-11.108728468742388,-11.108728468742388,-3.7462374150488404,14.854965883791229
0.0010609999999999999,0,0,0,0,0,-3.6804671140795984,-11.159651228835571,-11.159651228835571,-3.6804671140795984,14.84011834291517
0.001062,0,0,0,0,0,-3.6148518658613398,-11.210433776297352,-11.210433776297352,-3.6148518658613398,14.825285642158692
0.0010629999999999999,0,0,0,0,0,-3.5493939605705886,-11.261073806118503,-11.261073806118503,-3.5493939605705886,14.810467766689092
0.0010640000000000001,0,0,0,0,0,-3.4840956824722258,-11.311569019216266,-11.311569019216266,-3.4840956824722258,14.795664701688493
0.001065,0,0,0,0,0,-3.4189593098291153,-11.361917122524712,-11.361917122524712,-3.4189593098291153,14.780876432353828
0.0010659999999999999,0,0,0,0,0,-3.3539871148117983,-11.412115829085028,-11.412115829085028,-3.3539871148117983,14.766102943896827
0.001067,0,0,0,0,0,-3.2891813634085159,-11.462162858135486,-11.462162858135486,-3.2891813634085159,14.751344221544
0.0010679999999999999,0,0,0,0,0,-3.2245443153354811,-11.512055935201143,-11.512055935201143,-3.2245443153354811,14.736600250536625
0.0010689999999999999,0,0,0,0,0,-3.1600782239473153,-11.561792792183414,-11.561792792183414,-3.1600782239473153,14.721871016130729
0.00107,0,0,0,0,0,-3.0957853361478191,-11.611371167449256,-11.611371167449256,-3.0957853361478191,14.707156503597075
0.0010709999999999999,0,0,0,0,0,-3.0316678923009981,-11.660788805920152,-11.660788805920152,-3.0316678923009981,14.69245669822115
0.001072,0,0,0,0,0,-2.9677281261422532,-11.710043459160895,-11.710043459160895,-2.9677281261422532,14.677771585303148
0.001073,0,0,0,0,0,-2.9039682646899738,-11.759132885467981,-11.759132885467981,-2.9039682646899738,14.663101150157955
0.0010739999999999999,0,0,0,0,0,-2.8403905281572586,-11.808054849957873,-11.808054849957873,-2.8403905281572586,14.648445378115133
0.001075,0,0,0,0,0,-2.7769971298639895,-11.856807124654921,-11.856807124654921,-2.7769971298639895,14.63380425451891
0.0010759999999999999,0,0,0,0,0,-2.7137902761492159,-11.905387488578945,-11.905387488578945,-2.7137902761492159,14.619177764728162
0.001077,0,0,0,0,0,-2.6507721662836161,-11.95379372783278,-11.95379372783278,-2.6507721662836161,14.604565894116396
0.001078,0,0,0,0,0,-2.5879449923825497,-12.002023635689191,-12.002023635689191,-2.5879449923825497,14.589968628071741
0.0010789999999999999,0,0,0,0,0,-2.5253109393190902,-12.050075012677841,-12.050075012677841,-2.5253109393190902,14.57538595199693
0.00108,0,0,0,0,0,-2.4628721846374946,-12.097945666671791,-12.097945666671791,-2.4628721846374946,14.560817851309286
0.0010809999999999999,0,0,0,0,0,-2.4006308984670373,-12.14563341297367,-12.14563341297367,-2.4006308984670373,14.546264311440707
0.0010819999999999998,0,0,0,0,0,-2.3385892434359201,-12.193136074401732,-12.193136074401732,-2.3385892434359201,14.531725317837651
0.001083,0,0,0,0,0,-2.2767493745856591,-12.240451481375464,-12.240451481375464,-2.2767493745856591,14.517200855961123
0.0010839999999999999,0,0,0,0,0,-2.2151134392857319,-12.28757747200093,-12.28757747200093,-2.2151134392857319,14.502690911286662
0.001085,0,0,0,0,0,-2.1536835771484517,-12.334511892155867,-12.334511892155867,-2.1536835771484517,14.488195469304319
0.0010859999999999999,0,0,0,0,0,-2.092461919944272,-12.381252595574383,-12.381252595574383,-2.092461919944272,14.473714515518655
0.0010869999999999999,0,0,0,0,0,-2.031450591517272,-12.427797443931439,-12.427797443931439,-2.031450591517272,14.459248035448711
0.001088,0,0,0,0,0,-1.9706517077010544,-12.474144306926952,-12.474144306926952,-1.9706517077010544,14.444796014628007
0.0010889999999999999,0,0,0,0,0,-1.9100673762349318,-12.520291062369591,-12.520291062369591,-1.9100673762349318,14.430358438604523
0.00109,0,0,0,0,0,-1.8496996966803803,-12.566235596260301,-12.566235596260301,-1.8496996966803803,14.415935292940681
0.001091,0,0,0,0,0,-1.7895507603379182,-12.611975802875413,-12.611975802875413,-1.7895507603379182,14.401526563213332
0.0010919999999999999,0,0,0,0,0,-1.7296226501641954,-12.657509584849551,-12.657509584849551,-1.7296226501641954,14.387132235013746
0.001093,0,0,0,0,0,-1.6699174406895043,-12.702834853258091,-12.702834853258091,-1.6699174406895043,14.372752293947595
0.0010939999999999999,0,0,0,0,0,-1.6104371979356005,-12.747949527699333,-12.747949527699333,-1.6104371979356005,14.358386725634935
0.0010950000000000001,0,0,0,0,0,-1.5511839793337936,-12.792851536376403,-12.792851536376403,-1.5511839793337936,14.344035515710196
0.001096,0,0,0,0,0,-1.492159833643524,-12.837538816178647,-12.837538816178647,-1.492159833643524,14.32969864982217
0.0010969999999999999,0,0,0,0,0,-1.4333668008710987,-12.882009312762888,-12.882009312762888,-1.4333668008710987,14.315376113633986
0.001098,0,0,0,0,0,-1.3748069121888822,-12.926260980634227,-12.926260980634227,-1.3748069121888822,14.301067892823109
0.0010989999999999999,0,0,0,0,0,-1.316482189854904,-12.970291783226413,-12.970291783226413,-1.316482189854904,14.286773973081317
0.0010999999999999998,0,0,0,0,0,-1.2583946471326293,-13.014099692982059,-13.014099692982059,-1.2583946471326293,14.272494340114688
0.001101,0,0,0,0,0,-1.2005462882112088,-13.057682691432381,-13.057682691432381,-1.2005462882112088,14.25822897964359
0.0011019999999999999,0,0,0,0,0,-1.14293910812615,-13.10103876927651,-13.10103876927651,-1.14293910812615,14.24397787740266
0.001103,0,0,0,0,0,-1.0855750926801537,-13.144165926460639,-13.144165926460639,-1.0855750926801537,14.229741019140793
0.0011039999999999999,0,0,0,0,0,-1.0284562183645196,-13.187062172256612,-13.187062172256612,-1.0284562183645196,14.215518390621131
0.0011049999999999999,0,0,0,0,0,-0.9715844522807684,-13.229725525340278,-13.229725525340278,-0.9715844522807684,14.201309977621046
0.001106,0,0,0,0,0,-0.91496175206272312,-13.272154013869397,-13.272154013869397,-0.91496175206272312,14.18711576593212
0.0011069999999999999,0,0,0,0,0,-0.85859006579895514,-13.314345675561187,-13.314345675561187,-0.85859006579895514,14.172935741360142
0.001108,0,0,0,0,0,-0.80247133195554454,-13.356298557769543,-13.356298557769543,-0.80247133195554454,14.158769889725088
0.001109,0,0,0,0,0,-0.74660747929931581,-13.398010717561787,-13.398010717561787,-0.74660747929931581,14.144618196861103
0.0011099999999999999,0,0,0,0,0,-0.69100042682136209,-13.439480221795133,-13.439480221795133,-0.69100042682136209,14.130480648616494
0.001111,0,0,0,0,0,-0.63565208366101889,-13.48070514719269,-13.48070514719269,-0.63565208366101889,14.11635723085371
0.0011119999999999999,0,0,0,0,0,-0.58056434903023479,-13.521683580419099,-13.521683580419099,-0.58056434903023479,14.102247929449334
0.0011130000000000001,0,0,0,0,0,-0.52573911213824331,-13.562413618155819,-13.562413618155819,-0.52573911213824331,14.088152730294063
0.001114,0,0,0,0,0,-0.47117825211679332,-13.602893367175902,-13.602893367175902,-0.47117825211679332,14.074071619292695
0.0011149999999999999,0,0,0,0,0,-0.4168836379455545,-13.643120944418566,-13.643120944418566,-0.4168836379455545,14.060004582364121
0.001116,0,0,0,0,0,-0.36285712837813655,-13.683094477063163,-13.683094477063163,-0.36285712837813655,14.045951605441299
0.0011169999999999999,0,0,0,0,0,-0.30910057186843165,-13.722812102602823,-13.722812102602823,-0.30910057186843165,14.031912674471254
0.0011179999999999999,0,0,0,0,0,-0.25561580649729621,-13.762271968917757,-13.762271968917757,-0.25561580649729621,14.017887775415053
0.001119,0,0,0,0,0,-0.20240465989970957,-13.801472234348086,-13.801472234348086,-0.20240465989970957,14.003876894247796
0.0011199999999999999,0,0,0,0,0,-0.14946894919242038,-13.84041106776618,-13.84041106776618,-0.14946894919242038,13.989880016958599
0.001121,0,0,0,0,0,-0.096810480901811324,-13.879086648648773,-13.879086648648773,-0.096810480901811324,13.975897129550585
0.001122,0,0,0,0,0,-0.044431050892389301,-13.917497167148476,-13.917497167148476,-0.044431050892389301,13.961928218040866
0.0011229999999999999,0.14551735096074481,0.14551735096074481,0,0,0.14551735096074481,0,-13.961853206359828,-13.961853206359828,0,13.961853206359828
0.001124,0.99116562666836217,0.99116562666836217,0,0,0.99116562666836217,0,-14.043087739710288,-14.043087739710288,0,14.043087739710288
0.0011249999999999999,1.0304944805066043,1.0304944805066043,0,0,1.0304944805066043,0,-14.131830678925866,-14.131830678925866,0,14.131830678925866
0.001126,1.0280752638459489,1.0280752638459489,0,0,1.0280752638459489,0,-14.220432791547237,-14.220432791547237,0,14.220432791547237
0.001127,1.0234580144713163,1.0234580144713163,0,0,1.0234580144713163,0,-14.308495080291896,-14.308495080291896,0,14.308495080291896
0.0011279999999999999,1.0186887600320915,1.0186887600320915,0,0,1.0186887600320915,0,-14.395993610157799,-14.395993610157799,0,14.395993610157799
0.001129,1.013873516607191,1.013873516607191,0,0,1.013873516607191,0,-14.482923868574849,-14.482923868574849,0,14.482923868574849
0.0011299999999999999,1.0090179485707722,1.0090179485707722,0,0,1.0090179485707722,0,-14.569282368942503,-14.569282368942503,0,14.569282368942503
0.0011309999999999998,1.0041225307861623,1.0041225307861623,0,0,1.0041225307861623,0,-14.655065699143316,-14.655065699143316,0,14.655065699143316
0.001132,0.99918747116430495,0.99918747116430495,0,0,0.99918747116430495,0,-14.740270472451815,-14.740270472451815,0,14.740270472451815
0.0011329999999999999,0.99421296529067149,0.99421296529067149,0,0,0.99421296529067149,0,-14.824893325121854,-14.824893325121854,0,14.824893325121854
0.001134,0.98919920958974217,0.98919920958974217,0,0,0.98919920958974217,0,-14.908930916387744,-14.908930916387744,0,14.908930916387744
0.0011349999999999999,0.98414640199689529,0.98414640199689529,0,0,0.98414640199689529,0,-14.9923799285892,-14.9923799285892,0,14.9923799285892
0.0011359999999999999,0.97905474198978482,0.97905474198978482,0,0,0.97905474198978482,0,-15.075237067302153,-15.075237067302153,0,15.075237067302153
0.001137,0.97392443057810851,0.97392443057810851,0,0,0.97392443057810851,0,-15.15749906146865,-15.15749906146865,0,15.15749906146865
0.0011379999999999999,0.96875567029701415,0.96875567029701415,0,0,0.96875567029701415,0,-15.239162663525976,-15.239162663525976,0,15.239162663525976
0.001139,0.96354866520096039,0.96354866520096039,0,0,0.96354866520096039,0,-15.320224649534982,-15.320224649534982,0,15.320224649534982
0.00114,0.95830362085348497,0.95830362085348497,0,0,0.95830362085348497,0,-15.400681819307238,-15.400681819307238,0,15.400681819307238
0.0011409999999999999,0.95302074432015615,0.95302074432015615,0,0,0.95302074432015615,0,-15.480530996531462,-15.480530996531462,0,15.480530996531462
0.001142,0.94770024415947773,0.94770024415947773,0,0,0.94770024415947773,0,-15.559769028898867,-15.559769028898867,0,15.559769028898867
0.0011429999999999999,0.94234233041584048,0.94234233041584048,0,0,0.94234233041584048,0,-15.638392788227591,-15.638392788227591,0,15.638392788227591
0.0011440000000000001,0.93694721461065456,0.93694721461065456,0,0,0.93694721461065456,0,-15.716399170586262,-15.716399170586262,0,15.716399170586262
0.001145,0.93151510973348195,0.93151510973348195,0,0,0.93151510973348195,0,-15.793785096416459,-15.793785096416459,0,15.793785096416459
0.0011459999999999999,0.92604623023521526,0.92604623023521526,0,0,0.92604623023521526,0,-15.870547510654339,-15.870547510654339,0,15.870547510654339
0.001147,0.92054079201716377,0.92054079201716377,0,0,0.92054079201716377,0,-15.946683382851237,-15.946683382851237,0,15.946683382851237
0.0011479999999999999,0.91499901242491433,0.91499901242491433,0,0,0.91499901242491433,0,-16.022189707293268,-16.022189707293268,0,16.022189707293268
0.0011489999999999998,0.90942111023832695,0.90942111023832695,0,0,0.90942111023832695,0,-16.097063503120037,-16.097063503120037,0,16.097063503120037
0.00115,0.90380730566380407,0.90380730566380407,0,0,0.90380730566380407,0,-16.171301814442298,-16.171301814442298,0,16.171301814442298
0.0011509999999999999,0.89815782032405878,0.89815782032405878,0,0,0.89815782032405878,0,-16.24490171045862,-16.24490171045862,0,16.24490171045862
0.001152,0.89247287725152091,0.89247287725152091,0,0,0.89247287725152091,0,-16.317860285571161,-16.317860285571161,0,16.317860285571161
0.0011529999999999999,0.88675270087765057,0.88675270087765057,0,0,0.88675270087765057,0,-16.39017465950025,-16.39017465950025,0,16.39017465950025
0.0011539999999999999,0.88099751702634421,0.88099751702634421,0,0,0.88099751702634421,0,-16.461841977398265,-16.461841977398265,0,16.461841977398265
0.001155,0.87520755290097441,0.87520755290097441,0,0,0.87520755290097441,0,-16.532859409962221,-16.532859409962221,0,16.532859409962221
0.0011559999999999999,0.86938303707984232,0.86938303707984232,0,0,0.86938303707984232,0,-16.603224153545433,-16.603224153545433,0,16.603224153545433
0.001157,0.8635241995054912,0.8635241995054912,0,0,0.8635241995054912,0,-16.672933430268365,-16.672933430268365,0,16.672933430268365
0.001158,0.85763127147401974,0.85763127147401974,0,0,0.85763127147401974,0,-16.741984488128086,-16.741984488128086,0,16.741984488128086
0.0011589999999999999,0.8517044856287157,0.8517044856287157,0,0,0.8517044856287157,0,-16.810374601107082,-16.810374601107082,0,16.810374601107082
0.00116,0.84574407594845979,0.84574407594845979,0,0,0.84574407594845979,0,-16.87810106928081,-16.87810106928081,0,16.87810106928081
0.0011609999999999999,0.83975027774022237,0.83975027774022237,0,0,0.83975027774022237,0,-16.945161218924252,-16.945161218924252,0,16.945161218924252
0.0011620000000000001,0.83372332762928636,0.83372332762928636,0,0,0.83372332762928636,0,-17.011552402617539,-17.011552402617539,0,17.011552402617539
0.001163,0.82766346354878806,0.82766346354878806,0,0,0.82766346354878806,0,-17.077271999350408,-17.077271999350408,0,17.077271999350408
0.0011639999999999999,0.8215709247315317,0.8215709247315317,0,0,0.8215709247315317,0,-17.142317414625719,-17.142317414625719,0,17.142317414625719
0.001165,0.81544595170134926,0.81544595170134926,0,0,0.81544595170134926,0,-17.206686080561852,-17.206686080561852,0,17.206686080561852
0.0011659999999999999,0.80928878626082223,0.80928878626082223,0,0,0.80928878626082223,0,-17.270375455994085,-17.270375455994085,0,17.270375455994085
0.0011669999999999999,0.80309967148491523,0.80309967148491523,0,0,0.80309967148491523,0,-17.333383026574936,-17.333383026574936,0,17.333383026574936
0.001168,0.79687885170937989,0.79687885170937989,0,0,0.79687885170937989,0,-17.395706304873411,-17.395706304873411,0,17.395706304873411
0.0011689999999999999,0.79062657252097779,0.79062657252097779,0,0,0.79062657252097779,0,-17.457342830473181,-17.457342830473181,0,17.457342830473181
0.00117,0.78434308074952241,0.78434308074952241,0,0,0.78434308074952241,0,-17.518290170069779,-17.518290170069779,0,17.518290170069779
0.0011709999999999999,0.77802862445560095,0.77802862445560095,0,0,0.77802862445560095,0,-17.578545917566554,-17.578545917566554,0,17.578545917566554
0.0011719999999999999,0.77168345292443519,0.77168345292443519,0,0,0.77168345292443519,0,-17.638107694169804,-17.638107694169804,0,17.638107694169804
0.001173,0.76530781665201175,0.76530781665201175,0,0,0.76530781665201175,0,-17.696973148482581,-17.696973148482581,0,17.696973148482581
0.0011739999999999999,0.75890196733689663,0.75890196733689663,0,0,0.75890196733689663,0,-17.755139956597507,-17.755139956597507,0,17.755139956597507
0.001175,0.75246615787182236,0.75246615787182236,0,0,0.75246615787182236,0,-17.812605822188637,-17.812605822188637,0,17.812605822188637
0.001176,0.74600064233118246,0.74600064233118246,0,0,0.74600064233118246,0,-17.869368476601956,-17.869368476601956,0,17.869368476601956
0.0011769999999999999,0.73950567596239125,0.73950567596239125,0,0,0.73950567596239125,0,-17.925425678945075,-17.925425678945075,0,17.925425678945075
0.001178,0.73298151517633414,0.73298151517633414,0,0,0.73298151517633414,0,-17.980775216175651,-17.980775216175651,0,17.980775216175651
0.0011789999999999999,0.72642841753440734,0.72642841753440734,0,0,0.72642841753440734,0,-18.035414903188702,-18.035414903188702,0,18.035414903188702
0.0011799999999999998,0.71984664174237878,0.71984664174237878,0,0,0.71984664174237878,0,-18.089342582902955,-18.089342582902955,0,18.089342582902955
0.001181,0.71323644763833727,0.71323644763833727,0,0,0.71323644763833727,0,-18.142556126345948,-18.142556126345948,0,18.142556126345948
0.0011819999999999999,0.70659809617973224,0.70659809617973224,0,0,0.70659809617973224,0,-18.195053432738106,-18.195053432738106,0,18.195053432738106
0.001183,0.69993184943859887,0.69993184943859887,0,0,0.69993184943859887,0,-18.246832429575665,-18.246832429575665,0,18.246832429575665
0.0011839999999999999,0.69323797058677883,0.69323797058677883,0,0,0.69323797058677883,0,-18.297891072712474,-18.297891072712474,0,18.297891072712474
0.0011849999999999999,0.6865167238865979,0.6865167238865979,0,0,0.6865167238865979,0,-18.348227346440748,-18.348227346440748,0,18.348227346440748
0.001186,0.67976837468131635,0.67976837468131635,0,0,0.67976837468131635,0,-18.397839263570585,-18.397839263570585,0,18.397839263570585
0.0011869999999999999,0.67299318938512442,0.67299318938512442,0,0,0.67299318938512442,0,-18.446724865508436,-18.446724865508436,0,18.446724865508436
0.001188,0.66619143546995474,0.66619143546995474,0,0,0.66619143546995474,0,-18.494882222334457,-18.494882222334457,0,18.494882222334457
0.001189,0.65936338145706941,0.65936338145706941,0,0,0.65936338145706941,0,-18.542309432878646,-18.542309432878646,0,18.542309432878646
0.0011899999999999999,0.65250929690773773,0.65250929690773773,0,0,0.65250929690773773,0,-18.589004624795937,-18.589004624795937,0,18.589004624795937
0.001191,0.6456294524086843,0.6456294524086843,0,0,0.6456294524086843,0,-18.63496595464013,-18.63496595464013,0,18.63496595464013
0.0011919999999999999,0.63872411956367614,0.63872411956367614,0,0,0.63872411956367614,0,-18.680191607936592,-18.680191607936592,0,18.680191607936592
0.001193,0.63179357098442779,0.63179357098442779,0,0,0.63179357098442779,0,-18.724679799254002,-18.724679799254002,0,18.724679799254002
0.001194,0.62483808027673149,0.62483808027673149,0,0,0.62483808027673149,0,-18.76842877227471,-18.76842877227471,0,18.76842877227471
0.0011949999999999999,0.61785792203158962,0.61785792203158962,0,0,0.61785792203158962,0,-18.811436799864182,-18.811436799864182,0,18.811436799864182
0.001196,0.61085337181339128,0.61085337181339128,0,0,0.61085337181339128,0,-18.853702184139152,-18.853702184139152,0,18.853702184139152
0.0011969999999999999,0.60382470615036254,0.60382470615036254,0,0,0.60382470615036254,0,-18.895223256534589,-18.895223256534589,0,18.895223256534589
0.0011979999999999998,0.59677220252160623,0.59677220252160623,0,0,0.59677220252160623,0,-18.935998377869655,-18.935998377869655,0,18.935998377869655
0.001199,0.58969613934823428,0.58969613934823428,0,0,0.58969613934823428,0,-18.976025938412405,-18.976025938412405,0,18.976025938412405
0.0011999999999999999,0.5825967959810896,0.5825967959810896,0,0,0.5825967959810896,0,-19.015304357943254,-19.015304357943254,0,19.015304357943254
0.001201,0.57547445269005948,0.57547445269005948,0,0,0.57547445269005948,0,-19.053832085817472,-19.053832085817472,0,19.053832085817472
0.0012019999999999999,0.56832939065270693,0.56832939065270693,0,0,0.56832939065270693,0,-19.091607601026325,-19.091607601026325,0,19.091607601026325
0.0012029999999999999,0.56116189194449362,0.56116189194449362,0,0,0.56116189194449362,0,-19.128629412257155,-19.128629412257155,0,19.128629412257155
0.001204,0.55397223952536478,0.55397223952536478,0,0,0.55397223952536478,0,-19.164896057952259,-19.164896057952259,0,19.164896057952259
0.0012049999999999999,0.54676071723110908,0.54676071723110908,0,0,0.54676071723110908,0,-19.200406106366543,-19.200406106366543,0,19.200406106366543
0.001206,0.53952760975948877,0.53952760975948877,0,0,0.53952760975948877,0,-19.23515815562412,-19.23515815562412,0,19.23515815562412
0.001207,0.5322732026615995,0.5322732026615995,0,0,0.5322732026615995,0,-19.269150833773569,-19.269150833773569,0,19.269150833773569
0.0012079999999999999,0.52499778232936478,0.52499778232936478,0,0,0.52499778232936478,0,-19.302382798842174,-19.302382798842174,0,19.302382798842174
0.001209,0.51770163598371255,0.51770163598371255,0,0,0.51770163598371255,0,-19.334852738888859,-19.334852738888859,0,19.334852738888859
0.0012099999999999999,0.51038505166411596,0.51038505166411596,0,0,0.51038505166411596,0,-19.366559372055974,-19.366559372055974,0,19.366559372055974
0.0012109999999999998,0.50304831821586049,0.50304831821586049,0,0,0.50304831821586049,0,-19.397501446619948,-19.397501446619948,0,19.397501446619948
0.001212,0.49569172528185845,0.49569172528185845,0,0,0.49569172528185845,0,-19.427677741040654,-19.427677741040654,0,19.427677741040654
0.0012129999999999999,0.48831556328718762,0.48831556328718762,0,0,0.48831556328718762,0,-19.457087064009652,-19.457087064009652,0,19.457087064009652
0.001214,0.48092012343067836,0.48092012343067836,0,0,0.48092012343067836,0,-19.485728254497236,-19.485728254497236,0,19.485728254497236
0.0012149999999999999,0.47350569767081652,0.47350569767081652,0,0,0.47350569767081652,0,-19.513600181798239,-19.513600181798239,0,19.513600181798239
0.0012159999999999999,0.46607257871619368,0.46607257871619368,0,0,0.46607257871619368,0,-19.540701745576698,-19.540701745576698,0,19.540701745576698
0.001217,0.45862106001482061,0.45862106001482061,0,0,0.45862106001482061,0,-19.56703187590929,-19.56703187590929,0,19.56703187590929
0.0012179999999999999,0.45115143573912064,0.45115143573912064,0,0,0.45115143573912064,0,-19.592589533327544,-19.592589533327544,0,19.592589533327544
0.001219,0.44366400077751678,0.44366400077751678,0,0,0.44366400077751678,0,-19.617373708858906,-19.617373708858906,0,19.617373708858906
0.0012199999999999999,0.43615905072056194,0.43615905072056194,0,0,0.43615905072056194,0,-19.641383424066564,-19.641383424066564,0,19.641383424066564
0.0012209999999999999,0.42863688185116189,0.42863688185116189,0,0,0.42863688185116189,0,-19.664617731088075,-19.664617731088075,0,19.664617731088075
0.001222,0.42109779113138757,0.42109779113138757,0,0,0.42109779113138757,0,-19.68707571267279,-19.68707571267279,0,19.68707571267279
0.0012229999999999999,0.41354207619224326,0.41354207619224326,0,0,0.41354207619224326,0,-19.708756482218032,-19.708756482218032,0,19.708756482218032
0.001224,0.40597003531979681,0.40597003531979681,0,0,0.40597003531979681,0,-19.729659183804159,-19.729659183804159,0,19.729659183804159
0.001225,0.39838196744540255,0.39838196744540255,0,0,0.39838196744540255,0,-19.749782992228297,-19.749782992228297,0,19.749782992228297
0.0012259999999999999,0.39077817213342314,0.39077817213342314,0,0,0.39077817213342314,0,-19.769127113036941,-19.769127113036941,0,19.769127113036941
0.001227,0.38315894956826924,0.38315894956826924,0,0,0.38315894956826924,0,-19.787690782557334,-19.787690782557334,0,19.787690782557334
0.0012279999999999999,0.3755246005432582,0.3755246005432582,0,0,0.3755246005432582,0,-19.805473267927585,-19.805473267927585,0,19.805473267927585
0.0012289999999999998,0.36787542645060967,0.36787542645060967,0,0,0.36787542645060967,0,-19.822473867125623,-19.822473867125623,0,19.822473867125623
0.00123,0.3602117292659841,0.3602117292659841,0,0,0.3602117292659841,0,-19.838691908996896,-19.838691908996896,0,19.838691908996896
0.0012309999999999999,0.35253381153893315,0.35253381153893315,0,0,0.35253381153893315,0,-19.85412675328088,-19.85412675328088,0,19.85412675328088
0.001232,0.34484197638062142,0.34484197638062142,0,0,0.34484197638062142,0,-19.868777790636361,-19.868777790636361,0,19.868777790636361
0.0012329999999999999,0.33713652745154832,0.33713652745154832,0,0,0.33713652745154832,0,-19.882644442665462,-19.882644442665462,0,19.882644442665462
0.0012339999999999999,0.32941776894972463,0.32941776894972463,0,0,0.32941776894972463,0,-19.895726161936501,-19.895726161936501,0,19.895726161936501
0.001235,0.3216860055986217,0.3216860055986217,0,0,0.3216860055986217,0,-19.908022432005616,-19.908022432005616,0,19.908022432005616
0.0012359999999999999,0.31394154263443852,0.31394154263443852,0,0,0.31394154263443852,0,-19.919532767437104,-19.919532767437104,0,19.919532767437104
0.001237,0.30618468579609726,0.30618468579609726,0,0,0.30618468579609726,0,-19.930256713822637,-19.930256713822637,0,19.930256713822637
0.001238,0.298415741310464,0.298415741310464,0,0,0.298415741310464,0,-19.940193847799172,-19.940193847799172,0,19.940193847799172
0.0012389999999999999,0.29063501588188956,0.29063501588188956,0,0,0.29063501588188956,0,-19.949343777065682,-19.949343777065682,0,19.949343777065682
0.00124,0.28284281668106814,0.28284281668106814,0,0,0.28284281668106814,0,-19.957706140398621,-19.957706140398621,0,19.957706140398621
0.0012409999999999999,0.27503945132980334,0.27503945132980334,0,0,0.27503945132980334,0,-19.965280607666202,-19.965280607666202,0,19.965280607666202
0.001242,0.26722522789236791,0.26722522789236791,0,0,0.26722522789236791,0,-19.972066879841424,-19.972066879841424,0,19.972066879841424
0.001243,0.25940045486026975,0.25940045486026975,0,0,0.25940045486026975,0,-19.978064689013891,-19.978064689013891,0,19.978064689013891
0.0012439999999999999,0.25156544114247481,0.25156544114247481,0,0,0.25156544114247481,0,-19.983273798400358,-19.983273798400358,0,19.983273798400358
0.001245,0.24372049605199209,0.24372049605199209,0,0,0.24372049605199209,0,-19.987694002354111,-19.987694002354111,0,19.987694002354111
0.0012459999999999999,0.23586592929314065,0.23586592929314065,0,0,0.23586592929314065,0,-19.99132512637307,-19.99132512637307,0,19.99132512637307
0.0012469999999999998,0.22800205095131787,0.22800205095131787,0,0,0.22800205095131787,0,-19.994167027106666,-19.994167027106666,0,19.994167027106666
0.001248,0.22012917147890221,0.22012917147890221,0,0,0.22012917147890221,0,-19.99621959236153,-19.99621959236153,0,19.99621959236153
0.0012489999999999999,0.21224760168433932,0.21224760168433932,0,0,0.21224760168433932,0,-19.997482741105898,-19.997482741105898,0,19.997482741105898
0.00125,0.2043576527175901,0.2043576527175901,0,0,0.2043576527175901,0,-19.997956423472825,-19.997956423472825,0,19.997956423472825
0.0012509999999999999,0.19645963606035366,0.19645963606035366,0,0,0.19645963606035366,0,-19.997640620762137,-19.997640620762137,0,19.997640620762137
0.0012519999999999999,0.18855386351310699,0.18855386351310699,0,0,0.18855386351310699,0,-19.996535345441188,-19.996535345441188,0,19.996535345441188
0.001253,0.18064064718237205,0.18064064718237205,0,0,0.18064064718237205,0,-19.994640641144358,-19.994640641144358,0,19.994640641144358
0.0012539999999999999,0.17272029946843759,0.17272029946843759,0,0,0.17272029946843759,0,-19.991956582671317,-19.991956582671317,0,19.991956582671317
0.001255,0.16479313305239884,0.16479313305239884,0,0,0.16479313305239884,0,-19.988483275984109,-19.988483275984109,0,19.988483275984109
0.001256,0.15685946088547098,0.15685946088547098,0,0,0.15685946088547098,0,-19.984220858202931,-19.984220858202931,0,19.984220858202931
0.0012569999999999999,0.14891959617580142,0.14891959617580142,0,0,0.14891959617580142,0,-19.979169497600736,-19.979169497600736,0,19.979169497600736
0.001258,0.1409738523757369,0.1409738523757369,0,0,0.1409738523757369,0,-19.973329393596593,-19.973329393596593,0,19.973329393596593
0.0012589999999999999,0.13302254316931794,0.13302254316931794,0,0,0.13302254316931794,0,-19.966700776747807,-19.966700776747807,0,19.966700776747807
0.0012599999999999998,0.12506598246045542,0.12506598246045542,0,0,0.12506598246045542,0,-19.959283908740826,-19.959283908740826,0,19.959283908740826
0.001261,0.11710448436087972,0.11710448436087972,0,0,0.11710448436087972,0,-19.951079082380897,-19.951079082380897,0,19.951079082380897
0.0012619999999999999,0.10913836317718051,0.10913836317718051,0,0,0.10913836317718051,0,-19.942086621580511,-19.942086621580511,0,19.942086621580511
0.001263,0.10116793339693686,0.10116793339693686,0,0,0.10116793339693686,0,-19.93230688134663,-19.93230688134663,0,19.93230688134663
0.0012639999999999999,0.093193509680531861,0.093193509680531861,0,0,0.093193509680531861,0,-19.921740247766646,-19.921740247766646,0,19.921740247766646
0.0012649999999999998,0.085215406843644814,0.085215406843644814,0,0,0.085215406843644814,0,-19.910387137993169,-19.910387137993169,0,19.910387137993169
0.001266,0.07723393984838367,0.07723393984838367,0,0,0.07723393984838367,0,-19.898248000227522,-19.898248000227522,0,19.898248000227522
0.0012669999999999999,0.069249423789187858,0.069249423789187858,0,0,0.069249423789187858,0,-19.885323313702088,-19.885323313702088,0,19.885323313702088
0.001268,0.061262173881686977,0.061262173881686977,0,0,0.061262173881686977,0,-19.871613588661351,-19.871613588661351,0,19.871613588661351
0.0012689999999999999,0.053272505448830998,0.053272505448830998,0,0,0.053272505448830998,0,-19.857119366341788,-19.857119366341788,0,19.857119366341788
0.0012699999999999999,0.045280733908157345,0.045280733908157345,0,0,0.045280733908157345,0,-19.841841218950481,-19.841841218950481,0,19.841841218950481
0.001271,0.037287174762013819,0.037287174762013819,0,0,0.037287174762013819,0,-19.825779749642514,-19.825779749642514,0,19.825779749642514
0.0012719999999999999,0.029292143581869823,0.029292143581869823,0,0,0.029292143581869823,0,-19.80893559249721,-19.80893559249721,0,19.80893559249721
0.001273,0.021295955997857163,0.021295955997857163,0,0,0.021295955997857163,0,-19.791309412493042,-19.791309412493042,0,19.791309412493042
0.001274,0.013298927686037132,0.013298927686037132,0,0,0.013298927686037132,0,-19.772901905481422,-19.772901905481422,0,19.772901905481422
0.0012749999999999999,0.0053013743549854553,0.0053013743549854553,0,0,0.0053013743549854553,0,-19.753713798159207,-19.753713798159207,0,19.753713798159207
0.001276,0,0,0,0,0,-5.349054002223852e-05,-19.733772374697391,-19.733772374697391,-5.349054002223852e-05,19.733825865237414
0.0012769999999999999,0,0,0,0,0,-0.00060500000849650348,-19.713496902988467,-19.713496902988467,-0.00060500000849650348,19.714101902996962
0.0012779999999999998,0,0,0,0,0,-0.0015554821379701878,-19.692842172722084,-19.692842172722084,-0.0015554821379701878,19.694397654860055
0.001279,0,0,0,0,0,-0.0029045006079222446,-19.67180860051452,-19.67180860051452,-0.0029045006079222446,19.674713101122443
0.0012799999999999999,0,0,0,0,0,-0.0046516037628965279,-19.650396618336679,-19.650396618336679,-0.0046516037628965279,19.655048222099573
0.001281,0,0,0,0,0,-0.0067963246299402869,-19.62860667349662,-19.62860667349662,-0.0067963246299402869,19.635402998126562
0.0012819999999999999,0,0,0,0,0,-0.0093381809366217539,-19.606439228621561,-19.606439228621561,-0.0093381809366217539,19.615777409558184
0.0012829999999999999,0,0,0,0,0,-0.012276675129699655,-19.583894761639151,-19.583894761639151,-0.012276675129699655,19.596171436768852
0.001284,0,0,0,0,0,-0.0156112943943576,-19.560973765758231,-19.560973765758231,-0.0156112943943576,19.576585060152588
0.0012849999999999999,0,0,0,0,0,-0.019341510674031781,-19.537676749448988,-19.537676749448988,-0.019341510674031781,19.557018260123019
0.001286,0,0,0,0,0,-0.023466780690897693,-19.514004236422444,-19.514004236422444,-0.023466780690897693,19.53747101711334
0.0012869999999999999,0,0,0,0,0,-0.027986545966884435,-19.489956765609421,-19.489956765609421,-0.027986545966884435,19.517943311576303
0.0012879999999999999,0,0,0,0,0,-0.032900232845360478,-19.465534891138844,-19.465534891138844,-0.032900232845360478,19.498435123984205
0.001289,0,0,0,0,0,-0.038207252513366541,-19.44073918231549,-19.44073918231549,-0.038207252513366541,19.478946434828856
0.0012899999999999999,0,0,0,0,0,-0.043907001024468428,-19.415570223597097,-19.415570223597097,-0.043907001024468428,19.459477224621565
0.001291,0,0,0,0,0,-0.049998859322210265,-19.390028614570909,-19.390028614570909,-0.049998859322210265,19.440027473893121
0.001292,0,0,0,0,0,-0.056482193264145053,-19.364114969929627,-19.364114969929627,-0.056482193264145053,19.420597163193772
0.0012929999999999999,0,0,0,0,0,-0.063356353646501162,-19.337829919446701,-19.337829919446701,-0.063356353646501162,19.401186273093202
0.001294,0,0,0,0,0,-0.070620676229399493,-19.311174107951125,-19.311174107951125,-0.070620676229399493,19.381794784180524
0.0012949999999999999,0,0,0,0,0,-0.078274481762687032,-19.284148195301558,-19.284148195301558,-0.078274481762687032,19.362422677064245
0.0012959999999999998,0,0,0,0,0,-0.086317076012361937,-19.256752856359896,-19.256752856359896,-0.086317076012361937,19.343069932372256
0.001297,0,0,0,0,0,-0.094747749787599034,-19.228988780964215,-19.228988780964215,-0.094747749787599034,19.323736530751813
0.0012979999999999999,0,0,0,0,0,-0.10356577896832064,-19.200856673901189,-19.200856673901189,-0.10356577896832064,19.30442245286951
0.001299,0,0,0,0,0,-0.11277042453344599,-19.172357254877824,-19.172357254877824,-0.11277042453344599,19.285127679411268
0.0012999999999999999,0,0,0,0,0,-0.12236093258961489,-19.143491258492698,-19.143491258492698,-0.12236093258961489,19.265852191082313
0.0013009999999999999,0,0,0,0,0,-0.13233653440062199,-19.114259434206531,-19.114259434206531,-0.13233653440062199,19.246595968607153
0.001302,0,0,0,0,0,-0.14269644641733592,-19.084662546312231,-19.084662546312231,-0.14269644641733592,19.227358992729567
0.0013029999999999999,0,0,0,0,0,-0.15343987030823492,-19.054701373904344,-19.054701373904344,-0.15343987030823492,19.208141244212577
0.001304,0,0,0,0,0,-0.16456599299057117,-19.024376710847861,-19.024376710847861,-0.16456599299057117,19.188942703838432
0.001305,0,0,0,0,0,-0.17607398666203622,-18.993689365746551,-18.993689365746551,-0.17607398666203622,19.169763352408587
0.0013059999999999999,0,0,0,0,0,-0.18796300883310302,-18.962640161910592,-18.962640161910592,-0.18796300883310302,19.150603170743693
0.001307,0,0,0,0,0,-0.20023220235985484,-18.931229937323714,-18.931229937323714,-0.20023220235985484,19.131462139683567
0.0013079999999999999,0,0,0,0,0,-0.21288069547746069,-18.899459544609712,-18.899459544609712,-0.21288069547746069,19.112340240087175
0.0013089999999999998,0,0,0,0,0,-0.22590760183418901,-18.867329850998424,-18.867329850998424,-0.22590760183418901,19.093237452832614
0.00131,0,0,0,0,0,-0.2393120205260324,-18.834841738291065,-18.834841738291065,-0.2393120205260324,19.074153758817097
0.0013109999999999999,0,0,0,0,0,-0.25309303613184753,-18.801996102825083,-18.801996102825083,-0.25309303613184753,19.05508913895693
0.001312,0,0,0,0,0,-0.26724971874915759,-18.768793855438332,-18.768793855438332,-0.26724971874915759,19.036043574187488
0.0013129999999999999,0,0,0,0,0,-0.28178112403044686,-18.735235921432761,-18.735235921432761,-0.28178112403044686,19.017017045463206
0.0013139999999999998,0,0,0,0,0,-0.29668629322006446,-18.701323240537491,-18.701323240537491,-0.29668629322006446,18.998009533757553
0.001315,0,0,0,0,0,-0.31196425319169485,-18.667056766871326,-18.667056766871326,-0.31196425319169485,18.979021020063019
0.0013159999999999999,0,0,0,0,0,-0.32761401648636301,-18.632437468904726,-18.632437468904726,-0.32761401648636301,18.960051485391087
0.001317,0,0,0,0,0,-0.3436345813510826,-18.597466329421138,-18.597466329421138,-0.3436345813510826,18.941100910772221
0.0013179999999999999,0,0,0,0,0,-0.36002493177795536,-18.56214434547789,-18.56214434547789,-0.36002493177795536,18.922169277255843
0.0013189999999999999,0,0,0,0,0,-0.37678403754397927,-18.526472528366341,-18.526472528366341,-0.37678403754397927,18.903256565910318
0.00132,0,0,0,0,0,-0.39391085425126882,-18.490451903571667,-18.490451903571667,-0.39391085425126882,18.884362757822938
0.0013209999999999999,0,0,0,0,0,-0.41140432336790944,-18.454083510731977,-18.454083510731977,-0.41140432336790944,18.865487834099888
0.001322,0,0,0,0,0,-0.42926337226941058,-18.417368403596832,-18.417368403596832,-0.42926337226941058,18.846631775866243
0.001323,0,0,0,0,0,-0.44748691428060994,-18.380307649985333,-18.380307649985333,-0.44748691428060994,18.827794564265943
0.0013239999999999999,0,0,0,0,0,-0.4660738487182492,-18.342902331743531,-18.342902331743531,-0.4660738487182492,18.80897618046178
0.001325,0,0,0,0,0,-0.48502306093399739,-18.305153544701366,-18.305153544701366,-0.48502306093399739,18.790176605635363
0.0013259999999999999,0,0,0,0,0,-0.50433342235810485,-18.267062398629012,-18.267062398629012,-0.50433342235810485,18.771395820987117
0.0013269999999999998,0,0,0,0,0,-0.52400379054356705,-18.228630017192689,-18.228630017192689,-0.52400379054356705,18.752633807736256
0.001328,0,0,0,0,0,-0.54403300921084607,-18.189857537909919,-18.189857537909919,-0.54403300921084607,18.733890547120765
0.0013289999999999999,0,0,0,0,0,-0.56441990829312338,-18.150746112104258,-18.150746112104258,-0.56441990829312338,18.715166020397383
0.00133,0,0,0,0,0,-0.58516330398214933,-18.111296904859433,-18.111296904859433,-0.58516330398214933,18.696460208841582
0.0013309999999999999,0,0,0,0,0,-0.60626199877456344,-18.071511094972983,-18.071511094972983,-0.60626199877456344,18.677773093747547
0.0013319999999999999,0,0,0,0,0,-0.6277147815188151,-18.031389874909348,-18.031389874909348,-0.6277147815188151,18.659104656428163
0.001333,0,0,0,0,0,-0.64952042746259053,-17.990934450752398,-17.990934450752398,-0.64952042746259053,18.640454878214989
0.0013339999999999999,0,0,0,0,0,-0.67167769830076374,-17.950146042157485,-17.950146042157485,-0.67167769830076374,18.621823740458247
0.001335,0,0,0,0,0,-0.69418534222396389,-17.909025882302835,-17.909025882302835,-0.69418534222396389,18.603211224526799
0.0013359999999999999,0,0,0,0,0,-0.71704209396752816,-17.867575217840596,-17.867575217840596,-0.71704209396752816,18.584617311808124
0.0013369999999999999,0,0,0,0,0,-0.74024667486119178,-17.82579530884712,-17.82579530884712,-0.74024667486119178,18.56604198370831
0.001338,0,0,0,0,0,-0.76379779287909066,-17.783687428772936,-17.783687428772936,-0.76379779287909066,18.547485221652028
0.0013389999999999999,0,0,0,0,0,-0.78769414269041604,-17.741252864392095,-17.741252864392095,-0.78769414269041604,18.528947007082511
0.00134,0,0,0,0,0,-0.81193440571062148,-17.698492915750926,-17.698492915750926,-0.81193440571062148,18.510427321461545
0.001341,0,0,0,0,0,-0.83651725015302958,-17.655408896116416,-17.655408896116416,-0.83651725015302958,18.491926146269446
0.0013419999999999999,0,0,0,0,0,-0.861441331081096,-17.612002131923937,-17.612002131923937,-0.861441331081096,18.473443463005033
0.001343,0,0,0,0,0,-0.88670529046109436,-17.568273962724529,-17.568273962724529,-0.88670529046109436,18.454979253185623
0.0013439999999999999,0,0,0,0,0,-0.91230775721536794,-17.524225741131637,-17.524225741131637,-0.91230775721536794,18.436533498347004
0.0013449999999999998,0,0,0,0,0,-0.93824734727608039,-17.479858832767341,-17.479858832767341,-0.93824734727608039,18.41810618004342
0.001346,0,0,0,0,0,-0.96452266363949768,-17.435174616208052,-17.435174616208052,-0.96452266363949768,18.399697279847551
0.0013469999999999999,0,0,0,0,0,-0.99113229642071943,-17.390174482929776,-17.390174482929776,-0.99113229642071943,18.381306779350496
0.001348,0,0,0,0,0,-1.0180748229090266,-17.34485983725272,-17.34485983725272,-1.0180748229090266,18.362934660161748
0.0013489999999999999,0,0,0,0,0,-1.0453488076236468,-17.299232096285547,-17.299232096285547,-1.0453488076236468,18.344580903909193
0.0013499999999999999,0,0,0,0,0,-1.0729528023700485,-17.253292689869021,-17.253292689869021,-1.0729528023700485,18.326245492239071
0.001351,0,0,0,0,0,-1.10088534629676,-17.207043060519208,-17.207043060519208,-1.10088534629676,18.307928406815968
0.0013519999999999999,0,0,0,0,0,-1.1291449659526265,-17.16048466337017,-17.16048466337017,-1.1291449659526265,18.289629629322796
0.001353,0,0,0,0,0,-1.1577301753446703,-17.113618966116107,-17.113618966116107,-1.1577301753446703,18.271349141460778
0.001354,0,0,0,0,0,-1.1866394759963477,-17.066447448953078,-17.066447448953078,-1.1866394759963477,18.253086924949425
0.0013549999999999999,0,0,0,0,0,-1.2158713570063409,-17.018971604520175,-17.018971604520175,-1.2158713570063409,18.234842961526518
0.001356,0,0,0,0,0,-1.2454242951078509,-16.971192937840243,-16.971192937840243,-1.2454242951078509,18.216617232948092
0.0013569999999999999,0,0,0,0,0,-1.2752967547283189,-16.923112966260096,-16.923112966260096,-1.2752967547283189,18.198409720988415
0.0013579999999999998,0,0,0,0,0,-1.305487188049745,-16.874733219390233,-16.874733219390233,-1.305487188049745,18.180220407439979
0.001359,0,0,0,0,0,-1.3359940350693913,-16.826055239044074,-16.826055239044074,-1.3359940350693913,18.162049274113464
0.0013599999999999999,0,0,0,0,0,-1.3668157236609595,-16.777080579176776,-16.777080579176776,-1.3668157236609595,18.143896302837735
0.001361,0,0,0,0,0,-1.3979506696364057,-16.727810805823417,-16.727810805823417,-1.3979506696364057,18.125761475459822
0.0013619999999999999,0,0,0,0,0,-1.4293972768079604,-16.678247497036935,-16.678247497036935,-1.4293972768079604,18.107644773844896
0.0013629999999999998,0,0,0,0,0,-1.461153937050895,-16.628392242825356,-16.628392242825356,-1.461153937050895,18.089546179876251
0.001364,0,0,0,0,0,-1.493219030366606,-16.578246645088687,-16.578246645088687,-1.493219030366606,18.071465675455293
0.0013649999999999999,0,0,0,0,0,-1.5255909249461572,-16.527812317555359,-16.527812317555359,-1.5255909249461572,18.053403242501517
0.001366,0,0,0,0,0,-1.5582679772344141,-16.477090885718074,-16.477090885718074,-1.5582679772344141,18.035358862952489
0.0013669999999999999,0,0,0,0,0,-1.59124853199451,-16.426083986769317,-16.426083986769317,-1.59124853199451,18.017332518763826
0.0013679999999999999,0,0,0,0,0,-1.6245309223728395,-16.374793269536347,-16.374793269536347,-1.6245309223728395,17.999324191909185
0.001369,0,0,0,0,0,-1.6581134699645128,-16.323220394415724,-16.323220394415724,-1.6581134699645128,17.981333864380236
0.0013699999999999999,0,0,0,0,0,-1.6919944848792019,-16.271367033307445,-16.271367033307445,-1.6919944848792019,17.963361518186648
0.001371,0,0,0,0,0,-1.72617226580756,-16.219234869548515,-16.219234869548515,-1.72617226580756,17.945407135356074
0.001372,0,0,0,0,0,-1.7606451000879852,-16.166825597846149,-16.166825597846149,-1.7606451000879852,17.927470697934133
0.0013729999999999999,0,0,0,0,0,-1.7954112637738664,-16.114140924210517,-16.114140924210517,-1.7954112637738664,17.909552187984385
0.001374,0,0,0,0,0,-1.8304690217012993,-16.061182565887016,-16.061182565887016,-1.8304690217012993,17.891651587588317
0.0013749999999999999,0,0,0,0,0,-1.8658166275571793,-16.007952251288145,-16.007952251288145,-1.8658166275571793,17.873768878845326
0.0013759999999999998,0,0,0,0,0,-1.901452323947848,-15.954451719924855,-15.954451719924855,-1.901452323947848,17.855904043872702
0.001377,0,0,0,0,0,-1.9373743424680772,-15.900682722337534,-15.900682722337534,-1.9373743424680772,17.838057064805611
0.0013779999999999999,0,0,0,0,0,-1.9735809037704684,-15.846647020026602,-15.846647020026602,-1.9735809037704684,17.82022792379707
0.001379,0,0,0,0,0,-2.0100702176354766,-15.792346385382462,-15.792346385382462,-2.0100702176354766,17.802416603017939
0.0013799999999999999,0,0,0,0,0,-2.0468404830415512,-15.737782601615345,-15.737782601615345,-2.0468404830415512,17.784623084656896
0.0013809999999999998,0,0,0,0,0,-2.0838898882360031,-15.682957462684415,-15.682957462684415,-2.0838898882360031,17.766847350920418
0.001382,0,0,0,0,0,-2.1212166108061385,-15.627872773226633,-15.627872773226633,-2.1212166108061385,17.749089384032771
0.0013829999999999999,0,0,0,0,0,-2.1588188177507881,-15.572530348485202,-15.572530348485202,-2.1588188177507881,17.73134916623599
0.001384,0,0,0,0,0,-2.1966946655523998,-15.516932014237451,-15.516932014237451,-2.1966946655523998,17.713626679789851
0.0013849999999999999,0,0,0,0,0,-2.2348423002494036,-15.461079606722464,-15.461079606722464,-2.2348423002494036,17.695921906971869
0.0013859999999999999,0,0,0,0,0,-2.2732598575090552,-15.404974972568214,-15.404974972568214,-2.2732598575090552,17.678234830077269
0.001387,0,0,0,0,0,-2.3119454627006926,-15.348619968718278,-15.348619968718278,-2.3119454627006926,17.66056543141897
0.0013879999999999999,0,0,0,0,0,-2.3508972309693359,-15.292016462358239,-15.292016462358239,-2.3508972309693359,17.642913693327575
0.001389,0,0,0,0,0,-2.3901132673098182,-15.235166330841526,-15.235166330841526,-2.3901132673098182,17.625279598151344
0.00139,0,0,0,0,0,-2.4295916666411799,-15.178071461615001,-15.178071461615001,-2.4295916666411799,17.607663128256181
0.0013909999999999999,0,0,0,0,0,-2.4693305138815465,-15.120733752144067,-15.120733752144067,-2.4693305138815465,17.590064266025614
0.001392,0,0,0,0,0,-2.5093278840233788,-15.0631551098374,-15.0631551098374,-2.5093278840233788,17.572482993860778
0.0013929999999999999,0,0,0,0,0,-2.5495818422090659,-15.005337451971336,-15.005337451971336,-2.5495818422090659,17.554919294180401
0.0013939999999999998,0,0,0,0,0,-2.5900904438070347,-14.947282705613745,-14.947282705613745,-2.5900904438070347,17.53737314942078
0.001395,0,0,0,0,0,-2.6308517344881048,-14.888992807547666,-14.888992807547666,-2.6308517344881048,17.51984454203577
0.0013959999999999999,0,0,0,0,0,-2.6718637503023075,-14.830469704194453,-14.830469704194453,-2.6718637503023075,17.50233345449676
0.001397,0,0,0,0,0,-2.7131245177560768,-14.771715351536587,-14.771715351536587,-2.7131245177560768,17.484839869292664
0.0013979999999999999,0,0,0,0,0,-2.7546320538897469,-14.712731715040146,-14.712731715040146,-2.7546320538897469,17.467363768929893
0.0013989999999999999,0,0,0,0,0,-2.796384366355567,-14.65352076957678,-14.65352076957678,-2.796384366355567,17.449905135932347
0.0014,0,0,0,0,0,-2.8383794534959623,-14.59408449934543,-14.59408449934543,-2.8383794534959623,17.432463952841392
0.0014009999999999999,0,0,0,0,0,-2.8806153044221539,-14.534424897793688,-14.534424897793688,-2.8806153044221539,17.415040202215842
0.001402,0,0,0,0,0,-2.9230898990932879,-14.474543967538658,-14.474543967538658,-2.9230898990932879,17.397633866631946
0.001403,0,0,0,0,0,-2.9658012083957628,-14.414443720287604,-14.414443720287604,-2.9658012083957628,17.380244928683368
0.0014039999999999999,0,0,0,0,0,-3.0087471942230026,-14.354126176758164,-14.354126176758164,-3.0087471942230026,17.362873370981166
0.001405,0,0,0,0,0,-3.0519258095555806,-14.293593366598202,-14.293593366598202,-3.0519258095555806,17.345519176153783
0.0014059999999999999,0,0,0,0,0,-3.095334998541623,-14.232847328305397,-14.232847328305397,-3.095334998541623,17.328182326847021
0.0014069999999999998,0,0,0,0,0,-3.1389726965777012,-14.171890109146327,-14.171890109146327,-3.1389726965777012,17.310862805724028
0.001408,0,0,0,0,0,-3.1828368303899373,-14.110723765075345,-14.110723765075345,-3.1828368303899373,17.293560595465284
0.0014089999999999999,0,0,0,0,0,-3.2269253181155131,-14.049350360653065,-14.049350360653065,-3.2269253181155131,17.276275678768577
0.00141,0,0,0,0,0,-3.2712360693845213,-13.987771968964466,-13.987771968964466,-3.2712360693845213,17.259008038348988
0.0014109999999999999,0,0,0,0,0,-3.3157669854020888,-13.925990671536788,-13.925990671536788,-3.3157669854020888,17.241757656938876
0.0014119999999999998,0,0,0,0,0,-3.360515959030959,-13.864008558256899,-13.864008558256899,-3.360515959030959,17.224524517287858
0.001413,0,0,0,0,0,-3.4054808748742857,-13.801827727288508,-13.801827727288508,-3.4054808748742857,17.207308602162794
0.0014139999999999999,0,0,0,0,0,-3.450659609358798,-13.739450284988965,-13.739450284988965,-3.450659609358798,17.190109894347763
0.001415,0,0,0,0,0,-3.49605003081831,-13.676878345825752,-13.676878345825752,-3.49605003081831,17.172928376644062
0.0014159999999999999,0,0,0,0,0,-3.541649999577464,-13.614114032292703,-13.614114032292703,-3.541649999577464,17.155764031870167
0.0014169999999999999,0,0,0,0,0,-3.5874573680359436,-13.55115947482579,-13.55115947482579,-3.5874573680359436,17.138616842861733
0.001418,0,0,0,0,0,-3.6334699807528681,-13.488016811718705,-13.488016811718705,-3.6334699807528681,17.121486792471572
0.0014189999999999999,0,0,0,0,0,-3.6796856745314868,-13.424688189038143,-13.424688189038143,-3.6796856745314868,17.104373863569631
0.00142,0,0,0,0,0,-3.7261022785043272,-13.36117576053865,-13.36117576053865,-3.7261022785043272,17.087278039042978
0.001421,0,0,0,0,0,-3.7727176142184904,-13.297481687577299,-13.297481687577299,-3.7727176142184904,17.070199301795789
0.0014219999999999999,0,0,0,0,0,-3.8195294957213193,-13.233608139028004,-13.233608139028004,-3.8195294957213193,17.053137634749323
0.001423,0,0,0,0,0,-3.866535729646368,-13.169557291195542,-13.169557291195542,-3.866535729646368,17.036093020841911
0.0014239999999999999,0,0,0,0,0,-3.9137341152995839,-13.105331327729356,-13.105331327729356,-3.9137341152995839,17.019065443028939
0.0014249999999999998,0,0,0,0,0,-3.9611224447459366,-13.040932439536896,-13.040932439536896,-3.9611224447459366,17.002054884282831
0.001426,0,0,0,0,0,-4.0086985028961744,-12.976362824696849,-12.976362824696849,-4.0086985028961744,16.985061327593023
0.0014269999999999999,0,0,0,0,0,-4.056460067593946,-12.911624688372012,-12.911624688372012,-4.056460067593946,16.968084755965958
0.001428,0,0,0,0,0,-4.1044049097031969,-12.846720242721867,-12.846720242721867,-4.1044049097031969,16.951125152425064
0.0014289999999999999,0,0,0,0,0,-4.1525307931957682,-12.781651706814966,-12.781651706814966,-4.1525307931957682,16.934182500010735
0.0014299999999999998,0,0,0,0,0,-4.200835475239419,-12.716421306540898,-12.716421306540898,-4.200835475239419,16.917256781780317
0.001431,0,0,0,0,0,-4.2493167062859651,-12.651031274522124,-12.651031274522124,-4.2493167062859651,16.900347980808089
0.0014319999999999999,0,0,0,0,0,-4.2979722301597638,-12.585483850025486,-12.585483850025486,-4.2979722301597638,16.883456080185251
0.001433,0,0,0,0,0,-4.3467997841464516,-12.519781278873449,-12.519781278873449,-4.3467997841464516,16.8665810630199
0.0014339999999999999,0,0,0,0,0,-4.3957970990818724,-12.453925813355148,-12.453925813355148,-4.3957970990818724,16.84972291243702
0.0014349999999999999,0,0,0,0,0,-4.444961899441406,-12.387919712137048,-12.387919712137048,-4.444961899441406,16.832881611578454
0.001436,0,0,0,0,0,-4.494291903429426,-12.321765240173479,-12.321765240173479,-4.494291903429426,16.816057143602904
0.0014369999999999999,0,0,0,0,0,-4.5437848230689619,-12.255464668616938,-12.255464668616938,-4.5437848230689619,16.799249491685899
0.001438,0,0,0,0,0,-4.5934383642918712,-12.189020274727913,-12.189020274727913,-4.5934383642918712,16.782458639019783
0.001439,0,0,0,0,0,-4.6432502270288367,-12.122434341784871,-12.122434341784871,-4.6432502270288367,16.765684568813708
0.0014399999999999999,0,0,0,0,0,-4.6932181053000015,-12.055709158993594,-12.055709158993594,-4.6932181053000015,16.748927264293595
0.001441,0,0,0,0,0,-4.7433396873056113,-11.988847021396534,-11.988847021396534,-4.7433396873056113,16.732186708702145
0.0014419999999999999,0,0,0,0,0,-4.793612655516883,-11.921850229781912,-11.921850229781912,-4.793612655516883,16.715462885298795
0.0014429999999999998,0,0,0,0,0,-4.8440346867672615,-11.854721090592463,-11.854721090592463,-4.8440346867672615,16.698755777359725
0.001444,0,0,0,0,0,-4.894603452343727,-11.787461915834097,-11.787461915834097,-4.894603452343727,16.682065368177824
0.0014449999999999999,0,0,0,0,0,-4.9453166180784081,-11.720075022984272,-11.720075022984272,-4.9453166180784081,16.66539164106268
0.001446,0,0,0,0,0,-4.9961718444404113,-11.652562734900155,-11.652562734900155,-4.9961718444404113,16.648734579340566
0.0014469999999999999,0,0,0,0,0,-5.0471667866277761,-11.584927379726643,-11.584927379726643,-5.0471667866277761,16.63209416635442
0.0014479999999999999,0,0,0,0,0,-5.0982990946598061,-11.51717129080402,-11.51717129080402,-5.0982990946598061,16.615470385463826
0.001449,0,0,0,0,0,-5.1495664134694374,-11.449296806575568,-11.449296806575568,-5.1495664134694374,16.598863220045004
0.0014499999999999999,0,0,0,0,0,-5.2009663829958974,-11.381306270494886,-11.381306270494886,-5.2009663829958974,16.582272653490783
0.001451,0,0,0,0,0,-5.2524966382775524,-11.313202030933045,-11.313202030933045,-5.2524966382775524,16.565698669210597
0.0014519999999999999,0,0,0,0,0,-5.3041548095448716,-11.24498644108559,-11.24498644108559,-5.3041548095448716,16.549141250630463
0.0014529999999999999,0,0,0,0,0,-5.3559385223137452,-11.176661858879211,-11.176661858879211,-5.3559385223137452,16.532600381192957
0.001454,0,0,0,0,0,-5.4078453974788419,-11.108230646878368,-11.108230646878368,-5.4078453974788419,16.516076044357209
0.0014549999999999999,0,0,0,0,0,-5.4598730514071274,-11.039695172191758,-11.039695172191758,-5.4598730514071274,16.499568223598885
0.0014559999999999998,0,0,0,0,0,-5.5120190960318007,-10.971057806378358,-10.971057806378358,-5.5120190960318007,16.483076902410158
0.001457,0,0,0,0,0,-5.5642811389460851,-10.902320925353621,-10.902320925353621,-5.5642811389460851,16.466602064299707
0.0014579999999999999,0,0,0,0,0,-5.6166567834973602,-10.833486909295333,-10.833486909295333,-5.6166567834973602,16.450143692792693
0.001459,0,0,0,0,0,-5.669143628881546,-10.764558142549195,-10.764558142549195,-5.669143628881546,16.433701771430741
0.0014599999999999999,0,0,0,0,0,-5.7217392702374106,-10.695537013534519,-10.695537013534519,-5.7217392702374106,16.41727628377193
0.0014609999999999998,0,0,0,0,0,-5.7744412987413014,-10.62642591464947,-10.62642591464947,-5.7744412987413014,16.400867213390772
0.001462,0,0,0,0,0,-5.8272473017018358,-10.55722724217636,-10.55722724217636,-5.8272473017018358,16.384474543878195
0.0014629999999999999,0,0,0,0,0,-5.8801548626548392,-10.487943396186688,-10.487943396186688,-5.8801548626548392,16.368098258841528
0.001464,0,0,0,0,0,-5.9331615614584248,-10.418576780446058,-10.418576780446058,-5.9331615614584248,16.351738341904483
0.0014649999999999999,0,0,0,0,0,-5.9862649743881358,-10.349129802319005,-10.349129802319005,-5.9862649743881358,16.33539477670714
0.0014659999999999999,0,0,0,0,0,-6.0394626742324098,-10.279604872673527,-10.279604872673527,-6.0394626742324098,16.319067546905938
0.001467,0,0,0,0,0,-6.0927522303879904,-10.21000440578565,-10.21000440578565,-6.0927522303879904,16.30275663617364
0.0014679999999999999,0,0,0,0,0,-6.1461312089555786,-10.14033081924376,-10.14033081924376,-6.1461312089555786,16.286462028199338
0.001469,0,0,0,0,0,-6.1995971728356007,-10.07058653385282,-10.07058653385282,-6.1995971728356007,16.270183706688421
0.00147,0,0,0,0,0,-6.2531476818240268,-10.000773973538541,-10.000773973538541,-6.2531476818240268,16.253921655362568
0.0014709999999999999,0,0,0,0,0,-6.3067802927084733,-9.9308955652512498,-9.9308955652512498,-6.3067802927084733,16.237675857959722
0.001472,0,0,0,0,0,-6.3604925593642827,-9.8609537388698048,-9.8609537388698048,-6.3604925593642827,16.221446298234088
0.0014729999999999999,0,0,0,0,0,-6.414282032850692,-9.7909509271054134,-9.7909509271054134,-6.414282032850692,16.205232959956106
0.0014739999999999998,0,0,0,0,0,-6.4681462615073553,-9.7208895654050789,-9.7208895654050789,-6.4681462615073553,16.189035826912434
0.001475,0,0,0,0,0,-6.5220827910506483,-9.6507720918552895,-9.6507720918552895,-6.5220827910506483,16.172854882905938
0.0014759999999999999,0,0,0,0,0,-6.5760891646702495,-9.5806009470854221,-9.5806009470854221,-6.5760891646702495,16.156690111755672
0.001477,0,0,0,0,0,-6.6301629231259085,-9.5103785741709572,-9.5103785741709572,-6.6301629231259085,16.140541497296866
0.0014779999999999999,0,0,0,0,0,-6.6843016048440624,-9.4401074185368365,-9.4401074185368365,-6.6843016048440624,16.124409023380899
0.0014789999999999998,0,0,0,0,0,-6.7385027460148148,-9.3697899278604861,-9.3697899278604861,-6.7385027460148148,16.108292673875301
0.00148,0,0,0,0,0,-6.7927638806888027,-9.2994285519749162,-9.2994285519749162,-6.7927638806888027,16.092192432663719
0.0014809999999999999,0,0,0,0,0,-6.84708254087424,-9.2290257427716718,-9.2290257427716718,-6.84708254087424,16.076108283645912
0.001482,0,0,0,0,0,-6.9014562566340416,-9.1585839541036833,-9.1585839541036833,-6.9014562566340416,16.060040210737725
0.0014829999999999999,0,0,0,0,0,-6.955882556182936,-9.0881056416881503,-9.0881056416881503,-6.955882556182936,16.043988197871087
0.0014839999999999999,0,0,0,0,0,-7.0103589659848318,-9.0175932630091538,-9.0175932630091538,-7.0103589659848318,16.027952228993986
0.001485,0,0,0,0,0,-7.064883010850064,-8.9470492772203833,-8.9470492772203833,-7.064883010850064,16.011932288070447
0.0014859999999999999,0,0,0,0,0,-7.1194522140328154,-8.8764761450477181,-8.8764761450477181,-7.1194522140328154,15.995928359080533
0.001487,0,0,0,0,0,-7.1740640973285741,-8.8058763286917383,-8.8058763286917383,-7.1740640973285741,15.979940426020312
0.001488,0,0,0,0,0,-7.2287161811715865,-8.7352522917302604,-8.7352522917302604,-7.2287161811715865,15.963968472901847
0.0014889999999999999,0,0,0,0,0,-7.2834059847325205,-8.6646064990206639,-8.6646064990206639,-7.2834059847325205,15.948012483753185
0.00149,0,0,0,0,0,-7.3381310260160166,-8.5939414166023198,-8.5939414166023198,-7.3381310260160166,15.932072442618336
0.0014909999999999999,0,0,0,0,0,-7.3928888219583619,-8.5232595115988961,-8.5232595115988961,-7.3928888219583619,15.916148333557258
0.0014919999999999998,0,0,0,0,0,-7.4476768885251987,-8.4525632521206404,-8.4525632521206404,-7.4476768885251987,15.90024014064584
0.001493,0,0,0,0,0,-7.5024927408092825,-8.3818551071666043,-8.3818551071666043,-7.5024927408092825,15.884347847975887
0.0014939999999999999,0,0,0,0,0,-7.5573338931281917,-8.3111375465269148,-8.3111375465269148,-7.5573338931281917,15.868471439655107
0.001495,0,0,0,0,0,-7.6121978591222588,-8.2404130406848282,-8.2404130406848282,-7.6121978591222588,15.852610899807088
0.0014959999999999999,0,0,0,0,0,-7.6670821518522638,-8.1696840607190246,-8.1696840607190246,-7.6670821518522638,15.836766212571289
0.0014969999999999998,0,0,0,0,0,-7.7219842838974024,-8.0989530782056214,-8.0989530782056214,-7.7219842838974024,15.820937362103024
0.001498,0,0,0,0,0,-7.7769017674531797,-8.0282225651202594,-8.0282225651202594,-7.7769017674531797,15.805124332573438
0.0014989999999999999,0,0,0,0,0,-7.8318321144291438,-7.9574949937403581,-7.9574949937403581,-7.8318321144291438,15.789327108169502
0.0015,0,0,0,0,0,-7.8867728365469913,-7.8867728365469985,-7.8867728365469985,-7.8867728365469913,15.77354567309399
0.0015009999999999999,0,0,0,0,0,-7.9417214454383149,-7.8160585661271504,-7.8160585661271504,-7.9417214454383149,15.757780011565465
0.0015019999999999999,0,0,0,0,0,-7.9966754527426476,-7.7453546550756185,-7.7453546550756185,-7.9966754527426476,15.742030107818266
0.001503,0,0,0,0,0,-8.0516323702053096,-7.6746635758971768,-7.6746635758971768,-8.0516323702053096,15.726295946102486
0.0015039999999999999,0,0,0,0,0,-8.1065897097753368,-7.6039878009086257,-7.6039878009086257,-8.1065897097753368,15.710577510683962
0.0015049999999999998,0,0,0,0,0,-8.1615449837033882,-7.5333298021408694,-7.5333298021408694,-8.1615449837033882,15.694874785844258
0.001506,0,0,0,0,0,-8.2164957046396605,-7.462692051240988,-7.462692051240988,-8.2164957046396605,15.679187755880648
0.0015069999999999999,0,0,0,0,0,-8.2714393857316857,-7.3920770193744145,-7.3920770193744145,-8.2714393857316857,15.663516405106101
0.001508,0,0,0,0,0,-8.3263735407223098,-7.3214871771269534,-7.3214871771269534,-8.3263735407223098,15.647860717849264
0.0015089999999999999,0,0,0,0,0,-8.3812956840474495,-7.2509249944070007,-7.2509249944070007,-8.3812956840474495,15.63222067845445
0.0015099999999999998,0,0,0,0,0,-8.4362033309339175,-7.1803929403476996,-7.1803929403476996,-8.4362033309339175,15.616596271281617
0.001511,0,0,0,0,0,-8.4910939974972255,-7.1098934832091309,-7.1098934832091309,-8.4910939974972255,15.600987480706356
0.0015119999999999999,0,0,0,0,0,-8.5459652008392499,-7.0394290902806258,-7.0394290902806258,-8.5459652008392499,15.585394291119876
0.001513,0,0,0,0,0,-8.6008144591460667,-6.9690022277829184,-6.9690022277829184,-8.6008144591460667,15.569816686928986
0.0015139999999999999,0,0,0,0,0,-8.6556392917854676,-6.8986153607706138,-6.8986153607706138,-8.6556392917854676,15.554254652556081
0.0015149999999999999,0,0,0,0,0,-8.7104372194046782,-6.8282709530344459,-6.8282709530344459,-8.7104372194046782,15.538708172439124
0.001516,0,0,0,0,0,-8.7652057640279537,-6.7579714670036806,-6.7579714670036806,-8.7652057640279537,15.523177231031633
0.0015169999999999999,0,0,0,0,0,-8.8199424491539169,-6.6877193636487515,-6.6877193636487515,-8.8199424491539169,15.507661812802668
0.001518,0,0,0,0,0,-8.8746447998532183,-6.6175171023835908,-6.6175171023835908,-8.8746447998532183,15.492161902236809
0.001519,0,0,0,0,0,-8.9293103428657616,-6.5473671409683813,-6.5473671409683813,-8.9293103428657616,15.476677483834143
0.0015199999999999999,0,0,0,0,0,-8.9839366066981565,-6.4772719354120927,-6.4772719354120927,-8.9839366066981565,15.461208542110249
0.001521,0,0,0,0,0,-9.0385211217209029,-6.4072339398752831,-6.4072339398752831,-9.0385211217209029,15.445755061596186
0.0015219999999999999,0,0,0,0,0,-9.0930614202655988,-6.3372556065728736,-6.3372556065728736,-9.0930614202655988,15.430317026838472
0.0015229999999999998,0,0,0,0,0,-9.1475550367220357,-6.2673393856770359,-6.2673393856770359,-9.1475550367220357,15.414894422399071
0.001524,0,0,0,0,0,-9.2019995076352501,-6.1974877252201264,-6.1974877252201264,-9.2019995076352501,15.399487232855376
0.0015249999999999999,0,0,0,0,0,-9.256392371802395,-6.1277030709978035,-6.1277030709978035,-9.256392371802395,15.384095442800199
0.001526,0,0,0,0,0,-9.3107311703696922,-6.0579878664720521,-6.0579878664720521,-9.3107311703696922,15.368719036841744
0.0015269999999999999,0,0,0,0,0,-9.3650134469291224,-5.9883445526744854,-5.9883445526744854,-9.3650134469291224,15.353357999603608
0.0015279999999999998,0,0,0,0,0,-9.4192367476151126,-5.9187755681096386,-5.9187755681096386,-9.4192367476151126,15.33801231572475
0.001529,0,0,0,0,0,-9.4733986212011079,-5.8492833486583802,-5.8492833486583802,-9.4733986212011079,15.322681969859488
0.0015299999999999999,0,0,0,0,0,-9.5274966191959685,-5.779870327481504,-5.779870327481504,-9.5274966191959685,15.307366946677472
0.001531,0,0,0,0,0,-9.5815282959404406,-5.7105389349232372,-5.7105389349232372,-9.5815282959404406,15.292067230863678
0.0015319999999999999,0,0,0,0,0,-9.6354912087032432,-5.6412915984151457,-5.6412915984151457,-9.6354912087032432,15.276782807118389
0.0015329999999999999,0,0,0,0,0,-9.6893829177773778,-5.5721307423798034,-5.5721307423798034,-9.6893829177773778,15.261513660157181
0.001534,0,0,0,0,0,-9.743200986575987,-5.5030587881349184,-5.5030587881349184,-9.743200986575987,15.246259774710905
0.0015349999999999999,0,0,0,0,0,-9.7969429817282467,-5.4340781537974276,-5.4340781537974276,-9.7969429817282467,15.231021135525674
0.001536,0,0,0,0,0,-9.8506064731752332,-5.3651912541876143,-5.3651912541876143,-9.8506064731752332,15.215797727362848
0.001537,0,0,0,0,0,-9.9041890342654071,-5.2964005007336086,-5.2964005007336086,-9.9041890342654071,15.200589534999017
0.0015379999999999999,0,0,0,0,0,-9.9576882418502315,-5.2277083013757562,-5.2277083013757562,-9.9576882418502315,15.185396543225988
0.001539,0,0,0,0,0,-10.011101676379445,-5.1591170604713223,-5.1591170604713223,-10.011101676379445,15.170218736850767
0.0015399999999999999,0,0,0,0,0,-10.064426921996304,-5.0906291786992437,-5.0906291786992437,-10.064426921996304,15.155056100695548
0.0015409999999999998,0,0,0,0,0,-10.117661566632647,-5.0222470529650458,-5.0222470529650458,-10.117661566632647,15.139908619597692
0.001542,0,0,0,0,0,-10.170803202103819,-4.9539730763058971,-4.9539730763058971,-10.170803202103819,15.124776278409717
0.0015429999999999999,0,0,0,0,0,-10.223849424203385,-4.8858096377958962,-4.8858096377958962,-10.223849424203385,15.109659061999281
0.001544,0,0,0,0,0,-10.27679783279782,-4.8177591224513456,-4.8177591224513456,-10.27679783279782,15.094556955249166
0.0015449999999999999,0,0,0,0,0,-10.329646031920905,-4.7498239111363585,-4.7498239111363585,-10.329646031920905,15.079469943057264
0.0015459999999999998,0,0,0,0,0,-10.382391629868021,-4.6820063804685423,-4.6820063804685423,-10.382391629868021,15.064398010336562
0.001547,0,0,0,0,0,-10.435032239290273,-4.6143089027248543,-4.6143089027248543,-10.435032239290273,15.049341142015127
0.0015479999999999999,0,0,0,0,0,-10.487565477288378,-4.5467338457477071,-4.5467338457477071,-10.487565477288378,15.034299323036086
0.001549,0,0,0,0,0,-10.53998896550655,-4.4792835728510703,-4.4792835728510703,-10.53998896550655,15.019272538357621
0.0015499999999999999,0,0,0,0,0,-10.592300330225928,-4.4119604427270191,-4.4119604427270191,-10.592300330225928,15.004260772952946
0.0015509999999999999,0,0,0,0,0,-10.644497202458172,-4.3447668093521239,-4.3447668093521239,-10.644497202458172,14.989264011810295
0.001552,0,0,0,0,0,-10.696577218038536,-4.2777050218943682,-4.2777050218943682,-10.696577218038536,14.974282239932904
0.0015529999999999999,0,0,0,0,0,-10.748538017718911,-4.2107774246200904,-4.2107774246200904,-10.748538017718911,14.959315442339001
0.0015539999999999998,0,0,0,0,0,-10.800377247260741,-4.1439863568010464,-4.1439863568010464,-10.800377247260741,14.944363604061788
0.001555,0,0,0,0,0,-10.852092557527621,-4.0773341526218037,-4.0773341526218037,-10.852092557527621,14.929426710149425
0.0015559999999999999,0,0,0,0,0,-10.90368160457767,-4.0108231410873456,-4.0108231410873456,-10.90368160457767,14.914504745665015
0.001557,0,0,0,0,0,-10.955142049755874,-3.9444556459307201,-3.9444556459307201,-10.955142049755874,14.899597695686595
0.0015579999999999999,0,0,0,0,0,-11.006471559786046,-3.8782339855210641,-3.8782339855210641,-11.006471559786046,14.88470554530711
0.0015589999999999998,0,0,0,0,0,-11.057667806862643,-3.8121604727717688,-3.8121604727717688,-11.057667806862643,14.869828279634412
0.00156,0,0,0,0,0,-11.108728468742388,-3.7462374150488436,-3.7462374150488436,-11.108728468742388,14.854965883791232
0.0015609999999999999,0,0,0,0,0,-11.159651228835582,-3.680467114079593,-3.680467114079593,-11.159651228835582,14.840118342915174
0.001562,0,0,0,0,0,-11.210433776297345,-3.6148518658613504,-3.6148518658613504,-11.210433776297345,14.825285642158695
0.0015629999999999999,0,0,0,0,0,-11.261073806118496,-3.5493939605706002,-3.5493939605706002,-11.261073806118496,14.810467766689095
0.0015639999999999999,0,0,0,0,0,-11.31156901921625,-3.4840956824722449,-3.4840956824722449,-11.31156901921625,14.795664701688496
0.001565,0,0,0,0,0,-11.361917122524714,-3.418959309829118,-3.418959309829118,-11.361917122524714,14.780876432353832
0.0015659999999999999,0,0,0,0,0,-11.41211582908503,-3.353987114811801,-3.353987114811801,-11.41211582908503,14.766102943896831
0.001567,0,0,0,0,0,-11.462162858135493,-3.2891813634085114,-3.2891813634085114,-11.462162858135493,14.751344221544004
0.0015679999999999999,0,0,0,0,0,-11.512055935201136,-3.2245443153354918,-3.2245443153354918,-11.512055935201136,14.736600250536629
0.0015689999999999999,0,0,0,0,0,-11.561792792183407,-3.160078223947326,-3.160078223947326,-11.561792792183407,14.721871016130732
0.00157,0,0,0,0,0,-11.611371167449256,-3.0957853361478227,-3.0957853361478227,-11.611371167449256,14.707156503597078
0.0015709999999999999,0,0,0,0,0,-11.660788805920152,-3.0316678923010008,-3.0316678923010008,-11.660788805920152,14.692456698221154
0.0015719999999999998,0,0,0,0,0,-11.710043459160888,-2.9677281261422639,-2.9677281261422639,-11.710043459160888,14.677771585303152
0.001573,0,0,0,0,0,-11.759132885467992,-2.9039682646899676,-2.9039682646899676,-11.759132885467992,14.663101150157958
0.0015739999999999999,0,0,0,0,0,-11.808054849957866,-2.8403905281572692,-2.8403905281572692,-11.808054849957866,14.648445378115136
0.001575,0,0,0,0,0,-11.856807124654914,-2.7769971298640002,-2.7769971298640002,-11.856807124654914,14.633804254518914
0.0015759999999999999,0,0,0,0,0,-11.905387488578945,-2.7137902761492194,-2.7137902761492194,-11.905387488578945,14.619177764728166
0.0015769999999999998,0,0,0,0,0,-11.953793727832764,-2.6507721662836348,-2.6507721662836348,-11.953793727832764,14.6045658941164
0.001578,0,0,0,0,0,-12.002023635689191,-2.5879449923825524,-2.5879449923825524,-12.002023635689191,14.589968628071745
0.0015789999999999999,0,0,0,0,0,-12.050075012677848,-2.5253109393190849,-2.5253109393190849,-12.050075012677848,14.575385951996934
0.00158,0,0,0,0,0,-12.097945666671784,-2.4628721846375052,-2.4628721846375052,-12.097945666671784,14.56081785130929
0.0015809999999999999,0,0,0,0,0,-12.145633412973663,-2.4006308984670479,-2.4006308984670479,-12.145633412973663,14.54626431144071
0.0015819999999999999,0,0,0,0,0,-12.193136074401725,-2.3385892434359308,-2.3385892434359308,-12.193136074401725,14.531725317837655
0.001583,0,0,0,0,0,-12.240451481375466,-2.2767493745856617,-2.2767493745856617,-12.240451481375466,14.517200855961127
0.0015839999999999999,0,0,0,0,0,-12.28757747200093,-2.2151134392857346,-2.2151134392857346,-12.28757747200093,14.502690911286665
0.0015849999999999998,0,0,0,0,0,-12.334511892155859,-2.1536835771484624,-2.1536835771484624,-12.334511892155859,14.488195469304323
0.001586,0,0,0,0,0,-12.381252595574377,-2.0924619199442818,-2.0924619199442818,-12.381252595574377,14.473714515518658
0.0015869999999999999,0,0,0,0,0,-12.427797443931432,-2.0314505915172827,-2.0314505915172827,-12.427797443931432,14.459248035448715
0.001588,0,0,0,0,0,-12.474144306926954,-1.970651707701057,-1.970651707701057,-12.474144306926954,14.444796014628011
0.0015889999999999999,0,0,0,0,0,-12.520291062369591,-1.9100673762349354,-1.9100673762349354,-12.520291062369591,14.430358438604527
0.0015899999999999998,0,0,0,0,0,-12.566235596260293,-1.8496996966803909,-1.8496996966803909,-12.566235596260293,14.415935292940684
0.001591,0,0,0,0,0,-12.611975802875422,-1.7895507603379137,-1.7895507603379137,-12.611975802875422,14.401526563213336
0.0015919999999999999,0,0,0,0,0,-12.657509584849544,-1.729622650164206,-1.729622650164206,-12.657509584849544,14.38713223501375
0.001593,0,0,0,0,0,-12.702834853258091,-1.6699174406895079,-1.6699174406895079,-12.702834853258091,14.372752293947599
0.0015939999999999999,0,0,0,0,0,-12.747949527699337,-1.6104371979356022,-1.6104371979356022,-12.747949527699337,14.358386725634938
0.0015949999999999998,0,0,0,0,0,-12.792851536376389,-1.5511839793338105,-1.5511839793338105,-12.792851536376389,14.3440355157102
0.001596,0,0,0,0,0,-12.837538816178647,-1.4921598336435267,-1.4921598336435267,-12.837538816178647,14.329698649822173
0.0015969999999999999,0,0,0,0,0,-12.882009312762897,-1.4333668008710942,-1.4333668008710942,-12.882009312762897,14.31537611363399
0.001598,0,0,0,0,0,-12.92626098063422,-1.3748069121888928,-1.3748069121888928,-12.92626098063422,14.301067892823113
0.0015989999999999999,0,0,0,0,0,-12.970291783226406,-1.3164821898549146,-1.3164821898549146,-12.970291783226406,14.286773973081321
0.0015999999999999999,0,0,0,0,0,-13.014099692982061,-1.2583946471326319,-1.2583946471326319,-13.014099692982061,14.272494340114692
0.001601,0,0,0,0,0,-13.057682691432383,-1.2005462882112115,-1.2005462882112115,-13.057682691432383,14.258228979643594
0.0016019999999999999,0,0,0,0,0,-13.10103876927651,-1.1429391081261526,-1.1429391081261526,-13.10103876927651,14.243977877402664
0.0016029999999999998,0,0,0,0,0,-13.144165926460634,-1.0855750926801635,-1.0855750926801635,-13.144165926460634,14.229741019140796
0.001604,0,0,0,0,0,-13.187062172256606,-1.0284562183645294,-1.0284562183645294,-13.187062172256606,14.215518390621135
0.0016049999999999999,0,0,0,0,0,-13.229725525340271,-0.97158445228077905,-0.97158445228077905,-13.229725525340271,14.201309977621049
0.001606,0,0,0,0,0,-13.272154013869397,-0.91496175206272667,-0.91496175206272667,-13.272154013869397,14.187115765932123
0.0016069999999999999,0,0,0,0,0,-13.314345675561187,-0.85859006579895869,-0.85859006579895869,-13.314345675561187,14.172935741360146
0.0016079999999999998,0,0,0,0,0,-13.356298557769538,-0.80247133195555431,-0.80247133195555431,-13.356298557769538,14.158769889725091
0.001609,0,0,0,0,0,-13.398010717561796,-0.74660747929931137,-0.74660747929931137,-13.398010717561796,14.144618196861106
0.0016099999999999999,0,0,0,0,0,-13.439480221795126,-0.69100042682137186,-0.69100042682137186,-13.439480221795126,14.130480648616498
0.001611,0,0,0,0,0,-13.480705147192692,-0.63565208366102155,-0.63565208366102155,-13.480705147192692,14.116357230853714
0.0016119999999999999,0,0,0,0,0,-13.521683580419101,-0.58056434903023746,-0.58056434903023746,-13.521683580419101,14.102247929449337
0.0016129999999999999,0,0,0,0,0,-13.562413618155807,-0.5257391121382593,-0.5257391121382593,-13.562413618155807,14.088152730294066
0.001614,0,0,0,0,0,-13.602893367175909,-0.47117825211678888,-0.47117825211678888,-13.602893367175909,14.074071619292699
0.0016149999999999999,0,0,0,0,0,-13.643120944418573,-0.41688363794555006,-0.41688363794555006,-13.643120944418573,14.060004582364124
0.001616,0,0,0,0,0,-13.683094477063158,-0.36285712837814454,-0.36285712837814454,-13.683094477063158,14.045951605441303
0.0016169999999999999,0,0,0,0,0,-13.722812102602816,-0.30910057186844142,-0.30910057186844142,-13.722812102602816,14.031912674471258
0.0016179999999999999,0,0,0,0,0,-13.762271968917759,-0.25561580649729887,-0.25561580649729887,-13.762271968917759,14.017887775415057
0.001619,0,0,0,0,0,-13.801472234348086,-0.20240465989971312,-0.20240465989971312,-13.801472234348086,14.003876894247799
0.0016199999999999999,0,0,0,0,0,-13.84041106776618,-0.14946894919242304,-0.14946894919242304,-13.84041106776618,13.989880016958603
0.0016209999999999998,0,0,0,0,0,-13.879086648648768,-0.096810480901821094,-0.096810480901821094,-13.879086648648768,13.975897129550589
0.001622,0,0,0,0,0,-13.917497167148472,-0.044431050892398183,-0.044431050892398183,-13.917497167148472,13.961928218040869
0.0016229999999999999,-0.14551735096051743,0,0.14551735096051743,0.14551735096051743,0,-13.961853206359816,0,0,-13.961853206359816,13.961853206359816
0.001624,-0.99116562666858954,0,0.99116562666858954,0.99116562666858954,0,-14.043087739710284,0,0,-14.043087739710284,14.043087739710284
0.0016249999999999999,-1.0304944805063769,0,1.0304944805063769,1.0304944805063769,0,-14.131830678925866,0,0,-14.131830678925866,14.131830678925866
0.0016259999999999998,-1.0280752638457216,0,1.0280752638457216,1.0280752638457216,0,-14.220432791547225,0,0,-14.220432791547225,14.220432791547225
0.001627,-1.023458014471089,0,1.023458014471089,1.023458014471089,0,-14.308495080291884,0,0,-14.308495080291884,14.308495080291884
0.0016279999999999999,-1.0186887600320915,0,1.0186887600320915,1.0186887600320915,0,-14.395993610157785,0,0,-14.395993610157785,14.395993610157785
0.001629,-1.013873516607191,0,1.013873516607191,1.013873516607191,0,-14.482923868574845,0,0,-14.482923868574845,14.482923868574845
0.0016299999999999999,-1.0090179485707722,0,1.0090179485707722,1.0090179485707722,0,-14.569282368942503,0,0,-14.569282368942503,14.569282368942503
0.0016309999999999999,-1.0041225307859349,0,1.0041225307859349,1.0041225307859349,0,-14.655065699143314,0,0,-14.655065699143314,14.655065699143314
0.001632,-0.99918747116453233,0,0.99918747116453233,0.99918747116453233,0,-14.740270472451828,0,0,-14.740270472451828,14.740270472451828
0.0016329999999999999,-0.99421296529067149,0,0.99421296529067149,0.99421296529067149,0,-14.824893325121867,0,0,-14.824893325121867,14.824893325121867
0.0016339999999999998,-0.98919920958906005,0,0.98919920958906005,0.98919920958906005,0,-14.90893091638771,0,0,-14.90893091638771,14.90893091638771
0.001635,-0.98414640199735004,0,0.98414640199735004,0.98414640199735004,0,-14.992379928589196,0,0,-14.992379928589196,14.992379928589196
0.0016359999999999999,-0.97905474199001219,0,0.97905474199001219,0.97905474199001219,0,-15.075237067302149,0,0,-15.075237067302149,15.075237067302149
0.001637,-0.97392443057810851,0,0.97392443057810851,0.97392443057810851,0,-15.157499061468648,0,0,-15.157499061468648,15.157499061468648
0.0016379999999999999,-0.96875567029701415,0,0.96875567029701415,0.96875567029701415,0,-15.239162663525976,0,0,-15.239162663525976,15.239162663525976
0.0016389999999999998,-0.96354866520118776,0,0.96354866520118776,0.96354866520118776,0,-15.320224649534969,0,0,-15.320224649534969,15.320224649534969
0.00164,-0.95830362085348497,0,0.95830362085348497,0.95830362085348497,0,-15.400681819307227,0,0,-15.400681819307227,15.400681819307227
0.0016409999999999999,-0.95302074431992878,0,0.95302074431992878,0.95302074431992878,0,-15.480530996531447,0,0,-15.480530996531447,15.480530996531447
0.001642,-0.94770024415947773,0,0.94770024415947773,0.94770024415947773,0,-15.559769028898863,0,0,-15.559769028898863,15.559769028898863
0.0016429999999999999,-0.94234233041584048,0,0.94234233041584048,0.94234233041584048,0,-15.638392788227589,0,0,-15.638392788227589,15.638392788227589
0.0016439999999999998,-0.93694721461065456,0,0.93694721461065456,0.93694721461065456,0,-15.716399170586252,0,0,-15.716399170586252,15.716399170586252
0.001645,-0.93151510973370932,0,0.93151510973370932,0.93151510973370932,0,-15.793785096416448,0,0,-15.793785096416448,15.793785096416448
0.0016459999999999999,-0.92604623023498789,0,0.92604623023498789,0.92604623023498789,0,-15.870547510654326,0,0,-15.870547510654326,15.870547510654326
0.001647,-0.92054079201739114,0,0.92054079201739114,0.92054079201739114,0,-15.946683382851235,0,0,-15.946683382851235,15.946683382851235
0.0016479999999999999,-0.9149990124251417,0,0.9149990124251417,0.9149990124251417,0,-16.022189707293265,0,0,-16.022189707293265,16.022189707293265
0.0016489999999999999,-0.90942111023832695,0,0.90942111023832695,0.90942111023832695,0,-16.097063503120037,0,0,-16.097063503120037,16.097063503120037
0.00165,-0.9038073056635767,0,0.9038073056635767,0.9038073056635767,0,-16.171301814442309,0,0,-16.171301814442309,16.171301814442309
0.0016509999999999999,-0.89815782032405878,0,0.89815782032405878,0.89815782032405878,0,-16.244901710458631,0,0,-16.244901710458631,16.244901710458631
0.0016519999999999998,-0.89247287725129354,0,0.89247287725129354,0.89247287725129354,0,-16.317860285571133,0,0,-16.317860285571133,16.317860285571133
0.001653,-0.88675270087810532,0,0.88675270087810532,0.88675270087810532,0,-16.390174659500246,0,0,-16.390174659500246,16.390174659500246
0.0016539999999999999,-0.88099751702634421,0,0.88099751702634421,0.88099751702634421,0,-16.461841977398265,0,0,-16.461841977398265,16.461841977398265
0.001655,-0.87520755290097441,0,0.87520755290097441,0.87520755290097441,0,-16.532859409962221,0,0,-16.532859409962221,16.532859409962221
0.0016559999999999999,-0.86938303707984232,0,0.86938303707984232,0.86938303707984232,0,-16.603224153545444,0,0,-16.603224153545444,16.603224153545444
0.0016569999999999998,-0.86352419950571857,0,0.86352419950571857,0.86352419950571857,0,-16.672933430268355,0,0,-16.672933430268355,16.672933430268355
0.001658,-0.85763127147401974,0,0.85763127147401974,0.85763127147401974,0,-16.741984488128075,0,0,-16.741984488128075,16.741984488128075
0.0016589999999999999,-0.8517044856287157,0,0.8517044856287157,0.8517044856287157,0,-16.810374601107071,0,0,-16.810374601107071,16.810374601107071
0.00166,-0.84574407594868717,0,0.84574407594868717,0.84574407594868717,0,-16.878101069280806,0,0,-16.878101069280806,16.878101069280806
0.0016609999999999999,-0.83975027774022237,0,0.83975027774022237,0.83975027774022237,0,-16.945161218924248,0,0,-16.945161218924248,16.945161218924248
0.0016619999999999998,-0.83372332762928636,0,0.83372332762928636,0.83372332762928636,0,-17.011552402617529,0,0,-17.011552402617529,17.011552402617529
0.001663,-0.82766346354833331,0,0.82766346354833331,0.82766346354833331,0,-17.077271999350401,0,0,-17.077271999350401,17.077271999350401
0.0016639999999999999,-0.82157092473130433,0,0.82157092473130433,0.82157092473130433,0,-17.142317414625708,0,0,-17.142317414625708,17.142317414625708
0.001665,-0.81544595170134926,0,0.81544595170134926,0.81544595170134926,0,-17.206686080561852,0,0,-17.206686080561852,17.206686080561852
0.0016659999999999999,-0.80928878626104961,0,0.80928878626104961,0.80928878626104961,0,-17.270375455994081,0,0,-17.270375455994081,17.270375455994081
0.0016669999999999999,-0.80309967148514261,0,0.80309967148514261,0.80309967148514261,0,-17.333383026574932,0,0,-17.333383026574932,17.333383026574932
0.001668,-0.79687885170937989,0,0.79687885170937989,0.79687885170937989,0,-17.395706304873418,0,0,-17.395706304873418,17.395706304873418
0.0016689999999999999,-0.79062657252075041,0,0.79062657252075041,0.79062657252075041,0,-17.45734283047317,0,0,-17.45734283047317,17.45734283047317
0.0016699999999999998,-0.78434308074929504,0,0.78434308074929504,0.78434308074929504,0,-17.518290170069751,0,0,-17.518290170069751,17.518290170069751
0.001671,-0.7780286244560557,0,0.7780286244560557,0.7780286244560557,0,-17.578545917566551,0,0,-17.578545917566551,17.578545917566551
0.0016719999999999999,-0.77168345292443519,0,0.77168345292443519,0.77168345292443519,0,-17.638107694169804,0,0,-17.638107694169804,17.638107694169804
0.001673,-0.76530781665201175,0,0.76530781665201175,0.76530781665201175,0,-17.696973148482577,0,0,-17.696973148482577,17.696973148482577
0.0016739999999999999,-0.75890196733689663,0,0.75890196733689663,0.75890196733689663,0,-17.755139956597514,0,0,-17.755139956597514,17.755139956597514
0.0016749999999999998,-0.75246615787182236,0,0.75246615787182236,0.75246615787182236,0,-17.812605822188626,0,0,-17.812605822188626,17.812605822188626
0.001676,-0.74600064233118246,0,0.74600064233118246,0.74600064233118246,0,-17.869368476601949,0,0,-17.869368476601949,17.869368476601949
0.0016769999999999999,-0.73950567596239125,0,0.73950567596239125,0.73950567596239125,0,-17.925425678945075,0,0,-17.925425678945075,17.925425678945075
0.001678,-0.73298151517633414,0,0.73298151517633414,0.73298151517633414,0,-17.980775216175651,0,0,-17.980775216175651,17.980775216175651
0.0016789999999999999,-0.72642841753440734,0,0.72642841753440734,0.72642841753440734,0,-18.035414903188702,0,0,-18.035414903188702,18.035414903188702
0.0016799999999999999,-0.71984664174237878,0,0.71984664174237878,0.71984664174237878,0,-18.089342582902955,0,0,-18.089342582902955,18.089342582902955
0.001681,-0.71323644763788252,0,0.71323644763788252,0.71323644763788252,0,-18.142556126345941,0,0,-18.142556126345941,18.142556126345941
0.0016819999999999999,-0.70659809618018699,0,0.70659809618018699,0.70659809618018699,0,-18.195053432738096,0,0,-18.195053432738096,18.195053432738096
0.0016829999999999998,-0.69993184943859887,0,0.69993184943859887,0.69993184943859887,0,-18.246832429575647,0,0,-18.246832429575647,18.246832429575647
0.001684,-0.69323797058677883,0,0.69323797058677883,0.69323797058677883,0,-18.297891072712474,0,0,-18.297891072712474,18.297891072712474
0.0016849999999999999,-0.68651672388637053,0,0.68651672388637053,0.68651672388637053,0,-18.348227346440744,0,0,-18.348227346440744,18.348227346440744
0.001686,-0.67976837468177109,0,0.67976837468177109,0.67976837468177109,0,-18.397839263570589,0,0,-18.397839263570589,18.397839263570589
0.0016869999999999999,-0.67299318938466968,0,0.67299318938466968,0.67299318938466968,0,-18.446724865508429,0,0,-18.446724865508429,18.446724865508429
0.0016879999999999998,-0.66619143546972737,0,0.66619143546972737,0.66619143546972737,0,-18.494882222334439,0,0,-18.494882222334439,18.494882222334439
0.001689,-0.65936338145752416,0,0.65936338145752416,0.65936338145752416,0,-18.542309432878643,0,0,-18.542309432878643,18.542309432878643
0.0016899999999999999,-0.65250929690773773,0,0.65250929690773773,0.65250929690773773,0,-18.589004624795937,0,0,-18.589004624795937,18.589004624795937
0.001691,-0.6456294524086843,0,0.6456294524086843,0.6456294524086843,0,-18.63496595464013,0,0,-18.63496595464013,18.63496595464013
0.0016919999999999999,-0.63872411956367614,0,0.63872411956367614,0.63872411956367614,0,-18.680191607936599,0,0,-18.680191607936599,18.680191607936599
0.0016929999999999998,-0.63179357098442779,0,0.63179357098442779,0.63179357098442779,0,-18.724679799253995,0,0,-18.724679799253995,18.724679799253995
0.001694,-0.62483808027650412,0,0.62483808027650412,0.62483808027650412,0,-18.768428772274703,0,0,-18.768428772274703,18.768428772274703
0.0016949999999999999,-0.61785792203158962,0,0.61785792203158962,0.61785792203158962,0,-18.811436799864182,0,0,-18.811436799864182,18.811436799864182
0.001696,-0.61085337181339128,0,0.61085337181339128,0.61085337181339128,0,-18.853702184139152,0,0,-18.853702184139152,18.853702184139152
0.0016969999999999999,-0.60382470615036254,0,0.60382470615036254,0.60382470615036254,0,-18.895223256534585,0,0,-18.895223256534585,18.895223256534585
0.0016979999999999999,-0.59677220252160623,0,0.59677220252160623,0.59677220252160623,0,-18.935998377869662,0,0,-18.935998377869662,18.935998377869662
0.001699,-0.58969613934823428,0,0.58969613934823428,0.58969613934823428,0,-18.976025938412398,0,0,-18.976025938412398,18.976025938412398
0.0016999999999999999,-0.58259679598131697,0,0.58259679598131697,0.58259679598131697,0,-19.015304357943247,0,0,-19.015304357943247,19.015304357943247
0.0017009999999999998,-0.57547445269005948,0,0.57547445269005948,0.57547445269005948,0,-19.053832085817461,0,0,-19.053832085817461,19.053832085817461
0.001702,-0.56832939065270693,0,0.56832939065270693,0.56832939065270693,0,-19.091607601026325,0,0,-19.091607601026325,19.091607601026325
0.0017029999999999999,-0.56116189194449362,0,0.56116189194449362,0.56116189194449362,0,-19.128629412257155,0,0,-19.128629412257155,19.128629412257155
0.001704,-0.55397223952513741,0,0.55397223952513741,0.55397223952513741,0,-19.164896057952266,0,0,-19.164896057952266,19.164896057952266
0.0017049999999999999,-0.54676071723065434,0,0.54676071723065434,0.54676071723065434,0,-19.200406106366543,0,0,-19.200406106366543,19.200406106366543
0.0017059999999999998,-0.5395276097592614,0,0.5395276097592614,0.5395276097592614,0,-19.235158155624109,0,0,-19.235158155624109,19.235158155624109
0.001707,-0.5322732026615995,0,0.5322732026615995,0.5322732026615995,0,-19.269150833773569,0,0,-19.269150833773569,19.269150833773569
0.0017079999999999999,-0.52499778232936478,0,0.52499778232936478,0.52499778232936478,0,-19.302382798842174,0,0,-19.302382798842174,19.302382798842174
0.001709,-0.51770163598371255,0,0.51770163598371255,0.51770163598371255,0,-19.334852738888863,0,0,-19.334852738888863,19.334852738888863
0.0017099999999999999,-0.51038505166366122,0,0.51038505166366122,0.51038505166366122,0,-19.366559372055981,0,0,-19.366559372055981,19.366559372055981
0.0017109999999999998,-0.50304831821608786,0,0.50304831821608786,0.50304831821608786,0,-19.397501446619941,0,0,-19.397501446619941,19.397501446619941
0.001712,-0.49569172528208583,0,0.49569172528208583,0.49569172528208583,0,-19.42767774104065,0,0,-19.42767774104065,19.42767774104065
0.0017129999999999999,-0.48831556328696024,0,0.48831556328696024,0.48831556328696024,0,-19.457087064009649,0,0,-19.457087064009649,19.457087064009649
0.001714,-0.48092012343067836,0,0.48092012343067836,0.48092012343067836,0,-19.485728254497236,0,0,-19.485728254497236,19.485728254497236
0.0017149999999999999,-0.47350569767081652,0,0.47350569767081652,0.47350569767081652,0,-19.513600181798239,0,0,-19.513600181798239,19.513600181798239
0.0017159999999999999,-0.46607257871619368,0,0.46607257871619368,0.46607257871619368,0,-19.540701745576701,0,0,-19.540701745576701,19.540701745576701
0.001717,-0.45862106001504799,0,0.45862106001504799,0.45862106001504799,0,-19.567031875909286,0,0,-19.567031875909286,19.567031875909286
0.0017179999999999999,-0.45115143573889327,0,0.45115143573889327,0.45115143573889327,0,-19.592589533327541,0,0,-19.592589533327541,19.592589533327541
0.0017189999999999998,-0.44366400077751678,0,0.44366400077751678,0.44366400077751678,0,-19.617373708858899,0,0,-19.617373708858899,19.617373708858899
0.00172,-0.43615905072056194,0,0.43615905072056194,0.43615905072056194,0,-19.641383424066564,0,0,-19.641383424066564,19.641383424066564
0.0017209999999999999,-0.42863688185116189,0,0.42863688185116189,0.42863688185116189,0,-19.664617731088075,0,0,-19.664617731088075,19.664617731088075
0.001722,-0.42109779113138757,0,0.42109779113138757,0.42109779113138757,0,-19.687075712672787,0,0,-19.687075712672787,19.687075712672787
0.0017229999999999999,-0.41354207619247063,0,0.41354207619247063,0.41354207619247063,0,-19.708756482218028,0,0,-19.708756482218028,19.708756482218028
0.0017239999999999998,-0.40597003532002418,0,0.40597003532002418,0.40597003532002418,0,-19.729659183804152,0,0,-19.729659183804152,19.729659183804152
0.001725,-0.39838196744562993,0,0.39838196744562993,0.39838196744562993,0,-19.749782992228294,0,0,-19.749782992228294,19.749782992228294
0.0017259999999999999,-0.39077817213342314,0,0.39077817213342314,0.39077817213342314,0,-19.769127113036941,0,0,-19.769127113036941,19.769127113036941
0.001727,-0.38315894956826924,0,0.38315894956826924,0.38315894956826924,0,-19.787690782557338,0,0,-19.787690782557338,19.787690782557338
0.0017279999999999999,-0.3755246005432582,0,0.3755246005432582,0.3755246005432582,0,-19.805473267927589,0,0,-19.805473267927589,19.805473267927589
0.0017289999999999999,-0.36787542645060967,0,0.36787542645060967,0.36787542645060967,0,-19.822473867125616,0,0,-19.822473867125616,19.822473867125616
0.00173,-0.3602117292659841,0,0.3602117292659841,0.3602117292659841,0,-19.838691908996896,0,0,-19.838691908996896,19.838691908996896
0.0017309999999999999,-0.35253381153893315,0,0.35253381153893315,0.35253381153893315,0,-19.85412675328088,0,0,-19.85412675328088,19.85412675328088
0.0017319999999999998,-0.34484197638062142,0,0.34484197638062142,0.34484197638062142,0,-19.868777790636358,0,0,-19.868777790636358,19.868777790636358
0.0017329999999999999,-0.33713652745154832,0,0.33713652745154832,0.33713652745154832,0,-19.882644442665462,0,0,-19.882644442665462,19.882644442665462
0.0017339999999999999,-0.32941776894995201,0,0.32941776894995201,0.32941776894995201,0,-19.895726161936501,0,0,-19.895726161936501,19.895726161936501
0.001735,-0.3216860055986217,0,0.3216860055986217,0.3216860055986217,0,-19.908022432005613,0,0,-19.908022432005613,19.908022432005613
0.0017359999999999999,-0.31394154263421115,0,0.31394154263421115,0.31394154263421115,0,-19.919532767437101,0,0,-19.919532767437101,19.919532767437101
0.0017369999999999998,-0.30618468579609726,0,0.30618468579609726,0.30618468579609726,0,-19.930256713822633,0,0,-19.930256713822633,19.930256713822633
0.001738,-0.298415741310464,0,0.298415741310464,0.298415741310464,0,-19.940193847799172,0,0,-19.940193847799172,19.940193847799172
0.0017389999999999999,-0.29063501588188956,0,0.29063501588188956,0.29063501588188956,0,-19.949343777065682,0,0,-19.949343777065682,19.949343777065682
0.00174,-0.28284281668084077,0,0.28284281668084077,0.28284281668084077,0,-19.957706140398621,0,0,-19.957706140398621,19.957706140398621
0.0017409999999999999,-0.27503945133003072,0,0.27503945133003072,0.27503945133003072,0,-19.965280607666198,0,0,-19.965280607666198,19.965280607666198
0.0017419999999999998,-0.26722522789236791,0,0.26722522789236791,0.26722522789236791,0,-19.972066879841424,0,0,-19.972066879841424,19.972066879841424
0.001743,-0.25940045486026975,0,0.25940045486026975,0.25940045486026975,0,-19.978064689013891,0,0,-19.978064689013891,19.978064689013891
0.0017439999999999999,-0.25156544114247481,0,0.25156544114247481,0.25156544114247481,0,-19.983273798400358,0,0,-19.983273798400358,19.983273798400358
0.001745,-0.24372049605176471,0,0.24372049605176471,0.24372049605176471,0,-19.987694002354115,0,0,-19.987694002354115,19.987694002354115
0.0017459999999999999,-0.23586592929314065,0,0.23586592929314065,0.23586592929314065,0,-19.99132512637307,0,0,-19.99132512637307,19.99132512637307
0.0017469999999999999,-0.22800205095131787,0,0.22800205095131787,0.22800205095131787,0,-19.994167027106666,0,0,-19.994167027106666,19.994167027106666
0.001748,-0.22012917147890221,0,0.22012917147890221,0.22012917147890221,0,-19.99621959236153,0,0,-19.99621959236153,19.99621959236153
0.0017489999999999999,-0.21224760168433932,0,0.21224760168433932,0.21224760168433932,0,-19.997482741105898,0,0,-19.997482741105898,19.997482741105898
0.0017499999999999998,-0.2043576527175901,0,0.2043576527175901,0.2043576527175901,0,-19.997956423472825,0,0,-19.997956423472825,19.997956423472825
0.001751,-0.19645963606035366,0,0.19645963606035366,0.19645963606035366,0,-19.997640620762137,0,0,-19.997640620762137,19.997640620762137
0.0017519999999999999,-0.18855386351310699,0,0.18855386351310699,0.18855386351310699,0,-19.996535345441188,0,0,-19.996535345441188,19.996535345441188
0.001753,-0.18064064718237205,0,0.18064064718237205,0.18064064718237205,0,-19.994640641144358,0,0,-19.994640641144358,19.994640641144358
0.0017539999999999999,-0.17272029946843759,0,0.17272029946843759,0.17272029946843759,0,-19.991956582671317,0,0,-19.991956582671317,19.991956582671317
0.0017549999999999998,-0.16479313305239884,0,0.16479313305239884,0.16479313305239884,0,-19.988483275984109,0,0,-19.988483275984109,19.988483275984109
0.001756,-0.15685946088547098,0,0.15685946088547098,0.15685946088547098,0,-19.984220858202931,0,0,-19.984220858202931,19.984220858202931
0.0017569999999999999,-0.14891959617580142,0,0.14891959617580142,0.14891959617580142,0,-19.979169497600736,0,0,-19.979169497600736,19.979169497600736
0.001758,-0.1409738523757369,0,0.1409738523757369,0.1409738523757369,0,-19.973329393596593,0,0,-19.973329393596593,19.973329393596593
0.0017589999999999999,-0.13302254316931794,0,0.13302254316931794,0.13302254316931794,0,-19.966700776747807,0,0,-19.966700776747807,19.966700776747807
0.0017599999999999998,-0.12506598246045542,0,0.12506598246045542,0.12506598246045542,0,-19.959283908740826,0,0,-19.959283908740826,19.959283908740826
0.001761,-0.11710448436087972,0,0.11710448436087972,0.11710448436087972,0,-19.951079082380897,0,0,-19.951079082380897,19.951079082380897
0.0017619999999999999,-0.10913836317718051,0,0.10913836317718051,0.10913836317718051,0,-19.942086621580511,0,0,-19.942086621580511,19.942086621580511
0.001763,-0.10116793339716423,0,0.10116793339716423,0.10116793339716423,0,-19.932306881346626,0,0,-19.932306881346626,19.932306881346626
0.0017639999999999999,-0.093193509680531861,0,0.093193509680531861,0.093193509680531861,0,-19.92174024776665,0,0,-19.92174024776665,19.92174024776665
0.0017649999999999999,-0.085215406843644814,0,0.085215406843644814,0.085215406843644814,0,-19.910387137993169,0,0,-19.910387137993169,19.910387137993169
0.001766,-0.07723393984838367,0,0.07723393984838367,0.07723393984838367,0,-19.898248000227522,0,0,-19.898248000227522,19.898248000227522
0.0017669999999999999,-0.069249423789187858,0,0.069249423789187858,0.069249423789187858,0,-19.885323313702088,0,0,-19.885323313702088,19.885323313702088
0.0017679999999999998,-0.061262173881686977,0,0.061262173881686977,0.061262173881686977,0,-19.871613588661354,0,0,-19.871613588661354,19.871613588661354
0.001769,-0.053272505448830998,0,0.053272505448830998,0.053272505448830998,0,-19.857119366341788,0,0,-19.857119366341788,19.857119366341788
0.0017699999999999999,-0.045280733907929971,0,0.045280733907929971,0.045280733907929971,0,-19.841841218950478,0,0,-19.841841218950478,19.841841218950478
0.001771,-0.037287174761559072,0,0.037287174761559072,0.037287174761559072,0,-19.825779749642521,0,0,-19.825779749642521,19.825779749642521
0.0017719999999999999,-0.029292143581869823,0,0.029292143581869823,0.029292143581869823,0,-19.80893559249721,0,0,-19.80893559249721,19.80893559249721
0.0017729999999999998,-0.02129595599762979,0,0.02129595599762979,0.02129595599762979,0,-19.791309412493046,0,0,-19.791309412493046,19.791309412493046
0.001774,-0.013298927686037132,0,0.013298927686037132,0.013298927686037132,0,-19.772901905481422,0,0,-19.772901905481422,19.772901905481422
0.0017749999999999999,-0.0053013743549854553,0,0.0053013743549854553,0.0053013743549854553,0,-19.753713798159207,0,0,-19.753713798159207,19.753713798159207
0.001776,0,0,0,0,0,-19.733772374697391,-5.349054002223852e-05,-5.349054002223852e-05,-19.733772374697391,19.733825865237414
0.0017769999999999999,0,0,0,0,0,-19.713496902988467,-0.00060500000849650348,-0.00060500000849650348,-19.713496902988467,19.714101902996962
0.0017779999999999998,0,0,0,0,0,-19.692842172722084,-0.0015554821379701878,-0.0015554821379701878,-19.692842172722084,19.694397654860055
0.001779,0,0,0,0,0,-19.67180860051452,-0.0029045006079222446,-0.0029045006079222446,-19.67180860051452,19.674713101122443
0.0017799999999999999,0,0,0,0,0,-19.650396618336679,-0.0046516037628965279,-0.0046516037628965279,-19.650396618336679,19.655048222099573
0.0017809999999999998,0,0,0,0,0,-19.628606673496627,-0.0067963246299367341,-0.0067963246299367341,-19.628606673496627,19.635402998126562
0.0017819999999999999,0,0,0,0,0,-19.606439228621564,-0.0093381809366199775,-0.0093381809366199775,-19.606439228621564,19.615777409558184
0.0017829999999999999,0,0,0,0,0,-19.583894761639151,-0.012276675129699655,-0.012276675129699655,-19.583894761639151,19.596171436768852
0.001784,0,0,0,0,0,-19.560973765758231,-0.0156112943943576,-0.0156112943943576,-19.560973765758231,19.576585060152588
0.0017849999999999999,0,0,0,0,0,-19.537676749448988,-0.019341510674031781,-0.019341510674031781,-19.537676749448988,19.557018260123019
0.0017859999999999998,0,0,0,0,0,-19.514004236422444,-0.02346678069089414,-0.02346678069089414,-19.514004236422444,19.53747101711334
0.001787,0,0,0,0,0,-19.489956765609421,-0.027986545966884435,-0.027986545966884435,-19.489956765609421,19.517943311576303
0.0017879999999999999,0,0,0,0,0,-19.465534891138844,-0.032900232845360478,-0.032900232845360478,-19.465534891138844,19.498435123984205
0.001789,0,0,0,0,0,-19.44073918231549,-0.038207252513366541,-0.038207252513366541,-19.44073918231549,19.478946434828856
0.0017899999999999999,0,0,0,0,0,-19.415570223597101,-0.043907001024466652,-0.043907001024466652,-19.415570223597101,19.459477224621565
0.0017909999999999998,0,0,0,0,0,-19.390028614570916,-0.04999885932220316,-0.04999885932220316,-19.390028614570916,19.440027473893121
0.001792,0,0,0,0,0,-19.364114969929627,-0.056482193264145053,-0.056482193264145053,-19.364114969929627,19.420597163193772
0.0017929999999999999,0,0,0,0,0,-19.337829919446701,-0.063356353646501162,-0.063356353646501162,-19.337829919446701,19.401186273093202
0.001794,0,0,0,0,0,-19.311174107951125,-0.070620676229397716,-0.070620676229397716,-19.311174107951125,19.381794784180524
0.0017949999999999999,0,0,0,0,0,-19.284148195301558,-0.078274481762687032,-0.078274481762687032,-19.284148195301558,19.362422677064245
0.0017959999999999999,0,0,0,0,0,-19.256752856359896,-0.086317076012361937,-0.086317076012361937,-19.256752856359896,19.343069932372256
0.001797,0,0,0,0,0,-19.228988780964215,-0.094747749787599034,-0.094747749787599034,-19.228988780964215,19.323736530751813
0.0017979999999999999,0,0,0,0,0,-19.200856673901189,-0.10356577896832064,-0.10356577896832064,-19.200856673901189,19.30442245286951
0.0017989999999999998,0,0,0,0,0,-19.172357254877827,-0.11277042453344066,-0.11277042453344066,-19.172357254877827,19.285127679411268
0.0018,0,0,0,0,0,-19.143491258492702,-0.12236093258961311,-0.12236093258961311,-19.143491258492702,19.265852191082313
0.0018009999999999999,0,0,0,0,0,-19.114259434206531,-0.13233653440062199,-0.13233653440062199,-19.114259434206531,19.246595968607153
0.001802,0,0,0,0,0,-19.084662546312231,-0.14269644641733592,-0.14269644641733592,-19.084662546312231,19.227358992729567
0.0018029999999999999,0,0,0,0,0,-19.054701373904344,-0.15343987030823492,-0.15343987030823492,-19.054701373904344,19.208141244212577
0.0018039999999999998,0,0,0,0,0,-19.024376710847868,-0.16456599299056407,-0.16456599299056407,-19.024376710847868,19.188942703838432
0.001805,0,0,0,0,0,-18.993689365746551,-0.17607398666203622,-0.17607398666203622,-18.993689365746551,19.169763352408587
0.0018059999999999999,0,0,0,0,0,-18.962640161910599,-0.18796300883309591,-0.18796300883309591,-18.962640161910599,19.150603170743693
0.001807,0,0,0,0,0,-18.931229937323714,-0.20023220235985484,-0.20023220235985484,-18.931229937323714,19.131462139683567
0.0018079999999999999,0,0,0,0,0,-18.899459544609712,-0.21288069547746069,-0.21288069547746069,-18.899459544609712,19.112340240087175
0.0018089999999999998,0,0,0,0,0,-18.867329850998424,-0.22590760183418901,-0.22590760183418901,-18.867329850998424,19.093237452832614
0.00181,0,0,0,0,0,-18.834841738291065,-0.2393120205260324,-0.2393120205260324,-18.834841738291065,19.074153758817097
0.0018109999999999999,0,0,0,0,0,-18.801996102825083,-0.25309303613184753,-0.25309303613184753,-18.801996102825083,19.05508913895693
0.001812,0,0,0,0,0,-18.768793855438332,-0.26724971874915759,-0.26724971874915759,-18.768793855438332,19.036043574187488
0.0018129999999999999,0,0,0,0,0,-18.735235921432761,-0.28178112403044686,-0.28178112403044686,-18.735235921432761,19.017017045463206
0.0018139999999999999,0,0,0,0,0,-18.701323240537491,-0.29668629322006446,-0.29668629322006446,-18.701323240537491,18.998009533757553
0.001815,0,0,0,0,0,-18.667056766871326,-0.31196425319169307,-0.31196425319169307,-18.667056766871326,18.979021020063019
0.0018159999999999999,0,0,0,0,0,-18.632437468904726,-0.32761401648636301,-0.32761401648636301,-18.632437468904726,18.960051485391087
0.0018169999999999998,0,0,0,0,0,-18.597466329421145,-0.3436345813510755,-0.3436345813510755,-18.597466329421145,18.941100910772221
0.001818,0,0,0,0,0,-18.56214434547789,-0.36002493177795536,-0.36002493177795536,-18.56214434547789,18.922169277255843
0.0018189999999999999,0,0,0,0,0,-18.526472528366341,-0.37678403754397927,-0.37678403754397927,-18.526472528366341,18.903256565910318
0.00182,0,0,0,0,0,-18.490451903571667,-0.39391085425126882,-0.39391085425126882,-18.490451903571667,18.884362757822938
0.0018209999999999999,0,0,0,0,0,-18.454083510731977,-0.41140432336790944,-0.41140432336790944,-18.454083510731977,18.865487834099888
0.0018219999999999998,0,0,0,0,0,-18.417368403596839,-0.42926337226940348,-0.42926337226940348,-18.417368403596839,18.846631775866243
0.001823,0,0,0,0,0,-18.380307649985333,-0.44748691428060994,-0.44748691428060994,-18.380307649985333,18.827794564265943
0.0018239999999999999,0,0,0,0,0,-18.342902331743538,-0.46607384871824031,-0.46607384871824031,-18.342902331743538,18.80897618046178
0.001825,0,0,0,0,0,-18.305153544701366,-0.48502306093399739,-0.48502306093399739,-18.305153544701366,18.790176605635363
0.0018259999999999999,0,0,0,0,0,-18.267062398629012,-0.50433342235810485,-0.50433342235810485,-18.267062398629012,18.771395820987117
0.0018269999999999998,0,0,0,0,0,-18.228630017192692,-0.52400379054356527,-0.52400379054356527,-18.228630017192692,18.752633807736256
0.001828,0,0,0,0,0,-18.189857537909919,-0.54403300921084607,-0.54403300921084607,-18.189857537909919,18.733890547120765
0.0018289999999999999,0,0,0,0,0,-18.150746112104258,-0.56441990829312338,-0.56441990829312338,-18.150746112104258,18.715166020397383
0.0018299999999999998,0,0,0,0,0,-18.111296904859437,-0.58516330398214755,-0.58516330398214755,-18.111296904859437,18.696460208841582
0.0018309999999999999,0,0,0,0,0,-18.071511094972983,-0.60626199877456344,-0.60626199877456344,-18.071511094972983,18.677773093747547
0.0018319999999999999,0,0,0,0,0,-18.031389874909351,-0.62771478151881333,-0.62771478151881333,-18.031389874909351,18.659104656428163
0.001833,0,0,0,0,0,-17.990934450752398,-0.64952042746259053,-0.64952042746259053,-17.990934450752398,18.640454878214989
0.0018339999999999999,0,0,0,0,0,-17.950146042157485,-0.67167769830076374,-0.67167769830076374,-17.950146042157485,18.621823740458247
0.0018349999999999998,0,0,0,0,0,-17.909025882302842,-0.694185342223955,-0.694185342223955,-17.909025882302842,18.603211224526799
0.001836,0,0,0,0,0,-17.867575217840596,-0.71704209396752816,-0.71704209396752816,-17.867575217840596,18.584617311808124
0.0018369999999999999,0,0,0,0,0,-17.82579530884712,-0.74024667486119,-0.74024667486119,-17.82579530884712,18.56604198370831
0.001838,0,0,0,0,0,-17.783687428772936,-0.76379779287909066,-0.76379779287909066,-17.783687428772936,18.547485221652028
0.0018389999999999999,0,0,0,0,0,-17.741252864392095,-0.78769414269041604,-0.78769414269041604,-17.741252864392095,18.528947007082511
0.0018399999999999998,0,0,0,0,0,-17.698492915750933,-0.81193440571061259,-0.81193440571061259,-17.698492915750933,18.510427321461545
0.001841,0,0,0,0,0,-17.655408896116416,-0.83651725015302958,-0.83651725015302958,-17.655408896116416,18.491926146269446
0.0018419999999999999,0,0,0,0,0,-17.612002131923948,-0.86144133108108534,-0.86144133108108534,-17.612002131923948,18.473443463005033
0.001843,0,0,0,0,0,-17.568273962724533,-0.88670529046109259,-0.88670529046109259,-17.568273962724533,18.454979253185623
0.0018439999999999999,0,0,0,0,0,-17.524225741131637,-0.91230775721536617,-0.91230775721536617,-17.524225741131637,18.436533498347004
0.0018449999999999999,0,0,0,0,0,-17.479858832767341,-0.93824734727608039,-0.93824734727608039,-17.479858832767341,18.41810618004342
0.001846,0,0,0,0,0,-17.435174616208052,-0.96452266363949768,-0.96452266363949768,-17.435174616208052,18.399697279847551
0.0018469999999999999,0,0,0,0,0,-17.390174482929776,-0.99113229642071943,-0.99113229642071943,-17.390174482929776,18.381306779350496
0.0018479999999999998,0,0,0,0,0,-17.344859837252734,-1.018074822909016,-1.018074822909016,-17.344859837252734,18.362934660161748
0.0018489999999999999,0,0,0,0,0,-17.299232096285547,-1.0453488076236468,-1.0453488076236468,-17.299232096285547,18.344580903909193
0.0018499999999999999,0,0,0,0,0,-17.253292689869021,-1.0729528023700485,-1.0729528023700485,-17.253292689869021,18.326245492239071
0.001851,0,0,0,0,0,-17.207043060519208,-1.10088534629676,-1.10088534629676,-17.207043060519208,18.307928406815968
0.0018519999999999999,0,0,0,0,0,-17.16048466337017,-1.1291449659526247,-1.1291449659526247,-17.16048466337017,18.289629629322796
0.0018529999999999998,0,0,0,0,0,-17.113618966116107,-1.1577301753446694,-1.1577301753446694,-17.113618966116107,18.271349141460778
0.001854,0,0,0,0,0,-17.066447448953078,-1.1866394759963468,-1.1866394759963468,-17.066447448953078,18.253086924949425
0.0018549999999999999,0,0,0,0,0,-17.018971604520178,-1.21587135700634,-1.21587135700634,-17.018971604520178,18.234842961526518
0.001856,0,0,0,0,0,-16.971192937840243,-1.2454242951078509,-1.2454242951078509,-16.971192937840243,18.216617232948092
0.0018569999999999999,0,0,0,0,0,-16.923112966260099,-1.275296754728318,-1.275296754728318,-16.923112966260099,18.198409720988415
0.0018579999999999998,0,0,0,0,0,-16.874733219390237,-1.3054871880497441,-1.3054871880497441,-16.874733219390237,18.180220407439979
0.001859,0,0,0,0,0,-16.826055239044084,-1.3359940350693806,-1.3359940350693806,-16.826055239044084,18.162049274113464
0.0018599999999999999,0,0,0,0,0,-16.777080579176776,-1.3668157236609586,-1.3668157236609586,-16.777080579176776,18.143896302837735
0.001861,0,0,0,0,0,-16.727810805823417,-1.3979506696364048,-1.3979506696364048,-16.727810805823417,18.125761475459822
0.0018619999999999999,0,0,0,0,0,-16.678247497036935,-1.4293972768079595,-1.4293972768079595,-16.678247497036935,18.107644773844896
0.0018629999999999999,0,0,0,0,0,-16.628392242825356,-1.461153937050895,-1.461153937050895,-16.628392242825356,18.089546179876251
0.001864,0,0,0,0,0,-16.57824664508869,-1.4932190303666051,-1.4932190303666051,-16.57824664508869,18.071465675455293
0.0018649999999999999,0,0,0,0,0,-16.527812317555359,-1.5255909249461572,-1.5255909249461572,-16.527812317555359,18.053403242501517
0.0018659999999999998,0,0,0,0,0,-16.477090885718084,-1.5582679772344026,-1.5582679772344026,-16.477090885718084,18.035358862952489
0.001867,0,0,0,0,0,-16.426083986769317,-1.5912485319945091,-1.5912485319945091,-16.426083986769317,18.017332518763826
0.0018679999999999999,0,0,0,0,0,-16.374793269536347,-1.6245309223728386,-1.6245309223728386,-16.374793269536347,17.999324191909185
0.001869,0,0,0,0,0,-16.323220394415724,-1.6581134699645128,-1.6581134699645128,-16.323220394415724,17.981333864380236
0.0018699999999999999,0,0,0,0,0,-16.271367033307449,-1.691994484879201,-1.691994484879201,-16.271367033307449,17.963361518186648
0.0018709999999999998,0,0,0,0,0,-16.219234869548515,-1.72617226580756,-1.72617226580756,-16.219234869548515,17.945407135356074
0.001872,0,0,0,0,0,-16.166825597846149,-1.7606451000879844,-1.7606451000879844,-16.166825597846149,17.927470697934133
0.0018729999999999999,0,0,0,0,0,-16.11414092421052,-1.7954112637738646,-1.7954112637738646,-16.11414092421052,17.909552187984385
0.001874,0,0,0,0,0,-16.06118256588702,-1.8304690217012984,-1.8304690217012984,-16.06118256588702,17.891651587588317
0.0018749999999999999,0,0,0,0,0,-16.007952251288145,-1.8658166275571784,-1.8658166275571784,-16.007952251288145,17.873768878845326
0.0018759999999999998,0,0,0,0,0,-15.954451719924855,-1.9014523239478471,-1.9014523239478471,-15.954451719924855,17.855904043872702
0.001877,0,0,0,0,0,-15.900682722337546,-1.9373743424680638,-1.9373743424680638,-15.900682722337546,17.838057064805611
0.0018779999999999999,0,0,0,0,0,-15.846647020026603,-1.9735809037704666,-1.9735809037704666,-15.846647020026603,17.82022792379707
0.0018789999999999998,0,0,0,0,0,-15.792346385382476,-2.0100702176354632,-2.0100702176354632,-15.792346385382476,17.802416603017939
0.0018799999999999999,0,0,0,0,0,-15.737782601615347,-2.0468404830415494,-2.0468404830415494,-15.737782601615347,17.784623084656896
0.0018809999999999999,0,0,0,0,0,-15.682957462684415,-2.0838898882360031,-2.0838898882360031,-15.682957462684415,17.766847350920418
0.001882,0,0,0,0,0,-15.627872773226635,-2.1212166108061377,-2.1212166108061377,-15.627872773226635,17.749089384032771
0.0018829999999999999,0,0,0,0,0,-15.572530348485202,-2.1588188177507881,-2.1588188177507881,-15.572530348485202,17.73134916623599
0.0018839999999999998,0,0,0,0,0,-15.516932014237465,-2.1966946655523865,-2.1966946655523865,-15.516932014237465,17.713626679789851
0.001885,0,0,0,0,0,-15.461079606722466,-2.2348423002494027,-2.2348423002494027,-15.461079606722466,17.695921906971869
0.0018859999999999999,0,0,0,0,0,-15.404974972568214,-2.2732598575090552,-2.2732598575090552,-15.404974972568214,17.678234830077269
0.001887,0,0,0,0,0,-15.348619968718278,-2.3119454627006917,-2.3119454627006917,-15.348619968718278,17.66056543141897
0.0018879999999999999,0,0,0,0,0,-15.292016462358239,-2.3508972309693359,-2.3508972309693359,-15.292016462358239,17.642913693327575
0.0018889999999999998,0,0,0,0,0,-15.235166330841528,-2.3901132673098164,-2.3901132673098164,-15.235166330841528,17.625279598151344
0.00189,0,0,0,0,0,-15.178071461615001,-2.429591666641179,-2.429591666641179,-15.178071461615001,17.607663128256181
0.0018909999999999999,0,0,0,0,0,-15.120733752144069,-2.4693305138815447,-2.4693305138815447,-15.120733752144069,17.590064266025614
0.001892,0,0,0,0,0,-15.0631551098374,-2.5093278840233779,-2.5093278840233779,-15.0631551098374,17.572482993860778
0.0018929999999999999,0,0,0,0,0,-15.005337451971336,-2.549581842209065,-2.549581842209065,-15.005337451971336,17.554919294180401
0.0018939999999999999,0,0,0,0,0,-14.947282705613747,-2.5900904438070338,-2.5900904438070338,-14.947282705613747,17.53737314942078
0.001895,0,0,0,0,0,-14.888992807547666,-2.6308517344881039,-2.6308517344881039,-14.888992807547666,17.51984454203577
0.0018959999999999999,0,0,0,0,0,-14.830469704194453,-2.6718637503023066,-2.6718637503023066,-14.830469704194453,17.50233345449676
0.0018969999999999998,0,0,0,0,0,-14.771715351536603,-2.7131245177560617,-2.7131245177560617,-14.771715351536603,17.484839869292664
0.0018979999999999999,0,0,0,0,0,-14.712731715040146,-2.754632053889746,-2.754632053889746,-14.712731715040146,17.467363768929893
0.0018989999999999999,0,0,0,0,0,-14.653520769576781,-2.7963843663555661,-2.7963843663555661,-14.653520769576781,17.449905135932347
0.0019,0,0,0,0,0,-14.594084499345431,-2.8383794534959614,-2.8383794534959614,-14.594084499345431,17.432463952841392
0.0019009999999999999,0,0,0,0,0,-14.534424897793702,-2.8806153044221388,-2.8806153044221388,-14.534424897793702,17.415040202215842
0.0019019999999999998,0,0,0,0,0,-14.474543967538674,-2.9230898990932719,-2.9230898990932719,-14.474543967538674,17.397633866631946
0.001903,0,0,0,0,0,-14.414443720287606,-2.9658012083957619,-2.9658012083957619,-14.414443720287606,17.380244928683368
0.0019039999999999999,0,0,0,0,0,-14.354126176758164,-3.0087471942230017,-3.0087471942230017,-14.354126176758164,17.362873370981166
0.001905,0,0,0,0,0,-14.293593366598202,-3.0519258095555797,-3.0519258095555797,-14.293593366598202,17.345519176153783
0.0019059999999999999,0,0,0,0,0,-14.232847328305398,-3.0953349985416221,-3.0953349985416221,-14.232847328305398,17.328182326847021
0.0019069999999999998,0,0,0,0,0,-14.171890109146329,-3.1389726965777003,-3.1389726965777003,-14.171890109146329,17.310862805724028
0.001908,0,0,0,0,0,-14.110723765075347,-3.1828368303899364,-3.1828368303899364,-14.110723765075347,17.293560595465284
0.0019089999999999999,0,0,0,0,0,-14.049350360653065,-3.2269253181155122,-3.2269253181155122,-14.049350360653065,17.276275678768577
0.0019099999999999998,0,0,0,0,0,-13.987771968964481,-3.2712360693845062,-3.2712360693845062,-13.987771968964481,17.259008038348988
0.0019109999999999999,0,0,0,0,0,-13.925990671536788,-3.3157669854020879,-3.3157669854020879,-13.925990671536788,17.241757656938876
0.0019119999999999999,0,0,0,0,0,-13.864008558256899,-3.3605159590309581,-3.3605159590309581,-13.864008558256899,17.224524517287858
0.001913,0,0,0,0,0,-13.801827727288508,-3.4054808748742849,-3.4054808748742849,-13.801827727288508,17.207308602162794
0.0019139999999999999,0,0,0,0,0,-13.739450284988967,-3.4506596093587962,-3.4506596093587962,-13.739450284988967,17.190109894347763
0.0019149999999999998,0,0,0,0,0,-13.676878345825767,-3.4960500308182949,-3.4960500308182949,-13.676878345825767,17.172928376644062
0.001916,0,0,0,0,0,-13.614114032292704,-3.5416499995774631,-3.5416499995774631,-13.614114032292704,17.155764031870167
0.0019169999999999999,0,0,0,0,0,-13.551159474825791,-3.5874573680359427,-3.5874573680359427,-13.551159474825791,17.138616842861733
0.001918,0,0,0,0,0,-13.488016811718705,-3.6334699807528672,-3.6334699807528672,-13.488016811718705,17.121486792471572
0.0019189999999999999,0,0,0,0,0,-13.424688189038161,-3.6796856745314699,-3.6796856745314699,-13.424688189038161,17.104373863569631
0.0019199999999999998,0,0,0,0,0,-13.361175760538668,-3.7261022785043103,-3.7261022785043103,-13.361175760538668,17.087278039042978
0.001921,0,0,0,0,0,-13.297481687577299,-3.7727176142184895,-3.7727176142184895,-13.297481687577299,17.070199301795789
0.0019219999999999999,0,0,0,0,0,-13.233608139028004,-3.8195294957213184,-3.8195294957213184,-13.233608139028004,17.053137634749323
0.001923,0,0,0,0,0,-13.169557291195545,-3.8665357296463663,-3.8665357296463663,-13.169557291195545,17.036093020841911
0.0019239999999999999,0,0,0,0,0,-13.105331327729356,-3.913734115299583,-3.913734115299583,-13.105331327729356,17.019065443028939
0.0019249999999999998,0,0,0,0,0,-13.040932439536896,-3.9611224447459357,-3.9611224447459357,-13.040932439536896,17.002054884282831
0.001926,0,0,0,0,0,-12.976362824696849,-4.0086985028961735,-4.0086985028961735,-12.976362824696849,16.985061327593023
0.0019269999999999999,0,0,0,0,0,-12.911624688372013,-4.0564600675939442,-4.0564600675939442,-12.911624688372013,16.968084755965958
0.0019279999999999998,0,0,0,0,0,-12.846720242721883,-4.1044049097031801,-4.1044049097031801,-12.846720242721883,16.951125152425064
0.0019289999999999999,0,0,0,0,0,-12.781651706814968,-4.1525307931957673,-4.1525307931957673,-12.781651706814968,16.934182500010735
0.0019299999999999999,0,0,0,0,0,-12.716421306540898,-4.2008354752394181,-4.2008354752394181,-12.716421306540898,16.917256781780317
0.001931,0,0,0,0,0,-12.651031274522126,-4.2493167062859643,-4.2493167062859643,-12.651031274522126,16.900347980808089
0.0019319999999999999,0,0,0,0,0,-12.585483850025488,-4.2979722301597629,-4.2979722301597629,-12.585483850025488,16.883456080185251
0.0019329999999999998,0,0,0,0,0,-12.519781278873467,-4.3467997841464348,-4.3467997841464348,-12.519781278873467,16.8665810630199
0.001934,0,0,0,0,0,-12.453925813355148,-4.3957970990818716,-4.3957970990818716,-12.453925813355148,16.84972291243702
0.0019349999999999999,0,0,0,0,0,-12.387919712137048,-4.4449618994414051,-4.4449618994414051,-12.387919712137048,16.832881611578454
0.001936,0,0,0,0,0,-12.32176524017348,-4.4942919034294251,-4.4942919034294251,-12.32176524017348,16.816057143602904
0.0019369999999999999,0,0,0,0,0,-12.255464668616938,-4.543784823068961,-4.543784823068961,-12.255464668616938,16.799249491685899
0.0019379999999999998,0,0,0,0,0,-12.18902027472793,-4.5934383642918535,-4.5934383642918535,-12.18902027472793,16.782458639019783
0.001939,0,0,0,0,0,-12.122434341784873,-4.6432502270288349,-4.6432502270288349,-12.122434341784873,16.765684568813708
0.0019399999999999999,0,0,0,0,0,-12.055709158993594,-4.6932181053000006,-4.6932181053000006,-12.055709158993594,16.748927264293595
0.001941,0,0,0,0,0,-11.988847021396534,-4.7433396873056104,-4.7433396873056104,-11.988847021396534,16.732186708702145
0.0019419999999999999,0,0,0,0,0,-11.921850229781914,-4.7936126555168821,-4.7936126555168821,-11.921850229781914,16.715462885298795
0.0019429999999999998,0,0,0,0,0,-11.854721090592481,-4.8440346867672437,-4.8440346867672437,-11.854721090592481,16.698755777359725
0.001944,0,0,0,0,0,-11.787461915834097,-4.8946034523437261,-4.8946034523437261,-11.787461915834097,16.682065368177824
0.0019449999999999999,0,0,0,0,0,-11.720075022984274,-4.9453166180784063,-4.9453166180784063,-11.720075022984274,16.66539164106268
0.0019459999999999998,0,0,0,0,0,-11.652562734900172,-4.9961718444403935,-4.9961718444403935,-11.652562734900172,16.648734579340566
0.0019469999999999999,0,0,0,0,0,-11.584927379726645,-5.0471667866277752,-5.0471667866277752,-11.584927379726645,16.63209416635442
0.0019479999999999999,0,0,0,0,0,-11.517171290804022,-5.0982990946598044,-5.0982990946598044,-11.517171290804022,16.615470385463826
0.001949,0,0,0,0,0,-11.449296806575568,-5.1495664134694366,-5.1495664134694366,-11.449296806575568,16.598863220045004
0.0019499999999999999,0,0,0,0,0,-11.381306270494887,-5.2009663829958956,-5.2009663829958956,-11.381306270494887,16.582272653490783
0.0019509999999999998,0,0,0,0,0,-11.313202030933063,-5.2524966382775338,-5.2524966382775338,-11.313202030933063,16.565698669210597
0.001952,0,0,0,0,0,-11.244986441085594,-5.3041548095448698,-5.3041548095448698,-11.244986441085594,16.549141250630463
0.0019529999999999999,0,0,0,0,0,-11.176661858879212,-5.3559385223137443,-5.3559385223137443,-11.176661858879212,16.532600381192957
0.001954,0,0,0,0,0,-11.108230646878386,-5.4078453974788232,-5.4078453974788232,-11.108230646878386,16.516076044357209
0.0019549999999999997,0,0,0,0,0,-11.03969517219176,-5.4598730514071265,-5.4598730514071265,-11.03969517219176,16.499568223598885
0.0019559999999999998,0,0,0,0,0,-10.971057806378358,-5.5120190960317998,-5.5120190960317998,-10.971057806378358,16.483076902410158
0.001957,0,0,0,0,0,-10.902320925353623,-5.5642811389460842,-5.5642811389460842,-10.902320925353623,16.466602064299707
0.0019580000000000001,0,0,0,0,0,-10.833486909295317,-5.6166567834973762,-5.6166567834973762,-10.833486909295317,16.450143692792693
0.0019589999999999998,0,0,0,0,0,-10.764558142549213,-5.6691436288815273,-5.6691436288815273,-10.764558142549213,16.433701771430741
0.0019599999999999999,0,0,0,0,0,-10.695537013534521,-5.7217392702374088,-5.7217392702374088,-10.695537013534521,16.41727628377193
0.0019610000000000001,0,0,0,0,0,-10.626425914649472,-5.7744412987412996,-5.7744412987412996,-10.626425914649472,16.400867213390772
0.0019619999999999998,0,0,0,0,0,-10.557227242176378,-5.8272473017018172,-5.8272473017018172,-10.557227242176378,16.384474543878195
0.0019629999999999999,0,0,0,0,0,-10.48794339618669,-5.8801548626548383,-5.8801548626548383,-10.48794339618669,16.368098258841528
0.001964,0,0,0,0,0,-10.41857678044606,-5.933161561458423,-5.933161561458423,-10.41857678044606,16.351738341904483
0.0019649999999999997,0,0,0,0,0,-10.349129802319023,-5.9862649743881171,-5.9862649743881171,-10.349129802319023,16.33539477670714
0.0019659999999999999,0,0,0,0,0,-10.279604872673529,-6.0394626742324089,-6.0394626742324089,-10.279604872673529,16.319067546905938
0.001967,0,0,0,0,0,-10.21000440578565,-6.0927522303879895,-6.0927522303879895,-10.21000440578565,16.30275663617364
0.0019679999999999997,0,0,0,0,0,-10.140330819243779,-6.14613120895556,-6.14613120895556,-10.140330819243779,16.286462028199338
0.0019689999999999998,0,0,0,0,0,-10.070586533852838,-6.199597172835583,-6.199597172835583,-10.070586533852838,16.270183706688421
0.00197,0,0,0,0,0,-10.000773973538543,-6.2531476818240259,-6.2531476818240259,-10.000773973538543,16.253921655362568
0.0019710000000000001,0,0,0,0,0,-9.9308955652512321,-6.3067802927084893,-6.3067802927084893,-9.9308955652512321,16.237675857959722
0.0019719999999999998,0,0,0,0,0,-9.8609537388698243,-6.3604925593642641,-6.3604925593642641,-9.8609537388698243,16.221446298234088
0.0019729999999999999,0,0,0,0,0,-9.7909509271054151,-6.4142820328506911,-6.4142820328506911,-9.7909509271054151,16.205232959956106
0.0019740000000000001,0,0,0,0,0,-9.7208895654050629,-6.4681462615073713,-6.4681462615073713,-9.7208895654050629,16.189035826912434
0.0019749999999999998,0,0,0,0,0,-9.650772091855309,-6.5220827910506287,-6.5220827910506287,-9.650772091855309,16.172854882905938
0.0019759999999999999,0,0,0,0,0,-9.5806009470854239,-6.5760891646702486,-6.5760891646702486,-9.5806009470854239,16.156690111755672
0.001977,0,0,0,0,0,-9.5103785741709572,-6.6301629231259076,-6.6301629231259076,-9.5103785741709572,16.140541497296866
0.0019779999999999997,0,0,0,0,0,-9.4401074185368543,-6.6843016048440438,-6.6843016048440438,-9.4401074185368543,16.124409023380899
0.0019789999999999999,0,0,0,0,0,-9.3697899278605057,-6.7385027460147962,-6.7385027460147962,-9.3697899278605057,16.108292673875301
0.00198,0,0,0,0,0,-9.299428551974918,-6.7927638806888018,-6.7927638806888018,-9.299428551974918,16.092192432663719
0.0019810000000000001,0,0,0,0,0,-9.229025742771654,-6.8470825408742568,-6.8470825408742568,-9.229025742771654,16.076108283645912
0.0019819999999999998,0,0,0,0,0,-9.1585839541037029,-6.9014562566340221,-6.9014562566340221,-9.1585839541037029,16.060040210737725
0.001983,0,0,0,0,0,-9.088105641688152,-6.9558825561829352,-6.9558825561829352,-9.088105641688152,16.043988197871087
0.0019840000000000001,0,0,0,0,0,-9.0175932630091555,-7.01035896598483,-7.01035896598483,-9.0175932630091555,16.027952228993986
0.0019849999999999998,0,0,0,0,0,-8.9470492772204011,-7.0648830108500453,-7.0648830108500453,-8.9470492772204011,16.011932288070447
0.0019859999999999999,0,0,0,0,0,-8.8764761450477199,-7.1194522140328136,-7.1194522140328136,-8.8764761450477199,15.995928359080533
0.0019870000000000001,0,0,0,0,0,-8.8058763286917383,-7.1740640973285732,-7.1740640973285732,-8.8058763286917383,15.979940426020312
0.0019879999999999997,0,0,0,0,0,-8.7352522917302799,-7.228716181171567,-7.228716181171567,-8.7352522917302799,15.963968472901847
0.0019889999999999999,0,0,0,0,0,-8.6646064990206657,-7.2834059847325197,-7.2834059847325197,-8.6646064990206657,15.948012483753185
0.00199,0,0,0,0,0,-8.5939414166023216,-7.3381310260160157,-7.3381310260160157,-8.5939414166023216,15.932072442618336
0.0019909999999999997,0,0,0,0,0,-8.5232595115988978,-7.3928888219583611,-7.3928888219583611,-8.5232595115988978,15.916148333557258
0.0019919999999999998,0,0,0,0,0,-8.4525632521206422,-7.4476768885251978,-7.4476768885251978,-8.4525632521206422,15.90024014064584
0.001993,0,0,0,0,0,-8.3818551071666061,-7.5024927408092816,-7.5024927408092816,-8.3818551071666061,15.884347847975887
0.0019940000000000001,0,0,0,0,0,-8.3111375465268971,-7.5573338931282086,-7.5573338931282086,-8.3111375465268971,15.868471439655107
0.0019949999999999998,0,0,0,0,0,-8.2404130406848477,-7.6121978591222401,-7.6121978591222401,-8.2404130406848477,15.852610899807088
0.0019959999999999999,0,0,0,0,0,-8.1696840607190442,-7.6670821518522452,-7.6670821518522452,-8.1696840607190442,15.836766212571289
0.0019970000000000001,0,0,0,0,0,-8.0989530782056054,-7.7219842838974193,-7.7219842838974193,-8.0989530782056054,15.820937362103024
0.0019979999999999998,0,0,0,0,0,-8.0282225651202772,-7.7769017674531602,-7.7769017674531602,-8.0282225651202772,15.805124332573438
0.0019989999999999999,0,0,0,0,0,-7.957494993740359,-7.831832114429143,-7.831832114429143,-7.957494993740359,15.789327108169502
0.002,0,0,0,0,0,-7.8867728365470002,-7.8867728365469896,-7.8867728365469896,-7.8867728365470002,15.77354567309399
0.0020009999999999997,0,0,0,0,0,-7.81605856612717,-7.9417214454382954,-7.9417214454382954,-7.81605856612717,15.757780011565465
0.0020019999999999999,0,0,0,0,0,-7.7453546550756194,-7.9966754527426467,-7.9966754527426467,-7.7453546550756194,15.742030107818266
0.002003,0,0,0,0,0,-7.6746635758971777,-8.0516323702053079,-8.0516323702053079,-7.6746635758971777,15.726295946102486
0.0020039999999999997,0,0,0,0,0,-7.6039878009086443,-8.1065897097753172,-8.1065897097753172,-7.6039878009086443,15.710577510683962
0.0020049999999999998,0,0,0,0,0,-7.5333298021408703,-8.1615449837033864,-8.1615449837033864,-7.5333298021408703,15.694874785844258
0.002006,0,0,0,0,0,-7.4626920512409889,-8.2164957046396587,-8.2164957046396587,-7.4626920512409889,15.679187755880648
0.0020070000000000001,0,0,0,0,0,-7.3920770193744163,-8.2714393857316857,-8.2714393857316857,-7.3920770193744163,15.663516405106101
0.0020079999999999998,0,0,0,0,0,-7.3214871771269552,-8.3263735407223098,-8.3263735407223098,-7.3214871771269552,15.647860717849264
0.0020089999999999999,0,0,0,0,0,-7.2509249944070024,-8.3812956840474477,-8.3812956840474477,-7.2509249944070024,15.63222067845445
0.0020100000000000001,0,0,0,0,0,-7.1803929403476836,-8.4362033309339335,-8.4362033309339335,-7.1803929403476836,15.616596271281617
0.0020109999999999998,0,0,0,0,0,-7.1098934832091505,-8.4910939974972059,-8.4910939974972059,-7.1098934832091505,15.600987480706356
0.0020119999999999999,0,0,0,0,0,-7.0394290902806267,-8.5459652008392482,-8.5459652008392482,-7.0394290902806267,15.585394291119876
0.002013,0,0,0,0,0,-6.9690022277829202,-8.6008144591460667,-8.6008144591460667,-6.9690022277829202,15.569816686928986
0.0020139999999999997,0,0,0,0,0,-6.8986153607706324,-8.6556392917854481,-8.6556392917854481,-6.8986153607706324,15.554254652556081
0.0020149999999999999,0,0,0,0,0,-6.8282709530344468,-8.7104372194046782,-8.7104372194046782,-6.8282709530344468,15.538708172439124
0.002016,0,0,0,0,0,-6.7579714670036815,-8.7652057640279519,-8.7652057640279519,-6.7579714670036815,15.523177231031633
0.0020169999999999997,0,0,0,0,0,-6.6877193636487711,-8.8199424491538974,-8.8199424491538974,-6.6877193636487711,15.507661812802668
0.0020179999999999998,0,0,0,0,0,-6.6175171023836095,-8.8746447998532005,-8.8746447998532005,-6.6175171023836095,15.492161902236809
0.002019,0,0,0,0,0,-6.5473671409683822,-8.9293103428657616,-8.9293103428657616,-6.5473671409683822,15.476677483834143
0.0020200000000000001,0,0,0,0,0,-6.4772719354120945,-8.9839366066981547,-8.9839366066981547,-6.4772719354120945,15.461208542110249
0.0020209999999999998,0,0,0,0,0,-6.4072339398753018,-9.0385211217208852,-9.0385211217208852,-6.4072339398753018,15.445755061596186
0.0020219999999999999,0,0,0,0,0,-6.3372556065728745,-9.0930614202655971,-9.0930614202655971,-6.3372556065728745,15.430317026838472
0.0020230000000000001,0,0,0,0,0,-6.2673393856770199,-9.1475550367220499,-9.1475550367220499,-6.2673393856770199,15.414894422399071
0.0020239999999999998,0,0,0,0,0,-6.197487725220145,-9.2019995076352323,-9.2019995076352323,-6.197487725220145,15.399487232855376
0.0020249999999999999,0,0,0,0,0,-6.1277030709978044,-9.256392371802395,-9.256392371802395,-6.1277030709978044,15.384095442800199
0.002026,0,0,0,0,0,-6.0579878664720539,-9.3107311703696904,-9.3107311703696904,-6.0579878664720539,15.368719036841744
0.0020269999999999997,0,0,0,0,0,-5.9883445526744863,-9.3650134469291206,-9.3650134469291206,-5.9883445526744863,15.353357999603608
0.0020279999999999999,0,0,0,0,0,-5.9187755681096395,-9.4192367476151109,-9.4192367476151109,-5.9187755681096395,15.33801231572475
0.002029,0,0,0,0,0,-5.849283348658382,-9.4733986212011061,-9.4733986212011061,-5.849283348658382,15.322681969859488
0.0020300000000000001,0,0,0,0,0,-5.779870327481488,-9.5274966191959845,-9.5274966191959845,-5.779870327481488,15.307366946677472
0.0020309999999999998,0,0,0,0,0,-5.7105389349232549,-9.5815282959404229,-9.5815282959404229,-5.7105389349232549,15.292067230863678
0.002032,0,0,0,0,0,-5.6412915984151475,-9.6354912087032414,-9.6354912087032414,-5.6412915984151475,15.276782807118389
0.0020330000000000001,0,0,0,0,0,-5.5721307423797866,-9.6893829177773938,-9.6893829177773938,-5.5721307423797866,15.261513660157181
0.0020339999999999998,0,0,0,0,0,-5.5030587881349371,-9.7432009865759674,-9.7432009865759674,-5.5030587881349371,15.246259774710905
0.0020349999999999999,0,0,0,0,0,-5.4340781537974285,-9.7969429817282467,-9.7969429817282467,-5.4340781537974285,15.231021135525674
0.002036,0,0,0,0,0,-5.3651912541876152,-9.8506064731752332,-9.8506064731752332,-5.3651912541876152,15.215797727362848
0.0020369999999999997,0,0,0,0,0,-5.2964005007336272,-9.9041890342653893,-9.9041890342653893,-5.2964005007336272,15.200589534999017
0.0020379999999999999,0,0,0,0,0,-5.2277083013757757,-9.957688241850212,-9.957688241850212,-5.2277083013757757,15.185396543225988
0.002039,0,0,0,0,0,-5.1591170604713241,-10.011101676379443,-10.011101676379443,-5.1591170604713241,15.170218736850767
0.0020399999999999997,0,0,0,0,0,-5.0906291786992615,-10.064426921996287,-10.064426921996287,-5.0906291786992615,15.155056100695548
0.0020409999999999998,0,0,0,0,0,-5.0222470529650467,-10.117661566632645,-10.117661566632645,-5.0222470529650467,15.139908619597692
0.002042,0,0,0,0,0,-4.953973076305898,-10.170803202103819,-10.170803202103819,-4.953973076305898,15.124776278409717
0.0020430000000000001,0,0,0,0,0,-4.8858096377958979,-10.223849424203383,-10.223849424203383,-4.8858096377958979,15.109659061999281
0.0020439999999999998,0,0,0,0,0,-4.8177591224513474,-10.276797832797818,-10.276797832797818,-4.8177591224513474,15.094556955249166
0.0020449999999999999,0,0,0,0,0,-4.7498239111363603,-10.329646031920904,-10.329646031920904,-4.7498239111363603,15.079469943057264
0.0020460000000000001,0,0,0,0,0,-4.6820063804685272,-10.382391629868035,-10.382391629868035,-4.6820063804685272,15.064398010336562
0.0020469999999999998,0,0,0,0,0,-4.614308902724872,-10.435032239290255,-10.435032239290255,-4.614308902724872,15.049341142015127
0.0020479999999999999,0,0,0,0,0,-4.546733845747708,-10.487565477288378,-10.487565477288378,-4.546733845747708,15.034299323036086
0.002049,0,0,0,0,0,-4.4792835728510889,-10.539988965506531,-10.539988965506531,-4.4792835728510889,15.019272538357621
0.0020499999999999997,0,0,0,0,0,-4.4119604427270209,-10.592300330225925,-10.592300330225925,-4.4119604427270209,15.004260772952946
0.0020509999999999999,0,0,0,0,0,-4.3447668093521248,-10.644497202458171,-10.644497202458171,-4.3447668093521248,14.989264011810295
0.002052,0,0,0,0,0,-4.27770502189437,-10.696577218038534,-10.696577218038534,-4.27770502189437,14.974282239932904
0.0020529999999999997,0,0,0,0,0,-4.2107774246201082,-10.748538017718893,-10.748538017718893,-4.2107774246201082,14.959315442339001
0.0020539999999999998,0,0,0,0,0,-4.1439863568010473,-10.800377247260741,-10.800377247260741,-4.1439863568010473,14.944363604061788
0.002055,0,0,0,0,0,-4.0773341526218054,-10.852092557527619,-10.852092557527619,-4.0773341526218054,14.929426710149425
0.0020560000000000001,0,0,0,0,0,-4.0108231410873465,-10.903681604577669,-10.903681604577669,-4.0108231410873465,14.914504745665015
0.0020569999999999998,0,0,0,0,0,-3.9444556459307378,-10.955142049755857,-10.955142049755857,-3.9444556459307378,14.899597695686595
0.0020579999999999999,0,0,0,0,0,-3.8782339855210655,-11.006471559786045,-11.006471559786045,-3.8782339855210655,14.88470554530711
0.0020590000000000001,0,0,0,0,0,-3.8121604727717533,-11.057667806862659,-11.057667806862659,-3.8121604727717533,14.869828279634412
0.0020599999999999998,0,0,0,0,0,-3.7462374150488609,-11.10872846874237,-11.10872846874237,-3.7462374150488609,14.854965883791232
0.0020609999999999999,0,0,0,0,0,-3.6804671140795939,-11.15965122883558,-11.15965122883558,-3.6804671140795939,14.840118342915174
0.002062,0,0,0,0,0,-3.6148518658613513,-11.210433776297343,-11.210433776297343,-3.6148518658613513,14.825285642158695
0.0020629999999999997,0,0,0,0,0,-3.5493939605706171,-11.261073806118478,-11.261073806118478,-3.5493939605706171,14.810467766689095
0.0020639999999999999,0,0,0,0,0,-3.4840956824722458,-11.31156901921625,-11.31156901921625,-3.4840956824722458,14.795664701688496
0.002065,0,0,0,0,0,-3.4189593098291193,-11.361917122524712,-11.361917122524712,-3.4189593098291193,14.780876432353832
0.0020659999999999997,0,0,0,0,0,-3.3539871148118179,-11.412115829085014,-11.412115829085014,-3.3539871148118179,14.766102943896831
0.0020669999999999998,0,0,0,0,0,-3.2891813634085283,-11.462162858135475,-11.462162858135475,-3.2891813634085283,14.751344221544004
0.002068,0,0,0,0,0,-3.2245443153354927,-11.512055935201136,-11.512055935201136,-3.2245443153354927,14.736600250536629
0.0020690000000000001,0,0,0,0,0,-3.1600782239473109,-11.561792792183422,-11.561792792183422,-3.1600782239473109,14.721871016130732
0.0020699999999999998,0,0,0,0,0,-3.0957853361478396,-11.611371167449239,-11.611371167449239,-3.0957853361478396,14.707156503597078
0.0020709999999999999,0,0,0,0,0,-3.0316678923010016,-11.660788805920152,-11.660788805920152,-3.0316678923010016,14.692456698221154
0.0020720000000000001,0,0,0,0,0,-2.9677281261422488,-11.710043459160904,-11.710043459160904,-2.9677281261422488,14.677771585303152
0.0020729999999999998,0,0,0,0,0,-2.9039682646899854,-11.759132885467974,-11.759132885467974,-2.9039682646899854,14.663101150157958
0.0020739999999999999,0,0,0,0,0,-2.8403905281572701,-11.808054849957866,-11.808054849957866,-2.8403905281572701,14.648445378115136
0.002075,0,0,0,0,0,-2.7769971298640019,-11.856807124654912,-11.856807124654912,-2.7769971298640019,14.633804254518914
0.0020759999999999997,0,0,0,0,0,-2.7137902761492354,-11.905387488578931,-11.905387488578931,-2.7137902761492354,14.619177764728166
0.0020769999999999999,0,0,0,0,0,-2.6507721662836357,-11.953793727832764,-11.953793727832764,-2.6507721662836357,14.6045658941164
0.002078,0,0,0,0,0,-2.5879449923825542,-12.002023635689191,-12.002023635689191,-2.5879449923825542,14.589968628071745
0.0020790000000000001,0,0,0,0,0,-2.5253109393190858,-12.050075012677848,-12.050075012677848,-2.5253109393190858,14.575385951996934
0.0020799999999999998,0,0,0,0,0,-2.4628721846375212,-12.09794566667177,-12.09794566667177,-2.4628721846375212,14.56081785130929
0.002081,0,0,0,0,0,-2.4006308984670488,-12.145633412973663,-12.145633412973663,-2.4006308984670488,14.54626431144071
0.0020820000000000001,0,0,0,0,0,-2.3385892434359166,-12.193136074401739,-12.193136074401739,-2.3385892434359166,14.531725317837655
0.0020829999999999998,0,0,0,0,0,-2.2767493745856786,-12.240451481375448,-12.240451481375448,-2.2767493745856786,14.517200855961127
0.0020839999999999999,0,0,0,0,0,-2.2151134392857355,-12.28757747200093,-12.28757747200093,-2.2151134392857355,14.502690911286665
0.002085,0,0,0,0,0,-2.1536835771484633,-12.334511892155859,-12.334511892155859,-2.1536835771484633,14.488195469304323
0.0020859999999999997,0,0,0,0,0,-2.0924619199442827,-12.381252595574376,-12.381252595574376,-2.0924619199442827,14.473714515518658
0.0020869999999999999,0,0,0,0,0,-2.0314505915172836,-12.427797443931432,-12.427797443931432,-2.0314505915172836,14.459248035448715
0.002088,0,0,0,0,0,-1.9706517077010588,-12.474144306926952,-12.474144306926952,-1.9706517077010588,14.444796014628011
0.0020889999999999997,0,0,0,0,0,-1.9100673762349505,-12.520291062369576,-12.520291062369576,-1.9100673762349505,14.430358438604527
0.0020899999999999998,0,0,0,0,0,-1.8496996966803927,-12.566235596260292,-12.566235596260292,-1.8496996966803927,14.415935292940684
0.002091,0,0,0,0,0,-1.7895507603379288,-12.611975802875406,-12.611975802875406,-1.7895507603379288,14.401526563213336
0.0020920000000000001,0,0,0,0,0,-1.7296226501641918,-12.657509584849558,-12.657509584849558,-1.7296226501641918,14.38713223501375
0.0020929999999999998,0,0,0,0,0,-1.669917440689523,-12.702834853258075,-12.702834853258075,-1.669917440689523,14.372752293947599
0.0020939999999999999,0,0,0,0,0,-1.6104371979356031,-12.747949527699335,-12.747949527699335,-1.6104371979356031,14.358386725634938
0.0020950000000000001,0,0,0,0,0,-1.5511839793337963,-12.792851536376403,-12.792851536376403,-1.5511839793337963,14.3440355157102
0.0020959999999999998,0,0,0,0,0,-1.4921598336435427,-12.837538816178631,-12.837538816178631,-1.4921598336435427,14.329698649822173
0.0020969999999999999,0,0,0,0,0,-1.4333668008710951,-12.882009312762895,-12.882009312762895,-1.4333668008710951,14.31537611363399
0.002098,0,0,0,0,0,-1.3748069121888928,-12.92626098063422,-12.92626098063422,-1.3748069121888928,14.301067892823113
0.0020989999999999997,0,0,0,0,0,-1.3164821898549288,-12.970291783226392,-12.970291783226392,-1.3164821898549288,14.286773973081321
0.0020999999999999999,0,0,0,0,0,-1.2583946471326337,-13.014099692982057,-13.014099692982057,-1.2583946471326337,14.272494340114692
0.002101,0,0,0,0,0,-1.2005462882112115,-13.057682691432383,-13.057682691432383,-1.2005462882112115,14.258228979643594
0.0021019999999999997,0,0,0,0,0,-1.1429391081261677,-13.101038769276496,-13.101038769276496,-1.1429391081261677,14.243977877402664
0.0021029999999999998,0,0,0,0,0,-1.0855750926801644,-13.144165926460632,-13.144165926460632,-1.0855750926801644,14.229741019140796
0.002104,0,0,0,0,0,-1.0284562183645303,-13.187062172256605,-13.187062172256605,-1.0284562183645303,14.215518390621135
0.0021050000000000001,0,0,0,0,0,-0.97158445228076484,-13.229725525340285,-13.229725525340285,-0.97158445228076484,14.201309977621049
0.0021059999999999998,0,0,0,0,0,-0.91496175206274089,-13.272154013869383,-13.272154013869383,-0.91496175206274089,14.187115765932123
0.0021069999999999999,0,0,0,0,0,-0.85859006579895958,-13.314345675561185,-13.314345675561185,-0.85859006579895958,14.172935741360146
0.0021080000000000001,0,0,0,0,0,-0.80247133195554188,-13.356298557769549,-13.356298557769549,-0.80247133195554188,14.158769889725091
0.0021089999999999998,0,0,0,0,0,-0.74660747929932558,-13.398010717561782,-13.398010717561782,-0.74660747929932558,14.144618196861106
0.0021099999999999999,0,0,0,0,0,-0.69100042682137275,-13.439480221795126,-13.439480221795126,-0.69100042682137275,14.130480648616498
0.002111,0,0,0,0,0,-0.63565208366102244,-13.48070514719269,-13.48070514719269,-0.63565208366102244,14.116357230853714
0.0021119999999999997,0,0,0,0,0,-0.58056434903025167,-13.521683580419086,-13.521683580419086,-0.58056434903025167,14.102247929449337
0.0021129999999999999,0,0,0,0,0,-0.52573911213826108,-13.562413618155805,-13.562413618155805,-0.52573911213826108,14.088152730294066
0.002114,0,0,0,0,0,-0.47117825211678976,-13.602893367175909,-13.602893367175909,-0.47117825211678976,14.074071619292699
0.0021149999999999997,0,0,0,0,0,-0.41688363794556516,-13.643120944418559,-13.643120944418559,-0.41688363794556516,14.060004582364124
0.0021159999999999998,0,0,0,0,0,-0.36285712837815964,-13.683094477063143,-13.683094477063143,-0.36285712837815964,14.045951605441303
0.002117,0,0,0,0,0,-0.30910057186844231,-13.722812102602816,-13.722812102602816,-0.30910057186844231,14.031912674471258
0.0021180000000000001,0,0,0,0,0,-0.25561580649728644,-13.762271968917769,-13.762271968917769,-0.25561580649728644,14.017887775415057
0.0021189999999999998,0,0,0,0,0,-0.20240465989972733,-13.801472234348072,-13.801472234348072,-0.20240465989972733,14.003876894247799
0.0021199999999999999,0,0,0,0,0,-0.14946894919242393,-13.84041106776618,-13.84041106776618,-0.14946894919242393,13.989880016958603
0.0021210000000000001,0,0,0,0,0,-0.096810480901821983,-13.879086648648766,-13.879086648648766,-0.096810480901821983,13.975897129550589
0.0021219999999999998,0,0,0,0,0,-0.044431050892412394,-13.917497167148458,-13.917497167148458,-0.044431050892412394,13.961928218040869
0.0021229999999999999,0.14551735096074481,0.14551735096074481,0,0,0.14551735096074481,0,-13.961853206359812,-13.961853206359812,0,13.961853206359812
0.002124,0.99116562666858954,0.99116562666858954,0,0,0.99116562666858954,0,-14.043087739710284,-14.043087739710284,0,14.043087739710284
0.0021249999999999997,1.0304944805063769,1.0304944805063769,0,0,1.0304944805063769,0,-14.131830678925841,-14.131830678925841,0,14.131830678925841
0.0021259999999999999,1.0280752638461763,1.0280752638461763,0,0,1.0280752638461763,0,-14.220432791547221,-14.220432791547221,0,14.220432791547221
0.002127,1.0234580144713163,1.0234580144713163,0,0,1.0234580144713163,0,-14.30849508029188,-14.30849508029188,0,14.30849508029188
0.0021280000000000001,1.0186887600320915,1.0186887600320915,0,0,1.0186887600320915,0,-14.395993610157806,-14.395993610157806,0,14.395993610157806
0.0021289999999999998,1.0138735166069637,1.0138735166069637,0,0,1.0138735166069637,0,-14.482923868574822,-14.482923868574822,0,14.482923868574822
0.0021299999999999999,1.0090179485707722,1.0090179485707722,0,0,1.0090179485707722,0,-14.569282368942501,-14.569282368942501,0,14.569282368942501
0.0021310000000000001,1.0041225307866171,1.0041225307866171,0,0,1.0041225307866171,0,-14.655065699143332,-14.655065699143332,0,14.655065699143332
0.0021319999999999998,0.99918747116407758,0.99918747116407758,0,0,0.99918747116407758,0,-14.740270472451805,-14.740270472451805,0,14.740270472451805
0.0021329999999999999,0.99421296529067149,0.99421296529067149,0,0,0.99421296529067149,0,-14.824893325121838,-14.824893325121838,0,14.824893325121838
0.002134,0.98919920958974217,0.98919920958974217,0,0,0.98919920958974217,0,-14.908930916387728,-14.908930916387728,0,14.908930916387728
0.0021349999999999997,0.98414640199689529,0.98414640199689529,0,0,0.98414640199689529,0,-14.992379928589175,-14.992379928589175,0,14.992379928589175
0.0021359999999999999,0.97905474199001219,0.97905474199001219,0,0,0.97905474199001219,0,-15.075237067302147,-15.075237067302147,0,15.075237067302147
0.002137,0.97392443057810851,0.97392443057810851,0,0,0.97392443057810851,0,-15.157499061468645,-15.157499061468645,0,15.157499061468645
0.0021379999999999997,0.96875567029678677,0.96875567029678677,0,0,0.96875567029678677,0,-15.239162663525953,-15.239162663525953,0,15.239162663525953
0.0021389999999999998,0.96354866520118776,0.96354866520118776,0,0,0.96354866520118776,0,-15.320224649534964,-15.320224649534964,0,15.320224649534964
0.00214,0.95830362085348497,0.95830362085348497,0,0,0.95830362085348497,0,-15.400681819307225,-15.400681819307225,0,15.400681819307225
0.0021410000000000001,0.95302074432015615,0.95302074432015615,0,0,0.95302074432015615,0,-15.480530996531467,-15.480530996531467,0,15.480530996531467
0.0021419999999999998,0.94770024415925036,0.94770024415925036,0,0,0.94770024415925036,0,-15.559769028898842,-15.559769028898842,0,15.559769028898842
0.0021429999999999999,0.94234233041584048,0.94234233041584048,0,0,0.94234233041584048,0,-15.638392788227588,-15.638392788227588,0,15.638392788227588
0.0021440000000000001,0.93694721461065456,0.93694721461065456,0,0,0.93694721461065456,0,-15.71639917058625,-15.71639917058625,0,15.71639917058625
0.0021449999999999998,0.93151510973370932,0.93151510973370932,0,0,0.93151510973370932,0,-15.793785096416446,-15.793785096416446,0,15.793785096416446
0.0021459999999999999,0.92604623023498789,0.92604623023498789,0,0,0.92604623023498789,0,-15.870547510654326,-15.870547510654326,0,15.870547510654326
0.002147,0.92054079201739114,0.92054079201739114,0,0,0.92054079201739114,0,-15.946683382851234,-15.946683382851234,0,15.946683382851234
0.0021479999999999997,0.91499901242468695,0.91499901242468695,0,0,0.91499901242468695,0,-16.022189707293247,-16.022189707293247,0,16.022189707293247
0.0021489999999999999,0.90942111023855432,0.90942111023855432,0,0,0.90942111023855432,0,-16.09706350312003,-16.09706350312003,0,16.09706350312003
0.00215,0.90380730566403145,0.90380730566403145,0,0,0.90380730566403145,0,-16.171301814442302,-16.171301814442302,0,16.171301814442302
0.0021509999999999997,0.89815782032360403,0.89815782032360403,0,0,0.89815782032360403,0,-16.24490171045861,-16.24490171045861,0,16.24490171045861
0.0021519999999999998,0.89247287725152091,0.89247287725152091,0,0,0.89247287725152091,0,-16.317860285571125,-16.317860285571125,0,16.317860285571125
0.002153,0.88675270087810532,0.88675270087810532,0,0,0.88675270087810532,0,-16.390174659500246,-16.390174659500246,0,16.390174659500246
0.0021540000000000001,0.88099751702657159,0.88099751702657159,0,0,0.88099751702657159,0,-16.461841977398279,-16.461841977398279,0,16.461841977398279
0.0021549999999999998,0.87520755290074703,0.87520755290074703,0,0,0.87520755290074703,0,-16.532859409962203,-16.532859409962203,0,16.532859409962203
0.0021559999999999999,0.86938303708029707,0.86938303708029707,0,0,0.86938303708029707,0,-16.603224153545437,-16.603224153545437,0,16.603224153545437
0.0021570000000000001,0.8635241995054912,0.8635241995054912,0,0,0.8635241995054912,0,-16.672933430268351,-16.672933430268351,0,16.672933430268351
0.0021579999999999998,0.85763127147401974,0.85763127147401974,0,0,0.85763127147401974,0,-16.741984488128054,-16.741984488128054,0,16.741984488128054
0.0021589999999999999,0.8517044856287157,0.8517044856287157,0,0,0.8517044856287157,0,-16.810374601107068,-16.810374601107068,0,16.810374601107068
0.00216,0.84574407594868717,0.84574407594868717,0,0,0.84574407594868717,0,-16.878101069280806,-16.878101069280806,0,16.878101069280806
0.0021609999999999997,0.83975027774022237,0.83975027774022237,0,0,0.83975027774022237,0,-16.94516121892423,-16.94516121892423,0,16.94516121892423
0.0021619999999999999,0.83372332762928636,0.83372332762928636,0,0,0.83372332762928636,0,-17.011552402617525,-17.011552402617525,0,17.011552402617525
0.002163,0.82766346354856069,0.82766346354856069,0,0,0.82766346354856069,0,-17.077271999350398,-17.077271999350398,0,17.077271999350398
0.0021639999999999997,0.82157092473130433,0.82157092473130433,0,0,0.82157092473130433,0,-17.142317414625705,-17.142317414625705,0,17.142317414625705
0.0021649999999999998,0.81544595170112188,0.81544595170112188,0,0,0.81544595170112188,0,-17.20668608056183,-17.20668608056183,0,17.20668608056183
0.002166,0.80928878626104961,0.80928878626104961,0,0,0.80928878626104961,0,-17.270375455994081,-17.270375455994081,0,17.270375455994081
0.0021670000000000001,0.80309967148514261,0.80309967148514261,0,0,0.80309967148514261,0,-17.33338302657495,-17.33338302657495,0,17.33338302657495
0.0021679999999999998,0.79687885170892514,0.79687885170892514,0,0,0.79687885170892514,0,-17.3957063048734,-17.3957063048734,0,17.3957063048734
0.0021689999999999999,0.79062657252075041,0.79062657252075041,0,0,0.79062657252075041,0,-17.45734283047317,-17.45734283047317,0,17.45734283047317
0.0021700000000000001,0.78434308074929504,0.78434308074929504,0,0,0.78434308074929504,0,-17.518290170069765,-17.518290170069765,0,17.518290170069765
0.0021709999999999998,0.77802862445560095,0.77802862445560095,0,0,0.77802862445560095,0,-17.578545917566537,-17.578545917566537,0,17.578545917566537
0.0021719999999999999,0.77168345292488993,0.77168345292488993,0,0,0.77168345292488993,0,-17.638107694169797,-17.638107694169797,0,17.638107694169797
0.002173,0.76530781665201175,0.76530781665201175,0,0,0.76530781665201175,0,-17.696973148482577,-17.696973148482577,0,17.696973148482577
0.0021739999999999997,0.75890196733689663,0.75890196733689663,0,0,0.75890196733689663,0,-17.755139956597496,-17.755139956597496,0,17.755139956597496
0.0021749999999999999,0.75246615787204973,0.75246615787204973,0,0,0.75246615787204973,0,-17.812605822188608,-17.812605822188608,0,17.812605822188608
0.002176,0.74600064233118246,0.74600064233118246,0,0,0.74600064233118246,0,-17.869368476601949,-17.869368476601949,0,17.869368476601949
0.0021770000000000001,0.739505675962846,0.739505675962846,0,0,0.739505675962846,0,-17.925425678945086,-17.925425678945086,0,17.925425678945086
0.0021779999999999998,0.73298151517565202,0.73298151517565202,0,0,0.73298151517565202,0,-17.98077521617564,-17.98077521617564,0,17.98077521617564
0.0021789999999999999,0.72642841753463472,0.72642841753463472,0,0,0.72642841753463472,0,-18.035414903188698,-18.035414903188698,0,18.035414903188698
0.0021800000000000001,0.71984664174260615,0.71984664174260615,0,0,0.71984664174260615,0,-18.089342582902951,-18.089342582902951,0,18.089342582902951
0.0021809999999999998,0.71323644763788252,0.71323644763788252,0,0,0.71323644763788252,0,-18.142556126345941,-18.142556126345941,0,18.142556126345941
0.0021819999999999999,0.70659809618018699,0.70659809618018699,0,0,0.70659809618018699,0,-18.195053432738092,-18.195053432738092,0,18.195053432738092
0.002183,0.69993184943882625,0.69993184943882625,0,0,0.69993184943882625,0,-18.246832429575662,-18.246832429575662,0,18.246832429575662
0.0021839999999999997,0.69323797058655146,0.69323797058655146,0,0,0.69323797058655146,0,-18.29789107271246,-18.29789107271246,0,18.29789107271246
0.0021849999999999999,0.68651672388682528,0.68651672388682528,0,0,0.68651672388682528,0,-18.348227346440741,-18.348227346440741,0,18.348227346440741
0.002186,0.67976837468154372,0.67976837468154372,0,0,0.67976837468154372,0,-18.397839263570575,-18.397839263570575,0,18.397839263570575
0.0021869999999999997,0.67299318938466968,0.67299318938466968,0,0,0.67299318938466968,0,-18.446724865508429,-18.446724865508429,0,18.446724865508429
0.0021879999999999998,0.66619143546972737,0.66619143546972737,0,0,0.66619143546972737,0,-18.494882222334439,-18.494882222334439,0,18.494882222334439
0.002189,0.65936338145752416,0.65936338145752416,0,0,0.65936338145752416,0,-18.542309432878639,-18.542309432878639,0,18.542309432878639
0.0021900000000000001,0.65250929690773773,0.65250929690773773,0,0,0.65250929690773773,0,-18.589004624795948,-18.589004624795948,0,18.589004624795948
0.0021909999999999998,0.64562945240800218,0.64562945240800218,0,0,0.64562945240800218,0,-18.634965954640119,-18.634965954640119,0,18.634965954640119
0.0021919999999999999,0.63872411956344877,0.63872411956344877,0,0,0.63872411956344877,0,-18.680191607936596,-18.680191607936596,0,18.680191607936596
0.0021930000000000001,0.63179357098442779,0.63179357098442779,0,0,0.63179357098442779,0,-18.724679799253991,-18.724679799253991,0,18.724679799253991
0.0021939999999999998,0.62483808027627674,0.62483808027627674,0,0,0.62483808027627674,0,-18.768428772274692,-18.768428772274692,0,18.768428772274692
0.0021949999999999999,0.617857922031817,0.617857922031817,0,0,0.617857922031817,0,-18.811436799864179,-18.811436799864179,0,18.811436799864179
0.002196,0.61085337181339128,0.61085337181339128,0,0,0.61085337181339128,0,-18.853702184139149,-18.853702184139149,0,18.853702184139149
0.0021969999999999997,0.60382470615036254,0.60382470615036254,0,0,0.60382470615036254,0,-18.895223256534575,-18.895223256534575,0,18.895223256534575
0.0021979999999999999,0.59677220252183361,0.59677220252183361,0,0,0.59677220252183361,0,-18.935998377869659,-18.935998377869659,0,18.935998377869659
0.002199,0.58969613934823428,0.58969613934823428,0,0,0.58969613934823428,0,-18.976025938412398,-18.976025938412398,0,18.976025938412398
0.0021999999999999997,0.58259679598086223,0.58259679598086223,0,0,0.58259679598086223,0,-19.015304357943236,-19.015304357943236,0,19.015304357943236
0.0022009999999999998,0.57547445269005948,0.57547445269005948,0,0,0.57547445269005948,0,-19.053832085817458,-19.053832085817458,0,19.053832085817458
0.002202,0.56832939065270693,0.56832939065270693,0,0,0.56832939065270693,0,-19.091607601026325,-19.091607601026325,0,19.091607601026325
0.0022030000000000001,0.56116189194426624,0.56116189194426624,0,0,0.56116189194426624,0,-19.128629412257169,-19.128629412257169,0,19.128629412257169
0.0022039999999999998,0.55397223952513741,0.55397223952513741,0,0,0.55397223952513741,0,-19.164896057952255,-19.164896057952255,0,19.164896057952255
0.0022049999999999999,0.54676071723065434,0.54676071723065434,0,0,0.54676071723065434,0,-19.200406106366543,-19.200406106366543,0,19.200406106366543
0.0022060000000000001,0.53952760975948877,0.53952760975948877,0,0,0.53952760975948877,0,-19.235158155624116,-19.235158155624116,0,19.235158155624116
0.0022069999999999998,0.5322732026615995,0.5322732026615995,0,0,0.5322732026615995,0,-19.269150833773558,-19.269150833773558,0,19.269150833773558
0.0022079999999999999,0.52499778232936478,0.52499778232936478,0,0,0.52499778232936478,0,-19.302382798842174,-19.302382798842174,0,19.302382798842174
0.002209,0.51770163598371255,0.51770163598371255,0,0,0.51770163598371255,0,-19.334852738888859,-19.334852738888859,0,19.334852738888859
0.0022099999999999997,0.51038505166388859,0.51038505166388859,0,0,0.51038505166388859,0,-19.366559372055967,-19.366559372055967,0,19.366559372055967
0.0022109999999999999,0.50304831821608786,0.50304831821608786,0,0,0.50304831821608786,0,-19.397501446619941,-19.397501446619941,0,19.397501446619941
0.002212,0.49569172528208583,0.49569172528208583,0,0,0.49569172528208583,0,-19.42767774104065,-19.42767774104065,0,19.42767774104065
0.0022129999999999997,0.48831556328696024,0.48831556328696024,0,0,0.48831556328696024,0,-19.457087064009642,-19.457087064009642,0,19.457087064009642
0.0022139999999999998,0.48092012343045099,0.48092012343045099,0,0,0.48092012343045099,0,-19.485728254497225,-19.485728254497225,0,19.485728254497225
0.002215,0.47350569767081652,0.47350569767081652,0,0,0.47350569767081652,0,-19.513600181798239,-19.513600181798239,0,19.513600181798239
0.0022160000000000001,0.46607257871619368,0.46607257871619368,0,0,0.46607257871619368,0,-19.540701745576701,-19.540701745576701,0,19.540701745576701
0.0022169999999999998,0.45862106001482061,0.45862106001482061,0,0,0.45862106001482061,0,-19.567031875909279,-19.567031875909279,0,19.567031875909279
0.0022179999999999999,0.45115143573934802,0.45115143573934802,0,0,0.45115143573934802,0,-19.592589533327537,-19.592589533327537,0,19.592589533327537
0.0022190000000000001,0.44366400077751678,0.44366400077751678,0,0,0.44366400077751678,0,-19.617373708858903,-19.617373708858903,0,19.617373708858903
0.0022199999999999998,0.43615905072010719,0.43615905072010719,0,0,0.43615905072010719,0,-19.641383424066561,-19.641383424066561,0,19.641383424066561
0.0022209999999999999,0.42863688185116189,0.42863688185116189,0,0,0.42863688185116189,0,-19.664617731088075,-19.664617731088075,0,19.664617731088075
0.002222,0.42109779113138757,0.42109779113138757,0,0,0.42109779113138757,0,-19.687075712672787,-19.687075712672787,0,19.687075712672787
0.0022229999999999997,0.41354207619247063,0.41354207619247063,0,0,0.41354207619247063,0,-19.708756482218028,-19.708756482218028,0,19.708756482218028
0.0022239999999999998,0.40597003532002418,0.40597003532002418,0,0,0.40597003532002418,0,-19.729659183804152,-19.729659183804152,0,19.729659183804152
0.002225,0.39838196744562993,0.39838196744562993,0,0,0.39838196744562993,0,-19.749782992228294,-19.749782992228294,0,19.749782992228294
0.0022260000000000001,0.39077817213365051,0.39077817213365051,0,0,0.39077817213365051,0,-19.769127113036944,-19.769127113036944,0,19.769127113036944
0.0022269999999999998,0.38315894956804186,0.38315894956804186,0,0,0.38315894956804186,0,-19.787690782557334,-19.787690782557334,0,19.787690782557334
0.0022279999999999999,0.3755246005432582,0.3755246005432582,0,0,0.3755246005432582,0,-19.805473267927585,-19.805473267927585,0,19.805473267927585
0.0022290000000000001,0.36787542645060967,0.36787542645060967,0,0,0.36787542645060967,0,-19.822473867125623,-19.822473867125623,0,19.822473867125623
0.0022299999999999998,0.36021172926575673,0.36021172926575673,0,0,0.36021172926575673,0,-19.838691908996889,-19.838691908996889,0,19.838691908996889
0.0022309999999999999,0.35253381153893315,0.35253381153893315,0,0,0.35253381153893315,0,-19.85412675328088,-19.85412675328088,0,19.85412675328088
0.002232,0.34484197638062142,0.34484197638062142,0,0,0.34484197638062142,0,-19.868777790636361,-19.868777790636361,0,19.868777790636361
0.0022329999999999997,0.33713652745132094,0.33713652745132094,0,0,0.33713652745132094,0,-19.882644442665459,-19.882644442665459,0,19.882644442665459
0.0022339999999999999,0.32941776894995201,0.32941776894995201,0,0,0.32941776894995201,0,-19.895726161936501,-19.895726161936501,0,19.895726161936501
0.002235,0.3216860055986217,0.3216860055986217,0,0,0.3216860055986217,0,-19.908022432005613,-19.908022432005613,0,19.908022432005613
0.0022359999999999997,0.31394154263421115,0.31394154263421115,0,0,0.31394154263421115,0,-19.919532767437101,-19.919532767437101,0,19.919532767437101
0.0022369999999999998,0.30618468579609726,0.30618468579609726,0,0,0.30618468579609726,0,-19.930256713822633,-19.930256713822633,0,19.930256713822633
0.002238,0.298415741310464,0.298415741310464,0,0,0.298415741310464,0,-19.940193847799172,-19.940193847799172,0,19.940193847799172
0.0022390000000000001,0.29063501588188956,0.29063501588188956,0,0,0.29063501588188956,0,-19.949343777065682,-19.949343777065682,0,19.949343777065682
0.0022399999999999998,0.28284281668084077,0.28284281668084077,0,0,0.28284281668084077,0,-19.957706140398621,-19.957706140398621,0,19.957706140398621
0.0022409999999999999,0.27503945133003072,0.27503945133003072,0,0,0.27503945133003072,0,-19.965280607666198,-19.965280607666198,0,19.965280607666198
0.0022420000000000001,0.26722522789236791,0.26722522789236791,0,0,0.26722522789236791,0,-19.972066879841424,-19.972066879841424,0,19.972066879841424
0.0022429999999999998,0.25940045486026975,0.25940045486026975,0,0,0.25940045486026975,0,-19.978064689013891,-19.978064689013891,0,19.978064689013891
0.0022439999999999999,0.25156544114247481,0.25156544114247481,0,0,0.25156544114247481,0,-19.983273798400358,-19.983273798400358,0,19.983273798400358
0.002245,0.24372049605176471,0.24372049605176471,0,0,0.24372049605176471,0,-19.987694002354115,-19.987694002354115,0,19.987694002354115
0.0022459999999999997,0.23586592929314065,0.23586592929314065,0,0,0.23586592929314065,0,-19.99132512637307,-19.99132512637307,0,19.99132512637307
0.0022469999999999999,0.22800205095131787,0.22800205095131787,0,0,0.22800205095131787,0,-19.994167027106666,-19.994167027106666,0,19.994167027106666
0.002248,0.22012917147890221,0.22012917147890221,0,0,0.22012917147890221,0,-19.99621959236153,-19.99621959236153,0,19.99621959236153
0.0022489999999999997,0.21224760168433932,0.21224760168433932,0,0,0.21224760168433932,0,-19.997482741105898,-19.997482741105898,0,19.997482741105898
0.0022499999999999998,0.2043576527175901,0.2043576527175901,0,0,0.2043576527175901,0,-19.997956423472825,-19.997956423472825,0,19.997956423472825
0.002251,0.19645963606035366,0.19645963606035366,0,0,0.19645963606035366,0,-19.997640620762137,-19.997640620762137,0,19.997640620762137
0.0022520000000000001,0.18855386351310699,0.18855386351310699,0,0,0.18855386351310699,0,-19.996535345441188,-19.996535345441188,0,19.996535345441188
0.0022529999999999998,0.18064064718237205,0.18064064718237205,0,0,0.18064064718237205,0,-19.994640641144358,-19.994640641144358,0,19.994640641144358
0.0022539999999999999,0.17272029946843759,0.17272029946843759,0,0,0.17272029946843759,0,-19.991956582671317,-19.991956582671317,0,19.991956582671317
0.0022550000000000001,0.16479313305239884,0.16479313305239884,0,0,0.16479313305239884,0,-19.988483275984109,-19.988483275984109,0,19.988483275984109
0.0022559999999999998,0.15685946088547098,0.15685946088547098,0,0,0.15685946088547098,0,-19.984220858202931,-19.984220858202931,0,19.984220858202931
0.0022569999999999999,0.14891959617580142,0.14891959617580142,0,0,0.14891959617580142,0,-19.979169497600736,-19.979169497600736,0,19.979169497600736
0.002258,0.1409738523757369,0.1409738523757369,0,0,0.1409738523757369,0,-19.973329393596593,-19.973329393596593,0,19.973329393596593
0.0022589999999999997,0.13302254316954532,0.13302254316954532,0,0,0.13302254316954532,0,-19.96670077674781,-19.96670077674781,0,19.96670077674781
0.0022599999999999999,0.12506598246068279,0.12506598246068279,0,0,0.12506598246068279,0,-19.959283908740829,-19.959283908740829,0,19.959283908740829
0.002261,0.11710448436087972,0.11710448436087972,0,0,0.11710448436087972,0,-19.951079082380897,-19.951079082380897,0,19.951079082380897
0.0022619999999999997,0.10913836317718051,0.10913836317718051,0,0,0.10913836317718051,0,-19.942086621580511,-19.942086621580511,0,19.942086621580511
0.0022629999999999998,0.10116793339693686,0.10116793339693686,0,0,0.10116793339693686,0,-19.93230688134663,-19.93230688134663,0,19.93230688134663
0.002264,0.093193509680531861,0.093193509680531861,0,0,0.093193509680531861,0,-19.92174024776665,-19.92174024776665,0,19.92174024776665
0.0022650000000000001,0.085215406843417441,0.085215406843417441,0,0,0.085215406843417441,0,-19.910387137993169,-19.910387137993169,0,19.910387137993169
0.0022659999999999998,0.07723393984838367,0.07723393984838367,0,0,0.07723393984838367,0,-19.898248000227525,-19.898248000227525,0,19.898248000227525
0.0022669999999999999,0.069249423789187858,0.069249423789187858,0,0,0.069249423789187858,0,-19.885323313702091,-19.885323313702091,0,19.885323313702091
0.0022680000000000001,0.061262173881686977,0.061262173881686977,0,0,0.061262173881686977,0,-19.871613588661354,-19.871613588661354,0,19.871613588661354
0.0022689999999999997,0.053272505449058372,0.053272505449058372,0,0,0.053272505449058372,0,-19.857119366341792,-19.857119366341792,0,19.857119366341792
0.0022699999999999999,0.045280733907929971,0.045280733907929971,0,0,0.045280733907929971,0,-19.841841218950485,-19.841841218950485,0,19.841841218950485
0.002271,0.037287174761559072,0.037287174761559072,0,0,0.037287174761559072,0,-19.825779749642521,-19.825779749642521,0,19.825779749642521
0.0022719999999999997,0.029292143581869823,0.029292143581869823,0,0,0.029292143581869823,0,-19.808935592497217,-19.808935592497217,0,19.808935592497217
0.0022729999999999998,0.021295955997857163,0.021295955997857163,0,0,0.021295955997857163,0,-19.79130941249305,-19.79130941249305,0,19.79130941249305
0.002274,0.013298927685582385,0.013298927685582385,0,0,0.013298927685582385,0,-19.772901905481426,-19.772901905481426,0,19.772901905481426
0.0022750000000000001,0.005301374355212829,0.005301374355212829,0,0,0.005301374355212829,0,-19.753713798159207,-19.753713798159207,0,19.753713798159207
0.0022759999999999998,0,0,0,0,0,-5.3490540024014877e-05,-19.733772374697395,-19.733772374697395,-5.3490540024014877e-05,19.733825865237417
0.0022769999999999999,0,0,0,0,0,-0.00060500000849827984,-19.713496902988467,-19.713496902988467,-0.00060500000849827984,19.714101902996966
0.0022780000000000001,0,0,0,0,0,-0.0015554821379737405,-19.692842172722084,-19.692842172722084,-0.0015554821379737405,19.694397654860058
0.0022789999999999998,0,0,0,0,0,-0.0029045006079204683,-19.671808600514524,-19.671808600514524,-0.0029045006079204683,19.674713101122446
0.0022799999999999999,0,0,0,0,0,-0.0046516037628983042,-19.650396618336679,-19.650396618336679,-0.0046516037628983042,19.655048222099577
0.002281,0,0,0,0,0,-0.0067963246299385105,-19.628606673496627,-19.628606673496627,-0.0067963246299385105,19.635402998126565
0.0022819999999999997,0,0,0,0,0,-0.0093381809366217539,-19.606439228621568,-19.606439228621568,-0.0093381809366217539,19.615777409558188
0.0022829999999999999,0,0,0,0,0,-0.012276675129701431,-19.583894761639154,-19.583894761639154,-0.012276675129701431,19.596171436768856
0.002284,0,0,0,0,0,-0.0156112943943576,-19.560973765758234,-19.560973765758234,-0.0156112943943576,19.576585060152592
0.0022849999999999997,0,0,0,0,0,-0.019341510674030005,-19.537676749448991,-19.537676749448991,-0.019341510674030005,19.557018260123023
0.0022859999999999998,0,0,0,0,0,-0.02346678069089414,-19.514004236422451,-19.514004236422451,-0.02346678069089414,19.537471017113344
0.002287,0,0,0,0,0,-0.027986545966886212,-19.489956765609421,-19.489956765609421,-0.027986545966886212,19.517943311576307
0.0022880000000000001,0,0,0,0,0,-0.032900232845362254,-19.465534891138844,-19.465534891138844,-0.032900232845362254,19.498435123984208
0.0022889999999999998,0,0,0,0,0,-0.038207252513362988,-19.440739182315497,-19.440739182315497,-0.038207252513362988,19.47894643482886
0.0022899999999999999,0,0,0,0,0,-0.043907001024468428,-19.415570223597101,-19.415570223597101,-0.043907001024468428,19.459477224621569
0.0022910000000000001,0,0,0,0,0,-0.049998859322210265,-19.390028614570916,-19.390028614570916,-0.049998859322210265,19.440027473893124
0.0022919999999999998,0,0,0,0,0,-0.0564821932641415,-19.364114969929634,-19.364114969929634,-0.0564821932641415,19.420597163193776
0.0022929999999999999,0,0,0,0,0,-0.063356353646502939,-19.337829919446705,-19.337829919446705,-0.063356353646502939,19.401186273093206
0.002294,0,0,0,0,0,-0.070620676229399493,-19.311174107951128,-19.311174107951128,-0.070620676229399493,19.381794784180528
0.0022949999999999997,0,0,0,0,0,-0.078274481762681702,-19.284148195301569,-19.284148195301569,-0.078274481762681702,19.362422677064249
0.0022959999999999999,0,0,0,0,0,-0.086317076012363714,-19.256752856359896,-19.256752856359896,-0.086317076012363714,19.343069932372259
0.002297,0,0,0,0,0,-0.094747749787599034,-19.228988780964215,-19.228988780964215,-0.094747749787599034,19.323736530751816
0.0022979999999999997,0,0,0,0,0,-0.10356577896831709,-19.200856673901196,-19.200856673901196,-0.10356577896831709,19.304422452869513
0.0022989999999999998,0,0,0,0,0,-0.11277042453344244,-19.172357254877831,-19.172357254877831,-0.11277042453344244,19.285127679411271
0.0023,0,0,0,0,0,-0.12236093258961489,-19.143491258492702,-19.143491258492702,-0.12236093258961489,19.265852191082317
0.0023010000000000001,0,0,0,0,0,-0.13233653440062909,-19.114259434206527,-19.114259434206527,-0.13233653440062909,19.246595968607156
0.0023019999999999998,0,0,0,0,0,-0.14269644641733237,-19.084662546312238,-19.084662546312238,-0.14269644641733237,19.22735899272957
0.0023029999999999999,0,0,0,0,0,-0.15343987030823669,-19.054701373904344,-19.054701373904344,-0.15343987030823669,19.20814124421258
0.0023040000000000001,0,0,0,0,0,-0.16456599299057117,-19.024376710847864,-19.024376710847864,-0.16456599299057117,19.188942703838435
0.0023049999999999998,0,0,0,0,0,-0.17607398666203267,-18.993689365746558,-18.993689365746558,-0.17607398666203267,19.169763352408591
0.0023059999999999999,0,0,0,0,0,-0.18796300883309769,-18.962640161910599,-18.962640161910599,-0.18796300883309769,19.150603170743697
0.002307,0,0,0,0,0,-0.20023220235985661,-18.931229937323714,-18.931229937323714,-0.20023220235985661,19.13146213968357
0.0023079999999999997,0,0,0,0,0,-0.21288069547745536,-18.899459544609723,-18.899459544609723,-0.21288069547745536,19.112340240087178
0.0023089999999999999,0,0,0,0,0,-0.22590760183419079,-18.867329850998427,-18.867329850998427,-0.22590760183419079,19.093237452832618
0.00231,0,0,0,0,0,-0.2393120205260324,-18.834841738291068,-18.834841738291068,-0.2393120205260324,19.074153758817101
0.0023109999999999997,0,0,0,0,0,-0.2530930361318422,-18.801996102825093,-18.801996102825093,-0.2530930361318422,19.055089138956934
0.0023119999999999998,0,0,0,0,0,-0.26724971874915227,-18.768793855438339,-18.768793855438339,-0.26724971874915227,19.036043574187492
0.002313,0,0,0,0,0,-0.28178112403044864,-18.735235921432761,-18.735235921432761,-0.28178112403044864,19.017017045463209
0.0023140000000000001,0,0,0,0,0,-0.29668629322007156,-18.701323240537484,-18.701323240537484,-0.29668629322007156,18.998009533757557
0.0023149999999999998,0,0,0,0,0,-0.31196425319168952,-18.667056766871333,-18.667056766871333,-0.31196425319168952,18.979021020063023
0.0023159999999999999,0,0,0,0,0,-0.32761401648636301,-18.632437468904726,-18.632437468904726,-0.32761401648636301,18.960051485391091
0.002317,0,0,0,0,0,-0.34363458135107727,-18.597466329421145,-18.597466329421145,-0.34363458135107727,18.941100910772224
0.0023179999999999997,0,0,0,0,0,-0.36002493177795714,-18.56214434547789,-18.56214434547789,-0.36002493177795714,18.922169277255847
0.0023189999999999999,0,0,0,0,0,-0.37678403754397927,-18.526472528366341,-18.526472528366341,-0.37678403754397927,18.903256565910322
0.00232,0,0,0,0,0,-0.39391085425127059,-18.490451903571671,-18.490451903571671,-0.39391085425127059,18.884362757822942
0.0023209999999999997,0,0,0,0,0,-0.41140432336790234,-18.454083510731991,-18.454083510731991,-0.41140432336790234,18.865487834099891
0.0023219999999999998,0,0,0,0,0,-0.42926337226940348,-18.417368403596843,-18.417368403596843,-0.42926337226940348,18.846631775866246
0.002323,0,0,0,0,0,-0.44748691428060283,-18.380307649985344,-18.380307649985344,-0.44748691428060283,18.827794564265947
0.0023240000000000001,0,0,0,0,0,-0.4660738487182492,-18.342902331743534,-18.342902331743534,-0.4660738487182492,18.808976180461784
0.0023249999999999998,0,0,0,0,0,-0.48502306093399028,-18.305153544701376,-18.305153544701376,-0.48502306093399028,18.790176605635367
0.0023259999999999999,0,0,0,0,0,-0.50433342235810663,-18.267062398629015,-18.267062398629015,-0.50433342235810663,18.77139582098712
0.0023270000000000001,0,0,0,0,0,-0.52400379054357415,-18.228630017192685,-18.228630017192685,-0.52400379054357415,18.75263380773626
0.0023279999999999998,0,0,0,0,0,-0.54403300921083897,-18.18985753790993,-18.18985753790993,-0.54403300921083897,18.733890547120769
0.0023289999999999999,0,0,0,0,0,-0.56441990829312516,-18.150746112104262,-18.150746112104262,-0.56441990829312516,18.715166020397387
0.00233,0,0,0,0,0,-0.58516330398214933,-18.111296904859437,-18.111296904859437,-0.58516330398214933,18.696460208841586
0.0023309999999999997,0,0,0,0,0,-0.60626199877455456,-18.071511094972998,-18.071511094972998,-0.60626199877455456,18.67777309374755
0.0023319999999999999,0,0,0,0,0,-0.62771478151881333,-18.031389874909351,-18.031389874909351,-0.62771478151881333,18.659104656428166
0.002333,0,0,0,0,0,-0.64952042746259053,-17.990934450752402,-17.990934450752402,-0.64952042746259053,18.640454878214992
0.0023339999999999997,0,0,0,0,0,-0.67167769830075663,-17.950146042157492,-17.950146042157492,-0.67167769830075663,18.62182374045825
0.0023349999999999998,0,0,0,0,0,-0.69418534222395678,-17.909025882302846,-17.909025882302846,-0.69418534222395678,18.603211224526802
0.002336,0,0,0,0,0,-0.71704209396752994,-17.867575217840596,-17.867575217840596,-0.71704209396752994,18.584617311808127
0.0023370000000000001,0,0,0,0,0,-0.74024667486120066,-17.825795308847113,-17.825795308847113,-0.74024667486120066,18.566041983708313
0.0023379999999999998,0,0,0,0,0,-0.76379779287908178,-17.78368742877295,-17.78368742877295,-0.76379779287908178,18.547485221652032
0.0023389999999999999,0,0,0,0,0,-0.78769414269041604,-17.741252864392099,-17.741252864392099,-0.78769414269041604,18.528947007082515
0.0023400000000000001,0,0,0,0,0,-0.81193440571062325,-17.698492915750926,-17.698492915750926,-0.81193440571062325,18.510427321461549
0.0023409999999999998,0,0,0,0,0,-0.8365172501530207,-17.655408896116427,-17.655408896116427,-0.8365172501530207,18.491926146269449
0.0023419999999999999,0,0,0,0,0,-0.86144133108108711,-17.612002131923951,-17.612002131923951,-0.86144133108108711,18.473443463005037
0.002343,0,0,0,0,0,-0.88670529046109436,-17.568273962724533,-17.568273962724533,-0.88670529046109436,18.454979253185627
0.0023439999999999997,0,0,0,0,0,-0.91230775721535728,-17.524225741131652,-17.524225741131652,-0.91230775721535728,18.436533498347007
0.0023449999999999999,0,0,0,0,0,-0.93824734727608217,-17.479858832767341,-17.479858832767341,-0.93824734727608217,18.418106180043424
0.002346,0,0,0,0,0,-0.96452266363949768,-17.435174616208059,-17.435174616208059,-0.96452266363949768,18.399697279847555
0.0023469999999999997,0,0,0,0,0,-0.99113229642070877,-17.39017448292979,-17.39017448292979,-0.99113229642070877,18.381306779350499
0.0023479999999999998,0,0,0,0,0,-1.018074822909016,-17.344859837252734,-17.344859837252734,-1.018074822909016,18.362934660161752
0.002349,0,0,0,0,0,-1.0453488076236486,-17.29923209628555,-17.29923209628555,-1.0453488076236486,18.344580903909197
0.0023500000000000001,0,0,0,0,0,-1.0729528023700592,-17.253292689869014,-17.253292689869014,-1.0729528023700592,18.326245492239075
0.0023509999999999998,0,0,0,0,0,-1.1008853462967512,-17.207043060519219,-17.207043060519219,-1.1008853462967512,18.307928406815972
0.0023519999999999999,0,0,0,0,0,-1.1291449659526265,-17.160484663370173,-17.160484663370173,-1.1291449659526265,18.2896296293228
0.0023530000000000001,0,0,0,0,0,-1.1577301753446694,-17.113618966116114,-17.113618966116114,-1.1577301753446694,18.271349141460782
0.0023539999999999998,0,0,0,0,0,-1.186639475996337,-17.066447448953092,-17.066447448953092,-1.186639475996337,18.253086924949429
0.0023549999999999999,0,0,0,0,0,-1.2158713570063409,-17.018971604520182,-17.018971604520182,-1.2158713570063409,18.234842961526521
0.002356,0,0,0,0,0,-1.2454242951078518,-16.971192937840243,-16.971192937840243,-1.2454242951078518,18.216617232948096
0.0023569999999999997,0,0,0,0,0,-1.2752967547283074,-16.923112966260113,-16.923112966260113,-1.2752967547283074,18.198409720988419
0.0023579999999999999,0,0,0,0,0,-1.3054871880497441,-16.874733219390237,-16.874733219390237,-1.3054871880497441,18.180220407439982
0.002359,0,0,0,0,0,-1.3359940350693815,-16.826055239044088,-16.826055239044088,-1.3359940350693815,18.162049274113468
0.0023599999999999997,0,0,0,0,0,-1.3668157236609604,-16.777080579176779,-16.777080579176779,-1.3668157236609604,18.143896302837739
0.0023609999999999998,0,0,0,0,0,-1.3979506696363941,-16.727810805823431,-16.727810805823431,-1.3979506696363941,18.125761475459825
0.002362,0,0,0,0,0,-1.4293972768079595,-16.678247497036942,-16.678247497036942,-1.4293972768079595,18.1076447738449
0.0023630000000000001,0,0,0,0,0,-1.4611539370509066,-16.628392242825349,-16.628392242825349,-1.4611539370509066,18.089546179876255
0.0023639999999999998,0,0,0,0,0,-1.4932190303665944,-16.578246645088704,-16.578246645088704,-1.4932190303665944,18.071465675455297
0.0023649999999999999,0,0,0,0,0,-1.5255909249461457,-16.527812317555373,-16.527812317555373,-1.5255909249461457,18.053403242501521
0.002366,0,0,0,0,0,-1.558267977234415,-16.477090885718077,-16.477090885718077,-1.558267977234415,18.035358862952492
0.0023669999999999997,0,0,0,0,0,-1.5912485319944984,-16.426083986769331,-16.426083986769331,-1.5912485319944984,18.01733251876383
0.0023679999999999999,0,0,0,0,0,-1.6245309223728395,-16.374793269536347,-16.374793269536347,-1.6245309223728395,17.999324191909189
0.002369,0,0,0,0,0,-1.6581134699645137,-16.323220394415728,-16.323220394415728,-1.6581134699645137,17.98133386438024
0.0023699999999999997,0,0,0,0,0,-1.6919944848791895,-16.271367033307463,-16.271367033307463,-1.6919944848791895,17.963361518186652
0.0023709999999999998,0,0,0,0,0,-1.7261722658075609,-16.219234869548515,-16.219234869548515,-1.7261722658075609,17.945407135356078
0.002372,0,0,0,0,0,-1.7606451000879844,-16.166825597846152,-16.166825597846152,-1.7606451000879844,17.927470697934137
0.0023730000000000001,0,0,0,0,0,-1.7954112637738779,-16.11414092421051,-16.11414092421051,-1.7954112637738779,17.909552187984389
0.0023739999999999998,0,0,0,0,0,-1.8304690217012869,-16.061182565887034,-16.061182565887034,-1.8304690217012869,17.891651587588321
0.0023749999999999999,0,0,0,0,0,-1.8658166275571784,-16.007952251288152,-16.007952251288152,-1.8658166275571784,17.873768878845329
0.0023760000000000001,0,0,0,0,0,-1.9014523239478471,-15.954451719924858,-15.954451719924858,-1.9014523239478471,17.855904043872705
0.0023769999999999998,0,0,0,0,0,-1.9373743424680647,-15.90068272233755,-15.90068272233755,-1.9373743424680647,17.838057064805614
0.0023779999999999999,0,0,0,0,0,-1.9735809037704684,-15.846647020026605,-15.846647020026605,-1.9735809037704684,17.820227923797074
0.002379,0,0,0,0,0,-2.0100702176354774,-15.792346385382466,-15.792346385382466,-2.0100702176354774,17.802416603017942
0.0023799999999999997,0,0,0,0,0,-2.0468404830415388,-15.737782601615361,-15.737782601615361,-2.0468404830415388,17.7846230846569
0.0023809999999999999,0,0,0,0,0,-2.083889888236004,-15.682957462684417,-15.682957462684417,-2.083889888236004,17.766847350920422
0.002382,0,0,0,0,0,-2.1212166108061385,-15.627872773226636,-15.627872773226636,-2.1212166108061385,17.749089384032775
0.0023829999999999997,0,0,0,0,0,-2.1588188177507757,-15.572530348485218,-15.572530348485218,-2.1588188177507757,17.731349166235994
0.0023839999999999998,0,0,0,0,0,-2.1966946655523873,-15.516932014237467,-15.516932014237467,-2.1966946655523873,17.713626679789854
0.002385,0,0,0,0,0,-2.2348423002494036,-15.461079606722468,-15.461079606722468,-2.2348423002494036,17.695921906971872
0.0023860000000000001,0,0,0,0,0,-2.2732598575090686,-15.404974972568205,-15.404974972568205,-2.2732598575090686,17.678234830077272
0.0023869999999999998,0,0,0,0,0,-2.3119454627006792,-15.348619968718294,-15.348619968718294,-2.3119454627006792,17.660565431418974
0.0023879999999999999,0,0,0,0,0,-2.3508972309693368,-15.292016462358241,-15.292016462358241,-2.3508972309693368,17.642913693327579
0.0023890000000000001,0,0,0,0,0,-2.3901132673098173,-15.23516633084153,-15.23516633084153,-2.3901132673098173,17.625279598151348
0.0023899999999999998,0,0,0,0,0,-2.4295916666411657,-15.178071461615019,-15.178071461615019,-2.4295916666411657,17.607663128256185
0.0023909999999999999,0,0,0,0,0,-2.4693305138815456,-15.120733752144073,-15.120733752144073,-2.4693305138815456,17.590064266025617
0.002392,0,0,0,0,0,-2.5093278840233779,-15.063155109837403,-15.063155109837403,-2.5093278840233779,17.572482993860781
0.0023929999999999997,0,0,0,0,0,-2.5495818422090526,-15.005337451971352,-15.005337451971352,-2.5495818422090526,17.554919294180404
0.0023939999999999999,0,0,0,0,0,-2.5900904438070338,-14.94728270561375,-14.94728270561375,-2.5900904438070338,17.537373149420784
0.002395,0,0,0,0,0,-2.6308517344881039,-14.88899280754767,-14.88899280754767,-2.6308517344881039,17.519844542035774
0.0023959999999999997,0,0,0,0,0,-2.6718637503022933,-14.830469704194471,-14.830469704194471,-2.6718637503022933,17.502333454496764
0.0023969999999999998,0,0,0,0,0,-2.7131245177560626,-14.771715351536605,-14.771715351536605,-2.7131245177560626,17.484839869292667
0.002398,0,0,0,0,0,-2.7546320538897469,-14.71273171504015,-14.71273171504015,-2.7546320538897469,17.467363768929896
0.0023990000000000001,0,0,0,0,0,-2.7963843663555812,-14.653520769576769,-14.653520769576769,-2.7963843663555812,17.449905135932351
0.0023999999999999998,0,0,0,0,0,-2.8383794534959472,-14.594084499345449,-14.594084499345449,-2.8383794534959472,17.432463952841395
0.0024009999999999999,0,0,0,0,0,-2.8806153044221396,-14.534424897793706,-14.534424897793706,-2.8806153044221396,17.415040202215845
0.0024020000000000001,0,0,0,0,0,-2.923089899093287,-14.474543967538661,-14.474543967538661,-2.923089899093287,17.397633866631949
0.0024029999999999998,0,0,0,0,0,-2.9658012083957477,-14.414443720287624,-14.414443720287624,-2.9658012083957477,17.380244928683371
0.0024039999999999999,0,0,0,0,0,-3.0087471942230017,-14.354126176758168,-14.354126176758168,-3.0087471942230017,17.36287337098117
0.002405,0,0,0,0,0,-3.0519258095555806,-14.293593366598206,-14.293593366598206,-3.0519258095555806,17.345519176153786
0.0024059999999999997,0,0,0,0,0,-3.0953349985416079,-14.232847328305416,-14.232847328305416,-3.0953349985416079,17.328182326847024
0.0024069999999999999,0,0,0,0,0,-3.1389726965776852,-14.171890109146347,-14.171890109146347,-3.1389726965776852,17.310862805724032
0.002408,0,0,0,0,0,-3.1828368303899364,-14.110723765075351,-14.110723765075351,-3.1828368303899364,17.293560595465287
0.0024089999999999997,0,0,0,0,0,-3.2269253181154971,-14.049350360653083,-14.049350360653083,-3.2269253181154971,17.276275678768581
0.0024099999999999998,0,0,0,0,0,-3.2712360693845071,-13.987771968964484,-13.987771968964484,-3.2712360693845071,17.259008038348991
0.0024109999999999999,0,0,0,0,0,-3.3157669854020888,-13.925990671536791,-13.925990671536791,-3.3157669854020888,17.24175765693888
0.0024120000000000001,0,0,0,0,0,-3.360515959030959,-13.864008558256902,-13.864008558256902,-3.360515959030959,17.224524517287861
0.0024129999999999998,0,0,0,0,0,-3.4054808748742857,-13.801827727288511,-13.801827727288511,-3.4054808748742857,17.207308602162797
0.0024139999999999999,0,0,0,0,0,-3.4506596093587971,-13.739450284988969,-13.739450284988969,-3.4506596093587971,17.190109894347767
0.002415,0,0,0,0,0,-3.49605003081831,-13.676878345825756,-13.676878345825756,-3.49605003081831,17.172928376644066
0.0024159999999999997,0,0,0,0,0,-3.541649999577448,-13.614114032292722,-13.614114032292722,-3.541649999577448,17.15576403187017
0.0024169999999999999,0,0,0,0,0,-3.5874573680359436,-13.551159474825793,-13.551159474825793,-3.5874573680359436,17.138616842861737
0.002418,0,0,0,0,0,-3.6334699807528521,-13.488016811718722,-13.488016811718722,-3.6334699807528521,17.121486792471575
0.0024189999999999997,0,0,0,0,0,-3.6796856745314708,-13.424688189038164,-13.424688189038164,-3.6796856745314708,17.104373863569634
0.0024199999999999998,0,0,0,0,0,-3.7261022785043112,-13.361175760538671,-13.361175760538671,-3.7261022785043112,17.087278039042982
0.002421,0,0,0,0,0,-3.7727176142184904,-13.297481687577303,-13.297481687577303,-3.7727176142184904,17.070199301795792
0.0024219999999999997,0,0,0,0,0,-3.8195294957213033,-13.233608139028023,-13.233608139028023,-3.8195294957213033,17.053137634749326
0.0024229999999999998,0,0,0,0,0,-3.8665357296463521,-13.169557291195563,-13.169557291195563,-3.8665357296463521,17.036093020841914
0.0024239999999999999,0,0,0,0,0,-3.913734115299583,-13.10533132772936,-13.10533132772936,-3.913734115299583,17.019065443028943
0.0024250000000000001,0,0,0,0,0,-3.9611224447459357,-13.040932439536899,-13.040932439536899,-3.9611224447459357,17.002054884282835
0.0024259999999999998,0,0,0,0,0,-4.0086985028961584,-12.976362824696867,-12.976362824696867,-4.0086985028961584,16.985061327593026
0.0024269999999999999,0,0,0,0,0,-4.0564600675939451,-12.911624688372015,-12.911624688372015,-4.0564600675939451,16.968084755965961
0.002428,0,0,0,0,0,-4.1044049097031969,-12.846720242721871,-12.846720242721871,-4.1044049097031969,16.951125152425067
0.0024289999999999997,0,0,0,0,0,-4.1525307931957514,-12.781651706814987,-12.781651706814987,-4.1525307931957514,16.934182500010738
0.0024299999999999999,0,0,0,0,0,-4.200835475239419,-12.716421306540902,-12.716421306540902,-4.200835475239419,16.917256781780321
0.002431,0,0,0,0,0,-4.2493167062859651,-12.651031274522127,-12.651031274522127,-4.2493167062859651,16.900347980808093
0.0024319999999999997,0,0,0,0,0,-4.2979722301597478,-12.585483850025508,-12.585483850025508,-4.2979722301597478,16.883456080185255
0.0024329999999999998,0,0,0,0,0,-4.3467997841464356,-12.519781278873468,-12.519781278873468,-4.3467997841464356,16.866581063019904
0.002434,0,0,0,0,0,-4.3957970990818724,-12.453925813355152,-12.453925813355152,-4.3957970990818724,16.849722912437024
0.0024350000000000001,0,0,0,0,0,-4.4449618994414219,-12.387919712137036,-12.387919712137036,-4.4449618994414219,16.832881611578458
0.0024359999999999998,0,0,0,0,0,-4.4942919034294091,-12.321765240173498,-12.321765240173498,-4.4942919034294091,16.816057143602908
0.0024369999999999999,0,0,0,0,0,-4.543784823068961,-12.255464668616941,-12.255464668616941,-4.543784823068961,16.799249491685902
0.0024380000000000001,0,0,0,0,0,-4.5934383642918712,-12.189020274727916,-12.189020274727916,-4.5934383642918712,16.782458639019787
0.0024389999999999998,0,0,0,0,0,-4.643250227028819,-12.122434341784892,-12.122434341784892,-4.643250227028819,16.765684568813711
0.0024399999999999999,0,0,0,0,0,-4.6932181053000006,-12.055709158993597,-12.055709158993597,-4.6932181053000006,16.748927264293599
0.002441,0,0,0,0,0,-4.7433396873056113,-11.988847021396538,-11.988847021396538,-4.7433396873056113,16.732186708702148
0.0024419999999999997,0,0,0,0,0,-4.7936126555168661,-11.921850229781931,-11.921850229781931,-4.7936126555168661,16.715462885298798
0.0024429999999999999,0,0,0,0,0,-4.8440346867672446,-11.854721090592484,-11.854721090592484,-4.8440346867672446,16.698755777359729
0.002444,0,0,0,0,0,-4.8946034523437261,-11.787461915834101,-11.787461915834101,-4.8946034523437261,16.682065368177827
0.0024449999999999997,0,0,0,0,0,-4.9453166180783903,-11.720075022984293,-11.720075022984293,-4.9453166180783903,16.665391641062683
0.0024459999999999998,0,0,0,0,0,-4.9961718444403935,-11.652562734900176,-11.652562734900176,-4.9961718444403935,16.648734579340569
0.002447,0,0,0,0,0,-5.0471667866277752,-11.584927379726649,-11.584927379726649,-5.0471667866277752,16.632094166354424
0.0024480000000000001,0,0,0,0,0,-5.0982990946598052,-11.517171290804026,-11.517171290804026,-5.0982990946598052,16.61547038546383
0.0024489999999999998,0,0,0,0,0,-5.1495664134694206,-11.449296806575587,-11.449296806575587,-5.1495664134694206,16.598863220045008
0.0024499999999999999,0,0,0,0,0,-5.2009663829958965,-11.381306270494889,-11.381306270494889,-5.2009663829958965,16.582272653490786
0.0024510000000000001,0,0,0,0,0,-5.2524966382775506,-11.31320203093305,-11.31320203093305,-5.2524966382775506,16.565698669210601
0.0024519999999999998,0,0,0,0,0,-5.3041548095448539,-11.244986441085612,-11.244986441085612,-5.3041548095448539,16.549141250630466
0.0024529999999999999,0,0,0,0,0,-5.3559385223137443,-11.176661858879216,-11.176661858879216,-5.3559385223137443,16.53260038119296
0.002454,0,0,0,0,0,-5.4078453974788241,-11.10823064687839,-11.10823064687839,-5.4078453974788241,16.516076044357213
0.0024549999999999997,0,0,0,0,0,-5.4598730514071274,-11.039695172191761,-11.039695172191761,-5.4598730514071274,16.499568223598889
0.0024559999999999998,0,0,0,0,0,-5.5120190960317998,-10.971057806378361,-10.971057806378361,-5.5120190960317998,16.483076902410161
0.002457,0,0,0,0,0,-5.5642811389460842,-10.902320925353626,-10.902320925353626,-5.5642811389460842,16.46660206429971
0.0024579999999999997,0,0,0,0,0,-5.6166567834973424,-10.833486909295354,-10.833486909295354,-5.6166567834973424,16.450143692792697
0.0024589999999999998,0,0,0,0,0,-5.6691436288815282,-10.764558142549216,-10.764558142549216,-5.6691436288815282,16.433701771430744
0.0024599999999999999,0,0,0,0,0,-5.7217392702373928,-10.69553701353454,-10.69553701353454,-5.7217392702373928,16.417276283771933
0.0024610000000000001,0,0,0,0,0,-5.7744412987412996,-10.626425914649476,-10.626425914649476,-5.7744412987412996,16.400867213390775
0.0024619999999999998,0,0,0,0,0,-5.8272473017018189,-10.55722724217638,-10.55722724217638,-5.8272473017018189,16.384474543878198
0.0024629999999999999,0,0,0,0,0,-5.8801548626548392,-10.487943396186692,-10.487943396186692,-5.8801548626548392,16.368098258841531
0.002464,0,0,0,0,0,-5.9331615614584239,-10.418576780446063,-10.418576780446063,-5.9331615614584239,16.351738341904486
0.0024649999999999997,0,0,0,0,0,-5.986264974388118,-10.349129802319027,-10.349129802319027,-5.986264974388118,16.335394776707144
0.0024659999999999999,0,0,0,0,0,-6.0394626742324089,-10.279604872673533,-10.279604872673533,-6.0394626742324089,16.319067546905941
0.002467,0,0,0,0,0,-6.0927522303879904,-10.210004405785654,-10.210004405785654,-6.0927522303879904,16.302756636173644
0.0024679999999999997,0,0,0,0,0,-6.1461312089555609,-10.140330819243781,-10.140330819243781,-6.1461312089555609,16.286462028199342
0.0024689999999999998,0,0,0,0,0,-6.199597172835583,-10.070586533852842,-10.070586533852842,-6.199597172835583,16.270183706688425
0.00247,0,0,0,0,0,-6.2531476818240268,-10.000773973538545,-10.000773973538545,-6.2531476818240268,16.253921655362571
0.0024709999999999997,0,0,0,0,0,-6.3067802927084546,-9.9308955652512712,-9.9308955652512712,-6.3067802927084546,16.237675857959726
0.0024719999999999998,0,0,0,0,0,-6.3604925593642649,-9.8609537388698278,-9.8609537388698278,-6.3604925593642649,16.221446298234092
0.0024729999999999999,0,0,0,0,0,-6.414282032850692,-9.7909509271054187,-9.7909509271054187,-6.414282032850692,16.20523295995611
0.0024740000000000001,0,0,0,0,0,-6.4681462615073722,-9.7208895654050664,-9.7208895654050664,-6.4681462615073722,16.189035826912438
0.0024749999999999998,0,0,0,0,0,-6.5220827910506296,-9.6507720918553108,-9.6507720918553108,-6.5220827910506296,16.172854882905941
0.0024759999999999999,0,0,0,0,0,-6.5760891646702486,-9.5806009470854274,-9.5806009470854274,-6.5760891646702486,16.156690111755676
0.002477,0,0,0,0,0,-6.6301629231259085,-9.5103785741709608,-9.5103785741709608,-6.6301629231259085,16.140541497296869
0.0024779999999999997,0,0,0,0,0,-6.6843016048440447,-9.4401074185368579,-9.4401074185368579,-6.6843016048440447,16.124409023380903
0.0024789999999999999,0,0,0,0,0,-6.738502746014797,-9.3697899278605075,-9.3697899278605075,-6.738502746014797,16.108292673875305
0.00248,0,0,0,0,0,-6.7927638806888027,-9.2994285519749198,-9.2994285519749198,-6.7927638806888027,16.092192432663722
0.0024809999999999997,0,0,0,0,0,-6.8470825408742222,-9.2290257427716931,-9.2290257427716931,-6.8470825408742222,16.076108283645915
0.0024819999999999998,0,0,0,0,0,-6.901456256634023,-9.1585839541037046,-9.1585839541037046,-6.901456256634023,16.060040210737728
0.002483,0,0,0,0,0,-6.9558825561829352,-9.0881056416881556,-9.0881056416881556,-6.9558825561829352,16.043988197871091
0.0024840000000000001,0,0,0,0,0,-7.0103589659848309,-9.0175932630091573,-9.0175932630091573,-7.0103589659848309,16.027952228993989
0.0024849999999999998,0,0,0,0,0,-7.0648830108500462,-8.9470492772204047,-8.9470492772204047,-7.0648830108500462,16.011932288070451
0.0024859999999999999,0,0,0,0,0,-7.1194522140328145,-8.8764761450477234,-8.8764761450477234,-7.1194522140328145,15.995928359080537
0.0024870000000000001,0,0,0,0,0,-7.1740640973285732,-8.8058763286917419,-8.8058763286917419,-7.1740640973285732,15.979940426020315
0.0024879999999999998,0,0,0,0,0,-7.2287161811715679,-8.7352522917302835,-8.7352522917302835,-7.2287161811715679,15.963968472901851
0.0024889999999999999,0,0,0,0,0,-7.2834059847325197,-8.6646064990206693,-8.6646064990206693,-7.2834059847325197,15.948012483753189
0.00249,0,0,0,0,0,-7.3381310260160157,-8.5939414166023234,-8.5939414166023234,-7.3381310260160157,15.93207244261834
0.0024909999999999997,0,0,0,0,0,-7.3928888219583433,-8.5232595115989174,-8.5232595115989174,-7.3928888219583433,15.916148333557262
0.0024919999999999999,0,0,0,0,0,-7.4476768885251978,-8.4525632521206457,-8.4525632521206457,-7.4476768885251978,15.900240140645844
0.002493,0,0,0,0,0,-7.5024927408092816,-8.3818551071666079,-8.3818551071666079,-7.5024927408092816,15.88434784797589
0.0024939999999999997,0,0,0,0,0,-7.5573338931281739,-8.3111375465269361,-8.3111375465269361,-7.5573338931281739,15.86847143965511
0.0024949999999999998,0,0,0,0,0,-7.612197859122241,-8.2404130406848513,-8.2404130406848513,-7.612197859122241,15.852610899807091
0.002496,0,0,0,0,0,-7.6670821518522461,-8.1696840607190477,-8.1696840607190477,-7.6670821518522461,15.836766212571293
0.0024970000000000001,0,0,0,0,0,-7.7219842838974202,-8.0989530782056072,-8.0989530782056072,-7.7219842838974202,15.820937362103027
0.0024979999999999998,0,0,0,0,0,-7.7769017674531611,-8.0282225651202808,-8.0282225651202808,-7.7769017674531611,15.805124332573442
0.0024989999999999999,0,0,0,0,0,-7.831832114429143,-7.9574949937403625,-7.9574949937403625,-7.831832114429143,15.789327108169505
0.0025000000000000001,0,0,0,0,0,-7.8867728365469905,-7.8867728365470029,-7.8867728365470029,-7.8867728365469905,15.773545673093993
0.0025009999999999998,0,0,0,0,0,-7.9417214454382963,-7.8160585661271726,-7.8160585661271726,-7.9417214454382963,15.757780011565469
0.0025019999999999999,0,0,0,0,0,-7.9966754527426289,-7.7453546550756407,-7.7453546550756407,-7.9966754527426289,15.74203010781827
0.002503,0,0,0,0,0,-8.0516323702053079,-7.6746635758971804,-7.6746635758971804,-8.0516323702053079,15.726295946102489
0.0025039999999999997,0,0,0,0,0,-8.1065897097753172,-7.603987800908647,-7.603987800908647,-8.1065897097753172,15.710577510683965
0.0025049999999999998,0,0,0,0,0,-8.1615449837033882,-7.533329802140873,-7.533329802140873,-8.1615449837033882,15.694874785844261
0.002506,0,0,0,0,0,-8.2164957046396587,-7.4626920512409924,-7.4626920512409924,-8.2164957046396587,15.679187755880651
0.0025069999999999997,0,0,0,0,0,-8.2714393857316679,-7.3920770193744367,-7.3920770193744367,-8.2714393857316679,15.663516405106105
0.0025079999999999998,0,0,0,0,0,-8.3263735407223098,-7.3214871771269578,-7.3214871771269578,-8.3263735407223098,15.647860717849268
0.0025089999999999999,0,0,0,0,0,-8.3812956840474477,-7.2509249944070051,-7.2509249944070051,-8.3812956840474477,15.632220678454454
0.0025100000000000001,0,0,0,0,0,-8.4362033309339353,-7.1803929403476863,-7.1803929403476863,-8.4362033309339353,15.616596271281621
0.0025109999999999998,0,0,0,0,0,-8.4910939974972059,-7.1098934832091532,-7.1098934832091532,-8.4910939974972059,15.60098748070636
0.0025119999999999999,0,0,0,0,0,-8.5459652008392499,-7.0394290902806302,-7.0394290902806302,-8.5459652008392499,15.585394291119879
0.002513,0,0,0,0,0,-8.6008144591460489,-6.9690022277829407,-6.9690022277829407,-8.6008144591460489,15.56981668692899
0.0025139999999999997,0,0,0,0,0,-8.6556392917854481,-6.898615360770636,-6.898615360770636,-8.6556392917854481,15.554254652556084
0.0025149999999999999,0,0,0,0,0,-8.7104372194046782,-6.8282709530344494,-6.8282709530344494,-8.7104372194046782,15.538708172439128
0.002516,0,0,0,0,0,-8.7652057640279519,-6.757971467003685,-6.757971467003685,-8.7652057640279519,15.523177231031637
0.0025169999999999997,0,0,0,0,0,-8.8199424491538991,-6.6877193636487737,-6.6877193636487737,-8.8199424491538991,15.507661812802672
0.0025179999999999998,0,0,0,0,0,-8.8746447998532005,-6.6175171023836121,-6.6175171023836121,-8.8746447998532005,15.492161902236813
0.002519,0,0,0,0,0,-8.9293103428657616,-6.5473671409683849,-6.5473671409683849,-8.9293103428657616,15.476677483834147
0.0025199999999999997,0,0,0,0,0,-8.9839366066981388,-6.4772719354121149,-6.4772719354121149,-8.9839366066981388,15.461208542110253
0.0025209999999999998,0,0,0,0,0,-9.0385211217208852,-6.4072339398753044,-6.4072339398753044,-9.0385211217208852,15.44575506159619
0.0025219999999999999,0,0,0,0,0,-9.0930614202655971,-6.337255606572878,-6.337255606572878,-9.0930614202655971,15.430317026838475
0.0025230000000000001,0,0,0,0,0,-9.1475550367220517,-6.2673393856770225,-6.2673393856770225,-9.1475550367220517,15.414894422399074
0.0025239999999999998,0,0,0,0,0,-9.2019995076352323,-6.1974877252201477,-6.1974877252201477,-9.2019995076352323,15.39948723285538
0.0025249999999999999,0,0,0,0,0,-9.256392371802395,-6.1277030709978071,-6.1277030709978071,-9.256392371802395,15.384095442800202
0.002526,0,0,0,0,0,-9.3107311703696904,-6.0579878664720566,-6.0579878664720566,-9.3107311703696904,15.368719036841748
0.0025269999999999997,0,0,0,0,0,-9.3650134469291046,-5.9883445526745067,-5.9883445526745067,-9.3650134469291046,15.353357999603611
0.0025279999999999999,0,0,0,0,0,-9.4192367476151109,-5.918775568109643,-5.918775568109643,-9.4192367476151109,15.338012315724754
0.002529,0,0,0,0,0,-9.4733986212011061,-5.8492833486583855,-5.8492833486583855,-9.4733986212011061,15.322681969859492
0.0025299999999999997,0,0,0,0,0,-9.5274966191959507,-5.7798703274815253,-5.7798703274815253,-9.5274966191959507,15.307366946677476
0.0025309999999999998,0,0,0,0,0,-9.5815282959404229,-5.7105389349232585,-5.7105389349232585,-9.5815282959404229,15.292067230863681
0.002532,0,0,0,0,0,-9.6354912087032432,-5.6412915984151502,-5.6412915984151502,-9.6354912087032432,15.276782807118392
0.0025330000000000001,0,0,0,0,0,-9.6893829177773956,-5.5721307423797892,-5.5721307423797892,-9.6893829177773956,15.261513660157185
0.0025339999999999998,0,0,0,0,0,-9.7432009865759692,-5.5030587881349398,-5.5030587881349398,-9.7432009865759692,15.246259774710909
0.0025349999999999999,0,0,0,0,0,-9.7969429817282467,-5.4340781537974312,-5.4340781537974312,-9.7969429817282467,15.231021135525678
0.0025360000000000001,0,0,0,0,0,-9.8506064731752332,-5.3651912541876179,-5.3651912541876179,-9.8506064731752332,15.215797727362851
0.0025369999999999998,0,0,0,0,0,-9.9041890342653893,-5.2964005007336299,-5.2964005007336299,-9.9041890342653893,15.20058953499902
0.0025379999999999999,0,0,0,0,0,-9.9576882418502137,-5.2277083013757784,-5.2277083013757784,-9.9576882418502137,15.185396543225991
0.002539,0,0,0,0,0,-10.011101676379443,-5.1591170604713277,-5.1591170604713277,-10.011101676379443,15.170218736850771
0.0025399999999999997,0,0,0,0,0,-10.064426921996287,-5.090629178699265,-5.090629178699265,-10.064426921996287,15.155056100695552
0.0025409999999999999,0,0,0,0,0,-10.117661566632647,-5.0222470529650494,-5.0222470529650494,-10.117661566632647,15.139908619597696
0.002542,0,0,0,0,0,-10.170803202103819,-4.9539730763059016,-4.9539730763059016,-10.170803202103819,15.124776278409721
0.0025429999999999997,0,0,0,0,0,-10.223849424203367,-4.8858096377959175,-4.8858096377959175,-10.223849424203367,15.109659061999285
0.0025439999999999998,0,0,0,0,0,-10.276797832797802,-4.8177591224513669,-4.8177591224513669,-10.276797832797802,15.094556955249169
0.002545,0,0,0,0,0,-10.329646031920905,-4.749823911136362,-4.749823911136362,-10.329646031920905,15.079469943057267
0.0025460000000000001,0,0,0,0,0,-10.382391629868035,-4.6820063804685299,-4.6820063804685299,-10.382391629868035,15.064398010336566
0.0025469999999999998,0,0,0,0,0,-10.435032239290273,-4.6143089027248587,-4.6143089027248587,-10.435032239290273,15.04934114201513
0.0025479999999999999,0,0,0,0,0,-10.487565477288378,-4.5467338457477116,-4.5467338457477116,-10.487565477288378,15.034299323036089
0.0025490000000000001,0,0,0,0,0,-10.539988965506533,-4.4792835728510916,-4.4792835728510916,-10.539988965506533,15.019272538357624
0.0025499999999999997,0,0,0,0,0,-10.592300330225926,-4.4119604427270236,-4.4119604427270236,-10.592300330225926,15.00426077295295
0.0025509999999999999,0,0,0,0,0,-10.644497202458171,-4.3447668093521283,-4.3447668093521283,-10.644497202458171,14.989264011810299
0.002552,0,0,0,0,0,-10.696577218038518,-4.2777050218943895,-4.2777050218943895,-10.696577218038518,14.974282239932908
0.0025529999999999997,0,0,0,0,0,-10.748538017718893,-4.2107774246201117,-4.2107774246201117,-10.748538017718893,14.959315442339005
0.0025539999999999998,0,0,0,0,0,-10.800377247260725,-4.1439863568010669,-4.1439863568010669,-10.800377247260725,14.944363604061792
0.002555,0,0,0,0,0,-10.852092557527621,-4.0773341526218072,-4.0773341526218072,-10.852092557527621,14.929426710149428
0.0025559999999999997,0,0,0,0,0,-10.903681604577635,-4.0108231410873829,-4.0108231410873829,-10.903681604577635,14.914504745665019
0.0025569999999999998,0,0,0,0,0,-10.955142049755874,-3.9444556459307236,-3.9444556459307236,-10.955142049755874,14.899597695686598
0.0025579999999999999,0,0,0,0,0,-11.006471559786046,-3.8782339855210681,-3.8782339855210681,-11.006471559786046,14.884705545307114
0.0025590000000000001,0,0,0,0,0,-11.057667806862643,-3.8121604727717728,-3.8121604727717728,-11.057667806862643,14.869828279634415
0.0025599999999999998,0,0,0,0,0,-11.108728468742372,-3.7462374150488635,-3.7462374150488635,-11.108728468742372,14.854965883791236
0.0025609999999999999,0,0,0,0,0,-11.159651228835564,-3.6804671140796135,-3.6804671140796135,-11.159651228835564,14.840118342915178
0.002562,0,0,0,0,0,-11.210433776297361,-3.614851865861338,-3.614851865861338,-11.210433776297361,14.825285642158699
0.0025629999999999997,0,0,0,0,0,-11.261073806118478,-3.5493939605706202,-3.5493939605706202,-11.261073806118478,14.810467766689099
0.0025639999999999999,0,0,0,0,0,-11.311569019216266,-3.4840956824722329,-3.4840956824722329,-11.311569019216266,14.7956647016885
0.002565,0,0,0,0,0,-11.361917122524714,-3.418959309829122,-3.418959309829122,-11.361917122524714,14.780876432353836
0.0025659999999999997,0,0,0,0,0,-11.412115829084996,-3.3539871148118374,-3.3539871148118374,-11.412115829084996,14.766102943896835
0.0025669999999999998,0,0,0,0,0,-11.462162858135477,-3.289181363408531,-3.289181363408531,-11.462162858135477,14.751344221544008
0.002568,0,0,0,0,0,-11.512055935201136,-3.2245443153354962,-3.2245443153354962,-11.512055935201136,14.736600250536632
0.0025689999999999997,0,0,0,0,0,-11.561792792183407,-3.1600782239473295,-3.1600782239473295,-11.561792792183407,14.721871016130736
0.0025699999999999998,0,0,0,0,0,-11.611371167449239,-3.0957853361478422,-3.0957853361478422,-11.611371167449239,14.707156503597082
0.0025709999999999999,0,0,0,0,0,-11.660788805920138,-3.0316678923010203,-3.0316678923010203,-11.660788805920138,14.692456698221157
0.0025720000000000001,0,0,0,0,0,-11.710043459160904,-2.9677281261422515,-2.9677281261422515,-11.710043459160904,14.677771585303155
0.0025729999999999998,0,0,0,0,0,-11.759132885467958,-2.903968264690004,-2.903968264690004,-11.759132885467958,14.663101150157962
0.0025739999999999999,0,0,0,0,0,-11.808054849957882,-2.8403905281572577,-2.8403905281572577,-11.808054849957882,14.64844537811514
0.002575,0,0,0,0,0,-11.856807124654914,-2.7769971298640046,-2.7769971298640046,-11.856807124654914,14.633804254518918
0.0025759999999999997,0,0,0,0,0,-11.905387488578945,-2.713790276149223,-2.713790276149223,-11.905387488578945,14.619177764728169
0.0025769999999999999,0,0,0,0,0,-11.953793727832764,-2.6507721662836383,-2.6507721662836383,-11.953793727832764,14.604565894116403
0.002578,0,0,0,0,0,-12.002023635689177,-2.5879449923825719,-2.5879449923825719,-12.002023635689177,14.589968628071748
0.0025789999999999997,0,0,0,0,0,-12.050075012677834,-2.5253109393191044,-2.5253109393191044,-12.050075012677834,14.575385951996937
0.0025799999999999998,0,0,0,0,0,-12.09794566667177,-2.4628721846375248,-2.4628721846375248,-12.09794566667177,14.560817851309293
0.002581,0,0,0,0,0,-12.145633412973677,-2.4006308984670364,-2.4006308984670364,-12.145633412973677,14.546264311440714
0.0025820000000000001,0,0,0,0,0,-12.193136074401739,-2.3385892434359192,-2.3385892434359192,-12.193136074401739,14.531725317837658
0.0025829999999999998,0,0,0,0,0,-12.240451481375434,-2.2767493745856973,-2.2767493745856973,-12.240451481375434,14.51720085596113
0.0025839999999999999,0,0,0,0,0,-12.28757747200093,-2.2151134392857381,-2.2151134392857381,-12.28757747200093,14.502690911286669
0.0025850000000000001,0,0,0,0,0,-12.334511892155859,-2.1536835771484668,-2.1536835771484668,-12.334511892155859,14.488195469304326
0.0025859999999999998,0,0,0,0,0,-12.381252595574377,-2.0924619199442853,-2.0924619199442853,-12.381252595574377,14.473714515518662
0.0025869999999999999,0,0,0,0,0,-12.427797443931432,-2.0314505915172871,-2.0314505915172871,-12.427797443931432,14.459248035448718
0.002588,0,0,0,0,0,-12.474144306926938,-1.9706517077010757,-1.9706517077010757,-12.474144306926938,14.444796014628015
0.0025889999999999997,0,0,0,0,0,-12.520291062369576,-1.9100673762349532,-1.9100673762349532,-12.520291062369576,14.43035843860453
0.0025899999999999999,0,0,0,0,0,-12.566235596260277,-1.8496996966804096,-1.8496996966804096,-12.566235596260277,14.415935292940688
0.002591,0,0,0,0,0,-12.611975802875422,-1.7895507603379173,-1.7895507603379173,-12.611975802875422,14.40152656321334
0.0025919999999999997,0,0,0,0,0,-12.657509584849528,-1.7296226501642247,-1.7296226501642247,-12.657509584849528,14.387132235013754
0.0025929999999999998,0,0,0,0,0,-12.702834853258093,-1.6699174406895105,-1.6699174406895105,-12.702834853258093,14.372752293947602
0.002594,0,0,0,0,0,-12.747949527699337,-1.6104371979356058,-1.6104371979356058,-12.747949527699337,14.358386725634942
0.0025950000000000001,0,0,0,0,0,-12.792851536376389,-1.551183979333814,-1.551183979333814,-12.792851536376389,14.344035515710203
0.0025959999999999998,0,0,0,0,0,-12.837538816178633,-1.4921598336435453,-1.4921598336435453,-12.837538816178633,14.329698649822177
0.0025969999999999999,0,0,0,0,0,-12.882009312762882,-1.433366800871112,-1.433366800871112,-12.882009312762882,14.315376113633993
0.002598,0,0,0,0,0,-12.926260980634236,-1.3748069121888804,-1.3748069121888804,-12.926260980634236,14.301067892823117
0.0025989999999999997,0,0,0,0,0,-12.970291783226392,-1.3164821898549324,-1.3164821898549324,-12.970291783226392,14.286773973081324
0.0025999999999999999,0,0,0,0,0,-13.014099692982045,-1.2583946471326506,-1.2583946471326506,-13.014099692982045,14.272494340114696
0.002601,0,0,0,0,0,-13.057682691432383,-1.2005462882112141,-1.2005462882112141,-13.057682691432383,14.258228979643597
0.0026019999999999997,0,0,0,0,0,-13.101038769276483,-1.1429391081261837,-1.1429391081261837,-13.101038769276483,14.243977877402667
0.0026029999999999998,0,0,0,0,0,-13.144165926460632,-1.0855750926801679,-1.0855750926801679,-13.144165926460632,14.2297410191408
0.002604,0,0,0,0,0,-13.187062172256606,-1.0284562183645329,-1.0284562183645329,-13.187062172256606,14.215518390621138
0.0026049999999999997,0,0,0,0,0,-13.229725525340271,-0.97158445228078172,-0.97158445228078172,-13.229725525340271,14.201309977621053
0.0026059999999999998,0,0,0,0,0,-13.272154013869383,-0.91496175206274355,-0.91496175206274355,-13.272154013869383,14.187115765932127
0.0026069999999999999,0,0,0,0,0,-13.314345675561174,-0.85859006579897557,-0.85859006579897557,-13.314345675561174,14.172935741360149
0.0026080000000000001,0,0,0,0,0,-13.356298557769552,-0.80247133195554365,-0.80247133195554365,-13.356298557769552,14.158769889725095
0.0026089999999999998,0,0,0,0,0,-13.398010717561768,-0.74660747929934246,-0.74660747929934246,-13.398010717561768,14.14461819686111
0.0026099999999999999,0,0,0,0,0,-13.43948022179514,-0.6910004268213612,-0.6910004268213612,-13.43948022179514,14.130480648616501
0.002611,0,0,0,0,0,-13.48070514719269,-0.63565208366102599,-0.63565208366102599,-13.48070514719269,14.116357230853717
0.0026119999999999997,0,0,0,0,0,-13.521683580419101,-0.58056434903024012,-0.58056434903024012,-13.521683580419101,14.102247929449341
0.0026129999999999999,0,0,0,0,0,-13.562413618155805,-0.52573911213826374,-0.52573911213826374,-13.562413618155805,14.08815273029407
0.002614,0,0,0,0,0,-13.602893367175897,-0.47117825211680575,-0.47117825211680575,-13.602893367175897,14.074071619292702
0.0026149999999999997,0,0,0,0,0,-13.643120944418561,-0.41688363794556693,-0.41688363794556693,-13.643120944418561,14.060004582364128
0.0026159999999999998,0,0,0,0,0,-13.683094477063143,-0.36285712837816231,-0.36285712837816231,-13.683094477063143,14.045951605441306
0.002617,0,0,0,0,0,-13.72281210260283,-0.30910057186843165,-0.30910057186843165,-13.72281210260283,14.031912674471261
0.0026179999999999997,0,0,0,0,0,-13.762271968917744,-0.25561580649731663,-0.25561580649731663,-13.762271968917744,14.01788777541506
0.0026189999999999998,0,0,0,0,0,-13.801472234348061,-0.20240465989974243,-0.20240465989974243,-13.801472234348061,14.003876894247803
0.0026199999999999999,0,0,0,0,0,-13.84041106776618,-0.1494689491924257,-0.1494689491924257,-13.84041106776618,13.989880016958606
0.0026210000000000001,0,0,0,0,0,-13.879086648648769,-0.096810480901823759,-0.096810480901823759,-13.879086648648769,13.975897129550592
0.0026219999999999998,0,0,0,0,0,-13.91749716714847,-0.044431050892402624,-0.044431050892402624,-13.91749716714847,13.961928218040873
0.0026229999999999999,-0.14551735096029006,0,0.14551735096029006,0.14551735096029006,0,-13.961853206359814,0,0,-13.961853206359814,13.961853206359814
0.002624,-0.99116562666836217,0,0.99116562666836217,0.99116562666836217,0,-14.043087739710259,0,0,-14.043087739710259,14.043087739710259
0.0026249999999999997,-1.0304944805066043,0,1.0304944805066043,1.0304944805066043,0,-14.131830678925839,0,0,-14.131830678925839,14.131830678925839
0.0026259999999999999,-1.0280752638459489,0,1.0280752638459489,1.0280752638459489,0,-14.220432791547196,0,0,-14.220432791547196,14.220432791547196
0.002627,-1.0234580144719985,0,1.0234580144719985,1.0234580144719985,0,-14.308495080291896,0,0,-14.308495080291896,14.308495080291896
0.0026279999999999997,-1.0186887600316368,0,1.0186887600316368,1.0186887600316368,0,-14.39599361015776,0,0,-14.39599361015776,14.39599361015776
0.0026289999999999998,-1.0138735166076458,0,1.0138735166076458,1.0138735166076458,0,-14.482923868574836,0,0,-14.482923868574836,14.482923868574836
0.00263,-1.0090179485705448,0,1.0090179485705448,1.0090179485705448,0,-14.569282368942501,0,0,-14.569282368942501,14.569282368942501
0.0026310000000000001,-1.0041225307859349,0,1.0041225307859349,1.0041225307859349,0,-14.655065699143313,0,0,-14.655065699143313,14.655065699143313
0.0026319999999999998,-0.99918747116430495,0,0.99918747116430495,0.99918747116430495,0,-14.740270472451803,0,0,-14.740270472451803,14.740270472451803
0.0026329999999999999,-0.99421296529067149,0,0.99421296529067149,0.99421296529067149,0,-14.824893325121838,0,0,-14.824893325121838,14.824893325121838
0.0026340000000000001,-0.98919920958974217,0,0.98919920958974217,0.98919920958974217,0,-14.908930916387748,0,0,-14.908930916387748,14.908930916387748
0.0026349999999999998,-0.98414640199666792,0,0.98414640199666792,0.98414640199666792,0,-14.992379928589177,0,0,-14.992379928589177,14.992379928589177
0.0026359999999999999,-0.97905474199001219,0,0.97905474199001219,0.97905474199001219,0,-15.075237067302124,0,0,-15.075237067302124,15.075237067302124
0.002637,-0.97392443057833589,0,0.97392443057833589,0.97392443057833589,0,-15.157499061468641,0,0,-15.157499061468641,15.157499061468641
0.0026379999999999997,-0.96875567029678677,0,0.96875567029678677,0.96875567029678677,0,-15.23916266352593,0,0,-15.23916266352593,15.23916266352593
0.0026389999999999999,-0.96354866520141513,0,0.96354866520141513,0.96354866520141513,0,-15.320224649534961,0,0,-15.320224649534961,15.320224649534961
0.00264,-0.95830362085348497,0,0.95830362085348497,0.95830362085348497,0,-15.400681819307223,0,0,-15.400681819307223,15.400681819307223
0.0026409999999999997,-0.95302074432015615,0,0.95302074432015615,0.95302074432015615,0,-15.480530996531446,0,0,-15.480530996531446,15.480530996531446
0.0026419999999999998,-0.94770024415925036,0,0.94770024415925036,0.94770024415925036,0,-15.55976902889884,0,0,-15.55976902889884,15.55976902889884
0.002643,-0.94234233041561311,0,0.94234233041561311,0.94234233041561311,0,-15.638392788227565,0,0,-15.638392788227565,15.638392788227565
0.0026440000000000001,-0.93694721461088193,0,0.93694721461088193,0.93694721461088193,0,-15.716399170586266,0,0,-15.716399170586266,15.716399170586266
0.0026449999999999998,-0.9315151097330272,0,0.9315151097330272,0.9315151097330272,0,-15.793785096416427,0,0,-15.793785096416427,15.793785096416427
0.0026459999999999999,-0.92604623023567001,0,0.92604623023567001,0.92604623023567001,0,-15.87054751065434,0,0,-15.87054751065434,15.87054751065434
0.002647,-0.92054079201716377,0,0.92054079201716377,0.92054079201716377,0,-15.946683382851232,0,0,-15.946683382851232,15.946683382851232
0.0026479999999999997,-0.91499901242491433,0,0.91499901242491433,0.91499901242491433,0,-16.022189707293261,0,0,-16.022189707293261,16.022189707293261
0.0026489999999999999,-0.90942111023832695,0,0.90942111023832695,0.90942111023832695,0,-16.097063503120033,0,0,-16.097063503120033,16.097063503120033
0.00265,-0.90380730566380407,0,0.90380730566380407,0.90380730566380407,0,-16.171301814442284,0,0,-16.171301814442284,16.171301814442284
0.0026509999999999997,-0.8981578203238314,0,0.8981578203238314,0.8981578203238314,0,-16.244901710458606,0,0,-16.244901710458606,16.244901710458606
0.0026519999999999998,-0.89247287725152091,0,0.89247287725152091,0.89247287725152091,0,-16.317860285571125,0,0,-16.317860285571125,16.317860285571125
0.002653,-0.88675270087787794,0,0.88675270087787794,0.88675270087787794,0,-16.390174659500229,0,0,-16.390174659500229,16.390174659500229
0.0026539999999999997,-0.88099751702588947,0,0.88099751702588947,0.88099751702588947,0,-16.461841977398244,0,0,-16.461841977398244,16.461841977398244
0.0026549999999999998,-0.87520755290074703,0,0.87520755290074703,0.87520755290074703,0,-16.532859409962182,0,0,-16.532859409962182,16.532859409962182
0.0026559999999999999,-0.86938303708029707,0,0.86938303708029707,0.86938303708029707,0,-16.603224153545437,0,0,-16.603224153545437,16.603224153545437
0.0026570000000000001,-0.8635241995054912,0,0.8635241995054912,0.8635241995054912,0,-16.672933430268351,0,0,-16.672933430268351,16.672933430268351
0.0026579999999999998,-0.85763127147424711,0,0.85763127147424711,0.85763127147424711,0,-16.741984488128072,0,0,-16.741984488128072,16.741984488128072
0.0026589999999999999,-0.8517044856287157,0,0.8517044856287157,0.8517044856287157,0,-16.810374601107068,0,0,-16.810374601107068,16.810374601107068
0.00266,-0.84574407594868717,0,0.84574407594868717,0.84574407594868717,0,-16.878101069280788,0,0,-16.878101069280788,16.878101069280788
0.0026609999999999997,-0.83975027774022237,0,0.83975027774022237,0.83975027774022237,0,-16.94516121892423,0,0,-16.94516121892423,16.94516121892423
0.0026619999999999999,-0.83372332762883161,0,0.83372332762883161,0.83372332762883161,0,-17.011552402617507,0,0,-17.011552402617507,17.011552402617507
0.002663,-0.82766346354901543,0,0.82766346354901543,0.82766346354901543,0,-17.077271999350408,0,0,-17.077271999350408,17.077271999350408
0.0026639999999999997,-0.82157092473084958,0,0.82157092473084958,0.82157092473084958,0,-17.14231741462569,0,0,-17.14231741462569,17.14231741462569
0.0026649999999999998,-0.81544595170157663,0,0.81544595170157663,0.81544595170157663,0,-17.206686080561845,0,0,-17.206686080561845,17.206686080561845
0.002666,-0.80928878626104961,0,0.80928878626104961,0.80928878626104961,0,-17.270375455994081,0,0,-17.270375455994081,17.270375455994081
0.0026669999999999997,-0.80309967148468786,0,0.80309967148468786,0.80309967148468786,0,-17.333383026574896,0,0,-17.333383026574896,17.333383026574896
0.0026679999999999998,-0.79687885170960726,0,0.79687885170960726,0.79687885170960726,0,-17.395706304873393,0,0,-17.395706304873393,17.395706304873393
0.0026689999999999999,-0.79062657252097779,0,0.79062657252097779,0.79062657252097779,0,-17.457342830473166,0,0,-17.457342830473166,17.457342830473166
0.0026700000000000001,-0.78434308074974979,0,0.78434308074974979,0.78434308074974979,0,-17.518290170069779,0,0,-17.518290170069779,17.518290170069779
0.0026709999999999998,-0.77802862445582832,0,0.77802862445582832,0.77802862445582832,0,-17.578545917566533,0,0,-17.578545917566533,17.578545917566533
0.0026719999999999999,-0.77168345292443519,0,0.77168345292443519,0.77168345292443519,0,-17.638107694169783,0,0,-17.638107694169783,17.638107694169783
0.002673,-0.76530781665201175,0,0.76530781665201175,0.76530781665201175,0,-17.696973148482577,0,0,-17.696973148482577,17.696973148482577
0.0026739999999999997,-0.75890196733644188,0,0.75890196733644188,0.75890196733644188,0,-17.755139956597482,0,0,-17.755139956597482,17.755139956597482
0.0026749999999999999,-0.75246615787204973,0,0.75246615787204973,0.75246615787204973,0,-17.812605822188623,0,0,-17.812605822188623,17.812605822188623
0.002676,-0.74600064233118246,0,0.74600064233118246,0.74600064233118246,0,-17.869368476601945,0,0,-17.869368476601945,17.869368476601945
0.0026769999999999997,-0.73950567596239125,0,0.73950567596239125,0.73950567596239125,0,-17.925425678945075,0,0,-17.925425678945075,17.925425678945075
0.0026779999999999998,-0.73298151517610677,0,0.73298151517610677,0.73298151517610677,0,-17.980775216175637,0,0,-17.980775216175637,17.980775216175637
0.002679,-0.72642841753417997,0,0.72642841753417997,0.72642841753417997,0,-18.035414903188688,0,0,-18.035414903188688,18.035414903188688
0.0026800000000000001,-0.71984664174328827,0,0.71984664174328827,0.71984664174328827,0,-18.089342582902962,0,0,-18.089342582902962,18.089342582902962
0.0026809999999999998,-0.71323644763810989,0,0.71323644763810989,0.71323644763810989,0,-18.142556126345927,0,0,-18.142556126345927,18.142556126345927
0.0026819999999999999,-0.70659809618018699,0,0.70659809618018699,0.70659809618018699,0,-18.195053432738106,0,0,-18.195053432738106,18.195053432738106
0.0026830000000000001,-0.69993184943859887,0,0.69993184943859887,0.69993184943859887,0,-18.246832429575658,0,0,-18.246832429575658,18.246832429575658
0.0026839999999999998,-0.69323797058677883,0,0.69323797058677883,0.69323797058677883,0,-18.297891072712474,0,0,-18.297891072712474,18.297891072712474
0.0026849999999999999,-0.68651672388637053,0,0.68651672388637053,0.68651672388637053,0,-18.348227346440744,0,0,-18.348227346440744,18.348227346440744
0.002686,-0.67976837468154372,0,0.67976837468154372,0.67976837468154372,0,-18.397839263570575,0,0,-18.397839263570575,18.397839263570575
0.0026869999999999997,-0.67299318938466968,0,0.67299318938466968,0.67299318938466968,0,-18.446724865508429,0,0,-18.446724865508429,18.446724865508429
0.0026879999999999999,-0.66619143546972737,0,0.66619143546972737,0.66619143546972737,0,-18.494882222334439,0,0,-18.494882222334439,18.494882222334439
0.002689,-0.65936338145752416,0,0.65936338145752416,0.65936338145752416,0,-18.542309432878625,0,0,-18.542309432878625,18.542309432878625
0.0026899999999999997,-0.65250929690819248,0,0.65250929690819248,0.65250929690819248,0,-18.589004624795919,0,0,-18.589004624795919,18.589004624795919
0.0026909999999999998,-0.64562945240845693,0,0.64562945240845693,0.64562945240845693,0,-18.634965954640101,0,0,-18.634965954640101,18.634965954640101
0.0026919999999999999,-0.63872411956390351,0,0.63872411956390351,0.63872411956390351,0,-18.680191607936592,0,0,-18.680191607936592,18.680191607936592
0.0026930000000000001,-0.63179357098442779,0,0.63179357098442779,0.63179357098442779,0,-18.724679799253991,0,0,-18.724679799253991,18.724679799253991
0.0026939999999999998,-0.62483808027650412,0,0.62483808027650412,0.62483808027650412,0,-18.768428772274703,0,0,-18.768428772274703,18.768428772274703
0.0026949999999999999,-0.61785792203136225,0,0.61785792203136225,0.61785792203136225,0,-18.811436799864179,0,0,-18.811436799864179,18.811436799864179
0.002696,-0.61085337181339128,0,0.61085337181339128,0.61085337181339128,0,-18.853702184139138,0,0,-18.853702184139138,18.853702184139138
0.0026969999999999997,-0.6038247061499078,0,0.6038247061499078,0.6038247061499078,0,-18.895223256534575,0,0,-18.895223256534575,18.895223256534575
0.0026979999999999999,-0.59677220252183361,0,0.59677220252183361,0.59677220252183361,0,-18.935998377869645,0,0,-18.935998377869645,18.935998377869645
0.002699,-0.58969613934846166,0,0.58969613934846166,0.58969613934846166,0,-18.976025938412405,0,0,-18.976025938412405,18.976025938412405
0.0026999999999999997,-0.58259679598086223,0,0.58259679598086223,0.58259679598086223,0,-19.015304357943236,0,0,-19.015304357943236,19.015304357943236
0.0027009999999999998,-0.57547445269005948,0,0.57547445269005948,0.57547445269005948,0,-19.053832085817472,0,0,-19.053832085817472,19.053832085817472
0.002702,-0.56832939065293431,0,0.56832939065293431,0.56832939065293431,0,-19.091607601026322,0,0,-19.091607601026322,19.091607601026322
0.0027029999999999997,-0.56116189194426624,0,0.56116189194426624,0.56116189194426624,0,-19.128629412257137,0,0,-19.128629412257137,19.128629412257137
0.0027039999999999998,-0.55397223952559216,0,0.55397223952559216,0.55397223952559216,0,-19.164896057952252,0,0,-19.164896057952252,19.164896057952252
0.0027049999999999999,-0.54676071723065434,0,0.54676071723065434,0.54676071723065434,0,-19.20040610636654,0,0,-19.20040610636654,19.20040610636654
0.0027060000000000001,-0.53952760975948877,0,0.53952760975948877,0.53952760975948877,0,-19.235158155624106,0,0,-19.235158155624106,19.235158155624106
0.0027069999999999998,-0.5322732026615995,0,0.5322732026615995,0.5322732026615995,0,-19.269150833773558,0,0,-19.269150833773558,19.269150833773558
0.0027079999999999999,-0.52499778232981953,0,0.52499778232981953,0.52499778232981953,0,-19.30238279884216,0,0,-19.30238279884216,19.30238279884216
0.002709,-0.5177016359841673,0,0.5177016359841673,0.5177016359841673,0,-19.334852738888856,0,0,-19.334852738888856,19.334852738888856
0.0027099999999999997,-0.51038505166388859,0,0.51038505166388859,0.51038505166388859,0,-19.36655937205596,0,0,-19.36655937205596,19.36655937205596
0.0027109999999999999,-0.50304831821586049,0,0.50304831821586049,0.50304831821586049,0,-19.397501446619948,0,0,-19.397501446619948,19.397501446619948
0.002712,-0.49569172528208583,0,0.49569172528208583,0.49569172528208583,0,-19.42767774104065,0,0,-19.42767774104065,19.42767774104065
0.0027129999999999997,-0.48831556328696024,0,0.48831556328696024,0.48831556328696024,0,-19.457087064009649,0,0,-19.457087064009649,19.457087064009649
0.0027139999999999998,-0.48092012343045099,0,0.48092012343045099,0.48092012343045099,0,-19.485728254497225,0,0,-19.485728254497225,19.485728254497225
0.002715,-0.47350569767058914,0,0.47350569767058914,0.47350569767058914,0,-19.513600181798228,0,0,-19.513600181798228,19.513600181798228
0.0027159999999999997,-0.46607257871642105,0,0.46607257871642105,0.46607257871642105,0,-19.54070174557669,0,0,-19.54070174557669,19.54070174557669
0.0027169999999999998,-0.45862106001482061,0,0.45862106001482061,0.45862106001482061,0,-19.567031875909276,0,0,-19.567031875909276,19.567031875909276
0.0027179999999999999,-0.45115143573934802,0,0.45115143573934802,0.45115143573934802,0,-19.592589533327541,0,0,-19.592589533327541,19.592589533327541
0.0027190000000000001,-0.44366400077751678,0,0.44366400077751678,0.44366400077751678,0,-19.617373708858903,0,0,-19.617373708858903,19.617373708858903
0.0027199999999999998,-0.43615905072033456,0,0.43615905072033456,0.43615905072033456,0,-19.641383424066554,0,0,-19.641383424066554,19.641383424066554
0.0027209999999999999,-0.42863688185116189,0,0.42863688185116189,0.42863688185116189,0,-19.664617731088075,0,0,-19.664617731088075,19.664617731088075
0.002722,-0.42109779113138757,0,0.42109779113138757,0.42109779113138757,0,-19.687075712672787,0,0,-19.687075712672787,19.687075712672787
0.0027229999999999997,-0.41354207619247063,0,0.41354207619247063,0.41354207619247063,0,-19.708756482218028,0,0,-19.708756482218028,19.708756482218028
0.0027239999999999999,-0.40597003532002418,0,0.40597003532002418,0.40597003532002418,0,-19.729659183804152,0,0,-19.729659183804152,19.729659183804152
0.002725,-0.39838196744562993,0,0.39838196744562993,0.39838196744562993,0,-19.749782992228287,0,0,-19.749782992228287,19.749782992228287
0.0027259999999999997,-0.39077817213342314,0,0.39077817213342314,0.39077817213342314,0,-19.769127113036934,0,0,-19.769127113036934,19.769127113036934
0.0027269999999999998,-0.38315894956781449,0,0.38315894956781449,0.38315894956781449,0,-19.78769078255733,0,0,-19.78769078255733,19.78769078255733
0.002728,-0.3755246005432582,0,0.3755246005432582,0.3755246005432582,0,-19.805473267927589,0,0,-19.805473267927589,19.805473267927589
0.0027290000000000001,-0.36787542645060967,0,0.36787542645060967,0.36787542645060967,0,-19.822473867125623,0,0,-19.822473867125623,19.822473867125623
0.0027299999999999998,-0.3602117292659841,0,0.3602117292659841,0.3602117292659841,0,-19.838691908996896,0,0,-19.838691908996896,19.838691908996896
0.0027309999999999999,-0.35253381153893315,0,0.35253381153893315,0.35253381153893315,0,-19.85412675328088,0,0,-19.85412675328088,19.85412675328088
0.0027320000000000001,-0.34484197638062142,0,0.34484197638062142,0.34484197638062142,0,-19.868777790636358,0,0,-19.868777790636358,19.868777790636358
0.0027329999999999998,-0.33713652745132094,0,0.33713652745132094,0.33713652745132094,0,-19.882644442665459,0,0,-19.882644442665459,19.882644442665459
0.0027339999999999999,-0.32941776895017938,0,0.32941776895017938,0.32941776895017938,0,-19.895726161936498,0,0,-19.895726161936498,19.895726161936498
0.002735,-0.3216860055986217,0,0.3216860055986217,0.3216860055986217,0,-19.908022432005616,0,0,-19.908022432005616,19.908022432005616
0.0027359999999999997,-0.31394154263443852,0,0.31394154263443852,0.31394154263443852,0,-19.919532767437097,0,0,-19.919532767437097,19.919532767437097
0.0027369999999999998,-0.30618468579609726,0,0.30618468579609726,0.30618468579609726,0,-19.930256713822629,0,0,-19.930256713822629,19.930256713822629
0.002738,-0.298415741310464,0,0.298415741310464,0.298415741310464,0,-19.940193847799172,0,0,-19.940193847799172,19.940193847799172
0.0027389999999999997,-0.29063501588211693,0,0.29063501588211693,0.29063501588211693,0,-19.949343777065678,0,0,-19.949343777065678,19.949343777065678
0.0027399999999999998,-0.28284281668084077,0,0.28284281668084077,0.28284281668084077,0,-19.957706140398621,0,0,-19.957706140398621,19.957706140398621
0.0027409999999999999,-0.27503945133003072,0,0.27503945133003072,0.27503945133003072,0,-19.965280607666198,0,0,-19.965280607666198,19.965280607666198
0.0027420000000000001,-0.26722522789236791,0,0.26722522789236791,0.26722522789236791,0,-19.972066879841424,0,0,-19.972066879841424,19.972066879841424
0.0027429999999999998,-0.25940045486026975,0,0.25940045486026975,0.25940045486026975,0,-19.978064689013891,0,0,-19.978064689013891,19.978064689013891
0.0027439999999999999,-0.25156544114247481,0,0.25156544114247481,0.25156544114247481,0,-19.983273798400358,0,0,-19.983273798400358,19.983273798400358
0.002745,-0.24372049605199209,0,0.24372049605199209,0.24372049605199209,0,-19.987694002354111,0,0,-19.987694002354111,19.987694002354111
0.0027459999999999997,-0.23586592929291328,0,0.23586592929291328,0.23586592929291328,0,-19.991325126373066,0,0,-19.991325126373066,19.991325126373066
0.0027469999999999999,-0.22800205095131787,0,0.22800205095131787,0.22800205095131787,0,-19.994167027106666,0,0,-19.994167027106666,19.994167027106666
0.002748,-0.22012917147890221,0,0.22012917147890221,0.22012917147890221,0,-19.99621959236153,0,0,-19.99621959236153,19.99621959236153
0.0027489999999999997,-0.21224760168433932,0,0.21224760168433932,0.21224760168433932,0,-19.997482741105898,0,0,-19.997482741105898,19.997482741105898
0.0027499999999999998,-0.2043576527175901,0,0.2043576527175901,0.2043576527175901,0,-19.997956423472825,0,0,-19.997956423472825,19.997956423472825
0.002751,-0.19645963606035366,0,0.19645963606035366,0.19645963606035366,0,-19.997640620762137,0,0,-19.997640620762137,19.997640620762137
0.0027519999999999997,-0.18855386351310699,0,0.18855386351310699,0.18855386351310699,0,-19.996535345441188,0,0,-19.996535345441188,19.996535345441188
0.0027529999999999998,-0.18064064718237205,0,0.18064064718237205,0.18064064718237205,0,-19.994640641144358,0,0,-19.994640641144358,19.994640641144358
0.0027539999999999999,-0.17272029946843759,0,0.17272029946843759,0.17272029946843759,0,-19.991956582671317,0,0,-19.991956582671317,19.991956582671317
0.0027550000000000001,-0.16479313305239884,0,0.16479313305239884,0.16479313305239884,0,-19.988483275984109,0,0,-19.988483275984109,19.988483275984109
0.0027559999999999998,-0.15685946088547098,0,0.15685946088547098,0.15685946088547098,0,-19.984220858202931,0,0,-19.984220858202931,19.984220858202931
0.0027569999999999999,-0.14891959617580142,0,0.14891959617580142,0.14891959617580142,0,-19.979169497600736,0,0,-19.979169497600736,19.979169497600736
0.002758,-0.1409738523757369,0,0.1409738523757369,0.1409738523757369,0,-19.973329393596593,0,0,-19.973329393596593,19.973329393596593
0.0027589999999999997,-0.13302254316931794,0,0.13302254316931794,0.13302254316931794,0,-19.966700776747807,0,0,-19.966700776747807,19.966700776747807
0.0027599999999999999,-0.12506598246068279,0,0.12506598246068279,0.12506598246068279,0,-19.959283908740829,0,0,-19.959283908740829,19.959283908740829
0.002761,-0.11710448436087972,0,0.11710448436087972,0.11710448436087972,0,-19.9510790823809,0,0,-19.9510790823809,19.9510790823809
0.0027619999999999997,-0.10913836317718051,0,0.10913836317718051,0.10913836317718051,0,-19.942086621580511,0,0,-19.942086621580511,19.942086621580511
0.0027629999999999998,-0.10116793339716423,0,0.10116793339716423,0.10116793339716423,0,-19.932306881346634,0,0,-19.932306881346634,19.932306881346634
0.002764,-0.093193509680531861,0,0.093193509680531861,0.093193509680531861,0,-19.921740247766646,0,0,-19.921740247766646,19.921740247766646
0.0027649999999999997,-0.085215406843644814,0,0.085215406843644814,0.085215406843644814,0,-19.910387137993173,0,0,-19.910387137993173,19.910387137993173
0.0027659999999999998,-0.07723393984838367,0,0.07723393984838367,0.07723393984838367,0,-19.898248000227522,0,0,-19.898248000227522,19.898248000227522
0.0027669999999999999,-0.069249423789642606,0,0.069249423789642606,0.069249423789642606,0,-19.885323313702088,0,0,-19.885323313702088,19.885323313702088
0.0027680000000000001,-0.06126217388191435,0,0.06126217388191435,0.06126217388191435,0,-19.871613588661354,0,0,-19.871613588661354,19.871613588661354
0.0027689999999999998,-0.053272505449058372,0,0.053272505449058372,0.053272505449058372,0,-19.857119366341792,0,0,-19.857119366341792,19.857119366341792
0.0027699999999999999,-0.045280733907929971,0,0.045280733907929971,0.045280733907929971,0,-19.841841218950485,0,0,-19.841841218950485,19.841841218950485
0.002771,-0.037287174761559072,0,0.037287174761559072,0.037287174761559072,0,-19.825779749642518,0,0,-19.825779749642518,19.825779749642518
0.0027719999999999997,-0.029292143581869823,0,0.029292143581869823,0.029292143581869823,0,-19.808935592497217,0,0,-19.808935592497217,19.808935592497217
0.0027729999999999999,-0.02129595599762979,0,0.02129595599762979,0.02129595599762979,0,-19.791309412493053,0,0,-19.791309412493053,19.791309412493053
0.002774,-0.013298927685582385,0,0.013298927685582385,0.013298927685582385,0,-19.772901905481426,0,0,-19.772901905481426,19.772901905481426
0.0027749999999999997,-0.0053013743554402026,0,0.0053013743554402026,0.0053013743554402026,0,-19.753713798159218,0,0,-19.753713798159218,19.753713798159218
0.0027759999999999998,0,0,0,0,0,-19.733772374697395,-5.3490540024014877e-05,-5.3490540024014877e-05,-19.733772374697395,19.733825865237417
0.002777,0,0,0,0,0,-19.713496902988467,-0.00060500000849827984,-0.00060500000849827984,-19.713496902988467,19.714101902996966
0.0027780000000000001,0,0,0,0,0,-19.692842172722088,-0.0015554821379701878,-0.0015554821379701878,-19.692842172722088,19.694397654860058
0.0027789999999999998,0,0,0,0,0,-19.671808600514524,-0.0029045006079204683,-0.0029045006079204683,-19.671808600514524,19.674713101122446
0.0027799999999999999,0,0,0,0,0,-19.650396618336682,-0.0046516037628947515,-0.0046516037628947515,-19.650396618336682,19.655048222099577
0.0027810000000000001,0,0,0,0,0,-19.628606673496627,-0.0067963246299402869,-0.0067963246299402869,-19.628606673496627,19.635402998126565
0.0027819999999999998,0,0,0,0,0,-19.606439228621571,-0.0093381809366164248,-0.0093381809366164248,-19.606439228621571,19.615777409558188
0.0027829999999999999,0,0,0,0,0,-19.583894761639151,-0.012276675129704984,-0.012276675129704984,-19.583894761639151,19.596171436768856
0.002784,0,0,0,0,0,-19.560973765758234,-0.0156112943943576,-0.0156112943943576,-19.560973765758234,19.576585060152592
0.0027849999999999997,0,0,0,0,0,-19.537676749448991,-0.019341510674033557,-0.019341510674033557,-19.537676749448991,19.557018260123023
0.0027859999999999998,0,0,0,0,0,-19.514004236422451,-0.02346678069089414,-0.02346678069089414,-19.514004236422451,19.537471017113344
0.002787,0,0,0,0,0,-19.489956765609428,-0.027986545966880882,-0.027986545966880882,-19.489956765609428,19.517943311576307
0.0027879999999999997,0,0,0,0,0,-19.465534891138851,-0.032900232845356925,-0.032900232845356925,-19.465534891138851,19.498435123984208
0.0027889999999999998,0,0,0,0,0,-19.440739182315497,-0.038207252513362988,-0.038207252513362988,-19.440739182315497,19.47894643482886
0.0027899999999999999,0,0,0,0,0,-19.415570223597108,-0.043907001024463099,-0.043907001024463099,-19.415570223597108,19.459477224621569
0.0027910000000000001,0,0,0,0,0,-19.390028614570916,-0.049998859322210265,-0.049998859322210265,-19.390028614570916,19.440027473893124
0.0027919999999999998,0,0,0,0,0,-19.364114969929638,-0.056482193264136171,-0.056482193264136171,-19.364114969929638,19.420597163193776
0.0027929999999999999,0,0,0,0,0,-19.337829919446705,-0.063356353646501162,-0.063356353646501162,-19.337829919446705,19.401186273093206
0.002794,0,0,0,0,0,-19.311174107951128,-0.070620676229399493,-0.070620676229399493,-19.311174107951128,19.381794784180528
0.0027949999999999997,0,0,0,0,0,-19.284148195301562,-0.078274481762687032,-0.078274481762687032,-19.284148195301562,19.362422677064249
0.0027959999999999999,0,0,0,0,0,-19.256752856359896,-0.086317076012363714,-0.086317076012363714,-19.256752856359896,19.343069932372259
0.002797,0,0,0,0,0,-19.228988780964222,-0.094747749787595481,-0.094747749787595481,-19.228988780964222,19.323736530751816
0.0027979999999999997,0,0,0,0,0,-19.200856673901196,-0.10356577896831709,-0.10356577896831709,-19.200856673901196,19.304422452869513
0.0027989999999999998,0,0,0,0,0,-19.172357254877838,-0.11277042453343533,-0.11277042453343533,-19.172357254877838,19.285127679411271
0.0028,0,0,0,0,0,-19.143491258492695,-0.12236093258962022,-0.12236093258962022,-19.143491258492695,19.265852191082317
0.0028009999999999997,0,0,0,0,0,-19.114259434206538,-0.13233653440061843,-0.13233653440061843,-19.114259434206538,19.246595968607156
0.0028019999999999998,0,0,0,0,0,-19.084662546312231,-0.1426964464173377,-0.1426964464173377,-19.084662546312231,19.22735899272957
0.0028029999999999999,0,0,0,0,0,-19.054701373904344,-0.15343987030823492,-0.15343987030823492,-19.054701373904344,19.20814124421258
0.0028040000000000001,0,0,0,0,0,-19.024376710847868,-0.16456599299056585,-0.16456599299056585,-19.024376710847868,19.188942703838435
0.0028049999999999998,0,0,0,0,0,-18.993689365746558,-0.17607398666203267,-0.17607398666203267,-18.993689365746558,19.169763352408591
0.0028059999999999999,0,0,0,0,0,-18.962640161910599,-0.18796300883309591,-0.18796300883309591,-18.962640161910599,19.150603170743697
0.002807,0,0,0,0,0,-18.931229937323707,-0.20023220235986194,-0.20023220235986194,-18.931229937323707,19.13146213968357
0.0028079999999999997,0,0,0,0,0,-18.899459544609723,-0.21288069547745536,-0.21288069547745536,-18.899459544609723,19.112340240087178
0.0028089999999999999,0,0,0,0,0,-18.867329850998434,-0.22590760183418368,-0.22590760183418368,-18.867329850998434,19.093237452832618
0.00281,0,0,0,0,0,-18.834841738291068,-0.2393120205260324,-0.2393120205260324,-18.834841738291068,19.074153758817101
0.0028109999999999997,0,0,0,0,0,-18.8019961028251,-0.25309303613183509,-0.25309303613183509,-18.8019961028251,19.055089138956934
0.0028119999999999998,0,0,0,0,0,-18.768793855438332,-0.26724971874915937,-0.26724971874915937,-18.768793855438332,19.036043574187492
0.002813,0,0,0,0,0,-18.735235921432761,-0.28178112403044864,-0.28178112403044864,-18.735235921432761,19.017017045463209
0.0028139999999999997,0,0,0,0,0,-18.701323240537491,-0.29668629322006446,-0.29668629322006446,-18.701323240537491,18.998009533757557
0.0028149999999999998,0,0,0,0,0,-18.667056766871333,-0.31196425319168775,-0.31196425319168775,-18.667056766871333,18.979021020063023
0.0028159999999999999,0,0,0,0,0,-18.632437468904733,-0.32761401648635591,-0.32761401648635591,-18.632437468904733,18.960051485391091
0.0028170000000000001,0,0,0,0,0,-18.597466329421138,-0.34363458135108438,-0.34363458135108438,-18.597466329421138,18.941100910772224
0.0028179999999999998,0,0,0,0,0,-18.562144345477897,-0.36002493177795003,-0.36002493177795003,-18.562144345477897,18.922169277255847
0.0028189999999999999,0,0,0,0,0,-18.526472528366334,-0.37678403754398815,-0.37678403754398815,-18.526472528366334,18.903256565910322
0.00282,0,0,0,0,0,-18.490451903571675,-0.39391085425126882,-0.39391085425126882,-18.490451903571675,18.884362757822942
0.0028209999999999997,0,0,0,0,0,-18.454083510731984,-0.41140432336790944,-0.41140432336790944,-18.454083510731984,18.865487834099891
0.0028219999999999999,0,0,0,0,0,-18.417368403596843,-0.42926337226940348,-0.42926337226940348,-18.417368403596843,18.846631775866246
0.002823,0,0,0,0,0,-18.380307649985344,-0.44748691428060283,-0.44748691428060283,-18.380307649985344,18.827794564265947
0.0028239999999999997,0,0,0,0,0,-18.342902331743545,-0.46607384871824031,-0.46607384871824031,-18.342902331743545,18.808976180461784
0.0028249999999999998,0,0,0,0,0,-18.305153544701376,-0.48502306093399028,-0.48502306093399028,-18.305153544701376,18.790176605635367
0.002826,0,0,0,0,0,-18.267062398629022,-0.50433342235809775,-0.50433342235809775,-18.267062398629022,18.77139582098712
0.0028270000000000001,0,0,0,0,0,-18.228630017192685,-0.52400379054357415,-0.52400379054357415,-18.228630017192685,18.75263380773626
0.0028279999999999998,0,0,0,0,0,-18.189857537909937,-0.54403300921083009,-0.54403300921083009,-18.189857537909937,18.733890547120769
0.0028289999999999999,0,0,0,0,0,-18.150746112104262,-0.56441990829312516,-0.56441990829312516,-18.150746112104262,18.715166020397387
0.0028300000000000001,0,0,0,0,0,-18.111296904859437,-0.58516330398214755,-0.58516330398214755,-18.111296904859437,18.696460208841586
0.0028309999999999997,0,0,0,0,0,-18.07151109497299,-0.60626199877456166,-0.60626199877456166,-18.07151109497299,18.67777309374755
0.0028319999999999999,0,0,0,0,0,-18.031389874909351,-0.62771478151881333,-0.62771478151881333,-18.031389874909351,18.659104656428166
0.002833,0,0,0,0,0,-17.990934450752412,-0.64952042746258165,-0.64952042746258165,-17.990934450752412,18.640454878214992
0.0028339999999999997,0,0,0,0,0,-17.950146042157492,-0.67167769830075663,-0.67167769830075663,-17.950146042157492,18.62182374045825
0.0028349999999999998,0,0,0,0,0,-17.909025882302856,-0.69418534222394612,-0.69418534222394612,-17.909025882302856,18.603211224526802
0.002836,0,0,0,0,0,-17.867575217840589,-0.71704209396753882,-0.71704209396753882,-17.867575217840589,18.584617311808127
0.0028369999999999997,0,0,0,0,0,-17.825795308847134,-0.74024667486118112,-0.74024667486118112,-17.825795308847134,18.566041983708313
0.0028379999999999998,0,0,0,0,0,-17.783687428772943,-0.76379779287909066,-0.76379779287909066,-17.783687428772943,18.547485221652032
0.0028389999999999999,0,0,0,0,0,-17.741252864392099,-0.78769414269041604,-0.78769414269041604,-17.741252864392099,18.528947007082515
0.0028400000000000001,0,0,0,0,0,-17.698492915750936,-0.81193440571061259,-0.81193440571061259,-17.698492915750936,18.510427321461549
0.0028409999999999998,0,0,0,0,0,-17.65540889611643,-0.83651725015301892,-0.83651725015301892,-17.65540889611643,18.491926146269449
0.0028419999999999999,0,0,0,0,0,-17.612002131923951,-0.86144133108108534,-0.86144133108108534,-17.612002131923951,18.473443463005037
0.002843,0,0,0,0,0,-17.568273962724543,-0.88670529046108371,-0.88670529046108371,-17.568273962724543,18.454979253185627
0.0028439999999999997,0,0,0,0,0,-17.524225741131652,-0.91230775721535728,-0.91230775721535728,-17.524225741131652,18.436533498347007
0.0028449999999999999,0,0,0,0,0,-17.479858832767356,-0.93824734727606973,-0.93824734727606973,-17.479858832767356,18.418106180043424
0.002846,0,0,0,0,0,-17.435174616208059,-0.96452266363949768,-0.96452266363949768,-17.435174616208059,18.399697279847555
0.0028469999999999997,0,0,0,0,0,-17.390174482929801,-0.99113229642069811,-0.99113229642069811,-17.390174482929801,18.381306779350499
0.0028479999999999998,0,0,0,0,0,-17.344859837252727,-1.0180748229090266,-1.0180748229090266,-17.344859837252727,18.362934660161752
0.002849,0,0,0,0,0,-17.29923209628555,-1.0453488076236468,-1.0453488076236468,-17.29923209628555,18.344580903909197
0.0028499999999999997,0,0,0,0,0,-17.253292689869028,-1.0729528023700485,-1.0729528023700485,-17.253292689869028,18.326245492239075
0.0028509999999999998,0,0,0,0,0,-17.207043060519222,-1.1008853462967494,-1.1008853462967494,-17.207043060519222,18.307928406815972
0.0028519999999999999,0,0,0,0,0,-17.160484663370184,-1.129144965952614,-1.129144965952614,-17.160484663370184,18.2896296293228
0.0028530000000000001,0,0,0,0,0,-17.1136189661161,-1.15773017534468,-1.15773017534468,-17.1136189661161,18.271349141460782
0.0028539999999999998,0,0,0,0,0,-17.066447448953092,-1.1866394759963361,-1.1866394759963361,-17.066447448953092,18.253086924949429
0.0028549999999999999,0,0,0,0,0,-17.018971604520168,-1.2158713570063515,-1.2158713570063515,-17.018971604520168,18.234842961526521
0.002856,0,0,0,0,0,-16.971192937840243,-1.2454242951078509,-1.2454242951078509,-16.971192937840243,18.216617232948096
0.0028569999999999997,0,0,0,0,0,-16.923112966260121,-1.2752967547282967,-1.2752967547282967,-16.923112966260121,18.198409720988419
0.0028579999999999999,0,0,0,0,0,-16.874733219390237,-1.3054871880497441,-1.3054871880497441,-16.874733219390237,18.180220407439982
0.002859,0,0,0,0,0,-16.826055239044088,-1.3359940350693797,-1.3359940350693797,-16.826055239044088,18.162049274113468
0.0028599999999999997,0,0,0,0,0,-16.777080579176779,-1.3668157236609595,-1.3668157236609595,-16.777080579176779,18.143896302837739
0.0028609999999999998,0,0,0,0,0,-16.727810805823431,-1.3979506696363933,-1.3979506696363933,-16.727810805823431,18.125761475459825
0.002862,0,0,0,0,0,-16.678247497036953,-1.4293972768079479,-1.4293972768079479,-16.678247497036953,18.1076447738449
0.0028629999999999997,0,0,0,0,0,-16.62839224282537,-1.4611539370508826,-1.4611539370508826,-16.62839224282537,18.089546179876255
0.0028639999999999998,0,0,0,0,0,-16.578246645088715,-1.493219030366582,-1.493219030366582,-16.578246645088715,18.071465675455297
0.0028649999999999999,0,0,0,0,0,-16.527812317555366,-1.5255909249461563,-1.5255909249461563,-16.527812317555366,18.053403242501521
0.0028660000000000001,0,0,0,0,0,-16.477090885718077,-1.5582679772344141,-1.5582679772344141,-16.477090885718077,18.035358862952492
0.0028669999999999998,0,0,0,0,0,-16.426083986769321,-1.5912485319945091,-1.5912485319945091,-16.426083986769321,18.01733251876383
0.0028679999999999999,0,0,0,0,0,-16.374793269536347,-1.6245309223728395,-1.6245309223728395,-16.374793269536347,17.999324191909189
0.002869,0,0,0,0,0,-16.323220394415738,-1.6581134699645004,-1.6581134699645004,-16.323220394415738,17.98133386438024
0.0028699999999999997,0,0,0,0,0,-16.271367033307463,-1.6919944848791895,-1.6919944848791895,-16.271367033307463,17.963361518186652
0.0028709999999999999,0,0,0,0,0,-16.219234869548529,-1.7261722658075476,-1.7261722658075476,-16.219234869548529,17.945407135356078
0.002872,0,0,0,0,0,-16.166825597846142,-1.7606451000879968,-1.7606451000879968,-16.166825597846142,17.927470697934137
0.0028729999999999997,0,0,0,0,0,-16.114140924210538,-1.7954112637738522,-1.7954112637738522,-16.114140924210538,17.909552187984389
0.0028739999999999998,0,0,0,0,0,-16.061182565887048,-1.8304690217012736,-1.8304690217012736,-16.061182565887048,17.891651587588321
0.002875,0,0,0,0,0,-16.007952251288152,-1.8658166275571775,-1.8658166275571775,-16.007952251288152,17.873768878845329
0.0028760000000000001,0,0,0,0,0,-15.954451719924858,-1.9014523239478462,-1.9014523239478462,-15.954451719924858,17.855904043872705
0.0028769999999999998,0,0,0,0,0,-15.900682722337551,-1.9373743424680629,-1.9373743424680629,-15.900682722337551,17.838057064805614
0.0028779999999999999,0,0,0,0,0,-15.846647020026605,-1.9735809037704675,-1.9735809037704675,-15.846647020026605,17.820227923797074
0.002879,0,0,0,0,0,-15.792346385382478,-2.0100702176354641,-2.0100702176354641,-15.792346385382478,17.802416603017942
0.0028799999999999997,0,0,0,0,0,-15.737782601615363,-2.046840483041537,-2.046840483041537,-15.737782601615363,17.7846230846569
0.0028809999999999999,0,0,0,0,0,-15.682957462684431,-2.0838898882359898,-2.0838898882359898,-15.682957462684431,17.766847350920422
0.002882,0,0,0,0,0,-15.627872773226638,-2.1212166108061368,-2.1212166108061368,-15.627872773226638,17.749089384032775
0.0028829999999999997,0,0,0,0,0,-15.572530348485232,-2.1588188177507615,-2.1588188177507615,-15.572530348485232,17.731349166235994
0.0028839999999999998,0,0,0,0,0,-15.516932014237454,-2.1966946655523998,-2.1966946655523998,-15.516932014237454,17.713626679789854
0.002885,0,0,0,0,0,-15.461079606722469,-2.2348423002494027,-2.2348423002494027,-15.461079606722469,17.695921906971872
0.0028859999999999997,0,0,0,0,0,-15.404974972568219,-2.2732598575090543,-2.2732598575090543,-15.404974972568219,17.678234830077272
0.0028869999999999998,0,0,0,0,0,-15.348619968718294,-2.3119454627006792,-2.3119454627006792,-15.348619968718294,17.660565431418974
0.0028879999999999999,0,0,0,0,0,-15.292016462358255,-2.3508972309693226,-2.3508972309693226,-15.292016462358255,17.642913693327579
0.0028890000000000001,0,0,0,0,0,-15.235166330841517,-2.3901132673098306,-2.3901132673098306,-15.235166330841517,17.625279598151348
0.0028899999999999998,0,0,0,0,0,-15.178071461615019,-2.4295916666411648,-2.4295916666411648,-15.178071461615019,17.607663128256185
0.0028909999999999999,0,0,0,0,0,-15.120733752144059,-2.4693305138815589,-2.4693305138815589,-15.120733752144059,17.590064266025617
0.002892,0,0,0,0,0,-15.063155109837403,-2.509327884023377,-2.509327884023377,-15.063155109837403,17.572482993860781
0.0028929999999999997,0,0,0,0,0,-15.005337451971368,-2.5495818422090375,-2.5495818422090375,-15.005337451971368,17.554919294180404
0.0028939999999999999,0,0,0,0,0,-14.947282705613752,-2.5900904438070329,-2.5900904438070329,-14.947282705613752,17.537373149420784
0.002895,0,0,0,0,0,-14.88899280754767,-2.6308517344881039,-2.6308517344881039,-14.88899280754767,17.519844542035774
0.0028959999999999997,0,0,0,0,0,-14.830469704194456,-2.6718637503023075,-2.6718637503023075,-14.830469704194456,17.502333454496764
0.0028969999999999998,0,0,0,0,0,-14.771715351536605,-2.7131245177560626,-2.7131245177560626,-14.771715351536605,17.484839869292667
0.002898,0,0,0,0,0,-14.712731715040166,-2.7546320538897309,-2.7546320538897309,-14.712731715040166,17.467363768929896
0.0028989999999999997,0,0,0,0,0,-14.653520769576799,-2.7963843663555519,-2.7963843663555519,-14.653520769576799,17.449905135932351
0.0028999999999999998,0,0,0,0,0,-14.594084499345463,-2.8383794534959321,-2.8383794534959321,-14.594084499345463,17.432463952841395
0.0029009999999999999,0,0,0,0,0,-14.534424897793693,-2.8806153044221521,-2.8806153044221521,-14.534424897793693,17.415040202215845
0.0029020000000000001,0,0,0,0,0,-14.474543967538663,-2.9230898990932861,-2.9230898990932861,-14.474543967538663,17.397633866631949
0.0029029999999999998,0,0,0,0,0,-14.414443720287611,-2.965801208395761,-2.965801208395761,-14.414443720287611,17.380244928683371
0.0029039999999999999,0,0,0,0,0,-14.354126176758168,-3.0087471942230009,-3.0087471942230009,-14.354126176758168,17.36287337098117
0.002905,0,0,0,0,0,-14.293593366598222,-3.0519258095555646,-3.0519258095555646,-14.293593366598222,17.345519176153786
0.0029059999999999997,0,0,0,0,0,-14.232847328305418,-3.095334998541607,-3.095334998541607,-14.232847328305418,17.328182326847024
0.0029069999999999999,0,0,0,0,0,-14.171890109146347,-3.1389726965776852,-3.1389726965776852,-14.171890109146347,17.310862805724032
0.002908,0,0,0,0,0,-14.110723765075337,-3.1828368303899506,-3.1828368303899506,-14.110723765075337,17.293560595465287
0.0029089999999999997,0,0,0,0,0,-14.049350360653085,-3.2269253181154962,-3.2269253181154962,-14.049350360653085,17.276275678768581
0.0029099999999999998,0,0,0,0,0,-13.987771968964502,-3.2712360693844902,-3.2712360693844902,-13.987771968964502,17.259008038348991
0.002911,0,0,0,0,0,-13.925990671536793,-3.315766985402087,-3.315766985402087,-13.925990671536793,17.24175765693888
0.0029119999999999997,0,0,0,0,0,-13.864008558256934,-3.3605159590309279,-3.3605159590309279,-13.864008558256934,17.224524517287861
0.0029129999999999998,0,0,0,0,0,-13.801827727288513,-3.405480874874284,-3.405480874874284,-13.801827727288513,17.207308602162797
0.0029139999999999999,0,0,0,0,0,-13.739450284988971,-3.4506596093587962,-3.4506596093587962,-13.739450284988971,17.190109894347767
0.0029150000000000001,0,0,0,0,0,-13.676878345825772,-3.496050030818294,-3.496050030818294,-13.676878345825772,17.172928376644066
0.0029159999999999998,0,0,0,0,0,-13.614114032292722,-3.5416499995774471,-3.5416499995774471,-13.614114032292722,17.15576403187017
0.0029169999999999999,0,0,0,0,0,-13.551159474825809,-3.5874573680359276,-3.5874573680359276,-13.551159474825809,17.138616842861737
0.002918,0,0,0,0,0,-13.488016811718708,-3.6334699807528663,-3.6334699807528663,-13.488016811718708,17.121486792471575
0.0029189999999999997,0,0,0,0,0,-13.42468818903818,-3.6796856745314539,-3.6796856745314539,-13.42468818903818,17.104373863569634
0.0029199999999999999,0,0,0,0,0,-13.361175760538657,-3.7261022785043254,-3.7261022785043254,-13.361175760538657,17.087278039042982
0.002921,0,0,0,0,0,-13.297481687577303,-3.7727176142184886,-3.7727176142184886,-13.297481687577303,17.070199301795792
0.0029219999999999997,0,0,0,0,0,-13.233608139028007,-3.8195294957213184,-3.8195294957213184,-13.233608139028007,17.053137634749326
0.0029229999999999998,0,0,0,0,0,-13.169557291195563,-3.8665357296463503,-3.8665357296463503,-13.169557291195563,17.036093020841914
0.0029239999999999999,0,0,0,0,0,-13.105331327729377,-3.9137341152995662,-3.9137341152995662,-13.105331327729377,17.019065443028943
0.0029250000000000001,0,0,0,0,0,-13.040932439536885,-3.9611224447459508,-3.9611224447459508,-13.040932439536885,17.002054884282835
0.0029259999999999998,0,0,0,0,0,-12.976362824696869,-4.0086985028961575,-4.0086985028961575,-12.976362824696869,16.985061327593026
0.0029269999999999999,0,0,0,0,0,-12.911624688372033,-4.0564600675939282,-4.0564600675939282,-12.911624688372033,16.968084755965961
0.002928,0,0,0,0,0,-12.846720242721872,-4.1044049097031952,-4.1044049097031952,-12.846720242721872,16.951125152425067
0.0029289999999999997,0,0,0,0,0,-12.781651706815005,-4.1525307931957345,-4.1525307931957345,-12.781651706815005,16.934182500010738
0.0029299999999999999,0,0,0,0,0,-12.716421306540903,-4.2008354752394172,-4.2008354752394172,-12.716421306540903,16.917256781780321
0.002931,0,0,0,0,0,-12.651031274522129,-4.2493167062859634,-4.2493167062859634,-12.651031274522129,16.900347980808093
0.0029319999999999997,0,0,0,0,0,-12.585483850025492,-4.2979722301597629,-4.2979722301597629,-12.585483850025492,16.883456080185255
0.0029329999999999998,0,0,0,0,0,-12.51978127887347,-4.3467997841464348,-4.3467997841464348,-12.51978127887347,16.866581063019904
0.002934,0,0,0,0,0,-12.45392581335517,-4.3957970990818547,-4.3957970990818547,-12.45392581335517,16.849722912437024
0.0029349999999999997,0,0,0,0,0,-12.387919712137069,-4.4449618994413882,-4.4449618994413882,-12.387919712137069,16.832881611578458
0.0029359999999999998,0,0,0,0,0,-12.321765240173516,-4.4942919034293922,-4.4942919034293922,-12.321765240173516,16.816057143602908
0.0029369999999999999,0,0,0,0,0,-12.255464668616925,-4.543784823068977,-4.543784823068977,-12.255464668616925,16.799249491685902
0.0029380000000000001,0,0,0,0,0,-12.189020274727916,-4.5934383642918695,-4.5934383642918695,-12.189020274727916,16.782458639019787
0.0029389999999999998,0,0,0,0,0,-12.122434341784876,-4.6432502270288349,-4.6432502270288349,-12.122434341784876,16.765684568813711
0.0029399999999999999,0,0,0,0,0,-12.055709158993599,-4.6932181052999997,-4.6932181052999997,-12.055709158993599,16.748927264293599
0.002941,0,0,0,0,0,-11.988847021396555,-4.7433396873055935,-4.7433396873055935,-11.988847021396555,16.732186708702148
0.0029419999999999997,0,0,0,0,0,-11.921850229781933,-4.7936126555168652,-4.7936126555168652,-11.921850229781933,16.715462885298798
0.0029429999999999999,0,0,0,0,0,-11.854721090592486,-4.8440346867672428,-4.8440346867672428,-11.854721090592486,16.698755777359729
0.002944,0,0,0,0,0,-11.787461915834086,-4.8946034523437412,-4.8946034523437412,-11.787461915834086,16.682065368177827
0.0029449999999999997,0,0,0,0,0,-11.720075022984293,-4.9453166180783894,-4.9453166180783894,-11.720075022984293,16.665391641062683
0.0029459999999999998,0,0,0,0,0,-11.652562734900194,-4.9961718444403758,-4.9961718444403758,-11.652562734900194,16.648734579340569
0.002947,0,0,0,0,0,-11.584927379726649,-5.0471667866277752,-5.0471667866277752,-11.584927379726649,16.632094166354424
0.0029479999999999997,0,0,0,0,0,-11.517171290804059,-5.0982990946597706,-5.0982990946597706,-11.517171290804059,16.61547038546383
0.0029489999999999998,0,0,0,0,0,-11.449296806575571,-5.1495664134694366,-5.1495664134694366,-11.449296806575571,16.598863220045008
0.0029499999999999999,0,0,0,0,0,-11.381306270494891,-5.2009663829958956,-5.2009663829958956,-11.381306270494891,16.582272653490786
0.0029510000000000001,0,0,0,0,0,-11.313202030933068,-5.2524966382775329,-5.2524966382775329,-11.313202030933068,16.565698669210601
0.0029519999999999998,0,0,0,0,0,-11.244986441085613,-5.304154809544853,-5.304154809544853,-11.244986441085613,16.549141250630466
0.0029529999999999999,0,0,0,0,0,-11.176661858879234,-5.3559385223137266,-5.3559385223137266,-11.176661858879234,16.53260038119296
0.002954,0,0,0,0,0,-11.108230646878372,-5.407845397478841,-5.407845397478841,-11.108230646878372,16.516076044357213
0.0029549999999999997,0,0,0,0,0,-11.039695172191781,-5.4598730514071088,-5.4598730514071088,-11.039695172191781,16.499568223598889
0.0029559999999999999,0,0,0,0,0,-10.971057806378345,-5.5120190960318158,-5.5120190960318158,-10.971057806378345,16.483076902410161
0.002957,0,0,0,0,0,-10.902320925353628,-5.5642811389460833,-5.5642811389460833,-10.902320925353628,16.46660206429971
0.0029579999999999997,0,0,0,0,0,-10.833486909295338,-5.6166567834973584,-5.6166567834973584,-10.833486909295338,16.450143692792697
0.0029589999999999998,0,0,0,0,0,-10.764558142549218,-5.6691436288815265,-5.6691436288815265,-10.764558142549218,16.433701771430744
0.00296,0,0,0,0,0,-10.695537013534542,-5.721739270237391,-5.721739270237391,-10.695537013534542,16.417276283771933
0.0029609999999999997,0,0,0,0,0,-10.626425914649493,-5.7744412987412819,-5.7744412987412819,-10.626425914649493,16.400867213390775
0.0029619999999999998,0,0,0,0,0,-10.557227242176381,-5.8272473017018172,-5.8272473017018172,-10.557227242176381,16.384474543878198
0.0029629999999999999,0,0,0,0,0,-10.487943396186711,-5.8801548626548206,-5.8801548626548206,-10.487943396186711,16.368098258841531
0.0029640000000000001,0,0,0,0,0,-10.418576780446063,-5.933161561458423,-5.933161561458423,-10.418576780446063,16.351738341904486
0.0029649999999999998,0,0,0,0,0,-10.349129802319045,-5.9862649743880993,-5.9862649743880993,-10.349129802319045,16.335394776707144
0.0029659999999999999,0,0,0,0,0,-10.279604872673534,-6.039462674232408,-6.039462674232408,-10.279604872673534,16.319067546905941
0.002967,0,0,0,0,0,-10.210004405785655,-6.0927522303879886,-6.0927522303879886,-10.210004405785655,16.302756636173644
0.0029679999999999997,0,0,0,0,0,-10.140330819243765,-6.1461312089555769,-6.1461312089555769,-10.140330819243765,16.286462028199342
0.0029689999999999999,0,0,0,0,0,-10.070586533852843,-6.1995971728355821,-6.1995971728355821,-10.070586533852843,16.270183706688425
0.00297,0,0,0,0,0,-10.000773973538564,-6.2531476818240073,-6.2531476818240073,-10.000773973538564,16.253921655362571
0.0029709999999999997,0,0,0,0,0,-9.9308955652512729,-6.3067802927084538,-6.3067802927084538,-9.9308955652512729,16.237675857959726
0.0029719999999999998,0,0,0,0,0,-9.8609537388698456,-6.3604925593642463,-6.3604925593642463,-9.8609537388698456,16.221446298234092
0.0029729999999999999,0,0,0,0,0,-9.7909509271054027,-6.414282032850708,-6.414282032850708,-9.7909509271054027,16.20523295995611
0.0029740000000000001,0,0,0,0,0,-9.7208895654050664,-6.4681462615073713,-6.4681462615073713,-9.7208895654050664,16.189035826912438
0.0029749999999999998,0,0,0,0,0,-9.6507720918552948,-6.5220827910506456,-6.5220827910506456,-9.6507720918552948,16.172854882905941
0.0029759999999999999,0,0,0,0,0,-9.5806009470854292,-6.5760891646702477,-6.5760891646702477,-9.5806009470854292,16.156690111755676
0.002977,0,0,0,0,0,-9.5103785741709803,-6.630162923125889,-6.630162923125889,-9.5103785741709803,16.140541497296869
0.0029779999999999997,0,0,0,0,0,-9.4401074185368596,-6.6843016048440429,-6.6843016048440429,-9.4401074185368596,16.124409023380903
0.0029789999999999999,0,0,0,0,0,-9.3697899278605092,-6.7385027460147953,-6.7385027460147953,-9.3697899278605092,16.108292673875305
0.00298,0,0,0,0,0,-9.2994285519749393,-6.7927638806887831,-6.7927638806887831,-9.2994285519749393,16.092192432663722
0.0029809999999999997,0,0,0,0,0,-9.2290257427716949,-6.8470825408742204,-6.8470825408742204,-9.2290257427716949,16.076108283645915
0.0029819999999999998,0,0,0,0,0,-9.1585839541037242,-6.9014562566340043,-6.9014562566340043,-9.1585839541037242,16.060040210737728
0.002983,0,0,0,0,0,-9.0881056416881556,-6.9558825561829343,-6.9558825561829343,-9.0881056416881556,16.043988197871091
0.0029839999999999997,0,0,0,0,0,-9.0175932630091946,-7.0103589659847945,-7.0103589659847945,-9.0175932630091946,16.027952228993989
0.0029849999999999998,0,0,0,0,0,-8.9470492772203887,-7.0648830108500622,-7.0648830108500622,-8.9470492772203887,16.011932288070451
0.0029859999999999999,0,0,0,0,0,-8.8764761450477234,-7.1194522140328136,-7.1194522140328136,-8.8764761450477234,15.995928359080537
0.0029870000000000001,0,0,0,0,0,-8.8058763286917596,-7.1740640973285545,-7.1740640973285545,-8.8058763286917596,15.979940426020315
0.0029879999999999998,0,0,0,0,0,-8.7352522917302835,-7.228716181171567,-7.228716181171567,-8.7352522917302835,15.963968472901851
0.0029889999999999999,0,0,0,0,0,-8.664606499020687,-7.283405984732501,-7.283405984732501,-8.664606499020687,15.948012483753189
0.00299,0,0,0,0,0,-8.5939414166023074,-7.3381310260160326,-7.3381310260160326,-8.5939414166023074,15.93207244261834
0.0029909999999999997,0,0,0,0,0,-8.5232595115989191,-7.3928888219583424,-7.3928888219583424,-8.5232595115989191,15.916148333557262
0.0029919999999999999,0,0,0,0,0,-8.4525632521206298,-7.4476768885252147,-7.4476768885252147,-8.4525632521206298,15.900240140645844
0.002993,0,0,0,0,0,-8.3818551071666096,-7.5024927408092807,-7.5024927408092807,-8.3818551071666096,15.88434784797589
0.0029939999999999997,0,0,0,0,0,-8.3111375465269557,-7.5573338931281544,-7.5573338931281544,-8.3111375465269557,15.86847143965511
0.0029949999999999998,0,0,0,0,0,-8.2404130406848513,-7.6121978591222392,-7.6121978591222392,-8.2404130406848513,15.852610899807091
0.002996,0,0,0,0,0,-8.1696840607190477,-7.6670821518522443,-7.6670821518522443,-8.1696840607190477,15.836766212571293
0.0029969999999999997,0,0,0,0,0,-8.0989530782056267,-7.7219842838974007,-7.7219842838974007,-8.0989530782056267,15.820937362103027
0.0029979999999999998,0,0,0,0,0,-8.0282225651202825,-7.7769017674531602,-7.7769017674531602,-8.0282225651202825,15.805124332573442
0.0029989999999999999,0,0,0,0,0,-7.9574949937403812,-7.8318321144291243,-7.8318321144291243,-7.9574949937403812,15.789327108169505
0.0030000000000000001,0,0,0,0,0,-7.8867728365470038,-7.8867728365469896,-7.8867728365469896,-7.8867728365470038,15.773545673093993
0.0030009999999999998,0,0,0,0,0,-7.8160585661271913,-7.9417214454382776,-7.9417214454382776,-7.8160585661271913,15.757780011565469
0.0030019999999999999,0,0,0,0,0,-7.7453546550756238,-7.9966754527426458,-7.9966754527426458,-7.7453546550756238,15.74203010781827
0.003003,0,0,0,0,0,-7.6746635758971822,-8.0516323702053079,-8.0516323702053079,-7.6746635758971822,15.726295946102489
0.0030039999999999997,0,0,0,0,0,-7.603987800908631,-8.106589709775335,-8.106589709775335,-7.603987800908631,15.710577510683965
0.0030049999999999999,0,0,0,0,0,-7.5333298021408748,-8.1615449837033864,-8.1615449837033864,-7.5333298021408748,15.694874785844261
0.003006,0,0,0,0,0,-7.4626920512410111,-8.216495704639641,-8.216495704639641,-7.4626920512410111,15.679187755880651
0.0030069999999999997,0,0,0,0,0,-7.3920770193744376,-8.2714393857316661,-8.2714393857316661,-7.3920770193744376,15.663516405106105
0.0030079999999999998,0,0,0,0,0,-7.3214871771269765,-8.3263735407222903,-8.3263735407222903,-7.3214871771269765,15.647860717849268
0.003009,0,0,0,0,0,-7.2509249944069882,-8.3812956840474655,-8.3812956840474655,-7.2509249944069882,15.632220678454454
0.0030099999999999997,0,0,0,0,0,-7.1803929403477227,-8.436203330933898,-8.436203330933898,-7.1803929403477227,15.616596271281621
0.0030109999999999998,0,0,0,0,0,-7.1098934832091718,-8.4910939974971882,-8.4910939974971882,-7.1098934832091718,15.60098748070636
0.0030119999999999999,0,0,0,0,0,-7.0394290902806311,-8.5459652008392482,-8.5459652008392482,-7.0394290902806311,15.585394291119879
0.0030130000000000001,0,0,0,0,0,-6.9690022277829415,-8.6008144591460471,-8.6008144591460471,-6.9690022277829415,15.56981668692899
0.0030139999999999998,0,0,0,0,0,-6.8986153607706369,-8.6556392917854481,-8.6556392917854481,-6.8986153607706369,15.554254652556084
0.0030149999999999999,0,0,0,0,0,-6.8282709530344512,-8.7104372194046764,-8.7104372194046764,-6.8282709530344512,15.538708172439128
0.003016,0,0,0,0,0,-6.7579714670037037,-8.7652057640279324,-8.7652057640279324,-6.7579714670037037,15.523177231031637
0.0030169999999999997,0,0,0,0,0,-6.6877193636487746,-8.8199424491538974,-8.8199424491538974,-6.6877193636487746,15.507661812802672
0.0030179999999999998,0,0,0,0,0,-6.6175171023836317,-8.874644799853181,-8.874644799853181,-6.6175171023836317,15.492161902236813
0.003019,0,0,0,0,0,-6.5473671409683867,-8.9293103428657599,-8.9293103428657599,-6.5473671409683867,15.476677483834147
0.0030199999999999997,0,0,0,0,0,-6.4772719354121335,-8.9839366066981192,-8.9839366066981192,-6.4772719354121335,15.461208542110253
0.0030209999999999998,0,0,0,0,0,-6.4072339398752884,-9.0385211217209012,-9.0385211217209012,-6.4072339398752884,15.44575506159619
0.0030219999999999999,0,0,0,0,0,-6.3372556065728789,-9.0930614202655953,-9.0930614202655953,-6.3372556065728789,15.430317026838475
0.0030230000000000001,0,0,0,0,0,-6.2673393856770421,-9.1475550367220322,-9.1475550367220322,-6.2673393856770421,15.414894422399074
0.0030239999999999998,0,0,0,0,0,-6.1974877252201495,-9.2019995076352306,-9.2019995076352306,-6.1974877252201495,15.39948723285538
0.0030249999999999999,0,0,0,0,0,-6.1277030709978257,-9.2563923718023755,-9.2563923718023755,-6.1277030709978257,15.384095442800202
0.003026,0,0,0,0,0,-6.0579878664720406,-9.3107311703697082,-9.3107311703697082,-6.0579878664720406,15.368719036841748
0.0030269999999999997,0,0,0,0,0,-5.9883445526745085,-9.3650134469291029,-9.3650134469291029,-5.9883445526745085,15.353357999603611
0.0030279999999999999,0,0,0,0,0,-5.918775568109627,-9.4192367476151269,-9.4192367476151269,-5.918775568109627,15.338012315724754
0.003029,0,0,0,0,0,-5.8492833486583855,-9.4733986212011061,-9.4733986212011061,-5.8492833486583855,15.322681969859492
0.0030299999999999997,0,0,0,0,0,-5.7798703274815448,-9.5274966191959312,-9.5274966191959312,-5.7798703274815448,15.307366946677476
0.0030309999999999998,0,0,0,0,0,-5.7105389349232603,-9.5815282959404211,-9.5815282959404211,-5.7105389349232603,15.292067230863681
0.003032,0,0,0,0,0,-5.641291598415151,-9.6354912087032414,-9.6354912087032414,-5.641291598415151,15.276782807118392
0.0030329999999999997,0,0,0,0,0,-5.5721307423798088,-9.689382917777376,-9.689382917777376,-5.5721307423798088,15.261513660157185
0.0030339999999999998,0,0,0,0,0,-5.5030587881349415,-9.7432009865759674,-9.7432009865759674,-5.5030587881349415,15.246259774710909
0.0030349999999999999,0,0,0,0,0,-5.4340781537974507,-9.7969429817282272,-9.7969429817282272,-5.4340781537974507,15.231021135525678
0.0030360000000000001,0,0,0,0,0,-5.3651912541876197,-9.8506064731752314,-9.8506064731752314,-5.3651912541876197,15.215797727362851
0.0030369999999999998,0,0,0,0,0,-5.2964005007336485,-9.9041890342653716,-9.9041890342653716,-5.2964005007336485,15.20058953499902
0.0030379999999999999,0,0,0,0,0,-5.2277083013757624,-9.9576882418502279,-9.9576882418502279,-5.2277083013757624,15.185396543225991
0.003039,0,0,0,0,0,-5.1591170604713277,-10.011101676379443,-10.011101676379443,-5.1591170604713277,15.170218736850771
0.0030399999999999997,0,0,0,0,0,-5.090629178699249,-10.064426921996303,-10.064426921996303,-5.090629178699249,15.155056100695552
0.0030409999999999999,0,0,0,0,0,-5.0222470529650511,-10.117661566632645,-10.117661566632645,-5.0222470529650511,15.139908619597696
0.003042,0,0,0,0,0,-4.9539730763059193,-10.170803202103802,-10.170803202103802,-4.9539730763059193,15.124776278409721
0.0030429999999999997,0,0,0,0,0,-4.8858096377959193,-10.223849424203365,-10.223849424203365,-4.8858096377959193,15.109659061999285
0.0030439999999999998,0,0,0,0,0,-4.8177591224513678,-10.276797832797801,-10.276797832797801,-4.8177591224513678,15.094556955249169
0.003045,0,0,0,0,0,-4.7498239111363461,-10.329646031920921,-10.329646031920921,-4.7498239111363461,15.079469943057267
0.0030459999999999997,0,0,0,0,0,-4.6820063804685654,-10.382391629868,-10.382391629868,-4.6820063804685654,15.064398010336566
0.0030469999999999998,0,0,0,0,0,-4.6143089027248934,-10.435032239290237,-10.435032239290237,-4.6143089027248934,15.04934114201513
0.0030479999999999999,0,0,0,0,0,-4.5467338457477116,-10.487565477288378,-10.487565477288378,-4.5467338457477116,15.034299323036089
0.0030490000000000001,0,0,0,0,0,-4.4792835728510925,-10.539988965506531,-10.539988965506531,-4.4792835728510925,15.019272538357624
0.0030499999999999998,0,0,0,0,0,-4.4119604427270254,-10.592300330225925,-10.592300330225925,-4.4119604427270254,15.00426077295295
0.0030509999999999999,0,0,0,0,0,-4.3447668093521283,-10.644497202458171,-10.644497202458171,-4.3447668093521283,14.989264011810299
0.003052,0,0,0,0,0,-4.2777050218943904,-10.696577218038517,-10.696577218038517,-4.2777050218943904,14.974282239932908
0.0030529999999999997,0,0,0,0,0,-4.2107774246201126,-10.748538017718893,-10.748538017718893,-4.2107774246201126,14.959315442339005
0.0030539999999999999,0,0,0,0,0,-4.1439863568010677,-10.800377247260723,-10.800377247260723,-4.1439863568010677,14.944363604061792
0.003055,0,0,0,0,0,-4.077334152621809,-10.852092557527619,-10.852092557527619,-4.077334152621809,14.929426710149428
0.0030559999999999997,0,0,0,0,0,-4.0108231410873838,-10.903681604577635,-10.903681604577635,-4.0108231410873838,14.914504745665019
0.0030569999999999998,0,0,0,0,0,-3.944455645930725,-10.955142049755873,-10.955142049755873,-3.944455645930725,14.899597695686598
0.003058,0,0,0,0,0,-3.878233985521069,-11.006471559786045,-11.006471559786045,-3.878233985521069,14.884705545307114
0.0030589999999999997,0,0,0,0,0,-3.8121604727717742,-11.057667806862641,-11.057667806862641,-3.8121604727717742,14.869828279634415
0.0030599999999999998,0,0,0,0,0,-3.7462374150488653,-11.10872846874237,-11.10872846874237,-3.7462374150488653,14.854965883791236
0.0030609999999999999,0,0,0,0,0,-3.6804671140796148,-11.159651228835562,-11.159651228835562,-3.6804671140796148,14.840118342915178
0.0030620000000000001,0,0,0,0,0,-3.6148518658613393,-11.210433776297359,-11.210433776297359,-3.6148518658613393,14.825285642158699
0.0030629999999999998,0,0,0,0,0,-3.5493939605706215,-11.261073806118478,-11.261073806118478,-3.5493939605706215,14.810467766689099
0.0030639999999999999,0,0,0,0,0,-3.4840956824722666,-11.311569019216233,-11.311569019216233,-3.4840956824722666,14.7956647016885
0.003065,0,0,0,0,0,-3.4189593098291233,-11.361917122524712,-11.361917122524712,-3.4189593098291233,14.780876432353836
0.0030659999999999997,0,0,0,0,0,-3.3539871148118383,-11.412115829084996,-11.412115829084996,-3.3539871148118383,14.766102943896835
0.0030669999999999998,0,0,0,0,0,-3.2891813634085318,-11.462162858135475,-11.462162858135475,-3.2891813634085318,14.751344221544008
0.003068,0,0,0,0,0,-3.2245443153354971,-11.512055935201136,-11.512055935201136,-3.2245443153354971,14.736600250536632
0.0030689999999999997,0,0,0,0,0,-3.1600782239473313,-11.561792792183404,-11.561792792183404,-3.1600782239473313,14.721871016130736
0.0030699999999999998,0,0,0,0,0,-3.095785336147844,-11.611371167449239,-11.611371167449239,-3.095785336147844,14.707156503597082
0.0030709999999999999,0,0,0,0,0,-3.0316678923010221,-11.660788805920134,-11.660788805920134,-3.0316678923010221,14.692456698221157
0.0030720000000000001,0,0,0,0,0,-2.9677281261422523,-11.710043459160904,-11.710043459160904,-2.9677281261422523,14.677771585303155
0.0030729999999999998,0,0,0,0,0,-2.9039682646900049,-11.759132885467956,-11.759132885467956,-2.9039682646900049,14.663101150157962
0.0030739999999999999,0,0,0,0,0,-2.8403905281572586,-11.80805484995788,-11.80805484995788,-2.8403905281572586,14.64844537811514
0.003075,0,0,0,0,0,-2.7769971298640055,-11.856807124654912,-11.856807124654912,-2.7769971298640055,14.633804254518918
0.0030759999999999997,0,0,0,0,0,-2.7137902761492247,-11.905387488578945,-11.905387488578945,-2.7137902761492247,14.619177764728169
0.0030769999999999999,0,0,0,0,0,-2.6507721662836392,-11.953793727832764,-11.953793727832764,-2.6507721662836392,14.604565894116403
0.003078,0,0,0,0,0,-2.5879449923825737,-12.002023635689174,-12.002023635689174,-2.5879449923825737,14.589968628071748
0.0030789999999999997,0,0,0,0,0,-2.5253109393191053,-12.050075012677832,-12.050075012677832,-2.5253109393191053,14.575385951996937
0.0030799999999999998,0,0,0,0,0,-2.4628721846375257,-12.097945666671768,-12.097945666671768,-2.4628721846375257,14.560817851309293
0.003081,0,0,0,0,0,-2.4006308984670373,-12.145633412973677,-12.145633412973677,-2.4006308984670373,14.546264311440714
0.0030819999999999997,0,0,0,0,0,-2.3385892434359521,-12.193136074401707,-12.193136074401707,-2.3385892434359521,14.531725317837658
0.0030829999999999998,0,0,0,0,0,-2.2767493745856981,-12.240451481375432,-12.240451481375432,-2.2767493745856981,14.51720085596113
0.0030839999999999999,0,0,0,0,0,-2.2151134392857399,-12.28757747200093,-12.28757747200093,-2.2151134392857399,14.502690911286669
0.0030850000000000001,0,0,0,0,0,-2.1536835771484677,-12.334511892155859,-12.334511892155859,-2.1536835771484677,14.488195469304326
0.0030859999999999998,0,0,0,0,0,-2.0924619199442862,-12.381252595574376,-12.381252595574376,-2.0924619199442862,14.473714515518662
0.0030869999999999999,0,0,0,0,0,-2.031450591517288,-12.42779744393143,-12.42779744393143,-2.031450591517288,14.459248035448718
0.003088,0,0,0,0,0,-1.9706517077010766,-12.474144306926938,-12.474144306926938,-1.9706517077010766,14.444796014628015
0.0030889999999999997,0,0,0,0,0,-1.9100673762349549,-12.520291062369576,-12.520291062369576,-1.9100673762349549,14.43035843860453
0.0030899999999999999,0,0,0,0,0,-1.8496996966804105,-12.566235596260277,-12.566235596260277,-1.8496996966804105,14.415935292940688
0.003091,0,0,0,0,0,-1.7895507603379173,-12.611975802875422,-12.611975802875422,-1.7895507603379173,14.40152656321334
0.0030919999999999997,0,0,0,0,0,-1.7296226501642256,-12.657509584849528,-12.657509584849528,-1.7296226501642256,14.387132235013754
0.0030929999999999998,0,0,0,0,0,-1.6699174406895114,-12.702834853258091,-12.702834853258091,-1.6699174406895114,14.372752293947602
0.003094,0,0,0,0,0,-1.6104371979356067,-12.747949527699335,-12.747949527699335,-1.6104371979356067,14.358386725634942
0.0030949999999999997,0,0,0,0,0,-1.5511839793338149,-12.792851536376389,-12.792851536376389,-1.5511839793338149,14.344035515710203
0.0030959999999999998,0,0,0,0,0,-1.4921598336435462,-12.837538816178631,-12.837538816178631,-1.4921598336435462,14.329698649822177
0.0030969999999999999,0,0,0,0,0,-1.4333668008711138,-12.882009312762879,-12.882009312762879,-1.4333668008711138,14.315376113633993
0.0030980000000000001,0,0,0,0,0,-1.3748069121888822,-12.926260980634234,-12.926260980634234,-1.3748069121888822,14.301067892823117
0.0030989999999999998,0,0,0,0,0,-1.3164821898549333,-12.97029178322639,-12.97029178322639,-1.3164821898549333,14.286773973081324
0.0030999999999999999,0,0,0,0,0,-1.2583946471326506,-13.014099692982045,-13.014099692982045,-1.2583946471326506,14.272494340114696
0.003101,0,0,0,0,0,-1.200546288211215,-13.057682691432383,-13.057682691432383,-1.200546288211215,14.258228979643597
0.0031019999999999997,0,0,0,0,0,-1.1429391081261855,-13.101038769276482,-13.101038769276482,-1.1429391081261855,14.243977877402667
0.0031029999999999999,0,0,0,0,0,-1.0855750926801688,-13.14416592646063,-13.14416592646063,-1.0855750926801688,14.2297410191408
0.003104,0,0,0,0,0,-1.0284562183645338,-13.187062172256605,-13.187062172256605,-1.0284562183645338,14.215518390621138
0.0031049999999999997,0,0,0,0,0,-0.97158445228078261,-13.229725525340271,-13.229725525340271,-0.97158445228078261,14.201309977621053
0.0031059999999999998,0,0,0,0,0,-0.91496175206274444,-13.272154013869383,-13.272154013869383,-0.91496175206274444,14.187115765932127
0.003107,0,0,0,0,0,-0.85859006579897645,-13.314345675561173,-13.314345675561173,-0.85859006579897645,14.172935741360149
0.0031079999999999997,0,0,0,0,0,-0.80247133195557296,-13.356298557769522,-13.356298557769522,-0.80247133195557296,14.158769889725095
0.0031089999999999998,0,0,0,0,0,-0.74660747929934423,-13.398010717561766,-13.398010717561766,-0.74660747929934423,14.14461819686111
0.0031099999999999999,0,0,0,0,0,-0.69100042682136209,-13.43948022179514,-13.43948022179514,-0.69100042682136209,14.130480648616501
0.0031110000000000001,0,0,0,0,0,-0.63565208366102688,-13.48070514719269,-13.48070514719269,-0.63565208366102688,14.116357230853717
0.0031119999999999997,0,0,0,0,0,-0.5805643490302419,-13.521683580419099,-13.521683580419099,-0.5805643490302419,14.102247929449341
0.0031129999999999999,0,0,0,0,0,-0.52573911213826463,-13.562413618155805,-13.562413618155805,-0.52573911213826463,14.08815273029407
0.003114,0,0,0,0,0,-0.47117825211680753,-13.602893367175895,-13.602893367175895,-0.47117825211680753,14.074071619292702
0.0031149999999999997,0,0,0,0,0,-0.41688363794556782,-13.643120944418559,-13.643120944418559,-0.41688363794556782,14.060004582364128
0.0031159999999999998,0,0,0,0,0,-0.3628571283781632,-13.683094477063143,-13.683094477063143,-0.3628571283781632,14.045951605441306
0.003117,0,0,0,0,0,-0.3091005718684583,-13.722812102602802,-13.722812102602802,-0.3091005718684583,14.031912674471261
0.0031179999999999997,0,0,0,0,0,-0.25561580649731752,-13.762271968917743,-13.762271968917743,-0.25561580649731752,14.01788777541506
0.0031189999999999998,0,0,0,0,0,-0.20240465989974332,-13.80147223434806,-13.80147223434806,-0.20240465989974332,14.003876894247803
0.0031199999999999999,0,0,0,0,0,-0.14946894919242748,-13.84041106776618,-13.84041106776618,-0.14946894919242748,13.989880016958606
0.0031209999999999996,0,0,0,0,0,-0.096810480901850404,-13.879086648648741,-13.879086648648741,-0.096810480901850404,13.975897129550592
0.0031219999999999998,0,0,0,0,0,-0.044431050892402624,-13.91749716714847,-13.91749716714847,-0.044431050892402624,13.961928218040873
0.0031229999999999999,0.14551735096051743,0.14551735096051743,0,0,0.14551735096051743,0,-13.961853206359809,-13.961853206359809,0,13.961853206359809
0.003124,0.99116562666836217,0.99116562666836217,0,0,0.99116562666836217,0,-14.043087739710259,-14.043087739710259,0,14.043087739710259
0.0031249999999999997,1.0304944805066043,1.0304944805066043,0,0,1.0304944805066043,0,-14.131830678925837,-14.131830678925837,0,14.131830678925837
0.0031259999999999999,1.0280752638461763,1.0280752638461763,0,0,1.0280752638461763,0,-14.220432791547195,-14.220432791547195,0,14.220432791547195
0.003127,1.0234580144717711,1.0234580144717711,0,0,1.0234580144717711,0,-14.308495080291896,-14.308495080291896,0,14.308495080291896
0.0031279999999999997,1.0186887600316368,1.0186887600316368,0,0,1.0186887600316368,0,-14.395993610157758,-14.395993610157758,0,14.395993610157758
0.0031289999999999998,1.0138735166076458,1.0138735166076458,0,0,1.0138735166076458,0,-14.482923868574836,-14.482923868574836,0,14.482923868574836
0.00313,1.0090179485705448,1.0090179485705448,0,0,1.0090179485705448,0,-14.569282368942497,-14.569282368942497,0,14.569282368942497
0.0031309999999999997,1.0041225307857076,1.0041225307857076,0,0,1.0041225307857076,0,-14.655065699143265,-14.655065699143265,0,14.655065699143265
0.0031319999999999998,0.99918747116498707,0.99918747116498707,0,0,0.99918747116498707,0,-14.740270472451794,-14.740270472451794,0,14.740270472451794
0.0031329999999999999,0.99421296529067149,0.99421296529067149,0,0,0.99421296529067149,0,-14.824893325121836,-14.824893325121836,0,14.824893325121836
0.0031340000000000001,0.98919920958974217,0.98919920958974217,0,0,0.98919920958974217,0,-14.908930916387746,-14.908930916387746,0,14.908930916387746
0.0031349999999999998,0.98414640199666792,0.98414640199666792,0,0,0.98414640199666792,0,-14.992379928589173,-14.992379928589173,0,14.992379928589173
0.0031359999999999999,0.97905474199001219,0.97905474199001219,0,0,0.97905474199001219,0,-15.075237067302124,-15.075237067302124,0,15.075237067302124
0.003137,0.97392443057833589,0.97392443057833589,0,0,0.97392443057833589,0,-15.157499061468641,-15.157499061468641,0,15.157499061468641
0.0031379999999999997,0.9687556702965594,0.9687556702965594,0,0,0.9687556702965594,0,-15.239162663525928,-15.239162663525928,0,15.239162663525928
0.0031389999999999999,0.96354866520141513,0.96354866520141513,0,0,0.96354866520141513,0,-15.320224649534961,-15.320224649534961,0,15.320224649534961
0.00314,0.95830362085371235,0.95830362085371235,0,0,0.95830362085371235,0,-15.40068181930722,-15.40068181930722,0,15.40068181930722
0.0031409999999999997,0.95302074432015615,0.95302074432015615,0,0,0.95302074432015615,0,-15.480530996531442,-15.480530996531442,0,15.480530996531442
0.0031419999999999998,0.94770024415947773,0.94770024415947773,0,0,0.94770024415947773,0,-15.559769028898836,-15.559769028898836,0,15.559769028898836
0.003143,0.94234233041606785,0.94234233041606785,0,0,0.94234233041606785,0,-15.638392788227559,-15.638392788227559,0,15.638392788227559
0.0031439999999999997,0.93694721461065456,0.93694721461065456,0,0,0.93694721461065456,0,-15.716399170586225,-15.716399170586225,0,15.716399170586225
0.0031449999999999998,0.93151510973370932,0.93151510973370932,0,0,0.93151510973370932,0,-15.793785096416421,-15.793785096416421,0,15.793785096416421
0.0031459999999999999,0.92604623023544264,0.92604623023544264,0,0,0.92604623023544264,0,-15.870547510654339,-15.870547510654339,0,15.870547510654339
0.0031470000000000001,0.92054079201716377,0.92054079201716377,0,0,0.92054079201716377,0,-15.946683382851232,-15.946683382851232,0,15.946683382851232
0.0031479999999999998,0.91499901242445958,0.91499901242445958,0,0,0.91499901242445958,0,-16.022189707293222,-16.022189707293222,0,16.022189707293222
0.0031489999999999999,0.90942111023878169,0.90942111023878169,0,0,0.90942111023878169,0,-16.097063503120026,-16.097063503120026,0,16.097063503120026
0.00315,0.9038073056635767,0.9038073056635767,0,0,0.9038073056635767,0,-16.17130181444228,-16.17130181444228,0,16.17130181444228
0.0031509999999999997,0.8981578203238314,0.8981578203238314,0,0,0.8981578203238314,0,-16.244901710458606,-16.244901710458606,0,16.244901710458606
0.0031519999999999999,0.89247287725152091,0.89247287725152091,0,0,0.89247287725152091,0,-16.317860285571125,-16.317860285571125,0,16.317860285571125
0.003153,0.88675270087765057,0.88675270087765057,0,0,0.88675270087765057,0,-16.390174659500225,-16.390174659500225,0,16.390174659500225
0.0031539999999999997,0.88099751702634421,0.88099751702634421,0,0,0.88099751702634421,0,-16.46184197739824,-16.46184197739824,0,16.46184197739824
0.0031549999999999998,0.87520755290074703,0.87520755290074703,0,0,0.87520755290074703,0,-16.532859409962178,-16.532859409962178,0,16.532859409962178
0.003156,0.86938303708029707,0.86938303708029707,0,0,0.86938303708029707,0,-16.603224153545437,-16.603224153545437,0,16.603224153545437
0.0031569999999999997,0.86352419950503645,0.86352419950503645,0,0,0.86352419950503645,0,-16.672933430268312,-16.672933430268312,0,16.672933430268312
0.0031579999999999998,0.85763127147447449,0.85763127147447449,0,0,0.85763127147447449,0,-16.741984488128068,-16.741984488128068,0,16.741984488128068
0.0031589999999999999,0.8517044856287157,0.8517044856287157,0,0,0.8517044856287157,0,-16.810374601107068,-16.810374601107068,0,16.810374601107068
0.00316,0.84574407594845979,0.84574407594845979,0,0,0.84574407594845979,0,-16.878101069280785,-16.878101069280785,0,16.878101069280785
0.0031609999999999997,0.83975027774022237,0.83975027774022237,0,0,0.83975027774022237,0,-16.945161218924227,-16.945161218924227,0,16.945161218924227
0.0031619999999999999,0.83372332762883161,0.83372332762883161,0,0,0.83372332762883161,0,-17.011552402617507,-17.011552402617507,0,17.011552402617507
0.003163,0.82766346354901543,0.82766346354901543,0,0,0.82766346354901543,0,-17.077271999350408,-17.077271999350408,0,17.077271999350408
0.0031639999999999997,0.82157092473084958,0.82157092473084958,0,0,0.82157092473084958,0,-17.14231741462569,-17.14231741462569,0,17.14231741462569
0.0031649999999999998,0.81544595170157663,0.81544595170157663,0,0,0.81544595170157663,0,-17.206686080561845,-17.206686080561845,0,17.206686080561845
0.003166,0.80928878626104961,0.80928878626104961,0,0,0.80928878626104961,0,-17.270375455994081,-17.270375455994081,0,17.270375455994081
0.0031669999999999997,0.80309967148468786,0.80309967148468786,0,0,0.80309967148468786,0,-17.333383026574896,-17.333383026574896,0,17.333383026574896
0.0031679999999999998,0.79687885170960726,0.79687885170960726,0,0,0.79687885170960726,0,-17.395706304873393,-17.395706304873393,0,17.395706304873393
0.0031689999999999999,0.79062657252075041,0.79062657252075041,0,0,0.79062657252075041,0,-17.457342830473166,-17.457342830473166,0,17.457342830473166
0.0031699999999999996,0.78434308074929504,0.78434308074929504,0,0,0.78434308074929504,0,-17.518290170069747,-17.518290170069747,0,17.518290170069747
0.0031709999999999998,0.7780286244560557,0.7780286244560557,0,0,0.7780286244560557,0,-17.57854591756653,-17.57854591756653,0,17.57854591756653
0.0031719999999999999,0.77168345292443519,0.77168345292443519,0,0,0.77168345292443519,0,-17.638107694169783,-17.638107694169783,0,17.638107694169783
0.003173,0.76530781665201175,0.76530781665201175,0,0,0.76530781665201175,0,-17.696973148482577,-17.696973148482577,0,17.696973148482577
0.0031739999999999997,0.75890196733644188,0.75890196733644188,0,0,0.75890196733644188,0,-17.755139956597482,-17.755139956597482,0,17.755139956597482
0.0031749999999999999,0.75246615787204973,0.75246615787204973,0,0,0.75246615787204973,0,-17.812605822188623,-17.812605822188623,0,17.812605822188623
0.003176,0.74600064233118246,0.74600064233118246,0,0,0.74600064233118246,0,-17.869368476601945,-17.869368476601945,0,17.869368476601945
0.0031769999999999997,0.73950567596239125,0.73950567596239125,0,0,0.73950567596239125,0,-17.925425678945071,-17.925425678945071,0,17.925425678945071
0.0031779999999999998,0.73298151517587939,0.73298151517587939,0,0,0.73298151517587939,0,-17.980775216175633,-17.980775216175633,0,17.980775216175633
0.003179,0.72642841753417997,0.72642841753417997,0,0,0.72642841753417997,0,-18.035414903188688,-18.035414903188688,0,18.035414903188688
0.0031799999999999997,0.71984664174260615,0.71984664174260615,0,0,0.71984664174260615,0,-18.089342582902933,-18.089342582902933,0,18.089342582902933
0.0031809999999999998,0.71323644763788252,0.71323644763788252,0,0,0.71323644763788252,0,-18.142556126345923,-18.142556126345923,0,18.142556126345923
0.0031819999999999999,0.70659809618018699,0.70659809618018699,0,0,0.70659809618018699,0,-18.195053432738106,-18.195053432738106,0,18.195053432738106
0.0031830000000000001,0.69993184943859887,0.69993184943859887,0,0,0.69993184943859887,0,-18.246832429575658,-18.246832429575658,0,18.246832429575658
0.0031839999999999998,0.69323797058632408,0.69323797058632408,0,0,0.69323797058632408,0,-18.297891072712446,-18.297891072712446,0,18.297891072712446
0.0031849999999999999,0.68651672388682528,0.68651672388682528,0,0,0.68651672388682528,0,-18.348227346440741,-18.348227346440741,0,18.348227346440741
0.003186,0.67976837468154372,0.67976837468154372,0,0,0.67976837468154372,0,-18.397839263570575,-18.397839263570575,0,18.397839263570575
0.0031869999999999997,0.67299318938466968,0.67299318938466968,0,0,0.67299318938466968,0,-18.446724865508429,-18.446724865508429,0,18.446724865508429
0.0031879999999999999,0.66619143546972737,0.66619143546972737,0,0,0.66619143546972737,0,-18.494882222334439,-18.494882222334439,0,18.494882222334439
0.003189,0.65936338145752416,0.65936338145752416,0,0,0.65936338145752416,0,-18.542309432878625,-18.542309432878625,0,18.542309432878625
0.0031899999999999997,0.65250929690773773,0.65250929690773773,0,0,0.65250929690773773,0,-18.589004624795919,-18.589004624795919,0,18.589004624795919
0.0031909999999999998,0.64562945240845693,0.64562945240845693,0,0,0.64562945240845693,0,-18.634965954640101,-18.634965954640101,0,18.634965954640101
0.003192,0.63872411956390351,0.63872411956390351,0,0,0.63872411956390351,0,-18.680191607936592,-18.680191607936592,0,18.680191607936592
0.0031929999999999997,0.63179357098420041,0.63179357098420041,0,0,0.63179357098420041,0,-18.72467979925397,-18.72467979925397,0,18.72467979925397
0.0031939999999999998,0.62483808027695886,0.62483808027695886,0,0,0.62483808027695886,0,-18.768428772274699,-18.768428772274699,0,18.768428772274699
0.0031949999999999999,0.61785792203136225,0.61785792203136225,0,0,0.61785792203136225,0,-18.811436799864179,-18.811436799864179,0,18.811436799864179
0.0031960000000000001,0.61085337181339128,0.61085337181339128,0,0,0.61085337181339128,0,-18.853702184139138,-18.853702184139138,0,18.853702184139138
0.0031969999999999998,0.6038247061499078,0.6038247061499078,0,0,0.6038247061499078,0,-18.895223256534575,-18.895223256534575,0,18.895223256534575
0.0031979999999999999,0.59677220252183361,0.59677220252183361,0,0,0.59677220252183361,0,-18.935998377869645,-18.935998377869645,0,18.935998377869645
0.003199,0.58969613934846166,0.58969613934846166,0,0,0.58969613934846166,0,-18.976025938412405,-18.976025938412405,0,18.976025938412405
0.0031999999999999997,0.58259679598086223,0.58259679598086223,0,0,0.58259679598086223,0,-19.015304357943236,-19.015304357943236,0,19.015304357943236
0.0032009999999999999,0.57547445268983211,0.57547445268983211,0,0,0.57547445268983211,0,-19.053832085817447,-19.053832085817447,0,19.053832085817447
0.003202,0.56832939065293431,0.56832939065293431,0,0,0.56832939065293431,0,-19.091607601026322,-19.091607601026322,0,19.091607601026322
0.0032029999999999997,0.56116189194426624,0.56116189194426624,0,0,0.56116189194426624,0,-19.128629412257137,-19.128629412257137,0,19.128629412257137
0.0032039999999999998,0.55397223952536478,0.55397223952536478,0,0,0.55397223952536478,0,-19.164896057952248,-19.164896057952248,0,19.164896057952248
0.0032049999999999999,0.54676071723065434,0.54676071723065434,0,0,0.54676071723065434,0,-19.20040610636654,-19.20040610636654,0,19.20040610636654
0.0032059999999999996,0.53952760975948877,0.53952760975948877,0,0,0.53952760975948877,0,-19.235158155624106,-19.235158155624106,0,19.235158155624106
0.0032069999999999998,0.5322732026615995,0.5322732026615995,0,0,0.5322732026615995,0,-19.269150833773558,-19.269150833773558,0,19.269150833773558
0.0032079999999999999,0.52499778232981953,0.52499778232981953,0,0,0.52499778232981953,0,-19.30238279884216,-19.30238279884216,0,19.30238279884216
0.003209,0.5177016359841673,0.5177016359841673,0,0,0.5177016359841673,0,-19.334852738888856,-19.334852738888856,0,19.334852738888856
0.0032099999999999997,0.51038505166388859,0.51038505166388859,0,0,0.51038505166388859,0,-19.36655937205596,-19.36655937205596,0,19.36655937205596
0.0032109999999999999,0.50304831821586049,0.50304831821586049,0,0,0.50304831821586049,0,-19.397501446619948,-19.397501446619948,0,19.397501446619948
0.003212,0.49569172528208583,0.49569172528208583,0,0,0.49569172528208583,0,-19.42767774104065,-19.42767774104065,0,19.42767774104065
0.0032129999999999997,0.48831556328696024,0.48831556328696024,0,0,0.48831556328696024,0,-19.457087064009649,-19.457087064009649,0,19.457087064009649
0.0032139999999999998,0.48092012343045099,0.48092012343045099,0,0,0.48092012343045099,0,-19.485728254497225,-19.485728254497225,0,19.485728254497225
0.003215,0.47350569767058914,0.47350569767058914,0,0,0.47350569767058914,0,-19.513600181798228,-19.513600181798228,0,19.513600181798228
0.0032159999999999997,0.46607257871642105,0.46607257871642105,0,0,0.46607257871642105,0,-19.54070174557669,-19.54070174557669,0,19.54070174557669
0.0032169999999999998,0.45862106001482061,0.45862106001482061,0,0,0.45862106001482061,0,-19.567031875909276,-19.567031875909276,0,19.567031875909276
0.0032179999999999999,0.45115143573934802,0.45115143573934802,0,0,0.45115143573934802,0,-19.592589533327541,-19.592589533327541,0,19.592589533327541
0.0032189999999999996,0.44366400077706203,0.44366400077706203,0,0,0.44366400077706203,0,-19.617373708858892,-19.617373708858892,0,19.617373708858892
0.0032199999999999998,0.43615905072033456,0.43615905072033456,0,0,0.43615905072033456,0,-19.641383424066554,-19.641383424066554,0,19.641383424066554
0.0032209999999999999,0.42863688185116189,0.42863688185116189,0,0,0.42863688185116189,0,-19.664617731088075,-19.664617731088075,0,19.664617731088075
0.003222,0.42109779113138757,0.42109779113138757,0,0,0.42109779113138757,0,-19.687075712672787,-19.687075712672787,0,19.687075712672787
0.0032229999999999997,0.41354207619247063,0.41354207619247063,0,0,0.41354207619247063,0,-19.708756482218028,-19.708756482218028,0,19.708756482218028
0.0032239999999999999,0.40597003532002418,0.40597003532002418,0,0,0.40597003532002418,0,-19.729659183804152,-19.729659183804152,0,19.729659183804152
0.003225,0.39838196744562993,0.39838196744562993,0,0,0.39838196744562993,0,-19.749782992228287,-19.749782992228287,0,19.749782992228287
0.0032259999999999997,0.39077817213342314,0.39077817213342314,0,0,0.39077817213342314,0,-19.769127113036934,-19.769127113036934,0,19.769127113036934
0.0032269999999999998,0.38315894956781449,0.38315894956781449,0,0,0.38315894956781449,0,-19.78769078255733,-19.78769078255733,0,19.78769078255733
0.003228,0.3755246005432582,0.3755246005432582,0,0,0.3755246005432582,0,-19.805473267927589,-19.805473267927589,0,19.805473267927589
0.0032289999999999997,0.36787542645038229,0.36787542645038229,0,0,0.36787542645038229,0,-19.822473867125613,-19.822473867125613,0,19.822473867125613
0.0032299999999999998,0.36021172926575673,0.36021172926575673,0,0,0.36021172926575673,0,-19.838691908996893,-19.838691908996893,0,19.838691908996893
0.0032309999999999999,0.35253381153893315,0.35253381153893315,0,0,0.35253381153893315,0,-19.85412675328088,-19.85412675328088,0,19.85412675328088
0.0032320000000000001,0.34484197638062142,0.34484197638062142,0,0,0.34484197638062142,0,-19.868777790636354,-19.868777790636354,0,19.868777790636354
0.0032329999999999998,0.33713652745132094,0.33713652745132094,0,0,0.33713652745132094,0,-19.882644442665459,-19.882644442665459,0,19.882644442665459
0.0032339999999999999,0.32941776895017938,0.32941776895017938,0,0,0.32941776895017938,0,-19.895726161936498,-19.895726161936498,0,19.895726161936498
0.003235,0.3216860055986217,0.3216860055986217,0,0,0.3216860055986217,0,-19.908022432005616,-19.908022432005616,0,19.908022432005616
0.0032359999999999997,0.31394154263443852,0.31394154263443852,0,0,0.31394154263443852,0,-19.919532767437097,-19.919532767437097,0,19.919532767437097
0.0032369999999999999,0.30618468579609726,0.30618468579609726,0,0,0.30618468579609726,0,-19.930256713822629,-19.930256713822629,0,19.930256713822629
0.003238,0.298415741310464,0.298415741310464,0,0,0.298415741310464,0,-19.940193847799172,-19.940193847799172,0,19.940193847799172
0.0032389999999999997,0.29063501588211693,0.29063501588211693,0,0,0.29063501588211693,0,-19.949343777065678,-19.949343777065678,0,19.949343777065678
0.0032399999999999998,0.28284281668084077,0.28284281668084077,0,0,0.28284281668084077,0,-19.957706140398621,-19.957706140398621,0,19.957706140398621
0.003241,0.27503945133003072,0.27503945133003072,0,0,0.27503945133003072,0,-19.965280607666198,-19.965280607666198,0,19.965280607666198
0.0032419999999999997,0.26722522789236791,0.26722522789236791,0,0,0.26722522789236791,0,-19.972066879841424,-19.972066879841424,0,19.972066879841424
0.0032429999999999998,0.25940045486026975,0.25940045486026975,0,0,0.25940045486026975,0,-19.978064689013891,-19.978064689013891,0,19.978064689013891
0.0032439999999999999,0.25156544114247481,0.25156544114247481,0,0,0.25156544114247481,0,-19.983273798400358,-19.983273798400358,0,19.983273798400358
0.0032450000000000001,0.24372049605199209,0.24372049605199209,0,0,0.24372049605199209,0,-19.987694002354111,-19.987694002354111,0,19.987694002354111
0.0032459999999999998,0.23586592929291328,0.23586592929291328,0,0,0.23586592929291328,0,-19.991325126373066,-19.991325126373066,0,19.991325126373066
0.0032469999999999999,0.22800205095131787,0.22800205095131787,0,0,0.22800205095131787,0,-19.994167027106666,-19.994167027106666,0,19.994167027106666
0.003248,0.22012917147890221,0.22012917147890221,0,0,0.22012917147890221,0,-19.99621959236153,-19.99621959236153,0,19.99621959236153
0.0032489999999999997,0.21224760168433932,0.21224760168433932,0,0,0.21224760168433932,0,-19.997482741105898,-19.997482741105898,0,19.997482741105898
0.0032499999999999999,0.2043576527175901,0.2043576527175901,0,0,0.2043576527175901,0,-19.997956423472825,-19.997956423472825,0,19.997956423472825
0.003251,0.19645963606035366,0.19645963606035366,0,0,0.19645963606035366,0,-19.997640620762137,-19.997640620762137,0,19.997640620762137
0.0032519999999999997,0.18855386351310699,0.18855386351310699,0,0,0.18855386351310699,0,-19.996535345441188,-19.996535345441188,0,19.996535345441188
0.0032529999999999998,0.18064064718237205,0.18064064718237205,0,0,0.18064064718237205,0,-19.994640641144358,-19.994640641144358,0,19.994640641144358
0.0032539999999999999,0.17272029946843759,0.17272029946843759,0,0,0.17272029946843759,0,-19.991956582671317,-19.991956582671317,0,19.991956582671317
0.0032549999999999996,0.16479313305239884,0.16479313305239884,0,0,0.16479313305239884,0,-19.988483275984109,-19.988483275984109,0,19.988483275984109
0.0032559999999999998,0.15685946088547098,0.15685946088547098,0,0,0.15685946088547098,0,-19.984220858202931,-19.984220858202931,0,19.984220858202931
0.0032569999999999999,0.14891959617580142,0.14891959617580142,0,0,0.14891959617580142,0,-19.979169497600736,-19.979169497600736,0,19.979169497600736
0.003258,0.1409738523757369,0.1409738523757369,0,0,0.1409738523757369,0,-19.973329393596593,-19.973329393596593,0,19.973329393596593
0.0032589999999999997,0.13302254316931794,0.13302254316931794,0,0,0.13302254316931794,0,-19.966700776747807,-19.966700776747807,0,19.966700776747807
0.0032599999999999999,0.12506598246068279,0.12506598246068279,0,0,0.12506598246068279,0,-19.959283908740829,-19.959283908740829,0,19.959283908740829
0.003261,0.11710448436087972,0.11710448436087972,0,0,0.11710448436087972,0,-19.9510790823809,-19.9510790823809,0,19.9510790823809
0.0032619999999999997,0.10913836317695313,0.10913836317695313,0,0,0.10913836317695313,0,-19.942086621580515,-19.942086621580515,0,19.942086621580515
0.0032629999999999998,0.10116793339716423,0.10116793339716423,0,0,0.10116793339716423,0,-19.932306881346634,-19.932306881346634,0,19.932306881346634
0.003264,0.093193509680531861,0.093193509680531861,0,0,0.093193509680531861,0,-19.921740247766646,-19.921740247766646,0,19.921740247766646
0.0032649999999999997,0.085215406843644814,0.085215406843644814,0,0,0.085215406843644814,0,-19.910387137993173,-19.910387137993173,0,19.910387137993173
0.0032659999999999998,0.07723393984838367,0.07723393984838367,0,0,0.07723393984838367,0,-19.898248000227522,-19.898248000227522,0,19.898248000227522
0.0032669999999999999,0.069249423789642606,0.069249423789642606,0,0,0.069249423789642606,0,-19.885323313702088,-19.885323313702088,0,19.885323313702088
0.0032679999999999996,0.06126217388191435,0.06126217388191435,0,0,0.06126217388191435,0,-19.871613588661361,-19.871613588661361,0,19.871613588661361
0.0032689999999999998,0.053272505448830998,0.053272505448830998,0,0,0.053272505448830998,0,-19.857119366341795,-19.857119366341795,0,19.857119366341795
0.0032699999999999999,0.045280733907929971,0.045280733907929971,0,0,0.045280733907929971,0,-19.841841218950485,-19.841841218950485,0,19.841841218950485
0.003271,0.037287174761559072,0.037287174761559072,0,0,0.037287174761559072,0,-19.825779749642518,-19.825779749642518,0,19.825779749642518
0.0032719999999999997,0.029292143581869823,0.029292143581869823,0,0,0.029292143581869823,0,-19.808935592497217,-19.808935592497217,0,19.808935592497217
0.0032729999999999999,0.02129595599762979,0.02129595599762979,0,0,0.02129595599762979,0,-19.791309412493053,-19.791309412493053,0,19.791309412493053
0.003274,0.013298927685582385,0.013298927685582385,0,0,0.013298927685582385,0,-19.772901905481426,-19.772901905481426,0,19.772901905481426
0.0032749999999999997,0.0053013743554402026,0.0053013743554402026,0,0,0.0053013743554402026,0,-19.753713798159218,-19.753713798159218,0,19.753713798159218
0.0032759999999999998,0,0,0,0,0,-5.3490540024014877e-05,-19.733772374697395,-19.733772374697395,-5.3490540024014877e-05,19.733825865237417
0.003277,0,0,0,0,0,-0.00060500000849827984,-19.713496902988467,-19.713496902988467,-0.00060500000849827984,19.714101902996966
0.0032779999999999997,0,0,0,0,0,-0.0015554821379701878,-19.692842172722088,-19.692842172722088,-0.0015554821379701878,19.694397654860058
0.0032789999999999998,0,0,0,0,0,-0.0029045006079204683,-19.671808600514524,-19.671808600514524,-0.0029045006079204683,19.674713101122446
0.0032799999999999999,0,0,0,0,0,-0.0046516037628947515,-19.650396618336682,-19.650396618336682,-0.0046516037628947515,19.655048222099577
0.0032810000000000001,0,0,0,0,0,-0.0067963246299402869,-19.628606673496627,-19.628606673496627,-0.0067963246299402869,19.635402998126565
0.0032819999999999998,0,0,0,0,0,-0.0093381809366164248,-19.606439228621571,-19.606439228621571,-0.0093381809366164248,19.615777409558188
0.0032829999999999999,0,0,0,0,0,-0.012276675129703207,-19.583894761639151,-19.583894761639151,-0.012276675129703207,19.596171436768856
0.003284,0,0,0,0,0,-0.0156112943943576,-19.560973765758234,-19.560973765758234,-0.0156112943943576,19.576585060152592
0.0032849999999999997,0,0,0,0,0,-0.019341510674024676,-19.537676749448998,-19.537676749448998,-0.019341510674024676,19.557018260123023
0.0032859999999999999,0,0,0,0,0,-0.02346678069089414,-19.514004236422451,-19.514004236422451,-0.02346678069089414,19.537471017113344
0.003287,0,0,0,0,0,-0.027986545966880882,-19.489956765609428,-19.489956765609428,-0.027986545966880882,19.517943311576307
0.0032879999999999997,0,0,0,0,0,-0.032900232845356925,-19.465534891138851,-19.465534891138851,-0.032900232845356925,19.498435123984208
0.0032889999999999998,0,0,0,0,0,-0.038207252513362988,-19.440739182315497,-19.440739182315497,-0.038207252513362988,19.47894643482886
0.00329,0,0,0,0,0,-0.043907001024463099,-19.415570223597108,-19.415570223597108,-0.043907001024463099,19.459477224621569
0.0032909999999999997,0,0,0,0,0,-0.049998859322199607,-19.390028614570923,-19.390028614570923,-0.049998859322199607,19.440027473893124
0.0032919999999999998,0,0,0,0,0,-0.056482193264136171,-19.364114969929638,-19.364114969929638,-0.056482193264136171,19.420597163193776
0.0032929999999999999,0,0,0,0,0,-0.063356353646501162,-19.337829919446705,-19.337829919446705,-0.063356353646501162,19.401186273093206
0.0032940000000000001,0,0,0,0,0,-0.070620676229399493,-19.311174107951128,-19.311174107951128,-0.070620676229399493,19.381794784180528
0.0032949999999999998,0,0,0,0,0,-0.078274481762687032,-19.284148195301562,-19.284148195301562,-0.078274481762687032,19.362422677064249
0.0032959999999999999,0,0,0,0,0,-0.086317076012361937,-19.256752856359896,-19.256752856359896,-0.086317076012361937,19.343069932372259
0.003297,0,0,0,0,0,-0.094747749787593705,-19.228988780964222,-19.228988780964222,-0.094747749787593705,19.323736530751816
0.0032979999999999997,0,0,0,0,0,-0.10356577896831531,-19.2008566739012,-19.2008566739012,-0.10356577896831531,19.304422452869513
0.0032989999999999998,0,0,0,0,0,-0.11277042453343533,-19.172357254877838,-19.172357254877838,-0.11277042453343533,19.285127679411271
0.0033,0,0,0,0,0,-0.12236093258962022,-19.143491258492695,-19.143491258492695,-0.12236093258962022,19.265852191082317
0.0033009999999999997,0,0,0,0,0,-0.13233653440061843,-19.114259434206538,-19.114259434206538,-0.13233653440061843,19.246595968607156
0.0033019999999999998,0,0,0,0,0,-0.1426964464173377,-19.084662546312231,-19.084662546312231,-0.1426964464173377,19.22735899272957
0.0033029999999999999,0,0,0,0,0,-0.15343987030823492,-19.054701373904344,-19.054701373904344,-0.15343987030823492,19.20814124421258
0.0033039999999999996,0,0,0,0,0,-0.16456599299055341,-19.024376710847882,-19.024376710847882,-0.16456599299055341,19.188942703838435
0.0033049999999999998,0,0,0,0,0,-0.17607398666203089,-18.993689365746562,-18.993689365746562,-0.17607398666203089,19.169763352408591
0.0033059999999999999,0,0,0,0,0,-0.18796300883309591,-18.962640161910599,-18.962640161910599,-0.18796300883309591,19.150603170743697
0.003307,0,0,0,0,0,-0.20023220235984951,-18.931229937323721,-18.931229937323721,-0.20023220235984951,19.13146213968357
0.0033079999999999997,0,0,0,0,0,-0.21288069547745536,-18.899459544609723,-18.899459544609723,-0.21288069547745536,19.112340240087178
0.0033089999999999999,0,0,0,0,0,-0.22590760183418368,-18.867329850998434,-18.867329850998434,-0.22590760183418368,19.093237452832618
0.00331,0,0,0,0,0,-0.2393120205260324,-18.834841738291068,-18.834841738291068,-0.2393120205260324,19.074153758817101
0.0033109999999999997,0,0,0,0,0,-0.25309303613183509,-18.8019961028251,-18.8019961028251,-0.25309303613183509,19.055089138956934
0.0033119999999999998,0,0,0,0,0,-0.26724971874915759,-18.768793855438332,-18.768793855438332,-0.26724971874915759,19.036043574187492
0.003313,0,0,0,0,0,-0.28178112403044686,-18.735235921432761,-18.735235921432761,-0.28178112403044686,19.017017045463209
0.0033139999999999997,0,0,0,0,0,-0.29668629322006446,-18.701323240537491,-18.701323240537491,-0.29668629322006446,18.998009533757557
0.0033149999999999998,0,0,0,0,0,-0.31196425319168775,-18.667056766871333,-18.667056766871333,-0.31196425319168775,18.979021020063023
0.0033159999999999999,0,0,0,0,0,-0.32761401648635591,-18.632437468904733,-18.632437468904733,-0.32761401648635591,18.960051485391091
0.0033169999999999996,0,0,0,0,0,-0.34363458135106839,-18.597466329421156,-18.597466329421156,-0.34363458135106839,18.941100910772224
0.0033179999999999998,0,0,0,0,0,-0.36002493177795003,-18.562144345477897,-18.562144345477897,-0.36002493177795003,18.922169277255847
0.0033189999999999999,0,0,0,0,0,-0.37678403754398637,-18.526472528366334,-18.526472528366334,-0.37678403754398637,18.903256565910322
0.00332,0,0,0,0,0,-0.39391085425126882,-18.490451903571675,-18.490451903571675,-0.39391085425126882,18.884362757822942
0.0033209999999999997,0,0,0,0,0,-0.41140432336789345,-18.454083510731998,-18.454083510731998,-0.41140432336789345,18.865487834099891
0.0033219999999999999,0,0,0,0,0,-0.4292633722694017,-18.417368403596846,-18.417368403596846,-0.4292633722694017,18.846631775866246
0.003323,0,0,0,0,0,-0.44748691428060283,-18.380307649985344,-18.380307649985344,-0.44748691428060283,18.827794564265947
0.0033239999999999997,0,0,0,0,0,-0.46607384871824031,-18.342902331743545,-18.342902331743545,-0.46607384871824031,18.808976180461784
0.0033249999999999998,0,0,0,0,0,-0.4850230609339885,-18.305153544701376,-18.305153544701376,-0.4850230609339885,18.790176605635367
0.003326,0,0,0,0,0,-0.50433342235809775,-18.267062398629022,-18.267062398629022,-0.50433342235809775,18.77139582098712
0.0033269999999999997,0,0,0,0,0,-0.52400379054355639,-18.228630017192703,-18.228630017192703,-0.52400379054355639,18.75263380773626
0.0033279999999999998,0,0,0,0,0,-0.54403300921083009,-18.189857537909937,-18.189857537909937,-0.54403300921083009,18.733890547120769
0.0033289999999999999,0,0,0,0,0,-0.56441990829312338,-18.150746112104265,-18.150746112104265,-0.56441990829312338,18.715166020397387
0.0033300000000000001,0,0,0,0,0,-0.58516330398214755,-18.111296904859437,-18.111296904859437,-0.58516330398214755,18.696460208841586
0.0033309999999999998,0,0,0,0,0,-0.60626199877456166,-18.07151109497299,-18.07151109497299,-0.60626199877456166,18.67777309374755
0.0033319999999999999,0,0,0,0,0,-0.62771478151881333,-18.031389874909351,-18.031389874909351,-0.62771478151881333,18.659104656428166
0.003333,0,0,0,0,0,-0.64952042746257987,-17.990934450752412,-17.990934450752412,-0.64952042746257987,18.640454878214992
0.0033339999999999997,0,0,0,0,0,-0.67167769830075486,-17.950146042157495,-17.950146042157495,-0.67167769830075486,18.62182374045825
0.0033349999999999999,0,0,0,0,0,-0.69418534222394435,-17.909025882302856,-17.909025882302856,-0.69418534222394435,18.603211224526802
0.003336,0,0,0,0,0,-0.71704209396753704,-17.867575217840589,-17.867575217840589,-0.71704209396753704,18.584617311808127
0.0033369999999999997,0,0,0,0,0,-0.74024667486118112,-17.825795308847134,-17.825795308847134,-0.74024667486118112,18.566041983708313
0.0033379999999999998,0,0,0,0,0,-0.76379779287907112,-17.783687428772961,-17.783687428772961,-0.76379779287907112,18.547485221652032
0.003339,0,0,0,0,0,-0.78769414269041427,-17.741252864392102,-17.741252864392102,-0.78769414269041427,18.528947007082515
0.0033399999999999997,0,0,0,0,0,-0.81193440571059305,-17.698492915750954,-17.698492915750954,-0.81193440571059305,18.510427321461549
0.0033409999999999998,0,0,0,0,0,-0.83651725015301892,-17.65540889611643,-17.65540889611643,-0.83651725015301892,18.491926146269449
0.0033419999999999999,0,0,0,0,0,-0.86144133108108534,-17.612002131923951,-17.612002131923951,-0.86144133108108534,18.473443463005037
0.0033430000000000001,0,0,0,0,0,-0.88670529046108371,-17.568273962724543,-17.568273962724543,-0.88670529046108371,18.454979253185627
0.0033439999999999998,0,0,0,0,0,-0.91230775721535551,-17.524225741131652,-17.524225741131652,-0.91230775721535551,18.436533498347007
0.0033449999999999999,0,0,0,0,0,-0.93824734727606973,-17.479858832767356,-17.479858832767356,-0.93824734727606973,18.418106180043424
0.003346,0,0,0,0,0,-0.96452266363949768,-17.435174616208059,-17.435174616208059,-0.96452266363949768,18.399697279847555
0.0033469999999999997,0,0,0,0,0,-0.99113229642069811,-17.390174482929801,-17.390174482929801,-0.99113229642069811,18.381306779350499
0.0033479999999999998,0,0,0,0,0,-1.0180748229090248,-17.344859837252727,-17.344859837252727,-1.0180748229090248,18.362934660161752
0.003349,0,0,0,0,0,-1.045348807623645,-17.29923209628555,-17.29923209628555,-1.045348807623645,18.344580903909197
0.0033499999999999997,0,0,0,0,0,-1.0729528023700468,-17.253292689869028,-17.253292689869028,-1.0729528023700468,18.326245492239075
0.0033509999999999998,0,0,0,0,0,-1.1008853462967476,-17.207043060519226,-17.207043060519226,-1.1008853462967476,18.307928406815972
0.0033519999999999999,0,0,0,0,0,-1.129144965952614,-17.160484663370184,-17.160484663370184,-1.129144965952614,18.2896296293228
0.0033529999999999996,0,0,0,0,0,-1.1577301753446578,-17.113618966116125,-17.113618966116125,-1.1577301753446578,18.271349141460782
0.0033539999999999998,0,0,0,0,0,-1.1866394759963361,-17.066447448953092,-17.066447448953092,-1.1866394759963361,18.253086924949429
0.0033549999999999999,0,0,0,0,0,-1.2158713570063506,-17.018971604520171,-17.018971604520171,-1.2158713570063506,18.234842961526521
0.003356,0,0,0,0,0,-1.24542429510785,-16.971192937840247,-16.971192937840247,-1.24542429510785,18.216617232948096
0.0033569999999999997,0,0,0,0,0,-1.275296754728295,-16.923112966260124,-16.923112966260124,-1.275296754728295,18.198409720988419
0.0033579999999999999,0,0,0,0,0,-1.3054871880497432,-16.87473321939024,-16.87473321939024,-1.3054871880497432,18.180220407439982
0.003359,0,0,0,0,0,-1.3359940350693789,-16.826055239044088,-16.826055239044088,-1.3359940350693789,18.162049274113468
0.0033599999999999997,0,0,0,0,0,-1.3668157236609577,-16.777080579176783,-16.777080579176783,-1.3668157236609577,18.143896302837739
0.0033609999999999998,0,0,0,0,0,-1.3979506696363933,-16.727810805823431,-16.727810805823431,-1.3979506696363933,18.125761475459825
0.003362,0,0,0,0,0,-1.429397276807947,-16.678247497036953,-16.678247497036953,-1.429397276807947,18.1076447738449
0.0033629999999999997,0,0,0,0,0,-1.4611539370508817,-16.628392242825374,-16.628392242825374,-1.4611539370508817,18.089546179876255
0.0033639999999999998,0,0,0,0,0,-1.4932190303665811,-16.578246645088715,-16.578246645088715,-1.4932190303665811,18.071465675455297
0.0033649999999999999,0,0,0,0,0,-1.5255909249461554,-16.527812317555366,-16.527812317555366,-1.5255909249461554,18.053403242501521
0.0033659999999999996,0,0,0,0,0,-1.5582679772343893,-16.477090885718102,-16.477090885718102,-1.5582679772343893,18.035358862952492
0.0033669999999999998,0,0,0,0,0,-1.5912485319945082,-16.426083986769321,-16.426083986769321,-1.5912485319945082,18.01733251876383
0.0033679999999999999,0,0,0,0,0,-1.6245309223728386,-16.374793269536351,-16.374793269536351,-1.6245309223728386,17.999324191909189
0.003369,0,0,0,0,0,-1.6581134699644995,-16.323220394415742,-16.323220394415742,-1.6581134699644995,17.98133386438024
0.0033699999999999997,0,0,0,0,0,-1.6919944848791886,-16.271367033307463,-16.271367033307463,-1.6919944848791886,17.963361518186652
0.0033709999999999999,0,0,0,0,0,-1.7261722658075467,-16.219234869548529,-16.219234869548529,-1.7261722658075467,17.945407135356078
0.003372,0,0,0,0,0,-1.7606451000879959,-16.166825597846142,-16.166825597846142,-1.7606451000879959,17.927470697934137
0.0033729999999999997,0,0,0,0,0,-1.7954112637738513,-16.114140924210538,-16.114140924210538,-1.7954112637738513,17.909552187984389
0.0033739999999999998,0,0,0,0,0,-1.8304690217012727,-16.061182565887048,-16.061182565887048,-1.8304690217012727,17.891651587588321
0.003375,0,0,0,0,0,-1.8658166275571775,-16.007952251288152,-16.007952251288152,-1.8658166275571775,17.873768878845329
0.0033759999999999997,0,0,0,0,0,-1.9014523239478205,-15.954451719924885,-15.954451719924885,-1.9014523239478205,17.855904043872705
0.0033769999999999998,0,0,0,0,0,-1.9373743424680621,-15.900682722337553,-15.900682722337553,-1.9373743424680621,17.838057064805614
0.0033779999999999999,0,0,0,0,0,-1.9735809037704666,-15.846647020026607,-15.846647020026607,-1.9735809037704666,17.820227923797074
0.0033790000000000001,0,0,0,0,0,-2.0100702176354632,-15.79234638538248,-15.79234638538248,-2.0100702176354632,17.802416603017942
0.0033799999999999998,0,0,0,0,0,-2.0468404830415361,-15.737782601615365,-15.737782601615365,-2.0468404830415361,17.7846230846569
0.0033809999999999999,0,0,0,0,0,-2.0838898882359889,-15.682957462684433,-15.682957462684433,-2.0838898882359889,17.766847350920422
0.003382,0,0,0,0,0,-2.1212166108061359,-15.627872773226638,-15.627872773226638,-2.1212166108061359,17.749089384032775
0.0033829999999999997,0,0,0,0,0,-2.1588188177507597,-15.572530348485234,-15.572530348485234,-2.1588188177507597,17.731349166235994
0.0033839999999999999,0,0,0,0,0,-2.196694665552398,-15.516932014237456,-15.516932014237456,-2.196694665552398,17.713626679789854
0.003385,0,0,0,0,0,-2.2348423002494027,-15.461079606722469,-15.461079606722469,-2.2348423002494027,17.695921906971872
0.0033859999999999997,0,0,0,0,0,-2.2732598575090535,-15.404974972568219,-15.404974972568219,-2.2732598575090535,17.678234830077272
0.0033869999999999998,0,0,0,0,0,-2.3119454627006775,-15.348619968718296,-15.348619968718296,-2.3119454627006775,17.660565431418974
0.003388,0,0,0,0,0,-2.3508972309693217,-15.292016462358257,-15.292016462358257,-2.3508972309693217,17.642913693327579
0.0033889999999999997,0,0,0,0,0,-2.3901132673098022,-15.235166330841546,-15.235166330841546,-2.3901132673098022,17.625279598151348
0.0033899999999999998,0,0,0,0,0,-2.4295916666411639,-15.178071461615021,-15.178071461615021,-2.4295916666411639,17.607663128256185
0.0033909999999999999,0,0,0,0,0,-2.4693305138815305,-15.120733752144087,-15.120733752144087,-2.4693305138815305,17.590064266025617
0.003392,0,0,0,0,0,-2.5093278840233761,-15.063155109837405,-15.063155109837405,-2.5093278840233761,17.572482993860781
0.0033929999999999997,0,0,0,0,0,-2.5495818422090366,-15.005337451971368,-15.005337451971368,-2.5495818422090366,17.554919294180404
0.0033939999999999999,0,0,0,0,0,-2.590090443807032,-14.947282705613752,-14.947282705613752,-2.590090443807032,17.537373149420784
0.003395,0,0,0,0,0,-2.6308517344881031,-14.88899280754767,-14.88899280754767,-2.6308517344881031,17.519844542035774
0.0033959999999999997,0,0,0,0,0,-2.6718637503023057,-14.830469704194458,-14.830469704194458,-2.6718637503023057,17.502333454496764
0.0033969999999999998,0,0,0,0,0,-2.7131245177560608,-14.771715351536606,-14.771715351536606,-2.7131245177560608,17.484839869292667
0.003398,0,0,0,0,0,-2.7546320538897309,-14.712731715040166,-14.712731715040166,-2.7546320538897309,17.467363768929896
0.0033989999999999997,0,0,0,0,0,-2.796384366355551,-14.653520769576801,-14.653520769576801,-2.796384366355551,17.449905135932351
0.0033999999999999998,0,0,0,0,0,-2.8383794534959303,-14.594084499345465,-14.594084499345465,-2.8383794534959303,17.432463952841395
0.0034009999999999999,0,0,0,0,0,-2.8806153044221521,-14.534424897793693,-14.534424897793693,-2.8806153044221521,17.415040202215845
0.0034019999999999996,0,0,0,0,0,-2.9230898990932559,-14.474543967538693,-14.474543967538693,-2.9230898990932559,17.397633866631949
0.0034029999999999998,0,0,0,0,0,-2.9658012083957601,-14.414443720287611,-14.414443720287611,-2.9658012083957601,17.380244928683371
0.0034039999999999999,0,0,0,0,0,-3.008747194223,-14.35412617675817,-14.35412617675817,-3.008747194223,17.36287337098117
0.003405,0,0,0,0,0,-3.0519258095555637,-14.293593366598223,-14.293593366598223,-3.0519258095555637,17.345519176153786
0.0034059999999999997,0,0,0,0,0,-3.0953349985416061,-14.232847328305418,-14.232847328305418,-3.0953349985416061,17.328182326847024
0.0034069999999999999,0,0,0,0,0,-3.1389726965776843,-14.171890109146347,-14.171890109146347,-3.1389726965776843,17.310862805724032
0.003408,0,0,0,0,0,-3.1828368303899488,-14.110723765075338,-14.110723765075338,-3.1828368303899488,17.293560595465287
0.0034089999999999997,0,0,0,0,0,-3.2269253181154962,-14.049350360653085,-14.049350360653085,-3.2269253181154962,17.276275678768581
0.0034099999999999998,0,0,0,0,0,-3.2712360693844893,-13.987771968964502,-13.987771968964502,-3.2712360693844893,17.259008038348991
0.003411,0,0,0,0,0,-3.3157669854020861,-13.925990671536795,-13.925990671536795,-3.3157669854020861,17.24175765693888
0.0034119999999999997,0,0,0,0,0,-3.360515959030927,-13.864008558256934,-13.864008558256934,-3.360515959030927,17.224524517287861
0.0034129999999999998,0,0,0,0,0,-3.4054808748742831,-13.801827727288515,-13.801827727288515,-3.4054808748742831,17.207308602162797
0.0034139999999999999,0,0,0,0,0,-3.4506596093587945,-13.739450284988973,-13.739450284988973,-3.4506596093587945,17.190109894347767
0.0034149999999999996,0,0,0,0,0,-3.4960500308182931,-13.676878345825774,-13.676878345825774,-3.4960500308182931,17.172928376644066
0.0034159999999999998,0,0,0,0,0,-3.5416499995774462,-13.614114032292724,-13.614114032292724,-3.5416499995774462,17.15576403187017
0.0034169999999999999,0,0,0,0,0,-3.5874573680359259,-13.551159474825811,-13.551159474825811,-3.5874573680359259,17.138616842861737
0.003418,0,0,0,0,0,-3.6334699807528654,-13.48801681171871,-13.48801681171871,-3.6334699807528654,17.121486792471575
0.0034189999999999997,0,0,0,0,0,-3.679685674531453,-13.424688189038182,-13.424688189038182,-3.679685674531453,17.104373863569634
0.0034199999999999999,0,0,0,0,0,-3.7261022785043245,-13.361175760538657,-13.361175760538657,-3.7261022785043245,17.087278039042982
0.003421,0,0,0,0,0,-3.7727176142184877,-13.297481687577305,-13.297481687577305,-3.7727176142184877,17.070199301795792
0.0034219999999999997,0,0,0,0,0,-3.8195294957212855,-13.233608139028041,-13.233608139028041,-3.8195294957212855,17.053137634749326
0.0034229999999999998,0,0,0,0,0,-3.8665357296463494,-13.169557291195565,-13.169557291195565,-3.8665357296463494,17.036093020841914
0.003424,0,0,0,0,0,-3.9137341152995653,-13.105331327729377,-13.105331327729377,-3.9137341152995653,17.019065443028943
0.0034249999999999997,0,0,0,0,0,-3.9611224447459179,-13.040932439536917,-13.040932439536917,-3.9611224447459179,17.002054884282835
0.0034259999999999998,0,0,0,0,0,-4.0086985028961557,-12.976362824696871,-12.976362824696871,-4.0086985028961557,16.985061327593026
0.0034269999999999999,0,0,0,0,0,-4.0564600675939264,-12.911624688372035,-12.911624688372035,-4.0564600675939264,16.968084755965961
0.0034280000000000001,0,0,0,0,0,-4.1044049097031943,-12.846720242721872,-12.846720242721872,-4.1044049097031943,16.951125152425067
0.0034289999999999998,0,0,0,0,0,-4.1525307931957336,-12.781651706815005,-12.781651706815005,-4.1525307931957336,16.934182500010738
0.0034299999999999999,0,0,0,0,0,-4.2008354752394164,-12.716421306540905,-12.716421306540905,-4.2008354752394164,16.917256781780321
0.003431,0,0,0,0,0,-4.2493167062859625,-12.651031274522129,-12.651031274522129,-4.2493167062859625,16.900347980808093
0.0034319999999999997,0,0,0,0,0,-4.2979722301597612,-12.585483850025494,-12.585483850025494,-4.2979722301597612,16.883456080185255
0.0034329999999999999,0,0,0,0,0,-4.346799784146433,-12.51978127887347,-12.51978127887347,-4.346799784146433,16.866581063019904
0.003434,0,0,0,0,0,-4.3957970990818529,-12.45392581335517,-12.45392581335517,-4.3957970990818529,16.849722912437024
0.0034349999999999997,0,0,0,0,0,-4.4449618994413873,-12.387919712137069,-12.387919712137069,-4.4449618994413873,16.832881611578458
0.0034359999999999998,0,0,0,0,0,-4.4942919034293904,-12.321765240173518,-12.321765240173518,-4.4942919034293904,16.816057143602908
0.003437,0,0,0,0,0,-4.5437848230689752,-12.255464668616927,-12.255464668616927,-4.5437848230689752,16.799249491685902
0.0034379999999999997,0,0,0,0,0,-4.5934383642918357,-12.189020274727952,-12.189020274727952,-4.5934383642918357,16.782458639019787
0.0034389999999999998,0,0,0,0,0,-4.6432502270288341,-12.122434341784878,-12.122434341784878,-4.6432502270288341,16.765684568813711
0.0034399999999999999,0,0,0,0,0,-4.6932181052999979,-12.055709158993601,-12.055709158993601,-4.6932181052999979,16.748927264293599
0.003441,0,0,0,0,0,-4.7433396873055926,-11.988847021396555,-11.988847021396555,-4.7433396873055926,16.732186708702148
0.0034419999999999997,0,0,0,0,0,-4.7936126555168634,-11.921850229781935,-11.921850229781935,-4.7936126555168634,16.715462885298798
0.0034429999999999999,0,0,0,0,0,-4.8440346867672419,-11.854721090592488,-11.854721090592488,-4.8440346867672419,16.698755777359729
0.003444,0,0,0,0,0,-4.8946034523437074,-11.78746191583412,-11.78746191583412,-4.8946034523437074,16.682065368177827
0.0034449999999999997,0,0,0,0,0,-4.9453166180783885,-11.720075022984295,-11.720075022984295,-4.9453166180783885,16.665391641062683
0.0034459999999999998,0,0,0,0,0,-4.9961718444403749,-11.652562734900194,-11.652562734900194,-4.9961718444403749,16.648734579340569
0.003447,0,0,0,0,0,-5.0471667866277734,-11.584927379726651,-11.584927379726651,-5.0471667866277734,16.632094166354424
0.0034479999999999997,0,0,0,0,0,-5.0982990946597688,-11.517171290804061,-11.517171290804061,-5.0982990946597688,16.61547038546383
0.0034489999999999998,0,0,0,0,0,-5.1495664134694348,-11.449296806575573,-11.449296806575573,-5.1495664134694348,16.598863220045008
0.0034499999999999999,0,0,0,0,0,-5.2009663829958939,-11.381306270494893,-11.381306270494893,-5.2009663829958939,16.582272653490786
0.0034509999999999996,0,0,0,0,0,-5.252496638277532,-11.31320203093307,-11.31320203093307,-5.252496638277532,16.565698669210601
0.0034519999999999998,0,0,0,0,0,-5.3041548095448512,-11.244986441085615,-11.244986441085615,-5.3041548095448512,16.549141250630466
0.0034529999999999999,0,0,0,0,0,-5.3559385223137248,-11.176661858879235,-11.176661858879235,-5.3559385223137248,16.53260038119296
0.003454,0,0,0,0,0,-5.4078453974788392,-11.108230646878374,-11.108230646878374,-5.4078453974788392,16.516076044357213
0.0034549999999999997,0,0,0,0,0,-5.4598730514071079,-11.039695172191781,-11.039695172191781,-5.4598730514071079,16.499568223598889
0.0034559999999999999,0,0,0,0,0,-5.5120190960318141,-10.971057806378347,-10.971057806378347,-5.5120190960318141,16.483076902410161
0.003457,0,0,0,0,0,-5.5642811389460825,-10.902320925353628,-10.902320925353628,-5.5642811389460825,16.46660206429971
0.0034579999999999997,0,0,0,0,0,-5.6166567834973229,-10.833486909295374,-10.833486909295374,-5.6166567834973229,16.450143692792697
0.0034589999999999998,0,0,0,0,0,-5.6691436288815256,-10.76455814254922,-10.76455814254922,-5.6691436288815256,16.433701771430744
0.00346,0,0,0,0,0,-5.7217392702373893,-10.695537013534544,-10.695537013534544,-5.7217392702373893,16.417276283771933
0.0034609999999999997,0,0,0,0,0,-5.7744412987412801,-10.626425914649495,-10.626425914649495,-5.7744412987412801,16.400867213390775
0.0034619999999999998,0,0,0,0,0,-5.8272473017018154,-10.557227242176383,-10.557227242176383,-5.8272473017018154,16.384474543878198
0.0034629999999999999,0,0,0,0,0,-5.8801548626548197,-10.487943396186711,-10.487943396186711,-5.8801548626548197,16.368098258841531
0.0034639999999999996,0,0,0,0,0,-5.9331615614583875,-10.418576780446099,-10.418576780446099,-5.9331615614583875,16.351738341904486
0.0034649999999999998,0,0,0,0,0,-5.9862649743880985,-10.349129802319045,-10.349129802319045,-5.9862649743880985,16.335394776707144
0.0034659999999999999,0,0,0,0,0,-6.0394626742324071,-10.279604872673534,-10.279604872673534,-6.0394626742324071,16.319067546905941
0.003467,0,0,0,0,0,-6.0927522303879877,-10.210004405785657,-10.210004405785657,-6.0927522303879877,16.302756636173644
0.0034679999999999997,0,0,0,0,0,-6.1461312089555751,-10.140330819243767,-10.140330819243767,-6.1461312089555751,16.286462028199342
0.0034689999999999999,0,0,0,0,0,-6.1995971728355812,-10.070586533852843,-10.070586533852843,-6.1995971728355812,16.270183706688425
0.00347,0,0,0,0,0,-6.2531476818240064,-10.000773973538564,-10.000773973538564,-6.2531476818240064,16.253921655362571
0.0034709999999999997,0,0,0,0,0,-6.3067802927084529,-9.9308955652512729,-9.9308955652512729,-6.3067802927084529,16.237675857959726
0.0034719999999999998,0,0,0,0,0,-6.3604925593642445,-9.8609537388698474,-9.8609537388698474,-6.3604925593642445,16.221446298234092
0.003473,0,0,0,0,0,-6.4142820328507071,-9.7909509271054027,-9.7909509271054027,-6.4142820328507071,16.20523295995611
0.0034739999999999997,0,0,0,0,0,-6.468146261507334,-9.7208895654051037,-9.7208895654051037,-6.468146261507334,16.189035826912438
0.0034749999999999998,0,0,0,0,0,-6.5220827910506101,-9.6507720918553321,-9.6507720918553321,-6.5220827910506101,16.172854882905941
0.0034759999999999999,0,0,0,0,0,-6.5760891646702468,-9.5806009470854292,-9.5806009470854292,-6.5760891646702468,16.156690111755676
0.0034770000000000001,0,0,0,0,0,-6.6301629231258881,-9.5103785741709821,-9.5103785741709821,-6.6301629231258881,16.140541497296869
0.0034779999999999998,0,0,0,0,0,-6.684301604844042,-9.4401074185368614,-9.4401074185368614,-6.684301604844042,16.124409023380903
0.0034789999999999999,0,0,0,0,0,-6.7385027460147944,-9.3697899278605092,-9.3697899278605092,-6.7385027460147944,16.108292673875305
0.00348,0,0,0,0,0,-6.7927638806887822,-9.2994285519749411,-9.2994285519749411,-6.7927638806887822,16.092192432663722
0.0034809999999999997,0,0,0,0,0,-6.8470825408742195,-9.2290257427716949,-9.2290257427716949,-6.8470825408742195,16.076108283645915
0.0034819999999999999,0,0,0,0,0,-6.9014562566340025,-9.1585839541037259,-9.1585839541037259,-6.9014562566340025,16.060040210737728
0.003483,0,0,0,0,0,-6.9558825561829334,-9.0881056416881574,-9.0881056416881574,-6.9558825561829334,16.043988197871091
0.0034839999999999997,0,0,0,0,0,-7.0103589659847936,-9.0175932630091964,-9.0175932630091964,-7.0103589659847936,16.027952228993989
0.0034849999999999998,0,0,0,0,0,-7.0648830108500613,-8.9470492772203905,-8.9470492772203905,-7.0648830108500613,16.011932288070451
0.0034859999999999999,0,0,0,0,0,-7.1194522140328118,-8.8764761450477252,-8.8764761450477252,-7.1194522140328118,15.995928359080537
0.0034869999999999996,0,0,0,0,0,-7.1740640973285537,-8.8058763286917614,-8.8058763286917614,-7.1740640973285537,15.979940426020315
0.0034879999999999998,0,0,0,0,0,-7.2287161811715652,-8.7352522917302853,-8.7352522917302853,-7.2287161811715652,15.963968472901851
0.0034889999999999999,0,0,0,0,0,-7.2834059847325001,-8.6646064990206888,-8.6646064990206888,-7.2834059847325001,15.948012483753189
0.00349,0,0,0,0,0,-7.3381310260160308,-8.5939414166023091,-8.5939414166023091,-7.3381310260160308,15.93207244261834
0.0034909999999999997,0,0,0,0,0,-7.3928888219583415,-8.5232595115989209,-8.5232595115989209,-7.3928888219583415,15.916148333557262
0.0034919999999999999,0,0,0,0,0,-7.4476768885252138,-8.4525632521206298,-8.4525632521206298,-7.4476768885252138,15.900240140645844
0.003493,0,0,0,0,0,-7.5024927408092799,-8.3818551071666114,-8.3818551071666114,-7.5024927408092799,15.88434784797589
0.0034939999999999997,0,0,0,0,0,-7.5573338931281535,-8.3111375465269557,-8.3111375465269557,-7.5573338931281535,15.86847143965511
0.0034949999999999998,0,0,0,0,0,-7.6121978591222383,-8.240413040684853,-8.240413040684853,-7.6121978591222383,15.852610899807091
0.003496,0,0,0,0,0,-7.6670821518522434,-8.1696840607190495,-8.1696840607190495,-7.6670821518522434,15.836766212571293
0.0034969999999999997,0,0,0,0,0,-7.7219842838973998,-8.0989530782056285,-8.0989530782056285,-7.7219842838973998,15.820937362103027
0.0034979999999999998,0,0,0,0,0,-7.7769017674531584,-8.0282225651202825,-8.0282225651202825,-7.7769017674531584,15.805124332573442
0.0034989999999999999,0,0,0,0,0,-7.8318321144291234,-7.957494993740382,-7.957494993740382,-7.8318321144291234,15.789327108169505
0.0034999999999999996,0,0,0,0,0,-7.8867728365469523,-7.8867728365470411,-7.8867728365470411,-7.8867728365469523,15.773545673093993
0.0035009999999999998,0,0,0,0,0,-7.9417214454382759,-7.8160585661271931,-7.8160585661271931,-7.9417214454382759,15.757780011565469
0.0035019999999999999,0,0,0,0,0,-7.9966754527426449,-7.7453546550756247,-7.7453546550756247,-7.9966754527426449,15.74203010781827
0.003503,0,0,0,0,0,-8.0516323702053061,-7.6746635758971831,-7.6746635758971831,-8.0516323702053061,15.726295946102489
0.0035039999999999997,0,0,0,0,0,-8.1065897097753332,-7.6039878009086319,-7.6039878009086319,-8.1065897097753332,15.710577510683965
0.0035049999999999999,0,0,0,0,0,-8.1615449837033847,-7.5333298021408757,-7.5333298021408757,-8.1615449837033847,15.694874785844261
0.003506,0,0,0,0,0,-8.2164957046396392,-7.462692051241012,-7.462692051241012,-8.2164957046396392,15.679187755880651
0.0035069999999999997,0,0,0,0,0,-8.2714393857316661,-7.3920770193744394,-7.3920770193744394,-8.2714393857316661,15.663516405106105
0.0035079999999999998,0,0,0,0,0,-8.3263735407222903,-7.3214871771269783,-7.3214871771269783,-8.3263735407222903,15.647860717849268
0.003509,0,0,0,0,0,-8.3812956840474637,-7.25092499440699,-7.25092499440699,-8.3812956840474637,15.632220678454454
0.0035099999999999997,0,0,0,0,0,-8.4362033309338962,-7.1803929403477245,-7.1803929403477245,-8.4362033309338962,15.616596271281621
0.0035109999999999998,0,0,0,0,0,-8.4910939974971864,-7.1098934832091736,-7.1098934832091736,-8.4910939974971864,15.60098748070636
0.0035119999999999999,0,0,0,0,0,-8.5459652008392464,-7.039429090280632,-7.039429090280632,-8.5459652008392464,15.585394291119879
0.0035129999999999996,0,0,0,0,0,-8.6008144591460116,-6.9690022277829788,-6.9690022277829788,-8.6008144591460116,15.56981668692899
0.0035139999999999998,0,0,0,0,0,-8.6556392917854463,-6.8986153607706377,-6.8986153607706377,-8.6556392917854463,15.554254652556084
0.0035149999999999999,0,0,0,0,0,-8.7104372194046746,-6.8282709530344521,-6.8282709530344521,-8.7104372194046746,15.538708172439128
0.003516,0,0,0,0,0,-8.7652057640279324,-6.7579714670037045,-6.7579714670037045,-8.7652057640279324,15.523177231031637
0.0035169999999999997,0,0,0,0,0,-8.8199424491538956,-6.6877193636487764,-6.6877193636487764,-8.8199424491538956,15.507661812802672
0.0035179999999999999,0,0,0,0,0,-8.8746447998531792,-6.6175171023836326,-6.6175171023836326,-8.8746447998531792,15.492161902236813
0.003519,0,0,0,0,0,-8.9293103428657581,-6.5473671409683876,-6.5473671409683876,-8.9293103428657581,15.476677483834147
0.0035199999999999997,0,0,0,0,0,-8.9839366066981174,-6.4772719354121353,-6.4772719354121353,-8.9839366066981174,15.461208542110253
0.0035209999999999998,0,0,0,0,0,-9.0385211217209012,-6.4072339398752893,-6.4072339398752893,-9.0385211217209012,15.44575506159619
0.003522,0,0,0,0,0,-9.0930614202655953,-6.3372556065728798,-6.3372556065728798,-9.0930614202655953,15.430317026838475
0.0035229999999999997,0,0,0,0,0,-9.1475550367220322,-6.267339385677043,-6.267339385677043,-9.1475550367220322,15.414894422399074
0.0035239999999999998,0,0,0,0,0,-9.2019995076352288,-6.1974877252201503,-6.1974877252201503,-9.2019995076352288,15.39948723285538
0.0035249999999999999,0,0,0,0,0,-9.2563923718023755,-6.1277030709978275,-6.1277030709978275,-9.2563923718023755,15.384095442800202
0.0035260000000000001,0,0,0,0,0,-9.3107311703697064,-6.0579878664720415,-6.0579878664720415,-9.3107311703697064,15.368719036841748
0.0035269999999999998,0,0,0,0,0,-9.3650134469291011,-5.9883445526745094,-5.9883445526745094,-9.3650134469291011,15.353357999603611
0.0035279999999999999,0,0,0,0,0,-9.4192367476150913,-5.9187755681096625,-5.9187755681096625,-9.4192367476150913,15.338012315724754
0.003529,0,0,0,0,0,-9.4733986212011043,-5.8492833486583873,-5.8492833486583873,-9.4733986212011043,15.322681969859492
0.0035299999999999997,0,0,0,0,0,-9.5274966191959312,-5.7798703274815457,-5.7798703274815457,-9.5274966191959312,15.307366946677476
0.0035309999999999999,0,0,0,0,0,-9.5815282959404211,-5.7105389349232603,-5.7105389349232603,-9.5815282959404211,15.292067230863681
0.003532,0,0,0,0,0,-9.6354912087032396,-5.6412915984151528,-5.6412915984151528,-9.6354912087032396,15.276782807118392
0.0035329999999999997,0,0,0,0,0,-9.689382917777376,-5.5721307423798097,-5.5721307423798097,-9.689382917777376,15.261513660157185
0.0035339999999999998,0,0,0,0,0,-9.7432009865759674,-5.5030587881349424,-5.5030587881349424,-9.7432009865759674,15.246259774710909
0.0035349999999999999,0,0,0,0,0,-9.7969429817282272,-5.4340781537974507,-5.4340781537974507,-9.7969429817282272,15.231021135525678
0.0035359999999999996,0,0,0,0,0,-9.8506064731751959,-5.3651912541876552,-5.3651912541876552,-9.8506064731751959,15.215797727362851
0.0035369999999999998,0,0,0,0,0,-9.9041890342653716,-5.2964005007336494,-5.2964005007336494,-9.9041890342653716,15.20058953499902
0.0035379999999999999,0,0,0,0,0,-9.9576882418502279,-5.2277083013757633,-5.2277083013757633,-9.9576882418502279,15.185396543225991
0.003539,0,0,0,0,0,-10.011101676379441,-5.1591170604713295,-5.1591170604713295,-10.011101676379441,15.170218736850771
0.0035399999999999997,0,0,0,0,0,-10.064426921996301,-5.0906291786992499,-5.0906291786992499,-10.064426921996301,15.155056100695552
0.0035409999999999999,0,0,0,0,0,-10.117661566632645,-5.022247052965052,-5.022247052965052,-10.117661566632645,15.139908619597696
0.003542,0,0,0,0,0,-10.1708032021038,-4.9539730763059211,-4.9539730763059211,-10.1708032021038,15.124776278409721
0.0035429999999999997,0,0,0,0,0,-10.223849424203365,-4.8858096377959201,-4.8858096377959201,-10.223849424203365,15.109659061999285
0.0035439999999999998,0,0,0,0,0,-10.276797832797801,-4.8177591224513687,-4.8177591224513687,-10.276797832797801,15.094556955249169
0.003545,0,0,0,0,0,-10.32964603192092,-4.7498239111363478,-4.7498239111363478,-10.32964603192092,15.079469943057267
0.0035459999999999997,0,0,0,0,0,-10.382391629868,-4.6820063804685663,-4.6820063804685663,-10.382391629868,15.064398010336566
0.0035469999999999998,0,0,0,0,0,-10.435032239290235,-4.6143089027248951,-4.6143089027248951,-10.435032239290235,15.04934114201513
0.0035479999999999999,0,0,0,0,0,-10.487565477288376,-4.5467338457477133,-4.5467338457477133,-10.487565477288376,15.034299323036089
0.0035489999999999996,0,0,0,0,0,-10.539988965506497,-4.4792835728511271,-4.4792835728511271,-10.539988965506497,15.019272538357624
0.0035499999999999998,0,0,0,0,0,-10.592300330225925,-4.4119604427270263,-4.4119604427270263,-10.592300330225925,15.00426077295295
0.0035509999999999999,0,0,0,0,0,-10.644497202458169,-4.3447668093521301,-4.3447668093521301,-10.644497202458169,14.989264011810299
0.003552,0,0,0,0,0,-10.696577218038517,-4.2777050218943913,-4.2777050218943913,-10.696577218038517,14.974282239932908
0.0035529999999999997,0,0,0,0,0,-10.748538017718891,-4.2107774246201135,-4.2107774246201135,-10.748538017718891,14.959315442339005
0.0035539999999999999,0,0,0,0,0,-10.800377247260723,-4.1439863568010686,-4.1439863568010686,-10.800377247260723,14.944363604061792
0.003555,0,0,0,0,0,-10.852092557527618,-4.0773341526218108,-4.0773341526218108,-10.852092557527618,14.929426710149428
0.0035559999999999997,0,0,0,0,0,-10.903681604577633,-4.0108231410873856,-4.0108231410873856,-10.903681604577633,14.914504745665019
0.0035569999999999998,0,0,0,0,0,-10.955142049755871,-3.9444556459307263,-3.9444556459307263,-10.955142049755871,14.899597695686598
0.003558,0,0,0,0,0,-11.006471559786043,-3.8782339855210703,-3.8782339855210703,-11.006471559786043,14.884705545307114
0.0035589999999999997,0,0,0,0,0,-11.057667806862607,-3.8121604727718084,-3.8121604727718084,-11.057667806862607,14.869828279634415
0.0035599999999999998,0,0,0,0,0,-11.10872846874237,-3.7462374150488662,-3.7462374150488662,-11.10872846874237,14.854965883791236
0.0035609999999999999,0,0,0,0,0,-11.15965122883556,-3.6804671140796161,-3.6804671140796161,-11.15965122883556,14.840118342915178
0.0035619999999999996,0,0,0,0,0,-11.210433776297325,-3.6148518658613731,-3.6148518658613731,-11.210433776297325,14.825285642158699
0.0035629999999999998,0,0,0,0,0,-11.261073806118477,-3.5493939605706224,-3.5493939605706224,-11.261073806118477,14.810467766689099
0.0035639999999999999,0,0,0,0,0,-11.311569019216233,-3.484095682472268,-3.484095682472268,-11.311569019216233,14.7956647016885
0.003565,0,0,0,0,0,-11.361917122524712,-3.4189593098291242,-3.4189593098291242,-11.361917122524712,14.780876432353836
0.0035659999999999997,0,0,0,0,0,-11.412115829084994,-3.3539871148118401,-3.3539871148118401,-11.412115829084994,14.766102943896835
0.0035669999999999999,0,0,0,0,0,-11.462162858135475,-3.2891813634085336,-3.2891813634085336,-11.462162858135475,14.751344221544008
0.003568,0,0,0,0,0,-11.512055935201134,-3.224544315335498,-3.224544315335498,-11.512055935201134,14.736600250536632
0.0035689999999999997,0,0,0,0,0,-11.561792792183404,-3.1600782239473322,-3.1600782239473322,-11.561792792183404,14.721871016130736
0.0035699999999999998,0,0,0,0,0,-11.611371167449237,-3.0957853361478449,-3.0957853361478449,-11.611371167449237,14.707156503597082
0.003571,0,0,0,0,0,-11.660788805920134,-3.031667892301023,-3.031667892301023,-11.660788805920134,14.692456698221157
0.0035719999999999997,0,0,0,0,0,-11.710043459160868,-2.9677281261422861,-2.9677281261422861,-11.710043459160868,14.677771585303155
0.0035729999999999998,0,0,0,0,0,-11.759132885467956,-2.9039682646900067,-2.9039682646900067,-11.759132885467956,14.663101150157962
0.0035739999999999999,0,0,0,0,0,-11.80805484995788,-2.8403905281572595,-2.8403905281572595,-11.80805484995788,14.64844537811514
0.0035750000000000001,0,0,0,0,0,-11.85680712465491,-2.7769971298640073,-2.7769971298640073,-11.85680712465491,14.633804254518918
0.0035759999999999998,0,0,0,0,0,-11.905387488578944,-2.7137902761492256,-2.7137902761492256,-11.905387488578944,14.619177764728169
0.0035769999999999999,0,0,0,0,0,-11.953793727832762,-2.650772166283641,-2.650772166283641,-11.953793727832762,14.604565894116403
0.003578,0,0,0,0,0,-12.002023635689174,-2.5879449923825746,-2.5879449923825746,-12.002023635689174,14.589968628071748
0.0035789999999999997,0,0,0,0,0,-12.05007501267783,-2.5253109393191071,-2.5253109393191071,-12.05007501267783,14.575385951996937
0.0035799999999999998,0,0,0,0,0,-12.097945666671766,-2.4628721846375266,-2.4628721846375266,-12.097945666671766,14.560817851309293
0.003581,0,0,0,0,0,-12.145633412973645,-2.4006308984670701,-2.4006308984670701,-12.145633412973645,14.546264311440714
0.0035819999999999997,0,0,0,0,0,-12.193136074401707,-2.3385892434359521,-2.3385892434359521,-12.193136074401707,14.531725317837658
0.0035829999999999998,0,0,0,0,0,-12.24045148137543,-2.276749374585699,-2.276749374585699,-12.24045148137543,14.51720085596113
0.0035839999999999999,0,0,0,0,0,-12.287577472000928,-2.2151134392857408,-2.2151134392857408,-12.287577472000928,14.502690911286669
0.0035849999999999996,0,0,0,0,0,-12.334511892155827,-2.1536835771484988,-2.1536835771484988,-12.334511892155827,14.488195469304326
0.0035859999999999998,0,0,0,0,0,-12.381252595574374,-2.092461919944288,-2.092461919944288,-12.381252595574374,14.473714515518662
0.0035869999999999999,0,0,0,0,0,-12.427797443931428,-2.0314505915172889,-2.0314505915172889,-12.427797443931428,14.459248035448718
0.003588,0,0,0,0,0,-12.474144306926936,-1.9706517077010783,-1.9706517077010783,-12.474144306926936,14.444796014628015
0.0035889999999999997,0,0,0,0,0,-12.520291062369575,-1.9100673762349558,-1.9100673762349558,-12.520291062369575,14.43035843860453
0.0035899999999999999,0,0,0,0,0,-12.566235596260276,-1.8496996966804122,-1.8496996966804122,-12.566235596260276,14.415935292940688
0.003591,0,0,0,0,0,-12.611975802875421,-1.7895507603379182,-1.7895507603379182,-12.611975802875421,14.40152656321334
0.0035919999999999997,0,0,0,0,0,-12.657509584849528,-1.7296226501642264,-1.7296226501642264,-12.657509584849528,14.387132235013754
0.0035929999999999998,0,0,0,0,0,-12.702834853258089,-1.6699174406895132,-1.6699174406895132,-12.702834853258089,14.372752293947602
0.003594,0,0,0,0,0,-12.747949527699333,-1.6104371979356076,-1.6104371979356076,-12.747949527699333,14.358386725634942
0.0035949999999999997,0,0,0,0,0,-12.792851536376357,-1.551183979333846,-1.551183979333846,-12.792851536376357,14.344035515710203
0.0035959999999999998,0,0,0,0,0,-12.837538816178631,-1.4921598336435462,-1.4921598336435462,-12.837538816178631,14.329698649822177
0.0035969999999999999,0,0,0,0,0,-12.882009312762879,-1.4333668008711147,-1.4333668008711147,-12.882009312762879,14.315376113633993
0.0035979999999999996,0,0,0,0,0,-12.926260980634204,-1.3748069121889124,-1.3748069121889124,-12.926260980634204,14.301067892823117
0.0035989999999999998,0,0,0,0,0,-12.97029178322639,-1.3164821898549341,-1.3164821898549341,-12.97029178322639,14.286773973081324
0.0035999999999999999,0,0,0,0,0,-13.014099692982043,-1.2583946471326515,-1.2583946471326515,-13.014099692982043,14.272494340114696
0.003601,0,0,0,0,0,-13.057682691432381,-1.2005462882112159,-1.2005462882112159,-13.057682691432381,14.258228979643597
0.0036019999999999997,0,0,0,0,0,-13.101038769276482,-1.1429391081261864,-1.1429391081261864,-13.101038769276482,14.243977877402667
0.0036029999999999999,0,0,0,0,0,-13.14416592646063,-1.0855750926801697,-1.0855750926801697,-13.14416592646063,14.2297410191408
0.003604,0,0,0,0,0,-13.187062172256605,-1.0284562183645338,-1.0284562183645338,-13.187062172256605,14.215518390621138
0.0036049999999999997,0,0,0,0,0,-13.229725525340269,-0.97158445228078349,-0.97158445228078349,-13.229725525340269,14.201309977621053
0.0036059999999999998,0,0,0,0,0,-13.272154013869381,-0.91496175206274621,-0.91496175206274621,-13.272154013869381,14.187115765932127
0.003607,0,0,0,0,0,-13.314345675561171,-0.85859006579897823,-0.85859006579897823,-13.314345675561171,14.172935741360149
0.0036079999999999997,0,0,0,0,0,-13.35629855776952,-0.80247133195557385,-0.80247133195557385,-13.35629855776952,14.158769889725095
0.0036089999999999998,0,0,0,0,0,-13.398010717561766,-0.74660747929934423,-0.74660747929934423,-13.398010717561766,14.14461819686111
0.0036099999999999999,0,0,0,0,0,-13.439480221795138,-0.69100042682136298,-0.69100042682136298,-13.439480221795138,14.130480648616501
0.0036109999999999996,0,0,0,0,0,-13.480705147192662,-0.63565208366105441,-0.63565208366105441,-13.480705147192662,14.116357230853717
0.0036119999999999998,0,0,0,0,0,-13.521683580419072,-0.58056434903026943,-0.58056434903026943,-13.521683580419072,14.102247929449341
0.0036129999999999999,0,0,0,0,0,-13.562413618155805,-0.52573911213826552,-0.52573911213826552,-13.562413618155805,14.08815273029407
0.003614,0,0,0,0,0,-13.602893367175895,-0.47117825211680842,-0.47117825211680842,-13.602893367175895,14.074071619292702
0.0036149999999999997,0,0,0,0,0,-13.643120944418559,-0.41688363794556871,-0.41688363794556871,-13.643120944418559,14.060004582364128
0.0036159999999999999,0,0,0,0,0,-13.683094477063143,-0.36285712837816408,-0.36285712837816408,-13.683094477063143,14.045951605441306
0.003617,0,0,0,0,0,-13.722812102602802,-0.30910057186845918,-0.30910057186845918,-13.722812102602802,14.031912674471261
0.0036179999999999997,0,0,0,0,0,-13.762271968917743,-0.25561580649731752,-0.25561580649731752,-13.762271968917743,14.01788777541506
0.0036189999999999998,0,0,0,0,0,-13.801472234348058,-0.2024046598997451,-0.2024046598997451,-13.801472234348058,14.003876894247803
0.00362,0,0,0,0,0,-13.840411067766178,-0.14946894919242837,-0.14946894919242837,-13.840411067766178,13.989880016958606
0.0036209999999999997,0,0,0,0,0,-13.879086648648741,-0.096810480901851292,-0.096810480901851292,-13.879086648648741,13.975897129550592
0.0036219999999999998,0,0,0,0,0,-13.917497167148468,-0.044431050892403512,-0.044431050892403512,-13.917497167148468,13.961928218040873
0.0036229999999999999,-0.14551735096029006,0,0.14551735096029006,0.14551735096029006,0,-13.961853206359811,0,0,-13.961853206359811,13.961853206359811
0.0036240000000000001,-0.99116562666836217,0,0.99116562666836217,0.99116562666836217,0,-14.043087739710257,0,0,-14.043087739710257,14.043087739710257
0.0036249999999999998,-1.0304944805066043,0,1.0304944805066043,1.0304944805066043,0,-14.131830678925835,0,0,-14.131830678925835,14.131830678925835
0.0036259999999999999,-1.0280752638459489,0,1.0280752638459489,1.0280752638459489,0,-14.220432791547191,0,0,-14.220432791547191,14.220432791547191
0.003627,-1.0234580144717711,0,1.0234580144717711,1.0234580144717711,0,-14.308495080291896,0,0,-14.308495080291896,14.308495080291896
0.0036279999999999997,-1.0186887600316368,0,1.0186887600316368,1.0186887600316368,0,-14.395993610157756,0,0,-14.395993610157756,14.395993610157756
0.0036289999999999998,-1.0138735166076458,0,1.0138735166076458,1.0138735166076458,0,-14.482923868574835,0,0,-14.482923868574835,14.482923868574835
0.00363,-1.0090179485705448,0,1.0090179485705448,1.0090179485705448,0,-14.569282368942497,0,0,-14.569282368942497,14.569282368942497
0.0036309999999999997,-1.0041225307857076,0,1.0041225307857076,1.0041225307857076,0,-14.655065699143265,0,0,-14.655065699143265,14.655065699143265
0.0036319999999999998,-0.9991874711647597,0,0.9991874711647597,0.9991874711647597,0,-14.740270472451794,0,0,-14.740270472451794,14.740270472451794
0.0036329999999999999,-0.99421296529089886,0,0.99421296529089886,0.99421296529089886,0,-14.824893325121835,0,0,-14.824893325121835,14.824893325121835
0.0036339999999999996,-0.98919920958951479,0,0.98919920958951479,0.98919920958951479,0,-14.9089309163877,0,0,-14.9089309163877,14.9089309163877
0.0036349999999999998,-0.98414640199689529,0,0.98414640199689529,0.98414640199689529,0,-14.992379928589168,0,0,-14.992379928589168,14.992379928589168
0.0036359999999999999,-0.97905474198978482,0,0.97905474198978482,0.97905474198978482,0,-15.075237067302121,0,0,-15.075237067302121,15.075237067302121
0.003637,-0.97392443057833589,0,0.97392443057833589,0.97392443057833589,0,-15.15749906146864,0,0,-15.15749906146864,15.15749906146864
0.0036379999999999997,-0.9687556702965594,0,0.9687556702965594,0.9687556702965594,0,-15.239162663525926,0,0,-15.239162663525926,15.239162663525926
0.0036389999999999999,-0.96354866520141513,0,0.96354866520141513,0.96354866520141513,0,-15.320224649534961,0,0,-15.320224649534961,15.320224649534961
0.00364,-0.95830362085371235,0,0.95830362085371235,0.95830362085371235,0,-15.40068181930722,0,0,-15.40068181930722,15.40068181930722
0.0036409999999999997,-0.95302074432015615,0,0.95302074432015615,0.95302074432015615,0,-15.480530996531442,0,0,-15.480530996531442,15.480530996531442
0.0036419999999999998,-0.94770024415925036,0,0.94770024415925036,0.94770024415925036,0,-15.559769028898836,0,0,-15.559769028898836,15.559769028898836
0.003643,-0.94234233041606785,0,0.94234233041606785,0.94234233041606785,0,-15.638392788227559,0,0,-15.638392788227559,15.638392788227559
0.0036439999999999997,-0.93694721461042718,0,0.93694721461042718,0.93694721461042718,0,-15.716399170586225,0,0,-15.716399170586225,15.716399170586225
0.0036449999999999998,-0.93151510973348195,0,0.93151510973348195,0.93151510973348195,0,-15.793785096416418,0,0,-15.793785096416418,15.793785096416418
0.0036459999999999999,-0.92604623023544264,0,0.92604623023544264,0.92604623023544264,0,-15.870547510654337,0,0,-15.870547510654337,15.870547510654337
0.0036469999999999996,-0.92054079201693639,0,0.92054079201693639,0.92054079201693639,0,-15.946683382851191,0,0,-15.946683382851191,15.946683382851191
0.0036479999999999998,-0.9149990124251417,0,0.9149990124251417,0.9149990124251417,0,-16.022189707293215,0,0,-16.022189707293215,16.022189707293215
0.0036489999999999999,-0.90942111023878169,0,0.90942111023878169,0.90942111023878169,0,-16.097063503120026,0,0,-16.097063503120026,16.097063503120026
0.00365,-0.9038073056635767,0,0.9038073056635767,0.9038073056635767,0,-16.17130181444228,0,0,-16.17130181444228,16.17130181444228
0.0036509999999999997,-0.89815782032405878,0,0.89815782032405878,0.89815782032405878,0,-16.244901710458603,0,0,-16.244901710458603,16.244901710458603
0.0036519999999999999,-0.89247287725129354,0,0.89247287725129354,0.89247287725129354,0,-16.317860285571125,0,0,-16.317860285571125,16.317860285571125
0.003653,-0.88675270087765057,0,0.88675270087765057,0.88675270087765057,0,-16.390174659500225,0,0,-16.390174659500225,16.390174659500225
0.0036539999999999997,-0.88099751702611684,0,0.88099751702611684,0.88099751702611684,0,-16.461841977398237,0,0,-16.461841977398237,16.461841977398237
0.0036549999999999998,-0.87520755290097441,0,0.87520755290097441,0.87520755290097441,0,-16.532859409962175,0,0,-16.532859409962175,16.532859409962175
0.003656,-0.8693830370800697,0,0.8693830370800697,0.8693830370800697,0,-16.603224153545433,0,0,-16.603224153545433,16.603224153545433
0.0036569999999999997,-0.86352419950503645,0,0.86352419950503645,0.86352419950503645,0,-16.672933430268312,0,0,-16.672933430268312,16.672933430268312
0.0036579999999999998,-0.85763127147447449,0,0.85763127147447449,0.85763127147447449,0,-16.741984488128065,0,0,-16.741984488128065,16.741984488128065
0.0036589999999999999,-0.8517044856287157,0,0.8517044856287157,0.8517044856287157,0,-16.810374601107064,0,0,-16.810374601107064,16.810374601107064
0.0036599999999999996,-0.84574407594868717,0,0.84574407594868717,0.84574407594868717,0,-16.878101069280781,0,0,-16.878101069280781,16.878101069280781
0.0036609999999999998,-0.83975027774067712,0,0.83975027774067712,0.83975027774067712,0,-16.945161218924223,0,0,-16.945161218924223,16.945161218924223
0.0036619999999999999,-0.83372332762883161,0,0.83372332762883161,0.83372332762883161,0,-17.011552402617507,0,0,-17.011552402617507,17.011552402617507
0.003663,-0.82766346354901543,0,0.82766346354901543,0.82766346354901543,0,-17.077271999350408,0,0,-17.077271999350408,17.077271999350408
0.0036639999999999997,-0.82157092473107696,0,0.82157092473107696,0.82157092473107696,0,-17.142317414625687,0,0,-17.142317414625687,17.142317414625687
0.0036649999999999999,-0.81544595170134926,0,0.81544595170134926,0.81544595170134926,0,-17.206686080561809,0,0,-17.206686080561809,17.206686080561809
0.003666,-0.80928878626127698,0,0.80928878626127698,0.80928878626127698,0,-17.270375455994074,0,0,-17.270375455994074,17.270375455994074
0.0036669999999999997,-0.80309967148468786,0,0.80309967148468786,0.80309967148468786,0,-17.333383026574896,0,0,-17.333383026574896,17.333383026574896
0.0036679999999999998,-0.79687885170960726,0,0.79687885170960726,0.79687885170960726,0,-17.395706304873389,0,0,-17.395706304873389,17.395706304873389
0.003669,-0.79062657252120516,0,0.79062657252120516,0.79062657252120516,0,-17.457342830473163,0,0,-17.457342830473163,17.457342830473163
0.0036699999999999997,-0.78434308074952241,0,0.78434308074952241,0.78434308074952241,0,-17.518290170069744,0,0,-17.518290170069744,17.518290170069744
0.0036709999999999998,-0.7780286244560557,0,0.7780286244560557,0.7780286244560557,0,-17.57854591756653,0,0,-17.57854591756653,17.57854591756653
0.0036719999999999999,-0.77168345292443519,0,0.77168345292443519,0.77168345292443519,0,-17.638107694169783,0,0,-17.638107694169783,17.638107694169783
0.003673,-0.76530781665201175,0,0.76530781665201175,0.76530781665201175,0,-17.696973148482574,0,0,-17.696973148482574,17.696973148482574
0.0036739999999999997,-0.75890196733644188,0,0.75890196733644188,0.75890196733644188,0,-17.755139956597482,0,0,-17.755139956597482,17.755139956597482
0.0036749999999999999,-0.75246615787204973,0,0.75246615787204973,0.75246615787204973,0,-17.812605822188619,0,0,-17.812605822188619,17.812605822188619
0.003676,-0.74600064233118246,0,0.74600064233118246,0.74600064233118246,0,-17.869368476601945,0,0,-17.869368476601945,17.869368476601945
0.0036769999999999997,-0.73950567596239125,0,0.73950567596239125,0.73950567596239125,0,-17.925425678945071,0,0,-17.925425678945071,17.925425678945071
0.0036779999999999998,-0.73298151517587939,0,0.73298151517587939,0.73298151517587939,0,-17.980775216175633,0,0,-17.980775216175633,17.980775216175633
0.003679,-0.72642841753417997,0,0.72642841753417997,0.72642841753417997,0,-18.035414903188688,0,0,-18.035414903188688,18.035414903188688
0.0036799999999999997,-0.71984664174283353,0,0.71984664174283353,0.71984664174283353,0,-18.08934258290293,0,0,-18.08934258290293,18.08934258290293
0.0036809999999999998,-0.71323644763833727,0,0.71323644763833727,0.71323644763833727,0,-18.142556126345919,0,0,-18.142556126345919,18.142556126345919
0.0036819999999999999,-0.70659809618018699,0,0.70659809618018699,0.70659809618018699,0,-18.195053432738106,0,0,-18.195053432738106,18.195053432738106
0.0036829999999999996,-0.6999318494383715,0,0.6999318494383715,0.6999318494383715,0,-18.246832429575633,0,0,-18.246832429575633,18.246832429575633
0.0036839999999999998,-0.69323797058632408,0,0.69323797058632408,0.69323797058632408,0,-18.297891072712446,0,0,-18.297891072712446,18.297891072712446
0.0036849999999999999,-0.6865167238865979,0,0.6865167238865979,0.6865167238865979,0,-18.348227346440737,0,0,-18.348227346440737,18.348227346440737
0.003686,-0.67976837468154372,0,0.67976837468154372,0.67976837468154372,0,-18.397839263570575,0,0,-18.397839263570575,18.397839263570575
0.0036869999999999997,-0.67299318938512442,0,0.67299318938512442,0.67299318938512442,0,-18.446724865508422,0,0,-18.446724865508422,18.446724865508422
0.0036879999999999999,-0.66619143546972737,0,0.66619143546972737,0.66619143546972737,0,-18.494882222334439,0,0,-18.494882222334439,18.494882222334439
0.003689,-0.65936338145752416,0,0.65936338145752416,0.65936338145752416,0,-18.542309432878625,0,0,-18.542309432878625,18.542309432878625
0.0036899999999999997,-0.65250929690773773,0,0.65250929690773773,0.65250929690773773,0,-18.589004624795919,0,0,-18.589004624795919,18.589004624795919
0.0036909999999999998,-0.64562945240845693,0,0.64562945240845693,0.64562945240845693,0,-18.634965954640101,0,0,-18.634965954640101,18.634965954640101
0.003692,-0.63872411956390351,0,0.63872411956390351,0.63872411956390351,0,-18.680191607936592,0,0,-18.680191607936592,18.680191607936592
0.0036929999999999997,-0.63179357098420041,0,0.63179357098420041,0.63179357098420041,0,-18.72467979925397,0,0,-18.72467979925397,18.72467979925397
0.0036939999999999998,-0.62483808027695886,0,0.62483808027695886,0.62483808027695886,0,-18.768428772274699,0,0,-18.768428772274699,18.768428772274699
0.0036949999999999999,-0.61785792203136225,0,0.61785792203136225,0.61785792203136225,0,-18.811436799864179,0,0,-18.811436799864179,18.811436799864179
0.0036959999999999996,-0.61085337181293653,0,0.61085337181293653,0.61085337181293653,0,-18.853702184139117,0,0,-18.853702184139117,18.853702184139117
0.0036969999999999998,-0.60382470615036254,0,0.60382470615036254,0.60382470615036254,0,-18.895223256534571,0,0,-18.895223256534571,18.895223256534571
0.0036979999999999999,-0.59677220252183361,0,0.59677220252183361,0.59677220252183361,0,-18.935998377869645,0,0,-18.935998377869645,18.935998377869645
0.003699,-0.58969613934823428,0,0.58969613934823428,0.58969613934823428,0,-18.976025938412405,0,0,-18.976025938412405,18.976025938412405
0.0036999999999999997,-0.58259679598086223,0,0.58259679598086223,0.58259679598086223,0,-19.015304357943236,0,0,-19.015304357943236,19.015304357943236
0.0037009999999999999,-0.57547445268983211,0,0.57547445268983211,0.57547445268983211,0,-19.053832085817447,0,0,-19.053832085817447,19.053832085817447
0.003702,-0.56832939065293431,0,0.56832939065293431,0.56832939065293431,0,-19.091607601026322,0,0,-19.091607601026322,19.091607601026322
0.0037029999999999997,-0.56116189194426624,0,0.56116189194426624,0.56116189194426624,0,-19.128629412257137,0,0,-19.128629412257137,19.128629412257137
0.0037039999999999998,-0.55397223952536478,0,0.55397223952536478,0.55397223952536478,0,-19.164896057952248,0,0,-19.164896057952248,19.164896057952248
0.003705,-0.54676071723065434,0,0.54676071723065434,0.54676071723065434,0,-19.20040610636654,0,0,-19.20040610636654,19.20040610636654
0.0037059999999999997,-0.53952760975948877,0,0.53952760975948877,0.53952760975948877,0,-19.235158155624106,0,0,-19.235158155624106,19.235158155624106
0.0037069999999999998,-0.5322732026615995,0,0.5322732026615995,0.5322732026615995,0,-19.269150833773558,0,0,-19.269150833773558,19.269150833773558
0.0037079999999999999,-0.52499778232981953,0,0.52499778232981953,0.52499778232981953,0,-19.30238279884216,0,0,-19.30238279884216,19.30238279884216
0.0037089999999999996,-0.51770163598371255,0,0.51770163598371255,0.51770163598371255,0,-19.334852738888841,0,0,-19.334852738888841,19.334852738888841
0.0037099999999999998,-0.51038505166388859,0,0.51038505166388859,0.51038505166388859,0,-19.36655937205596,0,0,-19.36655937205596,19.36655937205596
0.0037109999999999999,-0.50304831821586049,0,0.50304831821586049,0.50304831821586049,0,-19.397501446619948,0,0,-19.397501446619948,19.397501446619948
0.003712,-0.49569172528208583,0,0.49569172528208583,0.49569172528208583,0,-19.42767774104065,0,0,-19.42767774104065,19.42767774104065
0.0037129999999999997,-0.48831556328696024,0,0.48831556328696024,0.48831556328696024,0,-19.457087064009649,0,0,-19.457087064009649,19.457087064009649
0.0037139999999999999,-0.48092012343045099,0,0.48092012343045099,0.48092012343045099,0,-19.485728254497225,0,0,-19.485728254497225,19.485728254497225
0.003715,-0.47350569767058914,0,0.47350569767058914,0.47350569767058914,0,-19.513600181798228,0,0,-19.513600181798228,19.513600181798228
0.0037159999999999997,-0.46607257871642105,0,0.46607257871642105,0.46607257871642105,0,-19.54070174557669,0,0,-19.54070174557669,19.54070174557669
0.0037169999999999998,-0.45862106001482061,0,0.45862106001482061,0.45862106001482061,0,-19.567031875909276,0,0,-19.567031875909276,19.567031875909276
0.003718,-0.45115143573912064,0,0.45115143573912064,0.45115143573912064,0,-19.592589533327526,0,0,-19.592589533327526,19.592589533327526
0.0037189999999999996,-0.44366400077706203,0,0.44366400077706203,0.44366400077706203,0,-19.617373708858892,0,0,-19.617373708858892,19.617373708858892
0.0037199999999999998,-0.43615905072033456,0,0.43615905072033456,0.43615905072033456,0,-19.641383424066554,0,0,-19.641383424066554,19.641383424066554
0.0037209999999999999,-0.42863688185116189,0,0.42863688185116189,0.42863688185116189,0,-19.664617731088072,0,0,-19.664617731088072,19.664617731088072
0.003722,-0.42109779113138757,0,0.42109779113138757,0.42109779113138757,0,-19.687075712672787,0,0,-19.687075712672787,19.687075712672787
0.0037229999999999997,-0.41354207619247063,0,0.41354207619247063,0.41354207619247063,0,-19.708756482218028,0,0,-19.708756482218028,19.708756482218028
0.0037239999999999999,-0.40597003532002418,0,0.40597003532002418,0.40597003532002418,0,-19.729659183804152,0,0,-19.729659183804152,19.729659183804152
0.003725,-0.39838196744562993,0,0.39838196744562993,0.39838196744562993,0,-19.749782992228287,0,0,-19.749782992228287,19.749782992228287
0.0037259999999999997,-0.39077817213342314,0,0.39077817213342314,0.39077817213342314,0,-19.769127113036934,0,0,-19.769127113036934,19.769127113036934
0.0037269999999999998,-0.38315894956781449,0,0.38315894956781449,0.38315894956781449,0,-19.78769078255733,0,0,-19.78769078255733,19.78769078255733
0.003728,-0.3755246005432582,0,0.3755246005432582,0.3755246005432582,0,-19.805473267927589,0,0,-19.805473267927589,19.805473267927589
0.0037289999999999997,-0.36787542645038229,0,0.36787542645038229,0.36787542645038229,0,-19.822473867125613,0,0,-19.822473867125613,19.822473867125613
0.0037299999999999998,-0.36021172926575673,0,0.36021172926575673,0.36021172926575673,0,-19.838691908996893,0,0,-19.838691908996893,19.838691908996893
0.0037309999999999999,-0.35253381153893315,0,0.35253381153893315,0.35253381153893315,0,-19.85412675328088,0,0,-19.85412675328088,19.85412675328088
0.0037319999999999996,-0.34484197638062142,0,0.34484197638062142,0.34484197638062142,0,-19.868777790636347,0,0,-19.868777790636347,19.868777790636347
0.0037329999999999998,-0.33713652745177569,0,0.33713652745177569,0.33713652745177569,0,-19.882644442665455,0,0,-19.882644442665455,19.882644442665455
0.0037339999999999999,-0.32941776895017938,0,0.32941776895017938,0.32941776895017938,0,-19.895726161936498,0,0,-19.895726161936498,19.895726161936498
0.003735,-0.3216860055986217,0,0.3216860055986217,0.3216860055986217,0,-19.908022432005616,0,0,-19.908022432005616,19.908022432005616
0.0037359999999999997,-0.31394154263443852,0,0.31394154263443852,0.31394154263443852,0,-19.919532767437097,0,0,-19.919532767437097,19.919532767437097
0.0037369999999999999,-0.30618468579609726,0,0.30618468579609726,0.30618468579609726,0,-19.930256713822629,0,0,-19.930256713822629,19.930256713822629
0.003738,-0.298415741310464,0,0.298415741310464,0.298415741310464,0,-19.940193847799172,0,0,-19.940193847799172,19.940193847799172
0.0037389999999999997,-0.29063501588211693,0,0.29063501588211693,0.29063501588211693,0,-19.949343777065675,0,0,-19.949343777065675,19.949343777065675
0.0037399999999999998,-0.28284281668106814,0,0.28284281668106814,0.28284281668106814,0,-19.957706140398617,0,0,-19.957706140398617,19.957706140398617
0.003741,-0.27503945133003072,0,0.27503945133003072,0.27503945133003072,0,-19.965280607666198,0,0,-19.965280607666198,19.965280607666198
0.0037419999999999997,-0.26722522789236791,0,0.26722522789236791,0.26722522789236791,0,-19.972066879841424,0,0,-19.972066879841424,19.972066879841424
0.0037429999999999998,-0.25940045486026975,0,0.25940045486026975,0.25940045486026975,0,-19.978064689013891,0,0,-19.978064689013891,19.978064689013891
0.0037439999999999999,-0.25156544114247481,0,0.25156544114247481,0.25156544114247481,0,-19.983273798400358,0,0,-19.983273798400358,19.983273798400358
0.0037449999999999996,-0.24372049605176471,0,0.24372049605176471,0.24372049605176471,0,-19.987694002354107,0,0,-19.987694002354107,19.987694002354107
0.0037459999999999998,-0.23586592929291328,0,0.23586592929291328,0.23586592929291328,0,-19.991325126373066,0,0,-19.991325126373066,19.991325126373066
0.0037469999999999999,-0.22800205095131787,0,0.22800205095131787,0.22800205095131787,0,-19.994167027106666,0,0,-19.994167027106666,19.994167027106666
0.003748,-0.22012917147890221,0,0.22012917147890221,0.22012917147890221,0,-19.99621959236153,0,0,-19.99621959236153,19.99621959236153
0.0037489999999999997,-0.21224760168433932,0,0.21224760168433932,0.21224760168433932,0,-19.997482741105898,0,0,-19.997482741105898,19.997482741105898
0.0037499999999999999,-0.2043576527175901,0,0.2043576527175901,0.2043576527175901,0,-19.997956423472825,0,0,-19.997956423472825,19.997956423472825
0.003751,-0.19645963606035366,0,0.19645963606035366,0.19645963606035366,0,-19.997640620762137,0,0,-19.997640620762137,19.997640620762137
0.0037519999999999997,-0.18855386351310699,0,0.18855386351310699,0.18855386351310699,0,-19.996535345441188,0,0,-19.996535345441188,19.996535345441188
0.0037529999999999998,-0.18064064718237205,0,0.18064064718237205,0.18064064718237205,0,-19.994640641144358,0,0,-19.994640641144358,19.994640641144358
0.003754,-0.17272029946843759,0,0.17272029946843759,0.17272029946843759,0,-19.991956582671317,0,0,-19.991956582671317,19.991956582671317
0.0037549999999999997,-0.16479313305239884,0,0.16479313305239884,0.16479313305239884,0,-19.988483275984109,0,0,-19.988483275984109,19.988483275984109
0.0037559999999999998,-0.15685946088547098,0,0.15685946088547098,0.15685946088547098,0,-19.984220858202931,0,0,-19.984220858202931,19.984220858202931
0.0037569999999999999,-0.14891959617580142,0,0.14891959617580142,0.14891959617580142,0,-19.979169497600736,0,0,-19.979169497600736,19.979169497600736
0.0037579999999999996,-0.14097385237596427,0,0.14097385237596427,0.14097385237596427,0,-19.973329393596597,0,0,-19.973329393596597,19.973329393596597
0.0037589999999999998,-0.13302254316909057,0,0.13302254316909057,0.13302254316909057,0,-19.966700776747814,0,0,-19.966700776747814,19.966700776747814
0.0037599999999999999,-0.12506598246068279,0,0.12506598246068279,0.12506598246068279,0,-19.959283908740829,0,0,-19.959283908740829,19.959283908740829
0.003761,-0.11710448436087972,0,0.11710448436087972,0.11710448436087972,0,-19.9510790823809,0,0,-19.9510790823809,19.9510790823809
0.0037619999999999997,-0.10913836317695313,0,0.10913836317695313,0.10913836317695313,0,-19.942086621580515,0,0,-19.942086621580515,19.942086621580515
0.0037629999999999999,-0.10116793339716423,0,0.10116793339716423,0.10116793339716423,0,-19.932306881346634,0,0,-19.932306881346634,19.932306881346634
0.003764,-0.093193509680531861,0,0.093193509680531861,0.093193509680531861,0,-19.921740247766646,0,0,-19.921740247766646,19.921740247766646
0.0037649999999999997,-0.085215406843644814,0,0.085215406843644814,0.085215406843644814,0,-19.910387137993173,0,0,-19.910387137993173,19.910387137993173
0.0037659999999999998,-0.07723393984838367,0,0.07723393984838367,0.07723393984838367,0,-19.898248000227525,0,0,-19.898248000227525,19.898248000227525
0.0037669999999999999,-0.069249423789187858,0,0.069249423789187858,0.069249423789187858,0,-19.885323313702091,0,0,-19.885323313702091,19.885323313702091
0.0037679999999999996,-0.06126217388191435,0,0.06126217388191435,0.06126217388191435,0,-19.871613588661361,0,0,-19.871613588661361,19.871613588661361
0.0037689999999999998,-0.053272505448830998,0,0.053272505448830998,0.053272505448830998,0,-19.857119366341795,0,0,-19.857119366341795,19.857119366341795
0.0037699999999999999,-0.045280733907929971,0,0.045280733907929971,0.045280733907929971,0,-19.841841218950485,0,0,-19.841841218950485,19.841841218950485
0.0037709999999999996,-0.037287174761559072,0,0.037287174761559072,0.037287174761559072,0,-19.825779749642525,0,0,-19.825779749642525,19.825779749642525
0.0037719999999999997,-0.029292143581415075,0,0.029292143581415075,0.029292143581415075,0,-19.808935592497221,0,0,-19.808935592497221,19.808935592497221
0.0037729999999999999,-0.02129595599762979,0,0.02129595599762979,0.02129595599762979,0,-19.791309412493053,0,0,-19.791309412493053,19.791309412493053
0.003774,-0.013298927685582385,0,0.013298927685582385,0.013298927685582385,0,-19.772901905481426,0,0,-19.772901905481426,19.772901905481426
0.0037749999999999997,-0.0053013743554402026,0,0.0053013743554402026,0.0053013743554402026,0,-19.753713798159218,0,0,-19.753713798159218,19.753713798159218
0.0037759999999999998,0,0,0,0,0,-19.733772374697395,-5.3490540024014877e-05,-5.3490540024014877e-05,-19.733772374697395,19.733825865237417
0.003777,0,0,0,0,0,-19.713496902988467,-0.00060500000849827984,-0.00060500000849827984,-19.713496902988467,19.714101902996966
0.0037779999999999997,0,0,0,0,0,-19.692842172722088,-0.0015554821379701878,-0.0015554821379701878,-19.692842172722088,19.694397654860058
0.0037789999999999998,0,0,0,0,0,-19.671808600514524,-0.0029045006079204683,-0.0029045006079204683,-19.671808600514524,19.674713101122446
0.0037799999999999999,0,0,0,0,0,-19.650396618336682,-0.0046516037628947515,-0.0046516037628947515,-19.650396618336682,19.655048222099577
0.0037809999999999996,0,0,0,0,0,-19.62860667349663,-0.0067963246299349578,-0.0067963246299349578,-19.62860667349663,19.635402998126565
0.0037819999999999998,0,0,0,0,0,-19.606439228621571,-0.0093381809366164248,-0.0093381809366164248,-19.606439228621571,19.615777409558188
0.0037829999999999999,0,0,0,0,0,-19.583894761639151,-0.012276675129703207,-0.012276675129703207,-19.583894761639151,19.596171436768856
0.003784,0,0,0,0,0,-19.560973765758234,-0.0156112943943576,-0.0156112943943576,-19.560973765758234,19.576585060152592
0.0037849999999999997,0,0,0,0,0,-19.537676749448998,-0.019341510674024676,-0.019341510674024676,-19.537676749448998,19.557018260123023
0.0037859999999999999,0,0,0,0,0,-19.514004236422451,-0.02346678069089414,-0.02346678069089414,-19.514004236422451,19.537471017113344
0.003787,0,0,0,0,0,-19.489956765609428,-0.027986545966880882,-0.027986545966880882,-19.489956765609428,19.517943311576307
0.0037879999999999997,0,0,0,0,0,-19.465534891138851,-0.032900232845356925,-0.032900232845356925,-19.465534891138851,19.498435123984208
0.0037889999999999998,0,0,0,0,0,-19.440739182315497,-0.038207252513361212,-0.038207252513361212,-19.440739182315497,19.47894643482886
0.00379,0,0,0,0,0,-19.415570223597108,-0.043907001024463099,-0.043907001024463099,-19.415570223597108,19.459477224621569
0.0037909999999999997,0,0,0,0,0,-19.390028614570923,-0.049998859322199607,-0.049998859322199607,-19.390028614570923,19.440027473893124
0.0037919999999999998,0,0,0,0,0,-19.364114969929638,-0.056482193264136171,-0.056482193264136171,-19.364114969929638,19.420597163193776
0.0037929999999999999,0,0,0,0,0,-19.337829919446705,-0.063356353646501162,-0.063356353646501162,-19.337829919446705,19.401186273093206
0.0037939999999999996,0,0,0,0,0,-19.311174107951139,-0.070620676229388835,-0.070620676229388835,-19.311174107951139,19.381794784180528
0.0037949999999999998,0,0,0,0,0,-19.284148195301562,-0.078274481762687032,-0.078274481762687032,-19.284148195301562,19.362422677064249
0.0037959999999999999,0,0,0,0,0,-19.256752856359896,-0.086317076012361937,-0.086317076012361937,-19.256752856359896,19.343069932372259
0.003797,0,0,0,0,0,-19.228988780964222,-0.094747749787593705,-0.094747749787593705,-19.228988780964222,19.323736530751816
0.0037979999999999997,0,0,0,0,0,-19.2008566739012,-0.10356577896831531,-0.10356577896831531,-19.2008566739012,19.304422452869513
0.0037989999999999999,0,0,0,0,0,-19.172357254877838,-0.11277042453343533,-0.11277042453343533,-19.172357254877838,19.285127679411271
0.0038,0,0,0,0,0,-19.143491258492695,-0.12236093258962022,-0.12236093258962022,-19.143491258492695,19.265852191082317
0.0038009999999999997,0,0,0,0,0,-19.114259434206538,-0.13233653440061666,-0.13233653440061666,-19.114259434206538,19.246595968607156
0.0038019999999999998,0,0,0,0,0,-19.084662546312245,-0.14269644641732526,-0.14269644641732526,-19.084662546312245,19.22735899272957
0.003803,0,0,0,0,0,-19.054701373904344,-0.15343987030823492,-0.15343987030823492,-19.054701373904344,19.20814124421258
0.0038039999999999997,0,0,0,0,0,-19.024376710847882,-0.16456599299055341,-0.16456599299055341,-19.024376710847882,19.188942703838435
0.0038049999999999998,0,0,0,0,0,-18.993689365746562,-0.17607398666203089,-0.17607398666203089,-18.993689365746562,19.169763352408591
0.0038059999999999999,0,0,0,0,0,-18.962640161910599,-0.18796300883309591,-0.18796300883309591,-18.962640161910599,19.150603170743697
0.0038069999999999996,0,0,0,0,0,-18.931229937323721,-0.20023220235984951,-0.20023220235984951,-18.931229937323721,19.13146213968357
0.0038079999999999998,0,0,0,0,0,-18.899459544609723,-0.21288069547745536,-0.21288069547745536,-18.899459544609723,19.112340240087178
0.0038089999999999999,0,0,0,0,0,-18.867329850998434,-0.22590760183418368,-0.22590760183418368,-18.867329850998434,19.093237452832618
0.00381,0,0,0,0,0,-18.834841738291068,-0.23931202052603062,-0.23931202052603062,-18.834841738291068,19.074153758817101
0.0038109999999999997,0,0,0,0,0,-18.8019961028251,-0.25309303613183509,-0.25309303613183509,-18.8019961028251,19.055089138956934
0.0038119999999999999,0,0,0,0,0,-18.768793855438332,-0.26724971874915759,-0.26724971874915759,-18.768793855438332,19.036043574187492
0.003813,0,0,0,0,0,-18.735235921432761,-0.28178112403044686,-0.28178112403044686,-18.735235921432761,19.017017045463209
0.0038139999999999997,0,0,0,0,0,-18.701323240537491,-0.29668629322006446,-0.29668629322006446,-18.701323240537491,18.998009533757557
0.0038149999999999998,0,0,0,0,0,-18.667056766871337,-0.31196425319168597,-0.31196425319168597,-18.667056766871337,18.979021020063023
0.0038159999999999999,0,0,0,0,0,-18.632437468904733,-0.32761401648635591,-0.32761401648635591,-18.632437468904733,18.960051485391091
0.0038169999999999996,0,0,0,0,0,-18.597466329421156,-0.34363458135106839,-0.34363458135106839,-18.597466329421156,18.941100910772224
0.0038179999999999998,0,0,0,0,0,-18.562144345477897,-0.36002493177794825,-0.36002493177794825,-18.562144345477897,18.922169277255847
0.0038189999999999999,0,0,0,0,0,-18.526472528366334,-0.37678403754398637,-0.37678403754398637,-18.526472528366334,18.903256565910322
0.0038199999999999996,0,0,0,0,0,-18.490451903571689,-0.39391085425125461,-0.39391085425125461,-18.490451903571689,18.884362757822942
0.0038209999999999997,0,0,0,0,0,-18.454083510731998,-0.41140432336789345,-0.41140432336789345,-18.454083510731998,18.865487834099891
0.0038219999999999999,0,0,0,0,0,-18.417368403596846,-0.4292633722694017,-0.4292633722694017,-18.417368403596846,18.846631775866246
0.003823,0,0,0,0,0,-18.380307649985344,-0.44748691428060283,-0.44748691428060283,-18.380307649985344,18.827794564265947
0.0038239999999999997,0,0,0,0,0,-18.342902331743545,-0.46607384871824031,-0.46607384871824031,-18.342902331743545,18.808976180461784
0.0038249999999999998,0,0,0,0,0,-18.305153544701376,-0.4850230609339885,-0.4850230609339885,-18.305153544701376,18.790176605635367
0.003826,0,0,0,0,0,-18.267062398629022,-0.50433342235809597,-0.50433342235809597,-18.267062398629022,18.77139582098712
0.0038269999999999997,0,0,0,0,0,-18.228630017192703,-0.52400379054355639,-0.52400379054355639,-18.228630017192703,18.75263380773626
0.0038279999999999998,0,0,0,0,0,-18.189857537909937,-0.54403300921083009,-0.54403300921083009,-18.189857537909937,18.733890547120769
0.0038289999999999999,0,0,0,0,0,-18.150746112104265,-0.56441990829312338,-0.56441990829312338,-18.150746112104265,18.715166020397387
0.0038299999999999996,0,0,0,0,0,-18.111296904859458,-0.58516330398212979,-0.58516330398212979,-18.111296904859458,18.696460208841586
0.0038309999999999998,0,0,0,0,0,-18.07151109497299,-0.60626199877456166,-0.60626199877456166,-18.07151109497299,18.67777309374755
0.0038319999999999999,0,0,0,0,0,-18.031389874909351,-0.62771478151881333,-0.62771478151881333,-18.031389874909351,18.659104656428166
0.003833,0,0,0,0,0,-17.990934450752412,-0.64952042746257987,-0.64952042746257987,-17.990934450752412,18.640454878214992
0.0038339999999999997,0,0,0,0,0,-17.950146042157499,-0.67167769830075308,-0.67167769830075308,-17.950146042157499,18.62182374045825
0.0038349999999999999,0,0,0,0,0,-17.909025882302856,-0.69418534222394435,-0.69418534222394435,-17.909025882302856,18.603211224526802
0.003836,0,0,0,0,0,-17.867575217840589,-0.71704209396753704,-0.71704209396753704,-17.867575217840589,18.584617311808127
0.0038369999999999997,0,0,0,0,0,-17.825795308847134,-0.74024667486118112,-0.74024667486118112,-17.825795308847134,18.566041983708313
0.0038379999999999998,0,0,0,0,0,-17.783687428772961,-0.76379779287907112,-0.76379779287907112,-17.783687428772961,18.547485221652032
0.003839,0,0,0,0,0,-17.741252864392102,-0.78769414269041427,-0.78769414269041427,-17.741252864392102,18.528947007082515
0.0038399999999999997,0,0,0,0,0,-17.698492915750958,-0.81193440571059128,-0.81193440571059128,-17.698492915750958,18.510427321461549
0.0038409999999999998,0,0,0,0,0,-17.65540889611643,-0.83651725015301892,-0.83651725015301892,-17.65540889611643,18.491926146269449
0.0038419999999999999,0,0,0,0,0,-17.612002131923951,-0.86144133108108356,-0.86144133108108356,-17.612002131923951,18.473443463005037
0.0038429999999999996,0,0,0,0,0,-17.568273962724547,-0.88670529046108193,-0.88670529046108193,-17.568273962724547,18.454979253185627
0.0038439999999999998,0,0,0,0,0,-17.524225741131652,-0.91230775721535551,-0.91230775721535551,-17.524225741131652,18.436533498347007
0.0038449999999999999,0,0,0,0,0,-17.479858832767356,-0.93824734727606973,-0.93824734727606973,-17.479858832767356,18.418106180043424
0.003846,0,0,0,0,0,-17.435174616208059,-0.9645226636394959,-0.9645226636394959,-17.435174616208059,18.399697279847555
0.0038469999999999997,0,0,0,0,0,-17.390174482929801,-0.99113229642069633,-0.99113229642069633,-17.390174482929801,18.381306779350499
0.0038479999999999999,0,0,0,0,0,-17.344859837252727,-1.0180748229090248,-1.0180748229090248,-17.344859837252727,18.362934660161752
0.003849,0,0,0,0,0,-17.29923209628555,-1.045348807623645,-1.045348807623645,-17.29923209628555,18.344580903909197
0.0038499999999999997,0,0,0,0,0,-17.253292689869028,-1.0729528023700468,-1.0729528023700468,-17.253292689869028,18.326245492239075
0.0038509999999999998,0,0,0,0,0,-17.207043060519226,-1.1008853462967476,-1.1008853462967476,-17.207043060519226,18.307928406815972
0.003852,0,0,0,0,0,-17.160484663370184,-1.129144965952614,-1.129144965952614,-17.160484663370184,18.2896296293228
0.0038529999999999997,0,0,0,0,0,-17.113618966116125,-1.1577301753446578,-1.1577301753446578,-17.113618966116125,18.271349141460782
0.0038539999999999998,0,0,0,0,0,-17.066447448953092,-1.1866394759963352,-1.1866394759963352,-17.066447448953092,18.253086924949429
0.0038549999999999999,0,0,0,0,0,-17.018971604520193,-1.2158713570063284,-1.2158713570063284,-17.018971604520193,18.234842961526521
0.0038559999999999996,0,0,0,0,0,-16.971192937840268,-1.2454242951078278,-1.2454242951078278,-16.971192937840268,18.216617232948096
0.0038569999999999998,0,0,0,0,0,-16.923112966260124,-1.2752967547282941,-1.2752967547282941,-16.923112966260124,18.198409720988419
0.0038579999999999999,0,0,0,0,0,-16.87473321939024,-1.3054871880497423,-1.3054871880497423,-16.87473321939024,18.180220407439982
0.003859,0,0,0,0,0,-16.826055239044088,-1.3359940350693789,-1.3359940350693789,-16.826055239044088,18.162049274113468
0.0038599999999999997,0,0,0,0,0,-16.777080579176783,-1.3668157236609577,-1.3668157236609577,-16.777080579176783,18.143896302837739
0.0038609999999999998,0,0,0,0,0,-16.727810805823431,-1.3979506696363924,-1.3979506696363924,-16.727810805823431,18.125761475459825
0.003862,0,0,0,0,0,-16.678247497036953,-1.429397276807947,-1.429397276807947,-16.678247497036953,18.1076447738449
0.0038629999999999997,0,0,0,0,0,-16.628392242825374,-1.4611539370508808,-1.4611539370508808,-16.628392242825374,18.089546179876255
0.0038639999999999998,0,0,0,0,0,-16.578246645088718,-1.4932190303665802,-1.4932190303665802,-16.578246645088718,18.071465675455297
0.0038649999999999999,0,0,0,0,0,-16.527812317555366,-1.5255909249461554,-1.5255909249461554,-16.527812317555366,18.053403242501521
0.0038659999999999996,0,0,0,0,0,-16.477090885718106,-1.5582679772343884,-1.5582679772343884,-16.477090885718106,18.035358862952492
0.0038669999999999998,0,0,0,0,0,-16.426083986769321,-1.5912485319945073,-1.5912485319945073,-16.426083986769321,18.01733251876383
0.0038679999999999999,0,0,0,0,0,-16.374793269536351,-1.6245309223728377,-1.6245309223728377,-16.374793269536351,17.999324191909189
0.0038689999999999996,0,0,0,0,0,-16.323220394415763,-1.6581134699644746,-1.6581134699644746,-16.323220394415763,17.98133386438024
0.0038699999999999997,0,0,0,0,0,-16.271367033307463,-1.6919944848791868,-1.6919944848791868,-16.271367033307463,17.963361518186652
0.0038709999999999999,0,0,0,0,0,-16.219234869548529,-1.7261722658075467,-1.7261722658075467,-16.219234869548529,17.945407135356078
0.003872,0,0,0,0,0,-16.166825597846142,-1.760645100087995,-1.760645100087995,-16.166825597846142,17.927470697934137
0.0038729999999999997,0,0,0,0,0,-16.114140924210538,-1.7954112637738513,-1.7954112637738513,-16.114140924210538,17.909552187984389
0.0038739999999999998,0,0,0,0,0,-16.061182565887052,-1.8304690217012709,-1.8304690217012709,-16.061182565887052,17.891651587588321
0.003875,0,0,0,0,0,-16.007952251288152,-1.8658166275571766,-1.8658166275571766,-16.007952251288152,17.873768878845329
0.0038759999999999997,0,0,0,0,0,-15.954451719924887,-1.9014523239478196,-1.9014523239478196,-15.954451719924887,17.855904043872705
0.0038769999999999998,0,0,0,0,0,-15.900682722337553,-1.9373743424680621,-1.9373743424680621,-15.900682722337553,17.838057064805614
0.0038779999999999999,0,0,0,0,0,-15.846647020026609,-1.9735809037704648,-1.9735809037704648,-15.846647020026609,17.820227923797074
0.0038789999999999996,0,0,0,0,0,-15.79234638538248,-2.0100702176354623,-2.0100702176354623,-15.79234638538248,17.802416603017942
0.0038799999999999998,0,0,0,0,0,-15.737782601615365,-2.0468404830415361,-2.0468404830415361,-15.737782601615365,17.7846230846569
0.0038809999999999999,0,0,0,0,0,-15.682957462684433,-2.0838898882359889,-2.0838898882359889,-15.682957462684433,17.766847350920422
0.003882,0,0,0,0,0,-15.627872773226638,-2.1212166108061359,-2.1212166108061359,-15.627872773226638,17.749089384032775
0.0038829999999999997,0,0,0,0,0,-15.572530348485234,-2.1588188177507597,-2.1588188177507597,-15.572530348485234,17.731349166235994
0.0038839999999999999,0,0,0,0,0,-15.516932014237458,-2.1966946655523971,-2.1966946655523971,-15.516932014237458,17.713626679789854
0.003885,0,0,0,0,0,-15.461079606722471,-2.2348423002494009,-2.2348423002494009,-15.461079606722471,17.695921906971872
0.0038859999999999997,0,0,0,0,0,-15.404974972568247,-2.273259857509025,-2.273259857509025,-15.404974972568247,17.678234830077272
0.0038869999999999998,0,0,0,0,0,-15.348619968718296,-2.3119454627006766,-2.3119454627006766,-15.348619968718296,17.660565431418974
0.003888,0,0,0,0,0,-15.292016462358259,-2.3508972309693199,-2.3508972309693199,-15.292016462358259,17.642913693327579
0.0038889999999999997,0,0,0,0,0,-15.235166330841547,-2.3901132673098004,-2.3901132673098004,-15.235166330841547,17.625279598151348
0.0038899999999999998,0,0,0,0,0,-15.178071461615021,-2.4295916666411639,-2.4295916666411639,-15.178071461615021,17.607663128256185
0.0038909999999999999,0,0,0,0,0,-15.120733752144089,-2.4693305138815287,-2.4693305138815287,-15.120733752144089,17.590064266025617
0.0038919999999999996,0,0,0,0,0,-15.063155109837435,-2.5093278840233468,-2.5093278840233468,-15.063155109837435,17.572482993860781
0.0038929999999999998,0,0,0,0,0,-15.005337451971368,-2.5495818422090357,-2.5495818422090357,-15.005337451971368,17.554919294180404
0.0038939999999999999,0,0,0,0,0,-14.947282705613752,-2.5900904438070311,-2.5900904438070311,-14.947282705613752,17.537373149420784
0.003895,0,0,0,0,0,-14.888992807547671,-2.6308517344881022,-2.6308517344881022,-14.888992807547671,17.519844542035774
0.0038959999999999997,0,0,0,0,0,-14.83046970419446,-2.6718637503023048,-2.6718637503023048,-14.83046970419446,17.502333454496764
0.0038969999999999999,0,0,0,0,0,-14.771715351536606,-2.7131245177560599,-2.7131245177560599,-14.771715351536606,17.484839869292667
0.003898,0,0,0,0,0,-14.712731715040167,-2.75463205388973,-2.75463205388973,-14.712731715040167,17.467363768929896
0.0038989999999999997,0,0,0,0,0,-14.653520769576801,-2.7963843663555501,-2.7963843663555501,-14.653520769576801,17.449905135932351
0.0038999999999999998,0,0,0,0,0,-14.594084499345467,-2.8383794534959295,-2.8383794534959295,-14.594084499345467,17.432463952841395
0.003901,0,0,0,0,0,-14.534424897793695,-2.8806153044221512,-2.8806153044221512,-14.534424897793695,17.415040202215845
0.0039019999999999997,0,0,0,0,0,-14.474543967538693,-2.923089899093255,-2.923089899093255,-14.474543967538693,17.397633866631949
0.0039029999999999998,0,0,0,0,0,-14.414443720287611,-2.9658012083957592,-2.9658012083957592,-14.414443720287611,17.380244928683371
0.0039039999999999999,0,0,0,0,0,-14.35412617675817,-3.008747194223,-3.008747194223,-14.35412617675817,17.36287337098117
0.0039049999999999996,0,0,0,0,0,-14.293593366598252,-3.0519258095555344,-3.0519258095555344,-14.293593366598252,17.345519176153786
0.0039059999999999997,0,0,0,0,0,-14.23284732830542,-3.0953349985416043,-3.0953349985416043,-14.23284732830542,17.328182326847024
0.0039069999999999999,0,0,0,0,0,-14.171890109146348,-3.1389726965776834,-3.1389726965776834,-14.171890109146348,17.310862805724032
0.003908,0,0,0,0,0,-14.110723765075369,-3.1828368303899186,-3.1828368303899186,-14.110723765075369,17.293560595465287
0.0039090000000000001,0,0,0,0,0,-14.049350360653056,-3.2269253181155246,-3.2269253181155246,-14.049350360653056,17.276275678768581
0.0039099999999999994,0,0,0,0,0,-13.987771968964504,-3.2712360693844875,-3.2712360693844875,-13.987771968964504,17.259008038348991
0.0039109999999999995,0,0,0,0,0,-13.925990671536825,-3.3157669854020551,-3.3157669854020551,-13.925990671536825,17.24175765693888
0.0039119999999999997,0,0,0,0,0,-13.864008558256936,-3.3605159590309253,-3.3605159590309253,-13.864008558256936,17.224524517287861
0.0039129999999999998,0,0,0,0,0,-13.801827727288515,-3.4054808748742831,-3.4054808748742831,-13.801827727288515,17.207308602162797
0.0039139999999999999,0,0,0,0,0,-13.739450284988973,-3.4506596093587936,-3.4506596093587936,-13.739450284988973,17.190109894347767
0.0039150000000000001,0,0,0,0,0,-13.676878345825774,-3.4960500308182922,-3.4960500308182922,-13.676878345825774,17.172928376644066
0.0039160000000000002,0,0,0,0,0,-13.614114032292694,-3.5416499995774764,-3.5416499995774764,-13.614114032292694,17.15576403187017
0.0039169999999999995,0,0,0,0,0,-13.551159474825813,-3.587457368035925,-3.587457368035925,-13.551159474825813,17.138616842861737
0.0039179999999999996,0,0,0,0,0,-13.488016811718742,-3.6334699807528335,-3.6334699807528335,-13.488016811718742,17.121486792471575
0.0039189999999999997,0,0,0,0,0,-13.424688189038182,-3.6796856745314521,-3.6796856745314521,-13.424688189038182,17.104373863569634
0.0039199999999999999,0,0,0,0,0,-13.361175760538659,-3.7261022785043227,-3.7261022785043227,-13.361175760538659,17.087278039042982
0.003921,0,0,0,0,0,-13.297481687577307,-3.7727176142184868,-3.7727176142184868,-13.297481687577307,17.070199301795792
0.0039220000000000001,0,0,0,0,0,-13.233608139028011,-3.8195294957213157,-3.8195294957213157,-13.233608139028011,17.053137634749326
0.0039229999999999994,0,0,0,0,0,-13.169557291195598,-3.8665357296463165,-3.8665357296463165,-13.169557291195598,17.036093020841914
0.0039239999999999995,0,0,0,0,0,-13.105331327729409,-3.9137341152995324,-3.9137341152995324,-13.105331327729409,17.019065443028943
0.0039249999999999997,0,0,0,0,0,-13.040932439536917,-3.961122444745917,-3.961122444745917,-13.040932439536917,17.002054884282835
0.0039259999999999998,0,0,0,0,0,-12.976362824696871,-4.0086985028961548,-4.0086985028961548,-12.976362824696871,16.985061327593026
0.0039269999999999999,0,0,0,0,0,-12.911624688372036,-4.0564600675939255,-4.0564600675939255,-12.911624688372036,16.968084755965961
0.0039280000000000001,0,0,0,0,0,-12.846720242721874,-4.1044049097031934,-4.1044049097031934,-12.846720242721874,16.951125152425067
0.0039290000000000002,0,0,0,0,0,-12.781651706814973,-4.1525307931957647,-4.1525307931957647,-12.781651706814973,16.934182500010738
0.0039299999999999995,0,0,0,0,0,-12.716421306540937,-4.2008354752393835,-4.2008354752393835,-12.716421306540937,16.917256781780321
0.0039309999999999996,0,0,0,0,0,-12.651031274522163,-4.2493167062859296,-4.2493167062859296,-12.651031274522163,16.900347980808093
0.0039319999999999997,0,0,0,0,0,-12.585483850025494,-4.2979722301597603,-4.2979722301597603,-12.585483850025494,16.883456080185255
0.0039329999999999999,0,0,0,0,0,-12.519781278873472,-4.3467997841464321,-4.3467997841464321,-12.519781278873472,16.866581063019904
0.003934,0,0,0,0,0,-12.453925813355172,-4.395797099081852,-4.395797099081852,-12.453925813355172,16.849722912437024
0.0039350000000000001,0,0,0,0,0,-12.387919712137039,-4.4449618994414184,-4.4449618994414184,-12.387919712137039,16.832881611578458
0.0039359999999999994,0,0,0,0,0,-12.321765240173551,-4.4942919034293567,-4.4942919034293567,-12.321765240173551,16.816057143602908
0.0039369999999999995,0,0,0,0,0,-12.255464668616961,-4.5437848230689415,-4.5437848230689415,-12.255464668616961,16.799249491685902
0.0039379999999999997,0,0,0,0,0,-12.189020274727952,-4.5934383642918348,-4.5934383642918348,-12.189020274727952,16.782458639019787
0.0039389999999999998,0,0,0,0,0,-12.122434341784912,-4.6432502270287994,-4.6432502270287994,-12.122434341784912,16.765684568813711
0.0039399999999999999,0,0,0,0,0,-12.055709158993601,-4.6932181052999979,-4.6932181052999979,-12.055709158993601,16.748927264293599
0.0039410000000000001,0,0,0,0,0,-11.988847021396557,-4.7433396873055909,-4.7433396873055909,-11.988847021396557,16.732186708702148
0.0039420000000000002,0,0,0,0,0,-11.921850229781903,-4.7936126555168954,-4.7936126555168954,-11.921850229781903,16.715462885298798
0.0039429999999999995,0,0,0,0,0,-11.854721090592522,-4.8440346867672073,-4.8440346867672073,-11.854721090592522,16.698755777359729
0.0039439999999999996,0,0,0,0,0,-11.787461915834122,-4.8946034523437056,-4.8946034523437056,-11.787461915834122,16.682065368177827
0.0039449999999999997,0,0,0,0,0,-11.720075022984297,-4.9453166180783867,-4.9453166180783867,-11.720075022984297,16.665391641062683
0.0039459999999999999,0,0,0,0,0,-11.652562734900195,-4.996171844440374,-4.996171844440374,-11.652562734900195,16.648734579340569
0.003947,0,0,0,0,0,-11.584927379726651,-5.0471667866277725,-5.0471667866277725,-11.584927379726651,16.632094166354424
0.0039480000000000001,0,0,0,0,0,-11.517171290804029,-5.0982990946598008,-5.0982990946598008,-11.517171290804029,16.61547038546383
0.0039490000000000003,0,0,0,0,0,-11.449296806575575,-5.149566413469433,-5.149566413469433,-11.449296806575575,16.598863220045008
0.0039499999999999995,0,0,0,0,0,-11.381306270494928,-5.2009663829958592,-5.2009663829958592,-11.381306270494928,16.582272653490786
0.0039509999999999997,0,0,0,0,0,-11.31320203093307,-5.2524966382775311,-5.2524966382775311,-11.31320203093307,16.565698669210601
0.0039519999999999998,0,0,0,0,0,-11.244986441085615,-5.3041548095448503,-5.3041548095448503,-11.244986441085615,16.549141250630466
0.0039529999999999999,0,0,0,0,0,-11.176661858879235,-5.3559385223137239,-5.3559385223137239,-11.176661858879235,16.53260038119296
0.003954,0,0,0,0,0,-11.108230646878376,-5.4078453974788383,-5.4078453974788383,-11.108230646878376,16.516076044357213
0.0039550000000000002,0,0,0,0,0,-11.039695172191747,-5.4598730514071416,-5.4598730514071416,-11.039695172191747,16.499568223598889
0.0039559999999999994,0,0,0,0,0,-10.971057806378383,-5.5120190960317794,-5.5120190960317794,-10.971057806378383,16.483076902410161
0.0039569999999999996,0,0,0,0,0,-10.902320925353663,-5.5642811389460469,-5.5642811389460469,-10.902320925353663,16.46660206429971
0.0039579999999999997,0,0,0,0,0,-10.833486909295374,-5.6166567834973229,-5.6166567834973229,-10.833486909295374,16.450143692792697
0.0039589999999999998,0,0,0,0,0,-10.76455814254922,-5.6691436288815247,-5.6691436288815247,-10.76455814254922,16.433701771430744
0.00396,0,0,0,0,0,-10.695537013534544,-5.7217392702373893,-5.7217392702373893,-10.695537013534544,16.417276283771933
0.0039610000000000001,0,0,0,0,0,-10.626425914649495,-5.7744412987412792,-5.7744412987412792,-10.626425914649495,16.400867213390775
0.0039620000000000002,0,0,0,0,0,-10.557227242176349,-5.8272473017018491,-5.8272473017018491,-10.557227242176349,16.384474543878198
0.0039629999999999995,0,0,0,0,0,-10.487943396186713,-5.8801548626548179,-5.8801548626548179,-10.487943396186713,16.368098258841531
0.0039639999999999996,0,0,0,0,0,-10.4185767804461,-5.9331615614583857,-5.9331615614583857,-10.4185767804461,16.351738341904486
0.0039649999999999998,0,0,0,0,0,-10.349129802319046,-5.9862649743880976,-5.9862649743880976,-10.349129802319046,16.335394776707144
0.0039659999999999999,0,0,0,0,0,-10.279604872673536,-6.0394626742324053,-6.0394626742324053,-10.279604872673536,16.319067546905941
0.003967,0,0,0,0,0,-10.210004405785657,-6.0927522303879869,-6.0927522303879869,-10.210004405785657,16.302756636173644
0.0039680000000000002,0,0,0,0,0,-10.140330819243767,-6.1461312089555751,-6.1461312089555751,-10.140330819243767,16.286462028199342
0.0039689999999999994,0,0,0,0,0,-10.070586533852879,-6.1995971728355448,-6.1995971728355448,-10.070586533852879,16.270183706688425
0.0039699999999999996,0,0,0,0,0,-10.000773973538601,-6.2531476818239708,-6.2531476818239708,-10.000773973538601,16.253921655362571
0.0039709999999999997,0,0,0,0,0,-9.9308955652512747,-6.3067802927084511,-6.3067802927084511,-9.9308955652512747,16.237675857959726
0.0039719999999999998,0,0,0,0,0,-9.8609537388698492,-6.3604925593642436,-6.3604925593642436,-9.8609537388698492,16.221446298234092
0.003973,0,0,0,0,0,-9.7909509271054045,-6.4142820328507053,-6.4142820328507053,-9.7909509271054045,16.20523295995611
0.0039740000000000001,0,0,0,0,0,-9.72088956540507,-6.4681462615073686,-6.4681462615073686,-9.72088956540507,16.189035826912438
0.0039750000000000002,0,0,0,0,0,-9.6507720918552984,-6.5220827910506438,-6.5220827910506438,-9.6507720918552984,16.172854882905941
0.0039759999999999995,0,0,0,0,0,-9.5806009470854665,-6.5760891646702104,-6.5760891646702104,-9.5806009470854665,16.156690111755676
0.0039769999999999996,0,0,0,0,0,-9.5103785741710176,-6.6301629231258516,-6.6301629231258516,-9.5103785741710176,16.140541497296869
0.0039779999999999998,0,0,0,0,0,-9.4401074185368614,-6.6843016048440402,-6.6843016048440402,-9.4401074185368614,16.124409023380903
0.0039789999999999999,0,0,0,0,0,-9.369789927860511,-6.7385027460147935,-6.7385027460147935,-9.369789927860511,16.108292673875305
0.00398,0,0,0,0,0,-9.2994285519749411,-6.7927638806887813,-6.7927638806887813,-9.2994285519749411,16.092192432663722
0.0039810000000000002,0,0,0,0,0,-9.2290257427716611,-6.8470825408742542,-6.8470825408742542,-9.2290257427716611,16.076108283645915
0.0039819999999999994,0,0,0,0,0,-9.1585839541037259,-6.9014562566340016,-6.9014562566340016,-9.1585839541037259,16.060040210737728
0.0039829999999999996,0,0,0,0,0,-9.0881056416881947,-6.9558825561828961,-6.9558825561828961,-9.0881056416881947,16.043988197871091
0.0039839999999999997,0,0,0,0,0,-9.0175932630091964,-7.0103589659847927,-7.0103589659847927,-9.0175932630091964,16.027952228993989
0.0039849999999999998,0,0,0,0,0,-8.9470492772203905,-7.0648830108500604,-7.0648830108500604,-8.9470492772203905,16.011932288070451
0.003986,0,0,0,0,0,-8.876476145047727,-7.1194522140328109,-7.1194522140328109,-8.876476145047727,15.995928359080537
0.0039870000000000001,0,0,0,0,0,-8.8058763286917632,-7.1740640973285519,-7.1740640973285519,-8.8058763286917632,15.979940426020315
0.0039880000000000002,0,0,0,0,0,-8.7352522917302515,-7.2287161811715999,-7.2287161811715999,-8.7352522917302515,15.963968472901851
0.0039889999999999995,0,0,0,0,0,-8.6646064990207261,-7.2834059847324628,-7.2834059847324628,-8.6646064990207261,15.948012483753189
0.0039899999999999996,0,0,0,0,0,-8.5939414166023447,-7.3381310260159944,-7.3381310260159944,-8.5939414166023447,15.93207244261834
0.0039909999999999998,0,0,0,0,0,-8.5232595115989209,-7.3928888219583397,-7.3928888219583397,-8.5232595115989209,15.916148333557262
0.0039919999999999999,0,0,0,0,0,-8.4525632521206671,-7.4476768885251765,-7.4476768885251765,-8.4525632521206671,15.900240140645844
0.003993,0,0,0,0,0,-8.3818551071666114,-7.5024927408092781,-7.5024927408092781,-8.3818551071666114,15.88434784797589
0.0039940000000000002,0,0,0,0,0,-8.3111375465269219,-7.5573338931281882,-7.5573338931281882,-8.3111375465269219,15.86847143965511
0.0039949999999999994,0,0,0,0,0,-8.2404130406848903,-7.612197859122201,-7.612197859122201,-8.2404130406848903,15.852610899807091
0.0039959999999999996,0,0,0,0,0,-8.1696840607190868,-7.6670821518522061,-7.6670821518522061,-8.1696840607190868,15.836766212571293
0.0039969999999999997,0,0,0,0,0,-8.0989530782056285,-7.721984283897398,-7.721984283897398,-8.0989530782056285,15.820937362103027
0.0039979999999999998,0,0,0,0,0,-8.0282225651202843,-7.7769017674531575,-7.7769017674531575,-8.0282225651202843,15.805124332573442
0.003999,0,0,0,0,0,-7.9574949937403838,-7.8318321144291216,-7.8318321144291216,-7.9574949937403838,15.789327108169505
0.0040000000000000001,0,0,0,0,0,-7.8867728365470064,-7.8867728365469869,-7.8867728365469869,-7.8867728365470064,15.773545673093993
0.0040010000000000002,0,0,0,0,0,-7.8160585661271584,-7.9417214454383105,-7.9417214454383105,-7.8160585661271584,15.757780011565469
0.0040019999999999995,0,0,0,0,0,-7.745354655075662,-7.9966754527426076,-7.9966754527426076,-7.745354655075662,15.74203010781827
0.0040029999999999996,0,0,0,0,0,-7.6746635758972195,-8.0516323702052688,-8.0516323702052688,-7.6746635758972195,15.726295946102489
0.0040039999999999997,0,0,0,0,0,-7.6039878009086328,-8.1065897097753314,-8.1065897097753314,-7.6039878009086328,15.710577510683965
0.0040049999999999999,0,0,0,0,0,-7.5333298021408766,-8.1615449837033847,-8.1615449837033847,-7.5333298021408766,15.694874785844261
0.004006,0,0,0,0,0,-7.4626920512410138,-8.2164957046396374,-8.2164957046396374,-7.4626920512410138,15.679187755880651
0.0040070000000000001,0,0,0,0,0,-7.3920770193744048,-8.2714393857316999,-8.2714393857316999,-7.3920770193744048,15.663516405106105
0.0040079999999999994,0,0,0,0,0,-7.3214871771270147,-8.326373540722253,-8.326373540722253,-7.3214871771270147,15.647860717849268
0.0040089999999999995,0,0,0,0,0,-7.2509249944070264,-8.3812956840474264,-8.3812956840474264,-7.2509249944070264,15.632220678454454
0.0040099999999999997,0,0,0,0,0,-7.1803929403477254,-8.4362033309338944,-8.4362033309338944,-7.1803929403477254,15.616596271281621
0.0040109999999999998,0,0,0,0,0,-7.1098934832091745,-8.4910939974971846,-8.4910939974971846,-7.1098934832091745,15.60098748070636
0.0040119999999999999,0,0,0,0,0,-7.0394290902806338,-8.5459652008392464,-8.5459652008392464,-7.0394290902806338,15.585394291119879
0.0040130000000000001,0,0,0,0,0,-6.9690022277829442,-8.6008144591460454,-8.6008144591460454,-6.9690022277829442,15.56981668692899
0.0040140000000000002,0,0,0,0,0,-6.8986153607706395,-8.6556392917854446,-8.6556392917854446,-6.8986153607706395,15.554254652556084
0.0040149999999999995,0,0,0,0,0,-6.8282709530344885,-8.7104372194046391,-8.7104372194046391,-6.8282709530344885,15.538708172439128
0.0040159999999999996,0,0,0,0,0,-6.7579714670037063,-8.7652057640279306,-8.7652057640279306,-6.7579714670037063,15.523177231031637
0.0040169999999999997,0,0,0,0,0,-6.6877193636487773,-8.8199424491538956,-8.8199424491538956,-6.6877193636487773,15.507661812802672
0.0040179999999999999,0,0,0,0,0,-6.6175171023836334,-8.8746447998531792,-8.8746447998531792,-6.6175171023836334,15.492161902236813
0.004019,0,0,0,0,0,-6.5473671409683885,-8.9293103428657581,-8.9293103428657581,-6.5473671409683885,15.476677483834147
0.0040200000000000001,0,0,0,0,0,-6.4772719354121007,-8.9839366066981512,-8.9839366066981512,-6.4772719354121007,15.461208542110253
0.0040209999999999994,0,0,0,0,0,-6.4072339398753257,-9.0385211217208639,-9.0385211217208639,-6.4072339398753257,15.44575506159619
0.0040219999999999995,0,0,0,0,0,-6.3372556065729171,-9.093061420265558,-9.093061420265558,-6.3372556065729171,15.430317026838475
0.0040229999999999997,0,0,0,0,0,-6.2673393856770794,-9.1475550367219949,-9.1475550367219949,-6.2673393856770794,15.414894422399074
0.0040239999999999998,0,0,0,0,0,-6.1974877252201512,-9.2019995076352288,-9.2019995076352288,-6.1974877252201512,15.39948723285538
0.0040249999999999999,0,0,0,0,0,-6.1277030709978284,-9.2563923718023737,-9.2563923718023737,-6.1277030709978284,15.384095442800202
0.0040260000000000001,0,0,0,0,0,-6.0579878664720432,-9.3107311703697047,-9.3107311703697047,-6.0579878664720432,15.368719036841748
0.0040270000000000002,0,0,0,0,0,-5.9883445526744756,-9.3650134469291366,-9.3650134469291366,-5.9883445526744756,15.353357999603611
0.0040279999999999995,0,0,0,0,0,-5.9187755681096643,-9.4192367476150896,-9.4192367476150896,-5.9187755681096643,15.338012315724754
0.0040289999999999996,0,0,0,0,0,-5.8492833486584237,-9.4733986212010688,-9.4733986212010688,-5.8492833486584237,15.322681969859492
0.0040299999999999997,0,0,0,0,0,-5.7798703274815466,-9.5274966191959294,-9.5274966191959294,-5.7798703274815466,15.307366946677476
0.0040309999999999999,0,0,0,0,0,-5.710538934923262,-9.5815282959404193,-9.5815282959404193,-5.710538934923262,15.292067230863681
0.004032,0,0,0,0,0,-5.6412915984151537,-9.6354912087032396,-9.6354912087032396,-5.6412915984151537,15.276782807118392
0.0040330000000000001,0,0,0,0,0,-5.5721307423798105,-9.6893829177773743,-9.6893829177773743,-5.5721307423798105,15.261513660157185
0.0040339999999999994,0,0,0,0,0,-5.503058788134978,-9.7432009865759319,-9.7432009865759319,-5.503058788134978,15.246259774710909
0.0040349999999999995,0,0,0,0,0,-5.4340781537974525,-9.7969429817282254,-9.7969429817282254,-5.4340781537974525,15.231021135525678
0.0040359999999999997,0,0,0,0,0,-5.365191254187657,-9.8506064731751941,-9.8506064731751941,-5.365191254187657,15.215797727362851
0.0040369999999999998,0,0,0,0,0,-5.2964005007336503,-9.9041890342653698,-9.9041890342653698,-5.2964005007336503,15.20058953499902
0.0040379999999999999,0,0,0,0,0,-5.227708301375765,-9.9576882418502262,-9.9576882418502262,-5.227708301375765,15.185396543225991
0.0040390000000000001,0,0,0,0,0,-5.1591170604713312,-10.01110167637944,-10.01110167637944,-5.1591170604713312,15.170218736850771
0.0040400000000000002,0,0,0,0,0,-5.0906291786992508,-10.064426921996301,-10.064426921996301,-5.0906291786992508,15.155056100695552
0.0040409999999999995,0,0,0,0,0,-5.0222470529650876,-10.117661566632609,-10.117661566632609,-5.0222470529650876,15.139908619597696
0.0040419999999999996,0,0,0,0,0,-4.9539730763059557,-10.170803202103766,-10.170803202103766,-4.9539730763059557,15.124776278409721
0.0040429999999999997,0,0,0,0,0,-4.885809637795921,-10.223849424203364,-10.223849424203364,-4.885809637795921,15.109659061999285
0.0040439999999999999,0,0,0,0,0,-4.8177591224513705,-10.276797832797799,-10.276797832797799,-4.8177591224513705,15.094556955249169
0.004045,0,0,0,0,0,-4.7498239111363834,-10.329646031920884,-10.329646031920884,-4.7498239111363834,15.079469943057267
0.0040460000000000001,0,0,0,0,0,-4.6820063804685326,-10.382391629868033,-10.382391629868033,-4.6820063804685326,15.064398010336566
0.0040470000000000002,0,0,0,0,0,-4.6143089027248614,-10.435032239290269,-10.435032239290269,-4.6143089027248614,15.04934114201513
0.0040479999999999995,0,0,0,0,0,-4.546733845747748,-10.487565477288342,-10.487565477288342,-4.546733845747748,15.034299323036089
0.0040489999999999996,0,0,0,0,0,-4.4792835728511289,-10.539988965506495,-10.539988965506495,-4.4792835728511289,15.019272538357624
0.0040499999999999998,0,0,0,0,0,-4.4119604427270271,-10.592300330225923,-10.592300330225923,-4.4119604427270271,15.00426077295295
0.0040509999999999999,0,0,0,0,0,-4.3447668093521319,-10.644497202458167,-10.644497202458167,-4.3447668093521319,14.989264011810299
0.004052,0,0,0,0,0,-4.2777050218943922,-10.696577218038517,-10.696577218038517,-4.2777050218943922,14.974282239932908
0.0040530000000000002,0,0,0,0,0,-4.2107774246200815,-10.748538017718923,-10.748538017718923,-4.2107774246200815,14.959315442339005
0.0040539999999999994,0,0,0,0,0,-4.1439863568010704,-10.800377247260721,-10.800377247260721,-4.1439863568010704,14.944363604061792
0.0040549999999999996,0,0,0,0,0,-4.0773341526218445,-10.852092557527584,-10.852092557527584,-4.0773341526218445,14.929426710149428
0.0040559999999999997,0,0,0,0,0,-4.0108231410873865,-10.903681604577631,-10.903681604577631,-4.0108231410873865,14.914504745665019
0.0040569999999999998,0,0,0,0,0,-3.9444556459307272,-10.955142049755871,-10.955142049755871,-3.9444556459307272,14.899597695686598
0.004058,0,0,0,0,0,-3.8782339855210717,-11.006471559786043,-11.006471559786043,-3.8782339855210717,14.884705545307114
0.0040590000000000001,0,0,0,0,0,-3.8121604727717764,-11.057667806862639,-11.057667806862639,-3.8121604727717764,14.869828279634415
0.0040600000000000002,0,0,0,0,0,-3.7462374150488342,-11.108728468742402,-11.108728468742402,-3.7462374150488342,14.854965883791236
0.0040609999999999995,0,0,0,0,0,-3.6804671140796499,-11.159651228835529,-11.159651228835529,-3.6804671140796499,14.840118342915178
0.0040619999999999996,0,0,0,0,0,-3.6148518658613744,-11.210433776297325,-11.210433776297325,-3.6148518658613744,14.825285642158699
0.0040629999999999998,0,0,0,0,0,-3.5493939605706233,-11.261073806118475,-11.261073806118475,-3.5493939605706233,14.810467766689099
0.0040639999999999999,0,0,0,0,0,-3.4840956824722689,-11.311569019216231,-11.311569019216231,-3.4840956824722689,14.7956647016885
0.004065,0,0,0,0,0,-3.4189593098291255,-11.36191712252471,-11.36191712252471,-3.4189593098291255,14.780876432353836
0.0040660000000000002,0,0,0,0,0,-3.3539871148118081,-11.412115829085026,-11.412115829085026,-3.3539871148118081,14.766102943896835
0.0040669999999999994,0,0,0,0,0,-3.2891813634085665,-11.462162858135441,-11.462162858135441,-3.2891813634085665,14.751344221544008
0.0040679999999999996,0,0,0,0,0,-3.2245443153355318,-11.512055935201101,-11.512055935201101,-3.2245443153355318,14.736600250536632
0.0040689999999999997,0,0,0,0,0,-3.1600782239473331,-11.561792792183404,-11.561792792183404,-3.1600782239473331,14.721871016130736
0.0040699999999999998,0,0,0,0,0,-3.0957853361478458,-11.611371167449235,-11.611371167449235,-3.0957853361478458,14.707156503597082
0.004071,0,0,0,0,0,-3.0316678923010238,-11.660788805920134,-11.660788805920134,-3.0316678923010238,14.692456698221157
0.0040720000000000001,0,0,0,0,0,-2.967728126142255,-11.7100434591609,-11.7100434591609,-2.967728126142255,14.677771585303155
0.0040730000000000002,0,0,0,0,0,-2.9039682646899756,-11.759132885467986,-11.759132885467986,-2.9039682646899756,14.663101150157962
0.0040739999999999995,0,0,0,0,0,-2.8403905281572923,-11.808054849957848,-11.808054849957848,-2.8403905281572923,14.64844537811514
0.0040749999999999996,0,0,0,0,0,-2.7769971298640392,-11.856807124654878,-11.856807124654878,-2.7769971298640392,14.633804254518918
0.0040759999999999998,0,0,0,0,0,-2.7137902761492576,-11.905387488578912,-11.905387488578912,-2.7137902761492576,14.619177764728169
0.0040769999999999999,0,0,0,0,0,-2.6507721662836419,-11.95379372783276,-11.95379372783276,-2.6507721662836419,14.604565894116403
0.004078,0,0,0,0,0,-2.5879449923825755,-12.002023635689174,-12.002023635689174,-2.5879449923825755,14.589968628071748
0.0040790000000000002,0,0,0,0,0,-2.525310939319076,-12.050075012677862,-12.050075012677862,-2.525310939319076,14.575385951996937
0.0040799999999999994,0,0,0,0,0,-2.4628721846375585,-12.097945666671734,-12.097945666671734,-2.4628721846375585,14.560817851309293
0.0040809999999999996,0,0,0,0,0,-2.400630898467071,-12.145633412973643,-12.145633412973643,-2.400630898467071,14.546264311440714
0.0040819999999999997,0,0,0,0,0,-2.338589243435953,-12.193136074401705,-12.193136074401705,-2.338589243435953,14.531725317837658
0.0040829999999999998,0,0,0,0,0,-2.2767493745856999,-12.24045148137543,-12.24045148137543,-2.2767493745856999,14.51720085596113
0.004084,0,0,0,0,0,-2.2151134392857417,-12.287577472000926,-12.287577472000926,-2.2151134392857417,14.502690911286669
0.0040850000000000001,0,0,0,0,0,-2.1536835771484704,-12.334511892155856,-12.334511892155856,-2.1536835771484704,14.488195469304326
0.0040860000000000002,0,0,0,0,0,-2.0924619199442889,-12.381252595574374,-12.381252595574374,-2.0924619199442889,14.473714515518662
0.0040869999999999995,0,0,0,0,0,-2.03145059151732,-12.427797443931398,-12.427797443931398,-2.03145059151732,14.459248035448718
0.0040879999999999996,0,0,0,0,0,-1.9706517077010792,-12.474144306926934,-12.474144306926934,-1.9706517077010792,14.444796014628015
0.0040889999999999998,0,0,0,0,0,-1.9100673762349567,-12.520291062369573,-12.520291062369573,-1.9100673762349567,14.43035843860453
0.0040899999999999999,0,0,0,0,0,-1.8496996966804131,-12.566235596260274,-12.566235596260274,-1.8496996966804131,14.415935292940688
0.004091,0,0,0,0,0,-1.7895507603379199,-12.611975802875421,-12.611975802875421,-1.7895507603379199,14.40152656321334
0.0040920000000000002,0,0,0,0,0,-1.729622650164198,-12.657509584849556,-12.657509584849556,-1.729622650164198,14.387132235013754
0.0040929999999999994,0,0,0,0,0,-1.6699174406895434,-12.702834853258059,-12.702834853258059,-1.6699174406895434,14.372752293947602
0.0040939999999999995,0,0,0,0,0,-1.6104371979356396,-12.747949527699301,-12.747949527699301,-1.6104371979356396,14.358386725634942
0.0040949999999999997,0,0,0,0,0,-1.5511839793338469,-12.792851536376357,-12.792851536376357,-1.5511839793338469,14.344035515710203
0.0040959999999999998,0,0,0,0,0,-1.492159833643548,-12.837538816178629,-12.837538816178629,-1.492159833643548,14.329698649822177
0.0040969999999999999,0,0,0,0,0,-1.4333668008711156,-12.882009312762879,-12.882009312762879,-1.4333668008711156,14.315376113633993
0.0040980000000000001,0,0,0,0,0,-1.3748069121889133,-12.926260980634204,-12.926260980634204,-1.3748069121889133,14.301067892823117
0.0040990000000000002,0,0,0,0,0,-1.3164821898549066,-12.970291783226418,-12.970291783226418,-1.3164821898549066,14.286773973081324
0.0040999999999999995,0,0,0,0,0,-1.2583946471326533,-13.014099692982043,-13.014099692982043,-1.2583946471326533,14.272494340114696
0.0041009999999999996,0,0,0,0,0,-1.2005462882112461,-13.057682691432351,-13.057682691432351,-1.2005462882112461,14.258228979643597
0.0041019999999999997,0,0,0,0,0,-1.1429391081261873,-13.10103876927648,-13.10103876927648,-1.1429391081261873,14.243977877402667
0.0041029999999999999,0,0,0,0,0,-1.0855750926801697,-13.14416592646063,-13.14416592646063,-1.0855750926801697,14.2297410191408
0.004104,0,0,0,0,0,-1.0284562183645356,-13.187062172256603,-13.187062172256603,-1.0284562183645356,14.215518390621138
0.0041050000000000001,0,0,0,0,0,-0.97158445228078438,-13.229725525340267,-13.229725525340267,-0.97158445228078438,14.201309977621053
0.0041059999999999994,0,0,0,0,0,-0.91496175206277464,-13.272154013869352,-13.272154013869352,-0.91496175206277464,14.187115765932127
0.0041069999999999995,0,0,0,0,0,-0.85859006579900665,-13.314345675561142,-13.314345675561142,-0.85859006579900665,14.172935741360149
0.0041079999999999997,0,0,0,0,0,-0.80247133195557474,-13.35629855776952,-13.35629855776952,-0.80247133195557474,14.158769889725095
0.0041089999999999998,0,0,0,0,0,-0.74660747929934512,-13.398010717561764,-13.398010717561764,-0.74660747929934512,14.14461819686111
0.0041099999999999999,0,0,0,0,0,-0.69100042682136475,-13.439480221795137,-13.439480221795137,-0.69100042682136475,14.130480648616501
0.0041110000000000001,0,0,0,0,0,-0.63565208366102866,-13.480705147192689,-13.480705147192689,-0.63565208366102866,14.116357230853717
0.0041120000000000002,0,0,0,0,0,-0.58056434903024368,-13.521683580419097,-13.521683580419097,-0.58056434903024368,14.102247929449341
0.0041129999999999995,0,0,0,0,0,-0.52573911213829305,-13.562413618155777,-13.562413618155777,-0.52573911213829305,14.08815273029407
0.0041139999999999996,0,0,0,0,0,-0.47117825211683595,-13.602893367175867,-13.602893367175867,-0.47117825211683595,14.074071619292702
0.0041149999999999997,0,0,0,0,0,-0.4168836379455696,-13.643120944418559,-13.643120944418559,-0.4168836379455696,14.060004582364128
0.0041159999999999999,0,0,0,0,0,-0.36285712837816408,-13.683094477063143,-13.683094477063143,-0.36285712837816408,14.045951605441306
0.004117,0,0,0,0,0,-0.30910057186846096,-13.7228121026028,-13.7228121026028,-0.30910057186846096,14.031912674471261
0.0041180000000000001,0,0,0,0,0,-0.25561580649729354,-13.762271968917766,-13.762271968917766,-0.25561580649729354,14.01788777541506
0.0041189999999999994,0,0,0,0,0,-0.20240465989974599,-13.801472234348058,-13.801472234348058,-0.20240465989974599,14.003876894247803
0.0041199999999999995,0,0,0,0,0,-0.14946894919245501,-13.840411067766151,-13.840411067766151,-0.14946894919245501,13.989880016958606
0.0041209999999999997,0,0,0,0,0,-0.096810480901852181,-13.879086648648741,-13.879086648648741,-0.096810480901852181,13.975897129550592
0.0041219999999999998,0,0,0,0,0,-0.044431050892405288,-13.917497167148468,-13.917497167148468,-0.044431050892405288,13.961928218040873
0.0041229999999999999,0.14551735096029006,0.14551735096029006,0,0,0.14551735096029006,0,-13.961853206359809,-13.961853206359809,0,13.961853206359809
0.0041240000000000001,0.99116562666813479,0.99116562666813479,0,0,0.99116562666813479,0,-14.043087739710254,-14.043087739710254,0,14.043087739710254
0.0041250000000000002,1.0304944805070591,1.0304944805070591,0,0,1.0304944805070591,0,-14.131830678925878,-14.131830678925878,0,14.131830678925878
0.0041259999999999995,1.0280752638450394,1.0280752638450394,0,0,1.0280752638450394,0,-14.22043279154715,-14.22043279154715,0,14.22043279154715
0.0041269999999999996,1.0234580144719985,1.0234580144719985,0,0,1.0234580144719985,0,-14.308495080291841,-14.308495080291841,0,14.308495080291841
0.0041279999999999997,1.0186887600320915,1.0186887600320915,0,0,1.0186887600320915,0,-14.395993610157751,-14.395993610157751,0,14.395993610157751
0.0041289999999999999,1.0138735166069637,1.0138735166069637,0,0,1.0138735166069637,0,-14.482923868574789,-14.482923868574789,0,14.482923868574789
0.00413,1.009017948571227,1.009017948571227,0,0,1.009017948571227,0,-14.56928236894249,-14.56928236894249,0,14.56928236894249
0.0041310000000000001,1.0041225307861623,1.0041225307861623,0,0,1.0041225307861623,0,-14.655065699143307,-14.655065699143307,0,14.655065699143307
0.0041319999999999994,0.9991874711638502,0.9991874711638502,0,0,0.9991874711638502,0,-14.740270472451755,-14.740270472451755,0,14.740270472451755
0.0041329999999999995,0.99421296529089886,0.99421296529089886,0,0,0.99421296529089886,0,-14.824893325121785,-14.824893325121785,0,14.824893325121785
0.0041339999999999997,0.98919920958996954,0.98919920958996954,0,0,0.98919920958996954,0,-14.908930916387694,-14.908930916387694,0,14.908930916387694
0.0041349999999999998,0.98414640199689529,0.98414640199689529,0,0,0.98414640199689529,0,-14.992379928589168,-14.992379928589168,0,14.992379928589168
0.0041359999999999999,0.97905474198978482,0.97905474198978482,0,0,0.97905474198978482,0,-15.075237067302119,-15.075237067302119,0,15.075237067302119
0.0041370000000000001,0.97392443057810851,0.97392443057810851,0,0,0.97392443057810851,0,-15.157499061468638,-15.157499061468638,0,15.157499061468638
0.0041380000000000002,0.96875567029701415,0.96875567029701415,0,0,0.96875567029701415,0,-15.239162663525965,-15.239162663525965,0,15.239162663525965
0.0041389999999999995,0.96354866520050564,0.96354866520050564,0,0,0.96354866520050564,0,-15.320224649534921,-15.320224649534921,0,15.320224649534921
0.0041399999999999996,0.95830362085348497,0.95830362085348497,0,0,0.95830362085348497,0,-15.400681819307174,-15.400681819307174,0,15.400681819307174
0.0041409999999999997,0.95302074432038353,0.95302074432038353,0,0,0.95302074432038353,0,-15.480530996531437,-15.480530996531437,0,15.480530996531437
0.0041419999999999998,0.94770024415947773,0.94770024415947773,0,0,0.94770024415947773,0,-15.559769028898835,-15.559769028898835,0,15.559769028898835
0.004143,0.94234233041584048,0.94234233041584048,0,0,0.94234233041584048,0,-15.638392788227559,-15.638392788227559,0,15.638392788227559
0.0041440000000000001,0.93694721461088193,0.93694721461088193,0,0,0.93694721461088193,0,-15.716399170586264,-15.716399170586264,0,15.716399170586264
0.0041449999999999994,0.9315151097330272,0.9315151097330272,0,0,0.9315151097330272,0,-15.793785096416382,-15.793785096416382,0,15.793785096416382
0.0041459999999999995,0.92604623023567001,0.92604623023567001,0,0,0.92604623023567001,0,-15.870547510654292,-15.870547510654292,0,15.870547510654292
0.0041469999999999996,0.92054079201716377,0.92054079201716377,0,0,0.92054079201716377,0,-15.946683382851186,-15.946683382851186,0,15.946683382851186
0.0041479999999999998,0.9149990124251417,0.9149990124251417,0,0,0.9149990124251417,0,-16.022189707293215,-16.022189707293215,0,16.022189707293215
0.0041489999999999999,0.90942111023878169,0.90942111023878169,0,0,0.90942111023878169,0,-16.097063503120026,-16.097063503120026,0,16.097063503120026
0.00415,0.9038073056635767,0.9038073056635767,0,0,0.9038073056635767,0,-16.17130181444228,-16.17130181444228,0,16.17130181444228
0.0041510000000000002,0.89815782032405878,0.89815782032405878,0,0,0.89815782032405878,0,-16.244901710458599,-16.244901710458599,0,16.244901710458599
0.0041519999999999994,0.89247287725083879,0.89247287725083879,0,0,0.89247287725083879,0,-16.317860285571086,-16.317860285571086,0,16.317860285571086
0.0041529999999999996,0.88675270087833269,0.88675270087833269,0,0,0.88675270087833269,0,-16.390174659500218,-16.390174659500218,0,16.390174659500218
0.0041539999999999997,0.88099751702611684,0.88099751702611684,0,0,0.88099751702611684,0,-16.461841977398237,-16.461841977398237,0,16.461841977398237
0.0041549999999999998,0.87520755290097441,0.87520755290097441,0,0,0.87520755290097441,0,-16.532859409962175,-16.532859409962175,0,16.532859409962175
0.004156,0.8693830370800697,0.8693830370800697,0,0,0.8693830370800697,0,-16.603224153545433,-16.603224153545433,0,16.603224153545433
0.0041570000000000001,0.8635241995054912,0.8635241995054912,0,0,0.8635241995054912,0,-16.672933430268348,-16.672933430268348,0,16.672933430268348
0.0041580000000000002,0.85763127147401974,0.85763127147401974,0,0,0.85763127147401974,0,-16.741984488128068,-16.741984488128068,0,16.741984488128068
0.0041589999999999995,0.85170448562826095,0.85170448562826095,0,0,0.85170448562826095,0,-16.810374601107032,-16.810374601107032,0,16.810374601107032
0.0041599999999999996,0.84574407594845979,0.84574407594845979,0,0,0.84574407594845979,0,-16.878101069280746,-16.878101069280746,0,16.878101069280746
0.0041609999999999998,0.83975027774044975,0.83975027774044975,0,0,0.83975027774044975,0,-16.94516121892422,-16.94516121892422,0,16.94516121892422
0.0041619999999999999,0.83372332762883161,0.83372332762883161,0,0,0.83372332762883161,0,-17.011552402617507,-17.011552402617507,0,17.011552402617507
0.004163,0.82766346354901543,0.82766346354901543,0,0,0.82766346354901543,0,-17.077271999350408,-17.077271999350408,0,17.077271999350408
0.0041640000000000002,0.8215709247315317,0.8215709247315317,0,0,0.8215709247315317,0,-17.142317414625719,-17.142317414625719,0,17.142317414625719
0.0041649999999999994,0.81544595170089451,0.81544595170089451,0,0,0.81544595170089451,0,-17.206686080561813,-17.206686080561813,0,17.206686080561813
0.0041659999999999996,0.80928878626104961,0.80928878626104961,0,0,0.80928878626104961,0,-17.270375455994042,-17.270375455994042,0,17.270375455994042
0.0041669999999999997,0.80309967148514261,0.80309967148514261,0,0,0.80309967148514261,0,-17.333383026574893,-17.333383026574893,0,17.333383026574893
0.0041679999999999998,0.79687885170960726,0.79687885170960726,0,0,0.79687885170960726,0,-17.395706304873389,-17.395706304873389,0,17.395706304873389
0.004169,0.79062657252097779,0.79062657252097779,0,0,0.79062657252097779,0,-17.457342830473159,-17.457342830473159,0,17.457342830473159
0.0041700000000000001,0.78434308074952241,0.78434308074952241,0,0,0.78434308074952241,0,-17.518290170069744,-17.518290170069744,0,17.518290170069744
0.0041710000000000002,0.7780286244560557,0.7780286244560557,0,0,0.7780286244560557,0,-17.578545917566561,-17.578545917566561,0,17.578545917566561
0.0041719999999999995,0.77168345292398044,0.77168345292398044,0,0,0.77168345292398044,0,-17.638107694169786,-17.638107694169786,0,17.638107694169786
0.0041729999999999996,0.765307816651557,0.765307816651557,0,0,0.765307816651557,0,-17.696973148482545,-17.696973148482545,0,17.696973148482545
0.0041739999999999998,0.75890196733689663,0.75890196733689663,0,0,0.75890196733689663,0,-17.755139956597475,-17.755139956597475,0,17.755139956597475
0.0041749999999999999,0.75246615787204973,0.75246615787204973,0,0,0.75246615787204973,0,-17.812605822188619,-17.812605822188619,0,17.812605822188619
0.004176,0.74600064233118246,0.74600064233118246,0,0,0.74600064233118246,0,-17.869368476601945,-17.869368476601945,0,17.869368476601945
0.0041770000000000002,0.73950567596239125,0.73950567596239125,0,0,0.73950567596239125,0,-17.925425678945071,-17.925425678945071,0,17.925425678945071
0.0041779999999999994,0.73298151517587939,0.73298151517587939,0,0,0.73298151517587939,0,-17.980775216175605,-17.980775216175605,0,17.980775216175605
0.0041789999999999996,0.72642841753417997,0.72642841753417997,0,0,0.72642841753417997,0,-18.035414903188656,-18.035414903188656,0,18.035414903188656
0.0041799999999999997,0.71984664174328827,0.71984664174328827,0,0,0.71984664174328827,0,-18.089342582902926,-18.089342582902926,0,18.089342582902926
0.0041809999999999998,0.71323644763833727,0.71323644763833727,0,0,0.71323644763833727,0,-18.142556126345919,-18.142556126345919,0,18.142556126345919
0.004182,0.70659809617973224,0.70659809617973224,0,0,0.70659809617973224,0,-18.195053432738078,-18.195053432738078,0,18.195053432738078
0.0041830000000000001,0.69993184943905362,0.69993184943905362,0,0,0.69993184943905362,0,-18.246832429575655,-18.246832429575655,0,18.246832429575655
0.0041840000000000002,0.69323797058655146,0.69323797058655146,0,0,0.69323797058655146,0,-18.297891072712471,-18.297891072712471,0,18.297891072712471
0.0041849999999999995,0.68651672388614315,0.68651672388614315,0,0,0.68651672388614315,0,-18.348227346440716,-18.348227346440716,0,18.348227346440716
0.0041859999999999996,0.67976837468154372,0.67976837468154372,0,0,0.67976837468154372,0,-18.397839263570543,-18.397839263570543,0,18.397839263570543
0.0041869999999999997,0.67299318938512442,0.67299318938512442,0,0,0.67299318938512442,0,-18.446724865508422,-18.446724865508422,0,18.446724865508422
0.0041879999999999999,0.66619143546972737,0.66619143546972737,0,0,0.66619143546972737,0,-18.494882222334436,-18.494882222334436,0,18.494882222334436
0.004189,0.65936338145752416,0.65936338145752416,0,0,0.65936338145752416,0,-18.542309432878625,-18.542309432878625,0,18.542309432878625
0.0041900000000000001,0.65250929690796511,0.65250929690796511,0,0,0.65250929690796511,0,-18.58900462479594,-18.58900462479594,0,18.58900462479594
0.0041909999999999994,0.64562945240822955,0.64562945240822955,0,0,0.64562945240822955,0,-18.634965954640105,-18.634965954640105,0,18.634965954640105
0.0041919999999999995,0.63872411956367614,0.63872411956367614,0,0,0.63872411956367614,0,-18.680191607936568,-18.680191607936568,0,18.680191607936568
0.0041929999999999997,0.63179357098420041,0.63179357098420041,0,0,0.63179357098420041,0,-18.72467979925397,-18.72467979925397,0,18.72467979925397
0.0041939999999999998,0.62483808027695886,0.62483808027695886,0,0,0.62483808027695886,0,-18.768428772274696,-18.768428772274696,0,18.768428772274696
0.0041949999999999999,0.61785792203158962,0.61785792203158962,0,0,0.61785792203158962,0,-18.811436799864175,-18.811436799864175,0,18.811436799864175
0.0041960000000000001,0.61085337181361865,0.61085337181361865,0,0,0.61085337181361865,0,-18.853702184139131,-18.853702184139131,0,18.853702184139131
0.0041970000000000002,0.60382470615081729,0.60382470615081729,0,0,0.60382470615081729,0,-18.895223256534592,-18.895223256534592,0,18.895223256534592
0.0041979999999999995,0.59677220252092411,0.59677220252092411,0,0,0.59677220252092411,0,-18.935998377869627,-18.935998377869627,0,18.935998377869627
0.0041989999999999996,0.58969613934846166,0.58969613934846166,0,0,0.58969613934846166,0,-18.976025938412381,-18.976025938412381,0,18.976025938412381
0.0041999999999999997,0.58259679598131697,0.58259679598131697,0,0,0.58259679598131697,0,-19.015304357943233,-19.015304357943233,0,19.015304357943233
0.0042009999999999999,0.57547445268983211,0.57547445268983211,0,0,0.57547445268983211,0,-19.053832085817447,-19.053832085817447,0,19.053832085817447
0.004202,0.56832939065270693,0.56832939065270693,0,0,0.56832939065270693,0,-19.091607601026318,-19.091607601026318,0,19.091607601026318
0.0042030000000000001,0.56116189194449362,0.56116189194449362,0,0,0.56116189194449362,0,-19.128629412257151,-19.128629412257151,0,19.128629412257151
0.0042039999999999994,0.55397223952491004,0.55397223952491004,0,0,0.55397223952491004,0,-19.164896057952234,-19.164896057952234,0,19.164896057952234
0.0042049999999999995,0.54676071723088171,0.54676071723088171,0,0,0.54676071723088171,0,-19.200406106366515,-19.200406106366515,0,19.200406106366515
0.0042059999999999997,0.53952760975994352,0.53952760975994352,0,0,0.53952760975994352,0,-19.235158155624102,-19.235158155624102,0,19.235158155624102
0.0042069999999999998,0.5322732026615995,0.5322732026615995,0,0,0.5322732026615995,0,-19.269150833773558,-19.269150833773558,0,19.269150833773558
0.0042079999999999999,0.52499778232981953,0.52499778232981953,0,0,0.52499778232981953,0,-19.30238279884216,-19.30238279884216,0,19.30238279884216
0.0042090000000000001,0.5177016359841673,0.5177016359841673,0,0,0.5177016359841673,0,-19.334852738888856,-19.334852738888856,0,19.334852738888856
0.0042100000000000002,0.51038505166411596,0.51038505166411596,0,0,0.51038505166411596,0,-19.366559372055974,-19.366559372055974,0,19.366559372055974
0.0042109999999999995,0.50304831821586049,0.50304831821586049,0,0,0.50304831821586049,0,-19.397501446619934,-19.397501446619934,0,19.397501446619934
0.0042119999999999996,0.49569172528208583,0.49569172528208583,0,0,0.49569172528208583,0,-19.427677741040632,-19.427677741040632,0,19.427677741040632
0.0042129999999999997,0.48831556328764236,0.48831556328764236,0,0,0.48831556328764236,0,-19.457087064009627,-19.457087064009627,0,19.457087064009627
0.0042139999999999999,0.48092012343045099,0.48092012343045099,0,0,0.48092012343045099,0,-19.485728254497225,-19.485728254497225,0,19.485728254497225
0.004215,0.47350569767058914,0.47350569767058914,0,0,0.47350569767058914,0,-19.513600181798228,-19.513600181798228,0,19.513600181798228
0.0042160000000000001,0.46607257871619368,0.46607257871619368,0,0,0.46607257871619368,0,-19.540701745576705,-19.540701745576705,0,19.540701745576705
0.0042169999999999994,0.45862106001459324,0.45862106001459324,0,0,0.45862106001459324,0,-19.567031875909265,-19.567031875909265,0,19.567031875909265
0.0042179999999999995,0.45115143573912064,0.45115143573912064,0,0,0.45115143573912064,0,-19.592589533327526,-19.592589533327526,0,19.592589533327526
0.0042189999999999997,0.4436640007772894,0.4436640007772894,0,0,0.4436640007772894,0,-19.617373708858889,-19.617373708858889,0,19.617373708858889
0.0042199999999999998,0.43615905072056194,0.43615905072056194,0,0,0.43615905072056194,0,-19.64138342406655,-19.64138342406655,0,19.64138342406655
0.0042209999999999999,0.42863688185116189,0.42863688185116189,0,0,0.42863688185116189,0,-19.664617731088072,-19.664617731088072,0,19.664617731088072
0.0042220000000000001,0.42109779113184231,0.42109779113184231,0,0,0.42109779113184231,0,-19.68707571267278,-19.68707571267278,0,19.68707571267278
0.0042230000000000002,0.41354207619247063,0.41354207619247063,0,0,0.41354207619247063,0,-19.708756482218028,-19.708756482218028,0,19.708756482218028
0.0042239999999999995,0.40597003531956943,0.40597003531956943,0,0,0.40597003531956943,0,-19.729659183804142,-19.729659183804142,0,19.729659183804142
0.0042249999999999996,0.39838196744562993,0.39838196744562993,0,0,0.39838196744562993,0,-19.749782992228287,-19.749782992228287,0,19.749782992228287
0.0042259999999999997,0.39077817213342314,0.39077817213342314,0,0,0.39077817213342314,0,-19.769127113036934,-19.769127113036934,0,19.769127113036934
0.0042269999999999999,0.38315894956781449,0.38315894956781449,0,0,0.38315894956781449,0,-19.78769078255733,-19.78769078255733,0,19.78769078255733
0.004228,0.3755246005432582,0.3755246005432582,0,0,0.3755246005432582,0,-19.805473267927589,-19.805473267927589,0,19.805473267927589
0.0042290000000000001,0.36787542645060967,0.36787542645060967,0,0,0.36787542645060967,0,-19.822473867125623,-19.822473867125623,0,19.822473867125623
0.0042299999999999994,0.36021172926575673,0.36021172926575673,0,0,0.36021172926575673,0,-19.838691908996886,-19.838691908996886,0,19.838691908996886
0.0042309999999999995,0.35253381153870578,0.35253381153870578,0,0,0.35253381153870578,0,-19.85412675328087,-19.85412675328087,0,19.85412675328087
0.0042319999999999997,0.34484197638062142,0.34484197638062142,0,0,0.34484197638062142,0,-19.868777790636347,-19.868777790636347,0,19.868777790636347
0.0042329999999999998,0.33713652745177569,0.33713652745177569,0,0,0.33713652745177569,0,-19.882644442665455,-19.882644442665455,0,19.882644442665455
0.0042339999999999999,0.32941776895017938,0.32941776895017938,0,0,0.32941776895017938,0,-19.895726161936498,-19.895726161936498,0,19.895726161936498
0.004235,0.3216860055986217,0.3216860055986217,0,0,0.3216860055986217,0,-19.908022432005609,-19.908022432005609,0,19.908022432005609
0.0042360000000000002,0.31394154263443852,0.31394154263443852,0,0,0.31394154263443852,0,-19.919532767437104,-19.919532767437104,0,19.919532767437104
0.0042369999999999994,0.30618468579609726,0.30618468579609726,0,0,0.30618468579609726,0,-19.930256713822629,-19.930256713822629,0,19.930256713822629
0.0042379999999999996,0.29841574131023663,0.29841574131023663,0,0,0.29841574131023663,0,-19.940193847799168,-19.940193847799168,0,19.940193847799168
0.0042389999999999997,0.29063501588211693,0.29063501588211693,0,0,0.29063501588211693,0,-19.949343777065675,-19.949343777065675,0,19.949343777065675
0.0042399999999999998,0.28284281668106814,0.28284281668106814,0,0,0.28284281668106814,0,-19.957706140398617,-19.957706140398617,0,19.957706140398617
0.004241,0.27503945133003072,0.27503945133003072,0,0,0.27503945133003072,0,-19.965280607666198,-19.965280607666198,0,19.965280607666198
0.0042420000000000001,0.26722522789236791,0.26722522789236791,0,0,0.26722522789236791,0,-19.972066879841424,-19.972066879841424,0,19.972066879841424
0.0042429999999999994,0.25940045486004237,0.25940045486004237,0,0,0.25940045486004237,0,-19.978064689013888,-19.978064689013888,0,19.978064689013888
0.0042439999999999995,0.25156544114247481,0.25156544114247481,0,0,0.25156544114247481,0,-19.983273798400354,-19.983273798400354,0,19.983273798400354
0.0042449999999999996,0.24372049605176471,0.24372049605176471,0,0,0.24372049605176471,0,-19.987694002354107,-19.987694002354107,0,19.987694002354107
0.0042459999999999998,0.23586592929291328,0.23586592929291328,0,0,0.23586592929291328,0,-19.991325126373066,-19.991325126373066,0,19.991325126373066
0.0042469999999999999,0.22800205095131787,0.22800205095131787,0,0,0.22800205095131787,0,-19.994167027106666,-19.994167027106666,0,19.994167027106666
0.004248,0.22012917147890221,0.22012917147890221,0,0,0.22012917147890221,0,-19.99621959236153,-19.99621959236153,0,19.99621959236153
0.0042490000000000002,0.21224760168433932,0.21224760168433932,0,0,0.21224760168433932,0,-19.997482741105898,-19.997482741105898,0,19.997482741105898
0.0042499999999999994,0.2043576527175901,0.2043576527175901,0,0,0.2043576527175901,0,-19.997956423472825,-19.997956423472825,0,19.997956423472825
0.0042509999999999996,0.19645963606058103,0.19645963606058103,0,0,0.19645963606058103,0,-19.997640620762141,-19.997640620762141,0,19.997640620762141
0.0042519999999999997,0.18855386351310699,0.18855386351310699,0,0,0.18855386351310699,0,-19.996535345441188,-19.996535345441188,0,19.996535345441188
0.0042529999999999998,0.18064064718237205,0.18064064718237205,0,0,0.18064064718237205,0,-19.994640641144358,-19.994640641144358,0,19.994640641144358
0.004254,0.17272029946843759,0.17272029946843759,0,0,0.17272029946843759,0,-19.991956582671317,-19.991956582671317,0,19.991956582671317
0.0042550000000000001,0.16479313305239884,0.16479313305239884,0,0,0.16479313305239884,0,-19.988483275984109,-19.988483275984109,0,19.988483275984109
0.0042560000000000002,0.15685946088547098,0.15685946088547098,0,0,0.15685946088547098,0,-19.984220858202931,-19.984220858202931,0,19.984220858202931
0.0042569999999999995,0.14891959617602879,0.14891959617602879,0,0,0.14891959617602879,0,-19.97916949760074,-19.97916949760074,0,19.97916949760074
0.0042579999999999996,0.14097385237596427,0.14097385237596427,0,0,0.14097385237596427,0,-19.973329393596597,-19.973329393596597,0,19.973329393596597
0.0042589999999999998,0.13302254316909057,0.13302254316909057,0,0,0.13302254316909057,0,-19.966700776747814,-19.966700776747814,0,19.966700776747814
0.0042599999999999999,0.12506598246068279,0.12506598246068279,0,0,0.12506598246068279,0,-19.959283908740829,-19.959283908740829,0,19.959283908740829
0.004261,0.11710448436087972,0.11710448436087972,0,0,0.11710448436087972,0,-19.9510790823809,-19.9510790823809,0,19.9510790823809
0.0042620000000000002,0.10913836317695313,0.10913836317695313,0,0,0.10913836317695313,0,-19.942086621580508,-19.942086621580508,0,19.942086621580508
0.0042629999999999994,0.10116793339716423,0.10116793339716423,0,0,0.10116793339716423,0,-19.932306881346641,-19.932306881346641,0,19.932306881346641
0.0042639999999999996,0.093193509680304487,0.093193509680304487,0,0,0.093193509680304487,0,-19.921740247766653,-19.921740247766653,0,19.921740247766653
0.0042649999999999997,0.085215406843417441,0.085215406843417441,0,0,0.085215406843417441,0,-19.910387137993176,-19.910387137993176,0,19.910387137993176
0.0042659999999999998,0.07723393984838367,0.07723393984838367,0,0,0.07723393984838367,0,-19.898248000227529,-19.898248000227529,0,19.898248000227529
0.004267,0.069249423789187858,0.069249423789187858,0,0,0.069249423789187858,0,-19.885323313702091,-19.885323313702091,0,19.885323313702091
0.0042680000000000001,0.06126217388191435,0.06126217388191435,0,0,0.06126217388191435,0,-19.871613588661354,-19.871613588661354,0,19.871613588661354
0.0042690000000000002,0.053272505448603624,0.053272505448603624,0,0,0.053272505448603624,0,-19.857119366341784,-19.857119366341784,0,19.857119366341784
0.0042699999999999995,0.045280733908384718,0.045280733908384718,0,0,0.045280733908384718,0,-19.841841218950492,-19.841841218950492,0,19.841841218950492
0.0042709999999999996,0.037287174761559072,0.037287174761559072,0,0,0.037287174761559072,0,-19.825779749642525,-19.825779749642525,0,19.825779749642525
0.0042719999999999998,0.029292143581415075,0.029292143581415075,0,0,0.029292143581415075,0,-19.808935592497221,-19.808935592497221,0,19.808935592497221
0.0042729999999999999,0.02129595599762979,0.02129595599762979,0,0,0.02129595599762979,0,-19.791309412493053,-19.791309412493053,0,19.791309412493053
0.004274,0.013298927686037132,0.013298927686037132,0,0,0.013298927686037132,0,-19.772901905481426,-19.772901905481426,0,19.772901905481426
0.0042750000000000002,0.005301374355212829,0.005301374355212829,0,0,0.005301374355212829,0,-19.753713798159207,-19.753713798159207,0,19.753713798159207
0.0042759999999999994,0,0,0,0,0,-5.3490540020462163e-05,-19.733772374697402,-19.733772374697402,-5.3490540020462163e-05,19.733825865237421
0.0042769999999999996,0,0,0,0,0,-0.00060500000849472713,-19.713496902988474,-19.713496902988474,-0.00060500000849472713,19.714101902996969
0.0042779999999999997,0,0,0,0,0,-0.0015554821379719641,-19.692842172722088,-19.692842172722088,-0.0015554821379719641,19.694397654860062
0.0042789999999999998,0,0,0,0,0,-0.0029045006079222446,-19.671808600514527,-19.671808600514527,-0.0029045006079222446,19.67471310112245
0.00428,0,0,0,0,0,-0.0046516037628965279,-19.650396618336686,-19.650396618336686,-0.0046516037628965279,19.65504822209958
0.0042810000000000001,0,0,0,0,0,-0.0067963246299420632,-19.628606673496627,-19.628606673496627,-0.0067963246299420632,19.635402998126569
0.0042820000000000002,0,0,0,0,0,-0.0093381809366253066,-19.606439228621568,-19.606439228621568,-0.0093381809366253066,19.615777409558191
0.0042829999999999995,0,0,0,0,0,-0.012276675129697878,-19.583894761639161,-19.583894761639161,-0.012276675129697878,19.596171436768859
0.0042839999999999996,0,0,0,0,0,-0.015611294394352271,-19.560973765758241,-19.560973765758241,-0.015611294394352271,19.576585060152595
0.0042849999999999997,0,0,0,0,0,-0.019341510674026452,-19.537676749448998,-19.537676749448998,-0.019341510674026452,19.557018260123026
0.0042859999999999999,0,0,0,0,0,-0.023466780690895916,-19.514004236422451,-19.514004236422451,-0.023466780690895916,19.537471017113347
0.004287,0,0,0,0,0,-0.027986545966882659,-19.489956765609428,-19.489956765609428,-0.027986545966882659,19.51794331157631
0.0042880000000000001,0,0,0,0,0,-0.032900232845358701,-19.465534891138851,-19.465534891138851,-0.032900232845358701,19.498435123984212
0.0042889999999999994,0,0,0,0,0,-0.038207252513354106,-19.440739182315511,-19.440739182315511,-0.038207252513354106,19.478946434828863
0.0042899999999999995,0,0,0,0,0,-0.043907001024464876,-19.415570223597108,-19.415570223597108,-0.043907001024464876,19.459477224621573
0.0042909999999999997,0,0,0,0,0,-0.049998859322201383,-19.390028614570927,-19.390028614570927,-0.049998859322201383,19.440027473893128
0.0042919999999999998,0,0,0,0,0,-0.056482193264137948,-19.364114969929641,-19.364114969929641,-0.056482193264137948,19.420597163193779
0.0042929999999999999,0,0,0,0,0,-0.063356353646502939,-19.337829919446705,-19.337829919446705,-0.063356353646502939,19.401186273093209
0.0042940000000000001,0,0,0,0,0,-0.070620676229401269,-19.311174107951132,-19.311174107951132,-0.070620676229401269,19.381794784180531
0.0042950000000000002,0,0,0,0,0,-0.078274481762687032,-19.284148195301565,-19.284148195301565,-0.078274481762687032,19.362422677064252
0.0042959999999999995,0,0,0,0,0,-0.086317076012354832,-19.25675285635991,-19.25675285635991,-0.086317076012354832,19.343069932372263
0.0042969999999999996,0,0,0,0,0,-0.094747749787584823,-19.228988780964237,-19.228988780964237,-0.094747749787584823,19.32373653075182
0.0042979999999999997,0,0,0,0,0,-0.10356577896831709,-19.2008566739012,-19.2008566739012,-0.10356577896831709,19.304422452869517
0.0042989999999999999,0,0,0,0,0,-0.11277042453343711,-19.172357254877838,-19.172357254877838,-0.11277042453343711,19.285127679411275
0.0043,0,0,0,0,0,-0.122360932589622,-19.143491258492698,-19.143491258492698,-0.122360932589622,19.26585219108232
0.0043010000000000001,0,0,0,0,0,-0.13233653440062909,-19.114259434206531,-19.114259434206531,-0.13233653440062909,19.24659596860716
0.0043019999999999994,0,0,0,0,0,-0.14269644641732704,-19.084662546312245,-19.084662546312245,-0.14269644641732704,19.227358992729574
0.0043029999999999995,0,0,0,0,0,-0.15343987030822426,-19.054701373904358,-19.054701373904358,-0.15343987030822426,19.208141244212584
0.0043039999999999997,0,0,0,0,0,-0.16456599299055341,-19.024376710847882,-19.024376710847882,-0.16456599299055341,19.188942703838435
0.0043049999999999998,0,0,0,0,0,-0.17607398666203089,-18.993689365746562,-18.993689365746562,-0.17607398666203089,19.169763352408591
0.0043059999999999999,0,0,0,0,0,-0.18796300883309591,-18.962640161910599,-18.962640161910599,-0.18796300883309591,19.150603170743697
0.0043070000000000001,0,0,0,0,0,-0.20023220235984773,-18.931229937323721,-18.931229937323721,-0.20023220235984773,19.13146213968357
0.0043080000000000002,0,0,0,0,0,-0.21288069547746602,-18.899459544609712,-18.899459544609712,-0.21288069547746602,19.112340240087178
0.0043089999999999995,0,0,0,0,0,-0.22590760183418368,-18.867329850998434,-18.867329850998434,-0.22590760183418368,19.093237452832618
0.0043099999999999996,0,0,0,0,0,-0.23931202052601819,-18.834841738291082,-18.834841738291082,-0.23931202052601819,19.074153758817101
0.0043109999999999997,0,0,0,0,0,-0.25309303613183332,-18.8019961028251,-18.8019961028251,-0.25309303613183332,19.055089138956934
0.0043119999999999999,0,0,0,0,0,-0.26724971874915582,-18.768793855438336,-18.768793855438336,-0.26724971874915582,19.036043574187492
0.004313,0,0,0,0,0,-0.28178112403044508,-18.735235921432764,-18.735235921432764,-0.28178112403044508,19.017017045463209
0.0043140000000000001,0,0,0,0,0,-0.29668629322006446,-18.701323240537491,-18.701323240537491,-0.29668629322006446,18.998009533757557
0.0043149999999999994,0,0,0,0,0,-0.31196425319167176,-18.667056766871351,-18.667056766871351,-0.31196425319167176,18.979021020063023
0.0043159999999999995,0,0,0,0,0,-0.32761401648633992,-18.632437468904751,-18.632437468904751,-0.32761401648633992,18.960051485391091
0.0043169999999999997,0,0,0,0,0,-0.34363458135106661,-18.59746632942116,-18.59746632942116,-0.34363458135106661,18.941100910772224
0.0043179999999999998,0,0,0,0,0,-0.36002493177794825,-18.562144345477897,-18.562144345477897,-0.36002493177794825,18.922169277255847
0.0043189999999999999,0,0,0,0,0,-0.37678403754397038,-18.526472528366352,-18.526472528366352,-0.37678403754397038,18.903256565910322
0.0043200000000000001,0,0,0,0,0,-0.39391085425126882,-18.490451903571675,-18.490451903571675,-0.39391085425126882,18.884362757822942
0.0043210000000000002,0,0,0,0,0,-0.41140432336790766,-18.454083510731984,-18.454083510731984,-0.41140432336790766,18.865487834099891
0.0043219999999999995,0,0,0,0,0,-0.42926337226938571,-18.417368403596861,-18.417368403596861,-0.42926337226938571,18.846631775866246
0.0043229999999999996,0,0,0,0,0,-0.44748691428058507,-18.380307649985362,-18.380307649985362,-0.44748691428058507,18.827794564265947
0.0043239999999999997,0,0,0,0,0,-0.46607384871824031,-18.342902331743545,-18.342902331743545,-0.46607384871824031,18.808976180461784
0.0043249999999999999,0,0,0,0,0,-0.48502306093398673,-18.30515354470138,-18.30515354470138,-0.48502306093398673,18.790176605635367
0.004326,0,0,0,0,0,-0.50433342235809597,-18.267062398629022,-18.267062398629022,-0.50433342235809597,18.77139582098712
0.0043270000000000001,0,0,0,0,0,-0.52400379054357238,-18.228630017192685,-18.228630017192685,-0.52400379054357238,18.75263380773626
0.0043279999999999994,0,0,0,0,0,-0.54403300921082831,-18.189857537909941,-18.189857537909941,-0.54403300921082831,18.733890547120769
0.0043289999999999995,0,0,0,0,0,-0.56441990829310562,-18.150746112104279,-18.150746112104279,-0.56441990829310562,18.715166020397387
0.0043299999999999996,0,0,0,0,0,-0.58516330398212979,-18.111296904859458,-18.111296904859458,-0.58516330398212979,18.696460208841586
0.0043309999999999998,0,0,0,0,0,-0.60626199877456166,-18.07151109497299,-18.07151109497299,-0.60626199877456166,18.67777309374755
0.0043319999999999999,0,0,0,0,0,-0.62771478151881155,-18.031389874909355,-18.031389874909355,-0.62771478151881155,18.659104656428166
0.004333,0,0,0,0,0,-0.64952042746257987,-17.990934450752412,-17.990934450752412,-0.64952042746257987,18.640454878214992
0.0043340000000000002,0,0,0,0,0,-0.67167769830077084,-17.950146042157478,-17.950146042157478,-0.67167769830077084,18.62182374045825
0.0043349999999999994,0,0,0,0,0,-0.69418534222392658,-17.909025882302878,-17.909025882302878,-0.69418534222392658,18.603211224526802
0.0043359999999999996,0,0,0,0,0,-0.71704209396751928,-17.86757521784061,-17.86757521784061,-0.71704209396751928,18.584617311808127
0.0043369999999999997,0,0,0,0,0,-0.74024667486117934,-17.825795308847134,-17.825795308847134,-0.74024667486117934,18.566041983708313
0.0043379999999999998,0,0,0,0,0,-0.76379779287906935,-17.783687428772964,-17.783687428772964,-0.76379779287906935,18.547485221652032
0.004339,0,0,0,0,0,-0.78769414269041427,-17.741252864392102,-17.741252864392102,-0.78769414269041427,18.528947007082515
0.0043400000000000001,0,0,0,0,0,-0.81193440571061082,-17.69849291575094,-17.69849291575094,-0.81193440571061082,18.510427321461549
0.0043409999999999994,0,0,0,0,0,-0.83651725015299938,-17.655408896116448,-17.655408896116448,-0.83651725015299938,18.491926146269449
0.0043419999999999995,0,0,0,0,0,-0.86144133108106402,-17.612002131923973,-17.612002131923973,-0.86144133108106402,18.473443463005037
0.0043429999999999996,0,0,0,0,0,-0.88670529046108015,-17.568273962724547,-17.568273962724547,-0.88670529046108015,18.454979253185627
0.0043439999999999998,0,0,0,0,0,-0.91230775721535373,-17.524225741131652,-17.524225741131652,-0.91230775721535373,18.436533498347007
0.0043449999999999999,0,0,0,0,0,-0.93824734727606973,-17.479858832767356,-17.479858832767356,-0.93824734727606973,18.418106180043424
0.004346,0,0,0,0,0,-0.9645226636394959,-17.435174616208059,-17.435174616208059,-0.9645226636394959,18.399697279847555
0.0043470000000000002,0,0,0,0,0,-0.99113229642071765,-17.39017448292978,-17.39017448292978,-0.99113229642071765,18.381306779350499
0.0043479999999999994,0,0,0,0,0,-1.0180748229090053,-17.344859837252748,-17.344859837252748,-1.0180748229090053,18.362934660161752
0.0043489999999999996,0,0,0,0,0,-1.0453488076236237,-17.299232096285571,-17.299232096285571,-1.0453488076236237,18.344580903909197
0.0043499999999999997,0,0,0,0,0,-1.0729528023700254,-17.253292689869049,-17.253292689869049,-1.0729528023700254,18.326245492239075
0.0043509999999999998,0,0,0,0,0,-1.1008853462967476,-17.207043060519226,-17.207043060519226,-1.1008853462967476,18.307928406815972
0.004352,0,0,0,0,0,-1.1291449659526123,-17.160484663370188,-17.160484663370188,-1.1291449659526123,18.2896296293228
0.0043530000000000001,0,0,0,0,0,-1.1577301753446774,-17.113618966116103,-17.113618966116103,-1.1577301753446774,18.271349141460782
0.0043540000000000002,0,0,0,0,0,-1.1866394759963566,-17.06644744895307,-17.06644744895307,-1.1866394759963566,18.253086924949429
0.0043549999999999995,0,0,0,0,0,-1.2158713570063275,-17.018971604520193,-17.018971604520193,-1.2158713570063275,18.234842961526521
0.0043559999999999996,0,0,0,0,0,-1.245424295107826,-16.971192937840271,-16.971192937840271,-1.245424295107826,18.216617232948096
0.0043569999999999998,0,0,0,0,0,-1.2752967547282941,-16.923112966260124,-16.923112966260124,-1.2752967547282941,18.198409720988419
0.0043579999999999999,0,0,0,0,0,-1.3054871880497423,-16.87473321939024,-16.87473321939024,-1.3054871880497423,18.180220407439982
0.004359,0,0,0,0,0,-1.335994035069378,-16.826055239044088,-16.826055239044088,-1.335994035069378,18.162049274113468
0.0043600000000000002,0,0,0,0,0,-1.3668157236609568,-16.777080579176783,-16.777080579176783,-1.3668157236609568,18.143896302837739
0.0043609999999999994,0,0,0,0,0,-1.3979506696363684,-16.727810805823456,-16.727810805823456,-1.3979506696363684,18.125761475459825
0.0043619999999999996,0,0,0,0,0,-1.4293972768079453,-16.678247497036956,-16.678247497036956,-1.4293972768079453,18.1076447738449
0.0043629999999999997,0,0,0,0,0,-1.4611539370508808,-16.628392242825374,-16.628392242825374,-1.4611539370508808,18.089546179876255
0.0043639999999999998,0,0,0,0,0,-1.4932190303665784,-16.578246645088718,-16.578246645088718,-1.4932190303665784,18.071465675455297
0.004365,0,0,0,0,0,-1.5255909249461546,-16.527812317555366,-16.527812317555366,-1.5255909249461546,18.053403242501521
0.0043660000000000001,0,0,0,0,0,-1.5582679772344115,-16.477090885718081,-16.477090885718081,-1.5582679772344115,18.035358862952492
0.0043670000000000002,0,0,0,0,0,-1.5912485319945073,-16.426083986769321,-16.426083986769321,-1.5912485319945073,18.01733251876383
0.0043679999999999995,0,0,0,0,0,-1.6245309223728128,-16.374793269536376,-16.374793269536376,-1.6245309223728128,17.999324191909189
0.0043689999999999996,0,0,0,0,0,-1.6581134699644737,-16.323220394415767,-16.323220394415767,-1.6581134699644737,17.98133386438024
0.0043699999999999998,0,0,0,0,0,-1.6919944848791859,-16.271367033307467,-16.271367033307467,-1.6919944848791859,17.963361518186652
0.0043709999999999999,0,0,0,0,0,-1.7261722658075449,-16.219234869548533,-16.219234869548533,-1.7261722658075449,17.945407135356078
0.004372,0,0,0,0,0,-1.7606451000879693,-16.166825597846167,-16.166825597846167,-1.7606451000879693,17.927470697934137
0.0043730000000000002,0,0,0,0,0,-1.7954112637738744,-16.114140924210513,-16.114140924210513,-1.7954112637738744,17.909552187984389
0.0043739999999999994,0,0,0,0,0,-1.8304690217012709,-16.061182565887052,-16.061182565887052,-1.8304690217012709,17.891651587588321
0.0043749999999999995,0,0,0,0,0,-1.8658166275571499,-16.007952251288181,-16.007952251288181,-1.8658166275571499,17.873768878845329
0.0043759999999999997,0,0,0,0,0,-1.9014523239478187,-15.954451719924887,-15.954451719924887,-1.9014523239478187,17.855904043872705
0.0043769999999999998,0,0,0,0,0,-1.9373743424680612,-15.900682722337553,-15.900682722337553,-1.9373743424680612,17.838057064805614
0.0043779999999999999,0,0,0,0,0,-1.9735809037704639,-15.846647020026609,-15.846647020026609,-1.9735809037704639,17.820227923797074
0.0043790000000000001,0,0,0,0,0,-2.0100702176354606,-15.792346385382482,-15.792346385382482,-2.0100702176354606,17.802416603017942
0.0043800000000000002,0,0,0,0,0,-2.0468404830415601,-15.73778260161534,-15.73778260161534,-2.0468404830415601,17.7846230846569
0.0043809999999999995,0,0,0,0,0,-2.0838898882359604,-15.682957462684461,-15.682957462684461,-2.0838898882359604,17.766847350920422
0.0043819999999999996,0,0,0,0,0,-2.1212166108061083,-15.627872773226667,-15.627872773226667,-2.1212166108061083,17.749089384032775
0.0043829999999999997,0,0,0,0,0,-2.1588188177507588,-15.572530348485234,-15.572530348485234,-2.1588188177507588,17.731349166235994
0.0043839999999999999,0,0,0,0,0,-2.1966946655523962,-15.516932014237458,-15.516932014237458,-2.1966946655523962,17.713626679789854
0.004385,0,0,0,0,0,-2.2348423002494,-15.461079606722471,-15.461079606722471,-2.2348423002494,17.695921906971872
0.0043860000000000001,0,0,0,0,0,-2.2732598575090508,-15.404974972568223,-15.404974972568223,-2.2732598575090508,17.678234830077272
0.0043869999999999994,0,0,0,0,0,-2.311945462700649,-15.348619968718324,-15.348619968718324,-2.311945462700649,17.660565431418974
0.0043879999999999995,0,0,0,0,0,-2.3508972309692924,-15.292016462358287,-15.292016462358287,-2.3508972309692924,17.642913693327579
0.0043889999999999997,0,0,0,0,0,-2.3901132673098004,-15.235166330841547,-15.235166330841547,-2.3901132673098004,17.625279598151348
0.0043899999999999998,0,0,0,0,0,-2.429591666641163,-15.178071461615023,-15.178071461615023,-2.429591666641163,17.607663128256185
0.0043909999999999999,0,0,0,0,0,-2.4693305138815278,-15.120733752144091,-15.120733752144091,-2.4693305138815278,17.590064266025617
0.0043920000000000001,0,0,0,0,0,-2.5093278840233735,-15.063155109837407,-15.063155109837407,-2.5093278840233735,17.572482993860781
0.0043930000000000002,0,0,0,0,0,-2.5495818422090624,-15.005337451971343,-15.005337451971343,-2.5495818422090624,17.554919294180404
0.0043939999999999995,0,0,0,0,0,-2.5900904438070018,-14.947282705613782,-14.947282705613782,-2.5900904438070018,17.537373149420784
0.0043949999999999996,0,0,0,0,0,-2.6308517344880729,-14.888992807547702,-14.888992807547702,-2.6308517344880729,17.519844542035774
0.0043959999999999997,0,0,0,0,0,-2.6718637503023039,-14.83046970419446,-14.83046970419446,-2.6718637503023039,17.502333454496764
0.0043969999999999999,0,0,0,0,0,-2.713124517756059,-14.771715351536608,-14.771715351536608,-2.713124517756059,17.484839869292667
0.004398,0,0,0,0,0,-2.7546320538897291,-14.712731715040167,-14.712731715040167,-2.7546320538897291,17.467363768929896
0.0043990000000000001,0,0,0,0,0,-2.7963843663555776,-14.653520769576772,-14.653520769576772,-2.7963843663555776,17.449905135932351
0.0043999999999999994,0,0,0,0,0,-2.8383794534959002,-14.594084499345495,-14.594084499345495,-2.8383794534959002,17.432463952841395
0.0044009999999999995,0,0,0,0,0,-2.8806153044221219,-14.534424897793723,-14.534424897793723,-2.8806153044221219,17.415040202215845
0.0044019999999999997,0,0,0,0,0,-2.923089899093255,-14.474543967538693,-14.474543967538693,-2.923089899093255,17.397633866631949
0.0044029999999999998,0,0,0,0,0,-2.965801208395729,-14.414443720287643,-14.414443720287643,-2.965801208395729,17.380244928683371
0.0044039999999999999,0,0,0,0,0,-3.0087471942229982,-14.354126176758172,-14.354126176758172,-3.0087471942229982,17.36287337098117
0.0044050000000000001,0,0,0,0,0,-3.0519258095555619,-14.293593366598223,-14.293593366598223,-3.0519258095555619,17.345519176153786
0.0044060000000000002,0,0,0,0,0,-3.0953349985416336,-14.23284732830539,-14.23284732830539,-3.0953349985416336,17.328182326847024
0.0044069999999999995,0,0,0,0,0,-3.1389726965776514,-14.17189010914638,-14.17189010914638,-3.1389726965776514,17.310862805724032
0.0044079999999999996,0,0,0,0,0,-3.1828368303899177,-14.11072376507537,-14.11072376507537,-3.1828368303899177,17.293560595465287
0.0044089999999999997,0,0,0,0,0,-3.2269253181154935,-14.049350360653087,-14.049350360653087,-3.2269253181154935,17.276275678768581
0.0044099999999999999,0,0,0,0,0,-3.2712360693844866,-13.987771968964505,-13.987771968964505,-3.2712360693844866,17.259008038348991
0.004411,0,0,0,0,0,-3.3157669854020835,-13.925990671536796,-13.925990671536796,-3.3157669854020835,17.24175765693888
0.0044120000000000001,0,0,0,0,0,-3.3605159590309546,-13.864008558256906,-13.864008558256906,-3.3605159590309546,17.224524517287861
0.0044129999999999994,0,0,0,0,0,-3.4054808748742511,-13.801827727288547,-13.801827727288547,-3.4054808748742511,17.207308602162797
0.0044139999999999995,0,0,0,0,0,-3.4506596093587625,-13.739450284989005,-13.739450284989005,-3.4506596093587625,17.190109894347767
0.0044149999999999997,0,0,0,0,0,-3.4960500308182905,-13.676878345825775,-13.676878345825775,-3.4960500308182905,17.172928376644066
0.0044159999999999998,0,0,0,0,0,-3.5416499995774435,-13.614114032292726,-13.614114032292726,-3.5416499995774435,17.15576403187017
0.0044169999999999999,0,0,0,0,0,-3.5874573680359241,-13.551159474825813,-13.551159474825813,-3.5874573680359241,17.138616842861737
0.0044180000000000001,0,0,0,0,0,-3.6334699807528636,-13.488016811718712,-13.488016811718712,-3.6334699807528636,17.121486792471575
0.0044190000000000002,0,0,0,0,0,-3.6796856745314814,-13.424688189038154,-13.424688189038154,-3.6796856745314814,17.104373863569634
0.0044199999999999995,0,0,0,0,0,-3.7261022785042908,-13.361175760538691,-13.361175760538691,-3.7261022785042908,17.087278039042982
0.0044209999999999996,0,0,0,0,0,-3.7727176142184549,-13.297481687577339,-13.297481687577339,-3.7727176142184549,17.070199301795792
0.0044219999999999997,0,0,0,0,0,-3.8195294957212838,-13.233608139028043,-13.233608139028043,-3.8195294957212838,17.053137634749326
0.0044229999999999998,0,0,0,0,0,-3.8665357296463476,-13.169557291195567,-13.169557291195567,-3.8665357296463476,17.036093020841914
0.004424,0,0,0,0,0,-3.9137341152995635,-13.105331327729379,-13.105331327729379,-3.9137341152995635,17.019065443028943
0.0044250000000000001,0,0,0,0,0,-3.9611224447459161,-13.040932439536919,-13.040932439536919,-3.9611224447459161,17.002054884282835
0.0044259999999999994,0,0,0,0,0,-4.008698502896122,-12.976362824696904,-12.976362824696904,-4.008698502896122,16.985061327593026
0.0044269999999999995,0,0,0,0,0,-4.0564600675939246,-12.911624688372036,-12.911624688372036,-4.0564600675939246,16.968084755965961
0.0044279999999999996,0,0,0,0,0,-4.1044049097031605,-12.846720242721908,-12.846720242721908,-4.1044049097031605,16.951125152425067
0.0044289999999999998,0,0,0,0,0,-4.1525307931957309,-12.781651706815008,-12.781651706815008,-4.1525307931957309,16.934182500010738
0.0044299999999999999,0,0,0,0,0,-4.2008354752394146,-12.716421306540905,-12.716421306540905,-4.2008354752394146,16.917256781780321
0.004431,0,0,0,0,0,-4.2493167062859607,-12.651031274522133,-12.651031274522133,-4.2493167062859607,16.900347980808093
0.0044320000000000002,0,0,0,0,0,-4.2979722301597594,-12.585483850025495,-12.585483850025495,-4.2979722301597594,16.883456080185255
0.0044329999999999994,0,0,0,0,0,-4.3467997841463992,-12.519781278873506,-12.519781278873506,-4.3467997841463992,16.866581063019904
0.0044339999999999996,0,0,0,0,0,-4.3957970990818191,-12.453925813355205,-12.453925813355205,-4.3957970990818191,16.849722912437024
0.0044349999999999997,0,0,0,0,0,-4.4449618994413846,-12.387919712137073,-12.387919712137073,-4.4449618994413846,16.832881611578458
0.0044359999999999998,0,0,0,0,0,-4.4942919034293887,-12.321765240173519,-12.321765240173519,-4.4942919034293887,16.816057143602908
0.004437,0,0,0,0,0,-4.5437848230689735,-12.255464668616929,-12.255464668616929,-4.5437848230689735,16.799249491685902
0.0044380000000000001,0,0,0,0,0,-4.5934383642918659,-12.18902027472792,-12.18902027472792,-4.5934383642918659,16.782458639019787
0.0044389999999999994,0,0,0,0,0,-4.6432502270287985,-12.122434341784913,-12.122434341784913,-4.6432502270287985,16.765684568813711
0.0044399999999999995,0,0,0,0,0,-4.6932181052999633,-12.055709158993636,-12.055709158993636,-4.6932181052999633,16.748927264293599
0.0044409999999999996,0,0,0,0,0,-4.7433396873055571,-11.988847021396591,-11.988847021396591,-4.7433396873055571,16.732186708702148
0.0044419999999999998,0,0,0,0,0,-4.7936126555168617,-11.921850229781937,-11.921850229781937,-4.7936126555168617,16.715462885298798
0.0044429999999999999,0,0,0,0,0,-4.8440346867672393,-11.85472109059249,-11.85472109059249,-4.8440346867672393,16.698755777359729
0.004444,0,0,0,0,0,-4.8946034523437048,-11.787461915834122,-11.787461915834122,-4.8946034523437048,16.682065368177827
0.0044450000000000002,0,0,0,0,0,-4.9453166180784187,-11.720075022984265,-11.720075022984265,-4.9453166180784187,16.665391641062683
0.0044459999999999994,0,0,0,0,0,-4.9961718444403722,-11.652562734900197,-11.652562734900197,-4.9961718444403722,16.648734579340569
0.0044469999999999996,0,0,0,0,0,-5.0471667866277379,-11.584927379726686,-11.584927379726686,-5.0471667866277379,16.632094166354424
0.0044479999999999997,0,0,0,0,0,-5.0982990946597671,-11.517171290804063,-11.517171290804063,-5.0982990946597671,16.61547038546383
0.0044489999999999998,0,0,0,0,0,-5.1495664134694321,-11.449296806575575,-11.449296806575575,-5.1495664134694321,16.598863220045008
0.00445,0,0,0,0,0,-5.2009663829958921,-11.381306270494894,-11.381306270494894,-5.2009663829958921,16.582272653490786
0.0044510000000000001,0,0,0,0,0,-5.2524966382775293,-11.313202030933072,-11.313202030933072,-5.2524966382775293,16.565698669210601
0.0044520000000000002,0,0,0,0,0,-5.3041548095448832,-11.244986441085583,-11.244986441085583,-5.3041548095448832,16.549141250630466
0.0044529999999999995,0,0,0,0,0,-5.3559385223136893,-11.176661858879271,-11.176661858879271,-5.3559385223136893,16.53260038119296
0.0044539999999999996,0,0,0,0,0,-5.4078453974788028,-11.108230646878411,-11.108230646878411,-5.4078453974788028,16.516076044357213
0.0044549999999999998,0,0,0,0,0,-5.4598730514071061,-11.039695172191783,-11.039695172191783,-5.4598730514071061,16.499568223598889
0.0044559999999999999,0,0,0,0,0,-5.5120190960317785,-10.971057806378383,-10.971057806378383,-5.5120190960317785,16.483076902410161
0.004457,0,0,0,0,0,-5.5642811389460798,-10.902320925353632,-10.902320925353632,-5.5642811389460798,16.46660206429971
0.0044580000000000002,0,0,0,0,0,-5.6166567834973558,-10.833486909295342,-10.833486909295342,-5.6166567834973558,16.450143692792697
0.0044589999999999994,0,0,0,0,0,-5.6691436288814891,-10.764558142549255,-10.764558142549255,-5.6691436288814891,16.433701771430744
0.0044599999999999996,0,0,0,0,0,-5.7217392702373537,-10.69553701353458,-10.69553701353458,-5.7217392702373537,16.417276283771933
0.0044609999999999997,0,0,0,0,0,-5.7744412987412783,-10.626425914649497,-10.626425914649497,-5.7744412987412783,16.400867213390775
0.0044619999999999998,0,0,0,0,0,-5.8272473017018136,-10.557227242176385,-10.557227242176385,-5.8272473017018136,16.384474543878198
0.004463,0,0,0,0,0,-5.880154862654817,-10.487943396186715,-10.487943396186715,-5.880154862654817,16.368098258841531
0.0044640000000000001,0,0,0,0,0,-5.9331615614584194,-10.418576780446067,-10.418576780446067,-5.9331615614584194,16.351738341904486
0.0044650000000000002,0,0,0,0,0,-5.9862649743881304,-10.349129802319013,-10.349129802319013,-5.9862649743881304,16.335394776707144
0.0044659999999999995,0,0,0,0,0,-6.0394626742323698,-10.279604872673572,-10.279604872673572,-6.0394626742323698,16.319067546905941
0.0044669999999999996,0,0,0,0,0,-6.0927522303879504,-10.210004405785693,-10.210004405785693,-6.0927522303879504,16.302756636173644
0.0044679999999999997,0,0,0,0,0,-6.1461312089555733,-10.140330819243768,-10.140330819243768,-6.1461312089555733,16.286462028199342
0.0044689999999999999,0,0,0,0,0,-6.1995971728355785,-10.070586533852847,-10.070586533852847,-6.1995971728355785,16.270183706688425
0.00447,0,0,0,0,0,-6.2531476818240037,-10.000773973538568,-10.000773973538568,-6.2531476818240037,16.253921655362571
0.0044710000000000001,0,0,0,0,0,-6.3067802927084848,-9.930895565251241,-9.930895565251241,-6.3067802927084848,16.237675857959726
0.0044719999999999994,0,0,0,0,0,-6.3604925593642072,-9.8609537388698847,-9.8609537388698847,-6.3604925593642072,16.221446298234092
0.0044729999999999995,0,0,0,0,0,-6.4142820328506698,-9.79095092710544,-9.79095092710544,-6.4142820328506698,16.20523295995611
0.0044739999999999997,0,0,0,0,0,-6.4681462615073322,-9.7208895654051055,-9.7208895654051055,-6.4681462615073322,16.189035826912438
0.0044749999999999998,0,0,0,0,0,-6.5220827910506074,-9.6507720918553339,-9.6507720918553339,-6.5220827910506074,16.172854882905941
0.0044759999999999999,0,0,0,0,0,-6.5760891646702442,-9.5806009470854328,-9.5806009470854328,-6.5760891646702442,16.156690111755676
0.0044770000000000001,0,0,0,0,0,-6.6301629231258854,-9.5103785741709839,-9.5103785741709839,-6.6301629231258854,16.140541497296869
0.0044780000000000002,0,0,0,0,0,-6.6843016048440393,-9.4401074185368632,-9.4401074185368632,-6.6843016048440393,16.124409023380903
0.0044789999999999995,0,0,0,0,0,-6.7385027460147562,-9.3697899278605483,-9.3697899278605483,-6.7385027460147562,16.108292673875305
0.0044799999999999996,0,0,0,0,0,-6.7927638806887796,-9.2994285519749429,-9.2994285519749429,-6.7927638806887796,16.092192432663722
0.0044809999999999997,0,0,0,0,0,-6.8470825408742169,-9.2290257427716984,-9.2290257427716984,-6.8470825408742169,16.076108283645915
0.0044819999999999999,0,0,0,0,0,-6.9014562566340008,-9.1585839541037277,-9.1585839541037277,-6.9014562566340008,16.060040210737728
0.004483,0,0,0,0,0,-6.9558825561829307,-9.0881056416881592,-9.0881056416881592,-6.9558825561829307,16.043988197871091
0.0044840000000000001,0,0,0,0,0,-7.0103589659848264,-9.0175932630091626,-9.0175932630091626,-7.0103589659848264,16.027952228993989
0.0044849999999999994,0,0,0,0,0,-7.0648830108500231,-8.9470492772204278,-8.9470492772204278,-7.0648830108500231,16.011932288070451
0.0044859999999999995,0,0,0,0,0,-7.1194522140327745,-8.8764761450477625,-8.8764761450477625,-7.1194522140327745,15.995928359080537
0.0044869999999999997,0,0,0,0,0,-7.1740640973285155,-8.8058763286917987,-8.8058763286917987,-7.1740640973285155,15.979940426020315
0.0044879999999999998,0,0,0,0,0,-7.2287161811715626,-8.7352522917302871,-8.7352522917302871,-7.2287161811715626,15.963968472901851
0.0044889999999999999,0,0,0,0,0,-7.2834059847324975,-8.6646064990206924,-8.6646064990206924,-7.2834059847324975,15.948012483753189
0.0044900000000000001,0,0,0,0,0,-7.3381310260160291,-8.5939414166023109,-8.5939414166023109,-7.3381310260160291,15.93207244261834
0.0044910000000000002,0,0,0,0,0,-7.3928888219583744,-8.5232595115988872,-8.5232595115988872,-7.3928888219583744,15.916148333557262
0.0044919999999999995,0,0,0,0,0,-7.4476768885251756,-8.4525632521206688,-8.4525632521206688,-7.4476768885251756,15.900240140645844
0.0044929999999999996,0,0,0,0,0,-7.5024927408092417,-8.3818551071666487,-8.3818551071666487,-7.5024927408092417,15.88434784797589
0.0044939999999999997,0,0,0,0,0,-7.5573338931281508,-8.3111375465269592,-8.3111375465269592,-7.5573338931281508,15.86847143965511
0.0044949999999999999,0,0,0,0,0,-7.6121978591222357,-8.2404130406848548,-8.2404130406848548,-7.6121978591222357,15.852610899807091
0.004496,0,0,0,0,0,-7.6670821518522407,-8.1696840607190513,-8.1696840607190513,-7.6670821518522407,15.836766212571293
0.0044970000000000001,0,0,0,0,0,-7.7219842838973971,-8.0989530782056303,-8.0989530782056303,-7.7219842838973971,15.820937362103027
0.0044979999999999994,0,0,0,0,0,-7.7769017674531202,-8.0282225651203216,-8.0282225651203216,-7.7769017674531202,15.805124332573442
0.0044989999999999995,0,0,0,0,0,-7.8318321144291208,-7.9574949937403847,-7.9574949937403847,-7.8318321144291208,15.789327108169505
0.0044999999999999997,0,0,0,0,0,-7.8867728365469505,-7.8867728365470429,-7.8867728365470429,-7.8867728365469505,15.773545673093993
0.0045009999999999998,0,0,0,0,0,-7.9417214454382732,-7.8160585661271957,-7.8160585661271957,-7.9417214454382732,15.757780011565469
0.0045019999999999999,0,0,0,0,0,-7.9966754527426422,-7.7453546550756274,-7.7453546550756274,-7.9966754527426422,15.74203010781827
0.0045030000000000001,0,0,0,0,0,-8.0516323702053043,-7.6746635758971857,-7.6746635758971857,-8.0516323702053043,15.726295946102489
0.0045040000000000002,0,0,0,0,0,-8.1065897097753314,-7.6039878009086346,-7.6039878009086346,-8.1065897097753314,15.710577510683965
0.0045049999999999995,0,0,0,0,0,-8.1615449837033474,-7.5333298021409139,-7.5333298021409139,-8.1615449837033474,15.694874785844261
0.0045059999999999996,0,0,0,0,0,-8.2164957046396019,-7.4626920512410502,-7.4626920512410502,-8.2164957046396019,15.679187755880651
0.0045069999999999997,0,0,0,0,0,-8.2714393857316626,-7.3920770193744421,-7.3920770193744421,-8.2714393857316626,15.663516405106105
0.0045079999999999999,0,0,0,0,0,-8.3263735407222867,-7.3214871771269809,-7.3214871771269809,-8.3263735407222867,15.647860717849268
0.004509,0,0,0,0,0,-8.3812956840474264,-7.2509249944070273,-7.2509249944070273,-8.3812956840474264,15.632220678454454
0.0045100000000000001,0,0,0,0,0,-8.4362033309339299,-7.1803929403476907,-7.1803929403476907,-8.4362033309339299,15.616596271281621
0.0045109999999999994,0,0,0,0,0,-8.4910939974971846,-7.1098934832091762,-7.1098934832091762,-8.4910939974971846,15.60098748070636
0.0045119999999999995,0,0,0,0,0,-8.5459652008392091,-7.0394290902806702,-7.0394290902806702,-8.5459652008392091,15.585394291119879
0.0045129999999999997,0,0,0,0,0,-8.6008144591460081,-6.9690022277829806,-6.9690022277829806,-8.6008144591460081,15.56981668692899
0.0045139999999999998,0,0,0,0,0,-8.6556392917854446,-6.8986153607706404,-6.8986153607706404,-8.6556392917854446,15.554254652556084
0.0045149999999999999,0,0,0,0,0,-8.7104372194046729,-6.8282709530344547,-6.8282709530344547,-8.7104372194046729,15.538708172439128
0.004516,0,0,0,0,0,-8.7652057640279288,-6.7579714670037072,-6.7579714670037072,-8.7652057640279288,15.523177231031637
0.0045170000000000002,0,0,0,0,0,-8.8199424491539293,-6.6877193636487435,-6.6877193636487435,-8.8199424491539293,15.507661812802672
0.0045179999999999994,0,0,0,0,0,-8.8746447998531419,-6.6175171023836707,-6.6175171023836707,-8.8746447998531419,15.492161902236813
0.0045189999999999996,0,0,0,0,0,-8.9293103428657208,-6.5473671409684258,-6.5473671409684258,-8.9293103428657208,15.476677483834147
0.0045199999999999997,0,0,0,0,0,-8.9839366066981157,-6.4772719354121371,-6.4772719354121371,-8.9839366066981157,15.461208542110253
0.0045209999999999998,0,0,0,0,0,-9.0385211217208976,-6.407233939875292,-6.407233939875292,-9.0385211217208976,15.44575506159619
0.004522,0,0,0,0,0,-9.0930614202655917,-6.3372556065728824,-6.3372556065728824,-9.0930614202655917,15.430317026838475
0.0045230000000000001,0,0,0,0,0,-9.1475550367220286,-6.2673393856770456,-6.2673393856770456,-9.1475550367220286,15.414894422399074
0.0045239999999999994,0,0,0,0,0,-9.2019995076351915,-6.1974877252201876,-6.1974877252201876,-9.2019995076351915,15.39948723285538
0.0045249999999999995,0,0,0,0,0,-9.2563923718023382,-6.1277030709978648,-6.1277030709978648,-9.2563923718023382,15.384095442800202
0.0045259999999999996,0,0,0,0,0,-9.3107311703696691,-6.0579878664720788,-6.0579878664720788,-9.3107311703696691,15.368719036841748
0.0045269999999999998,0,0,0,0,0,-9.3650134469290993,-5.988344552674512,-5.988344552674512,-9.3650134469290993,15.353357999603611
0.0045279999999999999,0,0,0,0,0,-9.4192367476150878,-5.9187755681096652,-5.9187755681096652,-9.4192367476150878,15.338012315724754
0.004529,0,0,0,0,0,-9.4733986212011025,-5.8492833486583899,-5.8492833486583899,-9.4733986212011025,15.322681969859492
0.0045300000000000002,0,0,0,0,0,-9.5274966191959631,-5.7798703274815129,-5.7798703274815129,-9.5274966191959631,15.307366946677476
0.0045309999999999994,0,0,0,0,0,-9.5815282959403838,-5.7105389349232976,-5.7105389349232976,-9.5815282959403838,15.292067230863681
0.0045319999999999996,0,0,0,0,0,-9.6354912087032023,-5.6412915984151901,-5.6412915984151901,-9.6354912087032023,15.276782807118392
0.0045329999999999997,0,0,0,0,0,-9.6893829177773725,-5.5721307423798123,-5.5721307423798123,-9.6893829177773725,15.261513660157185
0.0045339999999999998,0,0,0,0,0,-9.7432009865759639,-5.5030587881349451,-5.5030587881349451,-9.7432009865759639,15.246259774710909
0.004535,0,0,0,0,0,-9.7969429817282236,-5.4340781537974543,-5.4340781537974543,-9.7969429817282236,15.231021135525678
0.0045360000000000001,0,0,0,0,0,-9.8506064731752279,-5.3651912541876232,-5.3651912541876232,-9.8506064731752279,15.215797727362851
0.0045369999999999994,0,0,0,0,0,-9.9041890342653325,-5.2964005007336867,-5.2964005007336867,-9.9041890342653325,15.20058953499902
0.0045379999999999995,0,0,0,0,0,-9.9576882418501906,-5.2277083013758006,-5.2277083013758006,-9.9576882418501906,15.185396543225991
0.0045389999999999996,0,0,0,0,0,-10.011101676379404,-5.1591170604713668,-5.1591170604713668,-10.011101676379404,15.170218736850771
0.0045399999999999998,0,0,0,0,0,-10.064426921996265,-5.0906291786992863,-5.0906291786992863,-10.064426921996265,15.155056100695552
0.0045409999999999999,0,0,0,0,0,-10.117661566632641,-5.0222470529650547,-5.0222470529650547,-10.117661566632641,15.139908619597696
0.004542,0,0,0,0,0,-10.170803202103798,-4.9539730763059229,-4.9539730763059229,-10.170803202103798,15.124776278409721
0.0045430000000000002,0,0,0,0,0,-10.223849424203397,-4.8858096377958882,-4.8858096377958882,-10.223849424203397,15.109659061999285
0.0045439999999999994,0,0,0,0,0,-10.276797832797763,-4.817759122451406,-4.817759122451406,-10.276797832797763,15.094556955249169
0.0045449999999999996,0,0,0,0,0,-10.329646031920884,-4.7498239111363842,-4.7498239111363842,-10.329646031920884,15.079469943057267
0.0045459999999999997,0,0,0,0,0,-10.382391629867998,-4.6820063804685681,-4.6820063804685681,-10.382391629867998,15.064398010336566
0.0045469999999999998,0,0,0,0,0,-10.435032239290233,-4.6143089027248969,-4.6143089027248969,-10.435032239290233,15.04934114201513
0.004548,0,0,0,0,0,-10.487565477288374,-4.5467338457477151,-4.5467338457477151,-10.487565477288374,15.034299323036089
0.0045490000000000001,0,0,0,0,0,-10.539988965506527,-4.479283572851096,-4.479283572851096,-10.539988965506527,15.019272538357624
0.0045500000000000002,0,0,0,0,0,-10.592300330225921,-4.411960442727028,-4.411960442727028,-10.592300330225921,15.00426077295295
0.0045509999999999995,0,0,0,0,0,-10.644497202458133,-4.3447668093521656,-4.3447668093521656,-10.644497202458133,14.989264011810299
0.0045519999999999996,0,0,0,0,0,-10.696577218038513,-4.2777050218943939,-4.2777050218943939,-10.696577218038513,14.974282239932908
0.0045529999999999998,0,0,0,0,0,-10.748538017718889,-4.2107774246201162,-4.2107774246201162,-10.748538017718889,14.959315442339005
0.0045539999999999999,0,0,0,0,0,-10.80037724726072,-4.1439863568010713,-4.1439863568010713,-10.80037724726072,14.944363604061792
0.004555,0,0,0,0,0,-10.852092557527616,-4.0773341526218125,-4.0773341526218125,-10.852092557527616,14.929426710149428
0.0045560000000000002,0,0,0,0,0,-10.903681604577663,-4.0108231410873545,-4.0108231410873545,-10.903681604577663,14.914504745665019
0.0045569999999999994,0,0,0,0,0,-10.955142049755835,-3.9444556459307618,-3.9444556459307618,-10.955142049755835,14.899597695686598
0.0045579999999999996,0,0,0,0,0,-11.006471559786007,-3.8782339855211059,-3.8782339855211059,-11.006471559786007,14.884705545307114
0.0045589999999999997,0,0,0,0,0,-11.057667806862604,-3.8121604727718106,-3.8121604727718106,-11.057667806862604,14.869828279634415
0.0045599999999999998,0,0,0,0,0,-11.108728468742367,-3.7462374150488689,-3.7462374150488689,-11.108728468742367,14.854965883791236
0.004561,0,0,0,0,0,-11.15965122883556,-3.6804671140796179,-3.6804671140796179,-11.15965122883556,14.840118342915178
0.0045620000000000001,0,0,0,0,0,-11.210433776297323,-3.6148518658613753,-3.6148518658613753,-11.210433776297323,14.825285642158699
0.0045630000000000002,0,0,0,0,0,-11.261073806118507,-3.5493939605705918,-3.5493939605705918,-11.261073806118507,14.810467766689099
0.0045639999999999995,0,0,0,0,0,-11.311569019216229,-3.4840956824722698,-3.4840956824722698,-11.311569019216229,14.7956647016885
0.0045649999999999996,0,0,0,0,0,-11.361917122524677,-3.4189593098291593,-3.4189593098291593,-11.361917122524677,14.780876432353836
0.0045659999999999997,0,0,0,0,0,-11.412115829084993,-3.3539871148118419,-3.3539871148118419,-11.412115829084993,14.766102943896835
0.0045669999999999999,0,0,0,0,0,-11.462162858135471,-3.2891813634085354,-3.2891813634085354,-11.462162858135471,14.751344221544008
0.004568,0,0,0,0,0,-11.512055935201133,-3.2245443153355007,-3.2245443153355007,-11.512055935201133,14.736600250536632
0.0045690000000000001,0,0,0,0,0,-11.5617927921834,-3.1600782239473348,-3.1600782239473348,-11.5617927921834,14.721871016130736
0.0045699999999999994,0,0,0,0,0,-11.611371167449203,-3.0957853361478795,-3.0957853361478795,-11.611371167449203,14.707156503597082
0.0045709999999999995,0,0,0,0,0,-11.660788805920101,-3.0316678923010567,-3.0316678923010567,-11.660788805920101,14.692456698221157
0.0045719999999999997,0,0,0,0,0,-11.710043459160868,-2.9677281261422879,-2.9677281261422879,-11.710043459160868,14.677771585303155
0.0045729999999999998,0,0,0,0,0,-11.759132885467952,-2.9039682646900085,-2.9039682646900085,-11.759132885467952,14.663101150157962
0.0045739999999999999,0,0,0,0,0,-11.808054849957877,-2.8403905281572621,-2.8403905281572621,-11.808054849957877,14.64844537811514
0.0045750000000000001,0,0,0,0,0,-11.85680712465491,-2.7769971298640082,-2.7769971298640082,-11.85680712465491,14.633804254518918
0.0045760000000000002,0,0,0,0,0,-11.905387488578942,-2.7137902761492274,-2.7137902761492274,-11.905387488578942,14.619177764728169
0.0045769999999999995,0,0,0,0,0,-11.953793727832728,-2.6507721662836747,-2.6507721662836747,-11.953793727832728,14.604565894116403
0.0045779999999999996,0,0,0,0,0,-12.002023635689142,-2.5879449923826074,-2.5879449923826074,-12.002023635689142,14.589968628071748
0.0045789999999999997,0,0,0,0,0,-12.050075012677828,-2.5253109393191089,-2.5253109393191089,-12.050075012677828,14.575385951996937
0.0045799999999999999,0,0,0,0,0,-12.097945666671766,-2.4628721846375283,-2.4628721846375283,-12.097945666671766,14.560817851309293
0.004581,0,0,0,0,0,-12.145633412973641,-2.4006308984670719,-2.4006308984670719,-12.145633412973641,14.546264311440714
0.0045820000000000001,0,0,0,0,0,-12.193136074401735,-2.3385892434359237,-2.3385892434359237,-12.193136074401735,14.531725317837658
0.0045829999999999994,0,0,0,0,0,-12.24045148137543,-2.2767493745857008,-2.2767493745857008,-12.24045148137543,14.51720085596113
0.0045839999999999995,0,0,0,0,0,-12.287577472000894,-2.2151134392857736,-2.2151134392857736,-12.287577472000894,14.502690911286669
0.0045849999999999997,0,0,0,0,0,-12.334511892155826,-2.1536835771485006,-2.1536835771485006,-12.334511892155826,14.488195469304326
0.0045859999999999998,0,0,0,0,0,-12.381252595574372,-2.0924619199442898,-2.0924619199442898,-12.381252595574372,14.473714515518662
0.0045869999999999999,0,0,0,0,0,-12.427797443931427,-2.0314505915172916,-2.0314505915172916,-12.427797443931427,14.459248035448718
0.0045880000000000001,0,0,0,0,0,-12.474144306926934,-1.9706517077010801,-1.9706517077010801,-12.474144306926934,14.444796014628015
0.0045890000000000002,0,0,0,0,0,-12.520291062369601,-1.9100673762349283,-1.9100673762349283,-12.520291062369601,14.43035843860453
0.0045899999999999995,0,0,0,0,0,-12.566235596260244,-1.8496996966804442,-1.8496996966804442,-12.566235596260244,14.415935292940688
0.0045909999999999996,0,0,0,0,0,-12.611975802875389,-1.789550760337951,-1.789550760337951,-12.611975802875389,14.40152656321334
0.0045919999999999997,0,0,0,0,0,-12.657509584849524,-1.7296226501642291,-1.7296226501642291,-12.657509584849524,14.387132235013754
0.0045929999999999999,0,0,0,0,0,-12.702834853258057,-1.6699174406895452,-1.6699174406895452,-12.702834853258057,14.372752293947602
0.004594,0,0,0,0,0,-12.747949527699332,-1.6104371979356102,-1.6104371979356102,-12.747949527699332,14.358386725634942
0.0045950000000000001,0,0,0,0,0,-12.792851536376386,-1.5511839793338176,-1.5511839793338176,-12.792851536376386,14.344035515710203
0.0045959999999999994,0,0,0,0,0,-12.837538816178597,-1.4921598336435791,-1.4921598336435791,-12.837538816178597,14.329698649822177
0.0045969999999999995,0,0,0,0,0,-12.882009312762847,-1.4333668008711458,-1.4333668008711458,-12.882009312762847,14.315376113633993
0.0045979999999999997,0,0,0,0,0,-12.926260980634202,-1.3748069121889142,-1.3748069121889142,-12.926260980634202,14.301067892823117
0.0045989999999999998,0,0,0,0,0,-12.970291783226388,-1.3164821898549359,-1.3164821898549359,-12.970291783226388,14.286773973081324
0.0045999999999999999,0,0,0,0,0,-13.014099692982041,-1.2583946471326541,-1.2583946471326541,-13.014099692982041,14.272494340114696
0.0046010000000000001,0,0,0,0,0,-13.05768269143238,-1.2005462882112186,-1.2005462882112186,-13.05768269143238,14.258228979643597
0.0046020000000000002,0,0,0,0,0,-13.101038769276506,-1.1429391081261597,-1.1429391081261597,-13.101038769276506,14.243977877402667
0.0046029999999999995,0,0,0,0,0,-13.1441659264606,-1.0855750926801999,-1.0855750926801999,-13.1441659264606,14.2297410191408
0.0046039999999999996,0,0,0,0,0,-13.187062172256573,-1.0284562183645658,-1.0284562183645658,-13.187062172256573,14.215518390621138
0.0046049999999999997,0,0,0,0,0,-13.229725525340267,-0.97158445228078616,-0.97158445228078616,-13.229725525340267,14.201309977621053
0.0046059999999999999,0,0,0,0,0,-13.272154013869379,-0.9149617520627471,-0.9149617520627471,-13.272154013869379,14.187115765932127
0.004607,0,0,0,0,0,-13.314345675561169,-0.85859006579898001,-0.85859006579898001,-13.314345675561169,14.172935741360149
0.0046080000000000001,0,0,0,0,0,-13.356298557769547,-0.8024713319555481,-0.8024713319555481,-13.356298557769547,14.158769889725095
0.0046089999999999994,0,0,0,0,0,-13.398010717561736,-0.74660747929937443,-0.74660747929937443,-13.398010717561736,14.14461819686111
0.0046099999999999995,0,0,0,0,0,-13.439480221795108,-0.69100042682139229,-0.69100042682139229,-13.439480221795108,14.130480648616501
0.0046109999999999996,0,0,0,0,0,-13.480705147192662,-0.63565208366105619,-0.63565208366105619,-13.480705147192662,14.116357230853717
0.0046119999999999998,0,0,0,0,0,-13.521683580419069,-0.58056434903027121,-0.58056434903027121,-13.521683580419069,14.102247929449341
0.0046129999999999999,0,0,0,0,0,-13.562413618155803,-0.52573911213826641,-0.52573911213826641,-13.562413618155803,14.08815273029407
0.004614,0,0,0,0,0,-13.602893367175893,-0.4711782521168093,-0.4711782521168093,-13.602893367175893,14.074071619292702
0.0046150000000000002,0,0,0,0,0,-13.643120944418555,-0.41688363794557137,-0.41688363794557137,-13.643120944418555,14.060004582364128
0.0046159999999999994,0,0,0,0,0,-13.683094477063115,-0.36285712837819162,-0.36285712837819162,-13.683094477063115,14.045951605441306
0.0046169999999999996,0,0,0,0,0,-13.722812102602798,-0.30910057186846185,-0.30910057186846185,-13.722812102602798,14.031912674471261
0.0046179999999999997,0,0,0,0,0,-13.762271968917741,-0.25561580649732019,-0.25561580649732019,-13.762271968917741,14.01788777541506
0.0046189999999999998,0,0,0,0,0,-13.801472234348058,-0.20240465989974599,-0.20240465989974599,-13.801472234348058,14.003876894247803
0.00462,0,0,0,0,0,-13.840411067766176,-0.14946894919243014,-0.14946894919243014,-13.840411067766176,13.989880016958606
0.0046210000000000001,0,0,0,0,0,-13.879086648648764,-0.0968104809018282,-0.0968104809018282,-13.879086648648764,13.975897129550592
0.0046219999999999994,0,0,0,0,0,-13.91749716714844,-0.044431050892431934,-0.044431050892431934,-13.91749716714844,13.961928218040873
0.0046229999999999995,-0.14551735096006269,0,0.14551735096006269,0.14551735096006269,0,-13.961853206359759,0,0,-13.961853206359759,13.961853206359759
0.0046239999999999996,-0.99116562666836217,0,0.99116562666836217,0.99116562666836217,0,-14.043087739710201,0,0,-14.043087739710201,14.043087739710201
0.0046249999999999998,-1.0304944805070591,0,1.0304944805070591,1.0304944805070591,0,-14.131830678925825,0,0,-14.131830678925825,14.131830678925825
0.0046259999999999999,-1.0280752638457216,0,1.0280752638457216,1.0280752638457216,0,-14.220432791547189,0,0,-14.220432791547189,14.220432791547189
0.004627,-1.0234580144715437,0,1.0234580144715437,1.0234580144715437,0,-14.308495080291893,0,0,-14.308495080291893,14.308495080291893
0.0046280000000000002,-1.0186887600320915,0,1.0186887600320915,1.0186887600320915,0,-14.395993610157799,0,0,-14.395993610157799,14.395993610157799
0.0046289999999999994,-1.0138735166067363,0,1.0138735166067363,1.0138735166067363,0,-14.482923868574792,0,0,-14.482923868574792,14.482923868574792
0.0046299999999999996,-1.0090179485705448,0,1.0090179485705448,1.0090179485705448,0,-14.569282368942444,0,0,-14.569282368942444,14.569282368942444
0.0046309999999999997,-1.0041225307859349,0,1.0041225307859349,1.0041225307859349,0,-14.655065699143256,0,0,-14.655065699143256,14.655065699143256
0.0046319999999999998,-0.9991874711647597,0,0.9991874711647597,0.9991874711647597,0,-14.74027047245179,0,0,-14.74027047245179,14.74027047245179
0.004633,-0.99421296529067149,0,0.99421296529067149,0.99421296529067149,0,-14.824893325121835,0,0,-14.824893325121835,14.824893325121835
0.0046340000000000001,-0.98919920958951479,0,0.98919920958951479,0.98919920958951479,0,-14.9089309163877,0,0,-14.9089309163877,14.9089309163877
0.0046349999999999994,-0.98414640199666792,0,0.98414640199666792,0.98414640199666792,0,-14.992379928589123,0,0,-14.992379928589123,14.992379928589123
0.0046359999999999995,-0.97905474199023956,0,0.97905474199023956,0.97905474199023956,0,-15.075237067302114,0,0,-15.075237067302114,15.075237067302114
0.0046369999999999996,-0.97392443057788114,0,0.97392443057788114,0.97392443057788114,0,-15.157499061468593,0,0,-15.157499061468593,15.157499061468593
0.0046379999999999998,-0.96875567029678677,0,0.96875567029678677,0.96875567029678677,0,-15.239162663525919,0,0,-15.239162663525919,15.239162663525919
0.0046389999999999999,-0.96354866520141513,0,0.96354866520141513,0.96354866520141513,0,-15.320224649534953,0,0,-15.320224649534953,15.320224649534953
0.00464,-0.95830362085348497,0,0.95830362085348497,0.95830362085348497,0,-15.400681819307216,0,0,-15.400681819307216,15.400681819307216
0.0046410000000000002,-0.95302074432015615,0,0.95302074432015615,0.95302074432015615,0,-15.480530996531439,0,0,-15.480530996531439,15.480530996531439
0.0046419999999999994,-0.94770024415902299,0,0.94770024415902299,0.94770024415902299,0,-15.559769028898792,0,0,-15.559769028898792,15.559769028898792
0.0046429999999999996,-0.94234233041584048,0,0.94234233041584048,0.94234233041584048,0,-15.638392788227513,0,0,-15.638392788227513,15.638392788227513
0.0046439999999999997,-0.93694721461088193,0,0.93694721461088193,0.93694721461088193,0,-15.716399170586216,0,0,-15.716399170586216,15.716399170586216
0.0046449999999999998,-0.93151510973370932,0,0.93151510973370932,0.93151510973370932,0,-15.793785096416416,0,0,-15.793785096416416,15.793785096416416
0.004646,-0.92604623023521526,0,0.92604623023521526,0.92604623023521526,0,-15.870547510654296,0,0,-15.870547510654296,15.870547510654296
0.0046470000000000001,-0.92054079201761851,0,0.92054079201761851,0.92054079201761851,0,-15.946683382851225,0,0,-15.946683382851225,15.946683382851225
0.0046480000000000002,-0.91499901242491433,0,0.91499901242491433,0.91499901242491433,0,-16.022189707293258,0,0,-16.022189707293258,16.022189707293258
0.0046489999999999995,-0.9094211102378722,0,0.9094211102378722,0.9094211102378722,0,-16.097063503119987,0,0,-16.097063503119987,16.097063503119987
0.0046499999999999996,-0.9038073056635767,0,0.9038073056635767,0.9038073056635767,0,-16.171301814442238,0,0,-16.171301814442238,16.171301814442238
0.0046509999999999998,-0.89815782032428615,0,0.89815782032428615,0.89815782032428615,0,-16.244901710458596,0,0,-16.244901710458596,16.244901710458596
0.0046519999999999999,-0.89247287725129354,0,0.89247287725129354,0.89247287725129354,0,-16.317860285571122,0,0,-16.317860285571122,16.317860285571122
0.004653,-0.88675270087787794,0,0.88675270087787794,0.88675270087787794,0,-16.390174659500222,0,0,-16.390174659500222,16.390174659500222
0.0046540000000000002,-0.88099751702657159,0,0.88099751702657159,0.88099751702657159,0,-16.461841977398272,0,0,-16.461841977398272,16.461841977398272
0.0046549999999999994,-0.87520755290029228,0,0.87520755290029228,0.87520755290029228,0,-16.532859409962139,0,0,-16.532859409962139,16.532859409962139
0.0046559999999999995,-0.86938303708029707,0,0.86938303708029707,0.86938303708029707,0,-16.603224153545391,0,0,-16.603224153545391,16.603224153545391
0.0046569999999999997,-0.8635241995054912,0,0.8635241995054912,0.8635241995054912,0,-16.672933430268305,0,0,-16.672933430268305,16.672933430268305
0.0046579999999999998,-0.85763127147424711,0,0.85763127147424711,0.85763127147424711,0,-16.741984488128061,0,0,-16.741984488128061,16.741984488128061
0.0046589999999999999,-0.8517044856287157,0,0.8517044856287157,0.8517044856287157,0,-16.810374601107064,0,0,-16.810374601107064,16.810374601107064
0.0046600000000000001,-0.84574407594868717,0,0.84574407594868717,0.84574407594868717,0,-16.878101069280781,0,0,-16.878101069280781,16.878101069280781
0.0046610000000000002,-0.83975027774067712,0,0.83975027774067712,0.83975027774067712,0,-16.945161218924255,0,0,-16.945161218924255,16.945161218924255
0.0046619999999999995,-0.83372332762814949,0,0.83372332762814949,0.83372332762814949,0,-17.011552402617475,0,0,-17.011552402617475,17.011552402617475
0.0046629999999999996,-0.82766346354878806,0,0.82766346354878806,0.82766346354878806,0,-17.077271999350366,0,0,-17.077271999350366,17.077271999350366
0.0046639999999999997,-0.82157092473130433,0,0.82157092473130433,0.82157092473130433,0,-17.142317414625683,0,0,-17.142317414625683,17.142317414625683
0.0046649999999999999,-0.81544595170112188,0,0.81544595170112188,0.81544595170112188,0,-17.206686080561806,0,0,-17.206686080561806,17.206686080561806
0.004666,-0.80928878626127698,0,0.80928878626127698,0.80928878626127698,0,-17.270375455994074,0,0,-17.270375455994074,17.270375455994074
0.0046670000000000001,-0.80309967148514261,0,0.80309967148514261,0.80309967148514261,0,-17.333383026574925,0,0,-17.333383026574925,17.333383026574925
0.0046679999999999994,-0.79687885170892514,0,0.79687885170892514,0.79687885170892514,0,-17.395706304873361,0,0,-17.395706304873361,17.395706304873361
0.0046689999999999995,-0.79062657252075041,0,0.79062657252075041,0.79062657252075041,0,-17.457342830473127,0,0,-17.457342830473127,17.457342830473127
0.0046699999999999997,-0.78434308074974979,0,0.78434308074974979,0.78434308074974979,0,-17.51829017006974,0,0,-17.51829017006974,17.51829017006974
0.0046709999999999998,-0.77802862445560095,0,0.77802862445560095,0.77802862445560095,0,-17.57854591756653,0,0,-17.57854591756653,17.57854591756653
0.0046719999999999999,-0.77168345292420781,0,0.77168345292420781,0.77168345292420781,0,-17.638107694169779,0,0,-17.638107694169779,17.638107694169779
0.0046730000000000001,-0.76530781665201175,0,0.76530781665201175,0.76530781665201175,0,-17.69697314848257,0,0,-17.69697314848257,17.69697314848257
0.0046740000000000002,-0.75890196733689663,0,0.75890196733689663,0.75890196733689663,0,-17.755139956597507,0,0,-17.755139956597507,17.755139956597507
0.0046749999999999995,-0.75246615787136761,0,0.75246615787136761,0.75246615787136761,0,-17.812605822188594,0,0,-17.812605822188594,17.812605822188594
0.0046759999999999996,-0.74600064233095509,0,0.74600064233095509,0.74600064233095509,0,-17.869368476601913,0,0,-17.869368476601913,17.869368476601913
0.0046769999999999997,-0.73950567596216388,0,0.73950567596216388,0.73950567596216388,0,-17.925425678945036,0,0,-17.925425678945036,17.925425678945036
0.0046779999999999999,-0.73298151517633414,0,0.73298151517633414,0.73298151517633414,0,-17.98077521617563,0,0,-17.98077521617563,17.98077521617563
0.004679,-0.72642841753417997,0,0.72642841753417997,0.72642841753417997,0,-18.035414903188684,0,0,-18.035414903188684,18.035414903188684
0.0046800000000000001,-0.7198466417430609,0,0.7198466417430609,0.7198466417430609,0,-18.089342582902955,0,0,-18.089342582902955,18.089342582902955
0.0046809999999999994,-0.71323644763765515,0,0.71323644763765515,0.71323644763765515,0,-18.142556126345895,0,0,-18.142556126345895,18.142556126345895
0.0046819999999999995,-0.70659809618018699,0,0.70659809618018699,0.70659809618018699,0,-18.195053432738071,0,0,-18.195053432738071,18.195053432738071
0.0046829999999999997,-0.69993184943859887,0,0.69993184943859887,0.69993184943859887,0,-18.246832429575626,0,0,-18.246832429575626,18.246832429575626
0.0046839999999999998,-0.69323797058655146,0,0.69323797058655146,0.69323797058655146,0,-18.297891072712439,0,0,-18.297891072712439,18.297891072712439
0.0046849999999999999,-0.68651672388682528,0,0.68651672388682528,0.68651672388682528,0,-18.348227346440733,0,0,-18.348227346440733,18.348227346440733
0.0046860000000000001,-0.67976837468154372,0,0.67976837468154372,0.67976837468154372,0,-18.397839263570571,0,0,-18.397839263570571,18.397839263570571
0.0046870000000000002,-0.67299318938512442,0,0.67299318938512442,0.67299318938512442,0,-18.446724865508422,0,0,-18.446724865508422,18.446724865508422
0.0046879999999999995,-0.66619143546927262,0,0.66619143546927262,0.66619143546927262,0,-18.494882222334414,0,0,-18.494882222334414,18.494882222334414
0.0046889999999999996,-0.6593633814579789,0,0.6593633814579789,0.6593633814579789,0,-18.542309432878618,0,0,-18.542309432878618,18.542309432878618
0.0046899999999999997,-0.65250929690796511,0,0.65250929690796511,0.65250929690796511,0,-18.589004624795916,0,0,-18.589004624795916,18.589004624795916
0.0046909999999999999,-0.64562945240845693,0,0.64562945240845693,0.64562945240845693,0,-18.634965954640101,0,0,-18.634965954640101,18.634965954640101
0.004692,-0.63872411956413089,0,0.63872411956413089,0.63872411956413089,0,-18.680191607936589,0,0,-18.680191607936589,18.680191607936589
0.0046930000000000001,-0.63179357098442779,0,0.63179357098442779,0.63179357098442779,0,-18.724679799253988,0,0,-18.724679799253988,18.724679799253988
0.0046939999999999994,-0.62483808027673149,0,0.62483808027673149,0.62483808027673149,0,-18.768428772274675,0,0,-18.768428772274675,18.768428772274675
0.0046949999999999995,-0.61785792203158962,0,0.61785792203158962,0.61785792203158962,0,-18.811436799864151,0,0,-18.811436799864151,18.811436799864151
0.0046959999999999997,-0.61085337181339128,0,0.61085337181339128,0.61085337181339128,0,-18.853702184139109,0,0,-18.853702184139109,18.853702184139109
0.0046969999999999998,-0.60382470615036254,0,0.60382470615036254,0.60382470615036254,0,-18.895223256534571,0,0,-18.895223256534571,18.895223256534571
0.0046979999999999999,-0.59677220252183361,0,0.59677220252183361,0.59677220252183361,0,-18.935998377869641,0,0,-18.935998377869641,18.935998377869641
0.0046990000000000001,-0.58969613934846166,0,0.58969613934846166,0.58969613934846166,0,-18.976025938412381,0,0,-18.976025938412381,18.976025938412381
0.0047000000000000002,-0.58259679598154435,0,0.58259679598154435,0.58259679598154435,0,-19.015304357943251,0,0,-19.015304357943251,19.015304357943251
0.0047009999999999994,-0.57547445268983211,0,0.57547445268983211,0.57547445268983211,0,-19.053832085817447,0,0,-19.053832085817447,19.053832085817447
0.0047019999999999996,-0.56832939065247956,0,0.56832939065247956,0.56832939065247956,0,-19.091607601026301,0,0,-19.091607601026301,19.091607601026301
0.0047029999999999997,-0.56116189194426624,0,0.56116189194426624,0.56116189194426624,0,-19.128629412257133,0,0,-19.128629412257133,19.128629412257133
0.0047039999999999998,-0.55397223952559216,0,0.55397223952559216,0.55397223952559216,0,-19.164896057952244,0,0,-19.164896057952244,19.164896057952244
0.004705,-0.54676071723065434,0,0.54676071723065434,0.54676071723065434,0,-19.200406106366536,0,0,-19.200406106366536,19.200406106366536
0.0047060000000000001,-0.53952760975948877,0,0.53952760975948877,0.53952760975948877,0,-19.235158155624106,0,0,-19.235158155624106,19.235158155624106
0.0047069999999999994,-0.53227320266137212,0,0.53227320266137212,0.53227320266137212,0,-19.269150833773541,0,0,-19.269150833773541,19.269150833773541
0.0047079999999999995,-0.52499778232936478,0,0.52499778232936478,0.52499778232936478,0,-19.302382798842142,0,0,-19.302382798842142,19.302382798842142
0.0047089999999999996,-0.51770163598371255,0,0.51770163598371255,0.51770163598371255,0,-19.334852738888841,0,0,-19.334852738888841,19.334852738888841
0.0047099999999999998,-0.51038505166366122,0,0.51038505166366122,0.51038505166366122,0,-19.36655937205596,0,0,-19.36655937205596,19.36655937205596
0.0047109999999999999,-0.50304831821586049,0,0.50304831821586049,0.50304831821586049,0,-19.397501446619948,0,0,-19.397501446619948,19.397501446619948
0.004712,-0.49569172528208583,0,0.49569172528208583,0.49569172528208583,0,-19.42767774104065,0,0,-19.42767774104065,19.42767774104065
0.0047130000000000002,-0.48831556328696024,0,0.48831556328696024,0.48831556328696024,0,-19.457087064009649,0,0,-19.457087064009649,19.457087064009649
0.0047139999999999994,-0.48092012343022361,0,0.48092012343022361,0.48092012343022361,0,-19.485728254497211,0,0,-19.485728254497211,19.485728254497211
0.0047149999999999996,-0.4735056976701344,0,0.4735056976701344,0.4735056976701344,0,-19.513600181798214,0,0,-19.513600181798214,19.513600181798214
0.0047159999999999997,-0.46607257871642105,0,0.46607257871642105,0.46607257871642105,0,-19.540701745576687,0,0,-19.540701745576687,19.540701745576687
0.0047169999999999998,-0.45862106001482061,0,0.45862106001482061,0.45862106001482061,0,-19.567031875909276,0,0,-19.567031875909276,19.567031875909276
0.004718,-0.45115143573912064,0,0.45115143573912064,0.45115143573912064,0,-19.592589533327526,0,0,-19.592589533327526,19.592589533327526
0.0047190000000000001,-0.44366400077751678,0,0.44366400077751678,0.44366400077751678,0,-19.617373708858899,0,0,-19.617373708858899,19.617373708858899
0.0047199999999999994,-0.43615905072010719,0,0.43615905072010719,0.43615905072010719,0,-19.64138342406655,0,0,-19.64138342406655,19.64138342406655
0.0047209999999999995,-0.42863688185093451,0,0.42863688185093451,0.42863688185093451,0,-19.664617731088065,0,0,-19.664617731088065,19.664617731088065
0.0047219999999999996,-0.42109779113161494,0,0.42109779113161494,0.42109779113161494,0,-19.687075712672769,0,0,-19.687075712672769,19.687075712672769
0.0047229999999999998,-0.41354207619247063,0,0.41354207619247063,0.41354207619247063,0,-19.708756482218028,0,0,-19.708756482218028,19.708756482218028
0.0047239999999999999,-0.40597003531979681,0,0.40597003531979681,0.40597003531979681,0,-19.729659183804149,0,0,-19.729659183804149,19.729659183804149
0.004725,-0.39838196744562993,0,0.39838196744562993,0.39838196744562993,0,-19.749782992228287,0,0,-19.749782992228287,19.749782992228287
0.0047260000000000002,-0.39077817213365051,0,0.39077817213365051,0.39077817213365051,0,-19.769127113036944,0,0,-19.769127113036944,19.769127113036944
0.0047269999999999994,-0.38315894956804186,0,0.38315894956804186,0.38315894956804186,0,-19.787690782557316,0,0,-19.787690782557316,19.787690782557316
0.0047279999999999996,-0.37552460054348558,0,0.37552460054348558,0.37552460054348558,0,-19.805473267927574,0,0,-19.805473267927574,19.805473267927574
0.0047289999999999997,-0.36787542645060967,0,0.36787542645060967,0.36787542645060967,0,-19.822473867125609,0,0,-19.822473867125609,19.822473867125609
0.0047299999999999998,-0.36021172926575673,0,0.36021172926575673,0.36021172926575673,0,-19.838691908996886,0,0,-19.838691908996886,19.838691908996886
0.004731,-0.35253381153893315,0,0.35253381153893315,0.35253381153893315,0,-19.85412675328088,0,0,-19.85412675328088,19.85412675328088
0.0047320000000000001,-0.34484197638062142,0,0.34484197638062142,0.34484197638062142,0,-19.868777790636354,0,0,-19.868777790636354,19.868777790636354
0.0047329999999999994,-0.33713652745177569,0,0.33713652745177569,0.33713652745177569,0,-19.882644442665445,0,0,-19.882644442665445,19.882644442665445
0.0047339999999999995,-0.32941776894972463,0,0.32941776894972463,0.32941776894972463,0,-19.895726161936491,0,0,-19.895726161936491,19.895726161936491
0.0047349999999999996,-0.3216860055986217,0,0.3216860055986217,0.3216860055986217,0,-19.908022432005609,0,0,-19.908022432005609,19.908022432005609
0.0047359999999999998,-0.31394154263443852,0,0.31394154263443852,0.31394154263443852,0,-19.919532767437097,0,0,-19.919532767437097,19.919532767437097
0.0047369999999999999,-0.30618468579609726,0,0.30618468579609726,0.30618468579609726,0,-19.930256713822629,0,0,-19.930256713822629,19.930256713822629
0.004738,-0.298415741310464,0,0.298415741310464,0.298415741310464,0,-19.940193847799172,0,0,-19.940193847799172,19.940193847799172
0.0047390000000000002,-0.29063501588211693,0,0.29063501588211693,0.29063501588211693,0,-19.949343777065678,0,0,-19.949343777065678,19.949343777065678
0.0047399999999999994,-0.28284281668106814,0,0.28284281668106814,0.28284281668106814,0,-19.957706140398614,0,0,-19.957706140398614,19.957706140398614
0.0047409999999999996,-0.27503945132980334,0,0.27503945132980334,0.27503945132980334,0,-19.965280607666195,0,0,-19.965280607666195,19.965280607666195
0.0047419999999999997,-0.26722522789236791,0,0.26722522789236791,0.26722522789236791,0,-19.972066879841424,0,0,-19.972066879841424,19.972066879841424
0.0047429999999999998,-0.25940045486026975,0,0.25940045486026975,0.25940045486026975,0,-19.978064689013891,0,0,-19.978064689013891,19.978064689013891
0.004744,-0.25156544114247481,0,0.25156544114247481,0.25156544114247481,0,-19.983273798400358,0,0,-19.983273798400358,19.983273798400358
0.0047450000000000001,-0.24372049605199209,0,0.24372049605199209,0.24372049605199209,0,-19.987694002354111,0,0,-19.987694002354111,19.987694002354111
0.0047460000000000002,-0.23586592929314065,0,0.23586592929314065,0.23586592929314065,0,-19.99132512637307,0,0,-19.99132512637307,19.99132512637307
0.0047469999999999995,-0.22800205095131787,0,0.22800205095131787,0.22800205095131787,0,-19.994167027106663,0,0,-19.994167027106663,19.994167027106663
0.0047479999999999996,-0.22012917147890221,0,0.22012917147890221,0.22012917147890221,0,-19.99621959236153,0,0,-19.99621959236153,19.99621959236153
0.0047489999999999997,-0.21224760168433932,0,0.21224760168433932,0.21224760168433932,0,-19.997482741105898,0,0,-19.997482741105898,19.997482741105898
0.0047499999999999999,-0.2043576527175901,0,0.2043576527175901,0.2043576527175901,0,-19.997956423472825,0,0,-19.997956423472825,19.997956423472825
0.004751,-0.19645963606035366,0,0.19645963606035366,0.19645963606035366,0,-19.997640620762137,0,0,-19.997640620762137,19.997640620762137
0.0047520000000000001,-0.18855386351310699,0,0.18855386351310699,0.18855386351310699,0,-19.996535345441188,0,0,-19.996535345441188,19.996535345441188
0.0047529999999999994,-0.18064064718237205,0,0.18064064718237205,0.18064064718237205,0,-19.994640641144358,0,0,-19.994640641144358,19.994640641144358
0.0047539999999999995,-0.17272029946843759,0,0.17272029946843759,0.17272029946843759,0,-19.991956582671317,0,0,-19.991956582671317,19.991956582671317
0.0047549999999999997,-0.16479313305239884,0,0.16479313305239884,0.16479313305239884,0,-19.988483275984109,0,0,-19.988483275984109,19.988483275984109
0.0047559999999999998,-0.15685946088547098,0,0.15685946088547098,0.15685946088547098,0,-19.984220858202931,0,0,-19.984220858202931,19.984220858202931
0.0047569999999999999,-0.14891959617580142,0,0.14891959617580142,0.14891959617580142,0,-19.979169497600736,0,0,-19.979169497600736,19.979169497600736
0.0047580000000000001,-0.1409738523757369,0,0.1409738523757369,0.1409738523757369,0,-19.973329393596593,0,0,-19.973329393596593,19.973329393596593
0.0047590000000000002,-0.13302254316954532,0,0.13302254316954532,0.13302254316954532,0,-19.96670077674781,0,0,-19.96670077674781,19.96670077674781
0.0047599999999999995,-0.12506598246068279,0,0.12506598246068279,0.12506598246068279,0,-19.959283908740833,0,0,-19.959283908740833,19.959283908740833
0.0047609999999999996,-0.11710448436087972,0,0.11710448436087972,0.11710448436087972,0,-19.951079082380904,0,0,-19.951079082380904,19.951079082380904
0.0047619999999999997,-0.10913836317695313,0,0.10913836317695313,0.10913836317695313,0,-19.942086621580515,0,0,-19.942086621580515,19.942086621580515
0.0047629999999999999,-0.10116793339716423,0,0.10116793339716423,0.10116793339716423,0,-19.932306881346634,0,0,-19.932306881346634,19.932306881346634
0.004764,-0.093193509680531861,0,0.093193509680531861,0.093193509680531861,0,-19.921740247766646,0,0,-19.921740247766646,19.921740247766646
0.0047650000000000001,-0.085215406843644814,0,0.085215406843644814,0.085215406843644814,0,-19.910387137993169,0,0,-19.910387137993169,19.910387137993169
0.0047659999999999994,-0.07723393984838367,0,0.07723393984838367,0.07723393984838367,0,-19.898248000227529,0,0,-19.898248000227529,19.898248000227529
0.0047669999999999995,-0.069249423789642606,0,0.069249423789642606,0.069249423789642606,0,-19.885323313702095,0,0,-19.885323313702095,19.885323313702095
0.0047679999999999997,-0.06126217388191435,0,0.06126217388191435,0.06126217388191435,0,-19.871613588661361,0,0,-19.871613588661361,19.871613588661361
0.0047689999999999998,-0.053272505448830998,0,0.053272505448830998,0.053272505448830998,0,-19.857119366341795,0,0,-19.857119366341795,19.857119366341795
0.0047699999999999999,-0.045280733907929971,0,0.045280733907929971,0.045280733907929971,0,-19.841841218950485,0,0,-19.841841218950485,19.841841218950485
0.0047710000000000001,-0.037287174761786446,0,0.037287174761786446,0.037287174761786446,0,-19.825779749642525,0,0,-19.825779749642525,19.825779749642525
0.0047720000000000002,-0.029292143581642449,0,0.029292143581642449,0.029292143581642449,0,-19.80893559249721,0,0,-19.80893559249721,19.80893559249721
0.0047729999999999995,-0.021295955997857163,0,0.021295955997857163,0.021295955997857163,0,-19.791309412493057,0,0,-19.791309412493057,19.791309412493057
0.0047739999999999996,-0.013298927685809758,0,0.013298927685809758,0.013298927685809758,0,-19.77290190548144,0,0,-19.77290190548144,19.77290190548144
0.0047749999999999997,-0.0053013743554402026,0,0.0053013743554402026,0.0053013743554402026,0,-19.753713798159218,0,0,-19.753713798159218,19.753713798159218
0.0047759999999999999,0,0,0,0,0,-19.733772374697395,-5.3490540024014877e-05,-5.3490540024014877e-05,-19.733772374697395,19.733825865237417
0.004777,0,0,0,0,0,-19.713496902988467,-0.00060500000849827984,-0.00060500000849827984,-19.713496902988467,19.714101902996966
0.0047780000000000001,0,0,0,0,0,-19.692842172722088,-0.0015554821379684114,-0.0015554821379684114,-19.692842172722088,19.694397654860058
0.0047789999999999994,0,0,0,0,0,-19.671808600514531,-0.0029045006079133628,-0.0029045006079133628,-19.671808600514531,19.674713101122446
0.0047799999999999995,0,0,0,0,0,-19.650396618336689,-0.0046516037628876461,-0.0046516037628876461,-19.650396618336689,19.655048222099577
0.0047809999999999997,0,0,0,0,0,-19.628606673496634,-0.0067963246299331814,-0.0067963246299331814,-19.628606673496634,19.635402998126565
0.0047819999999999998,0,0,0,0,0,-19.606439228621575,-0.0093381809366146484,-0.0093381809366146484,-19.606439228621575,19.615777409558188
0.0047829999999999999,0,0,0,0,0,-19.583894761639158,-0.012276675129696102,-0.012276675129696102,-19.583894761639158,19.596171436768856
0.0047840000000000001,0,0,0,0,0,-19.560973765758234,-0.015611294394355824,-0.015611294394355824,-19.560973765758234,19.576585060152592
0.0047850000000000002,0,0,0,0,0,-19.537676749448991,-0.019341510674031781,-0.019341510674031781,-19.537676749448991,19.557018260123023
0.0047859999999999995,0,0,0,0,0,-19.514004236422458,-0.023466780690887035,-0.023466780690887035,-19.514004236422458,19.537471017113344
0.0047869999999999996,0,0,0,0,0,-19.489956765609435,-0.027986545966872001,-0.027986545966872001,-19.489956765609435,19.517943311576307
0.0047879999999999997,0,0,0,0,0,-19.465534891138851,-0.032900232845356925,-0.032900232845356925,-19.465534891138851,19.498435123984208
0.0047889999999999999,0,0,0,0,0,-19.440739182315497,-0.038207252513361212,-0.038207252513361212,-19.440739182315497,19.47894643482886
0.00479,0,0,0,0,0,-19.415570223597108,-0.043907001024463099,-0.043907001024463099,-19.415570223597108,19.459477224621569
0.0047910000000000001,0,0,0,0,0,-19.390028614570916,-0.049998859322208489,-0.049998859322208489,-19.390028614570916,19.440027473893124
0.0047919999999999994,0,0,0,0,0,-19.364114969929648,-0.056482193264127289,-0.056482193264127289,-19.364114969929648,19.420597163193776
0.0047929999999999995,0,0,0,0,0,-19.337829919446712,-0.063356353646492281,-0.063356353646492281,-19.337829919446712,19.401186273093206
0.0047939999999999997,0,0,0,0,0,-19.311174107951139,-0.070620676229388835,-0.070620676229388835,-19.311174107951139,19.381794784180528
0.0047949999999999998,0,0,0,0,0,-19.284148195301562,-0.078274481762685255,-0.078274481762685255,-19.284148195301562,19.362422677064249
0.0047959999999999999,0,0,0,0,0,-19.256752856359896,-0.086317076012361937,-0.086317076012361937,-19.256752856359896,19.343069932372259
0.004797,0,0,0,0,0,-19.228988780964222,-0.094747749787591928,-0.094747749787591928,-19.228988780964222,19.323736530751816
0.0047980000000000002,0,0,0,0,0,-19.200856673901185,-0.10356577896832597,-0.10356577896832597,-19.200856673901185,19.304422452869513
0.0047989999999999994,0,0,0,0,0,-19.172357254877845,-0.11277042453342467,-0.11277042453342467,-19.172357254877845,19.285127679411271
0.0047999999999999996,0,0,0,0,0,-19.143491258492709,-0.12236093258960778,-0.12236093258960778,-19.143491258492709,19.265852191082317
0.0048009999999999997,0,0,0,0,0,-19.114259434206538,-0.13233653440061666,-0.13233653440061666,-19.114259434206538,19.246595968607156
0.0048019999999999998,0,0,0,0,0,-19.084662546312245,-0.14269644641732526,-0.14269644641732526,-19.084662546312245,19.22735899272957
0.004803,0,0,0,0,0,-19.054701373904344,-0.15343987030823492,-0.15343987030823492,-19.054701373904344,19.20814124421258
0.0048040000000000001,0,0,0,0,0,-19.024376710847871,-0.16456599299056407,-0.16456599299056407,-19.024376710847871,19.188942703838435
0.0048049999999999994,0,0,0,0,0,-18.993689365746576,-0.17607398666201668,-0.17607398666201668,-18.993689365746576,19.169763352408591
0.0048059999999999995,0,0,0,0,0,-18.962640161910613,-0.18796300883308348,-0.18796300883308348,-18.962640161910613,19.150603170743697
0.0048069999999999996,0,0,0,0,0,-18.931229937323721,-0.20023220235984773,-0.20023220235984773,-18.931229937323721,19.13146213968357
0.0048079999999999998,0,0,0,0,0,-18.899459544609726,-0.21288069547745359,-0.21288069547745359,-18.899459544609726,19.112340240087178
0.0048089999999999999,0,0,0,0,0,-18.867329850998434,-0.22590760183418368,-0.22590760183418368,-18.867329850998434,19.093237452832618
0.00481,0,0,0,0,0,-18.834841738291068,-0.23931202052603062,-0.23931202052603062,-18.834841738291068,19.074153758817101
0.0048110000000000002,0,0,0,0,0,-18.801996102825086,-0.25309303613184575,-0.25309303613184575,-18.801996102825086,19.055089138956934
0.0048119999999999994,0,0,0,0,0,-18.768793855438346,-0.26724971874914338,-0.26724971874914338,-18.768793855438346,19.036043574187492
0.0048129999999999996,0,0,0,0,0,-18.735235921432775,-0.28178112403043265,-0.28178112403043265,-18.735235921432775,19.017017045463209
0.0048139999999999997,0,0,0,0,0,-18.701323240537508,-0.29668629322004847,-0.29668629322004847,-18.701323240537508,18.998009533757557
0.0048149999999999998,0,0,0,0,0,-18.667056766871337,-0.31196425319168597,-0.31196425319168597,-18.667056766871337,18.979021020063023
0.004816,0,0,0,0,0,-18.632437468904737,-0.32761401648635413,-0.32761401648635413,-18.632437468904737,18.960051485391091
0.0048170000000000001,0,0,0,0,0,-18.597466329421145,-0.34363458135108083,-0.34363458135108083,-18.597466329421145,18.941100910772224
0.0048179999999999994,0,0,0,0,0,-18.562144345477915,-0.36002493177793227,-0.36002493177793227,-18.562144345477915,18.922169277255847
0.0048189999999999995,0,0,0,0,0,-18.526472528366352,-0.37678403754397038,-0.37678403754397038,-18.526472528366352,18.903256565910322
0.0048199999999999996,0,0,0,0,0,-18.490451903571689,-0.39391085425125283,-0.39391085425125283,-18.490451903571689,18.884362757822942
0.0048209999999999998,0,0,0,0,0,-18.454083510731998,-0.41140432336789168,-0.41140432336789168,-18.454083510731998,18.865487834099891
0.0048219999999999999,0,0,0,0,0,-18.417368403596846,-0.4292633722694017,-0.4292633722694017,-18.417368403596846,18.846631775866246
0.004823,0,0,0,0,0,-18.380307649985347,-0.44748691428060106,-0.44748691428060106,-18.380307649985347,18.827794564265947
0.0048240000000000002,0,0,0,0,0,-18.342902331743545,-0.46607384871823854,-0.46607384871823854,-18.342902331743545,18.808976180461784
0.0048249999999999994,0,0,0,0,0,-18.305153544701398,-0.48502306093397074,-0.48502306093397074,-18.305153544701398,18.790176605635367
0.0048259999999999996,0,0,0,0,0,-18.267062398629022,-0.50433342235809597,-0.50433342235809597,-18.267062398629022,18.77139582098712
0.0048269999999999997,0,0,0,0,0,-18.228630017192703,-0.52400379054355639,-0.52400379054355639,-18.228630017192703,18.75263380773626
0.0048279999999999998,0,0,0,0,0,-18.189857537909941,-0.54403300921082831,-0.54403300921082831,-18.189857537909941,18.733890547120769
0.004829,0,0,0,0,0,-18.150746112104265,-0.56441990829312161,-0.56441990829312161,-18.150746112104265,18.715166020397387
0.0048300000000000001,0,0,0,0,0,-18.11129690485944,-0.58516330398214578,-0.58516330398214578,-18.11129690485944,18.696460208841586
0.0048309999999999994,0,0,0,0,0,-18.071511094973005,-0.6062619987745439,-0.6062619987745439,-18.071511094973005,18.67777309374755
0.0048319999999999995,0,0,0,0,0,-18.031389874909372,-0.62771478151879379,-0.62771478151879379,-18.031389874909372,18.659104656428166
0.0048329999999999996,0,0,0,0,0,-17.990934450752434,-0.64952042746256033,-0.64952042746256033,-17.990934450752434,18.640454878214992
0.0048339999999999998,0,0,0,0,0,-17.950146042157499,-0.67167769830075308,-0.67167769830075308,-17.950146042157499,18.62182374045825
0.0048349999999999999,0,0,0,0,0,-17.909025882302856,-0.69418534222394435,-0.69418534222394435,-17.909025882302856,18.603211224526802
0.004836,0,0,0,0,0,-17.86757521784061,-0.7170420939675175,-0.7170420939675175,-17.86757521784061,18.584617311808127
0.0048370000000000002,0,0,0,0,0,-17.825795308847116,-0.74024667486119711,-0.74024667486119711,-17.825795308847116,18.566041983708313
0.0048379999999999994,0,0,0,0,0,-17.783687428772964,-0.76379779287906935,-0.76379779287906935,-17.783687428772964,18.547485221652032
0.0048389999999999996,0,0,0,0,0,-17.74125286439212,-0.78769414269039473,-0.78769414269039473,-17.74125286439212,18.528947007082515
0.0048399999999999997,0,0,0,0,0,-17.698492915750958,-0.81193440571059128,-0.81193440571059128,-17.698492915750958,18.510427321461549
0.0048409999999999998,0,0,0,0,0,-17.655408896116434,-0.83651725015301714,-0.83651725015301714,-17.655408896116434,18.491926146269449
0.0048419999999999999,0,0,0,0,0,-17.612002131923951,-0.86144133108108356,-0.86144133108108356,-17.612002131923951,18.473443463005037
0.0048430000000000001,0,0,0,0,0,-17.568273962724547,-0.88670529046108015,-0.88670529046108015,-17.568273962724547,18.454979253185627
0.0048439999999999993,0,0,0,0,0,-17.524225741131673,-0.91230775721533419,-0.91230775721533419,-17.524225741131673,18.436533498347007
0.0048449999999999995,0,0,0,0,0,-17.479858832767377,-0.93824734727604842,-0.93824734727604842,-17.479858832767377,18.418106180043424
0.0048459999999999996,0,0,0,0,0,-17.43517461620808,-0.96452266363947459,-0.96452266363947459,-17.43517461620808,18.399697279847555
0.0048469999999999997,0,0,0,0,0,-17.390174482929801,-0.99113229642069633,-0.99113229642069633,-17.390174482929801,18.381306779350499
0.0048479999999999999,0,0,0,0,0,-17.344859837252727,-1.0180748229090248,-1.0180748229090248,-17.344859837252727,18.362934660161752
0.004849,0,0,0,0,0,-17.299232096285554,-1.0453488076236432,-1.0453488076236432,-17.299232096285554,18.344580903909197
0.0048500000000000001,0,0,0,0,0,-17.253292689869028,-1.0729528023700468,-1.0729528023700468,-17.253292689869028,18.326245492239075
0.0048509999999999994,0,0,0,0,0,-17.207043060519247,-1.1008853462967263,-1.1008853462967263,-17.207043060519247,18.307928406815972
0.0048519999999999995,0,0,0,0,0,-17.160484663370209,-1.129144965952591,-1.129144965952591,-17.160484663370209,18.2896296293228
0.0048529999999999997,0,0,0,0,0,-17.113618966116128,-1.1577301753446552,-1.1577301753446552,-17.113618966116128,18.271349141460782
0.0048539999999999998,0,0,0,0,0,-17.066447448953095,-1.1866394759963335,-1.1866394759963335,-17.066447448953095,18.253086924949429
0.0048549999999999999,0,0,0,0,0,-17.018971604520196,-1.2158713570063266,-1.2158713570063266,-17.018971604520196,18.234842961526521
0.0048560000000000001,0,0,0,0,0,-16.97119293784025,-1.2454242951078474,-1.2454242951078474,-16.97119293784025,18.216617232948096
0.0048570000000000002,0,0,0,0,0,-16.923112966260103,-1.2752967547283154,-1.2752967547283154,-16.923112966260103,18.198409720988419
0.0048579999999999995,0,0,0,0,0,-16.874733219390265,-1.3054871880497192,-1.3054871880497192,-16.874733219390265,18.180220407439982
0.0048589999999999996,0,0,0,0,0,-16.826055239044113,-1.3359940350693549,-1.3359940350693549,-16.826055239044113,18.162049274113468
0.0048599999999999997,0,0,0,0,0,-16.777080579176783,-1.3668157236609559,-1.3668157236609559,-16.777080579176783,18.143896302837739
0.0048609999999999999,0,0,0,0,0,-16.727810805823434,-1.3979506696363906,-1.3979506696363906,-16.727810805823434,18.125761475459825
0.004862,0,0,0,0,0,-16.678247497036956,-1.4293972768079444,-1.4293972768079444,-16.678247497036956,18.1076447738449
0.0048630000000000001,0,0,0,0,0,-16.628392242825353,-1.461153937050903,-1.461153937050903,-16.628392242825353,18.089546179876255
0.0048639999999999994,0,0,0,0,0,-16.57824664508874,-1.4932190303665553,-1.4932190303665553,-16.57824664508874,18.071465675455297
0.0048649999999999995,0,0,0,0,0,-16.527812317555391,-1.5255909249461297,-1.5255909249461297,-16.527812317555391,18.053403242501521
0.0048659999999999997,0,0,0,0,0,-16.477090885718106,-1.5582679772343875,-1.5582679772343875,-16.477090885718106,18.035358862952492
0.0048669999999999998,0,0,0,0,0,-16.426083986769349,-1.5912485319944816,-1.5912485319944816,-16.426083986769349,18.01733251876383
0.0048679999999999999,0,0,0,0,0,-16.374793269536355,-1.6245309223728359,-1.6245309223728359,-16.374793269536355,17.999324191909189
0.0048690000000000001,0,0,0,0,0,-16.323220394415742,-1.6581134699644968,-1.6581134699644968,-16.323220394415742,17.98133386438024
0.0048700000000000002,0,0,0,0,0,-16.271367033307442,-1.691994484879209,-1.691994484879209,-16.271367033307442,17.963361518186652
0.0048709999999999995,0,0,0,0,0,-16.219234869548558,-1.72617226580752,-1.72617226580752,-16.219234869548558,17.945407135356078
0.0048719999999999996,0,0,0,0,0,-16.166825597846167,-1.7606451000879693,-1.7606451000879693,-16.166825597846167,17.927470697934137
0.0048729999999999997,0,0,0,0,0,-16.114140924210538,-1.7954112637738486,-1.7954112637738486,-16.114140924210538,17.909552187984389
0.0048739999999999999,0,0,0,0,0,-16.061182565887052,-1.83046902170127,-1.83046902170127,-16.061182565887052,17.891651587588321
0.004875,0,0,0,0,0,-16.007952251288152,-1.8658166275571748,-1.8658166275571748,-16.007952251288152,17.873768878845329
0.0048760000000000001,0,0,0,0,0,-15.954451719924862,-1.9014523239478427,-1.9014523239478427,-15.954451719924862,17.855904043872705
0.0048769999999999994,0,0,0,0,0,-15.90068272233758,-1.9373743424680345,-1.9373743424680345,-15.90068272233758,17.838057064805614
0.0048779999999999995,0,0,0,0,0,-15.846647020026635,-1.9735809037704382,-1.9735809037704382,-15.846647020026635,17.820227923797074
0.0048789999999999997,0,0,0,0,0,-15.792346385382483,-2.0100702176354597,-2.0100702176354597,-15.792346385382483,17.802416603017942
0.0048799999999999998,0,0,0,0,0,-15.737782601615367,-2.0468404830415334,-2.0468404830415334,-15.737782601615367,17.7846230846569
0.0048809999999999999,0,0,0,0,0,-15.682957462684435,-2.0838898882359862,-2.0838898882359862,-15.682957462684435,17.766847350920422
0.0048820000000000001,0,0,0,0,0,-15.627872773226642,-2.1212166108061341,-2.1212166108061341,-15.627872773226642,17.749089384032775
0.0048830000000000002,0,0,0,0,0,-15.572530348485209,-2.1588188177507845,-2.1588188177507845,-15.572530348485209,17.731349166235994
0.0048839999999999995,0,0,0,0,0,-15.516932014237485,-2.1966946655523696,-2.1966946655523696,-15.516932014237485,17.713626679789854
0.0048849999999999996,0,0,0,0,0,-15.4610796067225,-2.2348423002493725,-2.2348423002493725,-15.4610796067225,17.695921906971872
0.0048859999999999997,0,0,0,0,0,-15.404974972568249,-2.2732598575090233,-2.2732598575090233,-15.404974972568249,17.678234830077272
0.0048869999999999999,0,0,0,0,0,-15.3486199687183,-2.3119454627006739,-2.3119454627006739,-15.3486199687183,17.660565431418974
0.004888,0,0,0,0,0,-15.29201646235826,-2.3508972309693181,-2.3508972309693181,-15.29201646235826,17.642913693327579
0.0048890000000000001,0,0,0,0,0,-15.235166330841547,-2.3901132673097996,-2.3901132673097996,-15.235166330841547,17.625279598151348
0.0048899999999999994,0,0,0,0,0,-15.178071461615051,-2.4295916666411337,-2.4295916666411337,-15.178071461615051,17.607663128256185
0.0048909999999999995,0,0,0,0,0,-15.120733752144091,-2.4693305138815269,-2.4693305138815269,-15.120733752144091,17.590064266025617
0.0048919999999999996,0,0,0,0,0,-15.063155109837435,-2.5093278840233459,-2.5093278840233459,-15.063155109837435,17.572482993860781
0.0048929999999999998,0,0,0,0,0,-15.005337451971371,-2.5495818422090331,-2.5495818422090331,-15.005337451971371,17.554919294180404
0.0048939999999999999,0,0,0,0,0,-14.947282705613754,-2.5900904438070302,-2.5900904438070302,-14.947282705613754,17.537373149420784
0.004895,0,0,0,0,0,-14.888992807547673,-2.6308517344880995,-2.6308517344880995,-14.888992807547673,17.519844542035774
0.0048960000000000002,0,0,0,0,0,-14.830469704194462,-2.6718637503023022,-2.6718637503023022,-14.830469704194462,17.502333454496764
0.0048969999999999994,0,0,0,0,0,-14.771715351536637,-2.7131245177560306,-2.7131245177560306,-14.771715351536637,17.484839869292667
0.0048979999999999996,0,0,0,0,0,-14.712731715040197,-2.7546320538896989,-2.7546320538896989,-14.712731715040197,17.467363768929896
0.0048989999999999997,0,0,0,0,0,-14.653520769576804,-2.7963843663555474,-2.7963843663555474,-14.653520769576804,17.449905135932351
0.0048999999999999998,0,0,0,0,0,-14.594084499345467,-2.8383794534959277,-2.8383794534959277,-14.594084499345467,17.432463952841395
0.004901,0,0,0,0,0,-14.534424897793695,-2.8806153044221494,-2.8806153044221494,-14.534424897793695,17.415040202215845
0.0049020000000000001,0,0,0,0,0,-14.474543967538667,-2.9230898990932825,-2.9230898990932825,-14.474543967538667,17.397633866631949
0.0049029999999999994,0,0,0,0,0,-14.414443720287643,-2.9658012083957281,-2.9658012083957281,-14.414443720287643,17.380244928683371
0.0049039999999999995,0,0,0,0,0,-14.354126176758202,-3.008747194222968,-3.008747194222968,-14.354126176758202,17.36287337098117
0.0049049999999999996,0,0,0,0,0,-14.293593366598255,-3.0519258095555317,-3.0519258095555317,-14.293593366598255,17.345519176153786
0.0049059999999999998,0,0,0,0,0,-14.232847328305422,-3.0953349985416025,-3.0953349985416025,-14.232847328305422,17.328182326847024
0.0049069999999999999,0,0,0,0,0,-14.17189010914635,-3.1389726965776807,-3.1389726965776807,-14.17189010914635,17.310862805724032
0.004908,0,0,0,0,0,-14.11072376507537,-3.1828368303899168,-3.1828368303899168,-14.11072376507537,17.293560595465287
0.0049090000000000002,0,0,0,0,0,-14.049350360653058,-3.2269253181155229,-3.2269253181155229,-14.049350360653058,17.276275678768581
0.0049099999999999994,0,0,0,0,0,-13.987771968964505,-3.2712360693844857,-3.2712360693844857,-13.987771968964505,17.259008038348991
0.0049109999999999996,0,0,0,0,0,-13.925990671536827,-3.3157669854020533,-3.3157669854020533,-13.925990671536827,17.24175765693888
0.0049119999999999997,0,0,0,0,0,-13.864008558256938,-3.3605159590309235,-3.3605159590309235,-13.864008558256938,17.224524517287861
0.0049129999999999998,0,0,0,0,0,-13.801827727288517,-3.4054808748742804,-3.4054808748742804,-13.801827727288517,17.207308602162797
0.004914,0,0,0,0,0,-13.739450284988974,-3.4506596093587927,-3.4506596093587927,-13.739450284988974,17.190109894347767
0.0049150000000000001,0,0,0,0,0,-13.676878345825777,-3.4960500308182896,-3.4960500308182896,-13.676878345825777,17.172928376644066
0.0049159999999999994,0,0,0,0,0,-13.614114032292758,-3.5416499995774124,-3.5416499995774124,-13.614114032292758,17.15576403187017
0.0049169999999999995,0,0,0,0,0,-13.551159474825845,-3.5874573680358921,-3.5874573680358921,-13.551159474825845,17.138616842861737
0.0049179999999999996,0,0,0,0,0,-13.488016811718744,-3.6334699807528308,-3.6334699807528308,-13.488016811718744,17.121486792471575
0.0049189999999999998,0,0,0,0,0,-13.424688189038186,-3.6796856745314495,-3.6796856745314495,-13.424688189038186,17.104373863569634
0.0049199999999999999,0,0,0,0,0,-13.361175760538691,-3.7261022785042908,-3.7261022785042908,-13.361175760538691,17.087278039042982
0.004921,0,0,0,0,0,-13.297481687577307,-3.7727176142184851,-3.7727176142184851,-13.297481687577307,17.070199301795792
0.0049220000000000002,0,0,0,0,0,-13.233608139028012,-3.8195294957213139,-3.8195294957213139,-13.233608139028012,17.053137634749326
0.0049229999999999994,0,0,0,0,0,-13.169557291195598,-3.8665357296463148,-3.8665357296463148,-13.169557291195598,17.036093020841914
0.0049239999999999996,0,0,0,0,0,-13.105331327729413,-3.9137341152995306,-3.9137341152995306,-13.105331327729413,17.019065443028943
0.0049249999999999997,0,0,0,0,0,-13.04093243953692,-3.9611224447459152,-3.9611224447459152,-13.04093243953692,17.002054884282835
0.0049259999999999998,0,0,0,0,0,-12.976362824696874,-4.0086985028961521,-4.0086985028961521,-12.976362824696874,16.985061327593026
0.004927,0,0,0,0,0,-12.911624688372036,-4.0564600675939237,-4.0564600675939237,-12.911624688372036,16.968084755965961
0.0049280000000000001,0,0,0,0,0,-12.846720242721876,-4.1044049097031907,-4.1044049097031907,-12.846720242721876,16.951125152425067
0.0049289999999999994,0,0,0,0,0,-12.78165170681504,-4.1525307931956981,-4.1525307931956981,-12.78165170681504,16.934182500010738
0.0049299999999999995,0,0,0,0,0,-12.716421306540941,-4.2008354752393808,-4.2008354752393808,-12.716421306540941,16.917256781780321
0.0049309999999999996,0,0,0,0,0,-12.651031274522165,-4.2493167062859269,-4.2493167062859269,-12.651031274522165,16.900347980808093
0.0049319999999999998,0,0,0,0,0,-12.585483850025497,-4.2979722301597585,-4.2979722301597585,-12.585483850025497,16.883456080185255
0.0049329999999999999,0,0,0,0,0,-12.519781278873474,-4.3467997841464303,-4.3467997841464303,-12.519781278873474,16.866581063019904
0.004934,0,0,0,0,0,-12.453925813355173,-4.3957970990818502,-4.3957970990818502,-12.453925813355173,16.849722912437024
0.0049350000000000002,0,0,0,0,0,-12.387919712137041,-4.4449618994414166,-4.4449618994414166,-12.387919712137041,16.832881611578458
0.0049359999999999994,0,0,0,0,0,-12.321765240173553,-4.4942919034293549,-4.4942919034293549,-12.321765240173553,16.816057143602908
0.0049369999999999995,0,0,0,0,0,-12.255464668616963,-4.5437848230689397,-4.5437848230689397,-12.255464668616963,16.799249491685902
0.0049379999999999997,0,0,0,0,0,-12.189020274727955,-4.5934383642918322,-4.5934383642918322,-12.189020274727955,16.782458639019787
0.0049389999999999998,0,0,0,0,0,-12.122434341784913,-4.6432502270287976,-4.6432502270287976,-12.122434341784913,16.765684568813711
0.0049399999999999999,0,0,0,0,0,-12.055709158993604,-4.6932181052999953,-4.6932181052999953,-12.055709158993604,16.748927264293599
0.0049410000000000001,0,0,0,0,0,-11.988847021396559,-4.7433396873055891,-4.7433396873055891,-11.988847021396559,16.732186708702148
0.0049419999999999993,0,0,0,0,0,-11.92185022978197,-4.793612655516827,-4.793612655516827,-11.92185022978197,16.715462885298798
0.0049429999999999995,0,0,0,0,0,-11.854721090592523,-4.8440346867672055,-4.8440346867672055,-11.854721090592523,16.698755777359729
0.0049439999999999996,0,0,0,0,0,-11.787461915834124,-4.8946034523437039,-4.8946034523437039,-11.787461915834124,16.682065368177827
0.0049449999999999997,0,0,0,0,0,-11.720075022984298,-4.945316618078385,-4.945316618078385,-11.720075022984298,16.665391641062683
0.0049459999999999999,0,0,0,0,0,-11.652562734900197,-4.9961718444403713,-4.9961718444403713,-11.652562734900197,16.648734579340569
0.004947,0,0,0,0,0,-11.584927379726654,-5.0471667866277699,-5.0471667866277699,-11.584927379726654,16.632094166354424
0.0049480000000000001,0,0,0,0,0,-11.517171290804031,-5.098299094659799,-5.098299094659799,-11.517171290804031,16.61547038546383
0.0049489999999999994,0,0,0,0,0,-11.44929680657561,-5.1495664134693975,-5.1495664134693975,-11.44929680657561,16.598863220045008
0.0049499999999999995,0,0,0,0,0,-11.38130627049493,-5.2009663829958566,-5.2009663829958566,-11.38130627049493,16.582272653490786
0.0049509999999999997,0,0,0,0,0,-11.313202030933105,-5.2524966382774947,-5.2524966382774947,-11.313202030933105,16.565698669210601
0.0049519999999999998,0,0,0,0,0,-11.244986441085619,-5.3041548095448476,-5.3041548095448476,-11.244986441085619,16.549141250630466
0.0049529999999999999,0,0,0,0,0,-11.176661858879239,-5.3559385223137221,-5.3559385223137221,-11.176661858879239,16.53260038119296
0.0049540000000000001,0,0,0,0,0,-11.108230646878377,-5.4078453974788356,-5.4078453974788356,-11.108230646878377,16.516076044357213
0.0049550000000000002,0,0,0,0,0,-11.039695172191751,-5.4598730514071381,-5.4598730514071381,-11.039695172191751,16.499568223598889
0.0049559999999999995,0,0,0,0,0,-10.971057806378385,-5.5120190960317768,-5.5120190960317768,-10.971057806378385,16.483076902410161
0.0049569999999999996,0,0,0,0,0,-10.902320925353665,-5.5642811389460451,-5.5642811389460451,-10.902320925353665,16.46660206429971
0.0049579999999999997,0,0,0,0,0,-10.833486909295377,-5.6166567834973202,-5.6166567834973202,-10.833486909295377,16.450143692792697
0.0049589999999999999,0,0,0,0,0,-10.764558142549223,-5.6691436288815211,-5.6691436288815211,-10.764558142549223,16.433701771430744
0.00496,0,0,0,0,0,-10.695537013534548,-5.7217392702373857,-5.7217392702373857,-10.695537013534548,16.417276283771933
0.0049610000000000001,0,0,0,0,0,-10.626425914649499,-5.7744412987412765,-5.7744412987412765,-10.626425914649499,16.400867213390775
0.0049619999999999994,0,0,0,0,0,-10.55722724217642,-5.8272473017017781,-5.8272473017017781,-10.55722724217642,16.384474543878198
0.0049629999999999995,0,0,0,0,0,-10.487943396186715,-5.8801548626548161,-5.8801548626548161,-10.487943396186715,16.368098258841531
0.0049639999999999997,0,0,0,0,0,-10.418576780446102,-5.9331615614583839,-5.9331615614583839,-10.418576780446102,16.351738341904486
0.0049649999999999998,0,0,0,0,0,-10.349129802319048,-5.9862649743880949,-5.9862649743880949,-10.349129802319048,16.335394776707144
0.0049659999999999999,0,0,0,0,0,-10.279604872673538,-6.0394626742324036,-6.0394626742324036,-10.279604872673538,16.319067546905941
0.0049670000000000001,0,0,0,0,0,-10.210004405785661,-6.0927522303879842,-6.0927522303879842,-10.210004405785661,16.302756636173644
0.0049680000000000002,0,0,0,0,0,-10.14033081924377,-6.1461312089555715,-6.1461312089555715,-10.14033081924377,16.286462028199342
0.0049689999999999995,0,0,0,0,0,-10.070586533852882,-6.1995971728355421,-6.1995971728355421,-10.070586533852882,16.270183706688425
0.0049699999999999996,0,0,0,0,0,-10.000773973538603,-6.2531476818239682,-6.2531476818239682,-10.000773973538603,16.253921655362571
0.0049709999999999997,0,0,0,0,0,-9.9308955652512765,-6.3067802927084493,-6.3067802927084493,-9.9308955652512765,16.237675857959726
0.0049719999999999999,0,0,0,0,0,-9.8609537388698509,-6.360492559364241,-6.360492559364241,-9.8609537388698509,16.221446298234092
0.004973,0,0,0,0,0,-9.7909509271054418,-6.414282032850668,-6.414282032850668,-9.7909509271054418,16.20523295995611
0.0049740000000000001,0,0,0,0,0,-9.7208895654050718,-6.4681462615073659,-6.4681462615073659,-9.7208895654050718,16.189035826912438
0.0049749999999999994,0,0,0,0,0,-9.6507720918553357,-6.5220827910506056,-6.5220827910506056,-9.6507720918553357,16.172854882905941
0.0049759999999999995,0,0,0,0,0,-9.5806009470854683,-6.5760891646702078,-6.5760891646702078,-9.5806009470854683,16.156690111755676
0.0049769999999999997,0,0,0,0,0,-9.5103785741710194,-6.630162923125849,-6.630162923125849,-9.5103785741710194,16.140541497296869
0.0049779999999999998,0,0,0,0,0,-9.440107418536865,-6.6843016048440376,-6.6843016048440376,-9.440107418536865,16.124409023380903
0.0049789999999999999,0,0,0,0,0,-9.3697899278605128,-6.7385027460147908,-6.7385027460147908,-9.3697899278605128,16.108292673875305
0.0049800000000000001,0,0,0,0,0,-9.2994285519749447,-6.7927638806887787,-6.7927638806887787,-9.2994285519749447,16.092192432663722
0.0049810000000000002,0,0,0,0,0,-9.2290257427716647,-6.8470825408742515,-6.8470825408742515,-9.2290257427716647,16.076108283645915
0.0049819999999999994,0,0,0,0,0,-9.158583954103765,-6.9014562566339634,-6.9014562566339634,-9.158583954103765,16.060040210737728
0.0049829999999999996,0,0,0,0,0,-9.0881056416881965,-6.9558825561828943,-6.9558825561828943,-9.0881056416881965,16.043988197871091
0.0049839999999999997,0,0,0,0,0,-9.0175932630091999,-7.0103589659847891,-7.0103589659847891,-9.0175932630091999,16.027952228993989
0.0049849999999999998,0,0,0,0,0,-8.947049277220394,-7.0648830108500578,-7.0648830108500578,-8.947049277220394,16.011932288070451
0.004986,0,0,0,0,0,-8.8764761450477287,-7.1194522140328083,-7.1194522140328083,-8.8764761450477287,15.995928359080537
0.0049870000000000001,0,0,0,0,0,-8.805876328691765,-7.1740640973285501,-7.1740640973285501,-8.805876328691765,15.979940426020315
0.0049879999999999994,0,0,0,0,0,-8.7352522917303244,-7.2287161811715261,-7.2287161811715261,-8.7352522917303244,15.963968472901851
0.0049889999999999995,0,0,0,0,0,-8.6646064990207279,-7.283405984732461,-7.283405984732461,-8.6646064990207279,15.948012483753189
0.0049899999999999996,0,0,0,0,0,-8.5939414166023482,-7.3381310260159918,-7.3381310260159918,-8.5939414166023482,15.93207244261834
0.0049909999999999998,0,0,0,0,0,-8.5232595115989245,-7.3928888219583371,-7.3928888219583371,-8.5232595115989245,15.916148333557262
0.0049919999999999999,0,0,0,0,0,-8.4525632521206688,-7.4476768885251747,-7.4476768885251747,-8.4525632521206688,15.900240140645844
0.004993,0,0,0,0,0,-8.381855107166615,-7.5024927408092754,-7.5024927408092754,-8.381855107166615,15.88434784797589
0.0049940000000000002,0,0,0,0,0,-8.3111375465269255,-7.5573338931281855,-7.5573338931281855,-8.3111375465269255,15.86847143965511
0.0049949999999999994,0,0,0,0,0,-8.2404130406848921,-7.6121978591221993,-7.6121978591221993,-8.2404130406848921,15.852610899807091
0.0049959999999999996,0,0,0,0,0,-8.1696840607190886,-7.6670821518522043,-7.6670821518522043,-8.1696840607190886,15.836766212571293
0.0049969999999999997,0,0,0,0,0,-8.098953078205632,-7.7219842838973962,-7.7219842838973962,-8.098953078205632,15.820937362103027
0.0049979999999999998,0,0,0,0,0,-8.0282225651202861,-7.7769017674531549,-7.7769017674531549,-8.0282225651202861,15.805124332573442
0.004999,0,0,0,0,0,-7.9574949937403865,-7.831832114429119,-7.831832114429119,-7.9574949937403865,15.789327108169505
0.0050000000000000001,0,0,0,0,0,-7.8867728365470091,-7.8867728365469842,-7.8867728365469842,-7.8867728365470091,15.773545673093993
