"Time / s","VMout:Measured voltage","VD1:Measured voltage","VD4:Measured voltage","AD1:Measured current","AD4:Measured current"
0,0,0,0,0,0
9.9999999999999995e-08,0.0058601486472021208,0,0,117.03881294565632,117.03881294565632
1.9999999999999999e-07,0.023330226727389332,0,0,231.93993143613253,231.93993143613253
2.9999999999999999e-07,0.052087082580400762,0,0,342.6171123393749,342.6171123393749
3.9999999999999998e-07,0.091602638088014013,0,0,447.06086113399385,447.06086113399385
4.9999999999999998e-07,0.14115347756450874,0,0,543.37482073459148,543.37482073459148
5.9999999999999997e-07,0.19983397366373595,0,0,629.81010692051848,629.81010692051848
6.9999999999999997e-07,0.26657271215151884,0,0,704.79696869591623,704.79696869591623
7.9999999999999996e-07,0.34015191766813335,0,0,766.97320043289608,766.97320043289608
8.9999999999999996e-07,0.41922952828371091,0,0,815.20879154940269,815.20879154940269
9.9999999999999995e-07,0.50236351871297036,0,0,848.62636768068444,848.62636768068444
1.1000000000000001e-06,0.58803803137224819,0,0,866.6170535818618,866.6170535818618
1.1999999999999999e-06,0.67469084176741123,0,0,868.85147096630658,868.85147096630658
1.2999999999999998e-06,0.7607416605871713,0,0,855.28567263689797,855.28567263689797
1.3999999999999999e-06,0.84462075977836293,0,0,826.16190600742686,826.16190600742686
1.5e-06,0.92479740407033117,0,0,782.00419277741003,782.00419277741003
1.5999999999999999e-06,0.99980757299885581,0,0,723.60880541857898,723.60880541857898
1.6999999999999998e-06,1.0682804713900385,0,0,652.02981355461327,652.02981355461327
1.7999999999999999e-06,1.1289633482664005,0,0,568.55996259341634,568.55996259341634
1.9e-06,1.1807441748315077,0,0,474.70723148669731,474.70723148669731
1.9999999999999999e-06,1.2226717710188344,0,0,372.16749471455222,372.16749471455222
2.0999999999999998e-06,1.2539730163510352,0,0,262.79378410703617,262.79378410703617
2.2000000000000001e-06,1.2740668337085759,0,0,148.56270764405784,148.56270764405784
2.3e-06,1.2825746930937121,0,0,31.538633805875392,31.538633805875392
2.3999999999999999e-06,1.2813293526645408,-14.514681256569517,-14.514681256569517,0,0
2.4999999999999998e-06,1.280816923416157,-14.494705475073303,-14.494705475073303,0,0
2.5999999999999997e-06,1.2803046990984839,-14.446575837103783,-14.446575837103783,0,0
2.7e-06,1.2797926796295653,-14.370389972800034,-14.370389972800034,0,0
2.7999999999999999e-06,1.2792808649274781,-14.266302526163312,-14.266302526163312,0,0
2.8999999999999998e-06,1.278769254910332,-14.134524840099697,-14.134524840099697,0,0
3.0000000000000001e-06,1.2782578494962695,-13.975324526245242,-13.975324526245242,0,0
3.1e-06,1.2777466486034657,-13.789024920448998,-13.789024920448998,0,0
3.1999999999999999e-06,1.2772356521501282,-13.576004425021985,-13.576004425021985,0,0
3.2999999999999997e-06,1.2767248600544978,-13.33669573909021,-13.33669573909021,0,0
3.3999999999999996e-06,1.2762142722348477,-13.071584978616855,-13.071584978616855,0,0
3.4999999999999999e-06,1.275703888609484,-12.781210687883679,-12.781210687883679,0,0
3.5999999999999998e-06,1.2751937090967451,-12.466162744441352,-12.466162744441352,0,0
3.6999999999999997e-06,1.2746837336150025,-12.127081159755651,-12.127081159755651,0,0
3.8e-06,1.27417396208266,-11.764654777987918,-11.764654777987918,0,0
3.8999999999999999e-06,1.273664394418154,-11.379619875555374,-11.379619875555374,0,0
3.9999999999999998e-06,1.2731550305399539,-10.972758664318366,-10.972758664318366,0,0
4.0999999999999997e-06,1.2726458703665615,-10.544897701437581,-10.544897701437581,0,0
4.1999999999999996e-06,1.2721369138165111,-10.096906209133714,-10.096906209133714,0,0
4.2999999999999995e-06,1.2716281608083695,-9.6296943077652202,-9.6296943077652202,0,0
4.4000000000000002e-06,1.2711196112607364,-9.1442111658159391,-9.1442111658159391,0,0
4.5000000000000001e-06,1.2706112650922436,-8.6414430705530947,-8.6414430705530947,0,0
4.6e-06,1.2701031222215562,-8.1224114232773523,-8.1224114232773523,0,0
4.6999999999999999e-06,1.269595182567371,-7.5881706632398824,-7.5881706632398824,0,0
4.7999999999999998e-06,1.2690874460484176,-7.0398061244462262,-7.0398061244462262,0,0
4.8999999999999997e-06,1.2685799125834585,-6.4784318297030623,-6.4784318297030623,0,0
4.9999999999999996e-06,1.2680725820912879,-34.880797982489142,-34.880797982489142,0,0
5.0999999999999995e-06,1.2675654544907333,-34.267054734434559,-34.267054734434559,0,0
5.1999999999999993e-06,1.267058529700654,-33.584970754982493,-33.584970754982493,0,0
5.3000000000000001e-06,1.2665518076399422,-32.835932468735635,-32.835932468735635,0,0
5.4e-06,1.2660452882275224,-32.021462345706688,-32.021462345706688,0,0
5.4999999999999999e-06,1.2655389713823513,-31.143215805750948,-31.143215805750948,0,0
5.5999999999999997e-06,1.2650328570234184,-30.20297785286073,-30.20297785286073,0,0
5.6999999999999996e-06,1.2645269450697452,-29.202659446164706,-29.202659446164706,0,0
5.7999999999999995e-06,1.2640212354403859,-28.144293615010039,-28.144293615010039,0,0
5.8999999999999994e-06,1.2635157280544271,-27.030031326025185,-27.030031326025185,0,0
6.0000000000000002e-06,1.2630104228309875,-25.8621371105653,-25.8621371105653,0,0
6.1e-06,1.2625053196892182,-24.642984461428806,-24.642984461428806,0,0
6.1999999999999999e-06,1.2620004185483027,-23.375051008202618,-23.375051008202618,0,0
6.2999999999999998e-06,1.261495719327457,-22.060913481043219,-22.060913481043219,0,0
6.3999999999999997e-06,1.2609912219459289,-20.703242473130569,-20.703242473130569,0,0
6.4999999999999996e-06,1.2604869263229992,-19.30479701244084,-19.30479701244084,0,0
6.5999999999999995e-06,1.2599828323779803,-17.86841895387138,-17.86841895387138,0,0
6.6999999999999994e-06,1.2594789400302171,-16.397027203116213,-16.397027203116213,0,0
6.7999999999999993e-06,1.2589752491990871,-14.893611784032124,-14.893611784032124,0,0
6.9e-06,1.2584717598039996,-13.361227761553364,-13.361227761553364,0,0
6.9999999999999999e-06,1.2579684717643964,-11.802989032506337,-11.802989032506337,0,0
7.0999999999999998e-06,1.2574653849997515,-10.222061996943982,-10.222061996943982,0,0
7.1999999999999997e-06,1.2569624994295707,-8.6216591228621731,-8.6216591228621731,0,0
7.2999999999999996e-06,1.2564598149733925,-7.0050324173770093,-7.0050324173770093,0,0
7.3999999999999995e-06,1.2559573315507875,-5.3754668176317377,-5.3754668176317377,0,0
7.4999999999999993e-06,1.2554550490813581,-3.7362735148651041,-3.7362735148651041,0,0
7.6000000000000001e-06,1.2549529674847393,-2.0907832252084582,-2.0907832252084582,0,0
7.6999999999999991e-06,1.254451086680598,-0.4423394208871656,-0.4423394208871656,0,0
7.7999999999999999e-06,1.2541121048619353,0,0,4.8769364058263243,4.8769364058263243
7.8999999999999989e-06,1.2548049506966183,0,0,21.202673803000145,21.202673803000145
7.9999999999999996e-06,1.2577797824951893,0,0,50.459299901608766,50.459299901608766
8.1000000000000004e-06,1.2643032955859497,0,0,92.103867606831642,92.103867606831642
8.1999999999999994e-06,1.2755760510904779,0,0,145.36851357794629,145.36851357794629
8.3000000000000002e-06,1.2927106788960376,0,0,209.27439287954954,209.27439287954954
8.3999999999999992e-06,1.3167116759027848,0,0,282.64943350982503,282.64943350982503
8.4999999999999999e-06,1.3484571652739532,0,0,364.14958878539028,364.14958878539028
8.599999999999999e-06,1.3886829468561892,0,0,452.28320224352126,452.28320224352126
8.6999999999999997e-06,1.4379691274000792,0,0,545.43804339061262,545.43804339061262
8.8000000000000004e-06,1.4967295724506393,0,0,641.91052430010723,641.91052430010723
8.8999999999999995e-06,1.5652043706417442,0,0,739.93656761821251,739.93656761821251
9.0000000000000002e-06,1.6434554465438074,0,0,837.72356668494524,837.72356668494524
9.0999999999999993e-06,1.731365401169596,0,0,933.48285876099601,933.48285876099601
9.2e-06,1.828639600772366,0,0,1025.4621231235378,1025.4621231235378
9.299999999999999e-06,1.9348114757327706,0,0,1111.9771172223629,1111.9771172223629
9.3999999999999998e-06,2.0492509331919715,0,0,1191.442176144511,1191.442176144511
9.4999999999999988e-06,2.1711757307010555,0,0,1262.3989231012683,1262.3989231012683
9.5999999999999996e-06,2.2996656045423354,0,0,1323.5426711179466,1323.5426711179466
9.7000000000000003e-06,2.4336788965072089,0,0,1373.746037985004,1373.746037985004
9.7999999999999993e-06,2.5720713776907926,0,0,1412.0793470592307,1412.0793470592307
9.9000000000000001e-06,2.7136169281041886,0,0,1437.8274447696692,1437.8274447696692
9.9999999999999991e-06,2.8570296973304572,0,0,1450.5026306284228,1450.5026306284228
1.01e-05,3.012707641962026,0,0,1683.9310918857477,1683.9310918857477
1.0199999999999999e-05,3.1908153911503914,0,0,1899.749165384309,1899.749165384309
1.03e-05,3.3893832414872951,0,0,2094.0146733713773,2094.0146733713773
1.0399999999999999e-05,3.6060670815388289,0,0,2263.1756943900155,2263.1756943900155
1.0499999999999999e-05,3.8381908375986438,0,0,2404.1348552965351,2404.1348552965351
1.06e-05,4.082794927518349,0,0,2514.3053828334164,2514.3053828334164
1.0699999999999999e-05,4.3366898442988591,0,0,2591.6579004565556,2591.6579004565556
1.08e-05,4.5965138983132476,0,0,2634.7571238604701,2634.7571238604701
1.0899999999999999e-05,4.8587940718189175,0,0,2642.7877917040259,2642.7877917040259
1.1e-05,5.1200088831648456,0,0,2615.5693630949718,2615.5693630949718
1.1099999999999999e-05,5.3766521218250194,0,0,2553.5592169096353,2553.5592169096353
1.1199999999999999e-05,5.6252962997467231,0,0,2457.8442963173916,2457.8442963173916
1.13e-05,5.8626546697729456,0,0,2330.1213511746018,2330.1213511746018
1.1399999999999999e-05,6.0856406879840774,0,0,2172.6661374586556,2172.6661374586556
1.15e-05,6.2914238432303558,0,0,1988.2921328894645,1988.2921328894645
1.1599999999999999e-05,6.4774808430499116,0,0,1780.2995177118605,1780.2995177118605
1.17e-05,6.6416412293915759,0,0,1552.4153458507778,1552.4153458507778
1.1799999999999999e-05,6.7821265985590875,0,0,1308.7259911112194,1308.7259911112194
1.19e-05,6.8975827157328427,0,0,1053.6030928905184,1053.6030928905184
1.2e-05,6.9871039432050868,0,0,791.62434347145006,791.62434347145006
1.2099999999999999e-05,7.0502495407504595,0,0,527.49055224385063,527.49055224385063
1.22e-05,7.0870515438220325,0,0,265.9404894727474,265.9404894727474
1.2299999999999999e-05,7.0980140778450771,0,0,11.665052277186405,11.665052277186405
1.24e-05,7.0946430019525675,-29.217562496340751,-29.217562496340751,0,0
1.2499999999999999e-05,7.0918057122475577,-27.65567311458199,-27.65567311458199,0,0
1.26e-05,7.0889695572314775,-26.044808330355718,-26.044808330355718,0,0
1.2699999999999999e-05,7.0861345364505413,-24.388239399866986,-24.388239399866986,0,0
1.2799999999999999e-05,7.0833006494511466,-22.689330418887028,-22.689330418887028,0,0
1.29e-05,7.0804678957798703,-20.95153148522736,-20.95153148522736,0,0
1.2999999999999999e-05,7.0776362749834725,-19.17837168652699,-19.17837168652699,0,0
1.31e-05,7.074805786608894,-17.373451927604876,-17.373451927604876,0,0
1.3199999999999999e-05,7.0719764302032564,-15.540437611955625,-15.540437611955625,0,0
1.33e-05,7.069148205313863,-13.68305119226256,-13.68305119226256,0,0
1.3399999999999999e-05,7.0663211114881976,-11.805064605068335,-11.805064605068335,0,0
1.3499999999999999e-05,7.0634951482739252,-9.9102916049784966,-9.9102916049784966,0,0
1.3599999999999999e-05,7.060670315218891,-8.0025800139774397,-8.0025800139774397,0,0
1.3699999999999999e-05,7.0578466118711223,-6.0858039016082941,-6.0858039016082941,0,0
1.38e-05,7.0550240377788267,-4.1638557119089477,-4.1638557119089477,0,0
1.3899999999999999e-05,7.0522025924903922,-2.2406383531040071,-2.2406383531040071,0,0
1.4e-05,7.0493822755543878,-0.32005726612834628,-0.32005726612834628,0,0
1.4099999999999999e-05,7.046778379005576,0,0,6.4487238080770926,6.4487238080770926
1.42e-05,7.0455029471991679,0,0,26.939560344709449,26.939560344709449
1.4299999999999999e-05,7.0470267713254042,0,0,62.339028864869675,62.339028864869675
1.4399999999999999e-05,7.0528063954714817,0,0,111.94482043067245,111.94482043067245
1.45e-05,7.0642145445822315,0,0,174.79671875610637,174.79671875610637
1.4599999999999999e-05,7.0825152058043139,0,0,249.6940248771979,249.6940248771979
1.47e-05,7.1088406825489017,0,0,335.21733564597139,335.21733564597139
1.4799999999999999e-05,7.1441710366625042,0,0,429.75428108152397,429.75428108152397
1.49e-05,7.1893162907928545,0,0,531.5287539511952,531.5287539511952
1.4999999999999999e-05,7.2449017129995452,0,0,638.63310175456286,638.63310175456286
1.5099999999999999e-05,7.2996361524999038,0,0,514.98507179528724,514.98507179528724
1.52e-05,7.3422452596614711,0,0,396.87240126119025,396.87240126119025
1.5299999999999999e-05,7.373392497191559,0,0,286.37906590427144,286.37906590427144
1.5399999999999998e-05,7.3939427793941466,0,0,185.45014581708929,185.45014581708929
1.5500000000000001e-05,7.4049467207212825,0,0,95.856613459479973,95.856613459479973
1.56e-05,7.4076215229011124,0,0,19.16327931024167,19.16327931024167
1.5699999999999999e-05,7.4042513271248076,-6.8008375131137253,-6.8008375131137253,0,0
1.5799999999999998e-05,7.4012902188550935,-4.9948086874294884,-4.9948086874294884,0,0
1.59e-05,7.3983302947918297,-3.1861725081652441,-3.1861725081652441,0,0
1.5999999999999999e-05,7.3953715544614287,-1.3786014441453176,-1.3786014441453176,0,0
1.6099999999999998e-05,7.3924713221000866,0,0,1.7118762855800453,1.7118762855800453
1.6200000000000001e-05,7.3900985435494038,0,0,12.369598506493098,12.369598506493098
1.63e-05,7.3895088420756636,0,0,37.296171193615372,37.296171193615372
1.6399999999999999e-05,7.3921044890645105,0,0,75.976692886675295,75.976692886675295
1.6499999999999998e-05,7.3992231351323801,0,0,127.64656910954466,127.64656910954466
1.66e-05,7.4121135288528972,0,0,191.30539294714791,191.30539294714791
1.6699999999999999e-05,7.4319128488565598,0,0,265.73509525981478,265.73509525981478
1.6799999999999998e-05,7.4596260596983273,0,0,349.52203529600354,349.52203529600354
1.6900000000000001e-05,7.4961076651848204,0,0,441.08263113078499,441.08263113078499
1.7e-05,7.5420461893854585,0,0,538.69206528757263,538.69206528757263
1.7099999999999999e-05,7.5979516661082869,0,0,640.51554525395625,640.51554525395625
1.7199999999999998e-05,7.6641463630975819,0,0,744.64155238609158,744.64155238609158
1.73e-05,7.7407589085948354,0,0,849.11647674593848,849.11647674593848
1.7399999999999999e-05,7.8277219262594526,0,0,951.98001038170707,951.98001038170707
1.7499999999999998e-05,7.924773220887448,0,0,1051.3006578963391,1051.3006578963391
1.7600000000000001e-05,8.0314604930470104,0,0,1145.2107210979439,1145.2107210979439
1.77e-05,8.1471494968340199,0,0,1231.9401241256378,1231.9401241256378
1.7799999999999999e-05,8.2710354925962442,0,0,1309.8484665189917,1309.8484665189917
1.7899999999999998e-05,8.4021577868110828,0,0,1377.4547238662415,1377.4547238662415
1.8e-05,8.5394170954088278,0,0,1433.4640583416576,1433.4640583416576
1.8099999999999999e-05,8.6815954157234092,0,0,1476.791253851829,1476.791253851829
1.8199999999999999e-05,8.8273780468505958,0,0,1506.5803517037109,1506.5803517037109
1.8299999999999998e-05,8.9753773593214525,0,0,1522.2201315747288,1522.2201315747288
1.84e-05,9.1241578833597465,0,0,1523.3551578587685,1523.3551578587685
1.8499999999999999e-05,9.2722622611582146,0,0,1509.8921918170124,1509.8921918170124
1.8599999999999998e-05,9.4182375930109981,0,0,1482.001853923271,1482.001853923271
1.8700000000000001e-05,9.5606617000596046,0,0,1440.1155068385362,1440.1155068385362
1.88e-05,9.6981688279748184,0,0,1384.9174160202112,1384.9174160202112
1.8899999999999999e-05,9.8294743260776389,0,0,1317.3323304997468,1317.3323304997468
1.8999999999999998e-05,9.9533978550132378,0,0,1238.508709299216,1238.508709299216
1.91e-05,10.068884702795039,0,0,1149.7978978007734,1149.7978978007734
1.9199999999999999e-05,10.175024823346687,0,0,1052.7296317053726,1052.7296317053726
1.9299999999999998e-05,10.271069252965628,0,0,948.98431269111791,948.98431269111791
1.9400000000000001e-05,10.356443607664399,0,0,840.36255830397329,840.36255830397329
1.95e-05,10.430758417253047,0,0,728.75257792697232,728.75257792697232
1.9599999999999999e-05,10.493816109349122,0,0,616.09596598641156,616.09596598641156
1.9699999999999998e-05,10.545614517202052,0,0,504.35253215386723,504.35253215386723
1.98e-05,10.586346848196238,0,0,395.46480567444007,395.46480567444007
1.9899999999999999e-05,10.616398114011108,0,0,291.32285678105342,291.32285678105342
1.9999999999999998e-05,10.636338087505228,0,0,193.73007233764187,193.73007233764187
2.0100000000000001e-05,10.658631211588853,0,0,338.44813138867295,338.44813138867295
2.02e-05,10.695682021026803,0,0,488.65825345349288,488.65825345349288
2.0299999999999999e-05,10.747893557035129,0,0,641.54459977559725,641.54459977559725
2.0399999999999998e-05,10.815384310370796,0,0,794.2426938068063,794.2426938068063
2.05e-05,10.897986063265416,0,0,943.8913147050622,943.8913147050622
2.0599999999999999e-05,10.995246925142405,0,0,1087.6843259341269,1087.6843259341269
2.0699999999999998e-05,11.106439506538944,0,0,1222.9215002162352,1222.9215002162352
2.0799999999999997e-05,11.230574082593678,0,0,1347.0574203751298,1347.0574203751298
2.09e-05,11.366416507103624,0,0,1457.7475705632485,1457.7475705632485
2.0999999999999999e-05,11.512510552135419,0,0,1552.8907833580845,1552.8907833580845
2.1099999999999998e-05,11.667204268054512,0,0,1630.6672743134684,1630.6672743134684
2.12e-05,11.828679886061726,0,0,1689.5715755627364,1689.5715755627364
2.1299999999999999e-05,11.994986721216909,0,0,1728.4397725416291,1728.4397725416291
2.1399999999999998e-05,12.164076479644615,0,0,1746.4705511529962,1746.4705511529962
2.1499999999999997e-05,12.333840330138859,0,0,1743.2396748614979,1743.2396748614979
2.16e-05,12.502147068499202,0,0,1718.7076302518606,1718.7076302518606
2.1699999999999999e-05,12.666881683215124,0,0,1673.2203033518244,1673.2203033518244
2.1799999999999998e-05,12.825983623925371,0,0,1607.5026752684043,1607.5026752684043
2.19e-05,12.977484079542521,0,0,1522.6456521265357,1522.6456521265357
2.1999999999999999e-05,13.119541590950149,0,0,1420.0862686423375,1420.0862686423375
2.2099999999999998e-05,13.250475353422676,0,0,1301.5816246572108,1301.5816246572108
2.2199999999999998e-05,13.368795605837265,0,0,1169.1770274308244,1169.1770274308244
2.23e-05,13.473230556582365,0,0,1025.1689173862335,1025.1689173862335
2.2399999999999999e-05,13.5627493588602,0,0,872.06324941994546,872.06324941994546
2.2499999999999998e-05,13.636580719692649,0,0,712.5300841247232,712.5300841247232
2.26e-05,13.694226806072908,0,0,549.35521183516914,549.35521183516914
2.27e-05,13.735472196925407,0,0,385.38968605542067,385.38968605542067
2.2799999999999999e-05,13.760387719298954,0,0,223.49818059454432,223.49818059454432
2.2899999999999998e-05,13.769329099897051,0,0,66.507105936247726,66.507105936247726
2.3e-05,13.763425889011554,-17.856456060436937,-17.856456060436937,0,0
2.3099999999999999e-05,13.757921619583225,-16.748089093431236,-16.748089093431236,0,0
2.3199999999999998e-05,13.752419551422385,-15.619681025881306,-15.619681025881306,0,0
2.3300000000000001e-05,13.746919683648702,-14.473519621119824,-14.473519621119824,0,0
2.34e-05,13.741422015382199,-13.311928694503397,-13.311928694503397,0,0
2.3499999999999999e-05,13.735926545743247,-12.137263390598783,-12.137263390598783,0,0
2.3599999999999998e-05,13.730433273852572,-10.951905396760662,-10.951905396760662,0,0
2.37e-05,13.724942198831251,-9.7582581028284778,-9.7582581028284778,0,0
2.3799999999999999e-05,13.71945331980071,-8.5587417167792879,-8.5587417167792879,0,0
2.3899999999999998e-05,13.713966635882729,-7.355788346263008,-7.355788346263008,0,0
2.4000000000000001e-05,13.708482146199438,-6.1518370560155091,-6.1518370560155091,0,0
2.41e-05,13.702999849873322,-4.9493289111940904,-4.9493289111940904,0,0
2.4199999999999999e-05,13.69751974602721,-3.7507020167082032,-3.7507020167082032,0,0
2.4299999999999998e-05,13.692041833784286,-2.5583865626263744,-2.5583865626263744,0,0
2.44e-05,13.686566112268086,-1.3747998857277821,-1.3747998857277821,0,0
2.4499999999999999e-05,13.681092580602492,-0.20234155723411362,-0.20234155723411362,0,0
2.4599999999999998e-05,13.67575073956549,0,0,3.8697178139954014,3.8697178139954014
2.4699999999999997e-05,13.671207173798543,0,0,16.164708752795036,16.164708752795036
2.48e-05,13.668343795999281,0,0,37.373427388911082,37.373427388911082
2.4899999999999999e-05,13.668027523654018,0,0,66.997413307128085,66.997413307128085
2.4999999999999998e-05,13.671067368539715,0,0,104.38547161107904,104.38547161107904
2.51e-05,13.666084362381,-22.826665657722423,-22.826665657722423,0,0
2.5199999999999999e-05,13.660619021777039,-21.707096546778228,-21.707096546778228,0,0
2.5299999999999998e-05,13.655155866872152,-20.557310082036974,-20.557310082036974,0,0
2.5399999999999997e-05,13.649694896792232,-19.37963763487598,-19.37963763487598,0,0
2.55e-05,13.644236110663524,-18.176467219342591,-18.176467219342591,0,0
2.5599999999999999e-05,13.638779507612623,-16.950238638627091,-16.950238638627091,0,0
2.5699999999999998e-05,13.633325086766474,-15.703438526350766,-15.703438526350766,0,0
2.58e-05,13.627872847252368,-14.438595292747353,-14.438595292747353,0,0
2.5899999999999999e-05,13.622422788197946,-13.158273986009201,-13.158273986009201,0,0
2.5999999999999998e-05,13.6169749087312,-11.865071079241757,-11.865071079241757,0,0
2.6099999999999997e-05,13.611529207980468,-10.56160919362109,-10.56160919362109,0,0
2.62e-05,13.606085685074436,-9.2505317684785684,-9.2505317684785684,0,0
2.6299999999999999e-05,13.600644339142145,-7.9344976891446679,-7.9344976891446679,0,0
2.6399999999999998e-05,13.595205169312976,-6.6161758834694737,-6.6161758834694737,0,0
2.65e-05,13.589768174716664,-5.2982398980010466,-5.2982398980010466,0,0
2.6599999999999999e-05,13.584333354483288,-3.9833624648439852,-3.9833624648439852,0,0
2.6699999999999998e-05,13.578900707743278,-2.6742100702393135,-2.6742100702393135,0,0
2.6799999999999998e-05,13.573470233627411,-1.373437535903232,-1.373437535903232,0,0
2.69e-05,13.56804193126681,-0.083682624136184103,-0.083682624136184103,0,0
2.6999999999999999e-05,13.56277716898329,0,0,4.8302433083429532,4.8302433083429532
2.7099999999999998e-05,13.558486024580656,0,0,19.502093984638002,19.502093984638002
2.7199999999999997e-05,13.556157536903372,0,0,43.977987731389412,43.977987731389412
2.73e-05,13.556744730537524,0,0,77.70096914402788,77.70096914402788
2.7399999999999999e-05,13.561136076514195,0,0,119.94624501761623,119.94624501761623
2.7499999999999998e-05,13.57013937083309,0,0,169.83433683854966,169.83433683854966
2.76e-05,13.584467076621124,0,0,226.34703355442608,226.34703355442608
2.7699999999999999e-05,13.604723395252776,0,0,288.34585535301619,288.34585535301619
2.7799999999999998e-05,13.631393300412393,0,0,354.59269373325401,354.59269373325401
2.7899999999999997e-05,13.664833733497566,0,0,423.77225377099751,423.77225377099751
2.8e-05,13.70526711959228,0,0,494.51589188257145,494.51589188257145
2.8099999999999999e-05,13.75277732118832,0,0,565.42641715947957,565.42641715947957
2.8199999999999998e-05,13.807308102665916,0,0,635.10340694430636,635.10340694430636
2.83e-05,13.868664133059411,0,0,702.16857805503423,702.16857805503423
2.8399999999999999e-05,13.93651450865546,0,0,765.29075410962821,765.29075410962821
2.8499999999999998e-05,14.010398731332309,0,0,823.2099767711328,823.2099767711328
2.8599999999999997e-05,14.089735034075957,0,0,874.7603242912769,874.7603242912769
2.87e-05,14.173830902607618,0,0,918.89102419495214,918.89102419495214
2.8799999999999999e-05,14.261895602296786,0,0,954.68547789301522,954.68547789301522
2.8899999999999998e-05,14.353054483234825,0,0,981.37785287530573,981.37785287530573
2.9e-05,14.446364804162716,0,0,998.36694223294512,998.36694223294512
2.9099999999999999e-05,14.54083278846579,0,0,1005.2270407894628,1005.2270407894628
2.9199999999999998e-05,14.635431603165028,0,0,1001.7156411863177,1001.7156411863177
2.9299999999999997e-05,14.729119935151909,0,0,987.7778108901623,987.7778108901623
2.94e-05,14.820860828133469,0,0,963.54717122260979,963.54717122260979
2.9499999999999999e-05,14.909640439070595,0,0,929.34346106889018,929.34346106889018
2.9599999999999998e-05,14.994486374389822,0,0,885.66672978445888,885.66672978445888
2.97e-05,15.074485273899338,0,0,833.18826486787577,833.18826486787577
2.9799999999999999e-05,15.148799324003948,0,0,772.73841909837984,772.73841909837984
2.9899999999999998e-05,15.216681401243623,0,0,705.29155797679448,705.29155797679448
2.9999999999999997e-05,15.277488572022976,0,0,631.94840044217585,631.94840044217585
3.01e-05,15.342414001498652,0,0,787.99369891147228,787.99369891147228
3.0199999999999999e-05,15.422555433918438,0,0,936.3661018104599,936.3661018104599
3.0299999999999998e-05,15.516997306500542,0,0,1074.2459232477238,1074.2459232477238
3.04e-05,15.624551603219455,0,0,1199.0036074742982,1199.0036074742982
3.0499999999999999e-05,15.743779385736548,0,0,1308.2473416068156,1308.2473416068156
3.0599999999999998e-05,15.873016867367133,0,0,1399.8663567345302,1399.8663567345302
3.0700000000000001e-05,16.010405557293659,0,0,1472.069133603972,1472.069133603972
3.0799999999999996e-05,16.153925928565773,0,0,1523.4158214567149,1523.4158214567149
3.0899999999999999e-05,16.30143399966521,0,0,1552.8442834904654,1552.8442834904654
3.1000000000000001e-05,16.450700166710927,0,0,1559.6892979199954,1559.6892979199954
3.1099999999999997e-05,16.599449582690632,0,0,1543.6945676390503,1543.6945676390503
3.1199999999999999e-05,16.745403352164637,0,0,1505.0173217798333,1505.0173217798333
3.1300000000000002e-05,16.88631979520142,0,0,1444.2254266722821,1444.2254266722821
3.1399999999999998e-05,17.020035033135837,0,0,1362.2870593898513,1362.2870593898513
3.15e-05,17.144502161110108,0,0,1260.5531317740965,1260.5531317740965
3.1599999999999996e-05,17.257828298039247,0,0,1140.7327841172632,1140.7327841172632
3.1699999999999998e-05,17.358308843169343,0,0,1004.8623931727384,1004.8623931727384
3.18e-05,17.444458319070261,0,0,855.26865658532017,855.26865658532017
3.1899999999999996e-05,17.515037242804198,0,0,694.52642306089763,694.52642306089763
3.1999999999999999e-05,17.569074539016,0,0,525.41203268727304,525.41203268727304
3.2100000000000001e-05,17.605885089494819,0,0,350.85301305355767,350.85301305355767
3.2199999999999997e-05,17.625082101894588,0,0,173.8750427249706,173.8750427249706
3.2299999999999999e-05,17.626465120574874,-21.5907034998211,-21.5907034998211,0,0
3.2400000000000001e-05,17.619415944455856,-21.126676876152157,-21.126676876152157,0,0
3.2499999999999997e-05,17.612369587443428,-20.637627180834411,-20.637627180834411,0,0
3.26e-05,17.605326048410173,-20.124541387839702,-20.124541387839702,0,0
3.2699999999999995e-05,17.598285326229121,-19.588455307252278,-19.588455307252278,0,0
3.2799999999999998e-05,17.591247419773758,-19.030451479736445,-19.030451479736445,0,0
3.29e-05,17.584212327918021,-18.451656976065689,-18.451656976065689,0,0
3.2999999999999996e-05,17.577180049536295,-17.853241106186193,-17.853241106186193,0,0
3.3099999999999998e-05,17.570150583503413,-17.236413042471337,-17.236413042471337,0,0
3.3200000000000001e-05,17.563123928694662,-16.602419361998262,-16.602419361998262,0,0
3.3299999999999996e-05,17.556100083985775,-15.952541512841883,-15.952541512841883,0,0
3.3399999999999999e-05,17.549079048252942,-15.288093209536225,-15.288093209536225,0,0
3.3500000000000001e-05,17.542060820372793,-14.610417762996825,-14.610417762996825,0,0
3.3599999999999997e-05,17.535045399222412,-13.92088535033098,-13.92088535033098,0,0
3.3699999999999999e-05,17.528032783679333,-13.220890230084798,-13.220890230084798,0,0
3.3800000000000002e-05,17.521022972621537,-12.511847908586773,-12.511847908586773,0,0
3.3899999999999997e-05,17.514015964927456,-11.795192263146973,-11.795192263146973,0,0
3.4e-05,17.507011759475965,-11.072372627958433,-11.072372627958433,0,0
3.4099999999999995e-05,17.500010355146394,-10.344850848623214,-10.344850848623214,0,0
3.4199999999999998e-05,17.493011750818514,-9.6140983112890979,-9.6140983112890979,0,0
3.43e-05,17.486015945372554,-8.8815929524346089,-8.8815929524346089,0,0
3.4399999999999996e-05,17.47902293768918,-8.148816255379117,-8.148816255379117,0,0
3.4499999999999998e-05,17.472032726649516,-7.4172502396218682,-7.4172502396218682,0,0
3.4600000000000001e-05,17.465045311135125,-6.6883744491280375,-6.6883744491280375,0,0
3.4699999999999996e-05,17.45806069002802,-5.9636629456822803,-5.9636629456822803,0,0
3.4799999999999999e-05,17.451078862210665,-5.2445813134196158,-5.2445813134196158,0,0
3.4900000000000001e-05,17.444099826565964,-4.5325836806207604,-4.5325836806207604,0,0
3.4999999999999997e-05,17.437123581977271,-32.804719520921623,-32.804719520921623,0,0
3.5099999999999999e-05,17.430150127328389,-32.081396813123504,-32.081396813123504,0,0
3.5200000000000002e-05,17.423179461503565,-31.310600087412237,-31.310600087412237,0,0
3.5299999999999997e-05,17.416211583387494,-30.493889224550909,-30.493889224550909,0,0
3.54e-05,17.409246491865311,-29.632917394155196,-29.632917394155196,0,0
3.5499999999999996e-05,17.402284185822605,-28.729427694043256,-28.729427694043256,0,0
3.5599999999999998e-05,17.395324664145406,-27.785249606877841,-27.785249606877841,0,0
3.57e-05,17.388367925720189,-26.802295281303422,-26.802295281303422,0,0
3.5799999999999996e-05,17.381413969433879,-25.782555645137919,-25.782555645137919,0,0
3.5899999999999998e-05,17.374462794173841,-24.728096358519576,-24.728096358519576,0,0
3.6000000000000001e-05,17.367514398827886,-23.641053615234974,-23.641053615234974,0,0
3.6099999999999997e-05,17.360568782284272,-22.523629800762251,-22.523629800762251,0,0
3.6199999999999999e-05,17.353625943431702,-21.378089015854947,-21.378089015854947,0,0
3.6300000000000001e-05,17.346685881159317,-20.206752474764915,-20.206752474764915,0,0
3.6399999999999997e-05,17.33974859435671,-19.011993787457346,-19.011993787457346,0,0
3.65e-05,17.332814081913916,-17.796234135406682,-17.796234135406682,0,0
3.6599999999999995e-05,17.325882342721414,-16.561937350778244,-16.561937350778244,0,0
3.6699999999999998e-05,17.318953375670123,-15.311604908996717,-15.311604908996717,0,0
3.68e-05,17.312027179651409,-14.047770844878402,-14.047770844878402,0,0
3.6899999999999996e-05,17.305103753557081,-12.772996602659479,-12.772996602659479,0,0
3.6999999999999998e-05,17.298183096279388,-11.489865830386631,-11.489865830386631,0,0
3.7100000000000001e-05,17.291265206711028,-10.200979129249379,-10.200979129249379,0,0
3.7199999999999996e-05,17.284350083745139,-8.9089487685249011,-8.9089487685249011,0,0
3.7299999999999999e-05,17.277437726275299,-7.6163933768757932,-7.6163933768757932,0,0
3.7400000000000001e-05,17.270528133195533,-6.3259326207893363,-6.3259326207893363,0,0
3.7499999999999997e-05,17.263621303400306,-5.0401818809725487,-5.0401818809725487,0,0
3.7599999999999999e-05,17.256717235784524,-3.7617469375216217,-3.7617469375216217,0,0
3.7700000000000002e-05,17.249815929243535,-2.4932186746661582,-2.4932186746661582,0,0
3.7799999999999997e-05,17.242917382673134,-1.2371678158488546,-1.2371678158488546,0,0
3.79e-05,17.23602211901872,0,0,0.015438561860265597,0.015438561860265597
3.7999999999999995e-05,17.229297880362573,0,0,5.0090051501010606,5.0090051501010606
3.8099999999999998e-05,17.223565212953392,0,0,19.742567787040933,19.742567787040933
3.82e-05,17.219778463395127,0,0,43.805905783598739,43.805905783598739
3.8299999999999996e-05,17.218842042516542,0,0,76.619474007476128,76.619474007476128
3.8399999999999998e-05,17.221594017538781,0,0,117.44492604693343,117.44492604693343
3.8500000000000001e-05,17.228790908461853,0,0,165.39851250365396,165.39851250365396
3.8599999999999996e-05,17.241093963911741,0,0,219.46711140547691,219.46711140547691
3.8699999999999999e-05,17.259057164861254,0,0,278.52660008282254,278.52660008282254
3.8800000000000001e-05,17.283117173312657,0,0,341.36223547570796,341.36223547570796
3.8899999999999997e-05,17.313585407776834,0,0,406.6906734983146,406.6906734983146
3.8999999999999999e-05,17.350642388840711,0,0,473.1832284426435,473.1832284426435
3.9099999999999995e-05,17.39433445698079,0,0,539.48995098806995,539.48995098806995
3.9199999999999997e-05,17.444572921801122,0,0,604.26408860474919,604.26408860474919
3.93e-05,17.501135657827568,0,0,666.1864852626428,666.1864852626428
3.9399999999999995e-05,17.563671117674669,0,0,723.9894785080636,723.9894785080636
3.9499999999999998e-05,17.631704689619571,0,0,776.47986112433193,776.47986112433193
3.96e-05,17.704647284162252,0,0,822.56049158565622,822.56049158565622
3.9699999999999996e-05,17.781805993791565,0,0,861.25016203502707,861.25016203502707
3.9799999999999998e-05,17.862396632642959,0,0,891.70136412271665,891.70136412271665
3.9900000000000001e-05,17.945557928706108,0,0,913.21563115863671,913.21563115863671
3.9999999999999996e-05,18.030367111334375,0,0,925.25617896818051,925.25617896818051
4.0099999999999999e-05,18.127576908859346,0,0,1161.5352426920983,1161.5352426920983
4.0200000000000001e-05,18.247692026089496,0,0,1383.5124156082031,1383.5124156082031
4.0299999999999997e-05,18.389062018597745,0,0,1587.0091989792613,1587.0091989792613
4.0399999999999999e-05,18.54963547494733,0,0,1768.1820657026519,1768.1820657026519
4.0499999999999995e-05,18.72699720238559,0,0,1923.5920459317044,1923.5920459317044
4.0599999999999998e-05,18.918411998080451,0,0,2050.2669771014471,2050.2669771014471
4.07e-05,19.120874212329607,0,0,2145.7552916829181,2145.7552916829181
4.0799999999999996e-05,19.331162205355032,0,0,2208.1703693939726,2208.1703693939726
4.0899999999999998e-05,19.545896710762424,0,0,2236.2246516093155,2236.2246516093155
4.1e-05,19.761602048097831,0,0,2229.2529012387186,2229.2529012387186
4.1099999999999996e-05,19.974769075450251,0,0,2187.2241880180136,2187.2241880180136
4.1199999999999999e-05,20.181918741658972,0,0,2110.7423834188953,2110.7423834188953
4.1300000000000001e-05,20.379665086954802,0,0,2001.0351575301859,2001.0351575301859
4.1399999999999997e-05,20.564776550986487,0,0,1859.9316785245023,1859.9316785245023
4.1499999999999999e-05,20.734234477972318,0,0,1689.8294199280135,1689.8294199280135
4.1599999999999995e-05,20.885287759611757,0,0,1493.6506781516814,1493.6506781516814
4.1699999999999997e-05,21.015502626468919,0,0,1274.789589048328,1274.789589048328
4.18e-05,21.122806686527493,0,0,1037.0506042577958,1037.0506042577958
4.1899999999999995e-05,21.205526413919138,0,0,784.57954267868865,784.57954267868865
4.1999999999999998e-05,21.262417409553898,0,0,521.78846676186902,521.78846676186902
4.21e-05,21.292686886379315,0,0,253.27574502682361,253.27574502682361
4.2199999999999996e-05,21.295293965488998,-33.113536679251027,-33.113536679251027,0,0
4.2299999999999998e-05,21.286777551299192,-32.669270306110235,-32.669270306110235,0,0
4.2400000000000001e-05,21.278264542993842,-32.180250805021601,-32.180250805021601,0,0
4.2499999999999996e-05,21.269754939210863,-31.647463838854872,-31.647463838854872,0,0
4.2599999999999999e-05,21.261248738588719,-31.071984004572681,-31.071984004572681,0,0
4.2700000000000001e-05,21.25274593976642,-30.454972648387749,-30.454972648387749,0,0
4.2799999999999997e-05,21.244246541383514,-29.797675504657871,-29.797675504657871,0,0
4.2899999999999999e-05,21.235750542080101,-29.1014201633194,-29.1014201633194,0,0
4.2999999999999995e-05,21.22725794049682,-28.36761337100744,-28.36761337100744,0,0
4.3099999999999997e-05,21.218768735274857,-27.597738171349814,-27.597738171349814,0,0
4.32e-05,21.210282925055935,-26.793350890247741,-26.793350890247741,0,0
4.3299999999999995e-05,21.201800508482329,-25.956077972271796,-25.956077972271796,0,0
4.3399999999999998e-05,21.193321484196847,-25.087612674603864,-25.087612674603864,0,0
4.35e-05,21.184845850842848,-24.189711625245135,-24.189711625245135,0,0
4.3599999999999996e-05,21.176373607064232,-23.264191252486338,-23.264191252486338,0,0
4.3699999999999998e-05,21.167904751505436,-22.312924092897401,-22.312924092897401,0,0
4.3800000000000001e-05,21.159439282811444,-21.337834985341036,-21.337834985341036,0,0
4.3899999999999996e-05,21.150977199627786,-20.34089715874585,-20.34089715874585,0,0
4.3999999999999999e-05,21.142518500600524,-19.324128221590694,-19.324128221590694,0,0
4.4100000000000001e-05,21.134063184376267,-18.289586061251331,-18.289586061251331,0,0
4.4199999999999997e-05,21.125611249602162,-17.239364661543874,-17.239364661543874,0,0
4.4299999999999999e-05,21.117162694925906,-16.175589846965295,-16.175589846965295,0,0
4.4399999999999995e-05,21.108717518995725,-15.100414962280425,-15.100414962280425,0,0
4.4499999999999997e-05,21.100275720460392,-14.016016496235871,-14.016016496235871,0,0
4.46e-05,21.091837297969217,-12.924589658295012,-12.924589658295012,0,0
4.4699999999999996e-05,21.083402250172057,-11.82834391738335,-11.82834391738335,0,0
4.4799999999999998e-05,21.074970575719302,-10.729498511710698,-10.729498511710698,0,0
4.49e-05,21.066542273261884,-9.6302779387953485,-9.6302779387953485,0,0
4.4999999999999996e-05,21.058117341451275,-37.508517190953029,-37.508517190953029,0,0
4.5099999999999998e-05,21.049695778939487,-36.385423318619672,-36.385423318619672,0,0
4.5200000000000001e-05,21.041277584379067,-35.209791852560556,-35.209791852560556,0,0
4.5299999999999997e-05,21.032862756423103,-33.984003954831493,-33.984003954831493,0,0
4.5399999999999999e-05,21.024451293725228,-32.710542687950436,-32.710542687950436,0,0
4.5499999999999995e-05,21.016043194939602,-31.391987967663962,-31.391987967663962,0,0
4.5599999999999997e-05,21.007638458720933,-30.031011318953635,-30.031011318953635,0,0
4.57e-05,20.999237083724463,-28.630370445941391,-28.630370445941391,0,0
4.5799999999999995e-05,20.990839068605972,-27.192903626731006,-27.192903626731006,0,0
4.5899999999999998e-05,20.982444412021774,-25.721523944578404,-25.721523944578404,0,0
4.6e-05,20.974053112628727,-24.219213367116012,-24.219213367116012,0,0
4.6099999999999996e-05,20.965665169084225,-22.689016685664978,-22.689016685664978,0,0
4.6199999999999998e-05,20.957280580046195,-21.134035326953278,-21.134035326953278,0,0
4.6300000000000001e-05,20.9488993441731,-19.557421049816892,-19.557421049816892,0,0
4.6399999999999996e-05,20.940521460123946,-17.962369539694748,-17.962369539694748,0,0
4.6499999999999999e-05,20.932146926558271,-16.352113913935739,-16.352113913935739,0,0
4.6600000000000001e-05,20.923775742136147,-14.729918151117174,-14.729918151117174,0,0
4.6699999999999997e-05,20.915407905518187,-13.099070457728306,-13.099070457728306,0,0
4.6799999999999999e-05,20.907043415365536,-11.462876585699645,-11.462876585699645,0,0
4.6899999999999995e-05,20.898682270339876,-9.8246531143585809,-9.8246531143585809,0,0
4.6999999999999997e-05,20.890324469103426,-8.1877207104638714,-8.1877207104638714,0,0
4.71e-05,20.881970010318934,-6.5553973800160055,-6.5553973800160055,0,0
4.7199999999999995e-05,20.873618892649688,-4.9309917255569555,-4.9309917255569555,0,0
4.7299999999999998e-05,20.865271114759512,-3.3177962226615403,-3.3177962226615403,0,0
4.74e-05,20.856926675312756,-1.7190805292833797,-1.7190805292833797,0,0
4.7499999999999996e-05,20.848585572974315,-0.13808484155162049,-0.13808484155162049,0,0
4.7599999999999998e-05,20.840440380836,0,0,5.7596684281184061,5.7596684281184061
4.7700000000000001e-05,20.83346116738743,0,0,23.388463928905161,23.388463928905161
4.7799999999999996e-05,20.828849255880126,0,0,52.958023249790209,52.958023249790209
4.7899999999999999e-05,20.827763825425684,0,0,93.758861181299295,93.758861181299295
4.8000000000000001e-05,20.831282343790114,0,0,144.87765919695298,144.87765919695298
4.8099999999999997e-05,20.840381019815695,0,0,205.21383953143035,205.21383953143035
4.8199999999999999e-05,20.855917092978217,0,0,273.49952914884398,273.49952914884398
4.8299999999999995e-05,20.878613280654484,0,0,348.32255161068611,348.32255161068611
4.8399999999999997e-05,20.909044664556287,0,0,428.15203005104615,428.15203005104615
4.85e-05,20.947628253574848,0,0,511.36613722025692,511.36613722025692
4.8599999999999995e-05,20.994615411775438,0,0,596.28148972210295,596.28148972210295
4.8699999999999998e-05,21.050087288364619,0,0,681.18365384657204,681.18365384657204
4.88e-05,21.113953332062934,0,0,764.3582103271832,764.3582103271832
4.8899999999999996e-05,21.185952916439515,0,0,844.12181529163502,844.12181529163502
4.8999999999999998e-05,21.265660046414002,0,0,918.85269480797967,918.85269480797967
4.9100000000000001e-05,21.352491060326287,0,0,987.02002075212977,987.02002075212977
4.9199999999999997e-05,21.44571518772662,0,0,1047.2116360481139,1047.2116360481139
4.9299999999999999e-05,21.544467771329568,0,0,1098.1596272907968,1098.1596272907968
4.9399999999999995e-05,21.64776591334229,0,0,1138.7632818080544,1138.7632818080544
4.9499999999999997e-05,21.754526262492831,0,0,1168.1090136473315,1168.1090136473315
4.9599999999999999e-05,21.863584619342902,0,0,1185.4868979201319,1185.4868979201319
4.9699999999999995e-05,21.973717004572404,0,0,1190.4035144111265,1190.4035144111265
4.9799999999999998e-05,22.083661808465308,0,0,1182.5908682420584,1182.5908682420584
4.99e-05,22.192142620286685,0,0,1162.0112264623956,1162.0112264623956
4.9999999999999996e-05,22.29789132397206,0,0,1128.8577834307619,1128.8577834307619
5.0099999999999998e-05,22.411391339068363,0,0,1317.6287693043676,1317.6287693043676
5.02e-05,22.54295896376707,0,0,1490.6115474582768,1490.6115474582768
5.0299999999999996e-05,22.690839648964403,0,0,1644.4821679052541,1644.4821679052541
5.0399999999999999e-05,22.85296405308701,0,0,1776.2629512041444,1776.2629512041444
5.0500000000000001e-05,23.026985539470061,0,0,1883.3763914620265,1883.3763914620265
5.0599999999999997e-05,23.210322692896074,0,0,1963.6918049407216,1963.6918049407216
5.0699999999999999e-05,23.400206084630099,0,0,2015.563880166347,2015.563880166347
5.0799999999999995e-05,23.593728438423408,0,0,2037.8624322230582,2037.8624322230582
5.0899999999999997e-05,23.787897288454232,0,0,2029.9928233080739,2029.9928233080739
5.1e-05,23.9796891751425,0,0,1991.9066807460088,1991.9066807460088
5.1099999999999995e-05,24.166104397029791,0,0,1924.1027194420758,1924.1027194420758
5.1199999999999998e-05,24.344221326956401,0,0,1827.6176550112332,1827.6176550112332
5.13e-05,24.511249308772832,0,0,1704.0073733065931,1704.0073733065931
5.1399999999999996e-05,24.664579176646068,0,0,1555.3186985343955,1555.3186985343955
5.1499999999999998e-05,24.80183048219202,0,0,1384.0522723886481,1384.0522723886481
5.1600000000000001e-05,24.920894574400538,0,0,1193.1172175832853,1193.1172175832853
5.1699999999999996e-05,25.019972752534514,0,0,985.77840788929325,985.77840788929325
5.1799999999999999e-05,25.097608801515673,0,0,765.59730060621314,765.59730060621314
5.1899999999999994e-05,25.152715321137176,0,0,536.36740388958697,536.36740388958697
5.1999999999999997e-05,25.184593372921142,0,0,302.04554841024827,302.04554841024827
5.2099999999999999e-05,25.192945089529321,0,0,66.680208682211102,66.680208682211102
5.2199999999999995e-05,25.181438811132718,-28.385886214495262,-28.385886214495262,0,0
5.2299999999999997e-05,25.171368249854794,-27.833743035755166,-27.833743035755166,0,0
5.24e-05,25.161301715995844,-27.250621990984474,-27.250621990984474,0,0
5.2499999999999995e-05,25.151239207945224,-26.637698226174077,-26.637698226174077,0,0
5.2599999999999998e-05,25.14118072409293,-25.996207441080482,-25.996207441080482,0,0
5.27e-05,25.131126262829607,-25.327443377341506,-25.327443377341506,0,0
5.2799999999999996e-05,25.121075822546537,-24.632755188672039,-24.632755188672039,0,0
5.2899999999999998e-05,25.111029401635655,-23.913544698485477,-23.913544698485477,0,0
5.3000000000000001e-05,25.100986998489528,-23.171263550515089,-23.171263550515089,0,0
5.3099999999999996e-05,25.090948611501375,-22.407410258227134,-22.407410258227134,0,0
5.3199999999999999e-05,25.080914239065052,-21.623527159023038,-21.623527159023038,0,0
5.3299999999999995e-05,25.070883879575064,-20.821197279421209,-20.821197279421209,0,0
5.3399999999999997e-05,25.060857531426549,-20.002041117590164,-20.002041117590164,0,0
5.3499999999999999e-05,25.050835193015292,-19.167713349772423,-19.167713349772423,0,0
5.3599999999999995e-05,25.040816862737721,-18.31989946729308,-18.31989946729308,0,0
5.3699999999999997e-05,25.030802538990901,-17.460312350988065,-17.460312350988065,0,0
5.38e-05,25.020792220172542,-16.590688790014301,-16.590688790014301,0,0
5.3899999999999996e-05,25.01078590468099,-15.712785952116594,-15.712785952116594,0,0
5.3999999999999998e-05,25.000783590915237,-14.828377812525034,-14.828377812525034,0,0
5.41e-05,24.99078527727491,-13.939251548740298,-13.939251548740298,0,0
5.4199999999999996e-05,24.980790962160281,-13.047203908533824,-13.047203908533824,0,0
5.4299999999999998e-05,24.970800643972261,-12.154037558543852,-12.154037558543852,0,0
5.4399999999999994e-05,24.960814321112395,-11.261557420887936,-11.261557420887936,0,0
5.4499999999999997e-05,24.950831991982874,-10.371567005236628,-10.371567005236628,0,0
5.4599999999999999e-05,24.940853654986526,-9.4858647438021571,-9.4858647438021571,0,0
5.4699999999999995e-05,24.930879308526816,-8.6062403366901385,-8.6062403366901385,0,0
5.4799999999999997e-05,24.920908951007846,-7.7344711150407939,-7.7344711150407939,0,0
5.49e-05,24.910942580834362,-6.872318429350404,-6.872318429350404,0,0
5.4999999999999995e-05,24.900980196411744,-34.997133826409566,-34.997133826409566,0,0
5.5099999999999998e-05,24.891021796146013,-34.129621595313722,-34.129621595313722,0,0
5.52e-05,24.88106737844382,-33.218056211600903,-33.218056211600903,0,0
5.5299999999999996e-05,24.871116941712462,-32.264280547305333,-32.264280547305333,0,0
5.5399999999999998e-05,24.861170484359867,-31.2702232342324,-31.2702232342324,0,0
5.5500000000000001e-05,24.851228004794603,-30.237894743615655,-30.237894743615655,0,0
5.5599999999999996e-05,24.841289501425873,-29.169383299510525,-29.169383299510525,0,0
5.5699999999999999e-05,24.831354972663515,-28.066850634231354,-28.066850634231354,0,0
5.5799999999999994e-05,24.821424416918006,-26.932527594459451,-26.932527594459451,0,0
5.5899999999999997e-05,24.811497832600459,-25.768709606952974,-25.768709606952974,0,0
5.5999999999999999e-05,24.801575218122615,-24.577752013074829,-24.577752013074829,0,0
5.6099999999999995e-05,24.791656571896858,-23.362065281621181,-23.362065281621181,0,0
5.6199999999999997e-05,24.781741892336207,-22.124110109680416,-22.124110109680416,0,0
5.63e-05,24.771831177854313,-20.866392421479656,-20.866392421479656,0,0
5.6399999999999995e-05,24.761924426865459,-19.591458275383388,-19.591458275383388,0,0
5.6499999999999998e-05,24.752021637784566,-18.301888689395035,-18.301888689395035,0,0
5.66e-05,24.742122809027187,-17.000294395677933,-17.000294395677933,0,0
5.6699999999999996e-05,24.732227939009512,-15.689310534756212,-15.689310534756212,0,0
5.6799999999999998e-05,24.722337026148359,-14.371591300178647,-14.371591300178647,0,0
5.6900000000000001e-05,24.712450068861184,-13.049804544528902,-13.049804544528902,0,0
5.6999999999999996e-05,24.702567065566072,-11.726626357744202,-11.726626357744202,0,0
5.7099999999999999e-05,24.692688014681742,-10.404735628760442,-10.404735628760442,0,0
5.7199999999999994e-05,24.682812914627551,-9.0868086015356084,-9.0868086015356084,0,0
5.7299999999999997e-05,24.672941763823477,-7.775513436514621,-7.775513436514621,0,0
5.7399999999999999e-05,24.663074560690138,-6.473504788587503,-6.473504788587503,0,0
5.7499999999999995e-05,24.653211303648781,-5.1834184125592024,-5.1834184125592024,0,0
5.7599999999999997e-05,24.643351991121285,-3.9078658070932395,-3.9078658070932395,0,0
5.77e-05,24.63349662153016,-2.649428908013137,-2.649428908013137,0,0
5.7799999999999995e-05,24.623645193298547,-1.4106548417450728,-1.4106548417450728,0,0
5.7899999999999998e-05,24.613797704850217,-0.19405074956297419,-0.19405074956297419,0,0
5.8e-05,24.604089582934151,0,0,4.0375972540479772,4.0375972540479772
5.8099999999999996e-05,24.595211719063638,0,0,16.748739597935433,16.748739597935433
5.8199999999999998e-05,24.588064300817411,0,0,38.495505583571166,38.495505583571166
5.8299999999999994e-05,24.583521444364788,0,0,68.679842814992526,68.679842814992526
5.8399999999999997e-05,24.582389366976219,0,0,106.55060512092487,106.55060512092487
5.8499999999999999e-05,24.585391767244243,0,0,151.21718475903938,151.21718475903938
5.8599999999999995e-05,24.593156702563665,0,0,201.66566909504306,201.66566909504306
5.8699999999999997e-05,24.606205201384451,0,0,256.77722882561739,256.77722882561739
5.8799999999999999e-05,24.624941816301909,0,0,315.34840442850088,315.34840442850088
5.8899999999999995e-05,24.649647288871556,0,0,376.11292317919197,376.11292317919197
5.8999999999999998e-05,24.680473458767128,0,0,437.76465139318884,437.76465139318884
5.91e-05,24.71744050923397,0,0,498.98126603599491,498.98126603599491
5.9199999999999996e-05,24.760436598462768,0,0,558.44821686109469,558.44821686109469
5.9299999999999998e-05,24.80921988328739,0,0,614.88254502300936,614.88254502300936
5.94e-05,24.863422898278365,0,0,667.05612676192789,667.05612676192789
5.9499999999999996e-05,24.922559210645169,0,0,713.81792121936689,713.81792121936689
5.9599999999999999e-05,24.986032230148407,0,0,754.11481953044597,754.11481953044597
5.9699999999999994e-05,25.053146014203858,0,0,787.01071771921374,787.01071771921374
5.9799999999999997e-05,25.123117872240197,0,0,811.70346813845742,811.70346813845742
5.9899999999999999e-05,25.195092540805334,0,0,827.53940266030781,827.53940266030781
5.9999999999999995e-05,25.268157672491917,0,0,834.02516484128262,834.02516484128262
6.0099999999999997e-05,25.353080655279584,0,0,1064.9142629485984,1064.9142629485984
6.02e-05,25.460384835310514,0,0,1281.7046641188322,1281.7046641188322
6.0299999999999995e-05,25.588442064624967,0,0,1480.2526521365508,1480.2526521365508
6.0399999999999998e-05,25.735226490928547,0,0,1656.7452641375869,1656.7452641375869
6.05e-05,25.898351292036207,0,0,1807.7693257549884,1807.7693257549884
6.0599999999999996e-05,26.075111945247201,0,0,1930.373237102084,1930.373237102084
6.0699999999999998e-05,26.262535247176228,0,0,2022.1203913118629,2022.1203913118629
6.0800000000000001e-05,26.457433195499519,0,0,2081.1332590370962,2081.1332590370962
6.0899999999999996e-05,26.656460756114082,0,0,2106.1273414911411,2106.1273414911411
6.0999999999999999e-05,26.856176468944739,0,0,2096.4343782089095,2096.4343782089095
6.1099999999999994e-05,27.053104794338061,0,0,2052.0143904039478,2052.0143904039478
6.1199999999999997e-05,27.243799070581353,0,0,1973.4563430631704,1973.4563430631704
6.1299999999999999e-05,27.42490394214509,0,0,1861.9674150911076,1861.9674150911076
6.1400000000000002e-05,27.593216127964606,0,0,1719.3510731558038,1719.3510731558038
6.1499999999999991e-05,27.745742429272713,0,0,1547.9743476613232,1547.9743476613232
6.1599999999999993e-05,27.879753926620271,0,0,1350.7249048048582,1350.7249048048582
6.1699999999999995e-05,27.992835384866169,0,0,1130.9586934288618,1130.9586934288618
6.1799999999999998e-05,28.082928971827279,0,0,892.43911600532965,892.43911600532965
6.19e-05,28.148371499376456,0,0,639.26882650142886,639.26882650142886
6.2000000000000003e-05,28.187924513193195,0,0,375.81539129639691,375.81539129639691
6.2099999999999992e-05,28.2007966869791,0,0,106.63216033466902,106.63216033466902
6.2199999999999994e-05,28.188391334946786,-33.251648160533989,-33.251648160533989,0,0
6.2299999999999996e-05,28.177118233183467,-33.116404968124826,-33.116404968124826,0,0
6.2399999999999999e-05,28.165849639759127,-32.942497912898077,-32.942497912898077,0,0
6.2500000000000001e-05,28.154585552870788,-32.730269423278315,-32.730269423278315,0,0
6.2600000000000004e-05,28.143325970716198,-32.480139803521254,-32.480139803521254,0,0
6.2699999999999993e-05,28.132070891493825,-32.192606378635219,-32.192606378635219,0,0
6.2799999999999995e-05,28.120820313402856,-31.868242482794198,-31.868242482794198,0,0
6.2899999999999997e-05,28.109574234643194,-31.507696293300146,-31.507696293300146,0,0
6.3e-05,28.098332653415472,-31.111689512466125,-31.111689512466125,0,0
6.3100000000000002e-05,28.087095567921033,-30.68101590010053,-30.68101590010053,0,0
6.3199999999999991e-05,28.075862976361943,-30.2165396595767,-30.2165396595767,0,0
6.3299999999999994e-05,28.064634876940993,-29.719193680769283,-29.719193680769283,0,0
6.3399999999999996e-05,28.05341126786168,-29.189977643429817,-29.189977643429817,0,0
6.3499999999999999e-05,28.04219214732823,-28.629955984857592,-28.629955984857592,0,0
6.3600000000000001e-05,28.030977513545583,-28.040255735997125,-28.040255735997125,0,0
6.3700000000000003e-05,28.019767364719399,-27.422064230361759,-27.422064230361759,0,0
6.3799999999999992e-05,28.008561699056052,-26.776626690440327,-26.776626690440327,0,0
6.3899999999999995e-05,27.99736051476264,-26.105243696493449,-26.105243696493449,0,0
6.3999999999999997e-05,27.986163810046968,-25.409268542884615,-25.409268542884615,0,0
6.41e-05,27.974971583117565,-24.690104487319875,-24.690104487319875,0,0
6.4200000000000002e-05,27.963783832183676,-23.949201898587301,-23.949201898587301,0,0
6.4299999999999991e-05,27.952600555455259,-23.188055308593871,-23.188055308593871,0,0
6.4399999999999993e-05,27.94142175114299,-22.408200374691628,-22.408200374691628,0,0
6.4499999999999996e-05,27.930247417458261,-21.611210758467141,-21.611210758467141,0,0
6.4599999999999998e-05,27.919077552613178,-20.798694927338342,-20.798694927338342,0,0
6.4700000000000001e-05,27.907912154820565,-19.972292885459144,-19.972292885459144,0,0
6.4800000000000003e-05,27.896751222293954,-19.133672840576093,-19.133672840576093,0,0
6.4899999999999992e-05,27.885594753247599,-18.284527813611458,-18.284527813611458,0,0
6.4999999999999994e-05,27.874442745896463,-46.40218195396065,-46.40218195396065,0,0
6.5099999999999997e-05,27.863295198456228,-45.507353140679385,-45.507353140679385,0,0
6.5199999999999999e-05,27.852152109143283,-44.54837039850446,-44.54837039850446,0,0
6.5300000000000002e-05,27.841013476174734,-43.527171996554614,-43.527171996554614,0,0
6.539999999999999e-05,27.8298792977684,-42.445822617244772,-42.445822617244772,0,0
6.5499999999999993e-05,27.818749572142814,-41.306509158969959,-41.306509158969959,0,0
6.5599999999999995e-05,27.807624297517219,-40.111536290477488,-40.111536290477488,0,0
6.5699999999999998e-05,27.796503472111571,-38.863321765964869,-38.863321765964869,0,0
6.58e-05,27.78538709414654,-37.564391510426525,-37.564391510426525,0,0
6.5900000000000003e-05,27.774275161843502,-36.217374485239787,-36.217374485239787,0,0
6.5999999999999992e-05,27.763167673424547,-34.82499734442672,-34.82499734442672,0,0
6.6099999999999994e-05,27.752064627112482,-33.390078892453595,-33.390078892453595,0,0
6.6199999999999996e-05,27.740966021130816,-31.915524354833217,-31.915524354833217,0,0
6.6299999999999999e-05,27.729871853703774,-30.404319473175402,-30.404319473175402,0,0
6.6400000000000001e-05,27.718782123056286,-28.859524436687561,-28.859524436687561,0,0
6.6500000000000004e-05,27.707696827413997,-27.284267662459595,-27.284267662459595,0,0
6.6599999999999993e-05,27.696615965003261,-25.681739437174421,-25.681739437174421,0,0
6.6699999999999995e-05,27.685539534051138,-24.055185433166891,-24.055185433166891,0,0
6.6799999999999997e-05,27.674467532785396,-22.407900112009056,-22.407900112009056,0,0
6.69e-05,27.663399959434521,-20.743220029028208,-20.743220029028208,0,0
6.7000000000000002e-05,27.652336812227698,-19.064517052365098,-19.064517052365098,0,0
6.7099999999999991e-05,27.641278089394824,-17.375191510353513,-17.375191510353513,0,0
6.7199999999999994e-05,27.630223789166504,-15.678665281147582,-15.678665281147582,0,0
6.7299999999999996e-05,27.619173909774048,-13.978374838640629,-13.978374838640629,0,0
6.7399999999999998e-05,27.608128449449477,-12.277764268807896,-12.277764268807896,0,0
6.7500000000000001e-05,27.597087406425516,-10.580278270665435,-10.580278270665435,0,0
6.7600000000000003e-05,27.586050778935601,-8.8893551560685466,-8.8893551560685466,0,0
6.7699999999999992e-05,27.575018565213867,-7.2084198625753499,-7.2084198625753499,0,0
6.7799999999999995e-05,27.563990763495163,-5.5408769935743383,-5.5408769935743383,0,0
6.7899999999999997e-05,27.55296737201504,-3.8901038998191222,-3.8901038998191222,0,0
6.7999999999999999e-05,27.541948389009754,-2.2594438164294424,-2.2594438164294424,0,0
6.8100000000000002e-05,27.53093381271627,-0.6521990693043449,-0.6521990693043449,0,0
6.8199999999999991e-05,27.52004958250194,0,0,3.7387395541346686,3.7387395541346686
6.8299999999999993e-05,27.509998378965946,0,0,17.424483502688069,17.424483502688069
6.8399999999999996e-05,27.50193075345296,0,0,43.238996010176287,43.238996010176287
6.8499999999999998e-05,27.497025528325008,0,0,80.486068657299001,80.486068657299001
6.86e-05,27.496380954544371,0,0,128.26203275380672,128.26203275380672
6.8700000000000003e-05,27.500994791860794,0,0,185.47216152221503,185.47216152221503
6.8799999999999992e-05,27.511746212516933,0,0,250.85053099675324,250.85053099675324
6.8899999999999994e-05,27.529379856037025,0,0,322.98297950597009,322.98297950597009
6.8999999999999997e-05,27.55449232366437,0,0,400.33274952496936,400.33274952496936
6.9099999999999999e-05,27.587521356791232,0,0,481.26834714598471,481.26834714598471
6.9200000000000002e-05,27.62873789508258,0,0,564.09311430221078,564.09311430221078
6.929999999999999e-05,27.678241157813304,0,0,647.07597791508385,647.07597791508385
6.9399999999999993e-05,27.735956837163748,0,0,728.48281887935889,728.48281887935889
6.9499999999999995e-05,27.801638435841927,0,0,806.6078926372503,806.6078926372503
6.9599999999999998e-05,27.874871724444951,0,0,879.80473222362195,879.80473222362195
6.97e-05,27.95508223746798,0,0,946.51597410330248,946.51597410330248
6.9800000000000003e-05,28.041545671840101,0,0,1005.3015666969061,1005.3015666969061
6.9899999999999991e-05,28.133400999309536,0,0,1054.8648508473341,1054.8648508473341
6.9999999999999994e-05,28.229666054866957,0,0,1094.076040082602,1094.076040082602
7.0099999999999996e-05,28.340975615869596,0,0,1356.0703015727802,1356.0703015727802
7.0199999999999999e-05,28.477660021932156,0,0,1601.7565492638407,1601.7565492638407
7.0300000000000001e-05,28.637841213563057,0,0,1826.441968869929,1826.441968869929
7.0400000000000004e-05,28.819191043263253,0,0,2025.8143968775441,2025.8143968775441
7.0499999999999992e-05,29.018973479721389,0,0,2196.0203930807215,2196.0203930807215
7.0599999999999995e-05,29.234094196179349,0,0,2333.7349954537581,2333.7349954537581
7.0699999999999997e-05,29.461156643942484,0,0,2436.2218948649561,2436.2218948649561
7.08e-05,29.696523594648333,0,0,2501.3829408021679,2501.3829408021679
7.0900000000000002e-05,29.936383035970156,0,0,2527.7960826499861,2527.7960826499861
7.0999999999999991e-05,30.176817226706781,0,0,2514.7410606245235,2514.7410606245235
7.1099999999999994e-05,30.413873660122189,0,0,2462.2123824371879,2462.2123824371879
7.1199999999999996e-05,30.643636649977992,0,0,2370.9193521018997,2370.9193521018997
7.1299999999999998e-05,30.86229824257062,0,0,2242.2731518476762,2242.2731518476762
7.1400000000000001e-05,31.066227170441532,0,0,2078.3612126017001,2078.3612126017001
7.1500000000000003e-05,31.252034599046503,0,0,1881.9093387193718,1881.9093387193718
7.1599999999999992e-05,31.416635475901355,0,0,1656.2322743881912,1656.2322743881912
7.1699999999999995e-05,31.557304371508927,0,0,1405.173608406066,1405.173608406066
7.1799999999999997e-05,31.671724801268088,0,0,1133.0361070427502,1133.0361070427502
7.1899999999999999e-05,31.758031135758564,0,0,844.50373794150767,844.50373794150767
7.2000000000000002e-05,31.814842341141997,0,0,544.55679837106686,544.55679837106686
7.2099999999999991e-05,31.841286939485478,0,0,238.38168587480467,238.38168587480467
7.2199999999999993e-05,31.835124588540292,-37.691862776509112,-37.691862776509112,0,0
7.2299999999999996e-05,31.822393085175303,-37.268615253892548,-37.268615253892548,0,0
7.2399999999999998e-05,31.809666673393277,-36.801973590022868,-36.801973590022868,0,0
7.25e-05,31.796945351157984,-36.292873674278923,-36.292873674278923,0,0
7.2600000000000003e-05,31.784229116434016,-35.742337671916175,-35.742337671916175,0,0
7.2699999999999992e-05,31.771517967186774,-35.151471945805397,-35.151471945805397,0,0
7.2799999999999994e-05,31.758811901382476,-34.521464807093309,-34.521464807093309,0,0
7.2899999999999997e-05,31.746110916988147,-33.853584099358386,-33.853584099358386,0,0
7.2999999999999999e-05,31.733415011971633,-33.149174621173231,-33.149174621173231,0,0
7.3100000000000001e-05,31.720724184301591,-32.409655392313141,-32.409655392313141,0,0
7.319999999999999e-05,31.708038431947486,-31.636516769168484,-31.636516769168484,0,0
7.3299999999999993e-05,31.695357752879598,-30.831317415224543,-30.831317415224543,0,0
7.3399999999999995e-05,31.682682145069016,-29.995681132767064,-29.995681132767064,0,0
7.3499999999999998e-05,31.670011606487645,-29.131293562253777,-29.131293562253777,0,0
7.36e-05,31.657346135108199,-28.239898756060885,-28.239898756060885,0,0
7.3700000000000002e-05,31.644685728904204,-27.32329563356873,-27.32329563356873,0,0
7.3799999999999991e-05,31.63203038584999,-26.383334324792013,-26.383334324792013,0,0
7.3899999999999994e-05,31.619380103920708,-25.421912409986081,-25.421912409986081,0,0
7.3999999999999996e-05,31.606734881092308,-24.440971062872631,-24.440971062872631,0,0
7.4099999999999999e-05,31.594094715341559,-23.442491105323139,-23.442491105323139,0,0
7.4200000000000001e-05,31.581459604646032,-22.428488981519099,-22.428488981519099,0,0
7.429999999999999e-05,31.568829546984109,-21.401012659770831,-21.401012659770831,0,0
7.4399999999999992e-05,31.556204540334978,-20.362137470324154,-20.362137470324154,0,0
7.4499999999999995e-05,31.543584582678641,-19.313961887613889,-19.313961887613889,0,0
7.4599999999999997e-05,31.530969671995905,-18.258603265535985,-18.258603265535985,0,0
7.47e-05,31.518359806268386,-17.198193534405483,-17.198193534405483,0,0
7.4800000000000002e-05,31.5057549834785,-16.134874868345371,-16.134874868345371,0,0
7.4899999999999991e-05,31.493155201609479,-15.070795331911111,-15.070795331911111,0,0
7.4999999999999993e-05,31.48056045864536,-42.983714270895476,-42.983714270895476,0,0
7.5099999999999996e-05,31.467970752570981,-41.894764029367195,-41.894764029367195,0,0
7.5199999999999998e-05,31.455386081371987,-40.752666523683516,-40.752666523683516,0,0
7.5300000000000001e-05,31.442806443034836,-39.559730543033936,-39.559730543033936,0,0
7.5400000000000003e-05,31.430231835546781,-38.318368165669483,-38.318368165669483,0,0
7.5499999999999992e-05,31.417662256895888,-37.031089855903247,-37.031089855903247,0,0
7.5599999999999994e-05,31.405097705071022,-35.700499361234066,-35.700499361234066,0,0
7.5699999999999997e-05,31.392538178061855,-34.329288419965721,-34.329288419965721,0,0
7.5799999999999999e-05,31.379983673858867,-32.92023129007903,-32.92023129007903,0,0
7.5900000000000002e-05,31.367434190453331,-31.476179110477094,-31.476179110477094,0,0
7.5999999999999991e-05,31.354889725837332,-30.000054106064709,-30.000054106064709,0,0
7.6099999999999993e-05,31.342350278003757,-28.494843648440096,-28.494843648440096,0,0
7.6199999999999995e-05,31.329815844946292,-26.963594184270264,-26.963594184270264,0,0
7.6299999999999998e-05,31.317286424659432,-25.409405043690235,-25.409405043690235,0,0
7.64e-05,31.304762015138465,-23.835422141309913,-23.835422141309913,0,0
7.6500000000000003e-05,31.292242614379486,-22.244831582630489,-22.244831582630489,0,0
7.6599999999999992e-05,31.279728220379393,-20.640853188864337,-20.640853188864337,0,0
7.6699999999999994e-05,31.267218831135882,-19.026733953318043,-19.026733953318043,0,0
7.6799999999999997e-05,31.254714444647451,-17.40574144263709,-17.40574144263709,0,0
7.6899999999999999e-05,31.242215058913398,-15.781157156322614,-15.781157156322614,0,0
7.7000000000000001e-05,31.229720671933823,-14.156269858015309,-14.156269858015309,0,0
7.709999999999999e-05,31.217231281709619,-12.534368892098737,-12.534368892098737,0,0
7.7199999999999993e-05,31.204746886242489,-10.918737499203981,-10.918737499203981,0,0
7.7299999999999995e-05,31.192267483534927,-9.3126461441996167,-9.3126461441996167,0,0
7.7399999999999998e-05,31.179793071590229,-7.7193458702255233,-7.7193458702255233,0,0
7.75e-05,31.167323648412488,-6.1420616922758544,-6.1420616922758544,0,0
7.7600000000000002e-05,31.154859212006595,-4.5839860437560489,-4.5839860437560489,0,0
7.7699999999999991e-05,31.142399760378247,-3.0482722893308605,-3.0482722893308605,0,0
7.7799999999999994e-05,31.129945291533925,-1.5380283172455886,-1.5380283172455886,0,0
7.7899999999999996e-05,31.117495803480917,-0.056310224140961651,-0.056310224140961651,0,0
7.7999999999999999e-05,31.105240455046733,0,0,5.656067506979233,5.656067506979233
7.8100000000000001e-05,31.094118876562334,0,0,22.585395014116493,22.585395014116493
7.819999999999999e-05,31.085246851011643,0,0,50.455449418108422,50.455449418108422
7.8299999999999992e-05,31.079680795630907,0,0,88.503356907753613,88.503356907753613
7.8399999999999995e-05,31.078391071311977,0,0,135.78157977609484,135.78157977609484
7.8499999999999997e-05,31.082244387336502,0,0,191.17511189225073,191.17511189225073
7.86e-05,31.091988086733561,0,0,253.4217055215021,253.4217055215021
7.8700000000000002e-05,31.10823659668058,0,0,321.13476278316608,321.13476278316608
7.8799999999999991e-05,31.131460289120067,0,0,392.82847681402632,392.82847681402632
7.8899999999999993e-05,31.161976953080906,0,0,466.94476700439856,466.94476700439856
7.8999999999999996e-05,31.199946032864847,0,0,541.88152023062901,541.88152023062901
7.9099999999999998e-05,31.245365736143711,0,0,616.02162640864105,616.02162640864105
7.9200000000000001e-05,31.298073064019071,0,0,687.76228236449936,687.76228236449936
7.9300000000000003e-05,31.357746762165501,0,0,755.54403321830569,755.54403321830569
7.9399999999999992e-05,31.423913139269718,0,0,817.87902529293194,817.87902529293194
7.9499999999999994e-05,31.495954647049718,0,0,873.3779589008094,873.3779589008094
7.9599999999999997e-05,31.573121066130199,0,0,920.77525296936903,920.77525296936903
7.9699999999999999e-05,31.654543094869439,0,0,958.95196591011029,958.95196591011029
7.9800000000000002e-05,31.739248094731909,0,0,986.95605782900316,986.95605782900316
7.9899999999999991e-05,31.82617770676827,0,0,1004.0196273789866,1004.0196273789866
7.9999999999999993e-05,31.914207019906257,0,0,1009.5728113947819,1009.5728113947819
8.0099999999999995e-05,32.013885240979413,0,0,1237.3317218233415,1237.3317218233415
8.0199999999999998e-05,32.135515869744154,0,0,1448.7967152330077,1448.7967152330077
8.03e-05,32.277253228814374,0,0,1639.866205237686,1639.866205237686
8.0400000000000003e-05,32.436860193453313,0,0,1806.8083340447054,1806.8083340447054
8.0499999999999992e-05,32.61174875250807,0,0,1946.3285365858251,1946.3285365858251
8.0599999999999994e-05,32.799026921445559,0,0,2055.6291763506924,2055.6291763506924
8.0699999999999996e-05,32.995551157039635,0,0,2132.4601736647128,2132.4601736647128
8.0799999999999999e-05,33.197983323706381,0,0,2175.1597104282087,2175.1597104282087
8.0900000000000001e-05,33.402851179150886,0,0,2182.6842751808863,2182.6842751808863
8.099999999999999e-05,33.606611283362874,0,0,2154.6275055155584,2154.6275055155584
8.1099999999999993e-05,33.80571319123073,0,0,2091.2274878376247,2091.2274878376247
8.1199999999999995e-05,33.996663765924183,0,0,1993.3623835745002,1993.3623835745002
8.1299999999999997e-05,34.176090448141728,0,0,1862.5344623937438,1862.5344623937438
8.14e-05,34.340802335364529,0,0,1700.8428329598594,1700.8428329598594
8.1500000000000002e-05,34.487847965056474,0,0,1510.9453664445887,1510.9453664445887
8.1599999999999991e-05,34.614568755577181,0,0,1296.0105036972216,1296.0105036972216
8.1699999999999994e-05,34.718647137345449,0,0,1059.6598201365407,1059.6598201365407
8.1799999999999996e-05,34.798148503075033,0,0,805.90238972849454,805.90238972849454
8.1899999999999999e-05,34.851556217958169,0,0,539.06213783506439,539.06213783506439
8.2000000000000001e-05,34.877799056461996,0,0,263.69949957391685,263.69949957391685
8.209999999999999e-05,34.875582313686365,-34.474065558753196,-34.474065558753196,0,0
8.2199999999999992e-05,34.861634870435509,-34.370408515670107,-34.370408515670107,0,0
8.2299999999999995e-05,34.847693005046303,-34.232331418562353,-34.232331418562353,0,0
8.2399999999999997e-05,34.833756715288054,-34.060101115290479,-34.060101115290479,0,0
8.25e-05,34.819825998930952,-33.854053861032213,-33.854053861032213,0,0
8.2600000000000002e-05,34.805900853746088,-33.614594634108144,-33.614594634108144,0,0
8.2699999999999991e-05,34.791981277505435,-33.342196312159203,-33.342196312159203,0,0
8.2799999999999993e-05,34.778067267981861,-33.037398710351582,-33.037398710351582,0,0
8.2899999999999996e-05,34.764158822949121,-32.700807483565356,-32.700807483565356,0,0
8.2999999999999998e-05,34.750255940181866,-32.333092894799449,-32.333092894799449,0,0
8.3100000000000001e-05,34.736358617455636,-31.93498845229735,-31.93498845229735,0,0
8.3199999999999989e-05,34.722466852546859,-31.507289418164749,-31.507289418164749,0,0
8.3299999999999992e-05,34.70858064323285,-31.050851191511402,-31.050851191511402,0,0
8.3399999999999994e-05,34.69469998729182,-30.566587569404479,-30.566587569404479,0,0
8.3499999999999997e-05,34.680824882502861,-30.055468889168925,-30.055468889168925,0,0
8.3599999999999999e-05,34.666955326645962,-29.518520055811411,-29.518520055811411,0,0
8.3700000000000002e-05,34.653091317501989,-28.956818458577846,-28.956818458577846,0,0
8.379999999999999e-05,34.6392328528527,-28.371491780879804,-28.371491780879804,0,0
8.3899999999999993e-05,34.62537993048074,-27.763715708041605,-27.763715708041605,0,0
8.3999999999999995e-05,34.611532548169642,-27.134711537527682,-27.134711537527682,0,0
8.4099999999999998e-05,34.597690703703826,-26.485743696507665,-26.485743696507665,0,0
8.42e-05,34.583854394868595,-25.818117171805238,-25.818117171805238,0,0
8.4300000000000003e-05,34.57002361945014,-25.133174857454339,-25.133174857454339,0,0
8.4399999999999992e-05,34.556198375235539,-24.4322948252542,-24.4322948252542,0,0
8.4499999999999994e-05,34.542378660012751,-23.716887523870543,-23.716887523870543,0,0
8.4599999999999996e-05,34.528564471570625,-22.988392912176028,-22.988392912176028,0,0
8.4699999999999999e-05,34.51475580769889,-22.248277532655859,-22.248277532655859,0,0
8.4800000000000001e-05,34.500952666188155,-21.498031530827067,-21.498031530827067,0,0
8.489999999999999e-05,34.487155044829919,-20.739165626728738,-20.739165626728738,0,0
8.4999999999999993e-05,34.473362941416568,-48.948817800735995,-48.948817800735995,0,0
8.5099999999999995e-05,34.459576353741355,-48.147516273119848,-48.147516273119848,0,0
8.5199999999999997e-05,34.445795279598435,-47.283397305527714,-47.283397305527714,0,0
8.53e-05,34.432019716782833,-46.358203691447954,-46.358203691447954,0,0
8.5400000000000002e-05,34.418249663090457,-45.373802322395186,-45.373802322395186,0,0
8.5499999999999991e-05,34.404485116318106,-44.33218039256549,-44.33218039256549,0,0
8.5599999999999994e-05,34.390726074263448,-43.235441359063188,-43.235441359063188,0,0
8.5699999999999996e-05,34.376972534725034,-42.085800665911592,-42.085800665911592,0,0
8.5799999999999998e-05,34.363224495502294,-40.885581240540184,-40.885581240540184,0,0
8.5900000000000001e-05,34.34948195439555,-39.637208771902834,-39.637208771902834,0,0
8.599999999999999e-05,34.335744909205992,-38.343206779825316,-38.343206779825316,0,0
8.6099999999999992e-05,34.322013357735692,-37.006191485604674,-37.006191485604674,0,0
8.6199999999999995e-05,34.308287297787601,-35.628866494286541,-35.628866494286541,0,0
8.6299999999999997e-05,34.294566727165552,-34.214017299429251,-34.214017299429251,0,0
8.6399999999999999e-05,34.280851643674254,-32.764505621524066,-32.764505621524066,0,0
8.6500000000000002e-05,34.267142045119293,-31.283263591578887,-31.283263591578887,0,0
8.6599999999999991e-05,34.253437929307132,-29.773287791687153,-29.773287791687153,0,0
8.6699999999999993e-05,34.239739294045108,-28.237633164694302,-28.237633164694302,0,0
8.6799999999999996e-05,34.226046137141445,-26.679406805339898,-26.679406805339898,0,0
8.6899999999999998e-05,34.212358456405241,-25.101761645494264,-25.101761645494264,0,0
8.7000000000000001e-05,34.198676249646461,-23.507890046323595,-23.507890046323595,0,0
8.7099999999999989e-05,34.184999514675951,-21.901017310406409,-21.901017310406409,0,0
8.7199999999999992e-05,34.171328249305439,-20.284395126986823,-20.284395126986823,0,0
8.7299999999999994e-05,34.15766245134752,-18.661294963685688,-18.661294963685688,0,0
8.7399999999999997e-05,34.144002118615667,-17.035001418099434,-17.035001418099434,0,0
8.7499999999999999e-05,34.130347248924224,-15.408805542797769,-15.408805542797769,0,0
8.7600000000000002e-05,34.116697840088413,-13.785998157285139,-13.785998157285139,0,0
8.769999999999999e-05,34.103053889924333,-12.169863160517465,-12.169863160517465,0,0
8.7799999999999993e-05,34.089415396248945,-10.563670857564063,-10.563670857564063,0,0
8.7899999999999995e-05,34.075782356880097,-8.9706713139759628,-8.9706713139759628,0,0
8.7999999999999998e-05,34.062154769636493,-7.3940877513653076,-7.3940877513653076,0,0
8.81e-05,34.048532632337725,-5.8371099976165457,-5.8371099976165457,0,0
8.8200000000000003e-05,34.034915942804254,-4.3028880050390441,-4.3028880050390441,0,0
8.8299999999999991e-05,34.021304698857406,-2.7945254496324079,-2.7945254496324079,0,0
8.8399999999999994e-05,34.007698898319383,-1.3150734244709366,-1.3150734244709366,0,0
8.8499999999999996e-05,33.994116586426046,0,0,0.52651636903364751,0.52651636903364751
8.8599999999999999e-05,33.980818244326926,0,0,7.3060595448247554,7.3060595448247554
8.8700000000000001e-05,33.968765235640227,0,0,25.246574637906939,25.246574637906939
8.879999999999999e-05,33.959044271030649,0,0,53.741738167885835,53.741738167885835
8.8899999999999992e-05,33.95267132632749,0,0,91.993732826902232,91.993732826902232
8.8999999999999995e-05,33.95057322155057,0,0,139.02773294363263,139.02773294363263
8.9099999999999997e-05,33.95357081820017,0,0,193.70959439927063,193.70959439927063
8.92e-05,33.96236413896866,0,0,254.76642821532957,254.76642821532957
8.9300000000000002e-05,33.977519679176261,0,0,320.80968483877882,320.80968483877882
8.9399999999999991e-05,33.999460139504578,0,0,390.36033071725785,390.36033071725785
8.9499999999999994e-05,34.028456765718772,0,0,461.87566090804063,461.87566090804063
8.9599999999999996e-05,34.064624433828257,0,0,533.7772618837256,533.7772618837256
8.9699999999999998e-05,34.107919569392656,0,0,604.47961792014223,604.47961792014223
8.9800000000000001e-05,34.158140938335428,0,0,672.41884285302569,672.41884285302569
8.989999999999999e-05,34.214933294612486,0,0,736.08101677864443,736.08101677864443
8.9999999999999992e-05,34.277793818339326,0,0,794.02961448875601,794.02961448875601
9.0099999999999995e-05,34.357801524739443,0,0,1079.0091548315595,1079.0091548315595
9.0199999999999997e-05,34.465687850964891,0,0,1351.4610814367327,1351.4610814367327
9.0299999999999999e-05,34.599925444194518,0,0,1606.1567659363852,1606.1567659363852
9.0400000000000002e-05,34.758480135963921,0,0,1838.1896021122288,1838.1896021122288
9.0499999999999991e-05,34.938847838031492,0,0,2043.063854378649,2043.063854378649
9.0599999999999993e-05,35.138099946884417,0,0,2216.7760541049465,2216.7760541049465
9.0699999999999996e-05,35.352936433510543,0,0,2355.8874703227539,2355.8874703227539
9.0799999999999998e-05,35.579745655955335,0,0,2457.5863432005735,2457.5863432005735
9.09e-05,35.814669810525629,0,0,2519.7387542417127,2519.7387542417127
9.0999999999999989e-05,36.053674835495016,0,0,2540.9272131106636,2540.9272131106636
9.1099999999999992e-05,36.292623500654642,0,0,2520.4762635835336,2520.4762635835336
9.1199999999999994e-05,36.527350358494026,0,0,2458.4646463168801,2458.4646463168801
9.1299999999999997e-05,36.753737199229306,0,0,2355.7237996746817,2355.7237996746817
9.1399999999999999e-05,36.967787642925657,0,0,2213.822727332994,2213.822727332994
9.1500000000000001e-05,37.165699517746773,0,0,2035.0395083130838,2035.0395083130838
9.159999999999999e-05,37.34393371361859,0,0,1822.319967004004,1822.319967004004
9.1699999999999993e-05,37.499278264584021,0,0,1579.2242532435691,1579.2242532435691
9.1799999999999995e-05,37.628906499690032,0,0,1309.8623014222737,1309.8623014222737
9.1899999999999998e-05,37.730428209815955,0,0,1018.8193388945994,1018.8193388945994
9.2e-05,37.801932904472828,0,0,711.07279408197689,711.07279408197689
9.2100000000000003e-05,37.842024375981772,0,0,391.90211027172688,391.90211027172688
9.2199999999999991e-05,37.849845945975716,0,0,66.793099440712453,66.793099440712453
9.2299999999999994e-05,37.832737751758216,-40.101468790053431,-40.101468790053431,0,0
9.2399999999999996e-05,37.817607682873025,-39.950201172875566,-39.950201172875566,0,0
9.2499999999999999e-05,37.802483664805145,-39.756178769803114,-39.756178769803114,0,0
9.2600000000000001e-05,37.787365695134731,-39.519781019103277,-39.519781019103277,0,0
9.269999999999999e-05,37.772253771442912,-39.241473474205108,-39.241473474205108,0,0
9.2799999999999992e-05,37.757147891311774,-38.921806856566192,-38.921806856566192,0,0
9.2899999999999995e-05,37.742048052324378,-38.561415935475353,-38.561415935475353,0,0
9.2999999999999997e-05,37.726954252064751,-38.161018237070138,-38.161018237070138,0,0
9.31e-05,37.711866488117884,-37.721412585194614,-37.721412585194614,0,0
9.3200000000000002e-05,37.696784758069739,-37.243477477064587,-37.243477477064587,0,0
9.3299999999999991e-05,37.681709059507234,-36.728169297043422,-36.728169297043422,0,0
9.3399999999999993e-05,37.666639390018261,-36.176520372160212,-36.176520372160212,0,0
9.3499999999999996e-05,37.651575747191671,-35.589636873323641,-35.589636873323641,0,0
9.3599999999999998e-05,37.636518128617276,-34.968696566498636,-34.968696566498636,0,0
9.3700000000000001e-05,37.621466531885865,-34.314946418417605,-34.314946418417605,0,0
9.379999999999999e-05,37.606420954589176,-33.629700061693541,-33.629700061693541,0,0
9.3899999999999992e-05,37.591381394319924,-32.914335124488119,-32.914335124488119,0,0
9.3999999999999994e-05,37.576347848671773,-32.170290430162794,-32.170290430162794,0,0
9.4099999999999997e-05,37.561320315239357,-31.399063072605561,-31.399063072605561,0,0
9.4199999999999999e-05,37.54629879161827,-30.602205373178027,-30.602205373178027,0,0
9.4300000000000002e-05,37.531283275405073,-29.781321725468334,-29.781321725468334,0,0
9.4399999999999991e-05,37.51627376419728,-28.938065334263303,-28.938065334263303,0,0
9.4499999999999993e-05,37.501270255593369,-28.074134855367983,-28.074134855367983,0,0
9.4599999999999996e-05,37.486272747192778,-27.1912709431023,-27.1912709431023,0,0
9.4699999999999998e-05,37.471281236595907,-26.291252712491886,-26.291252712491886,0,0
9.48e-05,37.456295721404118,-25.375894123343674,-25.375894123343674,0,0
9.4899999999999989e-05,37.44131619921972,-24.447040293555236,-24.447040293555236,0,0
9.4999999999999992e-05,37.426342667645997,-52.482173505248369,-52.482173505248369,0,0
9.5099999999999994e-05,37.411375124287176,-51.502175484530369,-51.502175484530369,0,0
9.5199999999999997e-05,37.396413566748457,-50.455544484480455,-50.455544484480455,0,0
9.5299999999999999e-05,37.381457992635987,-49.344393039884736,-49.344393039884736,0,0
9.5400000000000001e-05,37.366508399556878,-48.170964781952065,-48.170964781952065,0,0
9.549999999999999e-05,37.351564785119194,-46.937629877286852,-46.937629877286852,0,0
9.5599999999999993e-05,37.336627146931953,-45.646880209777144,-45.646880209777144,0,0
9.5699999999999995e-05,37.321695482605136,-44.301324315191778,-44.301324315191778,0,0
9.5799999999999998e-05,37.306769789749673,-42.903682078783731,-42.903682078783731,0,0
9.59e-05,37.291850065977457,-41.456779206677695,-41.456779206677695,0,0
9.6000000000000002e-05,37.276936308901334,-39.963541482279794,-39.963541482279794,0,0
9.6099999999999991e-05,37.262028516135096,-38.426988819383823,-38.426988819383823,0,0
9.6199999999999994e-05,37.247126685293502,-36.850229124061798,-36.850229124061798,0,0
9.6299999999999996e-05,37.23223081399226,-35.236451977814525,-35.236451977814525,0,0
9.6399999999999999e-05,37.217340899848026,-33.588922154821411,-33.588922154821411,0,0
9.6500000000000001e-05,37.202456940478413,-31.910972986465538,-31.910972986465538,0,0
9.659999999999999e-05,37.187578933501989,-30.205999586620131,-30.205999586620131,0,0
9.6699999999999992e-05,37.172706876538278,-28.477451951465547,-28.477451951465547,0,0
9.6799999999999995e-05,37.157840767207745,-26.728827947860573,-26.728827947860573,0,0
9.6899999999999997e-05,37.142980603131811,-24.963666204518198,-24.963666204518198,0,0
9.7e-05,37.128126381932852,-23.185538920433263,-23.185538920433263,0,0
9.7100000000000002e-05,37.113278101234194,-21.398044605177596,-21.398044605177596,0,0
9.7199999999999991e-05,37.098435758660116,-19.604800765816176,-19.604800765816176,0,0
9.7299999999999993e-05,37.083599351835836,-17.80943655530654,-17.80943655530654,0,0
9.7399999999999996e-05,37.06876887838753,-16.01558539732148,-16.01558539732148,0,0
9.7499999999999998e-05,37.053944335942326,-14.226877602482819,-14.226877602482819,0,0
9.7600000000000001e-05,37.039125722128297,-12.446932991011582,-12.446932991011582,0,0
9.769999999999999e-05,37.024313034574462,-10.679353536786209,-10.679353536786209,0,0
9.7799999999999992e-05,37.009506270910791,-8.9277160477572881,-8.9277160477572881,0,0
9.7899999999999994e-05,36.994705428768199,-7.1955648975927513,-7.1955648975927513,0,0
9.7999999999999997e-05,36.979910505778555,-5.486404823323527,-5.486404823323527,0,0
9.8099999999999999e-05,36.965121499574671,-3.8036938036251584,-3.8036938036251584,0,0
9.8200000000000002e-05,36.950338407790305,-2.1508360322068558,-2.1508360322068558,0,0
9.8299999999999991e-05,36.935561228060166,-0.53117500058618106,-0.53117500058618106,0,0
9.8399999999999993e-05,36.920932905804818,0,0,4.2383131149799791,4.2383131149799791
9.8499999999999995e-05,36.907220514541649,0,0,18.881220999074166,18.881220999074166
9.8599999999999998e-05,36.89558360432801,0,0,45.532072960093068,45.532072960093068
9.87e-05,36.887184234134786,0,0,83.402229872837637,83.402229872837637
9.8799999999999989e-05,36.883094838829187,0,0,131.49950365261782,131.49950365261782
9.8899999999999992e-05,36.884278785058441,0,0,188.64616580784744,188.64616580784744
9.8999999999999994e-05,36.89157290629602,0,0,253.50031458035758,253.50031458035758
9.9099999999999996e-05,36.905672333161995,0,0,324.58021327106786,324.58021327106786
9.9199999999999999e-05,36.92711789351889,0,0,400.2911585768544,400.2911585768544
9.9300000000000001e-05,36.956286310267451,0,0,478.9543919896783,478.9543919896783
9.939999999999999e-05,36.993383374066568,0,0,558.83753035947257,558.83753035947257
9.9499999999999993e-05,37.038440214297466,0,0,638.18596426617194,638.18596426617194
9.9599999999999995e-05,37.0913127354601,0,0,715.25465537983291,715.25465537983291
9.9699999999999998e-05,37.151684228847849,0,0,788.3397568262377,788.3397568262377
9.98e-05,37.2190711118322,0,0,855.80948384725434,855.80948384725434
9.9899999999999989e-05,37.292831690445169,0,0,916.13367569006243,916.13367569006243
9.9999999999999991e-05,37.372177786198975,0,0,967.91151342882949,967.91151342882949
0.00010009999999999999,37.467909313515925,0,0,1243.9745177761449,1243.9745177761449
0.0001002,37.590489921206505,0,0,1504.9008492314395,1504.9008492314395
0.0001003,37.738140629860723,0,0,1745.6458304331757,1745.6458304331757
0.0001004,37.908596362296237,0,0,1961.5307041835117,1961.5307041835117
0.00010049999999999999,38.099147019877812,0,0,2148.327351079311,2148.327351079311
0.00010059999999999999,38.306686616135408,0,0,2302.3348351647223,2302.3348351647223
0.00010069999999999999,38.527769576814364,0,0,2420.4463920925509,2420.4463920925509
0.0001008,38.75867318578932,0,0,2500.2056475524892,2500.2056475524892
0.0001009,38.995465045072571,0,0,2539.8510489322339,2539.8510489322339
0.000101,39.234074326458085,0,0,2538.3477067843537,2538.3477067843537
0.00010109999999999999,39.470365523806052,0,0,2495.4060708063489,2495.4060708063489
0.00010119999999999999,39.700213369827011,0,0,2411.4871035698702,2411.4871035698702
0.0001013,39.919577560285781,0,0,2287.7938598359788,2287.7938598359788
0.0001014,40.124575932188868,0,0,2126.2496255354986,2126.2496255354986
0.0001015,40.311554770676693,0,0,1929.4630139166873,1929.4630139166873
0.00010159999999999999,40.477154971500859,0,0,1700.6806525578772,1700.6806525578772
0.00010169999999999999,40.618372861178884,0,0,1443.7283196331039,1443.7283196331039
0.00010179999999999999,40.732614573820285,0,0,1162.9415969356244,1162.9415969356244
0.0001019,40.817743000449966,0,0,863.08729692174245,863.08729692174245
0.000102,40.87211646129979,0,0,549.27708800068297,549.27708800068297
0.0001021,40.894618401556045,0,0,226.87488344388302,226.87488344388302
0.00010219999999999999,40.882735415203626,-40.079456797351327,-40.079456797351327,0,0
0.00010229999999999999,40.866385591220343,-39.950831677691681,-39.950831677691681,0,0
0.0001024,40.850042305858835,-39.782548259077586,-39.782548259077586,0,0
0.0001025,40.833705556504185,-39.57493239721471,-39.57493239721471,0,0
0.0001026,40.817375340542512,-39.32838988043973,-39.32838988043973,0,0
0.00010269999999999999,40.801051655360979,-39.043405604114568,-39.043405604114568,0,0
0.00010279999999999999,40.784734498347802,-38.720542584272337,-38.720542584272337,0,0
0.00010289999999999999,40.768423866892228,-38.360440812521162,-38.360440812521162,0,0
0.000103,40.752119758384559,-37.963815954535207,-37.963815954535207,0,0
0.0001031,40.735822170216139,-37.531457894779265,-37.531457894779265,0,0
0.0001032,40.719531099779353,-37.064229130426526,-37.064229130426526,0,0
0.00010329999999999999,40.703246544467632,-36.563063017735018,-36.563063017735018,0,0
0.00010339999999999999,40.686968501675445,-36.028961874447972,-36.028961874447972,0,0
0.00010349999999999999,40.670696968798303,-35.462994942076634,-35.462994942076634,0,0
0.0001036,40.654431943232765,-34.866296212207601,-34.866296212207601,0,0
0.0001037,40.638173422376425,-34.240062121254013,-34.240062121254013,0,0
0.00010379999999999999,40.621921403627923,-33.585549118336758,-33.585549118336758,0,0
0.00010389999999999999,40.605675884386926,-32.904071111239745,-32.904071111239745,0,0
0.00010399999999999999,40.589436862054157,-32.19699679563071,-32.19699679563071,0,0
0.0001041,40.573204334031374,-31.465746872976954,-31.465746872976954,0,0
0.0001042,40.556978297721372,-30.711791162810396,-30.711791162810396,0,0
0.0001043,40.540758750527985,-29.936645615212175,-29.936645615212175,0,0
0.00010439999999999999,40.524545689856083,-29.141869229588611,-29.141869229588611,0,0
0.00010449999999999999,40.508339113111582,-28.329060886001681,-28.329060886001681,0,0
0.00010459999999999999,40.492139017701419,-27.499856095493957,-27.499856095493957,0,0
0.0001047,40.475945401033584,-26.655923676013128,-26.655923676013128,0,0
0.0001048,40.459758260517106,-25.798962360691892,-25.798962360691892,0,0
0.0001049,40.443577593562033,-24.930697345376768,-24.930697345376768,0,0
0.00010499999999999999,40.427403397579461,-53.0284865385199,-53.0284865385199,0,0
0.00010509999999999999,40.411235669981522,-52.113083093742105,-52.113083093742105,0,0
0.0001052,40.395074408181372,-51.13285275415069,-51.13285275415069,0,0
0.0001053,40.378919609593218,-50.089771876404171,-50.089771876404171,0,0
0.0001054,40.362771271632283,-48.985944522208825,-48.985944522208825,0,0
0.00010549999999999999,40.346629391714842,-47.823598180960929,-47.823598180960929,0,0
0.00010559999999999999,40.330493967258185,-46.605079241615798,-46.605079241615798,0,0
0.00010569999999999999,40.314364995680648,-45.332848222988744,-45.332848222988744,0,0
0.0001058,40.298242474401597,-44.009474772183601,-44.009474772183601,0,0
0.0001059,40.282126400841427,-42.637632441315766,-42.637632441315766,0,0
0.000106,40.266016772421573,-41.220093253146871,-41.220093253146871,0,0
0.00010609999999999999,40.249913586564489,-39.759722066677284,-39.759722066677284,0,0
0.00010619999999999999,40.233816840693663,-38.259470754148921,-38.259470754148921,0,0
0.0001063,40.217726532233613,-36.722372201293879,-36.722372201293879,0,0
0.0001064,40.201642658609899,-35.151534143023554,-35.151534143023554,0,0
0.0001065,40.185565217249092,-33.550132847087205,-33.550132847087205,0,0
0.00010659999999999999,40.169494205578808,-31.921406658537578,-31.921406658537578,0,0
0.00010669999999999999,40.153429621027684,-30.268649418123957,-30.268649418123957,0,0
0.00010679999999999999,40.137371461025381,-28.595203767989247,-28.595203767989247,0,0
0.0001069,40.1213197230026,-26.904454358276158,-26.904454358276158,0,0
0.000107,40.105274404391061,-25.199820968449217,-25.199820968449217,0,0
0.0001071,40.089235502623509,-23.484751557312038,-23.484751557312038,0,0
0.00010719999999999999,40.073203015133728,-21.762715255844384,-21.762715255844384,0,0
0.00010729999999999999,40.057176939356509,-20.037195317099311,-20.037195317099311,0,0
0.00010739999999999999,40.041157272727688,-18.311682037487977,-18.311682037487977,0,0
0.0001075,40.025144012684116,-16.589665663837451,-16.589665663837451,0,0
0.0001076,40.00913715666367,-14.87462930063584,-14.87462930063584,0,0
0.00010769999999999999,39.993136702105254,-13.170041831878304,-13.170041831878304,0,0
0.00010779999999999999,39.977142646448797,-11.479350871897742,-11.479350871897742,0,0
0.00010789999999999999,39.961154987135252,-9.8059757595048929,-9.8059757595048929,0,0
0.000108,39.945173721606587,-8.1533006096743605,-8.1533006096743605,0,0
0.0001081,39.929198847305805,-6.5246674368959949,-6.5246674368959949,0,0
0.0001082,39.913230361676924,-4.9233693641651755,-4.9233693641651755,0,0
0.00010829999999999999,39.897268262164985,-3.3526439314114462,-3.3526439314114462,0,0
0.00010839999999999999,39.881312546216051,-1.8156665169626809,-1.8156665169626809,0,0
0.00010849999999999999,39.865363211277213,-0.31554388541194456,-0.31554388541194456,0,0
0.0001086,39.849575918243161,0,0,4.6243892489717036,4.6243892489717036
0.0001087,39.834751944940308,0,0,19.516481414549297,19.516481414549297
0.00010879999999999999,39.821976925056475,0,0,45.375483981047886,45.375483981047886
0.00010889999999999999,39.81230820791567,0,0,81.403179274690984,81.403179274690984
0.00010899999999999999,39.806713557215701,0,0,126.61688842928984,126.61688842928984
0.0001091,39.80605360950166,0,0,179.86730657918204,179.86730657918204
0.0001092,39.811066276529701,0,0,239.85935406560273,239.85935406560273
0.0001093,39.822353373813989,0,0,305.17566563830871,305.17566563830871
0.00010939999999999999,39.84036971729526,0,0,374.30229189637623,374.30229189637623
0.00010949999999999999,39.865414885337017,0,0,445.65614719126108,445.65614719126108
0.00010959999999999999,39.897627794956655,0,0,517.61370663544392,517.61370663544392
0.0001097,39.936984190208058,0,0,588.54043229231593,588.54043229231593
0.0001098,39.983297087874092,0,0,656.82039547511158,656.82039547511158
0.0001099,40.036220172057362,0,0,720.88555859173869,720.88555859173869
0.00010999999999999999,40.095254075845709,0,0,779.24418620040512,779.24418620040512
0.00011009999999999999,40.171475733237862,0,0,1064.5854966653976,1064.5854966653976
0.0001102,40.275609009401279,0,0,1337.2965466944788,1337.2965466944788
0.0001103,40.406113631869026,0,0,1592.0962217077013,1592.0962217077013
0.0001104,40.56093740502611,0,0,1824.0282825898398,1824.0282825898398
0.00011049999999999999,40.737553438828314,0,0,2028.5511149857236,2028.5511149857236
0.00011059999999999999,40.933005972817611,0,0,2201.6199583314356,2201.6199583314356
0.00011069999999999999,41.143963964451146,0,0,2339.7601260924785,2339.7601260924785
0.0001108,41.366781470223629,0,0,2440.129892024263,2440.129892024263
0.0001109,41.597563725137981,0,0,2500.5719045984711,2500.5719045984711
0.000111,41.832237722992346,0,0,2519.6521996552333,2519.6521996552333
0.00011109999999999999,42.066626018566453,0,0,2496.686106077354,2496.686106077354
0.00011119999999999999,42.29652241457989,0,0,2431.7505767664807,2431.7505767664807
0.00011129999999999999,42.517768162309466,0,0,2325.6827231292486,2325.6827231292486
0.0001114,42.726327295606339,0,0,2180.0645811986092,2180.0645811986092
0.0001115,42.918359733908119,0,0,1997.1943868946735,1997.1943868946735
0.00011159999999999999,43.090290830407064,0,0,1780.0448822535827,1780.0448822535827
0.00011169999999999999,43.238876106075068,0,0,1532.2094092973437,1532.2094092973437
0.00011179999999999999,43.361259997587425,0,0,1257.8367693297091,1257.8367693297091
0.0001119,43.455027555746305,0,0,961.55602881962591,961.55602881962591
0.000112,43.518248158812135,0,0,648.39263499287495,648.39263499287495
0.0001121,43.549510449889809,0,0,323.67736150097505,323.67736150097505
0.00011219999999999999,43.547609918549696,-40.945068533175359,-40.945068533175359,0,0
0.00011229999999999999,43.530194357926611,-40.988517658326472,-40.988517658326472,0,0
0.00011239999999999999,43.512785762134712,-40.992904492632078,-40.992904492632078,0,0
0.0001125,43.495384128388629,-40.958202907784994,-40.958202907784994,0,0
0.0001126,43.477989453904101,-40.884466216937469,-40.884466216937469,0,0
0.00011269999999999999,43.460601735897981,-40.771827065388621,-40.771827065388621,0,0
0.00011279999999999999,43.443220971588225,-40.620497160057155,-40.620497160057155,0,0
0.00011289999999999999,43.425847158193918,-40.430766838291248,-40.430766838291248,0,0
0.000113,43.408480292935252,-40.203004476893824,-40.203004476893824,0,0
0.0001131,43.391120373033523,-39.937655742566051,-39.937655742566051,0,0
0.0001132,43.373767395711148,-39.635242685294273,-39.635242685294273,0,0
0.00011329999999999999,43.356421358191646,-39.296362676524708,-39.296362676524708,0,0
0.00011339999999999999,43.339082257699658,-38.921687194285425,-38.921687194285425,0,0
0.00011349999999999999,43.32175009146092,-38.511960457726559,-38.511960457726559,0,0
0.0001136,43.30442485670229,-38.067997913855336,-38.067997913855336,0,0
0.0001137,43.287106550651728,-37.590684579542724,-37.590684579542724,0,0
0.0001138,43.269795170538309,-37.080973242173087,-37.080973242173087,0,0
0.00011389999999999999,43.252490713592209,-36.539882522595008,-36.539882522595008,0,0
0.00011399999999999999,43.235193177044714,-35.968494804311277,-35.968494804311277,0,0
0.0001141,43.217902558128223,-35.367954033118096,-35.367954033118096,0,0
0.0001142,43.200618854076232,-34.739463391666249,-34.739463391666249,0,0
0.0001143,43.183342062123351,-34.084282853671979,-34.084282853671979,0,0
0.00011439999999999999,43.166072179505292,-33.403726622748664,-33.403726622748664,0,0
0.00011449999999999999,43.148809203458875,-32.699160461065773,-32.699160461065773,0,0
0.00011459999999999999,43.13155313122202,-31.971998913265065,-31.971998913265065,0,0
0.0001147,43.114303960033759,-31.223702431276589,-31.223702431276589,0,0
0.0001148,43.097061687134222,-30.455774405878653,-30.455774405878653,0,0
0.0001149,43.079826309764648,-29.669758111035168,-29.669758111035168,0,0
0.00011499999999999999,43.062597825167373,-57.842843323318775,-57.842843323318775,0,0
0.00011509999999999999,43.045376230585845,-56.995629195977031,-56.995629195977031,0,0
0.00011519999999999999,43.028161523264608,-56.076341916031652,-56.076341916031652,0,0
0.0001153,43.010953700449306,-55.086833011767695,-55.086833011767695,0,0
0.0001154,42.993752759386688,-54.029096697722153,-54.029096697722153,0,0
0.00011549999999999999,42.976558697324599,-52.905265820370602,-52.905265820370602,0,0
0.00011559999999999999,42.959371511511996,-51.717607522140639,-51.717607522140639,0,0
0.00011569999999999999,42.942191199198923,-50.468518632566841,-50.468518632566841,0,0
0.0001158,42.925017757636539,-49.160520795956401,-49.160520795956401,0,0
0.0001159,42.907851184077082,-47.796255345470243,-47.796255345470243,0,0
0.000116,42.890691475773906,-46.378477934039253,-46.378477934039253,0,0
0.00011609999999999999,42.873538629981461,-44.910052933029505,-44.910052933029505,0,0
0.00011619999999999999,42.856392643955289,-43.393947610042133,-43.393947610042133,0,0
0.00011629999999999999,42.839253514952027,-41.833226097682221,-41.833226097682221,0,0
0.0001164,42.822121240229421,-40.231043165555747,-40.231043165555747,0,0
0.0001165,42.804995817046304,-38.590637808153147,-38.590637808153147,0,0
0.00011659999999999999,42.78787724266261,-36.915326661652443,-36.915326661652443,0,0
0.00011669999999999999,42.770765514339367,-35.208497263021947,-35.208497263021947,0,0
0.00011679999999999999,42.753660629338697,-33.473601165123213,-33.473601165123213,0,0
0.0001169,42.736562584923817,-31.714146921807135,-31.714146921807135,0,0
0.000117,42.719471378359046,-29.933692957260327,-29.933692957260327,0,0
0.0001171,42.702387006909788,-28.135840334093665,-28.135840334093665,0,0
0.00011719999999999999,42.685309467842536,-26.324225434870868,-26.324225434870868,0,0
0.00011729999999999999,42.668238758424891,-24.502512571950341,-24.502512571950341,0,0
0.00011739999999999999,42.651174875925541,-22.674386540659256,-22.674386540659256,0,0
0.0001175,42.634117817614261,-20.843545130933709,-20.843545130933709,0,0
0.0001176,42.617067580761926,-19.01369161264299,-19.01369161264299,0,0
0.0001177,42.600024162640494,-17.188527209869406,-17.188527209869406,0,0
0.00011779999999999999,42.582987560523016,-15.371743579437251,-15.371743579437251,0,0
0.00011789999999999999,42.565957771683642,-13.567015308975748,-13.567015308975748,0,0
0.000118,42.548934793397599,-11.77799244976082,-11.77799244976082,0,0
0.0001181,42.531918622941213,-10.008293099509899,-10.008293099509899,0,0
0.0001182,42.514909257591896,-8.2614960502019805,-8.2614960502019805,0,0
0.00011829999999999999,42.497906694628156,-6.541133515863061,-6.541133515863061,0,0
0.00011839999999999999,42.480910931329575,-4.8506839550942882,-4.8506839550942882,0,0
0.00011849999999999999,42.463921964976834,-3.1935650029274516,-3.1935650029274516,0,0
0.0001186,42.446939792851701,-1.5731265263701406,-1.5731265263701406,0,0
0.0001187,42.429965416293413,0,0,0.029095369679030574,0.029095369679030574
0.0001188,42.413211549112035,0,0,6.3368407056124383,6.3368407056124383
0.00011889999999999999,42.397707370579589,0,0,24.796879570201803,24.796879570201803
0.00011899999999999999,42.38463490348019,0,0,54.724024665167398,54.724024665167398
0.00011909999999999999,42.375096673120012,0,0,95.225062959470876,95.225062959470876
0.0001192,42.370095721261826,0,0,145.21497407616565,145.21497407616565
0.0001193,42.370517425880763,0,0,203.43662098144571,203.43662098144571
0.00011939999999999999,42.377113455828095,0,0,268.48355592547261,268.48355592547261
0.00011949999999999999,42.390488150783192,0,0,338.82552819985142,338.82552819985142
0.00011959999999999999,42.411087572911832,0,0,412.83623138680775,412.83623138680775
0.0001197,42.439191428228945,0,0,488.82278726486044,488.82278726486044
0.0001198,42.474908003662968,0,0,565.05643213787891,565.05643213787891
0.0001199,42.518172211179603,0,0,639.80384963650897,639.80384963650897
0.00011999999999999999,42.568746774035183,0,0,711.35858239531956,711.35858239531956
0.00012009999999999999,42.637946830607369,0,0,1012.1495795367447,1012.1495795367447
0.00012019999999999999,42.736706249836409,0,0,1302.262801576637,1302.262801576637
0.0001203,42.86366275898736,0,0,1576.0806701080296,1576.0806701080296
0.0001204,43.016906934915475,0,0,1828.2812138475913,1828.2812138475913
0.00012049999999999999,43.194016848092808,0,0,2053.9344466559373,2053.9344466559373
0.00012059999999999999,43.392101987202587,0,0,2248.5916345998799,2248.5916345998799
0.00012069999999999999,43.607855667643776,0,0,2408.365836002974,2408.365836002974
0.0001208,43.837614973712796,0,0,2530.0022566857597,2530.0022566857597
0.0001209,44.077427147883029,0,0,2610.9371472386747,2610.9371472386747
0.000121,44.323121223952754,0,0,2649.3441768513526,2649.3441768513526
0.00012109999999999999,44.570383605989491,0,0,2644.1674451776003,2644.1674451776003
0.00012119999999999999,44.814836223678256,0,0,2595.1405358327997,2595.1405358327997
0.00012129999999999999,45.052115848172569,0,0,2502.7912680126465,2502.7912680126465
0.0001214,45.277953131689522,0,0,2368.4320618072347,2368.4320618072347
0.0001215,45.488249939258282,0,0,2194.1360933690789,2194.1360933690789
0.0001216,45.679153572129614,0,0,1982.6996734576621,1982.6996734576621
0.00012169999999999999,45.847126538814429,0,0,1737.5915323653326,1737.5915323653326
0.00012179999999999999,45.989010610518214,0,0,1462.8899313119389,1462.8899313119389
0.0001219,46.102084001407718,0,0,1163.2087407857118,1163.2087407857118
0.000122,46.184110638807198,0,0,843.61382601562775,843.61382601562775
0.00012209999999999999,46.233380631812729,0,0,509.53125517092911,509.53125517092911
0.00012219999999999999,46.248741206335822,0,0,166.64899382229007,166.64899382229007
0.00012229999999999999,46.229944768330881,-42.615807047941004,-42.615807047941004,0,0
0.00012239999999999999,46.211456488326064,-42.593060487810376,-42.593060487810376,0,0
0.0001225,46.192975602154384,-42.530716340147748,-42.530716340147748,0,0
0.0001226,46.174502106858895,-42.428883001834819,-42.428883001834819,0,0
0.0001227,46.156035999483841,-42.287749124441348,-42.287749124441348,0,0
0.0001228,46.137577277074648,-42.107583229872475,-42.107583229872475,0,0
0.00012290000000000001,46.119125936677918,-41.888733163711336,-41.888733163711336,0,0
0.00012299999999999998,46.100681975341438,-41.631625387369411,-41.631625387369411,0,0
0.00012309999999999998,46.082245390114167,-41.33676411048549,-41.33676411048549,0,0
0.00012319999999999999,46.06381617804626,-41.004730265338054,-41.004730265338054,0,0
0.00012329999999999999,46.045394336189041,-40.636180325357017,-40.636180325357017,0,0
0.00012339999999999999,46.026979861595009,-40.231844970138127,-40.231844970138127,0,0
0.00012349999999999999,46.008572751317857,-39.792527599674486,-39.792527599674486,0,0
0.0001236,45.99017300241244,-39.319102700826335,-39.319102700826335,0,0
0.0001237,45.971780611934804,-38.812514069350811,-38.812514069350811,0,0
0.0001238,45.953395576942164,-38.273772891106191,-38.273772891106191,0,0
0.0001239,45.935017894492916,-37.703955686331923,-37.703955686331923,0,0
0.00012400000000000001,45.916647561646627,-37.104202121183462,-37.104202121183462,0,0
0.00012410000000000001,45.898284575464046,-36.475712690971122,-36.475712690971122,0,0
0.00012419999999999998,45.879928933007093,-35.819746279812264,-35.819746279812264,0,0
0.00012429999999999999,45.861580631338867,-35.137617601657581,-35.137617601657581,0,0
0.00012439999999999999,45.84323966752364,-34.430694527893394,-34.430694527893394,0,0
0.00012449999999999999,45.824906038626857,-33.700395306951791,-33.700395306951791,0,0
0.00012459999999999999,45.80657974171514,-32.948185681580355,-32.948185681580355,0,0
0.0001247,45.78826077385628,-32.175575909630766,-32.175575909630766,0,0
0.0001248,45.769949132119244,-31.384117694421764,-31.384117694421764,0,0
0.0001249,45.751644813574167,-30.575401030915618,-30.575401030915618,0,0
0.000125,45.733347815292355,-58.726660730215698,-58.726660730215698,0,0
0.00012510000000000001,45.715058134346293,-57.858539202135546,-57.858539202135546,0,0
0.00012520000000000001,45.696775767809626,-56.919304024415169,-56.919304024415169,0,0
0.00012529999999999998,45.678500712757184,-55.910846166120194,-55.910846166120194,0,0
0.00012539999999999999,45.66023296626495,-54.835197252503775,-54.835197252503775,0,0
0.00012549999999999999,45.64197252541009,-53.69452543469329,-53.69452543469329,0,0
0.00012559999999999999,45.623719387270931,-52.491130981984341,-52.491130981984341,0,0
0.00012569999999999999,45.605473548926973,-51.22744160570295,-51.22744160570295,0,0
0.00012579999999999999,45.587235007458879,-49.906007524141515,-49.906007524141515,0,0
0.0001259,45.56900375994848,-48.529496278600874,-48.529496278600874,0,0
0.000126,45.550779803478783,-47.100687311076001,-47.100687311076001,0,0
0.0001261,45.532563135133948,-45.622466314607266,-45.622466314607266,0,0
0.0001262,45.514353751999316,-44.097819367781128,-44.097819367781128,0,0
0.00012630000000000001,45.496151651161377,-42.529826865302454,-42.529826865302454,0,0
0.00012639999999999998,45.4779568297078,-40.921657256975074,-40.921657256975074,0,0
0.00012649999999999998,45.459769284727415,-39.276560607816343,-39.276560607816343,0,0
0.00012659999999999999,45.441589013310214,-37.597861992394733,-37.597861992394733,0,0
0.00012669999999999999,45.423416012547349,-35.888954736816302,-35.888954736816302,0,0
0.00012679999999999999,45.405250279531145,-34.153293522095311,-34.153293522095311,0,0
0.00012689999999999999,45.387091811355084,-32.394387362925663,-32.394387362925663,0,0
0.000127,45.368940605113806,-30.615792476123119,-30.615792476123119,0,0
0.0001271,45.350796657903125,-28.821105053231989,-28.821105053231989,0,0
0.0001272,45.332659966820003,-27.013953951984782,-27.013953951984782,0,0
0.0001273,45.314530528962571,-25.197993321467976,-25.197993321467976,0,0
0.00012740000000000001,45.296408341430123,-23.376895175981499,-23.376895175981499,0,0
0.00012749999999999998,45.278293401323104,-21.554341932683769,-21.554341932683769,0,0
0.00012759999999999998,45.260185705743126,-19.734018928187442,-19.734018928187442,0,0
0.00012769999999999999,45.242085251792957,-17.919606929313559,-17.919606929313559,0,0
0.00012779999999999999,45.223992036576526,-16.114774653223673,-16.114774653223673,0,0
0.00012789999999999999,45.205906057198916,-14.323171312129979,-14.323171312129979,0,0
0.00012799999999999999,45.187827310766373,-12.548419197733685,-12.548419197733685,0,0
0.0001281,45.169755794386298,-10.794106320460669,-10.794106320460669,0,0
0.0001282,45.151691505167243,-9.0637791184520928,-9.0637791184520928,0,0
0.0001283,45.133634440218927,-7.3609352511255759,-7.3609352511255759,0,0
0.0001284,45.115584596652219,-5.6890164919506478,-5.6890164919506478,0,0
0.00012850000000000001,45.09754197157914,-4.0514017348802263,-4.0514017348802263,0,0
0.00012859999999999998,45.079506562112876,-2.4514001286489222,-2.4514001286489222,0,0
0.00012869999999999998,45.061478365367755,-0.89224435288868342,-0.89224435288868342,0,0
0.00012879999999999999,45.043542291512338,0,0,2.487405969279092,2.487405969279092
0.00012889999999999999,45.026222843960504,0,0,13.365509009050605,13.365509009050605
0.00012899999999999999,45.010576339201762,0,0,35.701083764986656,35.701083764986656
0.00012909999999999999,44.997710461415032,0,0,68.7171604468694,68.7171604468694
0.0001292,44.988644952374869,0,0,111.44303679413369,111.44303679413369
0.0001293,44.9842931302097,0,0,162.73189933179734,162.73189933179734
0.0001294,44.985445339607722,0,0,221.28163246634674,221.28163246634674
0.0001295,44.992754633010719,0,0,285.65843814634889,285.65843814634889
0.00012960000000000001,45.006724941892671,0,0,354.32283794887769,354.32283794887769
0.00012969999999999998,45.027701952087746,0,0,425.65758634973986,425.65758634973986
0.00012979999999999998,45.055866848130293,0,0,497.99698937279715,497.99698937279715
0.00012989999999999999,45.09123303958475,0,0,569.65709741644548,569.65709741644548
0.00012999999999999999,45.133645928318458,0,0,638.9662252824844,638.9662252824844
0.00013009999999999999,45.194506017878304,0,0,938.37287246011158,938.37287246011158
0.00013019999999999999,45.284833686081363,0,0,1227.9669766097852,1227.9669766097852
0.0001303,45.403352749480497,0,0,1502.1192939370974,1502.1192939370974
0.0001304,45.548237899204736,0,0,1755.4807592641516,1755.4807592641516
0.0001305,45.717147825604499,0,0,1983.0793575005148,1983.0793575005148
0.0001306,45.907267687023797,0,0,2180.4101546120291,2180.4101546120291
0.00013070000000000001,46.115360152403255,0,0,2343.5168581663816,2343.5168581663816
0.00013079999999999998,46.337824092210639,0,0,2469.0634311434483,2469.0634311434483
0.00013089999999999998,46.570759853769587,0,0,2554.3944630299511,2554.3944630299511
0.00013099999999999999,46.810039937917971,0,0,2597.5832060025214,2597.5832060025214
0.00013109999999999999,47.051383796230105,0,0,2597.4664075470882,2597.4664075470882
0.00013119999999999999,47.290435393549252,0,0,2553.6653101143497,2553.6653101143497
0.00013129999999999999,47.522842130644769,0,0,2466.5924390356372,2466.5924390356372
0.0001314,47.744333697333857,0,0,2337.444057379952,2337.444057379952
0.0001315,47.950799427831029,0,0,2168.1784260573472,2168.1784260573472
0.0001316,48.138362757380911,0,0,1961.4802645633695,1961.4802645633695
0.0001317,48.303451431893834,0,0,1720.7120576576626,1720.7120576576626
0.00013180000000000001,48.442862199383136,0,0,1449.8530914516123,1449.8530914516123
0.00013189999999999998,48.553818812097823,0,0,1153.4273245322192,1153.4273245322192
0.00013199999999999998,48.634022289540283,0,0,836.42140185036874,836.42140185036874
0.00013209999999999999,48.681692532854754,0,0,504.19429749295529,504.19429749295529
0.00013219999999999999,48.69560053782709,0,0,162.38022391153933,162.38022391153933
0.00013229999999999999,48.675641664824511,-42.643317308786521,-42.643317308786521,0,0
0.00013239999999999999,48.656175301690759,-42.73491288951854,-42.73491288951854,0,0
0.0001325,48.636716723545163,-42.789105445032504,-42.789105445032504,0,0
0.0001326,48.617265927274346,-42.805765530299027,-42.805765530299027,0,0
0.0001327,48.59782290976618,-42.784839981898372,-42.784839981898372,0,0
0.0001328,48.57838766790978,-42.726352025123845,-42.726352025123845,0,0
0.0001329,48.558960198595514,-42.630401225849397,-42.630401225849397,0,0
0.00013300000000000001,48.539540498714985,-42.497163287261401,-42.497163287261401,0,0
0.00013309999999999998,48.520128565161038,-42.326889691869326,-42.326889691869326,0,0
0.00013319999999999999,48.500724394827763,-42.119907189524824,-42.119907189524824,0,0
0.00013329999999999999,48.481327984610495,-41.876617132491518,-41.876617132491518,0,0
0.00013339999999999999,48.461939331405809,-41.597494658918549,-41.597494658918549,0,0
0.00013349999999999999,48.442558432111518,-41.283087726379094,-41.283087726379094,0,0
0.00013359999999999999,48.42318528362668,-40.934015997439701,-40.934015997439701,0,0
0.0001337,48.403819882851593,-40.550969579526949,-40.550969579526949,0,0
0.0001338,48.384462226687788,-40.134707621653902,-40.134707621653902,0,0
0.0001339,48.365112312038043,-39.686056770859977,-39.686056770859977,0,0
0.000134,48.345770135806369,-39.205909491502553,-39.205909491502553,0,0
0.00013410000000000001,48.326435694898024,-38.695222250817466,-38.695222250817466,0,0
0.00013419999999999998,48.30710898621949,-38.155013574437419,-38.155013574437419,0,0
0.00013429999999999998,48.287790006678499,-37.586361975821148,-37.586361975821148,0,0
0.00013439999999999999,48.268478753184013,-36.990403763802917,-36.990403763802917,0,0
0.00013449999999999999,48.24917522264623,-36.368330732718903,-36.368330732718903,0,0
0.00013459999999999999,48.229879411976583,-35.721387739806303,-35.721387739806303,0,0
0.00013469999999999999,48.210591318087744,-35.050870174799357,-35.050870174799357,0,0
0.0001348,48.191310937893618,-34.358121326865998,-34.358121326865998,0,0
0.0001349,48.17203826830935,-33.64452965423709,-33.64452965423709,0,0
0.000135,48.152773306251305,-61.887135718175642,-61.887135718175642,0,0
0.0001351,48.133516048637091,-61.106395360204246,-61.106395360204246,0,0
0.00013520000000000001,48.114266492385546,-60.250397650364974,-60.250397650364974,0,0
0.00013529999999999998,48.095024634416745,-59.320863473276802,-59.320863473276802,0,0
0.00013539999999999998,48.075790471651992,-58.319663138534196,-58.319663138534196,0,0
0.00013549999999999999,48.056564001013811,-57.248812578106424,-57.248812578106424,0,0
0.00013559999999999999,48.037345219425973,-56.110469247854866,-56.110469247854866,0,0
0.00013569999999999999,48.018134123813475,-54.906927741500425,-54.906927741500425,0,0
0.00013579999999999999,47.998930711102538,-53.64061512595805,-53.64061512595805,0,0
0.0001359,47.97973497822062,-52.314086007520729,-52.314086007520729,0,0
0.000136,47.960546922096398,-50.930017338922909,-50.930017338922909,0,0
0.0001361,47.941366539659789,-49.49120297783918,-49.49120297783918,0,0
0.0001362,47.922193827841923,-48.000548007879331,-48.000548007879331,0,0
0.00013630000000000001,47.903028783575174,-46.461062833623444,-46.461062833623444,0,0
0.00013639999999999998,47.88387140379313,-44.875857061699406,-44.875857061699406,0,0
0.00013649999999999998,47.864721685430617,-43.248133180340389,-43.248133180340389,0,0
0.00013659999999999999,47.845579625423674,-41.581180050268657,-41.581180050268657,0,0
0.00013669999999999999,47.826445220709573,-39.878366220135824,-39.878366220135824,0,0
0.00013679999999999999,47.807318468226811,-38.143133080105656,-38.143133080105656,0,0
0.00013689999999999999,47.788199364915101,-36.378987867494473,-36.378987867494473,0,0
0.000137,47.769087907715395,-34.589496538684742,-34.589496538684742,0,0
0.0001371,47.749984093569857,-32.778276521798688,-32.778276521798688,0,0
0.0001372,47.730887919421875,-30.948989364861504,-30.948989364861504,0,0
0.0001373,47.711799382216064,-29.10533329439513,-29.10533329439513,0,0
0.00013740000000000001,47.692718478898257,-27.251035699566255,-27.251035699566255,0,0
0.00013749999999999998,47.673645206415507,-25.389845557162566,-25.389845557162566,0,0
0.00013759999999999998,47.654579561716091,-23.525525812791898,-23.525525812791898,0,0
0.00013769999999999999,47.635521541749505,-21.661845733787331,-21.661845733787331,0,0
0.00013779999999999999,47.61647114346647,-19.802573249358737,-19.802573249358737,0,0
0.00013789999999999999,47.597428363818921,-17.951467293557066,-17.951467293557066,0,0
0.00013799999999999999,47.578393199760008,-16.112270166611644,-16.112270166611644,0,0
0.0001381,47.559365648244111,-14.288699930163242,-14.288699930163242,0,0
0.0001382,47.540345706226816,-12.484442851846694,-12.484442851846694,0,0
0.0001383,47.521333370664934,-10.703145914576279,-10.703145914576279,0,0
0.0001384,47.502328638516495,-8.9484094057554326,-8.9484094057554326,0,0
0.00013850000000000001,47.48333150674074,-7.2237796014697411,-7.2237796014697411,0,0
0.00013859999999999998,47.464341972298129,-5.5327415605290202,-5.5327415605290202,0,0
0.00013869999999999998,47.445360032150333,-3.8787120430007764,-3.8787120430007764,0,0
0.00013879999999999999,47.426385683260243,-2.2650325676242424,-2.2650325676242424,0,0
0.00013889999999999999,47.407418922591965,-0.69496262221183969,-0.69496262221183969,0,0
0.00013899999999999999,47.388572636198198,0,0,3.3196817868545008,3.3196817868545008
0.00013909999999999999,47.370481639509926,0,0,15.861964729964932,15.861964729964932
0.0001392,47.354230252678555,0,0,39.852932171878557,39.852932171878557
0.0001393,47.340922743280949,0,0,74.46628301746378,74.46628301746378
0.0001394,47.331570551566386,0,0,118.68304884009444,118.68304884009444
0.0001395,47.327073961632706,0,0,171.31009012152484,171.31009012152484
0.00013960000000000001,47.328205789837973,0,0,231.00174508985563,231.00174508985563
0.00013969999999999998,47.33559738566349,0,0,296.28423867436095,296.28423867436095
0.00013979999999999998,47.349727198325368,0,0,365.58240914775331,365.58240914775331
0.00013989999999999999,47.370912115930132,0,0,437.24826809758883,437.24826809758883
0.00013999999999999999,47.399301733727569,0,0,509.590876217485,509.590876217485
0.00014009999999999999,47.446595952236912,0,0,814.98461952640332,814.98461952640332
0.00014019999999999999,47.524104326181394,0,0,1113.3918123991025,1113.3918123991025
0.0001403,47.630824391119397,0,0,1399.0043965400264,1399.0043965400264
0.0001404,47.76518414212206,0,0,1666.2465466008757,1666.2465466008757
0.0001405,47.925070571682717,0,0,1909.8756552520172,1909.8756552520172
0.0001406,48.107868005216282,0,0,2125.0772711980376,2125.0772711980376
0.0001407,48.310505538665041,0,0,2307.5522712454476,2307.5522712454476
0.00014080000000000001,48.529512717943298,0,0,2453.5946883899228,2453.5946883899228
0.00014089999999999998,48.76108245076972,0,0,2560.1587873161011,2560.1587873161011
0.00014099999999999998,49.001140010553804,0,0,2624.9141736229049,2624.9141736229049
0.00014109999999999999,49.245416881789929,0,0,2646.2879399680696,2646.2879399680696
0.00014119999999999999,49.489528108862949,0,0,2623.4930872363052,2623.4930872363052
0.00014129999999999999,49.729051746866325,0,0,2556.5427075193024,2556.5427075193024
0.00014139999999999999,49.959608975121135,0,0,2446.2496736467451,2446.2496736467451
0.0001415,50.176943422246055,0,0,2294.2118425523199,2294.2118425523199
0.0001416,50.376998266075375,0,0,2102.7830421415288,2102.7830421415288
0.0001417,50.555989712190645,0,0,1875.0303687964406,1875.0303687964406
0.0001418,50.710475520584076,0,0,1614.678570543507,1614.678570543507
0.00014190000000000001,50.837417339816525,0,0,1326.0425247352935,1326.0425247352935
0.00014199999999999998,50.934235720337647,0,0,1013.9490346219154,1013.9490346219154
0.00014209999999999998,50.998856811365449,0,0,683.64936251141546,683.64936251141546
0.00014219999999999999,51.02974989646976,0,0,340.72408484124776,340.72408484124776
0.00014229999999999999,51.025526765122123,-43.327749619044525,-43.327749619044525,0,0
0.00014239999999999999,51.005120635913997,-43.441038782438582,-43.441038782438582,0,0
0.00014249999999999999,50.984722667525283,-43.517876595557169,-43.517876595557169,0,0
0.0001426,50.964332856692302,-43.558086628324531,-43.558086628324531,0,0
0.0001427,50.943951200152689,-43.561566894751365,-43.561566894751365,0,0
0.0001428,50.923577694645381,-43.528290059275889,-43.528290059275889,0,0
0.0001429,50.903212336910606,-43.458303491400443,-43.458303491400443,0,0
0.00014300000000000001,50.882855123689914,-43.351729168514609,-43.351729168514609,0,0
0.00014309999999999998,50.86250605172615,-43.208763427104003,-43.208763427104003,0,0
0.00014319999999999998,50.842165117763464,-43.029676562852273,-43.029676562852273,0,0
0.00014329999999999999,50.821832318547308,-42.814812280450823,-42.814812280450823,0,0
0.00014339999999999999,50.801507650824433,-42.564586994236009,-42.564586994236009,0,0
0.00014349999999999999,50.781191111342885,-42.279488981077094,-42.279488981077094,0,0
0.00014359999999999999,50.760882696852029,-41.960077387238073,-41.960077387238073,0,0
0.0001437,50.740582404102511,-41.606981091233251,-41.606981091233251,0,0
0.0001438,50.720290229846285,-41.22089742498963,-41.22089742498963,0,0
0.0001439,50.700006170836602,-40.8025907559161,-40.8025907559161,0,0
0.000144,50.679730223828017,-40.352890932762932,-40.352890932762932,0,0
0.00014410000000000001,50.659462385576376,-39.87269159843143,-39.87269159843143,0,0
0.00014419999999999998,50.639202652838826,-39.362948373164102,-39.362948373164102,0,0
0.00014429999999999998,50.618951022373807,-38.824676911808595,-38.824676911808595,0,0
0.00014439999999999999,50.598707490941059,-38.258950839105566,-38.258950839105566,0,0
0.00014449999999999999,50.578472055301617,-37.666899567197078,-37.666899567197078,0,0
0.00014459999999999999,50.558244712217814,-37.049705999792721,-37.049705999792721,0,0
0.00014469999999999999,50.538025458453269,-36.408604127659913,-36.408604127659913,0,0
0.0001448,50.517814290772904,-35.7448765203265,-35.7448765203265,0,0
0.0001449,50.497611205942938,-35.0598517190937,-35.0598517190937,0,0
0.000145,50.477416200730872,-63.33051129275637,-63.33051129275637,0,0
0.0001451,50.457229271905504,-62.577253134701536,-62.577253134701536,0,0
0.00014520000000000001,50.437050416236929,-61.748109528915279,-61.748109528915279,0,0
0.00014529999999999998,50.416879630496524,-60.844745851424577,-60.844745851424577,0,0
0.00014539999999999998,50.39671691145697,-59.868978293482613,-59.868978293482613,0,0
0.00014549999999999999,50.376562255892232,-58.822770168928315,-58.822770168928315,0,0
0.00014559999999999999,50.356415660577561,-57.708227922613929,-57.708227922613929,0,0
0.00014569999999999999,50.336277122289502,-56.527596848015349,-56.527596848015349,0,0
0.00014579999999999999,50.316146637805893,-55.283256522731776,-55.283256522731776,0,0
0.0001459,50.296024203905851,-53.977715971153614,-53.977715971153614,0,0
0.000146,50.275909817369786,-52.613608564132321,-52.613608564132321,0,0
0.0001461,50.255803474979402,-51.193686666020056,-51.193686666020056,0,0
0.0001462,50.23570517351768,-49.720816039960383,-49.720816039960383,0,0
0.00014630000000000001,50.215614909768895,-48.197970022802281,-48.197970022802281,0,0
0.00014639999999999998,50.195532680518603,-46.628223481477804,-46.628223481477804,0,0
0.00014649999999999998,50.175458482553644,-45.014746563127687,-45.014746563127687,0,0
0.00014659999999999999,50.155392312662151,-43.360798251678233,-43.360798251678233,0,0
0.00014669999999999999,50.135334167633538,-41.669719743965857,-41.669719743965857,0,0
0.00014679999999999999,50.115284044258495,-39.94492765887226,-39.94492765887226,0,0
0.00014689999999999999,50.095241939329007,-38.189907093272645,-38.189907093272645,0,0
0.000147,50.075207849638339,-36.408204538909942,-36.408204538909942,0,0
0.0001471,50.055181771981033,-34.603420674591092,-34.603420674591092,0,0
0.0001472,50.035163703152918,-32.779203048354212,-32.779203048354212,0,0
0.0001473,50.015153639951102,-30.939238664479102,-30.939238664479102,0,0
0.0001474,49.995151579173971,-29.087246490406518,-29.087246490406518,0,0
0.00014749999999999998,49.975157517621199,-27.226969898794565,-27.226969898794565,0,0
0.00014759999999999998,49.955171452093737,-25.362169060071771,-25.362169060071771,0,0
0.00014769999999999999,49.935193379393816,-23.496613300947175,-23.496613300947175,0,0
0.00014779999999999999,49.915223296324939,-21.634073444406489,-21.634073444406489,0,0
0.00014789999999999999,49.895261199691895,-19.778314146761058,-19.778314146761058,0,0
0.00014799999999999999,49.875307086300751,-17.933086247321935,-17.933086247321935,0,0
0.00014809999999999999,49.855360952958847,-16.102119146245631,-16.102119146245631,0,0
0.0001482,49.835422796474802,-14.289113226040744,-14.289113226040744,0,0
0.0001483,49.815492613658513,-12.49773233213558,-12.49773233213558,0,0
0.0001484,49.79557040132115,-10.731596327786814,-10.731596327786814,0,0
0.0001485,49.775656156275154,-8.9942737384579363,-8.9942737384579363,0,0
0.00014859999999999998,49.755749875334253,-7.2892745006141704,-7.2892745006141704,0,0
0.00014869999999999998,49.735851555313438,-5.6200428296682787,-5.6200428296682787,0,0
0.00014879999999999998,49.715961193028974,-3.9899502215692824,-3.9899502215692824,0,0
0.00014889999999999999,49.696078785298411,-2.4022886022543712,-2.4022886022543712,0,0
0.00014899999999999999,49.676204328940557,-0.8602636388836391,-0.8602636388836391,0,0
0.00014909999999999999,49.656424210066277,0,0,2.52494119526644,2.52494119526644
0.00014919999999999999,49.637263860689458,0,0,13.369610600963732,13.369610600963732
0.0001493,49.619762440907863,0,0,35.437707639846018,35.437707639846018
0.0001494,49.605002551474151,0,0,67.919235902961077,67.919235902961077
0.0001495,49.593975797509863,0,0,109.81533486420869,109.81533486420869
0.0001496,49.587564821554217,0,0,159.95641230873392,159.95641230873392
0.00014970000000000001,49.586527314157614,0,0,217.02336710293346,217.02336710293346
0.00014979999999999998,49.591482291404461,0,0,279.57151754918891,279.57151754918891
0.00014989999999999998,49.60289888765643,0,0,346.05680160708465,346.05680160708465
0.00014999999999999999,49.62108786622143,0,0,414.86377416293726,414.86377416293726
0.00015009999999999999,49.657916298695532,0,0,718.41251992579816,718.41251992579816
0.00015019999999999999,49.724863886798595,0,0,1016.6804329674145,1016.6804329674145
0.00015029999999999999,49.821098208432893,0,0,1303.8436468921332,1303.8436468921332
0.0001504,49.945214118118223,0,0,1574.279931142147,1574.279931142147
0.0001505,50.095259264743767,0,0,1822.6705209189211,1822.6705209189211
0.0001506,50.268769519691325,0,0,2044.0964388450257,2044.0964388450257
0.0001507,50.462813672493738,0,0,2234.127564351013,2234.127564351013
0.00015080000000000001,50.674046583405953,0,0,2388.9028383302025,2388.9028383302025
0.00015089999999999998,50.898769829181319,0,0,2505.2001513533755,2505.2001513533755
0.00015099999999999998,51.132998742733932,0,0,2580.4946507604213,2580.4946507604213
0.00015109999999999999,51.372534631683195,0,0,2613.0044118564238,2613.0044118564238
0.00015119999999999999,51.613040867112353,0,0,2601.7226474308527,2601.7226474308527
0.00015129999999999999,51.850121463922669,0,0,2546.4358737405651,2546.4358737405651
0.00015139999999999999,52.079400729193303,0,0,2447.7277055304648,2447.7277055304648
0.0001515,52.296602535775541,0,0,2306.9682130002152,2306.9682130002152
0.0001516,52.497627785303507,0,0,2126.2890351453034,2126.2890351453034
0.0001517,52.678628657762289,0,0,1908.54470186908,1908.54470186908
0.0001518,52.8360783031195,0,0,1657.2608670070038,1657.2608670070038
0.00015190000000000001,52.966834713236857,0,0,1376.5703914026285,1376.5703914026285
0.00015199999999999998,53.068197617833611,0,0,1071.1384351356621,1071.1384351356621
0.00015209999999999998,53.137957374759722,0,0,746.07791694354091,746.07791694354091
0.00015219999999999999,53.174434969959002,0,0,406.85687319849274,406.85687319849274
0.00015229999999999999,53.176512403631648,0,0,59.199395347361119,59.199395347361119
0.00015239999999999999,53.153288238983016,-43.323386426567311,-43.323386426567311,0,0
0.00015249999999999999,53.132031175383574,-43.474869121918488,-43.474869121918488,0,0
0.0001526,53.110782612909233,-43.591992532589828,-43.591992532589828,0,0
0.0001527,53.089542548160225,-43.674497471724777,-43.674497471724777,0,0
0.0001528,53.068310977738136,-43.722195114663663,-43.722195114663663,0,0
0.0001529,53.047087898245913,-43.734967381804793,-43.734967381804793,0,0
0.00015300000000000001,53.02587330628787,-43.712767177695412,-43.712767177695412,0,0
0.00015309999999999998,53.004667198469669,-43.655618485868146,-43.655618485868146,0,0
0.00015319999999999998,52.983469571398331,-43.563616319232352,-43.563616319232352,0,0
0.00015329999999999999,52.962280421682237,-43.436926526122704,-43.436926526122704,0,0
0.00015339999999999999,52.941099745931126,-43.275785452400839,-43.275785452400839,0,0
0.00015349999999999999,52.919927540756085,-43.080499460298824,-43.080499460298824,0,0
0.00015359999999999999,52.898763802769565,-42.851444304983573,-42.851444304983573,0,0
0.0001537,52.877608528585363,-42.589064370111203,-42.589064370111203,0,0
0.0001538,52.856461714818643,-42.293871763926262,-42.293871763926262,0,0
0.0001539,52.835323358085908,-41.966445277744697,-41.966445277744697,0,0
0.000154,52.814193455005025,-41.607429208938427,-41.607429208938427,0,0
0.00015410000000000001,52.793072002195203,-41.217532050815393,-41.217532050815393,0,0
0.00015419999999999998,52.771958996277014,-40.797525052058774,-40.797525052058774,0,0
0.00015429999999999998,52.750854433872377,-40.348240648654794,-40.348240648654794,0,0
0.00015439999999999999,52.729758311604563,-39.870570771496901,-39.870570771496901,0,0
0.00015449999999999999,52.70867062609819,-39.365465033107071,-39.365465033107071,0,0
0.00015459999999999999,52.687591373979231,-38.833928797161022,-38.833928797161022,0,0
0.00015469999999999999,52.666520551875003,-38.277021134741275,-38.277021134741275,0,0
0.0001548,52.645458156414179,-37.695852671472935,-37.695852671472935,0,0
0.0001549,52.624404184226769,-37.091583329918478,-37.091583329918478,0,0
0.000155,52.603358631944147,-65.441029727918249,-65.441029727918249,0,0
0.0001551,52.582321496199015,-64.764428810851314,-64.764428810851314,0,0
0.0001552,52.561292773625432,-64.009656244666246,-64.009656244666246,0,0
0.00015529999999999998,52.540272460858809,-63.178225435543425,-63.178225435543425,0,0
0.00015539999999999998,52.51926055453589,-62.271805561851124,-62.271805561851124,0,0
0.00015549999999999999,52.498257051294772,-61.292218180198802,-61.292218180198802,0,0
0.00015559999999999999,52.477261947774892,-60.241433521874171,-60.241433521874171,0,0
0.00015569999999999999,52.456275240617039,-59.121566487194286,-59.121566487194286,0,0
0.00015579999999999999,52.435296926463337,-57.934872345914044,-57.934872345914044,0,0
0.00015589999999999999,52.414327001957254,-56.683742152433894,-56.683742152433894,0,0
0.000156,52.393365463743599,-55.370697885126361,-55.370697885126361,0,0
0.0001561,52.372412308468533,-53.998387319663252,-53.998387319663252,0,0
0.0001562,52.351467532779552,-52.569578646764512,-52.569578646764512,0,0
0.0001563,52.330531133325486,-51.087154845309641,-51.087154845309641,0,0
0.00015639999999999998,52.309603106756512,-49.554107822249463,-49.554107822249463,0,0
0.00015649999999999998,52.288683449724147,-47.973532331229634,-47.973532331229634,0,0
0.00015659999999999998,52.267772158881243,-46.348619682287008,-46.348619682287008,0,0
0.00015669999999999999,52.246869230881998,-44.682651255404366,-44.682651255404366,0,0
0.00015679999999999999,52.225974662381944,-42.978991831107273,-42.978991831107273,0,0
0.00015689999999999999,52.205088450037941,-41.241082751658823,-41.241082751658823,0,0
0.00015699999999999999,52.184210590508208,-39.47243492675176,-39.47243492675176,0,0
0.0001571,52.163341080452277,-37.67662169791344,-37.67662169791344,0,0
0.0001572,52.14247991653103,-35.857271576126209,-35.857271576126209,0,0
0.0001573,52.12162709540668,-34.018060867422903,-34.018060867422903,0,0
0.0001574,52.10078261374278,-32.162706201444934,-32.162706201444934,0,0
0.00015749999999999998,52.079946468204206,-30.294956978147312,-30.294956978147312,0,0
0.00015759999999999998,52.059118655457176,-28.418587748001201,-28.418587748001201,0,0
0.00015769999999999998,52.038299172169246,-26.537390541179334,-26.537390541179334,0,0
0.00015779999999999999,52.017488015009292,-24.655167161313429,-24.655167161313429,0,0
0.00015789999999999999,51.996685180647532,-22.775721459484302,-22.775721459484302,0,0
0.00015799999999999999,51.975890665755514,-20.902851604145436,-20.902851604145436,0,0
0.00015809999999999999,51.955104467006116,-19.040342362688872,-19.040342362688872,0,0
0.0001582,51.934326581073542,-17.191957410338336,-17.191957410338336,0,0
0.0001583,51.913557004633326,-15.361431681998958,-15.361431681998958,0,0
0.0001584,51.892795734362345,-13.552463782605249,-13.552463782605249,0,0
0.0001585,51.87204276693879,-11.768708471390104,-11.768708471390104,0,0
0.00015860000000000001,51.851298099042189,-10.013769235347073,-10.013769235347073,0,0
0.00015869999999999998,51.830561727353398,-8.2911909669768562,-8.2911909669768562,0,0
0.00015879999999999998,51.809833648554594,-6.6044527611965949,-6.6044527611965949,0,0
0.00015889999999999999,51.789113859329284,-4.9569608460485544,-4.9569608460485544,0,0
0.00015899999999999999,51.768402356362301,-3.3520416615724109,-3.3520416615724109,0,0
0.00015909999999999999,51.747699136339804,-1.7929351009041667,-1.7929351009041667,0,0
0.00015919999999999999,51.727004195949277,-0.28278792733508418,-0.28278792733508418,0,0
0.0001593,51.70647772463321,0,0,4.7502210476378774,4.7502210476378774
0.0001594,51.686934811880612,0,0,19.828431593760818,19.828431593760818
0.0001595,51.669453751938612,0,0,45.705010352802951,45.705010352802951
0.0001596,51.655070118315329,0,0,81.483998736220684,81.483998736220684
0.00015970000000000001,51.64472036518557,0,0,126.08986128400957,126.08986128400957
0.00015979999999999998,51.639224863155263,0,0,178.2870065825181,178.2870065825181
0.00015989999999999998,51.639273041511146,0,0,236.70220499695827,236.70220499695827
0.00015999999999999999,51.645410905827958,0,0,299.84949683987179,299.84949683987179
0.00016009999999999999,51.669751454044885,0,0,600.23476542617357,600.23476542617357
0.00016019999999999999,51.724026542082164,0,0,897.87596832718702,897.87596832718702
0.00016029999999999999,51.807657561463593,0,0,1186.9438387625307,1186.9438387625307
0.0001604,51.919490241857922,0,0,1461.7648857414258,1461.7648857414258
0.0001605,52.057815624763073,0,0,1716.9241584580277,1716.9241584580277
0.0001606,52.22040108368698,0,0,1947.3633160439128,1947.3633160439128
0.0001607,52.404530827813048,0,0,2148.4722269064009,2148.4722269064009
0.00016080000000000001,52.607055154431222,0,0,2316.1724392816568,2316.1724392816568
0.00016089999999999998,52.824447557035832,0,0,2446.9910120559216,2446.9910120559216
0.00016099999999999998,53.052868653806463,0,0,2538.1233696830295,2538.1233696830295
0.00016109999999999999,53.288235777770929,0,0,2587.4840439828718,2587.4840439828718
0.00016119999999999999,53.526296967533895,0,0,2593.74438513717,2593.74438513717
0.00016129999999999999,53.762708017892912,0,0,2556.3565603272177,2556.3565603272177
0.00016139999999999999,53.993111194394572,0,0,2475.5634069042862,2475.5634069042862
0.0001615,54.213214185904633,0,0,2352.3939632457136,2352.3939632457136
0.0001616,54.418867865118642,0,0,2188.6447598858467,2188.6447598858467
0.0001617,54.606141448694544,0,0,1986.8472114214762,1986.8472114214762
0.0001618,54.771393695950096,0,0,1750.2217014049663,1750.2217014049663
0.00016190000000000001,54.911338856976286,0,0,1482.6191933963814,1482.6191933963814
0.00016199999999999998,55.023106176267603,0,0,1188.4514271854298,1188.4514271854298
0.00016209999999999998,55.104291874834161,0,0,872.61096582609832,872.61096582609832
0.00016219999999999999,55.153002670118767,0,0,540.38254281101797,540.38254281101797
0.00016229999999999999,55.167890046423373,0,0,197.3473161244772,197.3473161244772
0.00016239999999999999,55.147160148662344,-42.996079674589367,-42.996079674589367,0,0
0.00016249999999999999,55.125105695787518,-43.181369035741312,-43.181369035741312,0,0
0.00016259999999999999,55.103060062929714,-43.334920421584698,-43.334920421584698,0,0
0.0001627,55.081023246561642,-43.456399775736728,-43.456399775736728,0,0
0.0001628,55.058995243157405,-43.54553823046588,-43.54553823046588,0,0
0.0001629,55.036976049192525,-43.602132652276538,-43.602132652276538,0,0
0.000163,55.014965661143933,-43.626046053904318,-43.626046053904318,0,0
0.00016309999999999998,54.992964075489958,-43.61720787188635,-43.61720787188635,0,0
0.00016319999999999998,54.970971288710359,-43.575614109144226,-43.575614109144226,0,0
0.00016329999999999998,54.94898729728628,-43.50132734229129,-43.50132734229129,0,0
0.00016339999999999999,54.927012097700285,-43.394476593651291,-43.394476593651291,0,0
0.00016349999999999999,54.905045686436345,-43.255257068250074,-43.255257068250074,0,0
0.00016359999999999999,54.883088059979833,-43.083929756316252,-43.083929756316252,0,0
0.00016369999999999999,54.861139214817527,-42.880820902100567,-42.880820902100567,0,0
0.0001638,54.839199147437611,-42.646321340094801,-42.646321340094801,0,0
0.0001639,54.817267854329678,-42.380885700000889,-42.380885700000889,0,0
0.000164,54.79534533198472,-42.08503148206735,-42.08503148206735,0,0
0.0001641,54.773431576895128,-41.759338004673836,-41.759338004673836,0,0
0.00016419999999999998,54.751526585554707,-41.404445226303864,-41.404445226303864,0,0
0.00016429999999999998,54.729630354458656,-41.02105244430139,-41.02105244430139,0,0
0.00016439999999999998,54.707742880103581,-40.609916873056932,-40.609916873056932,0,0
0.00016449999999999999,54.685864158987478,-40.171852104514073,-40.171852104514073,0,0
0.00016459999999999999,54.663994187609759,-39.707726454126416,-39.707726454126416,0,0
0.00016469999999999999,54.64213296247123,-39.218461195627484,-39.218461195627484,0,0
0.00016479999999999999,54.620280480074086,-38.705028688202333,-38.705028688202333,0,0
0.0001649,54.59843673692194,-38.168450399867965,-38.168450399867965,0,0
0.000165,54.576601729519787,-66.585404587178218,-66.585404587178218,0,0
0.0001651,54.554775454374024,-65.975990208656214,-65.975990208656214,0,0
0.0001652,54.532957907992454,-65.287945598232298,-65.287945598232298,0,0
0.00016529999999999998,54.511149086884267,-64.522647763979364,-64.522647763979364,0,0
0.00016539999999999998,54.489348987560049,-63.681630697240749,-63.681630697240749,0,0
0.00016549999999999998,54.467557606531784,-62.766582253390695,-62.766582253390695,0,0
0.00016559999999999999,54.445774940312852,-61.779340719956082,-61.779340719956082,0,0
0.00016569999999999999,54.424000985418026,-60.721891079077153,-60.721891079077153,0,0
0.00016579999999999999,54.402235738363473,-59.59636097190635,-59.59636097190635,0,0
0.00016589999999999999,54.380479195666759,-58.405016373149977,-58.405016373149977,0,0
0.000166,54.358731353846828,-57.150256984546147,-57.150256984546147,0,0
0.0001661,54.336992209424032,-55.834611356643649,-55.834611356643649,0,0
0.0001662,54.315261758920101,-54.460731748798466,-54.460731748798466,0,0
0.0001663,54.293539998858172,-53.031388737836494,-53.031388737836494,0,0
0.00016639999999999998,54.27182692576276,-51.54946558634137,-51.54946558634137,0,0
0.00016649999999999998,54.250122536159765,-50.017952382015324,-50.017952382015324,0,0
0.00016659999999999998,54.228426826576495,-48.439939960025086,-48.439939960025086,0,0
0.00016669999999999999,54.206739793541637,-46.818613620686847,-46.818613620686847,0,0
0.00016679999999999999,54.185061433585254,-45.157246655258973,-45.157246655258973,0,0
0.00016689999999999999,54.163391743238819,-43.459193693001843,-43.459193693001843,0,0
0.00016699999999999999,54.141730719035181,-41.727883883026536,-41.727883883026536,0,0
0.0001671,54.120078357508568,-39.966813924790245,-39.966813924790245,0,0
0.0001672,54.098434655194609,-38.179540961403262,-38.179540961403262,0,0
0.0001673,54.07679960863031,-36.369675350191287,-36.369675350191287,0,0
0.0001674,54.055173214354063,-34.540873325205837,-34.540873325205837,0,0
0.00016750000000000001,54.033555468905647,-32.696829566595191,-32.696829566595191,0,0
0.00016759999999999998,54.011946368826223,-30.841269691937107,-30.841269691937107,0,0
0.00016769999999999998,53.990345910658334,-28.977942684793298,-28.977942684793298,0,0
0.00016779999999999999,53.968754090945907,-27.110613275872652,-27.110613275872652,0,0
0.00016789999999999999,53.947170906234248,-25.243054292286594,-25.243054292286594,0,0
0.00016799999999999999,53.925596353070048,-23.379038990444585,-23.379038990444585,0,0
0.00016809999999999999,53.904030428001384,-21.522333388170672,-21.522333388170672,0,0
0.0001682,53.882473127577697,-19.676688611623561,-19.676688611623561,0,0
0.0001683,53.860924448349827,-17.845833272572307,-17.845833272572307,0,0
0.0001684,53.839384386869988,-16.03346589151792,-16.03346589151792,0,0
0.0001685,53.817852939691761,-14.243247382057715,-14.243247382057715,0,0
0.00016860000000000001,53.796330103370124,-12.478793611764747,-12.478793611764747,0,0
0.00016869999999999998,53.774815874461417,-10.743668054698793,-10.743668054698793,0,0
0.00016879999999999998,53.753310249523366,-9.0413745504792491,-9.0413745504792491,0,0
0.00016889999999999999,53.731813225115069,-7.3753501846331462,-7.3753501846331462,0,0
0.00016899999999999999,53.710324797797,-5.7489583046853223,-5.7489583046853223,0,0
0.00016909999999999999,53.688844964131015,-4.1654816861814226,-4.1654816861814226,0,0
0.00016919999999999999,53.667373720680338,-2.6281158625297216,-2.6281158625297216,0,0
0.0001693,53.645911064009567,-1.1399626322145284,-1.1399626322145284,0,0
0.0001694,53.624497502455782,0,0,1.1688362266997971,1.1688362266997971
0.0001695,53.603472467171422,0,0,9.0952061236874258,9.0952061236874258
0.0001696,53.583793485576827,0,0,27.812017121088154,27.812017121088154
0.0001697,53.566501344331627,0,0,56.537566111897881,56.537566111897881
0.00016979999999999998,53.552549052949679,0,0,94.30865009408538,94.30865009408538
0.00016989999999999998,53.542784580643549,0,0,139.99805335733399,139.99805335733399
0.00016999999999999999,53.537935499733379,0,0,192.33500338411184,192.33500338411184
0.00017009999999999999,53.550316110845017,0,0,484.005850503445,484.005850503445
0.00017019999999999999,53.591875660622726,0,0,775.17103506574415,775.17103506574415
0.00017029999999999999,53.66226508053655,0,0,1060.1032131266816,1060.1032131266816
0.00017039999999999999,53.76056763107313,0,0,1333.1884158257858,1333.1884158257858
0.0001705,53.885315572878106,0,0,1589.0277412212779,1589.0277412212779
0.0001706,54.034516818150962,0,0,1822.5351390231563,1822.5351390231563
0.0001707,54.205691078418432,0,0,2029.0295175253798,2029.0295175253798
0.0001708,54.395914852862845,0,0,2204.3195050813069,2204.3195050813069
0.00017089999999999998,54.601874441330516,0,0,2344.7793317038117,2344.7793317038117
0.00017099999999999998,54.819926020890016,0,0,2447.4144573859617,2447.4144573859617
0.00017109999999999998,55.046161696980327,0,0,2509.9157596101977,2509.9157596101977
0.00017119999999999999,55.276480332097449,0,0,2530.701299874152,2530.701299874152
0.00017129999999999999,55.506661868571314,0,0,2508.9449141512005,2508.9449141512005
0.00017139999999999999,55.732443798844066,0,0,2444.5911109446033,2444.5911109446033
0.00017149999999999999,55.949598397918351,0,0,2338.356008659794,2338.356008659794
0.0001716,56.154009318997709,0,0,2191.7142969158654,2191.7142969158654
0.0001717,56.341746165036014,0,0,2006.8724595633284,2006.8724595633284
0.0001718,56.509135685733327,0,0,1786.7287459856418,1786.7287459856418
0.0001719,56.652828310792799,0,0,1534.8206172306675,1534.8206172306675
0.00017199999999999998,56.769858814873665,0,0,1255.2606202996469,1255.2606202996469
0.00017209999999999998,56.857700016104374,0,0,952.66185340938534,952.66185340938534
0.00017219999999999998,56.914308536326651,0,0,632.05437344567838,632.05437344567838
0.00017229999999999999,56.93816179513626,0,0,298.79406073255325,298.79406073255325
0.00017239999999999999,56.92671232175249,-42.166134994072607,-42.166134994072607,0,0
0.00017249999999999999,56.903946190353615,-42.406408348944836,-42.406408348944836,0,0
0.00017259999999999999,56.881189163586257,-42.618325490453742,-42.618325490453742,0,0
0.0001727,56.858441237809288,-42.801432989316453,-42.801432989316453,0,0
0.0001728,56.835702409383032,-42.955335976937576,-42.955335976937576,0,0
0.0001729,56.812972674669282,-43.079698947129046,-43.079698947129046,0,0
0.000173,56.790252030031283,-43.174246437185985,-43.174246437185985,0,0
0.00017309999999999998,56.767540471833733,-43.238763586936017,-43.238763586936017,0,0
0.00017319999999999998,56.744837996442776,-43.27309657462763,-43.27309657462763,0,0
0.00017329999999999998,56.722144600226024,-43.277152928773091,-43.277152928773091,0,0
0.00017339999999999999,56.699460279552525,-43.250901715313759,-43.250901715313759,0,0
0.00017349999999999999,56.676785030792793,-43.194373599728976,-43.194373599728976,0,0
0.00017359999999999999,56.654118850318788,-43.107660783964022,-43.107660783964022,0,0
0.00017369999999999999,56.631461734503922,-42.990916818306431,-42.990916818306431,0,0
0.0001738,56.608813679723049,-42.844356288594852,-42.844356288594852,0,0
0.0001739,56.586174682352485,-42.668254379397553,-42.668254379397553,0,0
0.000174,56.563544738769991,-42.462946314049546,-42.462946314049546,0,0
0.0001741,56.540923845354783,-42.228826672688143,-42.228826672688143,0,0
0.00017419999999999998,56.518311998487505,-41.966348589673871,-41.966348589673871,0,0
0.00017429999999999998,56.495709194550273,-41.676022832029631,-41.676022832029631,0,0
0.00017439999999999998,56.473115429926629,-41.358416760771959,-41.358416760771959,0,0
0.00017449999999999999,56.450530701001576,-41.014153177246655,-41.014153177246655,0,0
0.00017459999999999999,56.427955004161554,-40.64390905681482,-40.64390905681482,0,0
0.00017469999999999999,56.405388335794456,-40.248414172463768,-40.248414172463768,0,0
0.00017479999999999999,56.382830692289609,-39.828449611141224,-39.828449611141224,0,0
0.0001749,56.36028207003779,-39.384846185829446,-39.384846185829446,0,0
0.000175,56.337742465431226,-67.894092502684671,-67.894092502684671,0,0
0.0001751,56.315211874863579,-67.376099259857853,-67.376099259857853,0,0
0.0001752,56.292690294729951,-66.778418303491449,-66.778418303491449,0,0
0.00017530000000000001,56.27017772142689,-66.102242305406662,-66.102242305406662,0,0
0.00017539999999999998,56.247674151352385,-65.348923446806509,-65.348923446806509,0,0
0.00017549999999999998,56.225179580905859,-64.519970668473263,-64.519970668473263,0,0
0.00017559999999999999,56.202694006488187,-63.617046602438535,-63.617046602438535,0,0
0.00017569999999999999,56.180217424501677,-62.641964191364806,-62.641964191364806,0,0
0.00017579999999999999,56.157749831350074,-61.596683002512563,-61.596683002512563,0,0
0.00017589999999999999,56.135291223438564,-60.483305243787001,-60.483305243787001,0,0
0.000176,56.11284159717377,-59.304071489964301,-59.304071489964301,0,0
0.0001761,56.090400948963755,-58.061356127785928,-58.061356127785928,0,0
0.0001762,56.067969275218012,-56.757662529180536,-56.757662529180536,0,0
0.0001763,56.045546572347469,-55.395617962425831,-55.395617962425831,0,0
0.00017640000000000001,56.023132836764496,-53.977968251594746,-53.977968251594746,0,0
0.00017649999999999998,56.0007280648829,-52.50757219514206,-52.50757219514206,0,0
0.00017659999999999998,55.978332253117912,-50.987395754976561,-50.987395754976561,0,0
0.00017669999999999999,55.955945397886204,-49.420506027830399,-49.420506027830399,0,0
0.00017679999999999999,55.933567495605878,-47.810065011179518,-47.810065011179518,0,0
0.00017689999999999999,55.911198542696475,-46.159323176386209,-46.159323176386209,0,0
0.00017699999999999999,55.888838535578955,-44.471612862126634,-44.471612862126634,0,0
0.0001771,55.866487470675722,-42.750341501531096,-42.750341501531096,0,0
0.0001772,55.844145344410599,-40.998984696802751,-40.998984696802751,0,0
0.0001773,55.821812153208853,-39.221079155390072,-39.221079155390072,0,0
0.0001774,55.799487893497172,-37.420215502069468,-37.420215502069468,0,0
0.0001775,55.777172561703672,-35.60003098154688,-35.60003098154688,0,0
0.00017759999999999998,55.754866154257897,-33.764202066408927,-33.764202066408927,0,0
0.00017769999999999998,55.732568667590826,-31.916436985446836,-31.916436985446836,0,0
0.00017779999999999998,55.710280098134859,-30.060468187537559,-30.060468187537559,0,0
0.00017789999999999999,55.688000442323833,-28.200044756397723,-28.200044756397723,0,0
0.00017799999999999999,55.665729696592997,-26.338924791625296,-26.338924791625296,0,0
0.00017809999999999999,55.643467857379029,-24.48086777151245,-24.48086777151245,0,0
0.00017819999999999999,55.621214921120036,-22.629626913149849,-22.629626913149849,0,0
0.0001783,55.59897088425555,-20.788941545347839,-20.788941545347839,0,0
0.0001784,55.576735743226521,-18.962529509873967,-18.962529509873967,0,0
0.0001785,55.554509494475333,-17.154079606448335,-17.154079606448335,0,0
0.0001786,55.532292134445782,-15.367244096849268,-15.367244096849268,0,0
0.00017869999999999998,55.510083659583088,-13.605631283361497,-13.605631283361497,0,0
0.00017879999999999998,55.487884066333898,-11.872798176647722,-11.872798176647722,0,0
0.00017889999999999998,55.465693351146278,-10.172243267942584,-10.172243267942584,0,0
0.00017899999999999999,55.443511510469712,-8.5073994202558154,-8.5073994202558154,0,0
0.00017909999999999999,55.421338540755109,-6.8816268930294058,-6.8816268930294058,0,0
0.00017919999999999999,55.399174438454793,-5.2982065144221355,-5.2982065144221355,0,0
0.00017929999999999999,55.377019200022502,-3.760333015094762,-3.760333015094762,0,0
0.0001794,55.354872821913403,-2.271108537040714,-2.271108537040714,0,0
0.0001795,55.332735300584069,-0.83353633065132371,-0.83353633065132371,0,0
0.0001796,55.31068181240061,0,0,2.1831528349973173,2.1831528349973173
0.0001797,55.289176558807576,0,0,11.883955753880024,11.883955753880024
0.00017979999999999998,55.26917023724728,0,0,31.873767865842517,31.873767865842517
0.00017989999999999998,55.251651515286937,0,0,61.33396489082596,61.33396489082596
0.00017999999999999998,55.237518096991828,0,0,99.274204461696058,99.274204461696058
0.00018009999999999999,55.239280762392539,0,0,378.62803026854948,378.62803026854948
0.00018019999999999999,55.269108022654684,0,0,659.76536631442411,659.76536631442411
0.00018029999999999999,55.326888884112854,0,0,937.12685321797403,937.12685321797403
0.00018039999999999999,55.411959177498986,0,0,1205.2219703063397,1205.2219703063397
0.0001805,55.523113652127812,0,0,1458.7284971869606,1458.7284971869606
0.0001806,55.658627871271428,0,0,1692.5889155438958,1692.5889155438958
0.0001807,55.81628951101397,0,0,1902.1020054110722,1902.1020054110722
0.0001808,55.99343849460039,0,0,2083.0079774160154,2083.0079774160154
0.00018089999999999998,56.18701523432393,0,0,2231.5655997587992,2231.5655997587992
0.00018099999999999998,56.39361610623029,0,0,2344.6199238646373,2344.6199238646373
0.00018109999999999998,56.609555152011239,0,0,2419.6593830920096,2419.6593830920096
0.00018119999999999999,56.830930889784099,0,0,2454.8612315014507,2454.8612315014507
0.00018129999999999999,57.053697023045835,0,0,2449.1245010015705,2449.1245010015705
0.00018139999999999999,57.273735766622963,0,0,2402.0898813590443,2402.0898813590443
0.00018149999999999999,57.486932461184082,0,0,2314.1461644898736,2314.1461644898736
0.0001816,57.689250124694823,0,0,2186.4231378475588,2186.4231378475588
0.0001817,57.876802590491955,0,0,2020.771057180536,2020.771057180536
0.0001818,58.045924907408256,0,0,1819.7270720002412,1819.7270720002412
0.0001819,58.193239727123057,0,0,1586.4692133800752,1586.4692133800752
0.00018199999999999998,58.315718476741829,0,0,1324.7587789155089,1324.7587789155089
0.00018209999999999998,58.410736209199236,0,0,1038.8721597386698,1038.8721597386698
0.00018219999999999998,58.476119138718822,0,0,733.52334559393978,733.52334559393978
0.00018229999999999999,58.510184001169542,0,0,413.77851268495095,413.77851268495095
0.00018239999999999999,58.511768527331114,0,0,84.9642422447656,84.9642422447656
0.00018249999999999999,58.486296332386914,-41.130068299974454,-41.130068299974454,0,0
0.00018259999999999999,58.462906492133875,-41.3707151950411,-41.3707151950411,0,0
0.0001827,58.439526005946,-41.586694722394213,-41.586694722394213,0,0
0.0001828,58.416154870082408,-41.777544518798038,-41.777544518798038,0,0
0.0001829,58.39279308080372,-41.942853303883751,-41.942853303883751,0,0
0.000183,58.369440634372054,-42.082261715311631,-42.082261715311631,0,0
0.00018309999999999998,58.346097527051015,-42.195463038417344,-42.195463038417344,0,0
0.00018319999999999998,58.322763755105704,-42.282203828860361,-42.282203828860361,0,0
0.00018329999999999998,58.299439314802719,-42.342284427011037,-42.342284427011037,0,0
0.00018339999999999999,58.276124202410145,-42.375559363031925,-42.375559363031925,0,0
0.00018349999999999999,58.25281841419757,-42.381937651831649,-42.381937651831649,0,0
0.00018359999999999999,58.229521946436066,-42.361382977293232,-42.361382977293232,0,0
0.00018369999999999999,58.206234795398196,-42.313913765404024,-42.313913765404024,0,0
0.0001838,58.182956957358016,-42.239603146139558,-42.239603146139558,0,0
0.0001839,58.159688428591075,-42.138578804180682,-42.138578804180682,0,0
0.000184,58.136429205374405,-42.011022718768288,-42.011022718768288,0,0
0.0001841,58.113179283986533,-41.857170793225734,-41.857170793225734,0,0
0.00018420000000000001,58.089938660707467,-41.677312374903337,-41.677312374903337,0,0
0.00018429999999999998,58.066707331818712,-41.471789666521659,-41.471789666521659,0,0
0.00018439999999999998,58.043485293603254,-41.240997030111188,-41.240997030111188,0,0
0.00018449999999999999,58.020272542345566,-40.985380184964299,-40.985380184964299,0,0
0.00018459999999999999,57.997069074331613,-40.705435301230565,-40.705435301230565,0,0
0.00018469999999999999,57.973874885848836,-40.401707990998815,-40.401707990998815,0,0
0.00018479999999999999,57.950689973186165,-40.074792198917351,-40.074792198917351,0,0
0.00018489999999999999,57.927514332634011,-39.725328994607935,-39.725328994607935,0,0
0.000185,57.904347960484273,-68.329615025426506,-68.329615025426506,0,0
0.0001851,57.881190853030333,-67.907367205402579,-67.907367205402579,0,0
0.0001852,57.858043006567051,-67.405942165059173,-67.405942165059173,0,0
0.0001853,57.834904417390774,-66.826336325827555,-66.826336325827555,0,0
0.00018539999999999998,57.811775081799325,-66.169704982575666,-66.169704982575666,0,0
0.00018549999999999998,57.788654996092014,-65.437359953918616,-65.437359953918616,0,0
0.00018559999999999998,57.765544156569625,-64.630766914475927,-64.630766914475927,0,0
0.00018569999999999999,57.742442559534425,-63.751542414500705,-63.751542414500705,0,0
0.00018579999999999999,57.719350201290162,-62.801450592941293,-62.801450592941293,0,0
0.00018589999999999999,57.69626707814205,-61.782399590618439,-61.782399590618439,0,0
0.00018599999999999999,57.673193186396794,-60.696437670811022,-60.696437670811022,0,0
0.0001861,57.650128522362571,-59.545749055137151,-59.545749055137151,0,0
0.0001862,57.627073082349035,-58.332649483196576,-58.332649483196576,0,0
0.0001863,57.604026862667318,-57.059581505001077,-57.059581505001077,0,0
0.0001864,57.580989859630023,-55.729109515762843,-55.729109515762843,0,0
0.00018649999999999998,57.557962069551223,-54.343914543133906,-54.343914543133906,0,0
0.00018659999999999998,57.534943488746478,-52.906788797493093,-52.906788797493093,0,0
0.00018669999999999998,57.511934113532817,-51.420629996357718,-51.420629996357718,0,0
0.00018679999999999999,57.488933940228733,-49.888435474456941,-49.888435474456941,0,0
0.00018689999999999999,57.465942965154206,-48.313296091438289,-48.313296091438289,0,0
0.00018699999999999999,57.442961184630676,-46.698389949590705,-46.698389949590705,0,0
0.00018709999999999999,57.419988594981056,-45.046975934352659,-45.046975934352659,0,0
0.0001872,57.397025192529732,-43.362387090734714,-43.362387090734714,0,0
0.0001873,57.374070973602564,-41.648023849118253,-41.648023849118253,0,0
0.0001874,57.35112593452687,-39.907347114198856,-39.907347114198856,0,0
0.0001875,57.328190071631454,-38.143871231120173,-38.143871231120173,0,0
0.00018759999999999998,57.305263381246569,-36.361156843093895,-36.361156843093895,0,0
0.00018769999999999998,57.282345859703945,-34.56280365502154,-34.56280365502154,0,0
0.00018779999999999998,57.259437503336784,-32.752443117824726,-32.752443117824726,0,0
0.00018789999999999999,57.236538308479744,-30.933731048351618,-30.933731048351618,0,0
0.00018799999999999999,57.213648271468955,-29.110340199857749,-29.110340199857749,0,0
0.00018809999999999999,57.190767388642016,-27.285952798159961,-27.285952798159961,0,0
0.00018819999999999999,57.167895656337976,-25.464253058631492,-25.464253058631492,0,0
0.0001883,57.145033070897362,-23.648919699245312,-23.648919699245312,0,0
0.0001884,57.122179628662167,-21.843618464880318,-21.843618464880318,0,0
0.0001885,57.099335325975829,-20.051994678082142,-20.051994678082142,0,0
0.0001886,57.076500159183269,-18.277665831416385,-18.277665831416385,0,0
0.00018869999999999998,57.053674124630852,-16.524214236467202,-16.524214236467202,0,0
0.00018879999999999998,57.030857218666419,-14.7951797444191,-14.7951797444191,0,0
0.00018889999999999998,57.008049437639265,-13.094052553013949,-13.094052553013949,0,0
0.00018899999999999999,56.985250777900141,-11.424266114499671,-11.424266114499671,0,0
0.00018909999999999999,56.962461235801264,-9.7891901589815049,-9.7891901589815049,0,0
0.00018919999999999999,56.939680807696305,-8.1921238473522635,-8.1921238473522635,0,0
0.00018929999999999999,56.916909489940394,-6.6362890677141788,-6.6362890677141788,0,0
0.0001894,56.894147278890124,-5.1248238889135482,-5.1248238889135482,0,0
0.0001895,56.871394170903542,-3.6607761844896078,-3.6607761844896078,0,0
0.0001896,56.848650162340149,-2.2470974399928245,-2.2470974399928245,0,0
0.0001897,56.8259152495609,-0.88663675625485006,-0.88663675625485006,0,0
0.00018979999999999998,56.803246706444305,0,0,1.6518643645433242,1.6518643645433242
0.00018989999999999998,56.781028151788817,0,0,9.9824966083572448,9.9824966083572448
0.00018999999999999998,56.760140752232481,0,0,27.98366366633217,27.98366366633217
0.00019009999999999999,56.753232807983871,0,0,288.93827886104174,288.93827886104174
0.00019019999999999999,56.772643879421352,0,0,553.53769809944117,553.53769809944117
0.00019029999999999999,56.818464448952938,0,0,816.5102379079799,816.5102379079799
0.00019039999999999999,56.890258597366511,0,0,1072.6140913373513,1072.6140913373513
0.0001905,56.987071960659812,0,0,1316.7322896535909,1316.7322896535909
0.0001906,57.107449078576373,0,0,1543.9653919851187,1543.9653919851187
0.0001907,57.249459819540903,0,0,1749.7202243248862,1749.7202243248862
0.0001908,57.410734402325545,0,0,1929.7930610360759,1929.7930610360759
0.00019089999999999998,57.588506379123203,0,0,2080.4457428552951,2080.4457428552951
0.00019099999999999998,57.779662800574307,0,0,2198.4733534989823,2198.4733534989823
0.00019109999999999998,57.980800653297976,0,0,2281.2622300332278,2281.2622300332278
0.00019119999999999999,58.188288546970696,0,0,2326.8372573893125,2326.8372573893125
0.00019129999999999999,58.398332533029269,0,0,2333.8975916207069,2333.8975916207069
0.00019139999999999999,58.60704486236795,0,0,2301.840166182124,2301.840166182124
0.00019149999999999999,58.81051443630318,0,0,2230.770556867767,2230.770556867767
0.0001916,59.004877674552361,0,0,2121.5010100634454,2121.5010100634454
0.0001917,59.186388516565984,0,0,1975.53567149674,1975.53567149674
0.0001918,59.351486288396941,0,0,1795.0432844987531,1795.0432844987531
0.0001919,59.496860206096933,0,0,1582.8178537211877,1582.8178537211877
0.000192,59.619509347692095,0,0,1342.227988173817,1342.227988173817
0.00019209999999999998,59.71679700800032,0,0,1077.1558424137149,1077.1558424137149
0.00019219999999999998,59.786498452418819,0,0,791.92676301790641,791.92676301790641
0.00019229999999999999,59.826841205485771,0,0,491.23091569665536,491.23091569665536
0.00019239999999999999,59.836537145334376,0,0,180.03831351070616,180.03831351070616
0.00019249999999999999,59.813859933488537,-39.152845417141464,-39.152845417141464,0,0
0.00019259999999999999,59.789939173985985,-39.429015758723239,-39.429015758723239,0,0
0.00019269999999999999,59.76602798087383,-39.685812627228529,-39.685812627228529,0,0
0.0001928,59.742126350326281,-39.922690108060607,-39.922690108060607,0,0
0.0001929,59.718234278519077,-40.139142782453803,-40.139142782453803,0,0
0.000193,59.694351761629484,-40.334706754069302,-40.334706754069302,0,0
0.0001931,59.670478795836296,-40.508960591198417,-40.508960591198417,0,0
0.00019319999999999998,59.646615377319847,-40.66152618265879,-40.66152618265879,0,0
0.00019329999999999998,59.622761502261987,-40.792069505646296,-40.792069505646296,0,0
0.00019339999999999998,59.598917166846093,-40.900301303982317,-40.900301303982317,0,0
0.00019349999999999999,59.575082367257068,-40.985977675379942,-40.985977675379942,0,0
0.00019359999999999999,59.551257099681351,-41.048900566536375,-41.048900566536375,0,0
0.00019369999999999999,59.527441360306895,-41.088918175046572,-41.088918175046572,0,0
0.00019379999999999999,59.503635145323187,-41.105925257322781,-41.105925257322781,0,0
0.0001939,59.479838450921228,-41.099863341895031,-41.099863341895031,0,0
0.000194,59.456051273293546,-41.070720847660411,-41.070720847660411,0,0
0.0001941,59.432273608634198,-41.018533106842199,-41.018533106842199,0,0
0.0001942,59.408505453138751,-40.943382292612938,-40.943382292612938,0,0
0.00019429999999999998,59.384746803004305,-40.845397251529988,-40.845397251529988,0,0
0.00019439999999999998,59.360997654429475,-40.724753241125242,-40.724753241125242,0,0
0.00019449999999999998,59.337258003614394,-40.581671573183229,-40.581671573183229,0,0
0.00019459999999999999,59.313527846760721,-40.416419163433901,-40.416419163433901,0,0
0.00019469999999999999,59.289807180071634,-40.22930798857611,-40.22930798857611,0,0
0.00019479999999999999,59.266095999751819,-40.020694451736588,-40.020694451736588,0,0
0.00019489999999999999,59.24239430200749,-39.790978657654719,-39.790978657654719,0,0
0.000195,59.218702083046374,-68.51621335516505,-68.51621335516505,0,0
0.0001951,59.195019339077717,-68.215869121814038,-68.215869121814038,0,0
0.0001952,59.171346066312282,-67.837054314305675,-67.837054314305675,0,0
0.0001953,59.147682260962348,-67.38051564747289,-67.38051564747289,0,0
0.00019539999999999998,59.124027919241698,-66.847157784267992,-66.847157784267992,0,0
0.00019549999999999998,59.100383037365646,-66.238041495409448,-66.238041495409448,0,0
0.00019559999999999998,59.076747611550999,-65.554381501814532,-65.554381501814532,0,0
0.00019569999999999999,59.053121638016101,-64.797544004206301,-64.797544004206301,0,0
0.00019579999999999999,59.029505112980793,-63.969043904918962,-63.969043904918962,0,0
0.00019589999999999999,59.005898032666423,-63.070541727551046,-63.070541727551046,0,0
0.00019599999999999999,58.982300393295866,-62.103840240729951,-62.103840240729951,0,0
0.0001961,58.958712191093497,-61.07088079285252,-61.07088079285252,0,0
0.0001962,58.935133422285205,-59.973739365253365,-59.973739365253365,0,0
0.0001963,58.911564083098384,-58.814622351825363,-58.814622351825363,0,0
0.0001964,58.888004169761942,-57.595862073671867,-57.595862073671867,0,0
0.00019649999999999998,58.864453678506294,-56.31991203790885,-56.31991203790885,0,0
0.00019659999999999998,58.840912605563361,-54.989341950255209,-54.989341950255209,0,0
0.00019669999999999998,58.817380947166569,-53.606832491549142,-53.606832491549142,0,0
0.00019679999999999999,58.79385869955086,-52.175169868808709,-52.175169868808709,0,0
0.00019689999999999999,58.770345858952666,-50.697240151912382,-50.697240151912382,0,0
0.00019699999999999999,58.746842421609934,-49.176023407410938,-49.176023407410938,0,0
0.00019709999999999999,58.723348383762115,-47.614587641394294,-47.614587641394294,0,0
0.0001972,58.699863741650162,-46.01608256372468,-46.01608256372468,0,0
0.0001973,58.676388491516533,-44.383733186310359,-44.383733186310359,0,0
0.0001974,58.652922629605186,-42.720833268431427,-42.720833268431427,0,0
0.0001975,58.629466152161584,-41.030738622439564,-41.030738622439564,0,0
0.00019759999999999998,58.606019055432697,-39.31686029343745,-39.31686029343745,0,0
0.00019769999999999998,58.58258133566698,-37.58265762679936,-37.58265762679936,0,0
0.00019779999999999998,58.559152989114402,-35.831631237622261,-35.831631237622261,0,0
0.00019789999999999999,58.535734012026431,-34.06731589639579,-34.06731589639579,0,0
0.00019799999999999999,58.512324400656027,-32.29327334534964,-32.29327334534964,0,0
0.00019809999999999999,58.488924151257649,-30.513085060077628,-30.513085060077628,0,0
0.00019819999999999999,58.465533260087263,-28.730344971148504,-28.730344971148504,0,0
0.0001983,58.442151723402318,-26.948652160495079,-26.948652160495079,0,0
0.0001984,58.418779537461774,-25.171603547423928,-25.171603547423928,0,0
0.0001985,58.395416698526084,-23.402786579109133,-23.402786579109133,0,0
0.0001986,58.372063202857191,-21.645771940424112,-21.645771940424112,0,0
0.00019869999999999998,58.348719046718536,-19.904106297926042,-19.904106297926042,0,0
0.00019879999999999998,58.32538422637505,-18.181305092737947,-18.181305092737947,0,0
0.00019889999999999998,58.302058738093166,-16.480845396973915,-16.480845396973915,0,0
0.00019899999999999999,58.2787425781408,-14.806158848223452,-14.806158848223452,0,0
0.00019909999999999999,58.255435742787377,-13.160624676452464,-13.160624676452464,0,0
0.00019919999999999999,58.232138228303796,-11.547562837490108,-11.547562837490108,0,0
0.00019929999999999999,58.208850030962452,-9.9702272670541667,-9.9702272670541667,0,0
0.0001994,58.185571147037237,-8.4317992690223207,-8.4317992690223207,0,0
0.0001995,58.162301572803528,-6.9353810513839083,-6.9353810513839083,0,0
0.0001996,58.139041304538196,-5.4839894230062001,-5.4839894230062001,0,0
0.0001997,58.115790338519602,-4.0805496640226764,-4.0805496640226764,0,0
0.00019979999999999998,58.092548671027586,-2.7278895822972977,-2.7278895822972977,0,0
0.00019989999999999998,58.06931629834348,-1.4287337680409564,-1.4287337680409564,0,0
0.00019999999999999998,58.046093216750101,0,0,0,0
0.00020009999999999998,58.034686423624379,0,0,237.4095511345748,237.4095511345748
0.00020019999999999999,58.047311265154072,0,0,479.82881902906411,479.82881902906411
0.00020029999999999999,58.084215440907343,0,0,722.37820339434143,722.37820339434143
0.00020039999999999999,58.145157849359322,0,0,960.17609626188084,960.17609626188084
0.00020049999999999999,58.229413010613492,0,0,1188.4273235896333,1188.4273235896333
0.0002006,58.335784264243323,0,0,1402.5100111773327,1402.5100111773327
0.0002007,58.462625502198875,0,0,1598.0593016940857,1598.0593016940857
0.0002008,58.60787104215693,0,0,1771.0464068363178,1771.0464068363178
0.0002009,58.769073099293415,0,0,1917.8515633013319,1917.8515633013319
0.00020099999999999998,58.943446176890383,0,0,2035.3295718442059,2035.3295718442059
0.00020109999999999998,59.12791757094935,0,0,2120.8667331775814,2120.8667331775814
0.00020119999999999998,59.319183073333321,0,0,2172.4281504363207,2172.4281504363207
0.00020129999999999999,59.513766863905417,0,0,2188.594542534704,2188.594542534704
0.00020139999999999999,59.708084506373638,0,0,2168.5879028280178,2168.5879028280178
0.00020149999999999999,59.898507906459038,0,0,2112.2855396084233,2112.2855396084233
0.00020159999999999999,60.081431055592233,0,0,2020.222245454522,2020.222245454522
0.0002017,60.253335369250124,0,0,1893.5805575016295,1893.5805575016295
0.0002018,60.410853436523091,0,0,1734.1692864097506,1734.1692864097506
0.0002019,60.550830026415539,0,0,1544.3907042715084,1544.3907042715084
0.000202,60.670379246202806,0,0,1327.1969870748242,1327.1969870748242
0.00020209999999999998,60.766936816990651,0,0,1086.036701895961,1086.036701895961
0.00020219999999999998,60.83830652018284,0,0,824.79230922482895,824.79230922482895
0.00020229999999999998,60.882699974251146,0,0,547.70981345348616,547.70981345348616
0.00020239999999999999,60.898769022104872,0,0,259.32183664689546,259.32183664689546
0.00020249999999999999,60.884275694696726,-36.577338878838475,-36.577338878838475,0,0
0.00020259999999999999,60.859926854511535,-36.857078101677814,-36.857078101677814,0,0
0.00020269999999999999,60.835587751914773,-37.123757684300557,-37.123757684300557,0,0
0.0002028,60.811258383012181,-37.376811116995398,-37.376811116995398,0,0
0.0002029,60.786938743911058,-37.61569959741783,-37.61569959741783,0,0
0.000203,60.762628830720267,-37.839913125182804,-37.839913125182804,0,0
0.0002031,60.738328639550218,-38.048971537913914,-38.048971537913914,0,0
0.00020319999999999998,60.714038166512879,-38.242425486644038,-38.242425486644038,0,0
0.00020329999999999998,60.689757407721778,-38.419857348586277,-38.419857348586277,0,0
0.00020339999999999998,60.66548635929199,-38.580882075421016,-38.580882075421016,0,0
0.00020349999999999999,60.641225017340147,-38.725147975375847,-38.725147975375847,0,0
0.00020359999999999999,60.616973377984436,-38.85233742751025,-38.85233742751025,0,0
0.00020369999999999999,60.592731437344597,-38.962167526753731,-38.962167526753731,0,0
0.00020379999999999999,60.568499191541918,-39.054390658388044,-39.054390658388044,0,0
0.0002039,60.544276636699237,-39.128795000806463,-39.128795000806463,0,0
0.000204,60.52006376894095,-39.185204955529571,-39.185204955529571,0,0
0.0002041,60.495860584392993,-39.223481503604361,-39.223481503604361,0,0
0.0002042,60.471667079182858,-39.243522487663554,-39.243522487663554,0,0
0.00020429999999999998,60.447483249439586,-39.245262819072607,-39.245262819072607,0,0
0.00020439999999999998,60.42330909129376,-39.228674609744445,-39.228674609744445,0,0
0.00020449999999999998,60.39914460087752,-39.193767228355071,-39.193767228355071,0,0
0.00020459999999999999,60.374989774324547,-39.140587280846603,-39.140587280846603,0,0
0.00020469999999999999,60.350844607770064,-39.069218515258299,-39.069218515258299,0,0
0.00020479999999999999,60.32670909735085,-38.979781651079961,-38.979781651079961,0,0
0.00020489999999999999,60.302583239205219,-38.872434133475423,-38.872434133475423,0,0
0.000205,60.278467029473035,-67.722979568973926,-67.722979568973926,0,0
0.0002051,60.254360464295701,-67.550633416463782,-67.550633416463782,0,0
0.0002052,60.230263539816171,-67.302243456153832,-67.302243456153832,0,0
0.0002053,60.206176252178935,-66.978290898145275,-66.978290898145275,0,0
0.00020539999999999998,60.182098597530029,-66.579410512031359,-66.579410512031359,0,0
0.00020549999999999998,60.158030572017026,-66.106389335064932,-66.106389335064932,0,0
0.00020559999999999998,60.133972171789047,-65.560165070909221,-65.560165070909221,0,0
0.00020569999999999999,60.109923392996741,-64.94182418222907,-64.94182418222907,0,0
0.00020579999999999999,60.085884231792306,-64.252599681003048,-64.252599681003048,0,0
0.00020589999999999999,60.061854684329475,-63.493868621050083,-63.493868621050083,0,0
0.00020599999999999999,60.037834746763522,-62.66714929787021,-62.66714929787021,0,0
0.0002061,60.013824415251257,-61.774098161493242,-61.774098161493242,0,0
0.0002062,59.989823685951031,-60.816506448612415,-60.816506448612415,0,0
0.0002063,59.965832555022722,-59.796296540850619,-59.796296540850619,0,0
0.0002064,59.941851018627744,-58.715518056562971,-58.715518056562971,0,0
0.00020649999999999998,59.917879072929061,-57.576343684121298,-57.576343684121298,0,0
0.00020659999999999998,59.893916714091155,-56.381064765150938,-56.381064765150938,0,0
0.00020669999999999998,59.869963938280051,-55.132086636698602,-55.132086636698602,0,0
0.00020679999999999999,59.84602074166331,-53.831923741799685,-53.831923741799685,0,0
0.00020689999999999999,59.822087120410011,-52.483194518383968,-52.483194518383968,0,0
0.00020699999999999999,59.798163070690777,-51.088616076908934,-51.088616076908934,0,0
0.00020709999999999999,59.774248588677764,-49.650998677539448,-49.650998677539448,0,0
0.00020719999999999999,59.750343670544652,-48.173240018099136,-48.173240018099136,0,0
0.0002073,59.726448312466658,-46.658319344403907,-46.658319344403907,0,0
0.0002074,59.702562510620517,-45.10929139494835,-45.10929139494835,0,0
0.0002075,59.678686261184509,-43.529280192252628,-43.529280192252628,0,0
0.00020759999999999998,59.654819560338431,-41.921472693488454,-41.921472693488454,0,0
0.00020769999999999998,59.630962404263606,-40.289112313289046,-40.289112313289046,0,0
0.00020779999999999998,59.607114789142891,-38.635492331907358,-38.635492331907358,0,0
0.00020789999999999998,59.583276711160671,-36.963949202119423,-36.963949202119423,0,0
0.00020799999999999999,59.559448166502854,-35.277855768475831,-35.277855768475831,0,0
0.00020809999999999999,59.535629151356872,-33.580614412681825,-33.580614412681825,0,0
0.00020819999999999999,59.51181966191168,-31.875650139036566,-31.875650139036566,0,0
0.00020829999999999999,59.48801969435776,-30.166403613984066,-30.166403613984066,0,0
0.0002084,59.464229244887122,-28.456324173920827,-28.456324173920827,0,0
0.0002085,59.440448309693288,-26.748862815470066,-26.748862815470066,0,0
0.0002086,59.416676884971309,-25.04746518246753,-25.04746518246753,0,0
0.00020869999999999998,59.392914966917758,-23.355564563910612,-23.355564563910612,0,0
0.00020879999999999998,59.369162551730732,-21.676574917099902,-21.676574917099902,0,0
0.00020889999999999998,59.345419635609836,-20.013883930150961,-20.013883930150961,0,0
0.00020899999999999998,59.321686214756213,-18.370846137974031,-18.370846137974031,0,0
0.00020909999999999999,59.297962285372506,-16.75077610571044,-16.75077610571044,0,0
0.00020919999999999999,59.274247843662891,-15.156941693477179,-15.156941693477179,0,0
0.00020929999999999999,59.250542885833063,-13.592557416105983,-13.592557416105983,0,0
0.00020939999999999999,59.226847408090222,-12.060777911369621,-12.060777911369621,0,0
0.0002095,59.20316140664309,-10.564691529967934,-10.564691529967934,0,0
0.0002096,59.17948487770191,-9.1073140602981884,-9.1073140602981884,0,0
0.0002097,59.155817817478436,-7.6915826007603867,-7.6915826007603867,0,0
0.0002098,59.132160222185938,-6.3203495920483608,-6.3203495920483608,0,0
0.00020989999999999998,59.108512088039205,-4.996377021551881,-4.996377021551881,0,0
0.00020999999999999998,59.084873411254527,0,0,0,0
0.00021009999999999998,59.071625219858831,0,0,208.97538731969937,208.97538731969937
0.00021019999999999999,59.079601674311725,0,0,423.74673988230722,423.74673988230722
0.00021029999999999999,59.109155031242061,0,0,639.92789119001986,639.92789119001986
0.00021039999999999999,59.160196948766036,0,0,853.10742300550737,853.10742300550737
0.00021049999999999999,59.232200136204028,0,0,1058.9285935472515,1058.9285935472515
0.0002106,59.324207956416657,0,0,1253.1682661841896,1253.1682661841896
0.0002107,59.434851805923188,0,0,1431.8134091310021,1431.8134091310021
0.0002108,59.562375957108749,0,0,1591.1337808049866,1591.1337808049866
0.0002109,59.704669411704188,0,0,1727.7494847522655,1727.7494847522655
0.00021099999999999998,59.859304187780936,0,0,1838.6921711279088,1838.6921711279088
0.00021109999999999998,60.023579346040933,0,0,1921.4587769328532,1921.4587769328532
0.00021119999999999998,60.19456995730706,0,0,1974.0568324807907,1974.0568324807907
0.00021129999999999999,60.369180123712425,0,0,1995.040514438072,1995.040514438072
0.00021139999999999999,60.544199092764821,0,0,1983.5367934782282,1983.5367934782282
0.00021149999999999999,60.716359447552684,0,0,1939.261204080783,1939.261204080783
0.00021159999999999999,60.882396318870512,0,0,1862.5229520292326,1862.5229520292326
0.0002117,61.039106546652889,0,0,1754.2192683187889,1754.2192683187889
0.0002118,61.183406719147236,0,0,1615.8191129715708,1615.8191129715708
0.0002119,61.31238903870527,0,0,1449.3365251470498,1449.3365251470498
0.000212,61.423374002559434,0,0,1257.294103435192,1257.294103435192
0.00021209999999999998,61.513958944755636,0,0,1042.6772789333691,1042.6772789333691
0.00021219999999999998,61.582061560488484,0,0,808.88021039974626,808.88021039974626
0.00021229999999999998,61.625957625068253,0,0,559.64428242767133,559.64428242767133
0.00021239999999999999,61.64431222498969,0,0,298.9903214524328,298.9903214524328
0.00021249999999999999,61.636203936164591,0,0,31.145758061027081,31.145758061027081
0.00021259999999999999,61.610357646665946,-33.582385950090838,-33.582385950090838,0,0
0.00021269999999999999,61.58571843177878,-33.865280991169413,-33.865280991169413,0,0
0.0002128,61.561089070606698,-34.141933694958595,-34.141933694958595,0,0
0.0002129,61.536469559208996,-34.411756906646005,-34.411756906646005,0,0
0.000213,61.511859893646552,-34.674177367234407,-34.674177367234407,0,0
0.0002131,61.487260069981822,-34.928636878324525,-34.928636878324525,0,0
0.00021319999999999998,61.462670084278841,-35.174593436277846,-35.174593436277846,0,0
0.00021329999999999998,61.438089932603198,-35.411522333455181,-35.411522333455181,0,0
0.00021339999999999998,61.413519611022082,-35.638917224293607,-35.638917224293607,0,0
0.00021349999999999999,61.38895911560423,-35.856291154055626,-35.856291154055626,0,0
0.00021359999999999999,61.364408442419972,-36.063177548160411,-36.063177548160411,0,0
0.00021369999999999999,61.339867587541193,-36.259131160087236,-36.259131160087236,0,0
0.00021379999999999999,61.315336547041355,-36.443728975925126,-36.443728975925126,0,0
0.0002139,61.290815316995499,-36.616571073731365,-36.616571073731365,0,0
0.000214,61.266303893480227,-36.777281435952617,-36.777281435952617,0,0
0.0002141,61.241802272573707,-36.925508713258807,-36.925508713258807,0,0
0.0002142,61.217310450355683,-37.0609269382375,-37.0609269382375,0,0
0.00021429999999999998,61.192828422907461,-37.183236187499602,-37.183236187499602,0,0
0.00021439999999999998,61.168356186311918,-37.292163190851241,-37.292163190851241,0,0
0.00021449999999999998,61.143893736653496,-37.387461886294389,-37.387461886294389,0,0
0.00021459999999999998,61.119441070018198,-37.468913919729459,-37.468913919729459,0,0
0.00021469999999999999,61.094998182493605,-37.536329088344644,-37.536329088344644,0,0
0.00021479999999999999,61.070565070168847,-37.589545726791869,-37.589545726791869,0,0
0.00021489999999999999,61.046141729134632,-37.628431035365324,-37.628431035365324,0,0
0.00021499999999999999,61.021728155483224,-66.628491105613662,-66.628491105613662,0,0
0.0002151,60.997324345308449,-66.608637216021592,-66.608637216021592,0,0
0.0002152,60.972930294705705,-66.515406919196707,-66.515406919196707,0,0
0.0002153,60.948545999771937,-66.348965780948475,-66.348965780948475,0,0
0.00021539999999999998,60.924171456605656,-66.109628151394674,-66.109628151394674,0,0
0.00021549999999999998,60.89980666130694,-65.797856524332076,-65.797856524332076,0,0
0.00021559999999999998,60.875451609977418,-65.41426059556278,-65.41426059556278,0,0
0.00021569999999999998,60.851106298720282,-64.959596022093436,-64.959596022093436,0,0
0.00021579999999999999,60.826770723640287,-64.434762884732564,-64.434762884732564,0,0
0.00021589999999999999,60.802444880843737,-63.840803857213757,-63.840803857213757,0,0
0.00021599999999999999,60.778128766438499,-63.178902085569106,-63.178902085569106,0,0
0.00021609999999999999,60.753822376533989,-62.450378782065798,-62.450378782065798,0,0
0.0002162,60.729525707241194,-61.656690538598809,-61.656690538598809,0,0
0.0002163,60.705238754672642,-60.799426365002773,-60.799426365002773,0,0
0.0002164,60.680961514942418,-59.880304458305204,-59.880304458305204,0,0
0.00021649999999999998,60.656693984166161,-58.901168709489355,-58.901168709489355,0,0
0.00021659999999999998,60.632436158461076,-57.86398495486921,-57.86398495486921,0,0
0.00021669999999999998,60.6081880339459,-56.770836979697179,-56.770836979697179,0,0
0.00021679999999999998,60.583949606740944,-55.623922282129016,-55.623922282129016,0,0
0.00021689999999999999,60.55972087296805,-54.425547606157181,-54.425547606157181,0,0
0.00021699999999999999,60.535501828750625,-53.178124252593236,-53.178124252593236,0,0
0.00021709999999999999,60.511292470213625,-51.884163177630867,-51.884163177630867,0,0
0.00021719999999999999,60.487092793483548,-50.546269888952637,-50.546269888952637,0,0
0.0002173,60.462902794688446,-49.16713914975486,-49.16713914975486,0,0
0.0002174,60.438722469957924,-47.749549501455206,-47.749549501455206,0,0
0.0002175,60.414551815423124,-46.296357616216191,-46.296357616216191,0,0
0.00021759999999999998,60.390390827216741,-44.810492490762904,-44.810492490762904,0,0
0.00021769999999999998,60.366239501473025,-43.294949493296286,-43.294949493296286,0,0
0.00021779999999999998,60.342097834327753,-41.752784275601286,-41.752784275601286,0,0
0.00021789999999999998,60.317965821918264,-40.187106562723145,-40.187106562723145,0,0
0.00021799999999999999,60.293843460383435,-38.601073832833727,-38.601073832833727,0,0
0.00021809999999999999,60.26973074586369,-36.997884900132703,-36.997884900132703,0,0
0.00021819999999999999,60.245627674500994,-35.380773413825438,-35.380773413825438,0,0
0.00021829999999999999,60.221534242438857,-33.753001286389804,-33.753001286389804,0,0
0.0002184,60.197450445822327,-32.117852064487394,-32.117852064487394,0,0
0.0002185,60.173376280797996,-30.478624255991498,-30.478624255991498,0,0
0.0002186,60.149311743513998,-28.838624626692763,-28.838624626692763,0,0
0.0002187,60.125256830120001,-27.201161480305224,-27.201161480305224,0,0
0.00021879999999999998,60.101211536767231,-25.56953793542888,-25.56953793542888,0,0
0.00021889999999999998,60.077175859608431,-23.947045213131361,-23.947045213131361,0,0
0.00021899999999999998,60.053149794797896,-22.336955948789104,-22.336955948789104,0,0
0.00021909999999999999,60.029133338491462,-20.742517541779325,-20.742517541779325,0,0
0.00021919999999999999,60.005126486846486,-19.166945556536731,-19.166945556536731,0,0
0.00021929999999999999,59.981129236021879,-17.61341718838456,-17.61341718838456,0,0
0.00021939999999999999,59.957141582178075,-16.085064807417567,-16.085064807417567,0,0
0.0002195,59.933163521477056,-14.584969593556011,-14.584969593556011,0,0
0.0002196,59.909195050082324,-13.116155275704019,-13.116155275704019,0,0
0.0002197,59.885236164158933,-11.681581987734234,-11.681581987734234,0,0
0.0002198,59.861286859873452,-10.284140253782866,-10.284140253782866,0,0
0.00021989999999999998,59.837347133393997,-8.9266451150764361,-8.9266451150764361,0,0
0.00021999999999999998,59.81341698089021,0,0,0,0
0.00022009999999999998,59.798310127202242,0,0,177.73259633395344,177.73259633395344
0.00022019999999999999,59.801346541228568,0,0,362.18437420620455,362.18437420620455
0.00022029999999999999,59.822999417250344,0,0,549.51365011374696,549.51365011374696
0.00022039999999999999,59.863354487636187,0,0,735.82682834284878,735.82682834284878
0.00022049999999999999,59.92210851230648,0,0,917.24895326758235,917.24895326758235
0.0002206,59.998574815994154,0,0,1089.9939159390981,1089.9939159390981
0.0002207,60.091695772198484,0,0,1250.4330433729479,1250.4330433729479
0.0002208,60.200062006916262,0,0,1395.1608283812429,1395.1608283812429
0.0002209,60.321937973547548,0,0,1521.0566097312899,1521.0566097312899
0.00022099999999999998,60.455293435013623,0,0,1625.3410858993286,1625.3410858993286
0.00022109999999999998,60.597840282182432,0,0,1705.6266393935816,1705.6266393935816
0.00022119999999999998,60.74707402110699,0,0,1759.960560845426,1759.960560845426
0.00022129999999999999,60.900319177093998,0,0,1786.8603907763218,1786.8603907763218
0.00022139999999999999,61.054777792761527,0,0,1785.3407398079985,1785.3407398079985
0.00022149999999999999,61.207580141298223,0,0,1754.9311025051277,1754.9311025051277
0.00022159999999999999,61.355836736114071,0,0,1695.6843432249686,1695.6843432249686
0.00022169999999999999,61.496690694696639,0,0,1608.1757013405336,1608.1757013405336
0.0002218,61.627369508179036,0,0,1493.4923349411181,1493.4923349411181
0.0002219,61.745235278998642,0,0,1353.2135934856212,1353.2135934856212
0.000222,61.847832516880054,0,0,1189.3823777860014,1189.3823777860014
0.00022209999999999998,61.932932627705256,0,0,1004.4681070896969,1004.4681070896969
0.00022219999999999998,61.998574289833805,0,0,801.32196498840847,801.32196498840847
0.00022229999999999998,62.043098987017594,0,0,583.12523565498373,583.12523565498373
0.00022239999999999998,62.065181054865434,0,0,353.33166696997949,353.33166696997949
0.00022249999999999999,62.063851697260972,0,0,115.60490518130466,115.60490518130466
0.00022259999999999999,62.038787680174806,-29.948420261709241,-29.948420261709241,0,0
0.00022269999999999999,62.013977127544074,-30.233985992785311,-30.233985992785311,0,0
0.00022279999999999999,61.989176497149813,-30.521123918969725,-30.521123918969725,0,0
0.0002229,61.964385785023921,-30.809225308426345,-30.809225308426345,0,0
0.000223,61.939604987199885,-31.097679488905985,-31.097679488905985,0,0
0.0002231,61.914834099712785,-31.385875088752062,-31.385875088752062,0,0
0.00022319999999999998,61.890073118599268,-31.673201279312327,-31.673201279312327,0,0
0.00022329999999999998,61.865322039897585,-31.959049016232076,-31.959049016232076,0,0
0.00022339999999999998,61.840580859647559,-32.242812277106182,-32.242812277106182,0,0
0.00022349999999999998,61.815849573890603,-32.523889292974943,-32.523889292974943,0,0
0.00022359999999999999,61.791128178669709,-32.80168377116118,-32.80168377116118,0,0
0.00022369999999999999,61.766416670029457,-33.07560610696386,-33.07560610696386,0,0
0.00022379999999999999,61.741715044016004,-33.345074581745678,-33.345074581745678,0,0
0.00022389999999999999,61.717023296677091,-33.609516544980451,-33.609516544980451,0,0
0.000224,61.692341424062036,-33.868369577858061,-33.868369577858061,0,0
0.0002241,61.667669422221742,-34.121082636082789,-34.121082636082789,0,0
0.0002242,61.643007287208682,-34.36711716954278,-34.36711716954278,0,0
0.00022429999999999998,61.618355015076922,-34.605948216575698,-34.605948216575698,0,0
0.00022439999999999998,61.593712601882096,-34.837065470606959,-34.837065470606959,0,0
0.00022449999999999998,61.569080043681417,-35.059974316993532,-35.059974316993532,0,0
0.00022459999999999998,61.544457336533675,-35.274196837966556,-35.274196837966556,0,0
0.00022469999999999999,61.519844476499244,-35.479272783630734,-35.479272783630734,0,0
0.00022479999999999999,61.495241459640056,-35.674760507048077,-35.674760507048077,0,0
0.00022489999999999999,61.470648282019631,-35.860237861505908,-35.860237861505908,0,0
0.00022499999999999999,61.446064939703064,-65.010912814243824,-65.010912814243824,0,0
0.0002251,61.421491428757022,-65.14539034807953,-65.14539034807953,0,0
0.0002252,61.396927745249741,-65.20989417113843,-65.20989417113843,0,0
0.0002253,61.372373885251029,-65.204269093807866,-65.204269093807866,0,0
0.00022539999999999998,61.347829844832269,-65.128502451755352,-65.128502451755352,0,0
0.00022549999999999998,61.323295620066411,-64.982724129922502,-64.982724129922502,0,0
0.00022559999999999998,61.298771207027983,-64.767206296835198,-64.767206296835198,0,0
0.00022569999999999998,61.274256601793084,-64.482362849773367,-64.482362849773367,0,0
0.00022579999999999999,61.24975180043937,-64.128748571931666,-64.128748571931666,0,0
0.00022589999999999999,61.225256799046072,-63.707058003287059,-63.707058003287059,0,0
0.00022599999999999999,61.200771593693993,-63.218124027471603,-63.218124027471603,0,0
0.00022609999999999999,61.176296180465499,-62.66291617752546,-62.66291617752546,0,0
0.0002262,61.151830555444526,-62.042538663976629,-62.042538663976629,0,0
0.0002263,61.127374714716574,-61.358228129258009,-61.358228129258009,0,0
0.0002264,61.102928654368704,-60.611351133028577,-60.611351133028577,0,0
0.0002265,61.078492370489549,-59.803401373512116,-59.803401373512116,0,0
0.00022659999999999998,61.054065859169306,-58.935996650503483,-58.935996650503483,0,0
0.00022669999999999998,61.029649116499733,-58.010875576217188,-58.010875576217188,0,0
0.00022679999999999998,61.005242138574147,-57.029894040665511,-57.029894040665511,0,0
0.00022689999999999999,60.980844921487432,-55.995021438751991,-55.995021438751991,0,0
0.00022699999999999999,60.956457461336036,-54.908336666750472,-54.908336666750472,0,0
0.00022709999999999999,60.932079754217966,-53.772023896308184,-53.772023896308184,0,0
0.00022719999999999999,60.907711796232782,-52.588368134563638,-52.588368134563638,0,0
0.0002273,60.883353583481615,-51.35975057940442,-51.35975057940442,0,0
0.0002274,60.859005112067152,-50.088643779306238,-50.088643779306238,0,0
0.0002275,60.834666378093637,-48.777606607591764,-48.777606607591764,0,0
0.0002276,60.810337377666876,-47.429279061324408,-47.429279061324408,0,0
0.00022769999999999998,60.786018106894225,-46.046376895408883,-46.046376895408883,0,0
0.00022779999999999998,60.761708561884596,-44.631686102804849,-44.631686102804849,0,0
0.00022789999999999998,60.737408738748471,-43.188057252072674,-43.188057252072674,0,0
0.00022799999999999999,60.713118633597873,-41.718399693760013,-41.718399693760013,0,0
0.00022809999999999999,60.688838242546382,-40.225675647404472,-40.225675647404472,0,0
0.00022819999999999999,60.664567561709141,-38.712894181169901,-38.712894181169901,0,0
0.00022829999999999999,60.640306587202844,-37.183105096352037,-37.183105096352037,0,0
0.0002284,60.616055315145722,-35.639392729182347,-35.639392729182347,0,0
0.0002285,60.591813741657582,-34.084869682526829,-34.084869682526829,0,0
0.0002286,60.567581862859768,-32.52267050021883,-32.52267050021883,0,0
0.0002287,60.543359674875184,-30.955945296881264,-30.955945296881264,0,0
0.00022879999999999998,60.51914717382828,-29.387853356184323,-29.387853356184323,0,0
0.00022889999999999998,60.49494435584505,-27.82155671054808,-27.82155671054808,0,0
0.00022899999999999998,60.470751217053049,-26.260213715337539,-26.260213715337539,0,0
0.00022909999999999999,60.44656775358137,-24.706972630608462,-24.706972630608462,0,0
0.00022919999999999999,60.422393961560658,-23.164965223446757,-23.164965223446757,0,0
0.00022929999999999999,60.398229837123111,-21.637300403902266,-21.637300403902266,0,0
0.00022939999999999999,60.374075376402466,-20.127057907449483,-20.127057907449483,0,0
0.00022949999999999999,60.34993057553401,-18.637282036812749,-18.637282036812749,0,0
0.0002296,60.325795430654573,-17.170975475873004,-17.170975475873004,0,0
0.0002297,60.301669937902538,-15.731093188226179,-15.731093188226179,0,0
0.0002298,60.27755409341782,-14.320536412791514,-14.320536412791514,0,0
0.00022989999999999998,60.253447893341885,-12.942146768670405,-12.942146768670405,0,0
0.00022999999999999998,60.229351333817739,0,0,0,0
0.00023009999999999998,60.21246985862426,0,0,145.65555594403131,145.65555594403131
0.00023019999999999998,60.210562760295382,0,0,298.87516509663601,298.87516509663601
0.00023029999999999999,60.224217319765103,0,0,456.38077589283739,456.38077589283739
0.00023039999999999999,60.253688466537056,0,0,614.81683718883028,614.81683718883028
0.00023049999999999999,60.298894196206646,0,0,770.81110814488773,770.81110814488773
0.00023059999999999999,60.359417093582877,0,0,921.03576343421798,921.03576343421798
0.0002307,60.434511933121314,0,0,1062.2676869622185,1062.2676869622185
0.0002308,60.523119218306185,0,0,1191.4468621057181,1191.4468621057181
0.0002309,60.623884414064896,0,0,1305.7318010841498,1305.7318010841498
0.00023099999999999998,60.735182523210071,0,0,1402.5510098251355,1402.5510098251355
0.00023109999999999998,60.855147561149607,0,0,1479.6495566099363,1479.6495566099363
0.00023119999999999998,60.981706394434809,0,0,1535.129901574822,1535.129901574822
0.00023129999999999998,61.112616329737527,0,0,1567.4862481924617,1567.4862481924617
0.00023139999999999999,61.245505771986558,0,0,1575.6317952766092,1575.6317952766092
0.00023149999999999999,61.377917214880959,0,0,1558.9183967153249,1558.9183967153249
0.00023159999999999999,61.507351784836658,0,0,1517.1482737110466,1517.1482737110466
0.00023169999999999999,61.631314531375011,0,0,1450.5775682971455,1450.5775682971455
0.0002318,61.747359643534224,0,0,1359.9116747013704,1359.9116747013704
0.0002319,61.853134773318402,0,0,1246.2924340593072,1246.2924340593072
0.000232,61.946423663467058,0,0,1111.277425347909,1111.277425347909
0.00023209999999999998,62.025186307632602,0,0,956.81172854131648,956.81172854131648
0.00023219999999999998,62.087595915837014,0,0,785.1926722964954,785.1926722964954
0.00023229999999999998,62.132072016026861,0,0,599.02820548664886,599.02820548664886
0.00023239999999999998,62.157309092608315,0,0,401.18964731644274,401.18964731644274
0.00023249999999999999,62.162300243749627,0,0,194.75967248566118,194.75967248566118
0.00023259999999999999,62.145639285942011,-26.315448782261139,-26.315448782261139,0,0
0.00023269999999999999,62.120786001215954,-26.605982554906131,-26.605982554906131,0,0
0.00023279999999999999,62.095942655815797,-26.905569693790117,-26.905569693790117,0,0
0.0002329,62.071109245766593,-27.213576033600337,-27.213576033600337,0,0
0.000233,62.046285767095,-27.529350317659155,-27.529350317659155,0,0
0.0002331,62.021472215829263,-27.852225521588611,-27.852225521588611,0,0
0.00023319999999999998,61.996668587999217,-28.181520209001395,-28.181520209001395,0,0
0.00023329999999999998,61.971874879636275,-28.516539916462857,-28.516539916462857,0,0
0.00023339999999999998,61.947091086773447,-28.856578564909238,-28.856578564909238,0,0
0.00023349999999999998,61.922317205445324,-29.200919894653499,-29.200919894653499,0,0
0.00023359999999999999,61.897553231688086,-29.548838921062416,-29.548838921062416,0,0
0.00023369999999999999,61.872799161539497,-29.899603407946362,-29.899603407946362,0,0
0.00023379999999999999,61.848054991038907,-30.252475355667567,-30.252475355667567,0,0
0.00023389999999999999,61.823320716227244,-30.606712500942361,-30.606712500942361,0,0
0.000234,61.798596333147032,-30.961569825289796,-30.961569825289796,0,0
0.0002341,61.77388183784236,-31.31630106906054,-31.31630106906054,0,0
0.0002342,61.749177226358917,-31.670160247969942,-31.670160247969942,0,0
0.00023429999999999998,61.72448249474396,-32.022403169052708,-32.022403169052708,0,0
0.00023439999999999998,61.699797639046338,-32.372288942959045,-32.372288942959045,0,0
0.00023449999999999998,61.675122655316464,-32.719081489518729,-32.719081489518729,0,0
0.00023459999999999998,61.65045753960635,-33.062051033513924,-33.062051033513924,0,0
0.00023469999999999999,61.62580228796957,-33.400475587620903,-33.400475587620903,0,0
0.00023479999999999999,61.601156896461291,-33.733642419507561,-33.733642419507561,0,0
0.00023489999999999999,61.576521361138248,-34.060849500105249,-34.060849500105249,0,0
0.00023499999999999999,61.551895678058749,-63.357016686209832,-63.357016686209832,0,0
0.0002351,61.527279843282692,-63.640453207695472,-63.640453207695472,0,0
0.0002352,61.502673852871546,-63.857079978355685,-63.857079978355685,0,0
0.0002353,61.478077702888342,-64.006432588271224,-64.006432588271224,0,0
0.0002354,61.453491389397705,-64.088183355292898,-64.088183355292898,0,0
0.00023549999999999998,61.428914908465821,-64.102141989273946,-64.102141989273946,0,0
0.00023559999999999998,61.404348256160453,-64.048255977091273,-64.048255977091273,0,0
0.00023569999999999998,61.379791428550938,-63.926610687676501,-63.926610687676501,0,0
0.00023579999999999999,61.355244421708178,-63.737429196846932,-63.737429196846932,0,0
0.00023589999999999999,61.330707231704658,-63.48107183229547,-63.48107183229547,0,0
0.00023599999999999999,61.306179854614427,-63.158035439668168,-63.158035439668168,0,0
0.00023609999999999999,61.281662286513104,-62.768952371223591,-62.768952371223591,0,0
0.0002362,61.25715452347788,-62.314589199133025,-62.314589199133025,0,0
0.0002363,61.232656561587504,-61.79584515603959,-61.79584515603959,0,0
0.0002364,61.208168396922311,-61.213750306048524,-61.213750306048524,0,0
0.0002365,61.183690025564196,-60.569463449868721,-60.569463449868721,0,0
0.00023659999999999998,61.159221443596614,-59.864269768366185,-59.864269768366185,0,0
0.00023669999999999998,61.134762647104594,-59.09957820932091,-59.09957820932091,0,0
0.00023679999999999998,61.11031363217473,-58.276918622700975,-58.276918622700975,0,0
0.00023689999999999998,61.085874394895171,-57.397938650278661,-57.397938650278661,0,0
0.00023699999999999999,61.061444931355652,-56.464400375912206,-56.464400375912206,0,0
0.00023709999999999999,61.037025237647448,-55.478176743303266,-55.478176743303266,0,0
0.00023719999999999999,61.012615309863413,-54.441247748512964,-54.441247748512964,0,0
0.00023729999999999999,60.988215144097957,-53.355696414976123,-53.355696414976123,0,0
0.0002374,60.963824736447052,-52.22370455919642,-52.22370455919642,0,0
0.0002375,60.93944408300824,-51.047548355729248,-51.047548355729248,0,0
0.0002376,60.915073179880608,-49.82959371046779,-49.82959371046779,0,0
0.00023769999999999998,60.890712023164816,-48.572291451636744,-48.572291451636744,0,0
0.00023779999999999998,60.866360608963078,-47.278172348268498,-47.278172348268498,0,0
0.00023789999999999998,60.842018933379165,-45.949841966287437,-45.949841966287437,0,0
0.00023799999999999998,60.817686992518411,-44.589975372657278,-44.589975372657278,0,0
0.00023809999999999999,60.793364782487707,-43.201311698355596,-43.201311698355596,0,0
0.00023819999999999999,60.769052299395497,-41.786648571226131,-41.786648571226131,0,0
0.00023829999999999999,60.744749539351787,-40.348836430023638,-40.348836430023638,0,0
0.00023839999999999999,60.720456498468131,-38.89077273120779,-38.89077273120779,0,0
0.0002385,60.696173172857648,-37.415396060260029,-37.415396060260029,0,0
0.0002386,60.671899558634998,-35.925680159491279,-35.925680159491279,0,0
0.0002387,60.64763565191641,-34.424627884478127,-34.424627884478127,0,0
0.00023879999999999998,60.62338144881965,-32.91526510140973,-32.91526510140973,0,0
0.00023889999999999998,60.599136945464053,-31.400634537747838,-31.400634537747838,0,0
0.00023899999999999998,60.574902137970497,-29.883789598696971,-29.883789598696971,0,0
0.00023909999999999998,60.550677022461414,-28.367788162051021,-28.367788162051021,0,0
0.00023919999999999999,60.52646159506078,-26.855686364026543,-26.855686364026543,0,0
0.00023929999999999999,60.502255851894134,-25.350532388710995,-25.350532388710995,0,0
0.00023939999999999999,60.478059789088555,-23.855360273746729,-23.855360273746729,0,0
0.00023949999999999999,60.453873402772672,-22.373183744838418,-22.373183744838418,0,0
0.0002396,60.429696689076657,-20.906990091612872,-20.906990091612872,0,0
0.0002397,60.405529644132244,-19.459734097275962,-19.459734097275962,0,0
0.0002398,60.381372264072702,-18.03433203440197,-18.03433203440197,0,0
0.00023989999999999998,60.35722454503285,-16.633655739055985,-16.633655739055985,0,0
0.00023999999999999998,60.333086483149053,0,0,0,0
0.00024009999999999998,60.314686847521145,0,0,116.2083642090586,116.2083642090586
0.00024019999999999998,60.308353986837155,0,0,240.78733607248168,240.78733607248168
0.00024029999999999999,60.314783099854814,0,0,370.97800648900528,370.97800648900528
0.00024039999999999999,60.33438776733491,0,0,503.91988285744475,503.91988285744475
0.00024049999999999999,60.367292488883926,0,0,636.70273485455039,636.70273485455039
0.00024059999999999999,60.413330458982763,0,0,766.41933515611856,766.41933515611856
0.0002407,60.472046621882228,0,0,890.21813972057248,890.21813972057248
0.0002408,60.54270594942686,0,0,1005.3549534584323,1005.3549534584323
0.0002409,60.624306791273568,0,0,1109.2426455978778,1109.2426455978778
0.00024099999999999998,60.715599055114026,0,0,1199.4980144891465,1199.4980144891465
0.00024109999999999998,60.815106887052792,0,0,1273.9849533250847,1273.9849533250847
0.00024119999999999998,60.921155440821046,0,0,1330.853135352849,1330.853135352849
0.00024129999999999998,61.031901250492936,0,0,1368.5715183954778,1368.5715183954778
0.00024139999999999999,61.145365656157807,0,0,1385.9560624186195,1385.9560624186195
0.00024149999999999999,61.259470676767435,0,0,1382.1911587646218,1382.1911587646218
0.00024159999999999999,61.372076680121602,0,0,1356.8443836323711,1356.8443836323711
0.00024169999999999999,61.481021167478886,0,0,1309.8743093416574,1309.8743093416574
0.0002418,61.58415797016869,0,0,1241.6312326936927,1241.6312326936927
0.0002419,61.679396148198535,0,0,1152.8508080460856,1152.8508080460856
0.000242,61.764737886329641,0,0,1044.6407012368229,1044.6407012368229
0.00024209999999999998,61.838314701332976,0,0,918.46050688979369,918.46050688979369
0.00024219999999999998,61.89842130480568,0,0,776.09529362499018,776.09529362499018
0.00024229999999999998,61.943546508466945,0,0,619.62325707061302,619.62325707061302
0.00024239999999999998,61.972400612491199,0,0,451.37806724295308,451.37806724295308
0.00024249999999999999,61.98393878120244,0,0,273.9065928920387,273.9065928920387
0.00024259999999999999,61.977379983189735,0,0,89.922769068449938,89.922769068449938
0.00024269999999999999,61.95241784887115,-23.275837555336576,-23.275837555336576,0,0
0.00024279999999999999,61.927641837264268,-23.577131669822659,-23.577131669822659,0,0
0.0002429,61.902875734080219,-23.893437874873779,-23.893437874873779,0,0
0.000243,61.878119535356419,-24.224088035121337,-24.224088035121337,0,0
0.0002431,61.853373237131876,-24.568384884144205,-24.568384884144205,0,0
0.0002432,61.828636835447178,-24.925603441779462,-24.925603441779462,0,0
0.00024329999999999998,61.803910326344507,-25.294992487734664,-25.294992487734664,0,0
0.00024339999999999998,61.77919370586762,-25.675776088506478,-25.675776088506478,0,0
0.00024349999999999998,61.754486970061855,-26.067155174501881,-26.067155174501881,0,0
0.00024359999999999999,61.729790114974143,-26.468309164156569,-26.468309164156569,0,0
0.00024369999999999999,61.70510313665298,-26.878397631749291,-26.878397631749291,0,0
0.00024379999999999999,61.68042603114845,-27.2965620155225,-27.2965620155225,0,0
0.00024389999999999999,61.655758794512217,-27.721927362637526,-27.721927362637526,0,0
0.00024399999999999999,61.631101422797521,-28.153604107417873,-28.153604107417873,0,0
0.0002441,61.606453912059187,-28.59068987926646,-28.59068987926646,0,0
0.00024419999999999997,61.581816258353605,-29.032271336582564,-29.032271336582564,0,0
0.00024429999999999998,61.557188457738761,-29.47742602295121,-29.47742602295121,0,0
0.00024439999999999998,61.532570506274197,-29.92522424183279,-29.92522424183279,0,0
0.00024449999999999998,61.50796240002105,-30.374730945942883,-30.374730945942883,0,0
0.00024459999999999998,61.483364135042017,-30.825007637482702,-30.825007637482702,0,0
0.00024469999999999998,61.458775707401372,-31.275114275358252,-31.275114275358252,0,0
0.00024479999999999999,61.434197113164977,-31.724111185512587,-31.724111185512587,0,0
0.00024489999999999999,61.409628348400247,-32.17106097048881,-32.17106097048881,0,0
0.00024499999999999999,61.385069409176182,-61.590640170441006,-61.590640170441006,0,0
0.00024509999999999999,61.360520291563354,-62.000907244904155,-62.000907244904155,0,0
0.0002452,61.335980991633903,-62.347525393332532,-62.347525393332532,0,0
0.0002453,61.311451505461548,-62.629766071269984,-62.629766071269984,0,0
0.0002454,61.286931829121563,-62.847031578675654,-62.847031578675654,0,0
0.0002455,61.262421958690801,-62.998856272948728,-62.998856272948728,0,0
0.00024560000000000001,61.237921890247684,-63.084907513575942,-63.084907513575942,0,0
0.00024570000000000001,61.213431619872196,-63.104986336485609,-63.104986336485609,0,0
0.00024580000000000001,61.188951143645902,-63.059027856741054,-63.059027856741054,0,0
0.00024590000000000001,61.164480457651919,-62.947101398758278,-62.947101398758278,0,0
0.00024599999999999996,61.140019557974938,-62.769410353786753,-62.769410353786753,0,0
0.00024609999999999996,61.115568440701217,-62.526291764946222,-62.526291764946222,0,0
0.00024619999999999997,61.09112710191858,-62.218215640665946,-62.218215640665946,0,0
0.00024629999999999997,61.066695537716406,-61.845783997925267,-61.845783997925267,0,0
0.00024639999999999997,61.04227374418565,-61.409729637242563,-61.409729637242563,0,0
0.00024649999999999997,61.017861717418825,-60.910914651905969,-60.910914651905969,0,0
0.00024659999999999998,60.993459453510006,-60.350328674477794,-60.350328674477794,0,0
0.00024669999999999998,60.969066948554826,-59.729086864139958,-59.729086864139958,0,0
0.00024679999999999998,60.944684198650492,-59.04842763897318,-59.04842763897318,0,0
0.00024689999999999998,60.920311199895757,-58.309710157781595,-58.309710157781595,0,0
0.00024699999999999999,60.895947948390948,-57.514411556583198,-57.514411556583198,0,0
0.00024709999999999999,60.871594440237935,-56.664123945384901,-56.664123945384901,0,0
0.00024719999999999999,60.847250671540166,-55.760551171348368,-55.760551171348368,0,0
0.00024729999999999999,60.822916638402631,-54.805505354927021,-54.805505354927021,0,0
0.0002474,60.79859233693189,-53.800903206016329,-53.800903206016329,0,0
0.0002475,60.77427776323605,-52.748762127606042,-52.748762127606042,0,0
0.0002476,60.749972913424784,-51.651196114855267,-51.651196114855267,0,0
0.0002477,60.725677783609314,-50.510411457926253,-50.510411457926253,0,0
0.00024780000000000001,60.701392369902415,-49.328702257312202,-49.328702257312202,0,0
0.00024790000000000001,60.677116668418428,-48.108445760774671,-48.108445760774671,0,0
0.00024800000000000001,60.652850675273235,-46.852097531369097,-46.852097531369097,0,0
0.00024810000000000001,60.628594386584282,-45.562186456379649,-45.562186456379649,0,0
0.00024820000000000002,60.604347798470563,-44.24130960730821,-44.24130960730821,0,0
0.00024829999999999996,60.580110907052621,-42.892126961364454,-42.892126961364454,0,0
0.00024839999999999997,60.555883708452548,-41.517355995185682,-41.517355995185682,0,0
0.00024849999999999997,60.531666198793999,-40.119766161774272,-40.119766161774272,0,0
0.00024859999999999997,60.507458374202173,-38.702173261878087,-38.702173261878087,0,0
0.00024869999999999997,60.483260230803815,-37.267433721253241,-37.267433721253241,0,0
0.00024879999999999998,60.45907176472722,-35.818438785440009,-35.818438785440009,0,0
0.00024889999999999998,60.43489297210224,-34.358108643850059,-34.358108643850059,0,0
0.00024899999999999998,60.410723849060261,-32.889386495106628,-32.889386495106628,0,0
0.00024909999999999998,60.386564391734233,-31.415232565698616,-31.415232565698616,0,0
0.00024919999999999999,60.362414596258631,-29.938618094104193,-29.938618094104193,0,0
0.00024929999999999999,60.338274458769497,-28.462519292609606,-28.462519292609606,0,0
0.00024939999999999999,60.314143975404406,-26.989911299094047,-26.989911299094047,0,0
0.00024949999999999999,60.290023142302474,-25.523762131071617,-25.523762131071617,0,0
0.0002496,60.265911955604373,-24.067026654276845,-24.067026654276845,0,0
0.0002497,60.24181041145232,-22.622640578050255,-22.622640578050255,0,0
0.0002498,60.217718505990057,-21.193514489726084,-21.193514489726084,0,0
0.0002499,60.193636235362881,-19.782527940144863,-19.782527940144863,0,0
0.00025000000000000001,60.169563595717634,0,0,0,0
0.00025010000000000001,60.149965218566621,0,0,90.988301733843713,90.988301733843713
0.00025020000000000001,60.139940032120542,0,0,190.9718947261878,190.9718947261878
0.00025030000000000001,60.140269209301913,0,0,297.63977076836903,297.63977076836903
0.00025040000000000001,60.151496143877836,0,0,408.55985082693724,408.55985082693724
0.00025049999999999996,60.173916630053746,0,0,521.22307321752544,521.22307321752544
0.00025059999999999997,60.207573530169114,0,0,633.08887109104887,633.08887109104887
0.00025069999999999997,60.252256026562144,0,0,741.63121535161781,741.63121535161781
0.00025079999999999997,60.30750347062807,0,0,844.38438897849505,844.38438897849505
0.00025089999999999997,60.372613758826084,0,0,938.98766368503289,938.98766368503289
0.00025099999999999998,60.446656083402914,0,0,1023.2280698242104,1023.2280698242104
0.00025109999999999998,60.528487826380179,0,0,1095.0804850795976,1095.0804850795976
0.00025119999999999998,60.616775290333514,0,0,1152.7443161334068,1152.7443161334068
0.00025129999999999998,60.710017890031885,0,0,1194.6761092968914,1194.6761092968914
0.00025139999999999999,60.806575366362694,0,0,1219.6174999019752,1219.6174999019752
0.00025149999999999999,60.904697529276916,0,0,1226.6179947483015,1226.6179947483015
0.00025159999999999999,61.002555990737541,0,0,1215.0521755452025,1215.0521755452025
0.00025169999999999999,61.098277312671726,0,0,1184.631012386207,1184.631012386207
0.00025179999999999999,61.189976969363627,0,0,1135.407083012592,1135.407083012592
0.0002519,61.275793509041549,0,0,1067.7736040285545,1067.7736040285545
0.000252,61.35392229587594,0,0,982.45729232362646,982.45729232362646
0.0002521,61.422648221275104,0,0,880.50518670751671,880.50518670751671
0.0002522,61.480376792104465,0,0,763.26566914454168,763.26566914454168
0.00025230000000000001,61.525663032921301,0,0,632.36403000832775,632.36403000832775
0.00025240000000000001,61.557237678975341,0,0,489.67302056052995,489.67302056052995
0.00025250000000000001,61.574030185857104,0,0,337.27892660145284,337.27892660145284
0.00025260000000000001,61.575188139389148,0,0,177.44377830294425,177.44377830294425
0.00025269999999999996,61.560092714604536,0,0,12.564381147630272,12.564381147630272
0.00025279999999999996,61.534941419779756,-20.850208614914852,-20.850208614914852,0,0
0.00025289999999999997,61.510332365350848,-21.173424725713051,-21.173424725713051,0,0
0.00025299999999999997,61.485733152575257,-21.516113332777234,-21.516113332777234,0,0
0.00025309999999999997,61.461143777517101,-21.877552802571646,-21.877552802571646,0,0
0.00025319999999999997,61.436564236242077,-22.25698341553505,-22.25698341553505,0,0
0.00025329999999999998,61.411994524817466,-22.653608910415752,-22.653608910415752,0,0
0.00025339999999999998,61.387434639312104,-23.066598102846402,-23.066598102846402,0,0
0.00025349999999999998,61.362884575796421,-23.495086574868605,-23.495086574868605,0,0
0.00025359999999999998,61.338344330342402,-23.938178431973004,-23.938178431973004,0,0
0.00025369999999999999,61.3138138990236,-24.394948124083403,-24.394948124083403,0,0
0.00025379999999999999,61.289293277915156,-24.864442326783756,-24.864442326783756,0,0
0.00025389999999999999,61.264782463093766,-25.345681878964125,-25.345681878964125,0,0
0.00025399999999999999,61.240281450637703,-25.83766377294744,-25.83766377294744,0,0
0.0002541,61.215790236626802,-26.339363193052098,-26.339363193052098,0,0
0.0002542,61.19130881714247,-26.849735598447165,-26.849735598447165,0,0
0.0002543,61.166837188267678,-27.367718846066868,-27.367718846066868,0,0
0.0002544,61.142375346086965,-27.892235349269928,-27.892235349269928,0,0
0.00025450000000000001,61.117923286686441,-28.422194267856288,-28.422194267856288,0,0
0.00025460000000000001,61.093481006153773,-28.956493724990633,-28.956493724990633,0,0
0.00025470000000000001,61.069048500578198,-29.494023046527172,-29.494023046527172,0,0
0.00025480000000000001,61.044625766050508,-30.033665018184525,-30.033665018184525,0,0
0.00025489999999999996,61.020212798663074,-30.574298155983893,-30.574298155983893,0,0
0.00025499999999999996,60.995809594509815,-60.090408741433691,-60.090408741433691,0,0
0.00025509999999999997,60.97141614968622,-60.599859190011557,-60.599859190011557,0,0
0.00025519999999999997,60.947032460289343,-61.048111270166928,-61.048111270166928,0,0
0.00025529999999999997,60.922658522417791,-61.434230028897773,-61.434230028897773,0,0
0.00025539999999999997,60.89829433217173,-61.757406799593014,-61.757406799593014,0,0
0.00025549999999999998,60.873939885652895,-62.016960843831527,-62.016960843831527,0,0
0.00025559999999999998,60.84959517896457,-62.212340733189905,-62.212340733189905,0,0
0.00025569999999999998,60.825260208211603,-62.343125468254385,-62.343125468254385,0,0
0.00025579999999999998,60.800934969500396,-62.409025332566088,-62.409025332566088,0,0
0.00025589999999999999,60.776619458938917,-62.409882479767262,-62.409882479767262,0,0
0.00025599999999999999,60.752313672636681,-62.345671252758819,-62.345671252758819,0,0
0.00025609999999999999,60.728017606704761,-62.21649823422382,-62.21649823422382,0,0
0.00025619999999999999,60.703731257255789,-62.022602028417296,-62.022602028417296,0,0
0.0002563,60.679454620403945,-61.764352774669405,-61.764352774669405,0,0
0.0002564,60.655187692264974,-61.442251393593764,-61.442251393593764,0,0
0.0002565,60.630930468956159,-61.056928567535863,-61.056928567535863,0,0
0.0002566,60.606682946596351,-60.609143457336927,-60.609143457336927,0,0
0.00025670000000000001,60.582445121305945,-60.099782158024055,-60.099782158024055,0,0
0.00025680000000000001,60.558216989206883,-59.529855896568208,-59.529855896568208,0,0
0.00025690000000000001,60.533998546422673,-58.900498975375484,-58.900498975375484,0,0
0.00025700000000000001,60.509789789078354,-58.212966465694123,-58.212966465694123,0,0
0.00025710000000000002,60.485590713300532,-57.468631655627576,-57.468631655627576,0,0
0.00025719999999999996,60.461401315217351,-56.668983257942656,-56.668983257942656,0,0
0.00025729999999999997,60.437221590958515,-55.815622383349975,-55.815622383349975,0,0
0.00025739999999999997,60.41305153665526,-54.91025928541022,-54.91025928541022,0,0
0.00025749999999999997,60.388891148440379,-53.954709883684075,-53.954709883684075,0,0
0.00025759999999999997,60.364740422448214,-52.950892072193838,-52.950892072193838,0,0
0.00025769999999999998,60.340599354814643,-51.900821820701353,-51.900821820701353,0,0
0.00025779999999999998,60.316467941677097,-50.806609076727398,-50.806609076727398,0,0
0.00025789999999999998,60.292346179174551,-49.670453476643075,-49.670453476643075,0,0
0.00025799999999999998,60.268234063447522,-48.494639874550799,-48.494639874550799,0,0
0.00025809999999999999,60.244131590638069,-47.281533698043702,-47.281533698043702,0,0
0.00025819999999999999,60.220038756889799,-46.033576140282996,-46.033576140282996,0,0
0.00025829999999999999,60.195955558347862,-44.753279198165963,-44.753279198165963,0,0
0.00025839999999999999,60.171881991158941,-43.443220566669687,-43.443220566669687,0,0
0.00025849999999999999,60.147818051471269,-42.106038399747817,-42.106038399747817,0,0
0.0002586,60.123763735434615,-40.744425948428628,-40.744425948428628,0,0
0.0002587,60.099719039200288,-39.361126087012281,-39.361126087012281,0,0
0.0002588,60.075683958921132,-37.958925738492127,-37.958925738492127,0,0
0.0002589,60.051658490751542,-36.540650210529932,-36.540650210529932,0,0
0.00025900000000000001,60.027642630847438,-35.109157453496209,-35.109157453496209,0,0
0.00025910000000000001,60.003636375366277,-33.667332252245174,-33.667332252245174,0,0
0.00025920000000000001,59.97963972046707,-32.218080363428683,-32.218080363428683,0,0
0.00025930000000000001,59.955652662310342,-30.764322610263235,-30.764322610263235,0,0
0.00025939999999999996,59.931675197058169,-29.308988946751569,-29.308988946751569,0,0
0.00025949999999999997,59.907707320874152,-27.855012503421165,-27.855012503421165,0,0
0.00025959999999999997,59.883749029923436,-26.405323626680296,-26.405323626680296,0,0
0.00025969999999999997,59.859800320372692,-24.962843923904465,-24.962843923904465,0,0
0.00025979999999999997,59.835861188390126,-23.530480326354642,-23.530480326354642,0,0
0.00025989999999999997,59.81193163014548,-22.111119181992194,-22.111119181992194,0,0
0.00025999999999999998,59.788011641810023,0,0,0,0
0.00026009999999999998,59.767631599333207,0,0,72.351260984906006,72.351260984906006
0.00026019999999999998,59.754982563303962,0,0,154.17094757708108,154.17094757708108
0.00026029999999999998,59.750910488393174,0,0,243.48097226789025,243.48097226789025
0.00026039999999999999,59.756056126718747,0,0,338.16753092770495,338.16753092770495
0.00026049999999999999,59.770843439337497,0,0,436.01942766186488,436.01942766186488
0.00026059999999999999,59.795471937999096,0,0,534.76815930432917,534.76815930432917
0.00026069999999999999,59.829913095422164,0,0,632.1290333076463,632.1290333076463
0.0002608,59.873910888645185,0,0,725.84257415351942,725.84257415351942
0.0002609,59.92698646513572,0,0,813.71546826774102,813.71546826774102
0.000261,59.988446846668708,0,0,893.66030586818056,893.66030586818056
0.0002611,60.057397512858962,0,0,963.73340005031423,963.73340005031423
0.00026120000000000001,60.132758635980124,0,0,1022.1699983237137,1022.1699983237137
0.00026130000000000001,60.21328467259378,0,0,1067.41624912118,1067.41624912118
0.00026140000000000001,60.297586956744944,0,0,1098.1573446515081,1098.1573446515081
0.00026150000000000001,60.384158885154676,0,0,1113.3413307899575,1113.3413307899575
0.00026159999999999996,60.47140323793883,0,0,1112.1981532405616,1112.1981532405616
0.00026169999999999996,60.557661139754522,0,0,1094.25359553779,1094.25359553779
0.00026179999999999997,60.641242136619553,0,0,1059.3378570171753,1059.3378570171753
0.00026189999999999997,60.720454843502466,0,0,1007.5886159980491,1007.5886159980491
0.00026199999999999997,60.793637607505026,0,0,939.44852332700918,939.44852332700918
0.00026209999999999997,60.859188631239974,0,0,855.65717231825658,855.65717231825658
0.00026219999999999998,60.915595010847788,0,0,757.23769116907022,757.23769116907022
0.00026229999999999998,60.961460162817588,0,0,645.47820131346361,645.47820131346361
0.00026239999999999998,60.995529143020441,0,0,521.90847814091376,521.90847814091376
0.00026249999999999998,61.01671139959798,0,0,388.27223736663638,388.27223736663638
0.00026259999999999999,61.024100547881467,0,0,246.49554952264728,246.49554952264728
0.00026269999999999999,61.016990809502708,0,0,98.651955111463664,98.651955111463664
0.00026279999999999999,60.994086950551747,-18.861181073808783,-18.861181073808783,0,0
0.00026289999999999999,60.969694194647943,-19.181754857507809,-19.181754857507809,0,0
0.000263,60.945311193895343,-19.525299194332415,-19.525299194332415,0,0
0.0002631,60.920937944392662,-19.89109088881079,-19.89109088881079,0,0
0.0002632,60.896574442240187,-20.278361553926811,-20.278361553926811,0,0
0.0002633,60.872220683539751,-20.686299173155344,-20.686299173155344,0,0
0.00026340000000000001,60.847876664394754,-21.114049751140943,-21.114049751140943,0,0
0.00026350000000000001,60.823542380910155,-21.560719049664105,-21.560719049664105,0,0
0.00026360000000000001,60.799217829192465,-22.025374405366531,-22.025374405366531,0,0
0.00026370000000000001,60.774903005349756,-22.507046625540436,-22.507046625540436,0,0
0.00026379999999999996,60.750597905491659,-23.004731958128215,-23.004731958128215,0,0
0.00026389999999999996,60.726302525729352,-23.517394131928523,-23.517394131928523,0,0
0.00026399999999999997,60.702016862175583,-24.043966462861565,-24.043966462861565,0,0
0.00026409999999999997,60.677740910944642,-24.583354022012703,-24.583354022012703,0,0
0.00026419999999999997,60.653474668152377,-25.134435861047731,-25.134435861047731,0,0
0.00026429999999999997,60.629218129916183,-25.696067290476758,-25.696067290476758,0,0
0.00026439999999999998,60.604971292355017,-26.267082206136234,-26.267082206136234,0,0
0.00026449999999999998,60.58073415158939,-26.846295459160668,-26.846295459160668,0,0
0.00026459999999999998,60.556506703741356,-27.432505264627448,-27.432505264627448,0,0
0.00026469999999999998,60.532288944934528,-28.024495643979467,-28.024495643979467,0,0
0.00026479999999999999,60.508080871294055,-28.621038896261776,-28.621038896261776,0,0
0.00026489999999999999,60.483882478946654,-29.220898093149874,-29.220898093149874,0,0
0.00026499999999999999,60.459693764020578,-58.798439348796734,-58.798439348796734,0,0
0.00026509999999999999,60.435514722645635,-59.371400432572088,-59.371400432572088,0,0
0.0002652,60.411345350953177,-59.885114241421078,-59.885114241421078,0,0
0.0002653,60.387185645076102,-60.338512987380398,-60.338512987380398,0,0
0.0002654,60.363035601148859,-60.730651475411619,-60.730651475411619,0,0
0.0002655,60.338895215307438,-61.060709022693246,-61.060709022693246,0,0
0.0002656,60.31476448368938,-61.327991124860176,-61.327991124860176,0,0
0.00026570000000000001,60.290643402433773,-61.53193086580761,-61.53193086580761,0,0
0.00026580000000000001,60.266531967681239,-61.672090068197491,-61.672090068197491,0,0
0.00026590000000000001,60.242430175573944,-61.748160182332668,-61.748160182332668,0,0
0.00026600000000000001,60.218338022255608,-61.759962911595707,-61.759962911595707,0,0
0.00026609999999999996,60.194255503871481,-61.707450573184389,-61.707450573184389,0,0
0.00026619999999999997,60.170182616568368,-61.590706193414249,-61.590706193414249,0,0
0.00026629999999999997,60.146119356494602,-61.40994333739755,-61.40994333739755,0,0
0.00026639999999999997,60.122065719800062,-61.165505673448223,-61.165505673448223,0,0
0.00026649999999999997,60.09802170263616,-60.85786627310101,-60.85786627310101,0,0
0.00026659999999999998,60.07398730115586,-60.487626648170746,-60.487626648170746,0,0
0.00026669999999999998,60.049962511513655,-60.055515526811618,-60.055515526811618,0,0
0.00026679999999999998,60.025947329865581,-59.562387371066876,-59.562387371066876,0,0
0.00026689999999999998,60.001941752369213,-59.009220638924972,-59.009220638924972,0,0
0.00026699999999999998,59.977945775183649,-58.397115794416621,-58.397115794416621,0,0
0.00026709999999999999,59.953959394469535,-57.727293069800041,-57.727293069800041,0,0
0.00026719999999999999,59.929982606389054,-57.00108998438472,-57.00108998438472,0,0
0.00026729999999999999,59.906015407105919,-56.219958625039069,-56.219958625039069,0,0
0.00026739999999999999,59.882057792785375,-55.385462693911109,-55.385462693911109,0,0
0.0002675,59.858109759594207,-54.499274329364695,-54.499274329364695,0,0
0.0002676,59.834171303700728,-53.563170706594363,-53.563170706594363,0,0
0.0002677,59.810242421274786,-52.579030424829597,-52.579030424829597,0,0
0.0002678,59.786323108487757,-51.548829688472892,-51.548829688472892,0,0
0.00026790000000000001,59.762413361512557,-50.474638289934759,-50.474638289934759,0,0
0.00026800000000000001,59.738513176523618,-49.358615402331509,-49.358615402331509,0,0
0.00026810000000000001,59.714622549696919,-48.203005190598134,-48.203005190598134,0,0
0.00026820000000000001,59.690741477209954,-47.010132249937456,-47.010132249937456,0,0
0.00026829999999999996,59.666869955241751,-45.7823968808774,-45.7823968808774,0,0
0.00026839999999999996,59.643007979972872,-44.522270210540285,-44.522270210540285,0,0
0.00026849999999999997,59.619155547585393,-43.232289170040403,-43.232289170040403,0,0
0.00026859999999999997,59.595312654262933,-41.915051338218333,-41.915051338218333,0,0
0.00026869999999999997,59.571479296190624,-40.573209662192028,-40.573209662192028,0,0
0.00026879999999999997,59.547655469555124,-39.209467065454952,-39.209467065454952,0,0
0.00026889999999999998,59.523841170544628,-37.826570954479685,-37.826570954479685,0,0
0.00026899999999999998,59.50003639534885,-36.427307634991919,-36.427307634991919,0,0
0.00026909999999999998,59.476241140159019,-35.014496649262867,-35.014496649262867,0,0
0.00026919999999999998,59.452455401167896,-33.590985045928633,-33.590985045928633,0,0
0.00026929999999999999,59.428679174569766,-32.159641593981981,-32.159641593981981,0,0
0.00026939999999999999,59.404912456560432,-30.723350952695462,-30.723350952695462,0,0
0.00026949999999999999,59.381155243337219,-29.285007809323847,-29.285007809323847,0,0
0.00026959999999999999,59.357407531098971,-27.847510996499672,-27.847510996499672,0,0
0.0002697,59.333669316046056,-26.413757601276345,-26.413757601276345,0,0
0.0002698,59.309940594380357,-24.986637077790483,-24.986637077790483,0,0
0.0002699,59.286221362305277,-23.569025375507302,-23.569025375507302,0,0
0.00027,59.262511616025741,0,0,0,0
0.00027010000000000001,59.241753219451191,0,0,60.602563841101386,60.602563841101386
0.00027020000000000001,59.22756189577899,0,0,130.92059701733905,130.92059701733905
0.00027030000000000001,59.22081947439694,0,0,209.18916092508076,209.18916092508076
0.00027040000000000001,59.222223491943318,0,0,293.49923695786498,293.49923695786498
0.00027049999999999996,59.232274572315632,0,0,381.83234288256307,381.83234288256307
0.00027059999999999996,59.251267376987769,0,0,472.09712793267181,472.09712793267181
0.00027069999999999997,59.279285289139885,0,0,562.16728355474447,562.16728355474447
0.00027079999999999997,59.316198927456924,0,0,649.92008298993915,649.92008298993915
0.00027089999999999997,59.361668516075227,0,0,733.27485156148668,733.27485156148668
0.00027099999999999997,59.415150067307849,0,0,810.23067087401353,810.23067087401353
0.00027109999999999998,59.47590526472473,0,0,878.90263408645603,878.90263408645603
0.00027119999999999998,59.543014867153047,0,0,937.55599574255609,937.55599574255609
0.00027129999999999998,59.615395390409994,0,0,984.63759785344439,984.63759785344439
0.00027139999999999998,59.691818764239763,0,0,1018.8040033321389,1018.8040033321389
0.00027149999999999999,59.770934608071805,0,0,1038.9458275837651,1038.9458275837651
0.00027159999999999999,59.851294721824289,0,0,1044.2078279753616,1044.2078279753616
0.00027169999999999999,59.931379347902528,0,0,1034.0043877958849,1034.0043877958849
0.00027179999999999999,60.00962472851171,0,0,1008.0301147769229,1008.0301147769229
0.0002719,60.08445145899605,0,0,966.26536276524291,966.26536276524291
0.000272,60.154293123555405,0,0,908.97657711569889,908.97657711569889
0.0002721,60.217624694634758,0,0,836.71145814084923,836.71145814084923
0.0002722,60.272990181621445,0,0,750.28903081330088,750.28903081330088
0.00027230000000000001,60.319029028141479,0,0,650.78480116823278,650.78480116823278
0.00027240000000000001,60.354500779969314,0,0,539.51126882601932,539.51126882601932
0.00027250000000000001,60.378307576944394,0,0,417.99414913722421,417.99414913722421
0.00027260000000000001,60.389514061751825,0,0,287.94473612205877,287.94473612205877
0.00027269999999999996,60.38736434525871,0,0,151.22890722762978,151.22890722762978
0.00027279999999999996,60.371295721452647,0,0,9.8333316946364988,9.8333316946364988
0.00027289999999999997,60.346729221097803,-17.963173276688554,-17.963173276688554,0,0
0.00027299999999999997,60.322595356504067,-18.305010141616012,-18.305010141616012,0,0
0.00027309999999999997,60.298471143525717,-18.670941433574225,-18.670941433574225,0,0
0.00027319999999999997,60.274356578302879,-19.060198712397817,-19.060198712397817,0,0
0.00027329999999999998,60.25025165697722,-19.4719661548726,-19.4719661548726,0,0
0.00027339999999999998,60.226156375691957,-19.905382213195747,-19.905382213195747,0,0
0.00027349999999999998,60.202070730591842,-20.359541366335659,-20.359541366335659,0,0
0.00027359999999999998,60.177994717823175,-20.833495960731344,-20.833495960731344,0,0
0.00027369999999999998,60.153928333533791,-21.326258136589363,-21.326258136589363,0,0
0.00027379999999999999,60.129871573873068,-21.836801835863124,-21.836801835863124,0,0
0.00027389999999999999,60.105824434991924,-22.364064887832658,-22.364064887832658,0,0
0.00027399999999999999,60.081786913042819,-22.906951168045953,-22.906951168045953,0,0
0.00027409999999999999,60.057759004179751,-23.464332826233314,-23.464332826233314,0,0
0.0002742,60.033740704558248,-24.035052578666825,-24.035052578666825,0,0
0.0002743,60.009732010335384,-24.617926060305333,-24.617926060305333,0,0
0.0002744,59.985732917669772,-25.211744231944419,-25.211744231944419,0,0
0.0002745,59.961743422721554,-25.815275837479003,-25.815275837479003,0,0
0.00027460000000000001,59.937763521652414,-26.427269906284319,-26.427269906284319,0,0
0.00027470000000000001,59.913793210625563,-27.046458295629503,-27.046458295629503,0,0
0.00027480000000000001,59.889832485805755,-27.671558267956787,-27.671558267956787,0,0
0.00027490000000000001,59.86588134335927,-28.301275097788217,-28.301275097788217,0,0
0.00027499999999999996,59.841939779453931,-57.909914459059678,-57.909914459059678,0,0
0.00027509999999999996,59.818007790259081,-58.515151160716869,-58.515151160716869,0,0
0.00027519999999999997,59.794085371945606,-59.062252747050564,-59.062252747050564,0,0
0.00027529999999999997,59.770172520685918,-59.550083818049359,-59.550083818049359,0,0
0.00027539999999999997,59.746269232653965,-59.977629444659257,-59.977629444659257,0,0
0.00027549999999999997,59.722375504025216,-60.343997229812558,-60.343997229812558,0,0
0.00027559999999999998,59.698491330976672,-60.648419120426723,-60.648419120426723,0,0
0.00027569999999999998,59.674616709686866,-60.890252966693595,-60.890252966693595,0,0
0.00027579999999999998,59.650751636335862,-61.068983825493675,-61.068983825493675,0,0
0.00027589999999999998,59.626896107105246,-61.184225005289676,-61.184225005289676,0,0
0.00027599999999999999,59.603050118178139,-61.235718850379115,-61.235718850379115,0,0
0.00027609999999999999,59.579213665739175,-61.223337262915365,-61.223337262915365,0,0
0.00027619999999999999,59.555386745974523,-61.147081961639657,-61.147081961639657,0,0
0.00027629999999999999,59.531569355071881,-61.007084476801282,-61.007084476801282,0,0
0.0002764,59.507761489220464,-60.80360588127968,-60.80360588127968,0,0
0.0002765,59.48396314461101,-60.537036258457945,-60.537036258457945,0,0
0.0002766,59.460174317435786,-60.20789390793243,-60.20789390793243,0,0
0.0002767,59.436395003888578,-59.816824290675527,-59.816824290675527,0,0
0.00027680000000000001,59.412625200164698,-59.364598715798877,-59.364598715798877,0,0
0.00027690000000000001,59.38886490246098,-58.852112771588239,-58.852112771588239,0,0
0.00027700000000000001,59.365114106975774,-58.280384504002171,-58.280384504002171,0,0
0.00027710000000000001,59.341372809908947,-57.650552346338628,-57.650552346338628,0,0
0.00027719999999999996,59.317641007461901,-56.963872804280271,-56.963872804280271,0,0
0.00027729999999999996,59.29391869583754,-56.2217179010254,-56.2217179010254,0,0
0.00027739999999999997,59.2702058712403,-55.425572387699617,-55.425572387699617,0,0
0.00027749999999999997,59.246502529876125,-54.577030724719961,-54.577030724719961,0,0
0.00027759999999999997,59.222808667952478,-53.677793840248555,-53.677793840248555,0,0
0.00027769999999999997,59.199124281678344,-52.729665672325865,-52.729665672325865,0,0
0.00027779999999999998,59.175449367264221,-51.734549501713303,-51.734549501713303,0,0
0.00027789999999999998,59.151783920922128,-50.694444082899807,-50.694444082899807,0,0
0.00027799999999999998,59.128127938865582,-49.611439581137319,-49.611439581137319,0,0
0.00027809999999999998,59.104481417309636,-48.487713323764325,-48.487713323764325,0,0
0.00027819999999999999,59.080844352470841,-47.325525374453434,-47.325525374453434,0,0
0.00027829999999999999,59.05721674056727,-46.127213939379232,-46.127213939379232,0,0
0.00027839999999999999,59.033598577818502,-44.895190614643759,-44.895190614643759,0,0
0.00027849999999999999,59.009989860445636,-43.631935484619689,-43.631935484619689,0,0
0.0002786,58.98639058467127,-42.33999208117379,-42.33999208117379,0,0
0.0002787,58.962800746719523,-41.021962214016227,-41.021962214016227,0,0
0.0002788,58.939220342816022,-39.680500682682819,-39.680500682682819,0,0
0.0002789,58.915649369187904,-38.318309880897743,-38.318309880897743,0,0
0.00027900000000000001,58.892087822063807,-36.938134304282841,-36.938134304282841,0,0
0.00027910000000000001,58.868535697673892,-35.542754972576034,-35.542754972576034,0,0
0.00027920000000000001,58.844992992249814,-34.134983777694671,-34.134983777694671,0,0
0.00027930000000000001,58.82145970202474,-32.717657769130611,-32.717657769130611,0,0
0.00027939999999999996,58.797935823233338,-31.293633388290548,-31.293633388290548,0,0
0.00027949999999999996,58.774421352111794,-29.86578066349923,-29.86578066349923,0,0
0.00027959999999999997,58.750916284897798,-28.436977377462551,-28.436977377462551,0,0
0.00027969999999999997,58.727420617830532,-27.010103219043607,-27.010103219043607,0,0
0.00027979999999999997,58.703934347150685,-25.588033931236492,-25.588033931236492,0,0
0.00027989999999999997,58.68045746910046,-24.173635467230085,-24.173635467230085,0,0
0.00027999999999999998,58.656989979923559,0,0,0,0
0.00028009999999999998,58.636228591710342,0,0,55.706197699083624,55.706197699083624
0.00028019999999999998,58.621548497544239,0,0,121.21860824880544,121.21860824880544
0.00028029999999999998,58.613845425388938,0,0,194.86452405353529,194.86452405353529
0.00028039999999999999,58.613839873537529,0,0,274.82383043707961,274.82383043707961
0.00028049999999999999,58.622064073231826,0,0,359.16201187458876,359.16201187458876
0.00028059999999999999,58.638852365017748,0,0,445.8652265528238,445.8652265528238
0.00028069999999999999,58.664335162755158,0,0,532.87681372549764,532.87681372549764
0.00028079999999999999,58.698436614198165,0,0,618.13457245145992,618.13457245145992
0.0002809,58.740876000094637,0,0,699.60813640748461,699.60813640748461
0.000281,58.791172846033867,0,0,775.33576780465853,775.33576780465853
0.0002811,58.848655654026437,0,0,843.45990403657731,843.45990403657731
0.0002812,58.912474095247667,0,0,902.26081335534445,902.26081335534445
0.00028130000000000001,58.981614442702998,0,0,950.18775019577811,950.18775019577811
0.00028140000000000001,59.054917963915372,0,0,985.8870461262245,985.8870461262245
0.00028150000000000001,59.131101940152455,0,0,1008.2266279731213,1008.2266279731213
0.00028160000000000001,59.208782931175996,0,0,1016.3165194382918,1016.3165194382918
0.00028169999999999996,59.286501863866775,0,0,1009.5249553286234,1009.5249553286234
0.00028179999999999997,59.362750490091436,0,0,987.48981702776064,987.48981702776064
0.00028189999999999997,59.4359987344288,0,0,950.1251826178086,950.1251826178086
0.00028199999999999997,59.504722436310495,0,0,897.62287356963395,897.62287356963395
0.00028209999999999997,59.567430984043384,0,0,830.44897055956437,830.44897055956437
0.00028219999999999997,59.622694340197064,0,0,749.33536209616977,749.33536209616977
0.00028229999999999998,59.669168968921255,0,0,655.26647960275784,655.26647960275784
0.00028239999999999998,59.705622195702581,0,0,549.46145976991318,549.46145976991318
0.00028249999999999998,59.73095455851697,0,0,433.35205778932249,433.35205778932249
0.00028259999999999998,59.744219745765612,0,0,308.55671200606508,308.55671200606508
0.00028269999999999999,59.744641760138371,0,0,176.85123018886313,176.85123018886313
0.00028279999999999999,59.731628997836083,0,0,40.136628755526871,40.136628755526871
0.00028289999999999999,59.706894200958715,-17.394291095217515,-17.394291095217515,0,0
0.00028299999999999999,59.683016219193057,-17.726878583503495,-17.726878583503495,0,0
0.0002831,59.659147786710122,-18.084085555222803,-18.084085555222803,0,0
0.0002832,59.635288899690963,-18.465161552967597,-18.465161552967597,0,0
0.0002833,59.611439554318153,-18.869307632413491,-18.869307632413491,0,0
0.0002834,59.587599746775801,-19.295677986492603,-19.295677986492603,0,0
0.00028350000000000001,59.563769473249536,-19.743381664779587,-19.743381664779587,0,0
0.00028360000000000001,59.539948729926515,-20.211484384595405,-20.211484384595405,0,0
0.00028370000000000001,59.516137512995414,-20.699010430147236,-20.699010430147236,0,0
0.00028380000000000001,59.492335818646445,-21.204944635844054,-21.204944635844054,0,0
0.00028389999999999996,59.468543643071335,-21.728234449756567,-21.728234449756567,0,0
0.00028399999999999996,59.444760982463329,-22.267792073027056,-22.267792073027056,0,0
0.00028409999999999997,59.420987833017207,-22.8224966708807,-22.8224966708807,0,0
0.00028419999999999997,59.397224190929265,-23.391196650744337,-23.391196650744337,0,0
0.00028429999999999997,59.373470052397323,-23.972712002842275,-23.972712002842275,0,0
0.00028439999999999997,59.349725413620718,-24.565836698512047,-24.565836698512047,0,0
0.00028449999999999998,59.325990270800304,-25.169341141365468,-25.169341141365468,0,0
0.00028459999999999998,59.302264620138459,-25.781974666313385,-25.781974666313385,0,0
0.00028469999999999998,59.278548457839079,-26.402468081374881,-26.402468081374881,0,0
0.00028479999999999998,59.254841780107583,-27.029536247105259,-27.029536247105259,0,0
0.00028489999999999999,59.231144583150893,-27.661880688400363,-27.661880688400363,0,0
0.00028499999999999999,59.207456863177462,-57.273801989466918,-57.273801989466918,0,0
0.00028509999999999999,59.183778616397262,-57.882968539778048,-57.882968539778048,0,0
0.00028519999999999999,59.160109839021764,-58.434640147470247,-58.434640147470247,0,0
0.0002853,59.136450527263968,-58.927672375433261,-58.927672375433261,0,0
0.0002854,59.112800677338377,-59.361039974950586,-59.361039974950586,0,0
0.0002855,59.089160285461027,-59.733838967715187,-59.733838967715187,0,0
0.0002856,59.065529347849449,-60.045288481378748,-60.045288481378748,0,0
0.00028570000000000001,59.041907860722688,-60.294732334906953,-60.294732334906953,0,0
0.00028580000000000001,59.018295820301311,-60.481640370522271,-60.481640370522271,0,0
0.00028590000000000001,58.994693222807392,-60.605609529530696,-60.605609529530696,0,0
0.00028600000000000001,58.971100064464515,-60.666364669849145,-60.666364669849145,0,0
0.00028609999999999996,58.947516341497774,-60.663759123575431,-60.663759123575431,0,0
0.00028619999999999996,58.923942050133775,-60.597774993470878,-60.597774993470878,0,0
0.00028629999999999997,58.900377186600629,-60.468523187756148,-60.468523187756148,0,0
0.00028639999999999997,58.876821747127956,-60.276243193153149,-60.276243193153149,0,0
0.00028649999999999997,58.853275727946887,-60.021302586636764,-60.021302586636764,0,0
0.00028659999999999997,58.829739125290061,-59.704196286892497,-59.704196286892497,0,0
0.00028669999999999998,58.806211935391623,-59.325545547003856,-59.325545547003856,0,0
0.00028679999999999998,58.782694154487217,-58.886096690419919,-58.886096690419919,0,0
0.00028689999999999998,58.759185778814,-58.386719592774924,-58.386719592774924,0,0
0.00028699999999999998,58.735686804610637,-57.828405912647909,-57.828405912647909,0,0
0.00028709999999999999,58.71219722811729,-57.212267074861288,-57.212267074861288,0,0
0.00028719999999999999,58.688717045575622,-56.539532010419222,-56.539532010419222,0,0
0.00028729999999999999,58.665246253228808,-55.811544657681921,-55.811544657681921,0,0
0.00028739999999999999,58.641784847321517,-55.029761229856462,-55.029761229856462,0,0
0.0002875,58.61833282409993,-54.195747254360256,-54.195747254360256,0,0
0.0002876,58.594890179811721,-53.311174390076076,-53.311174390076076,0,0
0.0002877,58.571456910706061,-52.377817028969531,-52.377817028969531,0,0
0.0002878,58.548033013033631,-51.39754868897748,-51.39754868897748,0,0
0.0002879,58.524618483046609,-50.372338205500199,-50.372338205500199,0,0
0.00028800000000000001,58.501213316998673,-49.304245729239383,-49.304245729239383,0,0
0.00028810000000000001,58.477817511144991,-48.195418538517288,-48.195418538517288,0,0
0.00028820000000000001,58.454431061742234,-47.048086674589342,-47.048086674589342,0,0
0.00028829999999999996,58.431053965048569,-45.86455840882212,-45.86455840882212,0,0
0.00028839999999999996,58.407686217323665,-44.647215550950321,-44.647215550950321,0,0
0.00028849999999999997,58.38432781482868,-43.398508607948855,-43.398508607948855,0,0
0.00028859999999999997,58.360978753826274,-42.120951803359958,-42.120951803359958,0,0
0.00028869999999999997,58.33763903058059,-40.81711796719857,-40.81711796719857,0,0
0.00028879999999999997,58.314308641357279,-39.4896333068221,-39.4896333068221,0,0
0.00028889999999999997,58.290987582423469,-38.141172069392404,-38.141172069392404,0,0
0.00028899999999999998,58.267675850047802,-36.774451106778187,-36.774451106778187,0,0
0.00028909999999999998,58.244373440500389,-35.392224353943874,-35.392224353943874,0,0
0.00028919999999999998,58.221080350052851,-33.997277232046976,-33.997277232046976,0,0
0.00028929999999999998,58.197796574978298,-32.592420987618532,-32.592420987618532,0,0
0.00028939999999999999,58.174522111551319,-31.180486979331263,-31.180486979331263,0,0
0.00028949999999999999,58.151256956048002,-29.764320923966213,-29.764320923966213,0,0
0.00028959999999999999,58.12800110474592,-28.346777113271521,-28.346777113271521,0,0
0.00028969999999999999,58.104754553924138,-26.930712613466021,-26.930712613466021,0,0
0.0002898,58.081517299863215,-25.518981459175368,-25.518981459175368,0,0
0.0002899,58.058289338845178,-24.114428853599662,-24.114428853599662,0,0
0.00029,58.035070667153562,0,0,0,0
0.0002901,58.014576967384855,0,0,56.07324898609955,56.07324898609955
0.00029020000000000001,58.000197411065237,0,0,121.87772965764164,121.87772965764164
0.00029030000000000001,57.992820195789029,0,0,195.74054961388234,195.74054961388234
0.00029040000000000001,57.993158342201546,0,0,275.84277172409736,275.84277172409736
0.00029050000000000001,58.001736791924081,0,0,360.25239864308509,360.25239864308509
0.00029059999999999996,58.018882915770675,0,0,446.95940137506841,446.95940137506841
0.00029069999999999996,58.044720603787056,0,0,533.91215718862179,533.91215718862179
0.00029079999999999997,58.079168043745788,0,0,619.054636730845,619.054636730845
0.00029089999999999997,58.121939227911426,0,0,700.36366669465485,700.36366669465485
0.00029099999999999997,58.172549160355921,0,0,775.88559310181392,775.88559310181392
0.00029109999999999997,58.230322670080305,0,0,843.77168119815667,843.77168119815667
0.00029119999999999998,58.294406669898919,0,0,902.31161091695924,902.31161091695924
0.00029129999999999998,58.363785638648245,0,0,949.96446143429614,949.96446143429614
0.00029139999999999998,58.43730004592495,0,0,985.38662388908881,985.38662388908881
0.00029149999999999998,58.513667385292507,0,0,1007.4561370440957,1007.4561370440957
0.00029159999999999999,58.591505434687669,0,0,1015.2930055122315,1015.2930055122315
0.00029169999999999999,58.669357322460868,0,0,1008.2751329896893,1008.2751329896893
0.00029179999999999999,58.745717944828137,0,0,986.04958240357166,986.04958240357166
0.00029189999999999999,58.819061256086243,0,0,948.53895955698033,948.53895955698033
0.000292,58.887867937189519,0,0,895.94280520448558,895.94280520448558
0.0002921,58.950652941490084,0,0,828.73397091492507,828.73397091492507
0.0002922,59.005992418725768,0,0,747.65004493848562,747.65004493848562
0.0002923,59.052549529658307,0,0,653.67998394525046,653.67998394525046
0.00029240000000000001,59.089098683913889,0,0,548.04619331916638,548.04619331916638
0.00029250000000000001,59.114547762191542,0,0,432.1823811025431,432.1823811025431
0.00029260000000000001,59.127957920563439,0,0,307.70758719955734,307.70758719955734
0.00029270000000000001,59.128560618432488,0,0,176.39685867760593,176.39685867760593
0.00029279999999999996,59.115771562040145,0,0,40.149102699623043,40.149102699623043
0.00029289999999999996,59.091287432028601,-17.323595392660554,-17.323595392660554,0,0
0.00029299999999999997,59.067655643728543,-17.646939199603015,-17.646939199603015,0,0
0.00029309999999999997,59.04403330625351,-17.994439748181488,-17.994439748181488,0,0
0.00029319999999999997,59.020420415823935,-18.36536656174378,-18.36536656174378,0,0
0.00029329999999999997,58.996816968661754,-18.758941576140391,-18.758941576140391,0,0
0.00029339999999999998,58.973222960990412,-19.174340721454673,-19.174340721454673,0,0
0.00029349999999999998,58.949638389034867,-19.610695597205062,-19.610695597205062,0,0
0.00029359999999999998,58.926063249021595,-20.067095237613781,-20.067095237613781,0,0
0.00029369999999999998,58.902497537178569,-20.542587963353601,-20.542587963353601,0,0
0.00029379999999999999,58.87894124973527,-21.036183316008806,-21.036183316008806,0,0
0.00029389999999999999,58.855394382922697,-21.546854071317814,-21.546854071317814,0,0
0.00029399999999999999,58.831856932973352,-22.073538327105599,-22.073538327105599,0,0
0.00029409999999999999,58.808328896121239,-22.615141661661813,-22.615141661661813,0,0
0.0002942,58.784810268601881,-23.170539358177589,-23.170539358177589,0,0
0.0002943,58.761301046652285,-23.738578690719851,-23.738578690719851,0,0
0.0002944,58.737801226510982,-24.318081267096826,-24.318081267096826,0,0
0.0002945,58.714310804418005,-24.907845423853093,-24.907845423853093,0,0
0.00029460000000000001,58.690829776614883,-25.506648668526378,-25.506648668526378,0,0
0.00029470000000000001,58.66735813934465,-26.113250164202544,-26.113250164202544,0,0
0.00029480000000000001,58.643895888851844,-26.726393251319234,-26.726393251319234,0,0
0.00029490000000000001,58.620443021382506,-27.344808001592927,-27.344808001592927,0,0
0.00029499999999999996,58.596999533184174,-56.942823554976684,-56.942823554976684,0,0
0.00029509999999999996,58.573565420505894,-57.538136807585673,-57.538136807585673,0,0
0.00029519999999999997,58.550140679598201,-58.076035967164543,-58.076035967164543,0,0
0.00029529999999999997,58.526725306713146,-58.555404831466149,-58.555404831466149,0,0
0.00029539999999999997,58.503319298104266,-58.975246164515994,-58.975246164515994,0,0
0.00029549999999999997,58.479922650026595,-59.334683721704494,-59.334683721704494,0,0
0.00029559999999999998,58.456535358736673,-59.632964028980041,-59.632964028980041,0,0
0.00029569999999999998,58.433157420492535,-59.869457912530706,-59.869457912530706,0,0
0.00029579999999999998,58.409788831553705,-60.043661775848705,-60.043661775848705,0,0
0.00029589999999999998,58.386429588181215,-60.155198621585754,-60.155198621585754,0,0
0.00029599999999999998,58.363079686637583,-60.203818816125676,-60.203818816125676,0,0
0.00029609999999999999,58.339739123186824,-60.189400595323846,-60.189400595323846,0,0
0.00029619999999999999,58.316407894094453,-60.111950310388607,-60.111950310388607,0,0
0.00029629999999999999,58.293085995627472,-59.971602413408419,-59.971602413408419,0,0
0.00029639999999999999,58.269773424054371,-59.768619182557273,-59.768619182557273,0,0
0.0002965,58.246470175645143,-59.50339018753985,-59.50339018753985,0,0
0.0002966,58.223176246671265,-59.176431496365907,-59.176431496365907,0,0
0.0002967,58.199891633405713,-58.788384625069313,-58.788384625069313,0,0
0.0002968,58.176616332122947,-58.340015232508691,-58.340015232508691,0,0
0.00029690000000000001,58.153350339098914,-57.832211562905641,-57.832211562905641,0,0
0.00029700000000000001,58.130093650611066,-57.265982639288339,-57.265982639288339,0,0
0.00029710000000000001,58.106846262938319,-56.642456211514869,-56.642456211514869,0,0
0.00029719999999999996,58.083608172361103,-55.962876463049284,-55.962876463049284,0,0
0.00029729999999999996,58.060379375161318,-55.228601481153405,-55.228601481153405,0,0
0.00029739999999999996,58.037159867622357,-54.441100495638366,-54.441100495638366,0,0
0.00029749999999999997,58.013949646029097,-53.601950891789983,-53.601950891789983,0,0
0.00029759999999999997,57.990748706667908,-52.712835003540874,-52.712835003540874,0,0
0.00029769999999999997,57.967557045826631,-51.775536693408924,-51.775536693408924,0,0
0.00029779999999999997,57.944374659794605,-50.791937726154686,-50.791937726154686,0,0
0.00029789999999999998,57.921201544862647,-49.764013943529662,-49.764013943529662,0,0
0.00029799999999999998,57.898037697323062,-48.693831247891424,-48.693831247891424,0,0
0.00029809999999999998,57.874883113469636,-47.583541402849733,-47.583541402849733,0,0
0.00029819999999999998,57.851737789597628,-46.435377659479826,-46.435377659479826,0,0
0.00029829999999999999,57.828601722003789,-45.251650216993156,-45.251650216993156,0,0
0.00029839999999999999,57.805474906986348,-44.034741527092265,-44.034741527092265,0,0
0.00029849999999999999,57.782357340845017,-42.787101451554008,-42.787101451554008,0,0
0.00029859999999999999,57.759249019880983,-41.51124228288365,-41.51124228288365,0,0
0.0002987,57.736149940396913,-40.209733638160039,-40.209733638160039,0,0
0.0002988,57.713060098696964,-38.88519723645031,-38.88519723645031,0,0
0.0002989,57.689979491086753,-37.540301570408388,-37.540301570408388,0,0
0.000299,57.666908113873383,-36.177756482886963,-36.177756482886963,0,0
0.00029910000000000001,57.643845963365429,-34.800307659585187,-34.800307659585187,0,0
0.00029920000000000001,57.620793035872957,-33.410731048925001,-33.410731048925001,0,0
0.00029930000000000001,57.59774932770749,-32.011827220496798,-32.011827220496798,0,0
0.00029940000000000001,57.574714835182043,-30.60641567353948,-30.60641567353948,0,0
0.00029949999999999996,57.551689554611087,-29.197329107021915,-29.197329107021915,0,0
0.00029959999999999996,57.528673482310587,-27.787407662970232,-27.787407662970232,0,0
0.00029969999999999997,57.505666614597963,-26.379493154739755,-26.379493154739755,0,0
0.00029979999999999997,57.482668947792121,-24.976423291960977,-24.976423291960977,0,0
0.00029989999999999997,57.459680478213436,-23.581025913895349,-23.581025913895349,0,0
0.00029999999999999997,57.436701202183748,0,0,0,0
0.00030009999999999998,57.41665735287873,0,0,60.265458533663804,60.265458533663804
0.00030019999999999998,57.403139619328158,0,0,130.1107574029829,130.1107574029829
0.00030029999999999998,57.397017448379891,0,0,207.79456109533248,207.79456109533248
0.00030039999999999998,57.398978463955402,0,0,291.43348034506664,291.43348034506664
0.00030049999999999999,57.409516025673021,0,0,379.03622337883849,379.03622337883849
0.00030059999999999999,57.428920309720752,0,0,468.53969765558458,468.53969765558458
0.00030069999999999999,57.457273073123957,0,0,557.84640797641168,557.84640797641168
0.00030079999999999999,57.494446195818156,0,0,644.86247343384014,644.86247343384014
0.0003009,57.540104026500138,0,0,727.53557453866893,727.53557453866893
0.000301,57.593709489330728,0,0,803.8921432063413,803.8921432063413
0.0003011,57.654533840448146,0,0,872.07312207734151,872.07312207734151
0.0003012,57.721669897155728,0,0,930.3676456365929,930.3676456365929
0.00030130000000000001,57.794048499768202,0,0,977.24403331289545,977.24403331289545
0.00030140000000000001,57.870457907576281,0,0,1011.3775334966641,1011.3775334966641
0.00030150000000000001,57.949565777278195,0,0,1031.6743163281999,1031.6743163281999
0.00030160000000000001,58.029943325492027,0,0,1037.2912811112083,1037.2912811112083
0.00030169999999999996,58.110091237448259,0,0,1027.6513200645047,1027.6513200645047
0.00030179999999999996,58.188466852384238,0,0,1002.453762463926,1002.453762463926
0.00030189999999999997,58.263512133091311,0,0,961.67981055427788,961.67981055427788
0.00030199999999999997,58.333681912918792,0,0,905.59286934536078,905.59286934536078
0.00030209999999999997,58.397471908571148,0,0,834.73376490291787,834.73376490291787
0.00030219999999999997,58.453445991335855,0,0,749.91093832914885,749.91093832914885
0.00030229999999999998,58.500262222868749,0,0,652.18579362130254,652.18579362130254
0.00030239999999999998,58.536697184098024,0,0,542.85346535280826,542.85346535280826
0.00030249999999999998,58.5616681567776,0,0,423.41935505033462,423.41935505033462
0.00030259999999999998,58.574252756165798,0,0,295.57186174053538,295.57186174053538
0.00030269999999999999,58.573705659517969,0,0,161.15180102535592,161.15180102535592
0.00030279999999999999,58.559472127725023,0,0,22.119066967814703,22.119066967814703
0.00030289999999999999,58.535296141573326,-17.633356646548098,-17.633356646548098,0,0
0.00030299999999999999,58.511886705316073,-17.944032875198534,-17.944032875198534,0,0
0.00030309999999999999,58.488486630960821,-18.277697507149337,-18.277697507149337,0,0
0.0003032,58.465095914763552,-18.633648422698489,-18.633648422698489,0,0
0.0003033,58.441714552981757,-19.011138230839297,-19.011138230839297,0,0
0.0003034,58.418342541874416,-19.409375788629536,-19.409375788629536,0,0
0.0003035,58.394979877702006,-19.827527809453191,-19.827527809453191,0,0
0.00030360000000000001,58.371626556726497,-20.264720556905377,-20.264720556905377,0,0
0.00030370000000000001,58.348282575211364,-20.720041620857291,-20.720041620857291,0,0
0.00030380000000000001,58.324947929421569,-21.19254177209071,-21.19254177209071,0,0
0.00030389999999999996,58.301622615623565,-21.6812368917324,-21.6812368917324,0,0
0.00030399999999999996,58.278306630085304,-22.185109971566465,-22.185109971566465,0,0
0.00030409999999999996,58.254999969076231,-22.703113181158773,-22.703113181158773,0,0
0.00030419999999999997,58.231702628867275,-23.234169997592037,-23.234169997592037,0,0
0.00030429999999999997,58.208414605730866,-23.777177393482749,-23.777177393482749,0,0
0.00030439999999999997,58.185135895940917,-24.331008078832749,-24.331008078832749,0,0
0.00030449999999999997,58.161866495772834,-24.894512792159187,-24.894512792159187,0,0
0.00030459999999999998,58.138606401503516,-25.46652263624615,-25.46652263624615,0,0
0.00030469999999999998,58.115355609411345,-26.045851453770783,-26.045851453770783,0,0
0.00030479999999999998,58.092114115776198,-26.631298237975852,-26.631298237975852,0,0
0.00030489999999999998,58.068881916879434,-27.221649573489426,-27.221649573489426,0,0
0.00030499999999999999,58.045659009003899,-56.791291858428607,-56.791291858428607,0,0
0.00030509999999999999,58.02244538843393,-57.357979875958051,-57.357979875958051,0,0
0.00030519999999999999,57.999241051455343,-57.867060232113815,-57.867060232113815,0,0
0.00030529999999999999,57.976045994355452,-58.317475515500917,-58.317475515500917,0,0
0.0003054,57.952860213423044,-58.708287554080442,-58.708287554080442,0,0
0.0003055,57.929683704948388,-59.03867932023087,-59.03867932023087,0,0
0.0003056,57.906516465223255,-59.307956589600792,-59.307956589600792,0,0
0.0003057,57.883358490540878,-59.515549350385044,-59.515549350385044,0,0
0.00030580000000000001,57.860209777195983,-59.661012960163475,-59.661012960163475,0,0
0.00030590000000000001,57.837070321484774,-59.744029047954484,-59.744029047954484,0,0
0.00030600000000000001,57.813940119704938,-59.764406159653348,-59.764406159653348,0,0
0.00030609999999999996,57.790819168155643,-59.722080145546727,-59.722080145546727,0,0
0.00030619999999999996,57.76770746313754,-59.617114289119186,-59.617114289119186,0,0
0.00030629999999999996,57.74460500095276,-59.449699176892935,-59.449699176892935,0,0
0.00030639999999999997,57.721511777904901,-59.220152309568633,-59.220152309568633,0,0
0.00030649999999999997,57.69842779029905,-58.928917455260517,-58.928917455260517,0,0
0.00030659999999999997,57.67535303444177,-58.576563746143307,-58.576563746143307,0,0
0.00030669999999999997,57.652287506641095,-58.163784520349935,-58.163784520349935,0,0
0.00030679999999999998,57.629231203206544,-57.691395911476519,-57.691395911476519,0,0
0.00030689999999999998,57.606184120449107,-57.160335188563991,-57.160335188563991,0,0
0.00030699999999999998,57.583146254681253,-56.571658849933044,-56.571658849933044,0,0
0.00030709999999999998,57.560117602216927,-55.926540474748833,-55.926540474748833,0,0
0.00030719999999999999,57.537098159371538,-55.226268336684399,-55.226268336684399,0,0
0.00030729999999999999,57.514087922461975,-54.472242784535268,-54.472242784535268,0,0
0.00030739999999999999,57.491086887806603,-53.66597339511101,-53.66597339511101,0,0
0.00030749999999999999,57.468095051725257,-52.80907590419217,-52.80907590419217,0,0
0.0003076,57.445112410539238,-51.903268921792389,-51.903268921792389,0,0
0.0003077,57.422138960571331,-50.95037043840324,-50.95037043840324,0,0
0.0003078,57.399174698145778,-49.952294129324201,-49.952294129324201,0,0
0.0003079,57.376219619588298,-48.911045464590629,-48.911045464590629,0,0
0.00030800000000000001,57.353273721226081,-47.828717632407134,-47.828717632407134,0,0
0.00030810000000000001,57.330336999387782,-46.707487284373144,-46.707487284373144,0,0
0.00030820000000000001,57.307409450403526,-45.549610111148851,-45.549610111148851,0,0
0.00030830000000000001,57.284491070604901,-44.357416257554974,-44.357416257554974,0,0
0.00030839999999999996,57.261581856324973,-43.133305586425386,-43.133305586425386,0,0
0.00030849999999999996,57.238681803898267,-41.879742800839018,-41.879742800839018,0,0
0.00030859999999999997,57.215790909660768,-40.599252434645273,-40.599252434645273,0,0
0.00030869999999999997,57.192909169949935,-39.294413721464643,-39.294413721464643,0,0
0.00030879999999999997,57.170036581104696,-37.967855352593006,-37.967855352593006,0,0
0.00030889999999999997,57.14717313946543,-36.622250134463727,-36.622250134463727,0,0
0.00030899999999999998,57.124318841373984,-35.260309556525741,-35.260309556525741,0,0
0.00030909999999999998,57.10147368317368,-33.88477828057772,-33.88477828057772,0,0
0.00030919999999999998,57.078637661209285,-32.498428562757738,-32.498428562757738,0,0
0.00030929999999999998,57.055810771827041,-31.104054619524721,-31.104054619524721,0,0
0.00030939999999999999,57.032993011374636,-29.704466949081741,-29.704466949081741,0,0
0.00030949999999999999,57.010184376201238,-28.302486619781305,-28.302486619781305,0,0
0.00030959999999999999,56.987384862657464,-26.900939537120045,-26.900939537120045,0,0
0.00030969999999999999,56.964594467095388,-25.502650700973483,-25.502650700973483,0,0
0.0003098,56.941813185868547,-24.110438464741158,-24.110438464741158,0,0
0.0003099,56.919041015331935,-22.72710880806854,-22.72710880806854,0,0
0.00031,56.896277951842009,0,0,0,0
0.0003101,56.876788420240722,0,0,67.001509435869195,67.001509435869195
0.0003102,56.864487699174177,0,0,143.35239563883312,143.35239563883312
0.00031030000000000001,56.860216202423409,0,0,227.19765484345882,227.19765484345882
0.00031040000000000001,56.864621463592407,0,0,316.54647879655505,316.54647879655505
0.00031050000000000001,56.878146422274405,0,0,409.30835074543609,409.30835074543609
0.00031059999999999996,56.901021419464485,0,0,503.33094328220778,503.33094328220778
0.00031069999999999996,56.933260046777313,0,0,596.43913140405164,596.43913140405164
0.00031079999999999997,56.974658924209443,0,0,686.47441402861409,686.47441402861409
0.00031089999999999997,57.02480141002048,0,0,771.33402988639807,771.33402988639807
0.00031099999999999997,57.083065175085352,0,0,849.00905932956937,849.00905932956937
0.00031109999999999997,57.148633504081737,0,0,917.62082204559749,917.62082204559749
0.00031119999999999997,57.220510118389313,0,0,975.45491160902532,975.45491160902532
0.00031129999999999998,57.297537251813097,0,0,1020.9922506834625,1020.9922506834625
0.00031139999999999998,57.378416651356375,0,0,1052.9366047206224,1052.9366047206224
0.00031149999999999998,57.461733122325874,0,0,1070.238056213859,1070.238056213859
0.00031159999999999998,57.545980191010351,0,0,1072.1120147860322,1072.1120147860322
0.00031169999999999999,57.629587419867811,0,0,1058.0534192983312,1058.0534192983312
0.00031179999999999999,57.710948880278252,0,0,1027.8458752916106,1027.8458752916106
0.00031189999999999999,57.78845226700895,0,0,981.56556283604766,981.56556283604766
0.00031199999999999999,57.860508126974992,0,0,919.57984460589421,919.57984460589421
0.0003121,57.925578672868241,0,0,842.54059999739775,842.54059999739775
0.0003122,57.982205659807335,0,0,751.37240663064711,751.37240663064711
0.0003123,58.029036820192417,0,0,647.25578388999702,647.25578388999702
0.0003124,58.06485037812098,0,0,531.60580257296886,531.60580257296886
0.00031250000000000001,58.088577199560142,0,0,406.04644861498207,406.04644861498207
0.00031260000000000001,58.099320177344346,0,0,272.3812057179731,272.3812057179731
0.00031270000000000001,58.096370500198283,0,0,132.56039014355784,132.56039014355784
0.00031279999999999996,58.07874101831117,-17.917218681438914,-17.917218681438914,0,0
0.00031289999999999996,58.055514167583681,-18.194670326789097,-18.194670326789097,0,0
0.00031299999999999996,58.032296605738587,-18.494137697037285,-18.494137697037285,0,0
0.00031309999999999997,58.009088329061072,-18.814988364238825,-18.814988364238825,0,0
0.00031319999999999997,57.985889333837811,-19.156546463237039,-19.156546463237039,0,0
0.00031329999999999997,57.962699616356971,-19.518094065657746,-19.518094065657746,0,0
0.00031339999999999997,57.939519172908192,-19.898872639366456,-19.898872639366456,0,0
0.00031349999999999998,57.916347999782602,-20.298084590421229,-20.298084590421229,0,0
0.00031359999999999998,57.893186093272817,-20.71489488438672,-20.71489488438672,0,0
0.00031369999999999998,57.870033449672931,-21.148432743713659,-21.148432743713659,0,0
0.00031379999999999998,57.846890065278522,-21.597793417733509,-21.597793417733509,0,0
0.00031389999999999999,57.823755936386647,-22.062040021670438,-22.062040021670438,0,0
0.00031399999999999999,57.800631059295846,-22.540205440932706,-22.540205440932706,0,0
0.00031409999999999999,57.777515430306138,-23.031294296812671,-23.031294296812671,0,0
0.00031419999999999999,57.754409045719022,-23.534284969600247,-23.534284969600247,0,0
0.0003143,57.731311901837472,-24.04813167499756,-24.04813167499756,0,0
0.0003144,57.708223994965948,-24.571766589614864,-24.571766589614864,0,0
0.0003145,57.685145321410388,-25.104102021227373,-25.104102021227373,0,0
0.0003146,57.662075877478202,-25.644032619382546,-25.644032619382546,0,0
0.00031470000000000001,57.639015659478282,-26.190437621864685,-26.190437621864685,0,0
0.00031480000000000001,57.615964663720987,-26.742183132451441,-26.742183132451441,0,0
0.00031490000000000001,57.592922886518167,-27.298124425332983,-27.298124425332983,0,0
0.00031499999999999996,57.569890324183127,-56.832718027608067,-56.832718027608067,0,0
0.00031509999999999996,57.546866973030667,-57.363790148311537,-57.363790148311537,0,0
0.00031519999999999996,57.523852829377041,-57.836759971073207,-57.836759971073207,0,0
0.00031529999999999997,57.50084788953999,-58.250643666311916,-58.250643666311916,0,0
0.00031539999999999997,57.477852149838725,-58.604577498480225,-58.604577498480225,0,0
0.00031549999999999997,57.454865606593927,-58.897819579848019,-58.897819579848019,0,0
0.00031559999999999997,57.431888256127749,-59.129751376650248,-59.129751376650248,0,0
0.00031569999999999998,57.408920094763815,-59.29987896454071,-59.29987896454071,0,0
0.00031579999999999998,57.385961118827218,-59.407834030803812,-59.407834030803812,0,0
0.00031589999999999998,57.363011324644525,-59.45337462129072,-59.45337462129072,0,0
0.00031599999999999998,57.340070708543763,-59.436385630565141,-59.436385630565141,0,0
0.00031609999999999999,57.31713926685444,-59.356879034265731,-59.356879034265731,0,0
0.00031619999999999999,57.294216995907519,-59.214993863216179,-59.214993863216179,0,0
0.00031629999999999999,57.271303892035441,-59.010995919338569,-59.010995919338569,0,0
0.00031639999999999999,57.248399951572104,-58.745277233950745,-58.745277233950745,0,0
0.0003165,57.225505170852884,-58.41835526955137,-58.41835526955137,0,0
0.0003166,57.202619546214613,-58.030871866717987,-58.030871866717987,0,0
0.0003167,57.179743073995596,-57.583591938261534,-57.583591938261534,0,0
0.0003168,57.15687575053559,-57.077401913293542,-57.077401913293542,0,0
0.00031690000000000001,57.134017572175829,-56.513307934371568,-56.513307934371568,0,0
0.00031700000000000001,57.111168535258997,-55.892433811389139,-55.892433811389139,0,0
0.00031710000000000001,57.088328636129255,-55.216018736371424,-55.216018736371424,0,0
0.00031720000000000001,57.065497871132216,-54.485414763823371,-54.485414763823371,0,0
0.00031729999999999996,57.042676236614959,-53.702084061753595,-53.702084061753595,0,0
0.00031739999999999996,57.019863728926019,-52.867595938963021,-52.867595938963021,0,0
0.00031749999999999997,56.997060344415395,-51.983623654642244,-51.983623654642244,0,0
0.00031759999999999997,56.97426607943455,-51.05194101676355,-51.05194101676355,0,0
0.00031769999999999997,56.951480930336402,-50.074418776182881,-50.074418776182881,0,0
0.00031779999999999997,56.92870489347532,-49.053020823781864,-49.053020823781864,0,0
0.00031789999999999998,56.905937965207144,-47.989800198380578,-47.989800198380578,0,0
0.00031799999999999998,56.883180141889163,-46.886894913535698,-46.886894913535698,0,0
0.00031809999999999998,56.860431419880129,-45.746523611706976,-45.746523611706976,0,0
0.00031819999999999998,56.837691795540245,-44.570981054625648,-44.570981054625648,0,0
0.00031829999999999998,56.814961265231169,-43.362633459030931,-43.362633459030931,0,0
0.00031839999999999999,56.792239825316017,-42.123913687255211,-42.123913687255211,0,0
0.00031849999999999999,56.769527472159353,-40.857316302433091,-40.857316302433091,0,0
0.00031859999999999999,56.746824202127208,-39.56539249838459,-39.56539249838459,0,0
0.00031869999999999999,56.724130011587057,-38.250744914477387,-38.250744914477387,0,0
0.0003188,56.70144489690783,-36.9160223460065,-36.9160223460065,0,0
0.0003189,56.678768854459904,-35.563914360842134,-35.563914360842134,0,0
0.000319,56.656101880615118,-34.197145833286513,-34.197145833286513,0,0
0.0003191,56.63344397174675,-32.81847140624906,-32.81847140624906,0,0
0.00031920000000000001,56.61079512422954,-31.430669892994331,-31.430669892994331,0,0
0.00031930000000000001,56.588155334439669,-30.036538629840166,-30.036538629840166,0,0
0.00031940000000000001,56.565524598754777,-28.638887791282777,-28.638887791282777,0,0
0.00031949999999999996,56.542902913553938,-27.24053467910193,-27.24053467910193,0,0
0.00031959999999999996,56.52029027521769,-25.844297997051967,-25.844297997051967,0,0
0.00031969999999999996,56.497686680128005,-24.452992122773558,-24.452992122773558,0,0
0.00031979999999999997,56.475092124668308,-23.069421388566745,-23.069421388566745,0,0
0.00031989999999999997,56.452506605223469,-21.696374382647466,-21.696374382647466,0,0
0.00031999999999999997,56.429930118179811,0,0,0,0
0.00032009999999999997,56.411037497318269,0,0,75.181364301136441,75.181364301136441
0.00032019999999999998,56.400140049149634,0,0,159.46383924764874,159.46383924764874
0.00032029999999999998,56.398045987414534,0,0,250.85225144544179,250.85225144544179
0.00032039999999999998,56.405356976398501,0,0,347.22267768847331,347.22267768847331
0.00032049999999999998,56.422457249633666,0,0,446.36095105175423,446.36095105175423
0.00032059999999999999,56.449506670243395,0,0,546.00279713124917,546.00279713124917
0.00032069999999999999,56.48643785817351,0,0,643.8748732669419,643.8748732669419
0.00032079999999999999,56.532957435876696,0,0,737.73596731321891,737.73596731321891
0.00032089999999999999,56.588551369414603,0,0,825.4176097161112,825.4176097161112
0.000321,56.652494307765309,0,0,904.86336336907709,904.86336336907709
0.0003211,56.723862750716904,0,0,974.16607975233023,974.16607975233023
0.0003212,56.80155180640088,0,0,1031.6024467783868,1031.6024467783868
0.0003213,56.884295234528487,0,0,1075.6642028983574,1075.6642028983574
0.00032140000000000001,56.97068841191485,0,0,1105.0854524782496,1105.0854524782496
0.00032150000000000001,57.059213803986701,0,0,1118.865588135852,1118.865588135852
0.00032160000000000001,57.148268480627152,0,0,1116.287405355275,1116.287405355275
0.00032169999999999996,57.236193177735025,0,0,1096.9300818246111,1096.9300818246111
0.00032179999999999996,57.321302377936597,0,0,1060.676786993487,1060.676786993487
0.00032189999999999996,57.401914865487967,0,0,1007.7167846354121,1007.7167846354121
0.00032199999999999997,57.476384201879945,0,0,938.54199096213529,938.54199096213529
0.00032209999999999997,57.543128570156945,0,0,853.93805126647419,853.93805126647419
0.00032219999999999997,57.600659447458739,0,0,754.97009734714243,754.97009734714243
0.00032229999999999997,57.647608586580091,0,0,642.96344429593239,642.96344429593239
0.00032239999999999998,57.682752818030643,0,0,519.47957685981009,519.47957685981009
0.00032249999999999998,57.705036223610357,0,0,386.28786086887976,386.28786086887976
0.00032259999999999998,57.713589280175732,0,0,245.33349260187717,245.33349260187717
0.00032269999999999998,57.707744627196327,0,0,98.702267043193686,98.702267043193686
0.00032279999999999999,57.686234829483517,-18.637468969034447,-18.637468969034447,0,0
0.00032289999999999999,57.663164949835256,-18.904711726784225,-18.904711726784225,0,0
0.00032299999999999999,57.640104296293508,-19.192128724225409,-19.192128724225409,0,0
0.00032309999999999999,57.617052865168567,-19.499112203644369,-19.499112203644369,0,0
0.0003232,57.594010652772212,-19.825014661816223,-19.825014661816223,0,0
0.0003233,57.570977655417686,-20.169150166318307,-20.169150166318307,0,0
0.0003234,57.5479538694197,-20.530795749922131,-20.530795749922131,0,0
0.0003235,57.524939291094462,-20.90919288022894,-20.90919288022894,0,0
0.00032360000000000001,57.501933916759633,-21.303549001561709,-21.303549001561709,0,0
0.00032370000000000001,57.478937742734352,-21.713039145979263,-21.713039145979263,0,0
0.00032380000000000001,57.455950765339232,-22.136807610137584,-22.136807610137584,0,0
0.00032389999999999996,57.432972980896359,-22.573969694590286,-22.573969694590286,0,0
0.00032399999999999996,57.41000438572928,-23.023613501992497,-23.023613501992497,0,0
0.00032409999999999996,57.387044976163025,-23.484801790553515,-23.484801790553515,0,0
0.00032419999999999997,57.364094748524096,-23.95657387897089,-23.95657387897089,0,0
0.00032429999999999997,57.341153699140442,-24.437947598974187,-24.437947598974187,0,0
0.00032439999999999997,57.318221824341506,-24.927921291510021,-24.927921291510021,0,0
0.00032449999999999997,57.295299120458182,-25.425475842511158,-25.425475842511158,0,0
0.00032459999999999998,57.272385583822839,-25.929576754112272,-25.929576754112272,0,0
0.00032469999999999998,57.249481210769311,-26.439176247102818,-26.439176247102818,0,0
0.00032479999999999998,57.226585997632903,-26.953215390344159,-26.953215390344159,0,0
0.00032489999999999998,57.203699940750376,-27.470626252823241,-27.470626252823241,0,0
0.00032499999999999999,57.180823036459962,-56.965943830066848,-56.965943830066848,0,0
0.00032509999999999999,57.157955281101351,-57.45707431368794,-57.45707431368794,0,0
0.00032519999999999999,57.13509667101571,-57.889518221488458,-57.889518221488458,0,0
0.00032529999999999999,57.11224720254566,-58.262374244352571,-58.262374244352571,0,0
0.00032539999999999999,57.089406872035283,-58.574862185781782,-58.574862185781782,0,0
0.0003255,57.06657567583013,-58.826324545901187,-58.826324545901187,0,0
0.0003256,57.043753610277207,-59.016227856106937,-59.016227856106937,0,0
0.0003257,57.020940671724979,-59.144163761645359,-59.144163761645359,0,0
0.0003258,56.998136856523381,-59.209849849927309,-59.209849849927309,0,0
0.00032590000000000001,56.975342161023804,-59.213130222897149,-59.213130222897149,0,0
0.00032600000000000001,56.952556581579096,-59.153975812296537,-59.153975812296537,0,0
0.00032610000000000001,56.929780114543561,-59.032484437185502,-59.032484437185502,0,0
0.00032619999999999996,56.907012756272962,-58.848880603607029,-58.848880603607029,0,0
0.00032629999999999996,56.884254503124531,-58.603515046805285,-58.603515046805285,0,0
0.00032639999999999996,56.861505351456941,-58.296864016931266,-58.296864016931266,0,0
0.00032649999999999997,56.838765297630324,-57.929528309690014,-57.929528309690014,0,0
0.00032659999999999997,56.816034338006276,-57.502232043902922,-57.502232043902922,0,0
0.00032669999999999997,56.793312468947846,-57.015821188472174,-57.015821188472174,0,0
0.00032679999999999997,56.77059968681953,-56.471261841743697,-56.471261841743697,0,0
0.00032689999999999998,56.747895987987285,-55.869638266768561,-55.869638266768561,0,0
0.00032699999999999998,56.725201368818517,-55.212150686458244,-55.212150686458244,0,0
0.00032709999999999998,56.702515825682092,-54.50011284311735,-54.50011284311735,0,0
0.00032719999999999998,56.679839354948321,-53.734949327316187,-53.734949327316187,0,0
0.00032729999999999999,56.657171952988968,-52.918192681533952,-52.918192681533952,0,0
0.00032739999999999999,56.634513616177244,-52.051480284461448,-52.051480284461448,0,0
0.00032749999999999999,56.61186434088782,-51.13655102229734,-51.13655102229734,0,0
0.00032759999999999999,56.589224123496813,-50.175241753805253,-50.175241753805253,0,0
0.0003277,56.56659296038179,-49.169483576317489,-49.169483576317489,0,0
0.0003278,56.543970847921756,-48.121297900276318,-48.121297900276318,0,0
0.0003279,56.521357782497184,-47.032792340292005,-47.032792340292005,0,0
0.000328,56.498753760489976,-45.906156431069903,-45.906156431069903,0,0
0.00032810000000000001,56.476158778283491,-44.743657176914851,-44.743657176914851,0,0
0.00032820000000000001,56.45357283226253,-43.547634443858954,-43.547634443858954,0,0
0.00032830000000000001,56.430995918813345,-42.320496203778475,-42.320496203778475,0,0
0.00032839999999999996,56.408428034323627,-41.064713640166666,-41.064713640166666,0,0
0.00032849999999999996,56.385869175182513,-39.782816125509747,-39.782816125509747,0,0
0.00032859999999999996,56.363319337780588,-38.47738608047478,-38.47738608047478,0,0
0.00032869999999999997,56.340778518509879,-37.151053725357485,-37.151053725357485,0,0
0.00032879999999999997,56.318246713763848,-35.806491734457481,-35.806491734457481,0,0
0.00032889999999999997,56.295723919937416,-34.446409804245221,-34.446409804245221,0,0
0.00032899999999999997,56.273210133426929,-33.073549146360001,-33.073549146360001,0,0
0.00032909999999999998,56.250705350630184,-31.690676916631269,-31.690676916631269,0,0
0.00032919999999999998,56.228209567946415,-30.300580591444884,-30.300580591444884,0,0
0.00032929999999999998,56.205722781776295,-28.906062302883377,-28.906062302883377,0,0
0.00032939999999999998,56.183244988521942,-27.509933144152463,-27.509933144152463,0,0
0.00032949999999999999,56.160776184586908,-26.11500745686655,-26.11500745686655,0,0
0.00032959999999999999,56.138316366376181,-24.724097111802614,-24.724097111802614,0,0
0.00032969999999999999,56.11586553029619,-23.340005794744947,-23.340005794744947,0,0
0.00032979999999999999,56.09342367275481,-21.965523309032896,-21.965523309032896,0,0
0.0003299,56.070990790161332,-20.603419906389419,-20.603419906389419,0,0
0.00033,56.048566878926501,0,0,0,0
0.0003301,56.030261860638248,0,0,83.852724645257666,83.852724645257666
0.0003302,56.020806721074898,0,0,176.54069810373326,176.54069810373326
0.00033030000000000001,56.020975226953361,0,0,275.91927517133507,275.91927517133507
0.00033040000000000001,56.031320020197739,0,0,379.72260447481898,379.72260447481898
0.00033050000000000001,56.052162626491146,0,0,485.60470427701966,485.60470427701966
0.00033059999999999996,56.083587653237039,0,0,591.18198495407864,591.18198495407864
0.00033069999999999996,56.125441281539828,0,0,694.07644778075746,694.07644778075746
0.00033079999999999996,56.177334079026139,0,0,791.95877749846454,791.95877749846454
0.00033089999999999997,56.238648082062824,0,0,882.59054815420495,882.59054815420495
0.00033099999999999997,56.308548018603311,0,0,963.86477784919941,963.86477784919941
0.00033109999999999997,56.385996467910466,0,0,1033.8440980292507,1033.8440980292507
0.00033119999999999997,56.469772682120073,0,0,1090.7958462402173,1090.7958462402173
0.00033129999999999998,56.558494728314486,0,0,1133.2234470755518,1133.2234470755518
0.00033139999999999998,56.650644549671739,0,0,1159.8935133465563,1159.8935133465563
0.00033149999999999998,56.744595491428782,0,0,1169.8581770894759,1169.8581770894759
0.00033159999999999998,56.838641792805319,0,0,1162.472246480311,1162.472246480311
0.00033169999999999999,56.931029510482617,0,0,1137.4048784913548,1137.4048784913548
0.00033179999999999999,57.019988313363761,0,0,1094.6455564937692,1094.6455564937692
0.00033189999999999999,57.103763572624601,0,0,1034.5042651875106,1034.5042651875106
0.00033199999999999999,57.180648165781868,0,0,957.60586035435847,957.60586035435847
0.0003321,57.249013418751794,0,0,864.87873607755216,864.87873607755216
0.0003322,57.307338625551424,0,0,757.53799534807501,757.53799534807501
0.0003323,57.354238611121986,0,0,637.06342951257034,637.06342951257034
0.0003324,57.388488838259008,0,0,505.17270600877902,505.17270600877902
0.0003325,57.409047604173992,0,0,363.79025057948058,363.79025057948058
0.00033260000000000001,57.415074924978981,0,0,215.01238808483029,215.01238808483029
0.00033270000000000001,57.405947766422187,0,0,61.069373735228353,61.069373735228353
0.00033279999999999996,57.382322897602421,-19.452337218983207,-19.452337218983207,0,0
0.00033289999999999996,57.359374558417194,-19.711784827792787,-19.711784827792787,0,0
0.00033299999999999996,57.336435396732021,-19.989457967235989,-19.989457967235989,0,0
0.00033309999999999997,57.313505408876637,-20.28476882793333,-20.28476882793333,0,0
0.00033319999999999997,57.290584591182238,-20.597093774258976,-20.597093774258976,0,0
0.00033329999999999997,57.267672939981495,-20.925774612103584,-20.925774612103584,0,0
0.00033339999999999997,57.244770451608545,-21.270119926850182,-21.270119926850182,0,0
0.00033349999999999997,57.221877122398986,-21.629406488843241,-21.629406488843241,0,0
0.00033359999999999998,57.198992948689892,-22.002880723494012,-22.002880723494012,0,0
0.00033369999999999998,57.176117926819792,-22.389760243033773,-22.389760243033773,0,0
0.00033379999999999998,57.153252053128682,-22.789235436801508,-22.789235436801508,0,0
0.00033389999999999998,57.13039532395802,-23.200471116833551,-23.200471116833551,0,0
0.00033399999999999999,57.107547735650734,-23.62260821541047,-23.62260821541047,0,0
0.00033409999999999999,57.084709284551209,-24.054765531110778,-24.054765531110778,0,0
0.00033419999999999999,57.061879967005289,-24.496041519822672,-24.496041519822672,0,0
0.00033429999999999999,57.039059779360286,-24.945516127073649,-24.945516127073649,0,0
0.0003344,57.01624871796497,-25.402252657953756,-25.402252657953756,0,0
0.0003345,56.993446779169574,-25.865299680832297,-25.865299680832297,0,0
0.0003346,56.97065395932578,-26.333692960998579,-26.333692960998579,0,0
0.0003347,56.947870254786743,-26.806457420297139,-26.806457420297139,0,0
0.00033480000000000001,56.925095661907065,-27.282609118774712,-27.282609118774712,0,0
0.00033490000000000001,56.902330177042813,-27.761157254311637,-27.761157254311637,0,0
0.00033500000000000001,56.879573796551512,-57.216715932271498,-57.216715932271498,0,0
0.00033509999999999996,56.85682651679214,-57.667272274259219,-57.667272274259219,0,0
0.00033519999999999996,56.834088334125134,-58.058409383738706,-58.058409383738706,0,0
0.00033529999999999996,56.811359244912381,-58.389310025078302,-58.389310025078302,0,0
0.00033539999999999997,56.788639245517231,-58.659279392216661,-58.659279392216661,0,0
0.00033549999999999997,56.765928332304483,-58.867746519125745,-58.867746519125745,0,0
0.00033559999999999997,56.743226501640386,-59.014265438593256,-59.014265438593256,0,0
0.00033569999999999997,56.720533749892653,-59.098516086973007,-59.098516086973007,0,0
0.00033579999999999998,56.697850073430438,-59.120304953067475,-59.120304953067475,0,0
0.00033589999999999998,56.675175468624353,-59.07956546982733,-59.07956546982733,0,0
0.00033599999999999998,56.652509931846467,-58.976358148074752,-58.976358148074752,0,0
0.00033609999999999998,56.62985345947029,-58.810870451982069,-58.810870451982069,0,0
0.00033619999999999999,56.60720604787079,-58.583416416562088,-58.583416416562088,0,0
0.00033629999999999999,56.584567693424376,-58.294436007950239,-58.294436007950239,0,0
0.00033639999999999999,56.561938392508914,-57.94449422778203,-57.94449422778203,0,0
0.00033649999999999999,56.539318141503713,-57.534279963488643,-57.534279963488643,0,0
0.0003366,56.516706936789539,-57.064604586850507,-57.064604586850507,0,0
0.0003367,56.494104774748592,-56.536400303659605,-56.536400303659605,0,0
0.0003368,56.47151165176453,-55.95071825784747,-55.95071825784747,0,0
0.0003369,56.448927564222458,-55.308726393934521,-55.308726393934521,0,0
0.00033700000000000001,56.426352508508913,-54.611707082147532,-54.611707082147532,0,0
0.00033710000000000001,56.403786481011892,-53.861054511034325,-53.861054511034325,0,0
0.00033720000000000001,56.381229478120829,-53.058271852877127,-53.058271852877127,0,0
0.00033729999999999996,56.358681496226602,-52.204968207667648,-52.204968207667648,0,0
0.00033739999999999996,56.336142531721535,-51.302855331857117,-51.302855331857117,0,0
0.00033749999999999996,56.31361258099939,-50.353744158531299,-50.353744158531299,0,0
0.00033759999999999997,56.291091640455377,-49.359541116085012,-49.359541116085012,0,0
0.00033769999999999997,56.26857970648615,-48.322244252879216,-48.322244252879216,0,0
0.00033779999999999997,56.246076775489797,-47.243939175758769,-47.243939175758769,0,0
0.00033789999999999997,56.223582843865849,-46.12679481068642,-46.12679481068642,0,0
0.00033799999999999998,56.201097908015271,-44.973058994110509,-44.973058994110509,0,0
0.00033809999999999998,56.178621964340479,-43.785053904027379,-43.785053904027379,0,0
0.00033819999999999998,56.156155009245325,-42.565171340025245,-42.565171340025245,0,0
0.00033829999999999998,56.133697039135086,-41.315867861903257,-41.315867861903257,0,0
0.00033839999999999999,56.111248050416499,-40.039659796746449,-40.039659796746449,0,0
0.00033849999999999999,56.088808039497721,-38.739118124604659,-38.739118124604659,0,0
0.00033859999999999999,56.066377002788343,-37.41686325317005,-37.41686325317005,0,0
0.00033869999999999999,56.043954936699407,-36.075559692073377,-36.075559692073377,0,0
0.0003388,56.021541837643383,-34.717910637622694,-34.717910637622694,0,0
0.0003389,55.999137702034169,-33.346652478990549,-33.346652478990549,0,0
0.000339,55.976742526287111,-31.964549237014865,-31.964549237014865,0,0
0.0003391,55.954356306818973,-30.574386946915453,-30.574386946915453,0,0
0.0003392,55.931979040047963,-29.178967996342333,-29.178967996342333,0,0
0.00033930000000000001,55.909610722393722,-27.781105430262201,-27.781105430262201,0,0
0.00033940000000000001,55.887251350277317,-26.383617234256977,-26.383617234256977,0,0
0.00033949999999999996,55.864900920121244,-24.98932060785193,-24.98932060785193,0,0
0.00033959999999999996,55.842559428349439,-23.601026239511015,-23.601026239511015,0,0
0.00033969999999999996,55.820226871387263,-22.221532594933599,-22.221532594933599,0,0
0.00033979999999999997,55.797903245661502,-20.853620230259484,-20.853620230259484,0,0
0.00033989999999999997,55.775588547600378,-19.500046141738441,-19.500046141738441,0,0
0.00033999999999999997,55.753282773633543,0,0,0,0
0.00034009999999999997,55.73553638079877,0,0,92.635865453952931,92.635865453952931
0.00034019999999999998,55.727506556750804,0,0,193.85657114770248,193.85657114770248
0.00034029999999999998,55.729934012567455,0,0,301.36498062089544,301.36498062089544
0.00034039999999999998,55.743323445014774,0,0,412.75006954101912,412.75006954101912
0.00034049999999999998,55.767934415456089,0,0,525.53063005123511,525.53063005123511
0.00034059999999999998,55.803776671986363,0,0,637.20024132461583,637.20024132461583
0.00034069999999999999,55.850609999010565,0,0,745.27269164026541,745.27269164026541
0.00034079999999999999,55.907948596471051,0,0,847.32702921191139,847.32702921191139
0.00034089999999999999,55.975069908884066,0,0,941.05142581816631,941.05142581816631
0.00034099999999999999,56.051027743756862,0,0,1024.2850588805661,1024.2850588805661
0.0003411,56.134669441282512,0,0,1095.0572536178202,1095.0572536178202
0.0003412,56.224656783857441,0,0,1151.6231766190751,1151.6231766190751
0.0003413,56.319490266263692,0,0,1192.4954347233638,1192.4954347233638
0.0003414,56.417536286530897,0,0,1216.471007332452,1216.471007332452
0.00034150000000000001,56.517056764641573,0,0,1222.6530248740085,1222.6530248740085
0.00034160000000000001,56.616240652325153,0,0,1210.4669995380343,1210.4669995380343
0.00034170000000000001,56.713236762994676,0,0,1179.6712149389848,1179.6712149389848
0.00034179999999999996,56.80618732703428,0,0,1130.3610871873059,1130.3610871873059
0.00034189999999999996,56.893261664575455,0,0,1062.967419069686,1062.967419069686
0.00034199999999999996,56.972689365841696,0,0,978.2485796586252,978.2485796586252
0.00034209999999999997,57.042792378130137,0,0,877.27675169513532,877.27675169513532
0.00034219999999999997,57.1020154183716,0,0,761.41849652074188,761.41849652074188
0.00034229999999999997,57.14895416060488,0,0,632.30998923088737,632.30998923088737
0.00034239999999999997,57.182380688066829,0,0,491.8273732181209,491.8273732181209
0.00034249999999999998,57.201265749203188,0,0,342.05277162302627,342.05277162302627
0.00034259999999999998,57.204797414847526,0,0,185.2365718143794,185.2365718143794
0.00034269999999999998,57.192395799046395,0,0,23.756666454924087,23.756666454924087
0.00034279999999999998,57.168683050907013,-20.334669950770778,-20.334669950770778,0,0
0.00034289999999999999,57.145820150571559,-20.58654670784551,-20.58654670784551,0,0
0.00034299999999999999,57.122966393567452,-20.854654423225039,-20.854654423225039,0,0
0.00034309999999999999,57.10012177623809,-21.138424837146072,-21.138424837146072,0,0
0.00034319999999999999,57.077286294928328,-21.437257876895327,-21.437257876895327,0,0
0.0003433,57.054459945984497,-21.750522876639703,-21.750522876639703,0,0
0.0003434,57.031642725754381,-22.077559859411874,-22.077559859411874,0,0
0.0003435,57.008834630587224,-22.417680878645289,-22.417680878645289,0,0
0.0003436,56.986035656833728,-22.770171416531536,-22.770171416531536,0,0
0.00034370000000000001,56.96324580084606,-23.134291836357885,-23.134291836357885,0,0
0.00034380000000000001,56.940465058977843,-23.509278885872735,-23.509278885872735,0,0
0.00034390000000000001,56.917693427584155,-23.894347248623443,-23.894347248623443,0,0
0.00034399999999999996,56.894930903021532,-24.288691140113276,-24.288691140113276,0,0
0.00034409999999999996,56.872177481647981,-24.691485945533291,-24.691485945533291,0,0
0.00034419999999999996,56.849433159822944,-25.101889895740594,-25.101889895740594,0,0
0.00034429999999999997,56.826697933907333,-25.519045778076499,-25.519045778076499,0,0
0.00034439999999999997,56.803971800263518,-25.94208267854761,-25.94208267854761,0,0
0.00034449999999999997,56.781254755255311,-26.370117751829046,-26.370117751829046,0,0
0.00034459999999999997,56.758546795247987,-26.802258015492416,-26.802258015492416,0,0
0.00034469999999999998,56.735847916608272,-27.237602164812241,-27.237602164812241,0,0
0.00034479999999999998,56.713158115704339,-27.675242404462526,-27.675242404462526,0,0
0.00034489999999999998,56.690477388905826,-28.114266293380876,-28.114266293380876,0,0
0.00034499999999999998,56.667805732583815,-57.529368355148648,-57.529368355148648,0,0
0.00034509999999999999,56.645143143110843,-57.938618023301032,-57.938618023301032,0,0
0.00034519999999999999,56.622489616860896,-58.287682439650169,-58.287682439650169,0,0
0.00034529999999999999,56.599845150209411,-58.575829962530051,-58.575829962530051,0,0
0.00034539999999999999,56.577209739533266,-58.80245276150238,-58.80245276150238,0,0
0.0003455,56.554583381210804,-58.967068051054028,-58.967068051054028,0,0
0.0003456,56.531966071621802,-59.069319070167623,-59.069319070167623,0,0
0.0003457,56.509357807147495,-59.108975805777703,-59.108975805777703,0,0
0.0003458,56.486758584170559,-59.085935458645679,-59.085935458645679,0,0
0.00034590000000000001,56.464168399075113,-59.000222650709475,-59.000222650709475,0,0
0.00034600000000000001,56.441587248246734,-58.851989373490355,-58.851989373490355,0,0
0.00034610000000000001,56.419015128072431,-58.641514677664119,-58.641514677664119,0,0
0.00034619999999999996,56.396452034940673,-58.369204104431432,-58.369204104431432,0,0
0.00034629999999999996,56.373897965241362,-58.035588859845404,-58.035588859845404,0,0
0.00034639999999999996,56.351352915365844,-57.641324733777822,-57.641324733777822,0,0
0.00034649999999999997,56.328816881706913,-57.187190765723756,-57.187190765723756,0,0
0.00034659999999999997,56.306289860658801,-56.674087660159188,-56.674087660159188,0,0
0.00034669999999999997,56.283771848617185,-56.103035954674553,-56.103035954674553,0,0
0.00034679999999999997,56.261262841979189,-55.47517394461039,-55.47517394461039,0,0
0.00034689999999999998,56.238762837143369,-54.791755368415082,-54.791755368415082,0,0
0.00034699999999999998,56.216271830509719,-54.054146858431608,-54.054146858431608,0,0
0.00034709999999999998,56.193789818479679,-53.263825162296541,-53.263825162296541,0,0
0.00034719999999999998,56.171316797456136,-52.422374140600581,-52.422374140600581,0,0
0.00034729999999999999,56.148852763843401,-51.531481546914648,-51.531481546914648,0,0
0.00034739999999999999,56.126397714047222,-50.592935596727699,-50.592935596727699,0,0
0.00034749999999999999,56.103951644474797,-49.608621332271397,-49.608621332271397,0,0
0.00034759999999999999,56.08151455153476,-48.580516790621218,-48.580516790621218,0,0
0.00034769999999999999,56.059086431637169,-47.510688982863584,-47.510688982863584,0,0
0.0003478,56.036667281193523,-46.401289692502317,-46.401289692502317,0,0
0.0003479,56.014257096616767,-45.254551101644878,-45.254551101644878,0,0
0.000348,55.99185587432126,-44.072781253858778,-44.072781253858778,0,0
0.0003481,55.969463610722819,-42.858359362920467,-42.858359362920467,0,0
0.00034820000000000001,55.947080302238675,-41.613730976991917,-41.613730976991917,0,0
0.00034830000000000001,55.924705945287492,-40.341403008053845,-40.341403008053845,0,0
0.00034839999999999996,55.902340536289387,-39.043938636698215,-39.043938636698215,0,0
0.00034849999999999996,55.879984071665881,-37.72395210263582,-37.72395210263582,0,0
0.00034859999999999996,55.857636547839945,-36.384103391507018,-36.384103391507018,0,0
0.00034869999999999996,55.83529796123598,-35.027092828793926,-35.027092828793926,0,0
0.00034879999999999997,55.812968308279807,-33.655655591821443,-33.655655591821443,0,0
0.00034889999999999997,55.790647585398681,-32.272556151000529,-32.272556151000529,0,0
0.00034899999999999997,55.768335789021286,-30.880582651610922,-30.880582651610922,0,0
0.00034909999999999997,55.746032915577736,-29.482541247541239,-29.482541247541239,0,0
0.00034919999999999998,55.723738961499578,-28.081250398501602,-28.081250398501602,0,0
0.00034929999999999998,55.701453923219766,-26.679535142298477,-26.679535142298477,0,0
0.00034939999999999998,55.679177797172706,-25.280221353811566,-25.280221353811566,0,0
0.00034949999999999998,55.656910579794207,-23.886130002339605,-23.886130002339605,0,0
0.00034959999999999999,55.634652267521524,-22.500071418985222,-22.500071418985222,0,0
0.00034969999999999999,55.612402856793324,-21.12483958572815,-21.12483958572815,0,0
0.00034979999999999999,55.590162344049695,-19.763206457792286,-19.763206457792286,0,0
0.00034989999999999999,55.567930725732161,-18.417916330843894,-18.417916330843894,0,0
0.00035,55.54570799828366,0,0,0,0
0.0003501,55.528476662626638,0,0,101.24959045483473,101.24959045483473
0.0003502,55.521811835476804,0,0,210.83740961828028,210.83740961828028
0.0003503,55.526421673645238,0,0,326.31611602289291,326.31611602289291
0.00035040000000000001,55.54276365332079,0,0,445.13168845883217,445.13168845883217
0.00035050000000000001,55.571036306244729,0,0,564.66971949443746,564.66971949443746
0.00035060000000000001,55.611175649125201,0,0,682.30279745062046,682.30279745062046
0.00035069999999999996,55.662856370426027,0,0,795.43811848759083,795.43811848759083
0.00035079999999999996,55.725497752487513,0,0,901.56446639286628,901.56446639286628
0.00035089999999999996,55.798274221170416,0,0,998.29770921102102,998.29770921102102
0.00035099999999999997,55.880130331408687,0,0,1083.4239888171669,1083.4239888171669
0.00035109999999999997,55.96979991673286,0,0,1154.9398214176395,1154.9398214176395
0.00035119999999999997,56.06582905543592,0,0,1211.0883830024702,1211.0883830024702
0.00035129999999999997,56.166602436963409,0,0,1250.3913229582911,1250.3913229582911
0.00035139999999999998,56.27037265057028,0,0,1271.6755301227204,1271.6755301227204
0.00035149999999999998,56.37529186541105,0,0,1274.0943670522163,1274.0943670522163
0.00035159999999999998,56.479445327975704,0,0,1257.142988526514,1257.142988526514
0.00035169999999999998,56.58088606993207,0,0,1220.6674675072593,1220.6674675072593
0.00035179999999999999,56.677670197581463,0,0,1164.8675639639412,1164.8675639639412
0.00035189999999999999,56.767892123671515,0,0,1090.2930871439648,1090.2930871439648
0.00035199999999999999,56.849719103427532,0,0,997.83391790943449,997.83391790943449
0.00035209999999999999,56.921424449339234,0,0,888.70387258892447,888.70387258892447
0.0003522,56.981418823242542,0,0,764.41870131854603,764.41870131854603
0.0003523,57.02827903913051,0,0,626.76862005330179,626.76862005330179
0.0003524,57.060773855279528,0,0,477.78587439398387,477.78587439398387
0.0003525,57.077886288868555,0,0,319.70792330503366,319.70792330503366
0.00035260000000000001,57.078832049309341,0,0,154.93691006699638,154.93691006699638
0.00035270000000000001,57.06248829903501,-20.988627733587666,-20.988627733587666,0,0
0.00035280000000000001,57.039667868105859,-21.220227323244746,-21.220227323244746,0,0
0.00035289999999999996,57.016856563523682,-21.466662508105859,-21.466662508105859,0,0
0.00035299999999999996,56.994054381638676,-21.727409130692404,-21.727409130692404,0,0
0.00035309999999999996,56.971261318802497,-22.001913966003844,-22.001913966003844,0,0
0.00035319999999999997,56.948477371368249,-22.289595846112224,-22.289595846112224,0,0
0.00035329999999999997,56.925702535690505,-22.589846841527628,-22.589846841527628,0,0
0.00035339999999999997,56.902936808125283,-22.902033496933026,-22.902033496933026,0,0
0.00035349999999999997,56.880180185030078,-23.22549811877683,-23.22549811877683,0,0
0.00035359999999999998,56.85743266276382,-23.55956011210564,-23.55956011210564,0,0
0.00035369999999999998,56.834694237686911,-23.903517363920283,-23.903517363920283,0,0
0.00035379999999999998,56.811964906161201,-24.256647670243002,-24.256647670243002,0,0
0.00035389999999999998,56.789244664549997,-24.618210203995499,-24.618210203995499,0,0
0.00035399999999999999,56.766533509218057,-24.987447020704284,-24.987447020704284,0,0
0.00035409999999999999,56.7438314365316,-25.363584598972867,-25.363584598972867,0,0
0.00035419999999999999,56.721138442858297,-25.745835412590271,-25.745835412590271,0,0
0.00035429999999999999,56.698454524567268,-26.133399531080141,-26.133399531080141,0,0
0.00035439999999999999,56.67577967802908,-26.525466245438142,-26.525466245438142,0,0
0.0003545,56.653113899615761,-26.921215715753053,-26.921215715753053,0,0
0.0003546,56.630457185700791,-27.319820637363332,-27.319820637363332,0,0
0.0003547,56.60780953265909,-27.720447922162986,-27.720447922162986,0,0
0.0003548,56.585170936867037,-28.122260391639802,-28.122260391639802,0,0
0.00035490000000000001,56.56254139470245,-28.524418478205352,-28.524418478205352,0,0
0.00035500000000000001,56.539920902544608,-57.901691687456761,-57.901691687456761,0,0
0.00035509999999999996,56.517309456774228,-58.272226391085297,-58.272226391085297,0,0
0.00035519999999999996,56.494707053773489,-58.581768468824862,-58.581768468824862,0,0
0.00035529999999999996,56.472113689925997,-58.829666656666461,-58.829666656666461,0,0
0.00035539999999999997,56.449529361616811,-59.015394978203588,-59.015394978203588,0,0
0.00035549999999999997,56.426954065232444,-59.138553811970908,-59.138553811970908,0,0
0.00035559999999999997,56.404387797160851,-59.19887070199583,-59.19887070199583,0,0
0.00035569999999999997,56.381830553791424,-59.196200909919227,-59.196200909919227,0,0
0.00035579999999999997,56.359282331515004,-59.130527707566316,-59.130527707566316,0,0
0.00035589999999999998,56.336743126723881,-59.001962409376219,-59.001962409376219,0,0
0.00035599999999999998,56.314212935811781,-58.810744144627662,-58.810744144627662,0,0
0.00035609999999999998,56.291691755173865,-58.557239369926847,-58.557239369926847,0,0
0.00035619999999999998,56.26917958120675,-58.241941122951062,-58.241941122951062,0,0
0.00035629999999999999,56.246676410308488,-57.865468018968258,-57.865468018968258,0,0
0.00035639999999999999,56.224182238878576,-57.428562992174349,-57.428562992174349,0,0
0.00035649999999999999,56.201697063317944,-56.932091784409636,-56.932091784409636,0,0
0.00035659999999999999,56.179220880028957,-56.377041184328334,-56.377041184328334,0,0
0.0003567,56.156753685415431,-55.76451702060271,-55.76451702060271,0,0
0.0003568,56.134295475882617,-55.095741913242804,-55.095741913242804,0,0
0.0003569,56.1118462478372,-54.372052787604517,-54.372052787604517,0,0
0.000357,56.089405997687301,-53.594898156140857,-53.594898156140857,0,0
0.00035710000000000001,56.066974721842477,-52.765835173422985,-52.765835173422985,0,0
0.00035720000000000001,56.044552416713735,-51.886526470418787,-51.886526470418787,0,0
0.00035729999999999996,56.022139078713494,-50.958736774464541,-50.958736774464541,0,0
0.00035739999999999996,55.999734704255623,-49.98432932180144,-49.98432932180144,0,0
0.00035749999999999996,55.977339289755427,-48.965262069969583,-48.965262069969583,0,0
0.00035759999999999996,55.95495283162964,-47.903583717758934,-47.903583717758934,0,0
0.00035769999999999997,55.932575326296423,-46.801429540807774,-46.801429540807774,0,0
0.00035779999999999997,55.910206770175378,-45.661017051313706,-45.661017051313706,0,0
0.00035789999999999997,55.887847159687531,-44.484641490679238,-44.484641490679238,0,0
0.00035799999999999997,55.86549649125535,-43.27467116425408,-43.27467116425408,0,0
0.00035809999999999998,55.843154761302728,-42.033542627656274,-42.033542627656274,0,0
0.00035819999999999998,55.820821966254989,-40.76375573445641,-40.76375573445641,0,0
0.00035829999999999998,55.798498102538886,-39.467868555290401,-39.467868555290401,0,0
0.00035839999999999998,55.776183166582598,-38.148492178727579,-38.148492178727579,0,0
0.00035849999999999999,55.753877154815733,-36.808285404461159,-36.808285404461159,0,0
0.00035859999999999999,55.731580063669334,-35.449949339606533,-35.449949339606533,0,0
0.00035869999999999999,55.709291889575859,-34.076221909089895,-34.076221909089895,0,0
0.00035879999999999999,55.687012628969207,-32.689872291283969,-32.689872291283969,0,0
0.0003589,55.664742278284692,-31.293695290199523,-31.293695290199523,0,0
0.000359,55.642480833959063,-29.890505655669962,-29.890505655669962,0,0
0.0003591,55.62022829243049,-28.483132363072052,-28.483132363072052,0,0
0.0003592,55.597984650138557,-27.074412864207773,-27.074412864207773,0,0
0.00035930000000000001,55.57574990352429,-25.667187321030774,-25.667187321030774,0,0
0.00035940000000000001,55.553524049030123,-24.264292833935713,-24.264292833935713,0,0
0.00035950000000000001,55.531307083099925,-22.868557676339545,-22.868557676339545,0,0
0.00035959999999999996,55.509099002178978,-21.482795547270982,-21.482795547270982,0,0
0.00035969999999999996,55.486899802713992,-20.109799853647623,-20.109799853647623,0,0
0.00035979999999999996,55.464709481153093,-18.752338033859676,-18.752338033859676,0,0
0.00035989999999999997,55.442528033945827,-17.413145934195171,-17.413145934195171,0,0
0.00035999999999999997,55.420355457543167,0,0,0,0
0.00036009999999999997,55.403576226384523,0,0,109.26579287754217,109.26579287754217
0.00036019999999999997,55.39815508513427,0,0,226.65199993093651,226.65199993093651
0.00036029999999999998,55.404771026271895,0,0,349.57072332656344,349.57072332656344
0.00036039999999999998,55.423838625172102,0,0,475.33389562886458,475.33389562886458
0.00036049999999999998,55.455500555170559,0,0,601.20200048285119,601.20200048285119
0.00036059999999999998,55.49962503047405,0,0,724.43371959335377,724.43371959335377
0.00036069999999999999,55.55580822266522,0,0,842.33560665275161,842.33560665275161
0.00036079999999999999,55.623381606461685,0,0,952.31088848390755,952.31088848390755
0.00036089999999999999,55.701424101112067,0,0,1051.9065095766623,1051.9065095766623
0.00036099999999999999,55.788778786964698,0,0,1138.8575681144507,1138.8575681144507
0.0003611,55.884073893901316,0,0,1211.1283389324326,1211.1283389324326
0.0003612,55.985747680987565,0,0,1266.9491407606588,1266.9491407606588
0.0003613,56.092076756255253,0,0,1304.8483804621662,1304.8483804621662
0.0003614,56.201207323272904,0,0,1323.6791944100639,1323.6791944100639
0.0003615,56.311188788207666,0,0,1322.6402050745676,1322.6402050745676
0.00036160000000000001,56.420009118391746,0,0,1301.290017535656,1301.290017535656
0.00036170000000000001,56.525631311751695,0,0,1259.5551940669318,1259.5551940669318
0.00036179999999999996,56.626030316411445,0,0,1197.7315630960547,1197.7315630960547
0.00036189999999999996,56.71922973170183,0,0,1116.4788395960711,1116.4788395960711
0.00036199999999999996,56.803337625845245,0,0,1016.8086551126737,1016.8086551126737
0.00036209999999999997,56.876580821659445,0,0,900.06621499049368,900.06621499049368
0.00036219999999999997,56.937337029447264,0,0,767.90591576526083,767.90591576526083
0.00036229999999999997,56.984164245303283,0,0,622.26136504823319,622.26136504823319
0.00036239999999999997,57.015826882665777,0,0,465.31034756460798,465.31034756460798
0.00036249999999999998,57.031318164172944,0,0,299.43537248412883,299.43537248412883
0.00036259999999999998,57.029878368672634,0,0,127.18051714405746,127.18051714405746
0.00036269999999999998,57.009918285446474,-21.815481628733078,-21.815481628733078,0,0
0.00036279999999999998,56.987118878317716,-22.04422492162573,-22.04422492162573,0,0
0.00036289999999999998,56.964328589128101,-22.286075948399979,-22.286075948399979,0,0
0.00036299999999999999,56.941547414231181,-22.540519909763194,-22.540519909763194,0,0
0.00036309999999999999,56.918775349981964,-22.807016431057828,-22.807016431057828,0,0
0.00036319999999999999,56.896012392736928,-23.085000660699389,-23.085000660699389,0,0
0.00036329999999999999,56.873258538853996,-23.373884418342076,-23.373884418342076,0,0
0.0003634,56.850513784692552,-23.673057390438348,-23.673057390438348,0,0
0.0003635,56.827778126613431,-23.981888370762167,-23.981888370762167,0,0
0.0003636,56.805051560978931,-24.299726543374465,-24.299726543374465,0,0
0.0003637,56.782334084152808,-24.625902805423113,-24.625902805423113,0,0
0.00036380000000000001,56.759625692500258,-24.959731127088741,-24.959731127088741,0,0
0.00036390000000000001,56.736926382387942,-25.300509945912399,-25.300509945912399,0,0
0.00036399999999999996,56.714236150183964,-25.647523592671032,-25.647523592671032,0,0
0.00036409999999999996,56.691554992257892,-26.000043745902811,-26.000043745902811,0,0
0.00036419999999999996,56.668882904980741,-26.357330912126205,-26.357330912126205,0,0
0.00036429999999999996,56.646219884724978,-26.718635928744323,-26.718635928744323,0,0
0.00036439999999999997,56.623565927864512,-27.083201486580183,-27.083201486580183,0,0
0.00036449999999999997,56.600921030774714,-27.450263668948597,-27.450263668948597,0,0
0.00036459999999999997,56.578285189832407,-27.819053504136807,-27.819053504136807,0,0
0.00036469999999999997,56.555658401415847,-28.188798528138857,-28.188798528138857,0,0
0.00036479999999999998,56.533040661904757,-28.558724354467802,-28.558724354467802,0,0
0.00036489999999999998,56.51043196768029,-28.928056247855597,-28.928056247855597,0,0
0.00036499999999999998,56.487832315125061,-58.271630454740077,-58.271630454740077,0,0
0.00036509999999999998,56.465241700623118,-58.607661860522043,-58.607661860522043,0,0
0.00036519999999999999,56.442660120559971,-58.881966492260958,-58.881966492260958,0,0
0.00036529999999999999,56.420087571322561,-59.09396472431871,-59.09396472431871,0,0
0.00036539999999999999,56.397524049299285,-59.243203564105926,-59.243203564105926,0,0
0.00036549999999999999,56.374969550879975,-59.329357571089147,-59.329357571089147,0,0
0.0003656,56.352424072455918,-59.352229516580067,-59.352229516580067,0,0
0.0003657,56.329887610419831,-59.31175078296927,-59.31175078296927,0,0
0.0003658,56.307360161165882,-59.207981501596436,-59.207981501596436,0,0
0.0003659,56.284841721089677,-59.041110428979763,-59.041110428979763,0,0
0.00036600000000000001,56.262332286588268,-58.811454561659644,-58.811454561659644,0,0
0.00036610000000000001,56.239831854060142,-58.51945849044219,-58.51945849044219,0,0
0.00036619999999999996,56.217340419905234,-58.16569349535834,-58.16569349535834,0,0
0.00036629999999999996,56.194857980524915,-57.750856383180562,-57.750856383180562,0,0
0.00036639999999999996,56.172384532321992,-57.275768069863076,-57.275768069863076,0,0
0.00036649999999999996,56.149920071700713,-56.741371910789027,-56.741371910789027,0,0
0.00036659999999999997,56.127464595066769,-56.14873178222112,-56.14873178222112,0,0
0.00036669999999999997,56.10501809882728,-55.499029917857499,-55.499029917857499,0,0
0.00036679999999999997,56.082580579390807,-54.793564504892331,-54.793564504892331,0,0
0.00036689999999999997,56.060152033167341,-54.03374704446918,-54.03374704446918,0,0
0.00036699999999999998,56.037732456568321,-53.221099481894129,-53.221099481894129,0,0
0.00036709999999999998,56.015321846006614,-52.357251112443279,-52.357251112443279,0,0
0.00036719999999999998,55.992920197896524,-51.443935269055217,-51.443935269055217,0,0
0.00036729999999999998,55.970527508653781,-50.482985798642432,-50.482985798642432,0,0
0.00036739999999999999,55.948143774695559,-49.476333334184631,-49.476333334184631,0,0
0.00036749999999999999,55.92576899244046,-48.426001370182732,-48.426001370182732,0,0
0.00036759999999999999,55.903403158308521,-47.334102149450572,-47.334102149450572,0,0
0.00036769999999999999,55.881046268721207,-46.202832369605858,-46.202832369605858,0,0
0.0003678,55.858698320101418,-45.034468717987451,-45.034468717987451,0,0
0.0003679,55.836359308873476,-43.831363244074893,-43.831363244074893,0,0
0.000368,55.814029231463145,-42.595938578816174,-42.595938578816174,0,0
0.0003681,55.791708084297611,-41.330683010580685,-41.330683010580685,0,0
0.00036820000000000001,55.769395863805485,-40.038145427745604,-40.038145427745604,0,0
0.00036830000000000001,55.747092566416818,-38.720930138194845,-38.720930138194845,0,0
0.00036840000000000001,55.724798188563078,-37.381691576259605,-37.381691576259605,0,0
0.00036849999999999996,55.70251272667717,-36.023128907858421,-36.023128907858421,0,0
0.00036859999999999996,55.680236177193422,-34.647980544800987,-34.647980544800987,0,0
0.00036869999999999996,55.657968536547578,-33.25901857940493,-33.25901857940493,0,0
0.00036879999999999997,55.635709801176816,-31.859043150736031,-31.859043150736031,0,0
0.00036889999999999997,55.613459967519745,-30.450876753921658,-30.450876753921658,0,0
0.00036899999999999997,55.591219032016383,-29.037358504102354,-29.037358504102354,0,0
0.00036909999999999997,55.56898699110819,-27.621338366678842,-27.621338366678842,0,0
0.00036919999999999998,55.546763841238032,-26.205671365579853,-26.205671365579853,0,0
0.00036929999999999998,55.524549578850205,-24.79321178132086,-24.79321178132086,0,0
0.00036939999999999998,55.502344200390432,-23.386807350644283,-23.386807350644283,0,0
0.00036949999999999998,55.48014770230585,-21.98929347952846,-21.98929347952846,0,0
0.00036959999999999998,55.457960081045016,-20.603487481325296,-20.603487481325296,0,0
0.00036969999999999999,55.435781333057911,-19.232182851735416,-19.232182851735416,0,0
0.00036979999999999999,55.413611454795941,-17.878143592254446,-17.878143592254446,0,0
0.00036989999999999999,55.391450442711921,-16.544098593625613,-16.544098593625613,0,0
0.00036999999999999999,55.369298293260087,0,0,0,0
0.0003701,55.352887187599144,0,0,116.19981578733558,116.19981578733558
0.0003702,55.348518896401224,0,0,240.33149121551989,240.33149121551989
0.0003703,55.356847146997275,0,0,369.68507821316217,369.68507821316217
0.0003704,55.378249321181485,0,0,501.45610176517812,501.45610176517812
0.00037050000000000001,55.412819645592542,0,0,632.79638839864037,632.79638839864037
0.00037060000000000001,55.460367513685604,0,0,760.865680341798,760.865680341798
0.00037069999999999996,55.520420969099526,0,0,882.88310039317764,882.88310039317764
0.00037079999999999996,55.592235286733882,0,0,996.17753534889778,996.17753534889778
0.00037089999999999996,55.67480649552401,0,0,1098.2360255310193,1098.2360255310193
0.00037099999999999996,55.766889597412565,0,0,1186.7492841792553,1186.7492841792553
0.00037109999999999997,55.867021151983508,0,0,1259.6535225547482,1259.6535225547482
0.00037119999999999997,55.97354581718794,0,0,1315.1678236126452,1315.1678236126452
0.00037129999999999997,56.084646364982881,0,0,1351.8263878144585,1351.8263878144585
0.00037139999999999997,56.198376627818803,0,0,1368.5050676081603,1368.5050676081603
0.00037149999999999998,56.312696778888572,0,0,1364.4417106185258,1364.4417106185258
0.00037159999999999998,56.425510306847983,0,0,1339.2499437862664,1339.2499437862664
0.00037169999999999998,56.534702015099825,0,0,1292.9261495388162,1292.9261495388162
0.00037179999999999998,56.638176357252455,0,0,1225.8495084148947,1225.8495084148947
0.00037189999999999999,56.733895414353746,0,0,1138.7751081646495,1138.7751081646495
0.00037199999999999999,56.81991582606905,0,0,1032.8202449320643,1032.8202449320643
0.00037209999999999999,56.894424006997603,0,0,909.44416542173383,909.44416542173383
0.00037219999999999999,56.955769010459093,0,0,770.42161772509428,770.42161772509428
0.0003723,57.002492444765807,0,0,617.81069058097887,617.81069058097887
0.0003724,57.033354900451279,0,0,453.91552424228576,453.91552424228576
0.0003725,57.047358410184579,0,0,281.24456894278018,281.24456894278018
0.0003726,57.043764535012563,0,0,102.46514752557702,102.46514752557702
0.00037270000000000001,57.021604241556773,-22.556142763498688,-22.556142763498688,0,0
0.00037280000000000001,56.998800160980323,-22.783787404527974,-22.783787404527974,0,0
0.00037289999999999996,56.976005200212022,-23.0230487508538,-23.0230487508538,0,0
0.00037299999999999996,56.953219355604674,-23.273417279274231,-23.273417279274231,0,0
0.00037309999999999996,56.93044262351254,-23.534360910452261,-23.534360910452261,0,0
0.00037319999999999996,56.907675000291349,-23.805326090459463,-23.805326090459463,0,0
0.00037329999999999997,56.88491648229828,-24.085738915946411,-24.085738915946411,0,0
0.00037339999999999997,56.862167065891967,-24.375006300652668,-24.375006300652668,0,0
0.00037349999999999997,56.839426747432505,-24.672517180885354,-24.672517180885354,0,0
0.00037359999999999997,56.816695523281446,-24.977643757516237,-24.977643757516237,0,0
0.00037369999999999998,56.793973389801792,-25.28974277197258,-25.28974277197258,0,0
0.00037379999999999998,56.771260343358001,-25.608156813628835,-25.608156813628835,0,0
0.00037389999999999998,56.748556380315989,-25.932215655941437,-25.932215655941437,0,0
0.00037399999999999998,56.72586149704312,-26.261237618611478,-26.261237618611478,0,0
0.00037409999999999999,56.703175689908207,-26.5945309530067,-26.5945309530067,0,0
0.00037419999999999999,56.680498955281529,-26.931395248026977,-26.931395248026977,0,0
0.00037429999999999999,56.657831289534805,-27.271122853556317,-27.271122853556317,0,0
0.00037439999999999999,56.635172689041205,-27.613000318608297,-27.613000318608297,0,0
0.0003745,56.612523150175356,-27.956309841242362,-27.956309841242362,0,0
0.0003746,56.589882669313333,-28.300330727304203,-28.300330727304203,0,0
0.0003747,56.567251242832654,-28.64434085502587,-28.64434085502587,0,0
0.0003748,56.544628867112301,-28.987618142509103,-28.987618142509103,0,0
0.00037490000000000001,56.522015538532685,-29.329442015109823,-29.329442015109823,0,0
0.00037500000000000001,56.499411253475678,-58.644704625839253,-58.644704625839253,0,0
0.00037509999999999996,56.47681600832459,-58.951678398988335,-58.951678398988335,0,0
0.00037519999999999996,56.45422979946418,-59.196238415875129,-59.196238415875129,0,0
0.00037529999999999996,56.431652623280662,-59.377865500462136,-59.377865500462136,0,0
0.00037539999999999996,56.409084476161681,-59.496168382242175,-59.496168382242175,0,0
0.00037549999999999997,56.386525354496335,-59.550884489800595,-59.550884489800595,0,0
0.00037559999999999997,56.363975254675168,-59.541880482830194,-59.541880482830194,0,0
0.00037569999999999997,56.341434173090164,-59.469152521520954,-59.469152521520954,0,0
0.00037579999999999997,56.31890210613475,-59.332826272780167,-59.332826272780167,0,0
0.00037589999999999998,56.29637905020379,-59.133156653273772,-59.133156653273772,0,0
0.00037599999999999998,56.273865001693601,-58.870527309814051,-58.870527309814051,0,0
0.00037609999999999998,56.251359957001931,-58.545449838152933,-58.545449838152933,0,0
0.00037619999999999998,56.22886391252797,-58.158562741771775,-58.158562741771775,0,0
0.00037629999999999999,56.206376864672357,-57.710630132786392,-57.710630132786392,0,0
0.00037639999999999999,56.183898809837167,-57.2025401776107,-57.2025401776107,0,0
0.00037649999999999999,56.161429744425902,-56.635303290540676,-56.635303290540676,0,0
0.00037659999999999999,56.138969664843515,-56.010050078932679,-56.010050078932679,0,0
0.00037669999999999999,56.116518567496399,-55.328029044154704,-55.328029044154704,0,0
0.0003768,56.094076448792372,-54.590604042985987,-54.590604042985987,0,0
0.0003769,56.071643305140697,-53.799251514626249,-53.799251514626249,0,0
0.000377,56.049219132952068,-52.955557478953025,-52.955557478953025,0,0
0.0003771,56.026803928638621,-52.061214312129636,-52.061214312129636,0,0
0.00037720000000000001,56.004397688613921,-51.118017306119086,-51.118017306119086,0,0
0.00037730000000000001,55.982000409292972,-50.127861019098276,-50.127861019098276,0,0
0.00037739999999999996,55.959612087092211,-49.092735424191432,-49.092735424191432,0,0
0.00037749999999999996,55.937232718429499,-48.014721864351699,-48.014721864351699,0,0
0.00037759999999999996,55.914862299724142,-46.89598882161367,-46.89598882161367,0,0
0.00037769999999999997,55.892500827396873,-45.738787509316687,-45.738787509316687,0,0
0.00037779999999999997,55.870148297869854,-44.545447296258153,-44.545447296258153,0,0
0.00037789999999999997,55.847804707566681,-43.318370972078171,-43.318370972078171,0,0
0.00037799999999999997,55.82547005291238,-42.06002986349862,-42.06002986349862,0,0
0.00037809999999999997,55.80314433033341,-40.772958811343301,-40.772958811343301,0,0
0.00037819999999999998,55.780827536257654,-39.459751018548204,-39.459751018548204,0,0
0.00037829999999999998,55.75851966711442,-38.12305277963334,-38.12305277963334,0,0
0.00037839999999999998,55.736220719334455,-36.765558102347967,-36.765558102347967,0,0
0.00037849999999999998,55.713930689349922,-35.390003232420362,-35.390003232420362,0,0
0.00037859999999999999,55.691649573594418,-33.999161092539886,-33.999161092539886,0,0
0.00037869999999999999,55.669377368502964,-32.595835646873248,-32.595835646873248,0,0
0.00037879999999999999,55.647114070512004,-31.18285620256815,-31.18285620256815,0,0
0.00037889999999999999,55.624859676059415,-29.763071659825329,-29.763071659825329,0,0
0.000379,55.602614181584492,-28.339344722224467,-28.339344722224467,0,0
0.0003791,55.580377583527962,-26.914546079069915,-26.914546079069915,0,0
0.0003792,55.55814987833196,-25.491548571579123,-25.491548571579123,0,0
0.0003793,55.535931062440056,-24.073221354769167,-24.073221354769167,0,0
0.00037940000000000001,55.513721132297242,-22.662424066905405,-22.662424066905405,0,0
0.00037950000000000001,55.491520084349929,-21.262001018360877,-21.262001018360877,0,0
0.00037959999999999996,55.469327915045945,-19.87477541169531,-19.87477541169531,0,0
0.00037969999999999996,55.44714462083455,-18.50354360469921,-18.50354360469921,0,0
0.00037979999999999996,55.424970198166413,-17.151069428060797,-17.151069428060797,0,0
0.00037989999999999996,55.402804643493624,-15.820078569202742,-15.820078569202742,0,0
0.00037999999999999997,55.380647953269694,0,0,0,0
0.00038009999999999997,55.364522620218182,0,0,121.99079213290069,121.99079213290069
0.00038019999999999997,55.361012414805948,0,0,251.76496746005708,251.76496746005708
0.00038029999999999997,55.370750834194311,0,0,386.51003918489096,386.51003918489096
0.00038039999999999998,55.394084999089948,0,0,523.3235539883791,523.3235539883791
0.00038049999999999998,55.43106939361067,0,0,659.26569465950467,659.26569465950467
0.00038059999999999998,55.481464908414658,0,0,791.41255345927698,791.41255345927698
0.00038069999999999998,55.544743203816097,0,0,916.90911121571582,916.90911121571582
0.00038079999999999999,55.620096313248773,0,0,1033.0209625878233,1033.0209625878233
0.00038089999999999999,55.706451312531414,0,0,1137.1838507568325,1137.1838507568325
0.00038099999999999999,55.802489788652949,0,0,1227.0501145876042,1227.0501145876042
0.00038109999999999999,55.906671754894184,0,0,1300.5312073293776,1300.5312073293776
0.0003812,56.017263578607476,0,0,1355.8355171765313,1355.8355171765313
0.0003813,56.132369415345529,0,0,1391.5008051942675,1391.5008051942675
0.0003814,56.249965579578941,0,0,1406.4206736866811,1406.4206736866811
0.0003815,56.367937229117786,0,0,1399.8645862767942,1399.8645862767942
0.00038160000000000001,56.484116698516289,0,0,1371.4910778189605,1371.4910778189605
0.00038170000000000001,56.596322786948384,0,0,1321.353915656086,1321.353915656086
0.00038179999999999996,56.702400288833232,0,0,1249.9011014316688,1249.9011014316688
0.00038189999999999996,56.8002590511745,0,0,1157.9667323562874,1157.9667323562874
0.00038199999999999996,56.88791185023171,0,0,1046.755870160596,1046.755870160596
0.00038209999999999996,56.963510401607955,0,0,917.82269259961527,917.82269259961527
0.00038219999999999997,57.025378851725776,0,0,773.04232401276965,773.04232401276965
0.00038229999999999997,57.072044144356461,0,0,614.57685588807215,614.57685588807215
0.00038239999999999997,57.102262712538788,0,0,444.83617355503742,444.83617355503742
0.00038249999999999997,57.115043012843074,0,0,266.434299135336,266.434299135336
0.00038259999999999998,57.109663494298246,0,0,82.142042011507826,82.142042011507826
0.00038269999999999998,57.086327264237759,-23.196562637307789,-23.196562637307789,0,0
0.00038279999999999998,57.06349729962939,-23.423682744826447,-23.423682744826447,0,0
0.00038289999999999998,57.040676465180709,-23.661184934564897,-23.661184934564897,0,0
0.00038299999999999999,57.017864757240382,-23.90856324697987,-23.90856324697987,0,0
0.00038309999999999999,56.995062172158541,-24.165291668074307,-24.165291668074307,0,0
0.00038319999999999999,56.972268706286769,-24.430825198584817,-24.430825198584817,0,0
0.00038329999999999999,56.949484355978107,-24.70460096173716,-24.70460096173716,0,0
0.0003834,56.926709117587066,-24.986039347318329,-24.986039347318329,0,0
0.0003835,56.903942987469605,-25.274545189739758,-25.274545189739758,0,0
0.0003836,56.881185961983142,-25.569508977697165,-25.569508977697165,0,0
0.0003837,56.858438037486557,-25.870308092968617,-25.870308092968617,0,0
0.0003838,56.835699210340181,-26.176308075832754,-26.176308075832754,0,0
0.00038390000000000001,56.812969476905799,-26.486863914535544,-26.486863914535544,0,0
0.00038400000000000001,56.790248833546649,-26.801321356184719,-26.801321356184719,0,0
0.00038409999999999996,56.767537276627436,-27.119018236407765,-27.119018236407765,0,0
0.00038419999999999996,56.744834802514312,-27.439285825071114,-27.439285825071114,0,0
0.00038429999999999996,56.722141407574874,-27.761450185325582,-27.761450185325582,0,0
0.00038439999999999997,56.699457088178185,-28.084833543216238,-28.084833543216238,0,0
0.00038449999999999997,56.676781840694751,-28.40875566507307,-28.40875566507307,0,0
0.00038459999999999997,56.654115661496533,-28.732535239883486,-28.732535239883486,0,0
0.00038469999999999997,56.631458546956935,-29.055491263837265,-29.055491263837265,0,0
0.00038479999999999997,56.608810493450832,-29.376944424230391,-29.376944424230391,0,0
0.00038489999999999998,56.586171497354528,-29.696218479915284,-29.696218479915284,0,0
0.00038499999999999998,56.563541555045781,-58.988251391589969,-58.988251391589969,0,0
0.00038509999999999998,56.540920662903801,-59.271362772315811,-59.271362772315811,0,0
0.00038519999999999998,56.518308817309254,-59.491476177352766,-59.491476177352766,0,0
0.00038529999999999999,56.495706014644234,-59.648122091253981,-59.648122091253981,0,0
0.00038539999999999999,56.473112251292299,-59.740959989818791,-59.740959989818791,0,0
0.00038549999999999999,56.450527523638442,-59.769779030516887,-59.769779030516887,0,0
0.00038559999999999999,56.427951828069112,-59.734498479369691,-59.734498479369691,0,0
0.0003857,56.405385160972195,-59.635167873424678,-59.635167873424678,0,0
0.0003858,56.382827518737024,-59.471966918495653,-59.471966918495653,0,0
0.0003859,56.360278897754377,-59.245205122380028,-59.245205122380028,0,0
0.000386,56.337739294416473,-58.955321164301736,-58.955321164301736,0,0
0.00038610000000000001,56.315208705116973,-58.602882001864231,-58.602882001864231,0,0
0.00038620000000000001,56.292687126250989,-58.188581717331914,-58.188581717331914,0,0
0.00038629999999999996,56.270174554215068,-57.713240105587346,-57.713240105587346,0,0
0.00038639999999999996,56.24767098540719,-57.177801006637111,-57.177801006637111,0,0
0.00038649999999999996,56.225176416226795,-56.583330386058037,-56.583330386058037,0,0
0.00038659999999999996,56.202690843074741,-55.931014167287671,-55.931014167287671,0,0
0.00038669999999999997,56.180214262353346,-55.222155820167131,-55.222155820167131,0,0
0.00038679999999999997,56.157746670466352,-54.45817371063994,-54.45817371063994,0,0
0.00038689999999999997,56.135288063818948,-53.640598216995386,-53.640598216995386,0,0
0.00038699999999999997,56.112838438817747,-52.771068618519678,-52.771068618519678,0,0
0.00038709999999999998,56.090397791870821,-51.851329762880411,-51.851329762880411,0,0
0.00038719999999999998,56.067966119387663,-50.883228519019397,-50.883228519019397,0,0
0.00038729999999999998,56.0455434177792,-49.868710022764844,-49.868710022764844,0,0
0.00038739999999999998,56.023129683457803,-48.809813722794971,-48.809813722794971,0,0
0.00038749999999999999,56.000724912837278,-47.708669234990566,-47.708669234990566,0,0
0.00038759999999999999,55.978329102332857,-46.567492013603783,-46.567492013603783,0,0
0.00038769999999999999,55.955942248361211,-45.388578848041874,-45.388578848041874,0,0
0.00038779999999999999,55.933564347340443,-44.174303194419707,-44.174303194419707,0,0
0.0003879,55.911195395690093,-42.927110351369762,-42.927110351369762,0,0
0.000388,55.888835389831122,-41.649512489915296,-41.649512489915296,0,0
0.0003881,55.866484326185933,-40.344083547508433,-40.344083547508433,0,0
0.0003882,55.844142201178357,-39.013453996611041,-39.013453996611041,0,0
0.00038830000000000001,55.821809011233654,-37.660305498451009,-37.660305498451009,0,0
0.00038840000000000001,55.799484752778511,-36.287365452819756,-36.287365452819756,0,0
0.00038849999999999996,55.777169422241045,-34.897401454988028,-34.897401454988028,0,0
0.00038859999999999996,55.754863016050805,-33.493215671005395,-33.493215671005395,0,0
0.00038869999999999996,55.732565530638766,-32.077639142814917,-32.077639142814917,0,0
0.00038879999999999996,55.710276962437334,-30.653526034756784,-30.653526034756784,0,0
0.00038889999999999997,55.68799730788033,-29.22374783315345,-29.22374783315345,0,0
0.00038899999999999997,55.66572656340302,-27.791187510764619,-27.791187510764619,0,0
0.00038909999999999997,55.64346472544208,-26.358733667970888,-26.358733667970888,0,0
0.00038919999999999997,55.621211790435609,-24.929274662592711,-24.929274662592711,0,0
0.00038929999999999998,55.598967754823143,-23.505692740273815,-23.505692740273815,0,0
0.00038939999999999998,55.576732615045636,-22.090858177357191,-22.090858177357191,0,0
0.00038949999999999998,55.554506367545471,-20.687623448156032,-20.687623448156032,0,0
0.00038959999999999998,55.53228900876644,-19.298817428472471,-19.298817428472471,0,0
0.00038969999999999999,55.510080535153769,-17.927239647143075,-17.927239647143075,0,0
0.00038979999999999999,55.487880943154103,-16.575654597292232,-16.575654597292232,0,0
0.00038989999999999999,55.465690229215504,-15.24678611885324,-15.24678611885324,0,0
0.00038999999999999999,55.443508389787461,0,0,0,0
0.0003901,55.427587916185153,0,0,126.57893299355044,126.57893299355044
0.0003902,55.42473608673852,0,0,260.82491826076671,260.82491826076671
0.0003903,55.435570477768572,0,0,399.84376191857604,399.84376191857604
0.0003904,55.460414294222034,0,0,540.65490173248747,540.65490173248747
0.00039050000000000001,55.499290543842648,0,0,680.24542413044355,680.24542413044355
0.00039060000000000001,55.551921651502418,0,0,815.62466099708956,815.62466099708956
0.00039069999999999996,55.617734520054043,0,0,943.87837728537966,943.87837728537966
0.00039079999999999996,55.695870945413709,0,0,1062.221568007207,1062.221568007207
0.00039089999999999996,55.78520319661429,0,0,1168.0489084651572,1168.0489084651572
0.00039099999999999996,55.884354478038951,0,0,1258.9819442032435,1258.9819442032435
0.00039109999999999997,55.991723902648154,0,0,1332.9121663117041,1332.9121663117041
0.00039119999999999997,56.105515523349013,0,0,1388.0391923462564,1388.0391923462564
0.00039129999999999997,56.223770896203959,0,0,1422.903361862147,1422.903361862147
0.00039139999999999997,56.344404585264648,0,0,1436.4121568089838,1436.4121568089838
0.00039149999999999998,56.465241965603951,0,0,1427.8599689484236,1427.8599689484236
0.00039159999999999998,56.584058639565832,0,0,1396.9408570149765,1396.9408570149765
0.00039169999999999998,56.698620752111587,0,0,1343.7540633558694,1343.7540633558694
0.00039179999999999998,56.806725474937707,0,0,1268.8021909577253,1268.8021909577253
0.00039189999999999998,56.906240926067298,0,0,1172.9820747194331,1172.9820747194331
0.00039199999999999999,56.995144801925989,0,0,1057.56851315367,1057.56851315367
0.00039209999999999999,57.071561022316644,0,0,924.19115599743998,924.19115599743998
0.00039219999999999999,57.133793724778677,0,0,774.8049671431346,774.8049671431346
0.00039229999999999999,57.180357992904064,0,0,611.65479862186544,611.65479862186544
0.0003924,57.210006762409009,0,0,437.23471797419381,437.23471797419381
0.0003925,57.221753418055421,0,0,254.24282630009404,254.24282630009404
0.0003926,57.214889672622213,0,0,65.532385871477672,65.532385871477672
0.0003927,57.190980473988617,-23.718695143477031,-23.718695143477031,0,0
0.00039280000000000001,57.168108656467481,-23.946522773124233,-23.946522773124233,0,0
0.00039290000000000001,57.145245985843857,-24.18377628165327,-24.18377628165327,0,0
0.00039299999999999996,57.122392458459714,-24.429950184030528,-24.429950184030528,0,0
0.00039309999999999996,57.099548070658486,-24.684520882977242,-24.684520882977242,0,0
0.00039319999999999996,57.076712818785069,-24.946947733222085,-24.946947733222085,0,0
0.00039329999999999996,57.053886699185824,-25.216674140385042,-25.216674140385042,0,0
0.00039339999999999997,57.031069708208577,-25.493128692259045,-25.493128692259045,0,0
0.00039349999999999997,57.0082618422026,-25.77572632019017,-25.77572632019017,0,0
0.00039359999999999997,56.98546309751864,-26.063869488195696,-26.063869488195696,0,0
0.00039369999999999997,56.962673470508896,-26.356949407403388,-26.356949407403388,0,0
0.00039379999999999998,56.939892957527029,-26.654347273343678,-26.654347273343678,0,0
0.00039389999999999998,56.917121554928158,-26.955435523580075,-26.955435523580075,0,0
0.00039399999999999998,56.894359259068857,-27.25957911312182,-27.25957911312182,0,0
0.00039409999999999998,56.871606066307159,-27.566136805026868,-27.566136805026868,0,0
0.00039419999999999999,56.848861973002556,-27.874462473572112,-27.874462473572112,0,0
0.00039429999999999999,56.82612697551599,-28.183906417342516,-28.183906417342516,0,0
0.00039439999999999999,56.803401070209858,-28.493816679570688,-28.493816679570688,0,0
0.00039449999999999999,56.780684253448023,-28.803540373043543,-28.803540373043543,0,0
0.0003946,56.757976521595786,-29.112425006883644,-29.112425006883644,0,0
0.0003947,56.73527787101991,-29.419819812508965,-29.419819812508965,0,0
0.0003948,56.712588298088619,-29.725077066076455,-29.725077066076455,0,0
0.0003949,56.689907799171571,-30.027553404722116,-30.027553404722116,0,0
0.00039500000000000001,56.667236370639898,-59.302220890020351,-59.302220890020351,0,0
0.00039510000000000001,56.644574008866165,-59.567434389188207,-59.567434389188207,0,0
0.00039519999999999996,56.621920710224394,-59.76915379326428,-59.76915379326428,0,0
0.00039529999999999996,56.599276471090057,-59.906946930350017,-59.906946930350017,0,0
0.00039539999999999996,56.576641287840076,-59.980511551662104,-59.980511551662104,0,0
0.00039549999999999996,56.55401515685282,-59.989675944163366,-59.989675944163366,0,0
0.00039559999999999997,56.531398074508111,-59.934399277916171,-59.934399277916171,0,0
0.00039569999999999997,56.508790037187211,-59.814771687455831,-59.814771687455831,0,0
0.00039579999999999997,56.486191041272839,-59.631014087021569,-59.631014087021569,0,0
0.00039589999999999997,56.463601083149157,-59.383477720024146,-59.383477720024146,0,0
0.00039599999999999998,56.44102015920177,-59.072643443668696,-59.072643443668696,0,0
0.00039609999999999998,56.418448265817723,-58.699120750189863,-58.699120750189863,0,0
0.00039619999999999998,56.39588539938552,-58.263646526691389,-58.263646526691389,0,0
0.00039629999999999998,56.373331556295106,-57.767083556113676,-57.767083556113676,0,0
0.00039639999999999999,56.350786732937856,-57.210418762378623,-57.210418762378623,0,0
0.00039649999999999999,56.328250925706605,-56.594761203281067,-56.594761203281067,0,0
0.00039659999999999999,56.305724130995621,-55.921339815208796,-55.921339815208796,0,0
0.00039669999999999999,56.283206345200618,-55.191500914276915,-55.191500914276915,0,0
0.0003968,56.260697564718754,-54.406705458958101,-54.406705458958101,0,0
0.0003969,56.238197785948621,-53.568526079774045,-53.568526079774045,0,0
0.000397,56.215707005290248,-52.678643882087343,-52.678643882087343,0,0
0.0003971,56.19322521914512,-51.738845028493643,-51.738845028493643,0,0
0.00039720000000000001,56.170752423916149,-50.751017107762067,-50.751017107762067,0,0
0.00039730000000000001,56.148288616007683,-49.717145297705272,-49.717145297705272,0,0
0.00039739999999999996,56.125833791825514,-48.639308329779439,-48.639308329779439,0,0
0.00039749999999999996,56.103387947776874,-47.519674263617077,-47.519674263617077,0,0
0.00039759999999999996,56.080951080270424,-46.360496080082001,-46.360496080082001,0,0
0.00039769999999999996,56.058523185716268,-45.164107101804063,-45.164107101804063,0,0
0.00039779999999999997,56.036104260525939,-43.932916250502295,-43.932916250502295,0,0
0.00039789999999999997,56.013694301112409,-42.669403150735988,-42.669403150735988,0,0
0.00039799999999999997,55.991293303890089,-41.376113090035837,-41.376113090035837,0,0
0.00039809999999999997,55.968901265274816,-40.055651845658637,-40.055651845658637,0,0
0.00039819999999999998,55.946518181683864,-38.710680388479986,-38.710680388479986,0,0
0.00039829999999999998,55.92414404953594,-37.343909474789193,-37.343909474789193,0,0
0.00039839999999999998,55.901778865251188,-35.958094136977941,-35.958094136977941,0,0
0.00039849999999999998,55.879422625251173,-34.556028084319934,-34.556028084319934,0,0
0.00039859999999999999,55.857075325958895,-33.140538025220991,-33.140538025220991,0,0
0.00039869999999999999,55.83473696379879,-31.714477922478828,-31.714477922478828,0,0
0.00039879999999999999,55.812407535196719,-30.28072319322742,-30.28072319322742,0,0
0.00039889999999999999,55.790087036579969,-28.842164865353467,-28.842164865353467,0,0
0.00039899999999999999,55.767775464377266,-27.401703702260459,-27.401703702260459,0,0
0.0003991,55.745472815018758,-25.962244307920233,-25.962244307920233,0,0
0.0003992,55.723179084936021,-24.526689224191781,-24.526689224191781,0,0
0.0003993,55.700894270562053,-23.097933032402576,-23.097933032402576,0,0
0.0003994,55.678618368331286,-21.678856471178939,-21.678856471178939,0,0
0.00039950000000000001,55.656351374679581,-20.272320582478777,-20.272320582478777,0,0
0.00039959999999999996,55.634093286044212,-18.881160897722559,-18.881160897722559,0,0
0.00039969999999999996,55.611844098863891,-17.508181675836781,-17.508181675836781,0,0
0.00039979999999999996,55.58960380957874,-16.156150204918568,-16.156150204918568,0,0
0.00039989999999999996,55.56737241463032,-14.827791179100458,-14.827791179100458,0,0
0.00039999999999999996,55.545149910461603,0,0,0,0
0.00040009999999999997,55.529357410053649,0,0,129.94395822821588,129.94395822821588
0.00040019999999999997,55.526966552275823,0,0,267.47701040643045,267.47701040643045
0.00040029999999999997,55.538583944136768,0,0,409.64444634351088,409.64444634351088
0.00040039999999999997,55.564515892063092,0,0,553.40770377054309,553.40770377054309
0.00040049999999999998,55.604762882988148,0,0,695.69943564809603,695.69943564809603
0.00040059999999999998,55.659019607404787,0,0,833.47909253325633,833.47909253325633
0.00040069999999999998,55.726680523328696,0,0,963.78801319937838,963.78801319937838
0.00040079999999999998,55.806850859757866,0,0,1083.8030257237797,1083.8030257237797
0.00040089999999999999,55.898362859701386,0,0,1190.8875883524445,1190.8875883524445
0.00040099999999999999,55.999796967970802,0,0,1282.6395441233647,1282.6395441233647
0.00040109999999999999,56.109507579397857,0,0,1356.9346246702883,1356.9346246702883
0.00040119999999999999,56.225652880584917,0,0,1411.9649157216043,1411.9649157216043
0.0004013,56.346228244202578,0,0,1446.2715881566867,1446.2715881566867
0.0004014,56.469102570564964,0,0,1458.7713024280977,1458.7713024280977
0.0004015,56.592056917899001,0,0,1448.7758088183934,1448.7758088183934
0.0004016,56.712824721345221,0,0,1416.004389296857,1416.004389296857
0.00040170000000000001,56.829132872031309,0,0,1360.5889164400917,1360.5889164400917
0.00040180000000000001,56.93874291206496,0,0,1283.0714386310904,1283.0714386310904
0.00040189999999999996,57.039491599278115,0,0,1184.3943361311228,1184.3943361311228
0.00040199999999999996,57.129330107055694,0,0,1065.8832271752713,1065.8832271752713
0.00040209999999999996,57.206361149388229,0,0,929.22293453858765,929.22293453858765
0.00040219999999999996,57.268873358949008,0,0,776.42694867792454,776.42694867792454
0.00040229999999999997,57.315372295828496,0,0,609.80094129910117,609.80094129910117
0.00040239999999999997,57.344607525657729,0,0,431.90099089848309,431.90099089848309
0.00040249999999999997,57.355595277110915,0,0,245.48727753266493,245.48727753266493
0.00040259999999999997,57.347636268902782,0,0,53.474086047686299,53.474086047686299
0.00040269999999999998,57.323502189442152,-24.114560622170561,-24.114560622170561,0,0
0.00040279999999999998,57.300577373835161,-24.34348863420534,-24.34348863420534,0,0
0.00040289999999999998,57.277661726320673,-24.581170421424897,-24.581170421424897,0,0
0.00040299999999999998,57.254755243232182,-24.827099582826566,-24.827099582826566,0,0
0.00040309999999999999,57.231857920904652,-25.080752972881388,-25.080752972881388,0,0
0.00040319999999999999,57.208969755674509,-25.341591764851945,-25.341591764851945,0,0
0.00040329999999999999,57.186090743879653,-25.609062545964004,-25.609062545964004,0,0
0.00040339999999999999,57.163220881859438,-25.882598442206,-25.882598442206,0,0
0.0004035,57.140360165954689,-26.161620270470284,-26.161620270470284,0,0
0.0004036,57.117508592507683,-26.445537715694382,-26.445537715694382,0,0
0.0004037,57.094666157862179,-26.733750530609907,-26.733750530609907,0,0
0.0004038,57.071832858363379,-27.02564975566062,-27.02564975566062,0,0
0.00040390000000000001,57.049008690357958,-27.32061895661052,-27.32061895661052,0,0
0.00040400000000000001,57.026193650194053,-27.618035477326526,-27.618035477326526,0,0
0.00040409999999999996,57.003387734221249,-27.917271705189837,-27.917271705189837,0,0
0.00040419999999999996,56.980590938790606,-28.217696346564249,-28.217696346564249,0,0
0.00040429999999999996,56.957803260254636,-28.518675709729362,-28.518675709729362,0,0
0.00040439999999999996,56.935024694967304,-28.819574992671402,-28.819574992671402,0,0
0.00040449999999999997,56.91225523928405,-29.119759573114681,-29.119759573114681,0,0
0.00040459999999999997,56.889494889561753,-29.418596298172023,-29.418596298172023,0,0
0.00040469999999999997,56.86674364215876,-29.715454770993492,-29.715454770993492,0,0
0.00040479999999999997,56.844001493434874,-30.009708631798649,-30.009708631798649,0,0
0.00040489999999999998,56.821268439751343,-30.300736830689221,-30.300736830689221,0,0
0.00040499999999999998,56.798544477470884,-59.563534645753322,-59.563534645753322,0,0
0.00040509999999999998,56.775829602957664,-59.816481017078786,-59.816481017078786,0,0
0.00040519999999999998,56.7531238125773,-60.005560716001838,-60.005560716001838,0,0
0.00040529999999999999,56.730427102696872,-60.130367207777454,-60.130367207777454,0,0
0.00040539999999999999,56.707739469684896,-60.190624585523764,-60.190624585523764,0,0
0.00040549999999999999,56.685060909911357,-60.186188129313223,-60.186188129313223,0,0
0.00040559999999999999,56.662391419747685,-60.117044598663739,-60.117044598663739,0,0
0.0004057,56.639730995566765,-59.983312257838392,-59.983312257838392,0,0
0.0004058,56.617079633742925,-59.785240633905673,-59.785240633905673,0,0
0.0004059,56.594437330651942,-59.52321000805523,-59.52321000805523,0,0
0.000406,56.571804082671058,-59.197730641205965,-59.197730641205965,0,0
0.0004061,56.549179886178948,-58.809441735483588,-58.809441735483588,0,0
0.00040620000000000001,56.526564737555738,-58.359110133681085,-58.359110133681085,0,0
0.00040629999999999996,56.503958633183004,-57.847628759348382,-57.847628759348382,0,0
0.00040639999999999996,56.481361569443777,-57.276014800684308,-57.276014800684308,0,0
0.00040649999999999996,56.458773542722518,-56.645407641924535,-56.645407641924535,0,0
0.00040659999999999996,56.436194549405144,-55.9570665464325,-55.9570665464325,0,0
0.00040669999999999997,56.41362458587902,-55.212368096204472,-55.212368096204472,0,0
0.00040679999999999997,56.391063648532949,-54.412803392995173,-54.412803392995173,0,0
0.00040689999999999997,56.368511733757181,-53.559975026754785,-53.559975026754785,0,0
0.00040699999999999997,56.345968837943417,-52.655593817540492,-52.655593817540492,0,0
0.00040709999999999997,56.323434957484785,-51.701475337526531,-51.701475337526531,0,0
0.00040719999999999998,56.300910088775865,-50.699536220183219,-50.699536220183219,0,0
0.00040729999999999998,56.278394228212683,-49.651790264127925,-49.651790264127925,0,0
0.00040739999999999998,56.255887372192696,-48.560344339567962,-48.560344339567962,0,0
0.00040749999999999998,56.233389517114809,-47.427394105656845,-47.427394105656845,0,0
0.00040759999999999999,56.210900659379362,-46.255219547468947,-46.255219547468947,0,0
0.00040769999999999999,56.18842079538814,-45.046180341664645,-45.046180341664645,0,0
0.00040779999999999999,56.165949921544367,-43.802711060265565,-43.802711060265565,0,0
0.00040789999999999999,56.143488034252698,-42.527316222288661,-42.527316222288661,0,0
0.000408,56.121035129919235,-41.222565203297023,-41.222565203297023,0,0
0.0004081,56.098591204951518,-39.891087013213429,-39.891087013213429,0,0
0.0004082,56.076156255758512,-38.535564953011054,-38.535564953011054,0,0
0.0004083,56.053730278750628,-37.158731161140821,-37.158731161140821,0,0
0.00040840000000000001,56.031313270339702,-35.763361060779673,-35.763361060779673,0,0
0.00040849999999999995,56.008905226939021,-34.352267719184802,-34.352267719184802,0,0
0.00040859999999999996,55.986506144963293,-32.928296130617809,-32.928296130617809,0,0
0.00040869999999999996,55.964116020828669,-31.494317434457642,-31.494317434457642,0,0
0.00040879999999999996,55.941734850952727,-30.053223080252899,-30.053223080252899,0,0
0.00040889999999999996,55.919362631754481,-28.607918951571715,-28.607918951571715,0,0
0.00040899999999999997,55.89699935965438,-27.16131946059101,-27.16131946059101,0,0
0.00040909999999999997,55.874645031074294,-25.71634162542621,-25.71634162542621,0,0
0.00040919999999999997,55.852299642437529,-24.275899142237517,-24.275899142237517,0,0
0.00040929999999999997,55.829963190168826,-22.842896464159256,-22.842896464159256,0,0
0.00040939999999999998,55.807635670694353,-21.42022289908471,-21.42022289908471,0,0
0.00040949999999999998,55.785317080441708,-20.010746738300611,-20.010746738300611,0,0
0.00040959999999999998,55.763007415839915,-18.617309427902363,-18.617309427902363,0,0
0.00040969999999999998,55.74070667331943,-17.242719794834198,-17.242719794834198,0,0
0.00040979999999999999,55.718414849312126,-15.889748339287213,-15.889748339287213,0,0
0.00040989999999999999,55.69613194025132,-14.561121605053218,-14.561121605053218,0,0
0.00040999999999999999,55.673857942571743,0,0,0,0
0.00041009999999999999,55.658121566168084,0,0,132.09179726794028,132.09179726794028
0.0004102,55.655999569600567,0,0,271.72642948370515,271.72642948370515
0.0004103,55.668091879315909,0,0,415.90997141050235,415.90997141050235
0.0004104,55.69469427497495,0,0,561.56619922312325,561.56619922312325
0.0004105,55.735793061781735,0,0,705.59233984187472,705.59233984187472
0.00041060000000000001,55.791065350961205,0,0,844.91529475679602,844.91529475679602
0.00041070000000000001,55.859884942661594,0,0,976.54731992122856,976.54731992122856
0.00041079999999999996,55.941333704083355,0,0,1097.6401532626053,1097.6401532626053
0.00041089999999999996,56.034218236115059,0,0,1205.5366095917771,1205.5366095917771
0.00041099999999999996,56.137091525991281,0,0,1297.8187086768241,1297.8187086768241
0.00041109999999999996,56.248279193211467,0,0,1372.3514651481619,1372.3514651481619
0.00041119999999999997,56.365909852807619,0,0,1427.3215475776065,1427.3215475776065
0.00041129999999999997,56.487949045526591,0,0,1461.27010709807,1461.27010709807
0.00041139999999999997,56.612236119949344,0,0,1473.1191816161522,1473.1191816161522
0.00041149999999999997,56.736523398172295,0,0,1462.1911981013702,1462.1911981013702
0.00041159999999999998,56.858516915391128,0,0,1428.22122050302,1428.22122050302
0.00041169999999999998,56.975917995300719,0,0,1371.3617222823707,1371.3617222823707
0.00041179999999999998,57.086464908170875,0,0,1292.1797979726746,1292.1797979726746
0.00041189999999999998,57.187973857045826,0,0,1191.6468651389487,1191.6468651389487
0.00041199999999999999,57.278378549771901,0,0,1071.1210441227777,1071.1210441227777
0.00041209999999999999,57.355767640256694,0,0,932.32253556102717,932.32253556102717
0.00041219999999999999,57.41841936103954,0,0,777.30244245994732,777.30244245994732
0.00041229999999999999,57.464832720203439,0,0,608.40560229175912,608.40560229175912
0.0004124,57.493754697959396,0,0,428.22810301070706,428.22810301070706
0.0004125,57.50420295075569,0,0,239.57025309691019,239.57025309691019
0.0004126,57.495483612191734,0,0,45.385857987925007,45.385857987925007
0.0004127,57.471272052464805,-24.378098173288844,-24.378098173288844,0,0
0.00041280000000000001,57.448288140732622,-24.608877371724173,-24.608877371724173,0,0
0.00041290000000000001,57.42531342072666,-24.848021107096823,-24.848021107096823,0,0
0.00041299999999999996,57.402347888770969,-25.095019952205899,-25.095019952205899,0,0
0.00041309999999999996,57.379391541191062,-25.349348532530659,-25.349348532530659,0,0
0.00041319999999999996,57.356444374313924,-25.610466594068338,-25.610466594068338,0,0
0.00041329999999999996,57.333506384468009,-25.87782010139642,-25.87782010139642,0,0
0.00041339999999999997,57.310577567983238,-26.150842363727616,-26.150842363727616,0,0
0.00041349999999999997,57.287657921190998,-26.428955186668983,-26.428955186668983,0,0
0.00041359999999999997,57.264747440424152,-26.711570047344058,-26.711570047344058,0,0
0.00041369999999999997,57.241846122017016,-26.998089290489968,-26.998089290489968,0,0
0.00041379999999999998,57.218953962305385,-27.287907343098365,-27.287907343098365,0,0
0.00041389999999999998,57.196070957626503,-27.580411945131768,-27.580411945131768,0,0
0.00041399999999999998,57.173197104319101,-27.874985393814018,-27.874985393814018,0,0
0.00041409999999999998,57.150332398723357,-28.171005798966053,-28.171005798966053,0,0
0.00041419999999999998,57.127476837180922,-28.467848346835932,-28.467848346835932,0,0
0.00041429999999999999,57.104630416034901,-28.764886569854557,-28.764886569854557,0,0
0.00041439999999999999,57.081793131629865,-29.06149361973684,-29.06149361973684,0,0
0.00041449999999999999,57.058964980311856,-29.357043541340875,-29.357043541340875,0,0
0.00041459999999999999,57.036145958428364,-29.65091254469672,-29.65091254469672,0,0
0.0004147,57.013336062328342,-29.942480272619573,-29.942480272619573,0,0
0.0004148,56.990535288362217,-30.231131061331556,-30.231131061331556,0,0
0.0004149,56.967743632881856,-30.516255191530352,-30.516255191530352,0,0
0.000415,56.944961092240597,-59.772859883460015,-59.772859883460015,0,0
0.00041510000000000001,56.922187662793235,-60.019336606648494,-60.019336606648494,0,0
0.00041519999999999995,56.899423340896021,-60.201683223687112,-60.201683223687112,0,0
0.00041529999999999996,56.876668122906665,-60.319506826290677,-60.319506826290677,0,0
0.00041539999999999996,56.85392200518433,-60.372545641544036,-60.372545641544036,0,0
0.00041549999999999996,56.831184984089639,-60.360669562264547,-60.360669562264547,0,0
0.00041559999999999996,56.808457055984661,-60.283880409791834,-60.283880409791834,0,0
0.00041569999999999997,56.785738217232939,-60.142311928673976,-60.142311928673976,0,0
0.00041579999999999997,56.763028464199451,-59.936229513264152,-59.936229513264152,0,0
0.00041589999999999997,56.740327793250636,-59.666029666786727,-59.666029666786727,0,0
0.00041599999999999997,56.717636200754391,-59.332239193975184,-59.332239193975184,0,0
0.00041609999999999998,56.694953683080058,-58.93551412892603,-58.93551412892603,0,0
0.00041619999999999998,56.672280236598439,-58.476638400350339,-58.476638400350339,0,0
0.00041629999999999998,56.649615857681773,-57.956522236939065,-57.956522236939065,0,0
0.00041639999999999998,56.62696054270377,-57.376200316085303,-57.376200316085303,0,0
0.00041649999999999999,56.604314288039575,-56.736829659729196,-56.736829659729196,0,0
0.00041659999999999999,56.581677090065781,-56.039687281604188,-56.039687281604188,0,0
0.00041669999999999999,56.559048945160448,-55.286167590669166,-55.286167590669166,0,0
0.00041679999999999999,56.536429849703062,-54.477779556005842,-54.477779556005842,0,0
0.0004169,56.513819800074572,-53.6161436389458,-53.6161436389458,0,0
0.000417,56.491218792657371,-52.702988498664553,-52.702988498664553,0,0
0.0004171,56.468626823835301,-51.740147477939843,-51.740147477939843,0,0
0.0004172,56.446043889993639,-50.729554876218842,-50.729554876218842,0,0
0.00041730000000000001,56.423469987519127,-49.673242017570118,-49.673242017570118,0,0
0.00041739999999999995,56.400905112799933,-48.573333121513727,-48.573333121513727,0,0
0.00041749999999999996,56.378349262225676,-47.432040985122896,-47.432040985122896,0,0
0.00041759999999999996,56.355802432187417,-46.251662485174279,-46.251662485174279,0,0
0.00041769999999999996,56.333264619077667,-45.034573909489325,-45.034573909489325,0,0
0.00041779999999999996,56.310735819290379,-43.783226126956343,-43.783226126956343,0,0
0.00041789999999999997,56.288216029220941,-42.500139606050546,-42.500139606050546,0,0
0.00041799999999999997,56.26570524526619,-41.187899291977075,-41.187899291977075,0,0
0.00041809999999999997,56.243203463824401,-39.849149352849281,-39.849149352849281,0,0
0.00041819999999999997,56.22071068129528,-38.486587805580314,-38.486587805580314,0,0
0.00041829999999999998,56.198226894079987,-37.102961032410846,-37.102961032410846,0,0
0.00041839999999999998,56.175752098581121,-35.701058199217265,-35.701058199217265,0,0
0.00041849999999999998,56.153286291202711,-34.283705586944613,-34.283705586944613,0,0
0.00041859999999999998,56.130829468350228,-32.853760847684839,-32.853760847684839,0,0
0.00041869999999999999,56.108381626430578,-31.414107197073672,-31.414107197073672,0,0
0.00041879999999999999,56.08594276185211,-29.967647554809165,-29.967647554809165,0,0
0.00041889999999999999,56.063512871024599,-28.517298645199634,-28.517298645199634,0,0
0.00041899999999999999,56.041091950359267,-27.065985069730484,-27.065985069730484,0,0
0.0004191,56.018679996268766,-25.616633363695502,-25.616633363695502,0,0
0.0004192,55.996277005167187,-24.172166048970876,-24.172166048970876,0,0
0.0004193,55.973882973470047,-22.735495695017597,-22.735495695017597,0,0
0.0004194,55.951497897594301,-21.309519000181318,-21.309519000181318,0,0
0.00041950000000000001,55.929121773958343,-19.897110905317014,-19.897110905317014,0,0
0.00041960000000000001,55.906754598981983,-18.501118751700229,-18.501118751700229,0,0
0.00041969999999999996,55.884396369086481,-17.124356495096503,-17.124356495096503,0,0
0.00041979999999999996,55.862047080694516,-15.769598987746068,-15.769598987746068,0,0
0.00041989999999999996,55.839706730230205,-14.439576339883143,-14.439576339883143,0,0
0.00041999999999999996,55.81737531411909,0,0,0,0
0.00042009999999999997,55.801631215595819,0,0,133.08486481109929,133.08486481109929
0.00042019999999999997,55.79960030729184,0,0,273.69977824221758,273.69977824221758
0.00042029999999999997,55.811880245552445,0,0,418.83183623461832,418.83183623461832
0.00042039999999999997,55.838762669399557,0,0,565.38641396395587,565.38641396395587
0.00042049999999999998,55.880227948154555,0,0,710.24324845530964,710.24324845530964
0.00042059999999999998,55.935945569723152,0,0,850.31297914770482,850.31297914770482
0.00042069999999999998,56.005280161862309,0,0,982.59312225205645,982.59312225205645
0.00042079999999999998,56.087303036721124,0,0,1104.2224651194088,1104.2224651194088
0.00042089999999999999,56.180809048918888,0,0,1212.5328955704392,1212.5328955704392
0.00042099999999999999,56.284338461204719,0,0,1305.097727709905,1305.097727709905
0.00042109999999999999,56.396203421077558,0,0,1379.7756493154295,1379.7756493154295
0.00042119999999999999,56.514518568273409,0,0,1434.749495295446,1434.749495295446
0.00042129999999999999,56.637235218260713,0,0,1468.5591455162014,1468.5591455162014
0.0004214,56.762178502176944,0,0,1480.1279518017257,1480.1279518017257
0.0004215,56.887086790161376,0,0,1468.78221618309,1468.78221618309
0.0004216,57.009652683757416,0,0,1434.2633683887402,1434.2633683887402
0.0004217,57.127564834719678,0,0,1376.7326228445352,1376.7326228445352
0.00042180000000000001,57.238549832677684,0,0,1296.768031693744,1296.768031693744
0.00042189999999999996,57.340413402947327,0,0,1195.3539880854707,1195.3539880854707
0.00042199999999999996,57.431080168363593,0,0,1073.8633707198319,1073.8633707198319
0.00042209999999999996,57.508631255102671,0,0,934.03265390306308,934.03265390306308
0.00042219999999999996,57.571339061595182,0,0,777.93043474221679,777.93043474221679
0.00042229999999999996,57.617698561094635,0,0,607.91994829075247,607.91994829075247
0.00042239999999999997,57.646454571321648,0,0,426.61625028536588,426.61625028536588
0.00042249999999999997,57.656624497717075,0,0,236.83884362085107,236.83884362085107
0.00042259999999999997,57.647516138878238,0,0,41.560607147046753,41.560607147046753
0.00042269999999999997,57.62326091530624,-24.51309493523976,-24.51309493523976,0,0
0.00042279999999999998,57.600216220186404,-24.74586257716371,-24.74586257716371,0,0
0.00042289999999999998,57.577180741101287,-24.986870738561802,-24.986870738561802,0,0
0.00042299999999999998,57.554154474365212,-25.235606143185738,-25.235606143185738,0,0
0.00042309999999999998,57.531137416293973,-25.491539827384717,-25.491539827384717,0,0
0.00042319999999999999,57.508129563204847,-25.754128215233703,-25.754128215233703,0,0
0.00042329999999999999,57.485130911416576,-26.0228142233432,-26.0228142233432,0,0
0.00042339999999999999,57.462141457249373,-26.297028393104785,-26.297028393104785,0,0
0.00042349999999999999,57.439161197024923,-26.576190048071492,-26.576190048071492,0,0
0.0004236,57.416190127066386,-26.859708474120399,-26.859708474120399,0,0
0.0004237,57.393228243698395,-27.14698411999915,-27.14698411999915,0,0
0.0004238,57.370275543247047,-27.437409815816213,-27.437409815816213,0,0
0.0004239,57.347332022039907,-27.730372006998738,-27.730372006998738,0,0
0.00042400000000000001,57.324397676406008,-28.025252001209974,-28.025252001209974,0,0
0.00042409999999999995,57.301472502675864,-28.321427225692307,-28.321427225692307,0,0
0.00042419999999999996,57.278556497181441,-28.61827249248061,-28.61827249248061,0,0
0.00042429999999999996,57.255649656256182,-28.915161268914698,-28.915161268914698,0,0
0.00042439999999999996,57.232751976234987,-29.211466950868921,-29.211466950868921,0,0
0.00042449999999999996,57.209863453454233,-29.506564136111475,-29.506564136111475,0,0
0.00042459999999999997,57.186984084251748,-29.799829895205708,-29.799829895205708,0,0
0.00042469999999999997,57.164113864966843,-30.090645037370887,-30.090645037370887,0,0
0.00042479999999999997,57.141252791940275,-30.37839536872983,-30.37839536872983,0,0
0.00042489999999999997,57.118400861514274,-30.662472940386802,-30.662472940386802,0,0
0.00042499999999999998,57.095558070032538,-59.917887039896897,-59.917887039896897,0,0
0.00042509999999999998,57.072724413840213,-60.163031496798794,-60.163031496798794,0,0
0.00042519999999999998,57.049899889283914,-60.343906821594743,-60.343906821594743,0,0
0.00042529999999999998,57.027084492711722,-60.460123036426168,-60.460123036426168,0,0
0.00042539999999999999,57.004278220473168,-60.511421575361638,-60.511421575361638,0,0
0.00042549999999999999,56.981481068919251,-60.497675808238867,-60.497675808238867,0,0
0.00042559999999999999,56.95869303440243,-60.418891296385311,-60.418891296385311,0,0
0.00042569999999999999,56.935914113276617,-60.275205779700798,-60.275205779700798,0,0
0.0004258,56.913144301897184,-60.06688889513191,-60.06688889513191,0,0
0.0004259,56.890383596620957,-59.794341627113354,-59.794341627113354,0,0
0.000426,56.867631993806228,-59.458095491096515,-59.458095491096515,0,0
0.0004261,56.844889489812736,-59.058811451827395,-59.058811451827395,0,0
0.00042620000000000001,56.822156081001687,-58.597278578575882,-58.597278578575882,0,0
0.00042629999999999995,56.799431763735733,-58.074412440051702,-58.074412440051702,0,0
0.00042639999999999996,56.776716534378984,-57.491253242272762,-57.491253242272762,0,0
0.00042649999999999996,56.754010389297001,-56.848963713172409,-56.848963713172409,0,0
0.00042659999999999996,56.731313324856799,-56.148826738248189,-56.148826738248189,0,0
0.00042669999999999996,56.708625337426852,-55.39224275205946,-55.39224275205946,0,0
0.00042679999999999997,56.685946423377075,-54.580726890877955,-54.580726890877955,0,0
0.00042689999999999997,56.663276579078847,-53.715905912280263,-53.715905912280263,0,0
0.00042699999999999997,56.640615800904996,-52.799514887945406,-52.799514887945406,0,0
0.00042709999999999997,56.617964085229794,-51.83339367638041,-51.83339367638041,0,0
0.00042719999999999998,56.595321428428967,-50.819483182745159,-50.819483182745159,0,0
0.00042729999999999998,56.572687826879687,-49.759821413379427,-49.759821413379427,0,0
0.00042739999999999998,56.550063276960579,-48.656539333052564,-48.656539333052564,0,0
0.00042749999999999998,56.527447775051719,-47.511856533356919,-47.511856533356919,0,0
0.00042759999999999999,56.50484131753462,-46.328076721049911,-46.328076721049911,0,0
0.00042769999999999999,56.482243900792255,-45.107583035515304,-45.107583035515304,0,0
0.00042779999999999999,56.459655521209037,-43.852833204861554,-43.852833204861554,0,0
0.00042789999999999999,56.437076175170823,-42.566354550502652,-42.566354550502652,0,0
0.000428,56.414505859064917,-41.250738850374916,-41.250738850374916,0,0
0.0004281,56.391944569280064,-39.908637071230302,-39.908637071230302,0,0
0.0004282,56.369392302206464,-38.542753980712462,-38.542753980712462,0,0
0.0004283,56.346849054235754,-37.15584265016642,-37.15584265016642,0,0
0.0004284,56.324314821761014,-35.750698859354152,-35.750698859354152,0,0
0.00042850000000000001,56.301789601176765,-34.330155414447987,-34.330155414447987,0,0
0.00042859999999999996,56.27927338887897,-32.897076390849534,-32.897076390849534,0,0
0.00042869999999999996,56.256766181265036,-31.454351312534637,-31.454351312534637,0,0
0.00042879999999999996,56.234267974733811,-30.004889279753641,-30.004889279753641,0,0
0.00042889999999999996,56.211778765685587,-28.5516130570211,-28.5516130570211,0,0
0.00042899999999999997,56.189298550522082,-27.097453133409523,-27.097453133409523,0,0
0.00042909999999999997,56.166827325646466,-25.645341767218028,-25.645341767218028,0,0
0.00042919999999999997,56.144365087463342,-24.198207027118244,-24.198207027118244,0,0
0.00042929999999999997,56.12191183237875,-22.758966841886895,-22.758966841886895,0,0
0.00042939999999999997,56.099467556800171,-21.330523070816888,-21.330523070816888,0,0
0.00042949999999999998,56.077032257136523,-19.915755606856507,-19.915755606856507,0,0
0.00042959999999999998,56.054605929798157,-18.517516524459772,-18.517516524459772,0,0
0.00042969999999999998,56.032188571196855,-17.138624284039853,-17.138624284039853,0,0
0.00042979999999999998,56.009780177745846,-15.781858004802437,-15.781858004802437,0,0
0.00042989999999999999,55.987380745859788,-14.449951817596691,-14.449951817596691,0,0
0.00042999999999999999,55.964990271954768,0,0,0,0
0.00043009999999999999,55.949183874966472,0,0,133.02185039957672,133.02185039957672
0.00043019999999999999,55.947085074489337,0,0,273.58734995996525,273.58734995996525
0.0004303,55.959292875063745,0,0,418.68327738698383,418.68327738698383
0.0004304,55.986100219555226,0,0,565.21445002497512,565.21445002497512
0.0004305,56.027488713213799,0,0,710.05981665821844,710.05981665821844
0.0004306,56.083128989633735,0,0,850.12901243397755,850.12901243397755
0.00043070000000000001,56.152386711337876,0,0,982.41835149056919,982.41835149056919
0.00043079999999999995,56.234334095652827,0,0,1104.0652431759502,1104.0652431759502
0.00043089999999999996,56.327766756476144,0,0,1212.400046411612,1212.400046411612
0.00043099999999999996,56.431225556275095,0,0,1304.9944232716539,1304.9944232716539
0.00043109999999999996,56.543023071942748,0,0,1379.7053163632195,1379.7053163632195
0.00043119999999999996,56.6612741946131,0,0,1434.7137539596336,1434.7137539596336
0.00043129999999999997,56.783930308714652,0,0,1468.5577806122151,1468.5577806122151
0.00043139999999999997,56.908816430775602,0,0,1480.1589174507269,1480.1589174507269
0.00043149999999999997,57.033670634955598,0,0,1468.841673645559,1468.841673645559
0.00043159999999999997,57.156185050937431,0,0,1434.3457564218643,1434.3457564218643
0.00043169999999999998,57.274047691413934,0,0,1376.830759305258,1376.830759305258
0.00043179999999999998,57.384984351464297,0,0,1296.8732445435367,1296.8732445435367
0.00043189999999999998,57.486799820898625,0,0,1195.4562734205495,1195.4562734205495
0.00043199999999999998,57.577417663180491,0,0,1073.9515749613113,1073.9515749613113
0.00043209999999999999,57.654917840585831,0,0,934.09467684426011,934.09467684426011
0.00043219999999999999,57.717571504349486,0,0,777.95344977291677,777.95344977291677
0.00043229999999999999,57.763872319978546,0,0,607.89063580754635,607.89063580754635
0.00043239999999999999,57.79256376074099,0,0,426.52104005878817,426.52104005878817
0.0004325,57.802661875430587,0,0,236.66416172829665,236.66416172829665
0.0004326,57.7934731185385,0,0,41.293122998250269,41.293122998250269
0.0004327,57.769161235732426,-24.527584666484575,-24.527584666484575,0,0
0.0004328,57.746058192154891,-24.76265370372386,-24.76265370372386,0,0
0.00043290000000000001,57.722964387946789,-25.006077308745791,-25.006077308745791,0,0
0.00043299999999999995,57.699879819413113,-25.257337236066792,-25.257337236066792,0,0
0.00043309999999999996,57.676804482860334,-25.515899331218538,-25.515899331218538,0,0
0.00043319999999999996,57.653738374596394,-25.781214616427544,-25.781214616427544,0,0
0.00043329999999999996,57.630681490930712,-26.052720406404863,-26.052720406404863,0,0
0.00043339999999999996,57.607633828174194,-26.329841451978179,-26.329841451978179,0,0
0.00043349999999999997,57.584595382639215,-26.611991109241682,-26.611991109241682,0,0
0.00043359999999999997,57.561566150639614,-26.898572531847787,-26.898572531847787,0,0
0.00043369999999999997,57.538546128490722,-27.188979884017247,-27.188979884017247,0,0
0.00043379999999999997,57.515535312509336,-27.482599571802535,-27.482599571802535,0,0
0.00043389999999999998,57.49253369901372,-27.778811490102054,-27.778811490102054,0,0
0.00043399999999999998,57.469541284323618,-28.076990282890865,-28.076990282890865,0,0
0.00043409999999999998,57.446558064760247,-28.376506614106791,-28.376506614106791,0,0
0.00043419999999999998,57.42358403664629,-28.676728446609143,-28.676728446609143,0,0
0.00043429999999999999,57.400619196305897,-28.977022326610804,-28.977022326610804,0,0
0.00043439999999999999,57.377663540064702,-29.27675467097362,-29.27675467097362,0,0
0.00043449999999999999,57.35471706424979,-29.575293054750826,-29.575293054750826,0,0
0.00043459999999999999,57.331779765189737,-29.872007496360286,-29.872007496360286,0,0
0.0004347,57.308851639214566,-30.166271737776587,-30.166271737776587,0,0
0.0004348,57.285932682655776,-30.457464517140767,-30.457464517140767,0,0
0.0004349,57.26302289184634,-30.74497083120146,-30.74497083120146,0,0
0.000435,57.240122263120689,-60.00379294111967,-60.00379294111967,0,0
0.0004351,57.217230792814725,-60.252317692280045,-60.252317692280045,0,0
0.00043519999999999995,57.194348477265805,-60.436538667463182,-60.436538667463182,0,0
0.00043529999999999996,57.171475312812767,-60.556059031598892,-60.556059031598892,0,0
0.00043539999999999996,57.148611295795902,-60.610613445988207,-60.610613445988207,0,0
0.00043549999999999996,57.125756422556968,-60.600068605907751,-60.600068605907751,0,0
0.00043559999999999996,57.102910689439177,-60.524423509892898,-60.524423509892898,0,0
0.00043569999999999997,57.080074092787221,-60.383809460155774,-60.383809460155774,0,0
0.00043579999999999997,57.05724662894724,-60.178489794140404,-60.178489794140404,0,0
0.00043589999999999997,57.034428294266846,-59.908859347764192,-59.908859347764192,0,0
0.00043599999999999997,57.011619085095099,-59.575443651439201,-59.575443651439201,0,0
0.00043609999999999998,56.988818997782523,-59.178897860510887,-59.178897860510887,0,0
0.00043619999999999998,56.966028028681109,-58.720005422290669,-58.720005422290669,0,0
0.00043629999999999998,56.943246174144306,-58.199676482394523,-58.199676482394523,0,0
0.00043639999999999998,56.920473430527011,-57.618946033629314,-57.618946033629314,0,0
0.00043649999999999998,56.897709794185587,-56.978971811191713,-56.978971811191713,0,0
0.00043659999999999999,56.874955261477851,-56.281031938460259,-56.281031938460259,0,0
0.00043669999999999999,56.85220982876308,-55.526522328167644,-55.526522328167644,0,0
0.00043679999999999999,56.829473492402002,-54.716953844237224,-54.716953844237224,0,0
0.00043689999999999999,56.806746248756802,-53.853949230054837,-53.853949230054837,0,0
0.000437,56.784028094191122,-52.939239809420457,-52.939239809420457,0,0
0.0004371,56.761319025070058,-51.97466196688697,-51.97466196688697,0,0
0.0004372,56.738619037760159,-50.962153414641307,-50.962153414641307,0,0
0.0004373,56.715928128629429,-49.903749253516636,-49.903749253516636,0,0
0.00043740000000000001,56.69324629404732,-48.801577836142982,-48.801577836142982,0,0
0.00043749999999999995,56.670573530384736,-47.657856440645432,-47.657856440645432,0,0
0.00043759999999999996,56.647909834014044,-46.474886763683827,-46.474886763683827,0,0
0.00043769999999999996,56.625255201309045,-45.255050241995249,-45.255050241995249,0,0
0.00043779999999999996,56.602609628644998,-44.000803211948593,-44.000803211948593,0,0
0.00043789999999999996,56.579973112398612,-42.714671916949868,-42.714671916949868,0,0
0.00043799999999999997,56.557345648948044,-41.39924737284592,-41.39924737284592,0,0
0.00043809999999999997,56.5347272346729,-40.057180101762427,-40.057180101762427,0,0
0.00043819999999999997,56.512117865954231,-38.691174745079792,-38.691174745079792,0,0
0.00043829999999999997,56.489517539174543,-37.303984566495373,-37.303984566495373,0,0
0.00043839999999999998,56.466926250717783,-35.898405856344361,-35.898405856344361,0,0
0.00043849999999999998,56.444343996969344,-34.477272248551714,-34.477272248551714,0,0
0.00043859999999999998,56.421770774316066,-33.043448961765023,-33.043448961765023,0,0
0.00043869999999999998,56.399206579146231,-31.599826976372455,-31.599826976372455,0,0
0.00043879999999999999,56.376651407849572,-30.149317159239384,-30.149317159239384,0,0
0.00043889999999999999,56.354105256817256,-28.694844348104368,-28.694844348104368,0,0
0.00043899999999999999,56.331568122441901,-27.239341407655964,-27.239341407655964,0,0
0.00043909999999999999,56.309040001117566,-25.785743269370059,-25.785743269370059,0,0
0.0004392,56.286520889239753,-24.336980967219798,-24.336980967219798,0,0
0.0004393,56.2640107832054,-22.895975681378623,-22.895975681378623,0,0
0.0004394,56.241509679412893,-21.465632802020469,-21.465632802020469,0,0
0.0004395,56.219017574262054,-20.048836025280252,-20.048836025280252,0,0
0.00043960000000000001,56.196534464154148,-18.648441493372175,-18.648441493372175,0,0
0.00043969999999999995,56.174060345491874,-17.267271990773537,-17.267271990773537,0,0
0.00043979999999999996,56.151595214679375,-15.908111208267801,-15.908111208267801,0,0
0.00043989999999999996,56.129139068122228,-14.573698086502294,-14.573698086502294,0,0
0.00043999999999999996,56.106691902227453,0,0,0,0
0.00044009999999999996,56.090780194129579,0,0,132.05387968512213,132.05387968512213
0.00044019999999999997,56.088481116165461,0,0,271.68948362436436,271.68948362436436
0.00044029999999999997,56.100398310336111,0,0,415.9093078071993,415.9093078071993
0.00044039999999999997,56.126830880010033,0,0,561.63291029754998,561.63291029754998
0.00044049999999999997,56.167768002228506,0,0,705.75273720391306,705.75273720391306
0.00044059999999999998,56.222889156366946,0,0,845.19043332295496,845.19043332295496
0.00044069999999999998,56.29156996436619,0,0,976.95261746194308,976.95261746194308
0.00044079999999999998,56.372893536107242,0,0,1098.1851122584064,1098.1851122584064
0.00044089999999999998,56.465667113802141,0,0,1206.2246464244608,1206.2246464244608
0.00044099999999999999,56.568443713317492,0,0,1298.6470932370305,1298.6470932370305
0.00044109999999999999,56.679548369873906,0,0,1373.3113719404812,1373.3113719404812
0.00044119999999999999,56.797108512211729,0,0,1428.3982173846709,1428.3982173846709
0.00044129999999999999,56.91908791459015,0,0,1462.4431162626734,1462.4431162626734
0.0004414,57.043323611245704,0,0,1474.3628140515082,1474.3628140515082
0.0004415,57.167565104348292,0,0,1463.4749132794966,1463.4749132794966
0.0004416,57.289515155028113,0,0,1429.5102089335744,1429.5102089335744
0.0004417,57.406871418454564,0,0,1372.6175384105416,1372.6175384105416
0.00044180000000000001,57.517368168744532,0,0,1293.3610590236094,1293.3610590236094
0.00044189999999999995,57.618817357937068,0,0,1192.7100032430415,1192.7100032430415
0.00044199999999999996,57.709148265419643,0,0,1072.0210980925176,1072.0210980925176
0.00044209999999999996,57.786445019807118,0,0,933.0139679734724,933.0139679734724
0.00044219999999999996,57.848981313892473,0,0,777.73996724216988,777.73996724216988
0.00044229999999999996,57.895251684207039,0,0,608.54500781805928,608.54500781805928
0.00044239999999999997,57.923998789024346,0,0,428.02705580340222,428.02705580340222
0.00044249999999999997,57.934236191185285,0,0,238.98906757552501,238.98906757552501
0.00044259999999999997,57.925266233598855,0,0,44.388218328227239,44.388218328227239
0.00044269999999999997,57.90088485626179,-24.437799663545274,-24.437799663545274,0,0
0.00044279999999999998,57.877729133772526,-24.675039751643961,-24.675039751643961,0,0
0.00044289999999999998,57.854582671720046,-24.920946225608009,-24.920946225608009,0,0
0.00044299999999999998,57.831445466400922,-25.174995737046313,-25.174995737046313,0,0
0.00044309999999999998,57.808317514113192,-25.436648405371198,-25.436648405371198,0,0
0.00044319999999999999,57.785198811156391,-25.705348915122034,-25.705348915122034,0,0
0.00044329999999999999,57.76208935383152,-25.98052764464158,-25.98052764464158,0,0
0.00044339999999999999,57.73898913844107,-26.261601823811208,-26.261601823811208,0,0
0.00044349999999999999,57.715898161289005,-26.547976718491686,-26.547976718491686,0,0
0.00044359999999999999,57.692816418680771,-26.83904683926254,-26.83904683926254,0,0
0.0004437,57.669743906923287,-27.134197172003002,-27.134197172003002,0,0
0.0004438,57.646680622324951,-27.432804427813824,-27.432804427813824,0,0
0.0004439,57.623626561195636,-27.734238309739492,-27.734238309739492,0,0
0.000444,57.600581719846694,-28.037862793716553,-28.037862793716553,0,0
0.00044410000000000001,57.57754609459095,-28.34303742114469,-28.34303742114469,0,0
0.00044419999999999996,57.554519681742704,-28.6491186004538,-28.6491186004538,0,0
0.00044429999999999996,57.531502477617728,-28.955460915021849,-28.955460915021849,0,0
0.00044439999999999996,57.508494478533272,-29.261418434785643,-29.261418434785643,0,0
0.00044449999999999996,57.485495680808057,-29.566346028878957,-29.566346028878957,0,0
0.00044459999999999996,57.462506080762275,-29.869600676630544,-29.869600676630544,0,0
0.00044469999999999997,57.439525674717586,-30.170542774258013,-30.170542774258013,0,0
0.00044479999999999997,57.416554458997126,-30.468537434601895,-30.468537434601895,0,0
0.00044489999999999997,57.393592429925505,-30.762955777259112,-30.762955777259112,0,0
0.00044499999999999997,57.37063958382879,-60.028785962591414,-60.028785962591414,0,0
0.00044509999999999998,57.347695917034535,-60.284400540194554,-60.284400540194554,0,0
0.00044519999999999998,57.324761425871749,-60.475778631124342,-60.475778631124342,0,0
0.00044529999999999998,57.301836106670912,-60.602508802040433,-60.602508802040433,0,0
0.00044539999999999998,57.278919955763975,-60.664311009096153,-60.664311009096153,0,0
0.00044549999999999999,57.256012969484352,-60.661037165427445,-60.661037165427445,0,0
0.00044559999999999999,57.233115144166931,-60.592671440476607,-60.592671440476607,0,0
0.00044569999999999999,57.210226476148051,-60.459330290546021,-60.459330290546021,0,0
0.00044579999999999999,57.187346961765527,-60.261262220522937,-60.261262220522937,0,0
0.0004459,57.164476597358643,-59.998847277262726,-59.998847277262726,0,0
0.000446,57.141615379268138,-59.672596275663679,-59.672596275663679,0,0
0.0004461,57.118763303836211,-59.283149759008978,-59.283149759008978,0,0
0.0004462,57.095920367406535,-58.831276695692196,-58.831276695692196,0,0
0.00044630000000000001,57.073086566324243,-58.317872914977755,-58.317872914977755,0,0
0.00044639999999999995,57.050261896935922,-57.743959284978416,-57.743959284978416,0,0
0.00044649999999999996,57.027446355589625,-57.110679636555602,-57.110679636555602,0,0
0.00044659999999999996,57.004639938634867,-56.419298437364631,-56.419298437364631,0,0
0.00044669999999999996,56.98184264242262,-55.671198220774528,-55.671198220774528,0,0
0.00044679999999999996,56.959054463305321,-54.867876774890405,-54.867876774890405,0,0
0.00044689999999999997,56.936275397636855,-54.010944097393562,-54.010944097393562,0,0
0.00044699999999999997,56.913505441772571,-53.102119122390619,-53.102119122390619,0,0
0.00044709999999999997,56.890744592069282,-52.143226225925815,-52.143226225925815,0,0
0.00044719999999999997,56.867992844885251,-51.136191517260585,-51.136191517260585,0,0
0.00044729999999999998,56.845250196580196,-50.083038923460052,-50.083038923460052,0,0
0.00044739999999999998,56.822516643515293,-48.98588607524519,-48.98588607524519,0,0
0.00044749999999999998,56.799792182053174,-47.846940002474241,-47.846940002474241,0,0
0.00044759999999999998,56.777076808557922,-46.668492648002783,-46.668492648002783,0,0
0.00044769999999999999,56.754370519395081,-45.452916209041433,-45.452916209041433,0,0
0.00044779999999999999,56.731673310931647,-44.202658315480477,-44.202658315480477,0,0
0.00044789999999999999,56.708985179536064,-42.920237054981591,-42.920237054981591,0,0
0.00044799999999999999,56.686306121578234,-41.608235854948617,-41.608235854948617,0,0
0.0004481,56.663636133429499,-40.269298231779686,-40.269298231779686,0,0
0.0004482,56.640975211462667,-38.906122418072655,-38.906122418072655,0,0
0.0004483,56.618323352051988,-37.521455878703875,-37.521455878703875,0,0
0.0004484,56.595680551573167,-36.118089726925682,-36.118089726925682,0,0
0.00044850000000000001,56.573046806403354,-34.698853051831449,-34.698853051831449,0,0
0.00044859999999999995,56.550422112921154,-33.26660716871659,-33.26660716871659,0,0
0.00044869999999999996,56.527806467506615,-31.82423980402088,-31.82423980402088,0,0
0.00044879999999999996,56.505199866541226,-30.374659226669792,-30.374659226669792,0,0
0.00044889999999999996,56.482602306407941,-28.920788337741815,-28.920788337741815,0,0
0.00044899999999999996,56.460013783491142,-27.465558730472871,-27.465558730472871,0,0
0.00044909999999999997,56.437434294176668,-26.011904732669286,-26.011904732669286,0,0
0.00044919999999999997,56.414863834851801,-24.562757443636343,-24.562757443636343,0,0
0.00044929999999999997,56.392302401905269,-23.121038777740385,-23.121038777740385,0,0
0.00044939999999999997,56.36974999172724,-21.689655526708844,-21.689655526708844,0,0
0.00044949999999999998,56.347206600709335,-20.271493452734397,-20.271493452734397,0,0
0.00044959999999999998,56.324672225244605,-18.869411424386573,-18.869411424386573,0,0
0.00044969999999999998,56.30214686172755,-17.486235607247153,-17.486235607247153,0,0
0.00044979999999999998,56.279630506554113,-16.124753721074217,-16.124753721074217,0,0
0.00044989999999999999,56.257123156121679,-14.787709375164463,-14.787709375164463,0,0
0.00044999999999999999,56.234624806829068,0,0,0,0
0.00045009999999999999,56.218576970012982,0,0,130.36102222534262,130.36102222534262
0.00045019999999999999,56.215975062504057,0,0,268.35858813213298,268.35858813213298
0.00045029999999999999,56.22742971851644,0,0,411.02388140638305,411.02388140638305
0.0004504,56.253249827444364,0,0,555.30363131909075,555.30363131909075
0.0004505,56.293436968571108,0,0,698.11544677067729,698.11544677067729
0.0004506,56.347685414772151,0,0,836.40367144313154,836.40367144313154
0.0004507,56.415387704506365,0,0,967.1947483112242,967.1947483112242
0.00045079999999999995,56.495645680532263,0,0,1087.6510907669694,1087.6510907669694
0.00045089999999999996,56.587286794780788,0,0,1195.1224847757292,1195.1224847757292
0.00045099999999999996,56.688885383454583,0,0,1287.1940913138853,1287.1940913138853
0.00045109999999999996,56.798788526433277,0,0,1361.7301800227988,1361.7301800227988
0.00045119999999999996,56.915146022074438,0,0,1416.9128024326176,1416.9128024326176
0.00045129999999999997,57.035943934012167,0,0,1451.2747048583249,1451.2747048583249
0.00045139999999999997,57.159041101919442,0,0,1463.7258854857721,1463.7258854857721
0.00045149999999999997,57.282207954584116,0,0,1453.5733153546178,1453.5733153546178
0.00045159999999999997,57.403166922023409,0,0,1420.5334668204707,1420.5334668204707
0.00045169999999999997,57.519633714479006,0,0,1364.7374233954122,1364.7374233954122
0.00045179999999999998,57.62935872051748,0,0,1286.7284792632915,1286.7284792632915
0.00045189999999999998,57.730167774388882,0,0,1187.4522728090201,1187.4522728090201
0.00045199999999999998,57.820001554306671,0,0,1068.2396337252105,1068.2396337252105
0.00045209999999999998,57.896952898194378,0,0,930.78245521575388,930.78245521575388
0.00045219999999999999,57.959301361246517,0,0,777.10302911458746,777.10302911458746
0.00045229999999999999,58.005544389686683,0,0,609.51740009200989,609.51740009200989
0.00045239999999999999,58.03442454646737,0,0,430.593403387656,430.593403387656
0.00045249999999999999,58.044952296230392,0,0,243.10414672879446,243.10414672879446
0.0004526,58.036423937337347,0,0,49.977779523550524,49.977779523550524
0.0004527,58.011995720430697,-24.263364854362731,-24.263364854362731,0,0
0.0004528,57.988795562483453,-24.502733872105832,-24.502733872105832,0,0
0.0004529,57.965604682743624,-24.751232264701333,-24.751232264701333,0,0
0.00045300000000000001,57.942423077500663,-25.008331365773547,-25.008331365773547,0,0
0.00045309999999999995,57.919250743045517,-25.273485046770748,-25.273485046770748,0,0
0.00045319999999999996,57.896087675670614,-25.546130826996961,-25.546130826996961,0,0
0.00045329999999999996,57.872933871669865,-25.825691016860457,-25.825691016860457,0,0
0.00045339999999999996,57.849789327338655,-26.111573892015304,-26.111573892015304,0,0
0.00045349999999999996,57.826654038973864,-26.403174896009457,-26.403174896009457,0,0
0.00045359999999999997,57.80352800287384,-26.699877868995163,-26.699877868995163,0,0
0.00045369999999999997,57.780411215338425,-27.001056300004404,-27.001056300004404,0,0
0.00045379999999999997,57.757303672668925,-27.30607460024417,-27.30607460024417,0,0
0.00045389999999999997,57.734205371168137,-27.614289394823917,-27.614289394823917,0,0
0.00045399999999999998,57.71111630714033,-27.92505083028983,-27.92505083028983,0,0
0.00045409999999999998,57.688036476891256,-28.237703895308687,-28.237703895308687,0,0
0.00045419999999999998,57.664965876728139,-28.551589751817229,-28.551589751817229,0,0
0.00045429999999999998,57.64190450295969,-28.866047073931927,-28.866047073931927,0,0
0.00045439999999999999,57.618852351896081,-29.180413391897954,-29.180413391897954,0,0
0.00045449999999999999,57.595809419848969,-29.494026438346399,-29.494026438346399,0,0
0.00045459999999999999,57.572775703131491,-29.806225494123776,-29.806225494123776,0,0
0.00045469999999999999,57.549751198058246,-30.116352730958834,-30.116352730958834,0,0
0.0004548,57.526735900945319,-30.423754548238332,-30.423754548238332,0,0
0.0004549,57.503729808110258,-30.727782901175122,-30.727782901175122,0,0
0.000455,57.480732915872089,-60.003406373767362,-60.003406373767362,0,0
0.0004551,57.45774522055131,-60.268977567054975,-60.268977567054975,0,0
0.00045520000000000001,57.434766718469888,-60.470455321889048,-60.470455321889048,0,0
0.00045529999999999995,57.411797405951262,-60.607407634292343,-60.607407634292343,0,0
0.00045539999999999996,57.388837279320342,-60.679533641155501,-60.679533641155501,0,0
0.00045549999999999996,57.365886334903507,-60.686664230037209,-60.686664230037209,0,0
0.00045559999999999996,57.34294456902861,-60.628762381217896,-60.628762381217896,0,0
0.00045569999999999996,57.320011978024965,-60.505923241315216,-60.505923241315216,0,0
0.00045579999999999997,57.297088558223365,-60.318373928315083,-60.318373928315083,0,0
0.00045589999999999997,57.274174305956052,-60.066473068417636,-60.066473068417636,0,0
0.00045599999999999997,57.251269217556754,-59.750710065642565,-59.750710065642565,0,0
0.00045609999999999997,57.228373289360654,-59.371704105681474,-59.371704105681474,0,0
0.00045619999999999998,57.205486517704401,-58.930202896024838,-58.930202896024838,0,0
0.00045629999999999998,57.182608898926112,-58.427081144926859,-58.427081144926859,0,0
0.00045639999999999998,57.159740429365371,-57.863338782302634,-57.863338782302634,0,0
0.00045649999999999998,57.136881105363216,-57.240098926176103,-57.240098926176103,0,0
0.00045659999999999999,57.114030923262163,-56.558605598814339,-56.558605598814339,0,0
0.00045669999999999999,57.09118987940618,-55.82022119719251,-55.82022119719251,0,0
0.00045679999999999999,57.068357970140696,-55.026423722932947,-55.026423722932947,0,0
0.00045689999999999999,57.045535191812611,-54.178803777350325,-54.178803777350325,0,0
0.000457,57.022721540770277,-53.279061327712611,-53.279061327712611,0,0
0.0004571,56.999917013363515,-52.329002251291826,-52.329002251291826,0,0
0.0004572,56.977121605943594,-51.330534664230498,-51.330534664230498,0,0
0.0004573,56.954335314863251,-50.285665042686873,-50.285665042686873,0,0
0.0004574,56.931558136476681,-49.196494144143642,-49.196494144143642,0,0
0.00045749999999999995,56.908790067139535,-48.065212737171379,-48.065212737171379,0,0
0.00045759999999999996,56.886031103208921,-46.894097148326836,-46.894097148326836,0,0
0.00045769999999999996,56.863281241043403,-45.685504635237599,-45.685504635237599,0,0
0.00045779999999999996,56.840540477003003,-44.441868595278152,-44.441868595278152,0,0
0.00045789999999999996,56.817808807449204,-43.165693619575762,-43.165693619575762,0,0
0.00045799999999999997,56.795086228744935,-41.859550402399449,-41.859550402399449,0,0
0.00045809999999999997,56.772372737254585,-40.526070516278594,-40.526070516278594,0,0
0.00045819999999999997,56.74966832934399,-39.167941063470664,-39.167941063470664,0,0
0.00045829999999999997,56.726973001380451,-37.787899214648682,-37.787899214648682,0,0
0.00045839999999999998,56.704286749732709,-36.388726645908065,-36.388726645908065,0,0
0.00045849999999999998,56.681609570770974,-34.973243885399057,-34.973243885399057,0,0
0.00045859999999999998,56.658941460866892,-33.544304581074257,-33.544304581074257,0,0
0.00045869999999999998,56.636282416393563,-32.104789701201327,-32.104789701201327,0,0
0.00045879999999999998,56.613632433725542,-30.657601679426993,-30.657601679426993,0,0
0.00045889999999999999,56.590991509238826,-29.20565851629129,-29.20565851629129,0,0
0.00045899999999999999,56.568359639310877,-27.751887849179298,-27.751887849179298,0,0
0.00045909999999999999,56.545736820320592,-26.299221002761506,-26.299221002761506,0,0
0.00045919999999999999,56.523123048648316,-24.850587032013628,-24.850587032013628,0,0
0.0004593,56.500518320675852,-23.408906769921387,-23.408906769921387,0,0
0.0004594,56.477922632786438,-21.977086891966355,-21.977086891966355,0,0
0.0004595,56.455335981364762,-20.558014009454563,-20.558014009454563,0,0
0.0004596,56.432758362796967,-19.154548803690798,-19.154548803690798,0,0
0.00045969999999999995,56.410189773470627,-17.769520212918422,-17.769520212918422,0,0
0.00045979999999999995,56.387630209774777,-16.40571968383729,-16.40571968383729,0,0
0.00045989999999999996,56.365079668099874,-15.065895499380579,-15.065895499380579,0,0
0.00045999999999999996,56.342538144837839,0,0,0,0
0.00046009999999999996,56.326336399766973,0,0,128.15369055748866,128.15369055748866
0.00046019999999999996,56.323363003846055,0,0,264.01132989213198,264.01132989213198
0.00046029999999999997,56.334237328566992,0,0,404.64206628055581,404.64206628055581
0.00046039999999999997,56.359280702733209,0,0,547.02867981360009,547.02867981360009
0.00046049999999999997,56.398510621377696,0,0,688.12226371837608,688.12226371837608
0.00046059999999999997,56.451640460738766,0,0,824.89747334901142,824.89747334901142
0.00046069999999999998,56.518084703824314,0,0,954.40734207133278,954.40734207133278
0.00046079999999999998,56.596969581282899,0,0,1073.8366712261727,1073.8366712261727
0.00046089999999999998,56.6871489342251,0,0,1180.5530272970959,1180.5530272970959
0.00046099999999999998,56.787225011076892,0,0,1272.154422859169,1272.154422859169
0.00046109999999999999,56.895573821211073,0,0,1346.5128180569554,1346.5128180569554
0.00046119999999999999,57.010374585610407,0,0,1401.8126551603898,1401.8126551603898
0.00046129999999999999,57.129642750660267,0,0,1436.5837288018586,1436.5837288018586
0.00046139999999999999,57.251265966691889,0,0,1449.7277971738888,1449.7277971738888
0.0004615,57.373042379266195,0,0,1440.5384529031655,1440.5384529031655
0.0004616,57.49272053937262,0,0,1408.7138944572648,1408.7138944572648
0.0004617,57.608040209474169,0,0,1354.3623675722174,1354.3623675722174
0.0004618,57.716773326186193,0,0,1278.000178981205,1278.000178981205
0.00046190000000000001,57.816764377624303,0,0,1180.5423192716096,1180.5423192716096
0.00046199999999999995,57.905969464143375,0,0,1063.2858655621028,1063.2858655621028
0.00046209999999999996,57.982493335120928,0,0,927.88646544888911,927.88646544888911
0.00046219999999999996,58.044623731178433,0,0,776.32832895260037,776.32832895260037
0.00046229999999999996,58.090862410116515,0,0,610.88827273609274,610.88827273609274
0.00046239999999999996,58.119952294978312,0,0,434.09446853047916,434.09446853047916
0.00046249999999999997,58.130900252958156,0,0,248.68064355311307,248.68064355311307
0.00046259999999999997,58.122995093066308,0,0,57.536562992257174,57.536562992257174
0.00046269999999999997,58.098586509967966,-24.028541895955602,-24.028541895955602,0,0
0.00046279999999999997,58.075351722631247,-24.269701474518232,-24.269701474518232,0,0
0.00046289999999999998,58.052126227350925,-24.520551920932053,-24.520551920932053,0,0
0.00046299999999999998,58.028910020410926,-24.78055974704068,-24.78055974704068,0,0
0.00046309999999999998,58.005703098096653,-25.049172871337465,-25.049172871337465,0,0
0.00046319999999999998,57.982505456694994,-25.325821741108552,-25.325821741108552,0,0
0.00046329999999999999,57.959317092494338,-25.609920490066468,-25.609920490066468,0,0
0.00046339999999999999,57.936138001784535,-25.900868129121488,-25.900868129121488,0,0
0.00046349999999999999,57.912968180856936,-26.198049767870511,-26.198049767870511,0,0
0.00046359999999999999,57.889807626004369,-26.500837864320811,-26.500837864320811,0,0
0.0004637,57.866656333521149,-26.808593500308529,-26.808593500308529,0,0
0.0004638,57.843514299703067,-27.120667680020009,-27.120667680020009,0,0
0.0004639,57.820381520847398,-27.436402648976642,-27.436402648976642,0,0
0.000464,57.797257993252892,-27.755133230802667,-27.755133230802667,0,0
0.00046410000000000001,57.774143713219786,-28.076188179059212,-28.076188179059212,0,0
0.00046419999999999995,57.751038677049799,-28.39889154139723,-28.39889154139723,0,0
0.00046429999999999996,57.727942881046125,-28.722564033256948,-28.722564033256948,0,0
0.00046439999999999996,57.704856321513432,-29.046524418322104,-29.046524418322104,0,0
0.00046449999999999996,57.681778994757877,-29.370090892923795,-29.370090892923795,0,0
0.00046459999999999996,57.658710897087083,-29.692582471580248,-29.692582471580248,0,0
0.00046469999999999997,57.635652024810156,-30.013320370857084,-30.013320370857084,0,0
0.00046479999999999997,57.612602374237674,-30.33162938873576,-30.33162938873576,0,0
0.00046489999999999997,57.589561941681694,-30.646839276687178,-30.646839276687178,0,0
0.00046499999999999997,57.566530723455749,-59.933895857759808,-59.933895857759808,0,0
0.00046509999999999998,57.543508715874843,-60.211128461096976,-60.211128461096976,0,0
0.00046519999999999998,57.520495915255452,-60.424472192004757,-60.424472192004757,0,0
0.00046529999999999998,57.497492317915537,-60.573470895552632,-60.573470895552632,0,0
0.00046539999999999998,57.474497920174514,-60.65779919135349,-60.65779919135349,0,0
0.00046549999999999998,57.451512718353278,-60.677263133191332,-60.677263133191332,0,0
0.00046559999999999999,57.428536708774203,-60.631800601545152,-60.631800601545152,0,0
0.00046569999999999999,57.405569887761125,-60.521481428214543,-60.521481428214543,0,0
0.00046579999999999999,57.382612251639351,-60.346507252797224,-60.346507252797224,0,0
0.00046589999999999999,57.35966379673566,-60.107211111313191,-60.107211111313191,0,0
0.000466,57.336724519378294,-59.804056757814934,-59.804056757814934,0,0
0.0004661,57.313794415896972,-59.437637720365387,-59.437637720365387,0,0
0.0004662,57.290873482622878,-59.008676093305453,-59.008676093305453,0,0
0.0004663,57.267961715888667,-58.518021068268482,-58.518021068268482,0,0
0.00046639999999999995,57.24505911202845,-57.966647206930205,-57.966647206930205,0,0
0.00046649999999999996,57.222165667377816,-57.355652459007246,-57.355652459007246,0,0
0.00046659999999999996,57.19928137827381,-56.686255929535093,-56.686255929535093,0,0
0.00046669999999999996,57.176406241054949,-55.959795399965927,-55.959795399965927,0,0
0.00046679999999999996,57.153540252061205,-55.177724608126709,-55.177724608126709,0,0
0.00046689999999999996,57.130683407634024,-54.341610292568149,-54.341610292568149,0,0
0.00046699999999999997,57.107835704116312,-53.45312900731372,-53.45312900731372,0,0
0.00046709999999999997,57.084997137852433,-52.514063713484532,-52.514063713484532,0,0
0.00046719999999999997,57.062167705188216,-51.526300154729114,-51.526300154729114,0,0
0.00046729999999999997,57.039347402470959,-50.49182302382647,-50.49182302382647,0,0
0.00046739999999999998,57.016536226049404,-49.412711928255064,-49.412711928255064,0,0
0.00046749999999999998,56.993734172273768,-48.29113716292882,-48.29113716292882,0,0
0.00046759999999999998,56.970941237495722,-47.129355298692943,-47.129355298692943,0,0
0.00046769999999999998,56.948157418068398,-45.929704595546681,-45.929704595546681,0,0
0.00046779999999999999,56.925382710346376,-44.694600249916377,-44.694600249916377,0,0
0.00046789999999999999,56.902617110685711,-43.426529485639023,-43.426529485639023,0,0
0.00046799999999999999,56.879860615443903,-42.128046498634177,-42.128046498634177,0,0
0.00046809999999999999,56.857113220979919,-40.80176726553934,-40.80176726553934,0,0
0.0004682,56.834374923654174,-39.450364226860032,-39.450364226860032,0,0
0.0004683,56.811645719828533,-38.076560855441016,-38.076560855441016,0,0
0.0004684,56.788925605866332,-36.683126121297562,-36.683126121297562,0,0
0.0004685,56.766214578132349,-35.272868864056576,-35.272868864056576,0,0
0.00046859999999999995,56.743512632992818,-33.848632084444809,-33.848632084444809,0,0
0.00046869999999999995,56.720819766815431,-32.413287166425675,-32.413287166425675,0,0
0.00046879999999999996,56.698135975969329,-30.969728041727183,-30.969728041727183,0,0
0.00046889999999999996,56.675461256825102,-29.520865308620301,-29.520865308620301,0,0
0.00046899999999999996,56.652795605754797,-28.069620316899854,-28.069620316899854,0,0
0.00046909999999999996,56.63013901913191,-26.618919231088746,-26.618919231088746,0,0
0.00046919999999999997,56.607491493331388,-25.17168708393022,-25.17168708393022,0,0
0.00046929999999999997,56.584853024729625,-23.730841832252665,-23.730841832252665,0,0
0.00046939999999999997,56.562223609704468,-22.299288427286275,-22.299288427286275,0,0
0.00046949999999999997,56.539603244635202,-20.879912911481522,-20.879912911481522,0,0
0.00046959999999999998,56.51699192590258,-19.47557655382543,-19.47557655382543,0,0
0.00046969999999999998,56.494389649888788,-18.089110035572997,-18.089110035572997,0,0
0.00046979999999999998,56.471796412977461,-16.723307698208888,-16.723307698208888,0,0
0.00046989999999999998,56.449212211553679,-15.380921865327609,-15.380921865327609,0,0
0.00046999999999999999,56.426637042003968,0,0,0,0
0.00047009999999999999,56.410275954301959,0,0,125.64753483764747,125.64753483764747
0.00047019999999999999,56.406895969092375,0,0,259.0715115046188,259.0715115046188
0.00047029999999999999,56.417125993314549,0,0,397.38457193820665,397.38457193820665
0.0004704,56.441301137001247,0,0,537.6108831070153,537.6108831070153
0.0004705,56.479456672023055,0,0,676.74006897284937,676.74006897284937
0.0004706,56.531327424550632,0,0,811.78176193970228,811.78176193970228
0.0004707,56.596352611615423,0,0,939.81978564351812,939.81978564351812
0.00047080000000000001,56.673686033540747,0,0,1058.0649877270912,1058.0649877270912
0.00047089999999999995,56.762211437015928,0,0,1163.9057658093802,1163.9057658093802
0.00047099999999999996,56.86056276995285,0,0,1254.9553717506881,1254.9553717506881
0.00047109999999999996,56.967148960693009,0,0,1329.0951377738029,1329.0951377738029
0.00047119999999999996,57.080182772226529,0,0,1384.512841965606,1384.512841965606
0.00047129999999999996,57.197713208327002,0,0,1419.7355188123097,1419.7355188123097
0.00047139999999999997,57.317660884230634,0,0,1433.6561211165565,1433.6561211165565
0.00047149999999999997,57.437855720859808,0,0,1425.5535510807724,1425.5535510807724
0.00047159999999999997,57.55607627957874,0,0,1395.1056984987865,1395.1056984987865
0.00047169999999999997,57.670090024832611,0,0,1342.3952506994194,1342.3952506994194
0.00047179999999999998,57.777693785296776,0,0,1267.9081698358525,1267.9081698358525
0.00047189999999999998,57.876753680650502,0,0,1172.5248659407698,1172.5248659407698
0.00047199999999999998,57.965243790852618,0,0,1057.5042264634462,1057.5042264634462
0.00047209999999999998,58.041282867656065,0,0,924.46079237497872,924.46079237497872
0.00047219999999999999,58.103168423638593,0,0,775.33549502880032,775.33549502880032
0.00047229999999999999,58.149407581603569,0,0,612.3604845482746,612.3604845482746
0.00047239999999999999,58.178744125953678,0,0,438.01868747076946,438.01868747076946
0.00047249999999999999,58.190181266496921,0,0,254.99882677192434,254.99882677192434
0.00047259999999999999,58.182999702859803,0,0,66.146719498363311,66.146719498363311
0.0004727,58.158712174778501,-23.757773153417549,-23.757773153417549,0,0
0.0004728,58.135453341985269,-24.000453600400217,-24.000453600400217,0,0
0.0004729,58.112203810864692,-24.253433125267893,-24.253433125267893,0,0
0.000473,58.088963577696852,-24.516173881386852,-24.516173881386852,0,0
0.00047309999999999995,58.065732638763308,-24.788118201710841,-24.788118201710841,0,0
0.00047319999999999996,58.042510990347111,-25.068689732289759,-25.068689732289759,0,0
0.00047329999999999996,58.019298628732791,-25.357294603739344,-25.357294603739344,0,0
0.00047339999999999996,57.996095550206377,-25.653322638290806,-25.653322638290806,0,0
0.00047349999999999996,57.972901751055375,-25.956148589967032,-25.956148589967032,0,0
0.00047359999999999997,57.949717227568776,-26.265133415364762,-26.265133415364762,0,0
0.00047369999999999997,57.926541976037058,-26.579625572459843,-26.579625572459843,0,0
0.00047379999999999997,57.903375992752181,-26.898962344796001,-26.898962344796001,0,0
0.00047389999999999997,57.880219274007587,-27.222471188365599,-27.222471188365599,0,0
0.00047399999999999997,57.857071816098198,-27.549471098445256,-27.549471098445256,0,0
0.00047409999999999998,57.833933615320426,-27.879273993608368,-27.879273993608368,0,0
0.00047419999999999998,57.810804667972157,-28.21118611410169,-28.21118611410169,0,0
0.00047429999999999998,57.787684970352757,-28.544509431744235,-28.544509431744235,0,0
0.00047439999999999998,57.764574518763077,-28.878543068483093,-28.878543068483093,0,0
0.00047449999999999999,57.741473309505437,-29.21258472072336,-29.21258472072336,0,0
0.00047459999999999999,57.718381338883653,-29.545932086537622,-29.545932086537622,0,0
0.00047469999999999999,57.695298603203007,-29.87788429285467,-29.87788429285467,0,0
0.00047479999999999999,57.672225098770262,-30.20774331972714,-30.20774331972714,0,0
0.0004749,57.649160821893652,-30.534815418783733,-30.534815418783733,0,0
0.000475,57.626105768882901,-59.834022279081225,-59.834022279081225,0,0
0.0004751,57.603059936049192,-60.123668510673653,-60.123668510673653,0,0
0.0004752,57.580023319705198,-60.349663964920609,-60.349663964920609,0,0
0.00047529999999999995,57.556995916165057,-60.511526749414557,-60.511526749414557,0,0
0.00047539999999999995,57.533977721744385,-60.608905315069521,-60.608905315069521,0,0
0.00047549999999999996,57.510968732760276,-60.641579168933092,-60.641579168933092,0,0
0.00047559999999999996,57.487968945531286,-60.609459320662197,-60.609459320662197,0,0
0.00047569999999999996,57.464978356377443,-60.512588461758639,-60.512588461758639,0,0
0.00047579999999999996,57.441996961620262,-60.351140877203406,-60.351140877203406,0,0
0.00047589999999999997,57.419024757582719,-60.125422089672483,-60.125422089672483,0,0
0.00047599999999999997,57.396061740589261,-59.835868237060581,-59.835868237060581,0,0
0.00047609999999999997,57.373107906965799,-59.483045184580973,-59.483045184580973,0,0
0.00047619999999999997,57.350163253039732,-59.06764737324896,-59.06764737324896,0,0
0.00047629999999999998,57.327227775139903,-58.590496407092346,-58.590496407092346,0,0
0.00047639999999999998,57.304301469596638,-58.052539381963072,-58.052539381963072,0,0
0.00047649999999999998,57.28138433274173,-57.454846959349283,-57.454846959349283,0,0
0.00047659999999999998,57.258476360908439,-56.798611189105344,-56.798611189105344,0,0
0.00047669999999999999,57.235577550431486,-56.085143085527278,-56.085143085527278,0,0
0.00047679999999999999,57.212687897647065,-55.315869961702674,-55.315869961702674,0,0
0.00047689999999999999,57.189807398892832,-54.492332527554808,-54.492332527554808,0,0
0.00047699999999999999,57.166936050507907,-53.616181757481286,-53.616181757481286,0,0
0.0004771,57.144073848832868,-52.689175533955407,-52.689175533955407,0,0
0.0004772,57.121220790209769,-51.71317507391376,-51.71317507391376,0,0
0.0004773,57.098376870982115,-50.690141145194843,-50.690141145194843,0,0
0.0004774,57.075542087494881,-49.622130080720098,-49.622130080720098,0,0
0.00047749999999999995,57.052716436094506,-48.511289598519696,-48.511289598519696,0,0
0.00047759999999999995,57.029899913128887,-47.35985443609971,-47.35985443609971,0,0
0.00047769999999999996,57.007092514947374,-46.170141808024816,-46.170141808024816,0,0
0.00047779999999999996,56.984294237900784,-44.944546695949455,-44.944546695949455,0,0
0.00047789999999999996,56.961505078341389,-43.685536980670946,-43.685536980670946,0,0
0.00047799999999999996,56.938725032622933,-42.395648426099072,-42.395648426099072,0,0
0.00047809999999999997,56.915954097100602,-41.077479525337104,-41.077479525337104,0,0
0.00047819999999999997,56.893192268131045,-39.733686219349821,-39.733686219349821,0,0
0.00047829999999999997,56.870439542072376,-38.366976498952383,-38.366976498952383,0,0
0.00047839999999999997,56.847695915284156,-36.980104901091309,-36.980104901091309,0,0
0.00047849999999999998,56.824961384127398,-35.575866910603082,-35.575866910603082,0,0
0.00047859999999999998,56.802235944964586,-34.157093278828391,-34.157093278828391,0,0
0.00047869999999999998,56.779519594159645,-32.726644270628157,-32.726644270628157,0,0
0.00047879999999999998,56.756812328077963,-31.287403851493597,-31.287403851493597,0,0
0.00047889999999999999,56.734114143086373,-29.842273826563449,-29.842273826563449,0,0
0.00047899999999999999,56.711425035553169,-28.394167943459728,-28.394167943459728,0,0
0.00047909999999999999,56.688745001848091,-26.94600597092623,-26.94600597092623,0,0
0.00047919999999999999,56.66607403834233,-25.500707765303396,-25.500707765303396,0,0
0.0004793,56.64341214140854,-24.061187336897479,-24.061187336897479,0,0
0.0004794,56.620759307420812,-22.630346928302224,-22.630346928302224,0,0
0.0004795,56.598115532754697,-21.211071116706638,-21.211071116706638,0,0
0.0004796,56.575480813787188,-19.806220952173696,-19.806220952173696,0,0
0.0004797,56.552855146896725,-18.418628143801516,-18.418628143801516,0,0
0.00047979999999999995,56.530238528463208,-17.051089305581066,-17.051089305581066,0,0
0.00047989999999999996,56.507630954867977,-15.706360273643046,-15.706360273643046,0,0
0.00047999999999999996,56.485032422493823,0,0,0,0
0.00048009999999999996,56.468517971707776,0,0,123.05532185877703,123.05532185877703
0.00048019999999999996,56.464728785050511,0,0,253.960168176221,253.960168176221
0.00048029999999999997,56.474303455661882,0,0,389.87243771101197,389.87243771101197
0.00048039999999999997,56.497591199898274,0,0,527.85940460400036,527.85940460400036
0.00048049999999999997,56.534645559981101,0,0,664.95086981591066,664.95086981591066
0.00048059999999999997,56.585223464972323,0,0,798.19298521502049,798.19298521502049
0.00048069999999999997,56.64878966647052,0,0,924.70177533687888,924.70177533687888
0.00048079999999999998,56.724526468068134,0,0,1041.7153874258631,1041.7153874258631
0.00048089999999999998,56.811348571735223,0,0,1146.6441235137552,1146.6441235137552
0.00048099999999999998,56.907922771634205,0,0,1237.1173485722984,1237.1173485722984
0.00048109999999999998,57.012692138100398,0,0,1311.0264254632966,1311.0264254632966
0.00048119999999999999,57.123904253235253,0,0,1366.5628994726223,1366.5628994726223
0.00048129999999999999,57.239642986223487,0,0,1402.2512413464772,1402.2512413464772
0.00048139999999999999,57.357863232430105,0,0,1416.9755563877202,1416.9755563877202
0.00048149999999999999,57.476427986716949,0,0,1409.9997765289636,1409.9997765289636
0.0004816,57.593147079211612,0,0,1380.9809703954434,1380.9809703954434
0.0004817,57.705816871727009,0,0,1329.9755310643295,1329.9755310643295
0.0004818,57.812260195709868,0,0,1257.438130258882,1257.438130258882
0.0004819,57.910365808304647,0,0,1164.2134587480441,1164.2134587480441
0.00048199999999999995,57.998126651929795,0,0,1051.5209033811395,1051.5209033811395
0.00048209999999999995,58.073676224517236,0,0,920.93243910674562,920.93243910674562
0.00048219999999999996,58.135322401865821,0,0,774.34413718790495,774.34413718790495
0.00048229999999999996,58.181578099784552,0,0,613.94180640779985,613.94180640779985
0.00048239999999999996,58.211188221010779,0,0,442.16139026819724,442.16139026819724
0.00048249999999999996,58.223152399245521,0,0,261.64483809471153,261.64483809471153
0.00048259999999999997,58.216743128828938,0,0,75.192249860437911,75.192249860437911
0.00048269999999999997,58.192692800159179,-23.475560495840472,-23.475560495840472,0,0
0.00048279999999999997,58.16942037783388,-23.719326132255208,-23.719326132255208,0,0
0.00048289999999999997,58.146157262615965,-23.973996646278696,-23.973996646278696,0,0
0.00048299999999999998,58.12290345078334,-24.239030733719058,-24.239030733719058,0,0
0.00048309999999999998,58.099658938615391,-24.513866045961716,-24.513866045961716,0,0
0.00048319999999999998,58.076423722392995,-24.797920333006676,-24.797920333006676,0,0
0.00048329999999999998,58.053197798398514,-25.090592626934768,-25.090592626934768,0,0
0.00048339999999999999,58.02998116291581,-25.391264463397338,-25.391264463397338,0,0
0.00048349999999999999,58.006773812230215,-25.699301138646614,-25.699301138646614,0,0
0.00048359999999999999,57.983575742628553,-26.014052999551897,-26.014052999551897,0,0
0.00048369999999999999,57.960386950399133,-26.334856763979605,-26.334856763979605,0,0
0.0004838,57.937207431831752,-26.661036868853561,-26.661036868853561,0,0
0.0004839,57.91403718321768,-26.991906843155778,-26.991906843155778,0,0
0.000484,57.890876200849682,-27.326770703077184,-27.326770703077184,0,0
0.0004841,57.867724481022002,-27.664924366482868,-27.664924366482868,0,0
0.00048419999999999995,57.844582020030359,-28.00565708381723,-28.00565708381723,0,0
0.00048429999999999995,57.821448814171966,-28.348252882541065,-28.348252882541065,0,0
0.00048439999999999996,57.798324859745506,-28.691992022164715,-28.691992022164715,0,0
0.00048449999999999996,57.775210153051141,-29.036152456920927,-29.036152456920927,0,0
0.00048459999999999996,57.752104690390524,-29.3800113031043,-29.3800113031043,0,0
0.00048469999999999996,57.729008468066787,-29.722846308095807,-29.722846308095807,0,0
0.00048479999999999997,57.705921482384525,-30.063937318086861,-30.063937318086861,0,0
0.00048489999999999997,57.682843729649825,-30.402567741520446,-30.402567741520446,0,0
0.00048499999999999997,57.659775206170245,-59.713635761372771,-59.713635761372771,0,0
0.00048509999999999997,57.636715908254821,-60.015421866498812,-60.015421866498812,0,0
0.00048519999999999998,57.61366583221406,-60.253811220966284,-60.253811220966284,0,0
0.00048529999999999998,57.590624974359962,-60.428296729158532,-60.428296729158532,0,0
0.00048539999999999998,57.56759333100598,-60.538501174086491,-60.538501174086491,0,0
0.00048549999999999998,57.54457089846705,-60.584177982367734,-60.584177982367734,0,0
0.00048559999999999999,57.52155767305959,-60.565211723707094,-60.565211723707094,0,0
0.00048569999999999999,57.498553651101481,-60.481618343866785,-60.481618343866785,0,0
0.00048579999999999999,57.475558828912078,-60.333545130656134,-60.333545130656134,0,0
0.00048589999999999999,57.452573202812211,-60.121270413013178,-60.121270413013178,0,0
0.000486,57.429596769124174,-59.845202993792995,-59.845202993792995,0,0
0.0004861,57.406629524171748,-59.505881317418385,-59.505881317418385,0,0
0.0004862,57.38367146428017,-59.103972374088031,-59.103972374088031,0,0
0.0004863,57.360722585776145,-58.6402703427718,-58.6402703427718,0,0
0.00048640000000000001,57.337782884987853,-58.115694975754366,-58.115694975754366,0,0
0.00048649999999999995,57.314852358244949,-57.531289728012808,-57.531289728012808,0,0
0.00048659999999999996,57.291931001878545,-56.888219635233042,-56.888219635233042,0,0
0.00048669999999999996,57.269018812221219,-56.187768944780188,-56.187768944780188,0,0
0.00048679999999999996,57.246115785607032,-55.431338504440191,-55.431338504440191,0,0
0.00048689999999999996,57.223221918371486,-54.620442914242048,-54.620442914242048,0,0
0.00048699999999999997,57.200337206851572,-53.756707447151811,-53.756707447151811,0,0
0.00048709999999999997,57.177461647385734,-52.841864744898388,-52.841864744898388,0,0
0.00048719999999999997,57.154595236313881,-51.877751295648878,-51.877751295648878,0,0
0.00048729999999999997,57.131737969977387,-50.866303700693834,-50.866303700693834,0,0
0.00048739999999999998,57.108889844719087,-49.809554737731844,-49.809554737731844,0,0
0.00048749999999999998,57.08605085688329,-48.709629228755873,-48.709629228755873,0,0
0.00048759999999999998,57.063221002815752,-47.568739720941025,-47.568739720941025,0,0
0.00048769999999999998,57.040400278863693,-46.389181989312839,-46.389181989312839,0,0
0.00048779999999999998,57.017588681375798,-45.173330370338078,-45.173330370338078,0,0
0.00048789999999999999,56.994786206702216,-43.923632935922527,-43.923632935922527,0,0
0.00048799999999999999,56.97199285119455,-42.642606517625211,-42.642606517625211,0,0
0.00048809999999999999,56.949208611205862,-41.332831591202506,-41.332831591202506,0,0
0.00048819999999999999,56.926433483090669,-39.996947031879046,-39.996947031879046,0,0
0.0004883,56.903667463204961,-38.637644751005496,-38.637644751005496,0,0
0.00048839999999999995,56.880910547906169,-37.257664225003481,-37.257664225003481,0,0
0.0004885,56.858162733553179,-35.859786927717337,-35.859786927717337,0,0
0.00048859999999999995,56.835424016506352,-34.44683067748808,-34.44683067748808,0,0
0.00048870000000000001,56.812694393127487,-33.021643910438343,-33.021643910438343,0,0
0.00048879999999999996,56.789973859779849,-31.587099891606801,-31.587099891606801,0,0
0.00048890000000000001,56.767262412828146,-30.14609087569681,-30.14609087569681,0,0
0.00048899999999999996,56.744560048638554,-28.701522229306129,-28.701522229306129,0,0
0.00048910000000000002,56.721866763578689,-27.25630652658278,-27.25630652658278,0,0
0.00048919999999999996,56.699182554017625,-25.813357630306029,-25.813357630306029,0,0
0.00048930000000000002,56.67650741632589,-24.375584770420836,-24.375584770420836,0,0
0.00048939999999999997,56.653841346875467,-22.945886632059178,-22.945886632059178,0,0
0.00048950000000000003,56.631184342039781,-21.527145465062254,-21.527145465062254,0,0
0.00048959999999999997,56.608536398193706,-20.122221226973778,-20.122221226973778,0,0
0.00048970000000000003,56.585897511713576,-18.733945771406212,-18.733945771406212,0,0
0.00048979999999999998,56.563267678977169,-17.365117093589749,-17.365117093589749,0,0
0.00048989999999999993,56.540646896363711,-16.018493644797189,-16.018493644797189,0,0
0.00048999999999999998,56.518035160253881,0,0,0,0
0.00049009999999999993,56.501382641259575,0,0,120.56517122982351,120.56517122982351
0.00049019999999999999,56.4972094946121,0,0,249.0476520956388,249.0476520956388
0.00049029999999999994,56.506163387728556,0,0,382.64905027710353,382.64905027710353
0.00049039999999999999,56.528606882837401,0,0,518.4783234188983,518.4783234188983
0.00049049999999999994,56.564610897319731,0,0,653.60417580719434,653.60417580719434
0.0004906,56.613953449425061,0,0,785.10817813920926,785.10817813920926
0.00049069999999999995,56.67612371147343,0,0,910.13764815923594,910.13764815923594
0.0004908,56.750331296520145,0,0,1025.9573343761865,1025.9573343761865
0.00049089999999999995,56.835520609675839,0,0,1129.9989668669164,1129.9989668669164
0.00049100000000000001,56.930390003558998,0,0,1219.9077779097374,1219.9077779097374
0.00049109999999999996,57.033415390372028,0,0,1293.585150179953,1293.585150179953
0.00049120000000000001,57.142877882410431,0,0,1349.2266204761302,1349.2266204761302
0.00049129999999999996,57.256894959897373,0,0,1385.3545511582277,1385.3545511582277
0.00049140000000000002,57.37345460120433,0,0,1400.8448781397065,1400.8448781397065
0.00049149999999999997,57.490451756925943,0,0,1394.9474516331547,1394.9474516331547
0.00049160000000000002,57.605726506894833,0,0,1367.2996019569839,1367.2996019569839
0.00049169999999999997,57.717103208814883,0,0,1317.9326854653766,1317.9326854653766
0.00049180000000000003,57.822429929309884,0,0,1247.2714928407099,1247.2714928407099
0.00049189999999999998,57.919617443150464,0,0,1156.1265312831015,1156.1265312831015
0.00049199999999999992,58.006677094325184,0,0,1045.6793212034113,1045.6793212034113
0.00049209999999999998,58.081756833317883,0,0,917.46097453615425,917.46097453615425
0.00049219999999999993,58.143174778065536,0,0,773.3244434462074,773.3244434462074
0.00049229999999999999,58.189449690998508,0,0,615.41094280491689,615.41094280491689
0.00049239999999999993,58.21932782049273,0,0,446.11115528231687,446.11115528231687
0.00049249999999999999,58.23180562097685,0,0,268.02192233331357,268.02192233331357
0.00049259999999999994,58.226147940641496,0,0,83.899206037750091,83.899206037750091
0.0004927,58.202434139253114,-23.202911556427342,-23.202911556427342,0,0
0.00049279999999999994,58.17915782117138,-23.447410685908689,-23.447410685908689,0,0
0.0004929,58.155890811755022,-23.703377155546821,-23.703377155546821,0,0
0.00049299999999999995,58.132633107281322,-23.970267016739538,-23.970267016739538,0,0
0.00049310000000000001,58.10938470402904,-24.247514138853635,-24.247514138853635,0,0
0.00049319999999999995,58.086145598278435,-24.534531359961822,-24.534531359961822,0,0
0.00049330000000000001,58.062915786311251,-24.830711680304528,-24.830711680304528,0,0
0.00049339999999999996,58.039695264410717,-25.13542949605095,-25.13542949605095,0,0
0.00049350000000000002,58.016484028861548,-25.448041870851508,-25.448041870851508,0,0
0.00049359999999999996,57.993282075949949,-25.767889842597395,-25.767889842597395,0,0
0.00049370000000000002,57.970089401963605,-26.09429976273108,-26.09429976273108,0,0
0.00049379999999999997,57.946906003191685,-26.426584665385786,-26.426584665385786,0,0
0.00049390000000000002,57.923731875924851,-26.764045663571242,-26.764045663571242,0,0
0.00049399999999999997,57.900567016455241,-27.105973369568023,-27.105973369568023,0,0
0.00049410000000000003,57.877411421076481,-27.451649336643836,-27.451649336643836,0,0
0.00049419999999999998,57.854265086083664,-27.800347519161594,-27.800347519161594,0,0
0.00049429999999999993,57.831128007773387,-28.151335748111887,-28.151335748111887,0,0
0.00049439999999999998,57.808000182443713,-28.503877219071196,-28.503877219071196,0,0
0.00049449999999999993,57.784881606394194,-28.85723198956185,-28.85723198956185,0,0
0.00049459999999999999,57.761772275925857,-29.210658482770771,-29.210658482770771,0,0
0.00049469999999999994,57.738672187341209,-29.563414994571129,-29.563414994571129,0,0
0.00049479999999999999,57.715581336944233,-29.91476120078433,-29.91476120078433,0,0
0.00049489999999999994,57.692499721040392,-30.263959661619364,-30.263959661619364,0,0
0.000495,57.669427335936632,-59.585887076329811,-59.585887076329811,0,0
0.00049509999999999995,57.646364177941365,-59.898801858225482,-59.898801858225482,0,0
0.0004952,57.623310243364493,-60.148566548874854,-60.148566548874854,0,0
0.00049529999999999995,57.600265528517383,-60.33465092918712,-60.33465092918712,0,0
0.00049540000000000001,57.577230029712879,-60.456654204721019,-60.456654204721019,0,0
0.00049549999999999996,57.554203743265305,-60.514305818582699,-60.514305818582699,0,0
0.00049560000000000001,57.531186665490452,-60.507465999649597,-60.507465999649597,0,0
0.00049569999999999996,57.508178792705586,-60.43612604500953,-60.43612604500953,0,0
0.00049580000000000002,57.485180121229448,-60.300408336044356,-60.300408336044356,0,0
0.00049589999999999996,57.462190647382251,-60.100566088128616,-60.100566088128616,0,0
0.00049600000000000002,57.439210367485686,-59.836982834455213,-59.836982834455213,0,0
0.00049609999999999997,57.4162392778629,-59.51017164504016,-59.51017164504016,0,0
0.00049620000000000003,57.393277374838519,-59.120774082496936,-59.120774082496936,0,0
0.00049629999999999997,57.370324654738639,-58.669558896705468,-58.669558896705468,0,0
0.00049640000000000003,57.347381113890826,-58.157420461031791,-58.157420461031791,0,0
0.00049649999999999998,57.324446748624119,-57.585376953279237,-57.585376953279237,0,0
0.00049659999999999993,57.301521555269012,-56.954568285070906,-56.954568285070906,0,0
0.00049669999999999998,57.278605530157478,-56.266253783874404,-56.266253783874404,0,0
0.00049679999999999993,57.255698669622944,-55.521809632382258,-55.521809632382258,0,0
0.00049689999999999999,57.232800970000326,-54.722726070454655,-54.722726070454655,0,0
0.00049699999999999994,57.20991242762598,-53.870604365313355,-53.870604365313355,0,0
0.00049709999999999999,57.187033038837747,-52.967153556147011,-52.967153556147011,0,0
0.00049719999999999994,57.164162799974925,-52.014186979745659,-52.014186979745659,0,0
0.0004973,57.141301707378268,-51.013618584227913,-51.013618584227913,0,0
0.00049739999999999995,57.11844975739001,-49.96745903835442,-49.96745903835442,0,0
0.0004975,57.095606946353833,-48.877811644336589,-48.877811644336589,0,0
0.00049759999999999995,57.072773270614888,-47.74686806244874,-47.74686806244874,0,0
0.00049770000000000001,57.049948726519787,-46.576903856134521,-46.576903856134521,0,0
0.00049779999999999996,57.027133310416609,-45.370273866662494,-45.370273866662494,0,0
0.00049790000000000001,57.004327018654877,-44.129407426732698,-44.129407426732698,0,0
0.00049799999999999996,56.981529847585591,-42.856803422762837,-42.856803422762837,0,0
0.00049810000000000002,56.958741793561202,-41.555025215890076,-41.555025215890076,0,0
0.00049819999999999997,56.935962852935624,-40.22669543201161,-40.22669543201161,0,0
0.00049830000000000002,56.91319302206422,-38.874490631453128,-38.874490631453128,0,0
0.00049839999999999997,56.890432297303825,-37.501135869098576,-37.501135869098576,0,0
0.00049850000000000003,56.867680675012714,-36.109399156037568,-36.109399156037568,0,0
0.00049859999999999998,56.844938151550636,-34.702085833986089,-34.702085833986089,0,0
0.00049869999999999992,56.822204723278787,-33.282032873913991,-33.282032873913991,0,0
0.00049879999999999998,56.799480386559814,-31.852103110466196,-31.852103110466196,0,0
0.00049889999999999993,56.77676513775782,-30.415179423894898,-30.415179423894898,0,0
0.00049899999999999999,56.754058973238372,-28.974158881326886,-28.974158881326886,0,0
0.00049909999999999993,56.731361889368479,-27.531946849272149,-27.531946849272149,0,0
0.00049919999999999999,56.708673882516607,-26.091451089338666,-26.091451089338666,0,0
0.00049929999999999994,56.685994949052677,-24.655575849151923,-24.655575849151923,0,0
0.0004994,56.663325085348063,-23.22721596048747,-23.22721596048747,0,0
0.00049949999999999994,56.640664287775586,-21.809250956610054,-21.809250956610054,0,0
0.0004996,56.618012552709516,-20.404539220773504,-20.404539220773504,0,0
0.00049969999999999995,56.595369876525574,-19.015912177772321,-19.015912177772321,0,0
0.00049980000000000001,56.57273625560093,-17.646168540348061,-17.646168540348061,0,0
0.00049989999999999995,56.55011168631421,-16.298068622142182,-16.298068622142182,0,0
0.00050000000000000001,56.527496165045477,0,0,0,0
0.00050009999999999996,56.510727911976275,0,0,118.33241209916454,118.33241209916454
0.00050020000000000002,56.506218481607675,0,0,244.64152298432612,244.64152298432612
0.00050029999999999996,56.514623548133784,0,0,376.16832214454854,376.16832214454854
0.00050040000000000002,56.536317530869873,0,0,510.05935465183097,510.05935465183097
0.00050049999999999997,56.571386839301972,0,0,643.41843723259024,643.41843723259024
0.00050060000000000002,56.619628337695538,0,0,773.3591423390011,773.3591423390011
0.00050069999999999997,56.680553056474174,0,0,897.057099502646,897.057099502646
0.00050080000000000003,56.753395082543257,0,0,1011.8011666714211,1011.8011666714211
0.00050089999999999998,56.837125466935902,0,0,1115.042544806895,1115.042544806895
0.00050099999999999993,56.930470897300154,0,0,1204.4409463786644,1204.4409463786644
0.00050109999999999998,57.03193679647088,0,0,1277.9069818561015,1277.9069818561015
0.00050119999999999993,57.139834428240128,0,0,1333.6399968959984,1333.6399968959984
0.00050129999999999999,57.252311518906488,0,0,1370.1606754127884,1370.1606754127884
0.00050139999999999994,57.367385839560043,0,0,1386.3378186005455,1386.3378186005455
0.00050149999999999999,57.482981140495873,0,0,1381.4088155328607,1381.4088155328607
0.00050159999999999994,57.596964786615601,0,0,1354.9934352848154,1354.9934352848154
0.0005017,57.707186411941336,0,0,1307.1006915289918,1307.1006915289918
0.00050179999999999995,57.811516892985523,0,0,1238.1286560622525,1238.1286560622525
0.0005019,57.90788693502526,0,0,1148.8572254481253,1148.8572254481253
0.00050199999999999995,57.99432457242159,0,0,1040.4339725972882,1040.4339725972882
0.00050210000000000001,58.06899090387396,0,0,914.35334034402933,914.35334034402933
0.00050219999999999996,58.130213415547949,0,0,772.42955464155011,772.42955464155011
0.00050230000000000001,58.176516288778416,0,0,616.7637487103932,616.7637487103932
0.00050239999999999996,58.206647143737058,0,0,449.70589427325683,449.70589427325683
0.00050250000000000002,58.219599735070176,0,0,273.81222999883914,273.81222999883914
0.00050259999999999997,58.214632188888814,0,0,91.798958755976102,91.798958755976102
0.00050270000000000002,58.191318381533037,-22.957284562336834,-22.957284562336834,0,0
0.00050279999999999997,58.168046508865253,-23.202103467632217,-23.202103467632217,0,0
0.00050290000000000003,58.144783943085031,-23.458876922743432,-23.458876922743432,0,0
0.00050299999999999997,58.121530680470364,-23.727059337715591,-23.727059337715591,0,0
0.00050309999999999992,58.098286717300731,-24.006081953826754,-24.006081953826754,0,0
0.00050319999999999998,58.075052049857099,-24.295353999677513,-24.295353999677513,0,0
0.00050329999999999993,58.051826674421918,-24.594263891999891,-24.594263891999891,0,0
0.00050339999999999998,58.028610587279125,-24.902180478744658,-24.902180478744658,0,0
0.00050349999999999993,58.005403784714154,-25.218454321920458,-25.218454321920458,0,0
0.00050359999999999999,57.982206263013907,-25.542419017577377,-25.542419017577377,0,0
0.00050369999999999994,57.959018018466786,-25.87339255025196,-25.87339255025196,0,0
0.00050379999999999999,57.935839047362677,-26.210678679120907,-26.210678679120907,0,0
0.00050389999999999994,57.912669345992938,-26.553568353046064,-26.553568353046064,0,0
0.000504,57.88950891065042,-26.90134115163492,-26.90134115163492,0,0
0.00050409999999999995,57.86635773762945,-27.253266749387617,-27.253266749387617,0,0
0.0005042,57.84321582322584,-27.608606399954947,-27.608606399954947,0,0
0.00050429999999999995,57.820083163736882,-27.966614437490794,-27.966614437490794,0,0
0.00050440000000000001,57.796959755461359,-28.326539792047814,-28.326539792047814,0,0
0.00050449999999999996,57.773845594699516,-28.687627515936693,-28.687627515936693,0,0
0.00050460000000000001,57.750740677753093,-29.04912031794689,-29.04912031794689,0,0
0.00050469999999999996,57.7276450009253,-29.410260102311231,-29.410260102311231,0,0
0.00050480000000000002,57.70455856052083,-29.770289509286645,-29.770289509286645,0,0
0.00050489999999999997,57.681481352845857,-30.128453454220367,-30.128453454220367,0,0
0.00050500000000000002,57.658413374208024,-59.459610418071662,-59.459610418071662,0,0
0.00050509999999999997,57.635354620916452,-59.782000059453097,-59.782000059453097,0,0
0.00050520000000000003,57.61230508928174,-60.041465666951936,-60.041465666951936,0,0
0.00050529999999999998,57.589264775615966,-60.237457309343654,-60.237457309343654,0,0
0.00050539999999999992,57.566233676232677,-60.369554060964589,-60.369554060964589,0,0
0.00050549999999999998,57.5432117874469,-60.437464855524851,-60.437464855524851,0,0
0.00050559999999999993,57.520199105575131,-60.441029076015255,-60.441029076015255,0,0
0.00050569999999999999,57.497195626935344,-60.380216879512801,-60.380216879512801,0,0
0.00050579999999999993,57.474201347846979,-60.255129256227832,-60.255129256227832,0,0
0.00050589999999999999,57.451216264630951,-60.065997822676195,-60.065997822676195,0,0
0.00050599999999999994,57.428240373609647,-59.813184349399776,-59.813184349399776,0,0
0.0005061,57.405273671106926,-59.497180024198542,-59.497180024198542,0,0
0.00050619999999999994,57.382316153448116,-59.11860445237464,-59.11860445237464,0,0
0.0005063,57.359367816960017,-58.678204396023105,-58.678204396023105,0,0
0.00050639999999999995,57.336428657970885,-58.176852254934687,-58.176852254934687,0,0
0.00050650000000000001,57.313498672810461,-57.615544292200738,-57.615544292200738,0,0
0.00050659999999999995,57.29057785780995,-56.995398608129321,-56.995398608129321,0,0
0.00050670000000000001,57.267666209302014,-56.317652866592766,-56.317652866592766,0,0
0.00050679999999999996,57.2447637236208,-55.583661778430326,-55.583661778430326,0,0
0.00050690000000000002,57.221870397101902,-54.794894347022819,-54.794894347022819,0,0
0.00050699999999999996,57.19898622608239,-53.952930881639801,-53.952930881639801,0,0
0.00050710000000000002,57.176111206900792,-53.059459784631329,-53.059459784631329,0,0
0.00050719999999999997,57.153245335897111,-52.11627411899606,-52.11627411899606,0,0
0.00050730000000000003,57.130388609412805,-51.125267963303685,-51.125267963303685,0,0
0.00050739999999999997,57.107541023790802,-50.088432561381595,-50.088432561381595,0,0
0.00050750000000000003,57.084702575375481,-49.00785227459285,-49.00785227459285,0,0
0.00050759999999999998,57.061873260512698,-47.885700344933326,-47.885700344933326,0,0
0.00050769999999999993,57.039053075549759,-46.724234477560742,-46.724234477560742,0,0
0.00050779999999999998,57.016242016835434,-45.525792251734302,-45.525792251734302,0,0
0.00050789999999999993,56.993440080719949,-44.292786369493314,-44.292786369493314,0,0
0.00050799999999999999,56.970647263555001,-43.027699751731845,-43.027699751731845,0,0
0.00050809999999999994,56.947863561693737,-41.733080491636962,-41.733080491636962,0,0
0.00050819999999999999,56.925088971490766,-40.411536675747811,-40.411536675747811,0,0
0.00050829999999999994,56.902323489302148,-39.065731083161495,-39.065731083161495,0,0
0.0005084,56.879567111485407,-37.698375773659365,-37.698375773659365,0,0
0.00050849999999999995,56.856819834399531,-36.312226575752973,-36.312226575752973,0,0
0.0005086,56.834081654404947,-34.910077485851872,-34.910077485851872,0,0
0.00050869999999999995,56.811352567863551,-33.494754989936453,-33.494754989936453,0,0
0.00050880000000000001,56.788632571138685,-32.069112319275789,-32.069112319275789,0,0
0.00050889999999999996,56.765921660595154,-30.636023651864861,-30.636023651864861,0,0
0.00050900000000000001,56.743219832599209,-29.19837827136514,-29.19837827136514,0,0
0.00050909999999999996,56.720527083518554,-27.759074695419383,-27.759074695419383,0,0
0.00050920000000000002,56.69784340972236,-26.321014785273,-26.321014785273,0,0
0.00050929999999999997,56.67516880758123,-24.887097848672482,-24.887097848672482,0,0
0.00050940000000000002,56.652503273467225,-23.460214748024967,-23.460214748024967,0,0
0.00050949999999999997,56.629846803753871,-22.043242025791844,-22.043242025791844,0,0
0.00050960000000000003,56.607199394816121,-20.6390360590546,-20.6390360590546,0,0
0.00050969999999999998,56.584561043030398,-19.250427255131203,-19.250427255131203,0,0
0.00050979999999999992,56.561931744774562,-17.880214300038162,-17.880214300038162,0,0
0.00050989999999999998,56.539311496427928,-16.531158471485554,-16.531158471485554,0,0
0.00050999999999999993,56.516700294371255,0,0,0,0
0.00051009999999999998,56.499842886253916,0,0,116.46785559224622,116.46785559224622
0.00051019999999999993,56.495060024190465,0,0,240.9601400216925,240.9601400216925
0.00051029999999999999,56.50301389142529,0,0,370.75091787952243,370.75091787952243
0.00051039999999999994,56.524088652070667,0,0,503.01834124905361,503.01834124905361
0.00051049999999999999,56.558383519203815,0,0,634.89579344947254,634.89579344947254
0.00051059999999999994,56.605710987139553,0,0,763.52383780256901,763.52383780256901
0.0005107,56.665600259304171,0,0,886.10203039649332,886.10203039649332
0.00051079999999999995,56.737305809026175,0,0,999.93965839181271,999.93965839181271
0.0005109,56.819820917595415,0,0,1102.504484984056,1102.504484984056
0.00051099999999999995,56.911895943808339,0,0,1191.4686183471113,1191.4686183471113
0.00051110000000000001,57.01206099354485,0,0,1264.7506740755118,1264.7506740755118
0.00051119999999999996,57.11865257826409,0,0,1320.553467873611,1320.553467873611
0.00051130000000000001,57.229843779102843,0,0,1357.3965562864576,1357.3965562864576
0.00051139999999999996,57.343677369820178,0,0,1374.1430366612944,1374.1430366612944
0.00051150000000000002,57.458101298301351,0,0,1370.0201215769603,1370.0201215769603
0.00051159999999999997,57.571005883683114,0,0,1344.6331157952793,1344.6331157952793
0.00051170000000000002,57.680262055161485,0,0,1297.9725433293356,1297.9725433293356
0.00051179999999999997,57.783759939752592,0,0,1230.4142963223783,1230.4142963223783
0.00051190000000000003,57.879447100035918,0,0,1142.7128038397066,1142.7128038397066
0.00051199999999999998,57.965365729329193,0,0,1035.98734510436,1035.98734510436
0.00051209999999999993,58.039688130707141,0,0,911.70175586583741,911.70175586583741
0.00051219999999999998,58.100749837437618,0,0,771.63789623080095,771.63789623080095
0.00051229999999999993,58.147079775202592,0,0,617.86336123930096,617.86336123930096
0.00051239999999999999,58.177426920121334,0,0,452.69401969434432,452.69401969434432
0.00051249999999999993,58.190782970126023,0,0,278.6520603598409,278.6520603598409
0.00051259999999999999,58.186400619504539,0,0,98.420305937826512,98.420305937826512
0.00051269999999999994,58.163495493917353,-22.750654192519345,-22.750654192519345,0,0
0.0005128,58.140234748179076,-22.995482241872022,-22.995482241872022,0,0
0.00051289999999999994,58.116983304878488,-23.252656467900497,-23.252656467900497,0,0
0.000513,58.093741160295352,-23.521630472744061,-23.521630472744061,0,0
0.00051309999999999995,58.07050831071092,-23.801833895572191,-23.801833895572191,0,0
0.00051320000000000001,58.047284752407947,-24.092673571939631,-24.092673571939631,0,0
0.00051329999999999995,58.024070481670655,-24.393534739467878,-24.393534739467878,0,0
0.00051340000000000001,58.000865494784769,-24.703782287402657,-24.703782287402657,0,0
0.00051349999999999996,57.977669788037481,-25.022762047507239,-25.022762047507239,0,0
0.00051360000000000002,57.954483357717486,-25.349802123668081,-25.349802123668081,0,0
0.00051369999999999996,57.931306200114946,-25.684214257510103,-25.684214257510103,0,0
0.00051380000000000002,57.908138311521526,-26.025295227246151,-26.025295227246151,0,0
0.00051389999999999997,57.884979688230359,-26.372328276917489,-26.372328276917489,0,0
0.00051400000000000003,57.861830326536065,-26.724584573120506,-26.724584573120506,0,0
0.00051409999999999997,57.838690222734748,-27.081324686259055,-27.081324686259055,0,0
0.00051420000000000003,57.815559373123989,-27.441800093311873,-27.441800093311873,0,0
0.00051429999999999998,57.792437774002856,-27.805254699060999,-27.805254699060999,0,0
0.00051439999999999993,57.769325421671887,-28.170926372689632,-28.170926372689632,0,0
0.00051449999999999998,57.746222312433112,-28.538048496626569,-28.538048496626569,0,0
0.00051459999999999993,57.723128442590024,-28.905851524489545,-28.905851524489545,0,0
0.00051469999999999999,57.70004380844761,-29.273564544961385,-29.273564544961385,0,0
0.00051479999999999994,57.676968406312334,-29.640416848420944,-29.640416848420944,0,0
0.00051489999999999999,57.653902232492122,-30.005639493144951,-30.005639493144951,0,0
0.00051499999999999994,57.630845283296395,-59.344076623995733,-59.344076623995733,0,0
0.0005151,57.607797555036036,-59.673953113601641,-59.673953113601641,0,0
0.00051519999999999995,57.584759044023407,-59.941097044731492,-59.941097044731492,0,0
0.0005153,57.561729746572347,-60.144942891413891,-60.144942891413891,0,0
0.00051539999999999995,57.538709658998165,-60.285053776005725,-60.285053776005725,0,0
0.00051550000000000001,57.515698777617658,-60.361122355426431,-60.361122355426431,0,0
0.00051559999999999996,57.492697098749076,-60.372971444146032,-60.372971444146032,0,0
0.00051570000000000001,57.46970461871215,-60.320554372664105,-60.320554372664105,0,0
0.00051579999999999996,57.446721333828087,-60.203955080754469,-60.203955080754469,0,0
0.00051590000000000002,57.423747240419559,-60.023387945289301,-60.023387945289301,0,0
0.00051599999999999997,57.400782334810714,-59.779197342995815,-59.779197342995815,0,0
0.00051610000000000002,57.377826613327166,-59.47185694903726,-59.47185694903726,0,0
0.00051619999999999997,57.354880072295998,-59.101968772846959,-59.101968772846959,0,0
0.00051630000000000003,57.331942708045766,-58.670261933177812,-58.670261933177812,0,0
0.00051639999999999998,57.309014516906487,-58.177591174859771,-58.177591174859771,0,0
0.00051649999999999992,57.286095495209651,-57.624935130282694,-57.624935130282694,0,0
0.00051659999999999998,57.263185639288217,-57.013394329140596,-57.013394329140596,0,0
0.00051669999999999993,57.24028494547661,-56.344188960484914,-56.344188960484914,0,0
0.00051679999999999999,57.217393410110716,-55.6186563916376,-55.6186563916376,0,0
0.00051689999999999993,57.194511029527888,-54.838248449009058,-54.838248449009058,0,0
0.00051699999999999999,57.171637800066947,-54.00452846634974,-54.00452846634974,0,0
0.00051709999999999994,57.148773718068178,-53.119168106436447,-53.119168106436447,0,0
0.00051719999999999999,57.125918779873324,-52.183943962655135,-52.183943962655135,0,0
0.00051729999999999994,57.103072981825598,-51.200733947388983,-51.200733947388983,0,0
0.0005174,57.08023632026967,-50.17151347455372,-50.17151347455372,0,0
0.00051749999999999995,57.057408791551673,-49.098351444040432,-49.098351444040432,0,0
0.0005176,57.034590392019204,-47.983406036228502,-47.983406036228502,0,0
0.00051769999999999995,57.011781118021318,-46.82892032511738,-46.82892032511738,0,0
0.00051780000000000001,56.988980965908539,-45.63721771899398,-45.63721771899398,0,0
0.00051789999999999996,56.966189932032833,-44.410697237903307,-44.410697237903307,0,0
0.00051800000000000001,56.943408012747639,-43.151828637521284,-43.151828637521284,0,0
0.00051809999999999996,56.920635204407844,-41.863147389340547,-41.863147389340547,0,0
0.00051820000000000002,56.897871503369807,-40.54724952737223,-40.54724952737223,0,0
0.00051829999999999997,56.875116905991334,-39.206786371837651,-39.206786371837651,0,0
0.00051840000000000002,56.852371408631683,-37.844459140573655,-37.844459140573655,0,0
0.00051849999999999997,56.829635007651582,-36.463013459103607,-36.463013459103607,0,0
0.00051860000000000003,56.806907699413202,-35.065233780531642,-35.065233780531642,0,0
0.00051869999999999998,56.784189480280176,-33.65393772660093,-33.65393772660093,0,0
0.00051879999999999993,56.761480346617589,-32.231970361416899,-32.231970361416899,0,0
0.00051889999999999998,56.738780294791972,-30.802198409472847,-30.802198409472847,0,0
0.00051899999999999993,56.716089321171324,-29.36750442972874,-29.36750442972874,0,0
0.00051909999999999999,56.693407422125091,-27.930780957582659,-27.930780957582659,0,0
0.00051919999999999994,56.670734594024168,-26.494924626640088,-26.494924626640088,0,0
0.00051929999999999999,56.648070833240901,-25.062830282226564,-25.062830282226564,0,0
0.00051939999999999994,56.625416136149084,-23.637385098606231,-23.637385098606231,0,0
0.0005195,56.60277049912397,-22.221462711860998,-22.221462711860998,0,0
0.00051959999999999994,56.580133918542259,-20.817917380353002,-20.817917380353002,0,0
0.0005197,56.557506390782095,-19.429578184637045,-19.429578184637045,0,0
0.00051979999999999995,56.534887912223077,-18.059243278609145,-18.059243278609145,0,0
0.00051990000000000001,56.512278479246241,-16.709674203573258,-16.709674203573258,0,0
0.00051999999999999995,56.489678088234086,0,0,0,0
0.00052010000000000001,56.472759793527786,0,0,115.03749667293884,115.03749667293884
0.00052019999999999996,56.467774606111249,0,0,238.13463607540413,238.13463607540413
0.00052030000000000002,56.475389571230281,0,0,366.59103533346411,366.59103533346411
0.00052039999999999996,56.495996216382984,0,0,497.60929495147792,497.60929495147792
0.00052050000000000002,56.529703485693275,0,0,628.34569984256461,628.34569984256461
0.00052059999999999997,56.576335795589408,0,0,755.96175345007453,755.96175345007453
0.00052070000000000003,56.635436246416553,0,0,877.6756114412168,877.6756114412168
0.00052079999999999997,56.706274931220619,0,0,990.81248338002797,990.81248338002797
0.00052090000000000003,56.787862190623756,0,0,1092.8530895863421,1092.8530895863421
0.00052099999999999998,56.878966573141668,0,0,1181.4792957179006,1181.4792957179006
0.00052109999999999993,56.978137175092613,0,0,1254.6160988323954,1254.6160988323954
0.00052119999999999998,57.083729954958464,0,0,1310.4692048655195,1310.4692048655195
0.00052129999999999993,57.193937545116867,0,0,1347.557517399616,1347.557517399616
0.00052139999999999999,57.306822020570941,0,0,1364.7399498457696,1364.7399498457696
0.00052149999999999994,57.420350030805885,0,0,1361.2360760479212,1361.2360760479212
0.00052159999999999999,57.532429658166933,0,0,1336.640245976025,1336.640245976025
0.00052169999999999994,57.640948334954309,0,0,1290.9289115829863,1290.9289115829863
0.0005218,57.743811132330713,0,0,1224.4610309116449,1224.4610309116449
0.00052189999999999995,57.838978727481297,0,0,1137.971543924808,1137.971543924808
0.000522,57.924504361373003,0,0,1032.5580390219343,1032.5580390219343
0.00052209999999999995,57.998569117821972,0,0,909.66085252751157,909.66085252751157
0.00052220000000000001,58.059514885059897,0,0,771.03696235506288,771.03696235506288
0.00052229999999999996,58.105874403039657,0,0,618.7281494135691,618.7281494135691
0.00052240000000000001,58.13639785257395,0,0,455.02400409551518,455.02400409551518
0.00052249999999999996,58.150075505099657,0,0,282.42044848910319,282.42044848910319
0.00052260000000000002,58.146156023268496,0,0,103.57452610266891,103.57452610266891
0.00052269999999999997,58.123618962686898,-22.590319209718114,-22.590319209718114,0,0
0.00052280000000000002,58.100374164371416,-22.834851290183618,-22.834851290183618,0,0
0.00052289999999999997,58.077138662115928,-23.092015474615454,-23.092015474615454,0,0
0.00052300000000000003,58.053912452202745,-23.361265398270806,-23.361265398270806,0,0
0.00052309999999999998,58.030695530915679,-23.642030152311836,-23.642030152311836,0,0
0.00052319999999999992,58.007487894540027,-23.933715444281436,-23.933715444281436,0,0
0.00052329999999999998,57.984289539362557,-24.235704806084147,-24.235704806084147,0,0
0.00052339999999999993,57.961100461671542,-24.5473608470169,-24.5473608470169,0,0
0.00052349999999999999,57.93792065775672,-24.868026549302687,-24.868026549302687,0,0
0.00052359999999999993,57.914750123909329,-25.197026603493757,-25.197026603493757,0,0
0.00052369999999999999,57.891588856422082,-25.533668781030311,-25.533668781030311,0,0
0.00052379999999999994,57.868436851589173,-25.877245341164777,-25.877245341164777,0,0
0.0005239,57.845294105706287,-26.227034469392283,-26.227034469392283,0,0
0.00052399999999999994,57.82216061507058,-26.582301744463759,-26.582301744463759,0,0
0.0005241,57.799036375980691,-26.942301631000117,-26.942301631000117,0,0
0.00052419999999999995,57.775921384736748,-27.306278994673942,-27.306278994673942,0,0
0.0005243,57.752815637640353,-27.673470636879362,-27.673470636879362,0,0
0.00052439999999999995,57.729719130994582,-28.043106845771153,-28.043106845771153,0,0
0.00052450000000000001,57.706631861103993,-28.414412960520838,-28.414412960520838,0,0
0.00052459999999999996,57.683553824274625,-28.786610945610942,-28.786610945610942,0,0
0.00052470000000000001,57.660485016813993,-29.15892097196792,-29.15892097196792,0,0
0.00052479999999999996,57.637425435031084,-29.530563001720569,-29.530563001720569,0,0
0.00052490000000000002,57.614375075236367,-29.900758373363505,-29.900758373363505,0,0
0.00052499999999999997,57.591333933741787,-59.244341140201826,-59.244341140201826,0,0
0.00052510000000000002,57.568302006860762,-59.57952573204372,-59.57952573204372,0,0
0.00052519999999999997,57.545279290908177,-59.852129458800817,-59.852129458800817,0,0
0.00052530000000000003,57.5222657822004,-60.061575713503629,-60.061575713503629,0,0
0.00052539999999999998,57.499261477055271,-60.207416251892298,-60.207416251892298,0,0
0.00052549999999999993,57.476266371792107,-60.289332101753132,-60.289332101753132,0,0
0.00052559999999999998,57.453280462731684,-60.307134209542141,-60.307134209542141,0,0
0.00052569999999999993,57.430303746196259,-60.260763822984714,-60.260763822984714,0,0
0.00052579999999999999,57.407336218509556,-60.150292608877052,-60.150292608877052,0,0
0.00052589999999999994,57.384377875996769,-59.975922505853333,-59.975922505853333,0,0
0.00052599999999999999,57.361428714984562,-59.737985312420932,-59.737985312420932,0,0
0.00052609999999999994,57.338488731801071,-59.436942011104165,-59.436942011104165,0,0
0.0005262,57.315557922775902,-59.073381830073174,-59.073381830073174,0,0
0.00052629999999999994,57.292636284240125,-58.648021044168203,-58.648021044168203,0,0
0.0005264,57.269723812526273,-58.161701517758729,-58.161701517758729,0,0
0.00052649999999999995,57.246820503968351,-57.615388992402032,-57.615388992402032,0,0
0.00052660000000000001,57.223926354901835,-57.010171122783746,-57.010171122783746,0,0
0.00052669999999999995,57.201041361663655,-56.347255264935157,-56.347255264935157,0,0
0.00052680000000000001,57.178165520592216,-55.627966021224537,-55.627966021224537,0,0
0.00052689999999999996,57.155298828027384,-54.853742547114763,-54.853742547114763,0,0
0.00052700000000000002,57.132441280310488,-54.026135625163178,-54.026135625163178,0,0
0.00052709999999999996,57.109592873784315,-53.146804512212498,-53.146804512212498,0,0
0.00052720000000000002,57.086753604793124,-52.217513566182774,-52.217513566182774,0,0
0.00052729999999999997,57.063923469682635,-51.240128659321883,-51.240128659321883,0,0
0.00052740000000000003,57.041102464800019,-50.216613385205889,-50.216613385205889,0,0
0.00052749999999999997,57.018290586493919,-49.149025067200157,-49.149025067200157,0,0
0.00052759999999999992,56.995487831114438,-48.039510576494678,-48.039510576494678,0,0
0.00052769999999999998,56.972694195013126,-46.890301968214644,-46.890301968214644,0,0
0.00052779999999999993,56.949909674543008,-45.703711944476552,-45.703711944476552,0,0
0.00052789999999999998,56.927134266058559,-44.482129153611695,-44.482129153611695,0,0
0.00052799999999999993,56.904367965915718,-43.228013335111854,-43.228013335111854,0,0
0.00052809999999999999,56.881610770471873,-41.94389032016538,-41.94389032016538,0,0
0.00052819999999999994,56.85886267608587,-40.632346897945048,-40.632346897945048,0,0
0.00052829999999999999,56.836123679118018,-39.296025558081908,-39.296025558081908,0,0
0.00052839999999999994,56.813393775930074,-37.937619120010837,-37.937619120010837,0,0
0.0005285,56.790672962885253,-36.559865260103152,-36.559865260103152,0,0
0.00052859999999999995,56.767961236348228,-35.165540947709403,-35.165540947709403,0,0
0.0005287,56.745258592685126,-33.757456801420119,-33.757456801420119,0,0
0.00052879999999999995,56.722565028263517,-32.338451377014771,-32.338451377014771,0,0
0.00052890000000000001,56.699880539452437,-30.911385398707349,-30.911385398707349,0,0
0.00052899999999999996,56.677205122622361,-29.479135945412445,-29.479135945412445,0,0
0.00052910000000000001,56.65453877414523,-28.044590603846789,-28.044590603846789,0,0
0.00052919999999999996,56.63188149039442,-26.61064160034854,-26.61064160034854,0,0
0.00052930000000000002,56.60923326774477,-25.180179923339647,-25.180179923339647,0,0
0.00052939999999999997,56.586594102572562,-23.756089448375537,-23.756089448375537,0,0
0.00052950000000000002,56.563963991255534,-22.341241077720991,-22.341241077720991,0,0
0.00052959999999999997,56.541342930172867,-20.938486906361302,-20.938486906361302,0,0
0.00052970000000000003,56.518730915705184,-19.55065442630406,-19.55065442630406,0,0
0.00052979999999999998,56.496127944234573,-18.18054078094892,-18.18054078094892,0,0
0.00052989999999999992,56.473534012144547,-16.830907081200731,-16.830907081200731,0,0
0.00052999999999999998,56.450949115820087,0,0,0,0
0.00053009999999999993,56.433997481678908,0,0,114.06299657969493,114.06299657969493
0.00053019999999999999,56.42888249332087,0,0,236.20773040780236,236.20773040780236
0.00053029999999999993,56.436274328685123,0,0,363.75142911130496,363.75142911130496
0.00053039999999999999,56.456569373947417,0,0,493.91358215632999,493.91358215632999
0.00053049999999999994,56.489883069641415,0,0,623.8663360402428,623.8663360402428
0.0005306,56.536047848429533,0,0,750.78574121841154,750.78574121841154
0.00053069999999999994,56.594616201291771,0,0,871.90292244653256,871.90292244653256
0.0005308,56.664868816006702,0,0,984.55424571297488,984.55424571297488
0.00053089999999999995,56.745827639932529,0,0,1086.2295732163118,1086.2295732163118
0.000531,56.836273629920385,0,0,1174.6177325780322,1174.6177325780322
0.00053109999999999995,56.934768867322596,0,0,1247.6483770383259,1247.6483770383259
0.00053120000000000001,57.039682637031689,0,0,1303.5294788462704,1303.5294788462704
0.00053129999999999996,57.149220997732591,0,0,1340.7797772372787,1340.7797772372787
0.00053140000000000001,57.261459307369115,0,0,1358.2555938545299,1358.2555938545299
0.00053149999999999996,57.374377114360378,0,0,1355.1715305592427,1355.1715305592427
0.00053160000000000002,57.485894782320031,0,0,1331.1146754367401,1331.1146754367401
0.00053169999999999997,57.593911184705235,0,0,1286.0520604322944,1286.0520604322944
0.00053180000000000002,57.696341786518836,0,0,1220.3312363113889,1220.3312363113889
0.00053189999999999997,57.791156423255941,0,0,1134.6739553183106,1134.6739553183106
0.00053200000000000003,57.876416092848672,0,0,1030.1630767463214,1030.1630767463214
0.00053209999999999998,57.950308094318572,0,0,908.2229333708591,908.2229333708591
0.00053219999999999993,58.01117887686798,0,0,770.59351511140835,770.59351511140835
0.00053229999999999998,58.057564004684679,0,0,619.29893823354212,619.29893823354212
0.00053239999999999993,58.088214695044392,0,0,456.61077185329333,456.61077185329333
0.00053249999999999999,58.102120449424817,0,0,285.00688658863413,285.00688658863413
0.00053259999999999994,58.098527368165648,0,0,107.12657123266773,107.12657123266773
0.00053269999999999999,58.076274525668211,-22.478544280262884,-22.478544280262884,0,0
0.00053279999999999994,58.05304866134049,-22.722582744310426,-22.722582744310426,0,0
0.0005329,58.029832085500679,-22.979433376151906,-22.979433376151906,0,0
0.00053299999999999995,58.006624794434124,-23.248550465271062,-23.248550465271062,0,0
0.0005331,57.983426784427657,-23.529363389792284,-23.529363389792284,0,0
0.00053319999999999995,57.960238051769601,-23.821277776377674,-23.821277776377674,0,0
0.00053330000000000001,57.937058592749757,-24.123676708376824,-24.123676708376824,0,0
0.00053339999999999995,57.913888403659413,-24.435921979773578,-24.435921979773578,0,0
0.00053350000000000001,57.890727480791334,-24.757355392381019,-24.757355392381019,0,0
0.00053359999999999996,57.867575820439775,-25.087300093647972,-25.087300093647972,0,0
0.00053370000000000002,57.844433418900472,-25.425061952357833,-25.425061952357833,0,0
0.00053379999999999996,57.821300272470644,-25.769930969423886,-25.769930969423886,0,0
0.00053390000000000002,57.798176377448982,-26.121182720913335,-26.121182720913335,0,0
0.00053399999999999997,57.775061730135661,-26.478079830367516,-26.478079830367516,0,0
0.00053410000000000003,57.751956326832342,-26.839873467425722,-26.839873467425722,0,0
0.00053419999999999997,57.728860163842157,-27.205804869707062,-27.205804869707062,0,0
0.00053429999999999992,57.705773237469721,-27.575106884857139,-27.575106884857139,0,0
0.00053439999999999998,57.682695544021129,-27.947005529625773,-27.947005529625773,0,0
0.00053449999999999993,57.659627079803947,-28.320721562807261,-28.320721562807261,0,0
0.00053459999999999998,57.636567841127217,-28.695472068846367,-28.695472068846367,0,0
0.00053469999999999993,57.613517824301468,-29.070472048892011,-29.070472048892011,0,0
0.00053479999999999999,57.590477025638691,-29.444936016065046,-29.444936016065046,0,0
0.00053489999999999994,57.567445441452364,-29.818079591698424,-29.818079591698424,0,0
0.00053499999999999999,57.544423068057426,-59.164730855403292,-59.164730855403292,0,0
0.00053509999999999994,57.521409901770305,-59.503098018904296,-59.503098018904296,0,0
0.0005352,57.498405938908888,-59.77899194227912,-59.77899194227912,0,0
0.00053529999999999995,57.475411175792544,-59.991829350083776,-59.991829350083776,0,0
0.0005354,57.452425608742111,-60.14115512449753,-60.14115512449753,0,0
0.00053549999999999995,57.429449234079897,-60.226643228630095,-60.226643228630095,0,0
0.00053560000000000001,57.406482048129682,-60.248097367504172,-60.248097367504172,0,0
0.00053569999999999996,57.383524047216717,-60.205451385372896,-60.205451385372896,0,0
0.00053580000000000001,57.360575227667724,-60.098769398568493,-60.098769398568493,0,0
0.00053589999999999996,57.337635585810894,-59.928245663614902,-59.928245663614902,0,0
0.00053600000000000002,57.314705117975876,-59.694204180875957,-59.694204180875957,0,0
0.00053609999999999997,57.291783820493798,-59.397098034547639,-59.397098034547639,0,0
0.00053620000000000002,57.268871689697256,-59.037508470338921,-59.037508470338921,0,0
0.00053629999999999997,57.245968721920306,-58.616143712718653,-58.616143712718653,0,0
0.00053640000000000003,57.223074913498472,-58.133837524135316,-58.133837524135316,0,0
0.00053649999999999998,57.20019026076875,-57.591547509140483,-57.591547509140483,0,0
0.00053659999999999992,57.177314760069592,-56.990353166865773,-56.990353166865773,0,0
0.00053669999999999998,57.154448407740915,-56.331453695813536,-56.331453695813536,0,0
0.00053679999999999993,57.131591200124106,-55.616165555425852,-55.616165555425852,0,0
0.00053689999999999999,57.108743133562008,-54.845919789389612,-54.845919789389612,0,0
0.00053699999999999993,57.085904204398936,-54.022259116120523,-54.022259116120523,0,0
0.00053709999999999999,57.063074408980661,-53.146834792341053,-53.146834792341053,0,0
0.00053719999999999994,57.040253743654411,-52.221403256129207,-52.221403256129207,0,0
0.0005373,57.017442204768884,-51.247822556262406,-51.247822556262406,0,0
0.00053739999999999994,56.994639788674228,-50.228048575115324,-50.228048575115324,0,0
0.0005375,56.971846491722062,-49.164131052789983,-49.164131052789983,0,0
0.00053759999999999995,56.949062310265454,-48.05820942055999,-48.05820942055999,0,0
0.00053770000000000001,56.926287240658937,-46.912508452098493,-46.912508452098493,0,0
0.00053779999999999995,56.903521279258499,-45.729333741329455,-45.729333741329455,0,0
0.00053790000000000001,56.880764422421592,-44.511067016094046,-44.511067016094046,0,0
0.00053799999999999996,56.858016666507112,-43.26016129715763,-43.26016129715763,0,0
0.00053810000000000001,56.835278007875417,-41.979135912396913,-41.979135912396913,0,0
0.00053819999999999996,56.812548442888328,-40.670571376300998,-40.670571376300998,0,0
0.00053830000000000002,56.789827967909112,-39.337104145193599,-39.337104145193599,0,0
0.00053839999999999997,56.767116579302488,-37.981421258836363,-37.981421258836363,0,0
0.00053850000000000002,56.744414273434643,-36.606254879303606,-36.606254879303606,0,0
0.00053859999999999997,56.721721046673196,-35.214376738227827,-35.214376738227827,0,0
0.00053870000000000003,56.699036895387238,-33.808592503701007,-33.808592503701007,0,0
0.00053879999999999998,56.67636181594731,-32.391736078280289,-32.391736078280289,0,0
0.00053889999999999993,56.653695804725388,-30.966663839685996,-30.966663839685996,0,0
0.00053899999999999998,56.631038858094918,-29.536248835896846,-29.536248835896846,0,0
0.00053909999999999993,56.608390972430783,-28.103374946439097,-28.103374946439097,0,0
0.00053919999999999999,56.585752144109328,-26.67093102173553,-26.67093102173553,0,0
0.00053929999999999994,56.563122369508335,-25.241805012424201,-25.241805012424201,0,0
0.00053939999999999999,56.540501645007041,-23.81887810057728,-23.81887810057728,0,0
0.00053949999999999994,56.517889966986132,-22.405018844746291,-22.405018844746291,0,0
0.0005396,56.49528733182774,-21.003077350731871,-21.003077350731871,0,0
0.00053969999999999995,56.472693735915442,-19.615879479923564,-19.615879479923564,0,0
0.0005398,56.45010917563426,-18.246221106978869,-18.246221106978869,0,0
0.00053989999999999995,56.427533647370666,-16.896862438510304,-16.896862438510304,0,0
0.00054000000000000001,56.404967147512579,0,0,0,0
0.00054009999999999996,56.388007187140069,0,0,113.52946351923059,113.52946351923059
0.00054020000000000001,56.382830954092128,0,0,235.15075013945221,235.15075013945221
0.00054029999999999996,56.390110152174991,0,0,362.19096948443308,362.19096948443308
0.00054040000000000002,56.410243664144623,0,0,491.87913002027915,491.87913002027915
0.00054049999999999996,56.443350352460698,0,0,621.39636185612744,621.39636185612744
0.00054060000000000002,56.489266934933163,0,0,747.92700099661715,747.92700099661715
0.00054069999999999997,56.547550973156717,0,0,868.7096096723875,868.7096096723875
0.00054080000000000003,56.617488919017738,0,0,981.08700863872991,981.08700863872991
0.00054089999999999997,56.698109072948846,0,0,1082.5544153343797,1082.5544153343797
0.00054099999999999992,56.788199218658285,0,0,1170.8048162043033,1170.8048162043033
0.00054109999999999998,56.886328614384034,0,0,1243.770751687031,1243.770751687031
0.00054119999999999993,56.99087394185127,0,0,1299.6617574376046,1299.6617574376046
0.00054129999999999998,57.100048742472175,0,0,1336.996784121251,1336.996784121251
0.00054139999999999993,57.211935807217912,0,0,1354.6310091422376,1354.6310091422376
0.00054149999999999999,57.32452193315445,0,0,1351.776555316846,1351.776555316846
0.00054159999999999994,57.435734416834528,0,0,1328.0167419167219,1328.0167419167219
0.00054169999999999999,57.543478623351007,0,0,1283.3136106980662,1283.3136106980662
0.00054179999999999994,57.645675950449125,0,0,1218.0085913698442,1218.0085913698442
0.0005419,57.740301500018091,0,0,1132.8162952330463,1132.8162952330463
0.00054199999999999995,57.825420774660685,0,0,1028.8115501917437,1028.8115501917437
0.0005421,57.899224734776617,0,0,907.40991274074793,907.40991274074793
0.00054219999999999995,57.960062581366699,0,0,770.34201065728473,770.34201065728473
0.00054230000000000001,58.006471671031122,0,0,619.62218182617892,619.62218182617892
0.00054239999999999996,58.037204021646687,0,0,457.51197788716087,457.51197788716087
0.00054250000000000001,58.051248929021803,0,0,286.47919433967462,286.47919433967462
0.00054259999999999996,58.047851285323802,0,0,109.15316969268837,109.15316969268837
0.00054270000000000002,58.025778469116922,-22.413993020194045,-22.413993020194045,0,0
0.00054279999999999997,58.002572799172675,-22.657376223022094,-22.657376223022094,0,0
0.00054290000000000002,57.979376409640196,-22.913652820438056,-22.913652820438056,0,0
0.00054299999999999997,57.95618929680807,-23.18227828797956,-23.18227828797956,0,0
0.00054310000000000003,57.933011456966355,-23.462683022325781,-23.462683022325781,0,0
0.00054319999999999998,57.909842886406594,-23.754273499126722,-23.754273499126722,0,0
0.00054329999999999992,57.886683581421821,-24.056433479429781,-24.056433479429781,0,0
0.00054339999999999998,57.863533538306541,-24.368525262251413,-24.368525262251413,0,0
0.00054349999999999993,57.840392753356753,-24.689890980747915,-24.689890980747915,0,0
0.00054359999999999999,57.817261222869931,-25.019853939350671,-25.019853939350671,0,0
0.00054369999999999993,57.794138943145029,-25.357719989148176,-25.357719989148176,0,0
0.00054379999999999999,57.771025910482479,-25.702778938719351,-25.702778938719351,0,0
0.00054389999999999994,57.747922121184196,-26.054305997550646,-26.054305997550646,0,0
0.000544,57.724827571553575,-26.411563249103263,-26.411563249103263,0,0
0.00054409999999999994,57.701742257895489,-26.773801150536723,-26.773801150536723,0,0
0.0005442,57.678666176516288,-27.140260056040571,-27.140260056040571,0,0
0.00054429999999999995,57.655599323723798,-27.510171760678528,-27.510171760678528,0,0
0.00054440000000000001,57.632541695827328,-27.882761061607287,-27.882761061607287,0,0
0.00054449999999999995,57.609493289137646,-28.257247333497151,-28.257247333497151,0,0
0.00054460000000000001,57.586454099967014,-28.632846114952887,-28.632846114952887,0,0
0.00054469999999999996,57.563424124629165,-29.008770702710752,-29.008770702710752,0,0
0.00054480000000000002,57.540403359439296,-29.384233750371823,-29.384233750371823,0,0
0.00054489999999999996,57.517391800714087,-29.758448868422978,-29.758448868422978,0,0
0.00054500000000000002,57.494389444771691,-59.106241978391139,-59.106241978391139,0,0
0.00054509999999999997,57.471396287931725,-59.445818991065991,-59.445818991065991,0,0
0.00054520000000000002,57.448412326515289,-59.722988327417141,-59.722988327417141,0,0
0.00054529999999999997,57.425437556844948,-59.937164139677762,-59.937164139677762,0,0
0.00054539999999999992,57.402471975244737,-60.087888609718505,-60.087888609718505,0,0
0.00054549999999999998,57.379515578040163,-60.174832877843784,-60.174832877843784,0,0
0.00054559999999999993,57.35656836155821,-60.197797709512116,-60.197797709512116,0,0
0.00054569999999999998,57.333630322127313,-60.15671389862878,-60.15671389862878,0,0
0.00054579999999999993,57.310701456077389,-60.051642406594581,-60.051642406594581,0,0
0.00054589999999999999,57.287781759739822,-59.882774236831082,-59.882774236831082,0,0
0.00054599999999999994,57.264871229447458,-59.650430045040807,-59.650430045040807,0,0
0.00054609999999999999,57.241969861534614,-59.3550594859976,-59.3550594859976,0,0
0.00054619999999999994,57.21907765233707,-58.997240298197539,-58.997240298197539,0,0
0.0005463,57.196194598192072,-58.577677128234072,-58.577677128234072,0,0
0.00054639999999999995,57.173320695438335,-58.097200097289431,-58.097200097289431,0,0
0.0005465,57.15045594041603,-57.556763112658601,-57.556763112658601,0,0
0.00054659999999999995,57.127600329466794,-56.957441927740248,-56.957441927740248,0,0
0.00054670000000000001,57.104753858933734,-56.300431954440086,-56.300431954440086,0,0
0.00054679999999999996,57.081916525161411,-55.587045832435209,-55.587045832435209,0,0
0.00054690000000000001,57.059088324495853,-54.818710760242155,-54.818710760242155,0,0
0.00054699999999999996,57.036269253284551,-53.996965593515043,-53.996965593515043,0,0
0.00054710000000000002,57.013459307876452,-53.123457716473695,-53.123457716473695,0,0
0.00054719999999999997,56.990658484621967,-52.199939692821928,-52.199939692821928,0,0
0.00054730000000000002,56.967866779872956,-51.228265702964862,-51.228265702964862,0,0
0.00054739999999999997,56.945084189982751,-50.210387774767938,-50.210387774767938,0,0
0.00054750000000000003,56.922310711306139,-49.148351815519746,-49.148351815519746,0,0
0.00054759999999999997,56.899546340199365,-48.044293453164954,-48.044293453164954,0,0
0.00054769999999999992,56.876791073020122,-46.900433695260872,-46.900433695260872,0,0
0.00054779999999999998,56.854044906127577,-45.719074414481661,-45.719074414481661,0,0
0.00054789999999999993,56.831307835882335,-44.50259366984632,-44.50259366984632,0,0
0.00054799999999999998,56.808579858646468,-43.253440873180764,-43.253440873180764,0,0
0.00054809999999999993,56.785860970783503,-41.974131810638141,-41.974131810638141,0,0
0.00054819999999999999,56.76315116865841,-40.66724352939643,-40.66724352939643,0,0
0.00054829999999999994,56.740450448637631,-39.335409099925926,-39.335409099925926,0,0
0.00054839999999999999,56.717758807089041,-37.98131226447218,-37.98131226447218,0,0
0.00054849999999999994,56.695076240381979,-36.607681982630723,-36.607681982630723,0,0
0.0005486,56.672402744887243,-35.217286885099412,-35.217286885099412,0,0
0.00054869999999999995,56.649738316977064,-33.812929646880079,-33.812929646880079,0,0
0.0005488,56.627082953025138,-32.397441291365368,-32.397441291365368,0,0
0.00054889999999999995,56.604436649406601,-30.973675436886321,-30.973675436886321,0,0
0.00054900000000000001,56.581799402498049,-29.544502497413582,-29.544502497413582,0,0
0.00054909999999999996,56.559171208677526,-28.112803849197856,-28.112803849197856,0,0
0.00054920000000000001,56.536552064324518,-26.681465975204297,-26.681465975204297,0,0
0.00054929999999999996,56.51394196581996,-25.253374599240693,-25.253374599240693,0,0
0.00054940000000000002,56.491340909546238,-23.831408821699874,-23.831408821699874,0,0
0.00054949999999999997,56.468748891887181,-22.418435268833498,-22.418435268833498,0,0
0.00054960000000000002,56.446165909228064,-21.017302267446745,-21.017302267446745,0,0
0.00054969999999999997,56.423591957955615,-19.630834056851445,-19.630834056851445,0,0
0.00054980000000000003,56.401027034457996,-18.261825049839558,-18.261825049839558,0,0
0.00054989999999999998,56.378471135124826,-16.91303415433903,-16.91303415433903,0,0
0.00054999999999999992,56.355924256347159,0,0,0,0
0.00055009999999999998,56.338977113580093,0,0,113.39317580987705,113.39317580987705
0.00055019999999999993,56.333800008048918,0,0,234.87747853229772,234.87747853229772
0.00055029999999999999,56.341064724055691,0,0,361.78290836388913,361.78290836388913
0.00055039999999999993,56.36117051224889,0,0,491.34132423134031,491.34132423134031
0.00055049999999999999,56.39423688366022,0,0,620.73661494857754,620.73661494857754
0.00055059999999999994,56.440101473548964,0,0,747.15573349359147,747.15573349359147
0.0005507,56.498323013163748,0,0,867.83966993617105,867.83966993617105
0.00055079999999999994,56.568189355008606,0,0,980.13343976496787,980.13343976496787
0.0005509,56.648730405674023,0,0,1081.534182301931,1081.534182301931
0.00055099999999999995,56.738735731420888,0,0,1169.7364982273596,1169.7364982273596
0.00055110000000000001,56.836776517095778,0,0,1242.6742053458383,1242.6742053458383
0.00055119999999999995,56.941231480142072,0,0,1298.5577566927695,1298.5577566927695
0.00055130000000000001,57.050316269879481,0,0,1335.9066437346073,1335.9066437346073
0.00055139999999999996,57.162115819150515,0,0,1353.5761983270622,1353.5761983270622
0.00055150000000000002,57.274619062018211,0,0,1350.7783086163997,1350.7783086163997
0.00055159999999999996,57.385755388410892,0,0,1327.0956743594938,1327.0956743594938
0.00055170000000000002,57.493432175220967,0,0,1282.4893441998299,1282.4893441998299
0.00055179999999999997,57.595572713942921,0,0,1217.299399148126,1217.299399148126
0.00055190000000000003,57.690153847830999,0,0,1132.2387706725767,1132.2387706725767
0.00055199999999999997,57.775242636897239,0,0,1028.3803061558551,1028.3803061558551
0.00055209999999999992,57.849031386756955,0,0,907.13731677153169,907.13731677153169
0.00055219999999999998,57.909870407039918,0,0,770.23796085666106,770.23796085666106
0.00055229999999999993,57.956297906281769,0,0,619.69392747263953,619.69392747263953
0.00055239999999999998,57.987066482144378,0,0,457.7639880321961,457.7639880321961
0.00055249999999999993,58.001165727543267,0,0,286.9130767584864,286.9130767584864
0.00055259999999999999,57.997840543666847,0,0,109.76764165146334,109.76764165146334
0.00055269999999999994,57.975837952196066,-22.392169453865744,-22.392169453865744,0,0
0.00055279999999999999,57.952652254463878,-22.634829379969499,-22.634829379969499,0,0
0.00055289999999999994,57.929475829156175,-22.890377801126302,-22.890377801126302,0,0
0.000553,57.906308672564727,-23.158271692993697,-23.158271692993697,0,0
0.00055309999999999995,57.883150780982788,-23.437942959252592,-23.437942959252592,0,0
0.0005532,57.8600021507051,-23.728799586373878,-23.728799586373878,0,0
0.00055329999999999995,57.836862778027879,-24.030226846974795,-24.030226846974795,0,0
0.00055340000000000001,57.813732659248828,-24.341588549318811,-24.341588549318811,0,0
0.00055349999999999996,57.790611790667121,-24.662228330419371,-24.662228330419371,0,0
0.00055360000000000001,57.767500168583425,-24.991470990119151,-24.991470990119151,0,0
0.00055369999999999996,57.744397789299882,-25.328623863433283,-25.328623863433283,0,0
0.00055380000000000002,57.721304649120107,-25.67297822836721,-25.67297822836721,0,0
0.00055389999999999997,57.6982207443492,-26.023810746347859,-26.023810746347859,0,0
0.00055400000000000002,57.675146071293732,-26.380384932340494,-26.380384932340494,0,0
0.00055409999999999997,57.652080626261764,-26.741952651663492,-26.741952651663492,0,0
0.00055420000000000003,57.629024405562816,-27.107755640458745,-27.107755640458745,0,0
0.00055429999999999998,57.6059774055079,-27.477027046727745,-27.477027046727745,0,0
0.00055439999999999992,57.582939622409491,-27.848992988801346,-27.848992988801346,0,0
0.00055449999999999998,57.559911052581541,-28.22287412807599,-28.22287412807599,0,0
0.00055459999999999993,57.536891692339481,-28.597887252820147,-28.597887252820147,0,0
0.00055469999999999998,57.513881538000213,-28.973246869832177,-28.973246869832177,0,0
0.00055479999999999993,57.490880585882117,-29.34816680071528,-29.34816680071528,0,0
0.00055489999999999999,57.467888832305036,-29.721861779525209,-29.721861779525209,0,0
0.00055499999999999994,57.444906273590291,-59.069158804641972,-59.069158804641972,0,0
0.00055509999999999999,57.421932906060675,-59.408264814804696,-59.408264814804696,0,0
0.00055519999999999994,57.398968726040444,-59.684989207940347,-59.684989207940347,0,0
0.0005553,57.37601372985533,-59.898747060262835,-59.898747060262835,0,0
0.00055539999999999995,57.35306791383254,-60.049081422769802,-60.049081422769802,0,0
0.0005555,57.330131274300733,-60.135664248273301,-60.135664248273301,0,0
0.00055559999999999995,57.307203807590056,-60.15829705646982,-60.15829705646982,0,0
0.00055570000000000001,57.284285510032113,-60.116911335700848,-60.116911335700848,0,0
0.00055579999999999996,57.261376377959969,-60.011568680591111,-60.011568680591111,0,0
0.00055590000000000001,57.23847640770817,-59.842460665287845,-59.842460665287845,0,0
0.00055599999999999996,57.215585595612716,-59.609908452561953,-59.609908452561953,0,0
0.00055610000000000002,57.192703938011078,-59.314362139568544,-59.314362139568544,0,0
0.00055619999999999997,57.169831431242194,-58.956399841599833,-58.956399841599833,0,0
0.00055630000000000002,57.146968071646462,-58.536726515695264,-58.536726515695264,0,0
0.00055639999999999997,57.124113855565746,-58.05617252650292,-58.05617252650292,0,0
0.00055650000000000003,57.101268779343364,-57.515691957309485,-57.515691957309485,0,0
0.00055659999999999998,57.078432839324108,-56.916360669674376,-56.916360669674376,0,0
0.00055669999999999992,57.055606031854232,-56.259374115614193,-56.259374115614193,0,0
0.00055679999999999998,57.03278835328144,-55.546044906786292,-55.546044906786292,0,0
0.00055689999999999993,57.009979799954905,-54.777800145614677,-54.777800145614677,0,0
0.00055699999999999999,56.98718036822526,-53.956178523784232,-53.956178523784232,0,0
0.00055709999999999993,56.9643900544446,-53.082827194002874,-53.082827194002874,0,0
0.00055719999999999999,56.941608854966468,-52.159498421391163,-52.159498421391163,0,0
0.00055729999999999994,56.918836766145873,-51.188046021307173,-51.188046021307173,0,0
0.0005574,56.896073784339286,-50.170421590848221,-50.170421590848221,0,0
0.00055749999999999994,56.873319905904623,-49.10867054168979,-49.10867054168979,0,0
0.0005576,56.850575127201267,-48.004927942326518,-48.004927942326518,0,0
0.00055769999999999995,56.827839444590055,-46.86141417816637,-46.86141417816637,0,0
0.00055780000000000001,56.805112854433276,-45.680430438299958,-45.680430438299958,0,0
0.00055789999999999995,56.782395353094671,-44.464354038118437,-44.464354038118437,0,0
0.00055800000000000001,56.759686936939445,-43.215633587287456,-43.215633587287456,0,0
0.00055809999999999996,56.736987602334253,-41.936784012898364,-41.936784012898364,0,0
0.00055820000000000002,56.714297345647196,-40.630381447912214,-40.630381447912214,0,0
0.00055829999999999996,56.691616163247836,-39.299057995285793,-39.299057995285793,0,0
0.00055840000000000002,56.668944051507182,-37.945496378421325,-37.945496378421325,0,0
0.00055849999999999997,56.646281006797693,-36.572424488812359,-36.572424488812359,0,0
0.00055860000000000003,56.623627025493292,-35.18260984196715,-35.18260984196715,0,0
0.00055869999999999997,56.600982103969336,-33.778853952877284,-33.778853952877284,0,0
0.00055879999999999992,56.578346238602634,-32.363986642462237,-32.363986642462237,0,0
0.00055889999999999998,56.55571942577145,-30.940860286561239,-30.940860286561239,0,0
0.00055899999999999993,56.533101661855497,-29.512344019159851,-29.512344019159851,0,0
0.00055909999999999998,56.510492943235931,-28.081317901632019,-28.081317901632019,0,0
0.00055919999999999993,56.487893266295359,-26.650667069846964,-26.650667069846964,0,0
0.00055929999999999999,56.465302627417827,-25.22327587103527,-25.22327587103527,0,0
0.00055939999999999994,56.442721022988835,-23.802022002329068,-23.802022002329068,0,0
0.00055949999999999999,56.420148449395327,-22.389770662887859,-22.389770662887859,0,0
0.00055959999999999994,56.397584903025688,-20.989368731493506,-20.989368731493506,0,0
0.0005597,56.375030380269756,-19.603638981446302,-19.603638981446302,0,0
0.00055979999999999995,56.352484877518805,-18.235374344517844,-18.235374344517844,0,0
0.0005599,56.329948391165559,-16.887332235616721,-16.887332235616721,0,0
0.00055999999999999995,56.307420917604169,0,0,0,0
0.00056010000000000001,56.290503164523798,0,0,113.59175748708375,113.59175748708375
0.00056019999999999996,56.285374851513062,0,0,235.26532651860521,235.26532651860521
0.00056030000000000001,56.292706670276466,0,0,362.34767002183469,362.34767002183469
0.00056039999999999996,56.312896486400405,0,0,492.06783382998367,492.06783382998367
0.00056050000000000002,56.346062158503045,0,0,621.6071687486874,621.6071687486874
0.00056059999999999997,56.392039432029499,0,0,748.15041075377007,748.15041075377007
0.00056070000000000002,56.450384945259216,0,0,868.93669402036926,868.93669402036926
0.00056079999999999997,56.520384292491656,0,0,981.30957280616315,981.30957280616315
0.00056090000000000003,56.60106499778373,0,0,1082.7651462697022,1082.7651462697022
0.00056099999999999998,56.691214163685522,0,0,1170.997414769666,1170.997414769666
0.00056109999999999992,56.789400474771099,0,0,1243.9400464361324,1243.9400464361324
0.00056119999999999998,56.894000156920441,0,0,1299.8037979187768,1299.8037979187768
0.00056129999999999993,57.003226421705101,0,0,1337.1089120181916,1337.1089120181916
0.00056139999999999998,57.115161862159141,0,0,1354.7119059664087,1354.7119059664087
0.00056149999999999993,57.227793212820536,0,0,1351.8262657904149,1351.8262657904149
0.00056159999999999999,57.339047844172136,0,0,1328.0366726253326,1328.0366726253326
0.00056169999999999994,57.446831330268573,0,0,1283.3065040407103,1283.3065040407103
0.00056179999999999999,57.549065408973128,0,0,1217.9784752805324,1217.9784752805324
0.00056189999999999994,57.643725647194927,0,0,1132.7684095877723,1132.7684095877723
0.000562,57.728878128939208,0,0,1028.7522512364151,1028.7522512364151
0.00056209999999999995,57.802714501760626,0,0,907.34655727371216,907.34655727371216
0.0005622,57.863584747019658,0,0,770.28282206657684,770.28282206657684
0.00056229999999999995,57.910027080642813,0,0,619.57610041004205,619.57610041004205
0.00056240000000000001,57.940794443129512,0,0,457.48849817078224,457.48849817078224
0.00056249999999999996,57.954877099388604,0,0,286.48819233630741,286.48819233630741
0.00056260000000000001,57.95152093950373,0,0,109.2047232391253,109.2047232391253
0.00056269999999999996,57.929492164734476,-22.406811571705358,-22.406811571705358,0,0
0.00056280000000000002,57.906325001610107,-22.648718535020716,-22.648718535020716,0,0
0.00056289999999999997,57.883167103497861,-22.903438701661035,-22.903438701661035,0,0
0.00056300000000000002,57.860018466692473,-23.170430750177385,-23.170430750177385,0,0
0.00056309999999999997,57.836879087490161,-23.449128436660462,-23.449128436660462,0,0
0.00056320000000000003,57.813748962188626,-23.738941745740998,-23.738941745740998,0,0
0.00056329999999999998,57.79062808708705,-24.039258089883749,-24.039258089883749,0,0
0.00056339999999999993,57.767516458486092,-24.349443554537107,-24.349443554537107,0,0
0.00056349999999999998,57.744414072687889,-24.668844186607632,-24.668844186607632,0,0
0.00056359999999999993,57.721320925996061,-24.99678732364033,-24.99678732364033,0,0
0.00056369999999999999,57.698237014715708,-25.332582961003336,-25.332582961003336,0,0
0.00056379999999999993,57.675162335153395,-25.675525154297947,-25.675525154297947,0,0
0.00056389999999999999,57.652096883617183,-26.024893454143911,-26.024893454143911,0,0
0.00056399999999999994,57.629040656416592,-26.379954370423579,-26.379954370423579,0,0
0.0005641,57.605993649862633,-26.739962863009193,-26.739962863009193,0,0
0.00056419999999999994,57.582955860267781,-27.104163855943501,-27.104163855943501,0,0
0.0005643,57.559927283945989,-27.471793771996342,-27.471793771996342,0,0
0.00056439999999999995,57.53690791721268,-27.842082084478474,-27.842082084478474,0,0
0.00056450000000000001,57.513897756384765,-28.214252883158988,-28.214252883158988,0,0
0.00056459999999999995,57.490896797780614,-28.587526451103788,-28.587526451103788,0,0
0.00056470000000000001,57.467905037720072,-28.961120849230721,-28.961120849230721,0,0
0.00056479999999999996,57.44492247252446,-29.334253505361158,-29.334253505361158,0,0
0.00056490000000000002,57.421949098516563,-29.706142804538761,-29.706142804538761,0,0
0.00056499999999999996,57.398984912020644,-59.051619433481136,-59.051619433481136,0,0
0.00056510000000000002,57.376029909362437,-59.388894049119017,-59.388894049119017,0,0
0.00056519999999999997,57.353084086869139,-59.663779789868599,-59.663779789868599,0,0
0.00056530000000000003,57.330147440869411,-59.875695487129093,-59.875695487129093,0,0
0.00056539999999999997,57.307219967693399,-60.024187954148189,-60.024187954148189,0,0
0.00056549999999999992,57.284301663672707,-60.108932905407229,-60.108932905407229,0,0
0.00056559999999999998,57.261392525140401,-60.129735614046723,-60.129735614046723,0,0
0.00056569999999999993,57.238492548431019,-60.0865313059996,-60.0865313059996,0,0
0.00056579999999999998,57.215601729880568,-59.979385290034145,-59.979385290034145,0,0
0.00056589999999999993,57.192720065826514,-59.808492823445832,-59.808492823445832,0,0
0.00056599999999999999,57.169847552607791,-59.574178713674058,-59.574178713674058,0,0
0.00056609999999999994,57.146984186564801,-59.276896656656717,-59.276896656656717,0,0
0.00056619999999999999,57.124129964039405,-58.917228313270186,-58.917228313270186,0,0
0.00056629999999999994,57.101284881374923,-58.495882125735022,-58.495882125735022,0,0
0.0005664,57.078448934916146,-58.013691876395555,-58.013691876395555,0,0
0.00056649999999999995,57.055622121009321,-57.471614991805438,-57.471614991805438,0,0
0.0005666,57.032804436002159,-56.870730595568588,-56.870730595568588,0,0
0.00056669999999999995,57.009995876243828,-56.212237313895585,-56.212237313895585,0,0
0.00056680000000000001,56.987196438084958,-55.497450838337954,-55.497450838337954,0,0
0.00056689999999999996,56.964406117877637,-54.727801250656185,-54.727801250656185,0,0
0.00056700000000000001,56.941624911975417,-53.904830115260879,-53.904830115260879,0,0
0.00056709999999999996,56.918852816733306,-53.030187345138188,-53.030187345138188,0,0
0.00056720000000000002,56.896089828507769,-52.105627847631595,-52.105627847631595,0,0
0.00056729999999999997,56.87333594365672,-51.133007956898766,-51.133007956898766,0,0
0.00056740000000000002,56.850591158539544,-50.114281660296072,-50.114281660296072,0,0
0.00056749999999999997,56.827855469517075,-49.051496626361839,-49.051496626361839,0,0
0.00056760000000000003,56.805128872951606,-47.946790042472557,-47.946790042472557,0,0
0.00056769999999999998,56.782411365206876,-46.802384270632828,-46.802384270632828,0,0
0.00056779999999999992,56.759702942648083,-45.620582330229695,-45.620582330229695,0,0
0.00056789999999999998,56.737003601641881,-44.403763216932838,-44.403763216932838,0,0
0.00056799999999999993,56.71431333855638,-43.154377067255751,-43.154377067255751,0,0
0.00056809999999999999,56.691632149761134,-41.874940178606018,-41.874940178606018,0,0
0.00056819999999999993,56.668960031627151,-40.568029894946548,-40.568029894946548,0,0
0.00056829999999999999,56.646296980526898,-39.236279368462597,-39.236279368462597,0,0
0.00056839999999999994,56.623642992834277,-37.882372207881176,-37.882372207881176,0,0
0.00056849999999999999,56.60099806492466,-36.509037024319881,-36.509037024319881,0,0
0.00056859999999999994,56.578362193174854,-35.119041885749922,-35.119041885749922,0,0
0.0005687,56.555735373963117,-33.715188691344004,-33.715188691344004,0,0
0.00056879999999999995,56.533117603669162,-32.300307477142326,-32.300307477142326,0,0
0.0005689,56.510508878674145,-30.877250664609278,-30.877250664609278,0,0
0.00056899999999999995,56.487909195360665,-29.448887263769389,-29.448887263769389,0,0
0.00056910000000000001,56.465318550112777,-28.018097042703371,-28.018097042703371,0,0
0.00056919999999999996,56.442736939315978,-26.587764675253105,-26.587764675253105,0,0
0.00056930000000000001,56.420164359357216,-25.160773878828667,-25.160773878828667,0,0
0.00056939999999999996,56.397600806624865,-23.740001554230503,-23.740001554230503,0,0
0.00056950000000000002,56.375046277508766,-22.328311939395523,-22.328311939395523,0,0
0.00056959999999999997,56.352500768400191,-20.928550788947504,-20.928550788947504,0,0
0.00056970000000000002,56.329964275691857,-19.543539591379606,-19.543539591379606,0,0
0.00056979999999999997,56.307436795777932,-18.176069835620126,-18.176069835620126,0,0
0.00056989999999999992,56.284918325054015,-16.828897338632249,-16.828897338632249,0,0
0.00056999999999999998,56.262408859917151,0,0,0,0
0.00057009999999999993,56.245532232654682,0,0,114.0523116811105,114.0523116811105
0.00057019999999999998,56.240490343292116,0,0,236.17048222817445,236.17048222817445
0.00057029999999999993,56.247951882420928,0,0,363.67377272304344,363.67377272304344
0.00057039999999999999,56.268311965624278,0,0,493.78395667407955,493.78395667407955
0.00057049999999999994,56.30168500252686,0,0,623.67567373894587,623.67567373894587
0.00057059999999999999,56.347902653143493,0,0,750.52763139915589,750.52763139915589
0.00057069999999999994,56.406516907958576,0,0,871.57372708734931,871.57372708734931
0.0005708,56.47680823535984,0,0,984.15316481539958,984.15316481539958
0.00057089999999999994,56.557798648272481,0,0,1085.7586586699101,1085.7586586699101
0.000571,56.648269452756836,0,0,1174.0818502977079,1174.0818502977079
0.00057109999999999995,56.746783356556584,0,0,1247.0551180661816,1247.0551180661816
0.00057120000000000001,56.851710536650984,0,0,1302.8890210341051,1302.8890210341051
0.00057129999999999995,56.961258193202205,0,0,1340.1047000207407,1340.1047000207407
0.00057140000000000001,57.073503054194688,0,0,1357.5606494792978,1357.5606494792978
0.00057149999999999996,57.186426241680003,0,0,1354.4733759079963,1354.4733759079963
0.00057160000000000002,57.297949867832813,0,0,1330.431569318838,1330.431569318838
0.00057169999999999996,57.405974697764513,0,0,1285.4035318230813,1285.4035318230813
0.00057180000000000002,57.508418196795027,0,0,1219.7377295536141,1219.7377295536141
0.00057189999999999997,57.603252272997828,0,0,1134.1564587147313,1134.1564587147313
0.00057200000000000003,57.68854003143155,0,0,1029.7427412726586,1029.7427412726586
0.00057209999999999997,57.762470874450969,0,0,907.92068841645528,907.92068841645528
0.00057219999999999992,57.82339331252313,0,0,770.42968820798285,770.42968820798285
0.00057229999999999998,57.869844891516244,0,0,619.2928856594109,619.2928856594109
0.00057239999999999993,57.900578694725397,0,0,456.7805268026475,456.7805268026475
0.00057249999999999998,57.914585940001921,0,0,285.36883127655932,285.36883127655932
0.00057259999999999993,57.911114263136469,0,0,107.69513887231686,107.69513887231686
0.00057269999999999999,57.888982978133996,-22.450410921322433,-22.450410921322433,0,0
0.00057279999999999994,57.865832015443964,-22.691603189302786,-22.691603189302786,0,0
0.00057289999999999999,57.842690311287171,-22.945480373357437,-22.945480373357437,0,0
0.00057299999999999994,57.819557861960959,-23.211502883136195,-23.211502883136195,0,0
0.0005731,57.796434663764124,-23.489106462983582,-23.489106462983582,0,0
0.00057319999999999995,57.773320712996963,-23.777703338895709,-23.777703338895709,0,0
0.0005733,57.750216005961235,-24.076683413256337,-24.076683413256337,0,0
0.00057339999999999995,57.727120538960193,-24.385415504923547,-24.385415504923547,0,0
0.00057350000000000001,57.70403430829856,-24.703248632146551,-24.703248632146551,0,0
0.00057359999999999996,57.680957310282537,-25.029513335704852,-25.029513335704852,0,0
0.00057370000000000001,57.657889541219809,-25.363523039580546,-25.363523039580546,0,0
0.00057379999999999996,57.634830997419527,-25.704575446398184,-25.704575446398184,0,0
0.00057390000000000002,57.611781675192333,-26.05195396479596,-26.05195396479596,0,0
0.00057399999999999997,57.588741570850324,-26.404929165827252,-26.404929165827252,0,0
0.00057410000000000002,57.565710680707092,-26.762760265432416,-26.762760265432416,0,0
0.00057419999999999997,57.54268900107769,-27.124696629968039,-27.124696629968039,0,0
0.00057430000000000003,57.519676528278652,-27.48997930173368,-27.48997930173368,0,0
0.00057439999999999998,57.496673258627979,-27.857842541396007,-27.857842541396007,0,0
0.00057449999999999992,57.473679188445153,-28.227515384175351,-28.227515384175351,0,0
0.00057459999999999998,57.45069431405112,-28.598223206632394,-28.598223206632394,0,0
0.00057469999999999993,57.4277186317683,-28.969189300870642,-28.969189300870642,0,0
0.00057479999999999999,57.404752137920582,-29.339636452955698,-29.339636452955698,0,0
0.00057489999999999993,57.381794828833328,-29.708788522343649,-29.708788522343649,0,0
0.00057499999999999999,57.358846700833368,-59.05148177520644,-59.05148177520644,0,0
0.00057509999999999994,57.335907750249007,-59.385932541631334,-59.385932541631334,0,0
0.0005752,57.312977973410007,-59.657959715363475,-59.657959715363475,0,0
0.00057529999999999994,57.290057366647602,-59.866987953606483,-59.866987953606483,0,0
0.0005754,57.267145926294504,-60.012569954048203,-60.012569954048203,0,0
0.00057549999999999995,57.244243648684872,-60.094387362286952,-60.094387362286952,0,0
0.0005756,57.221350530154346,-60.112251417203552,-60.112251417203552,0,0
0.00057569999999999995,57.198466567040029,-60.066103332970712,-60.066103332970712,0,0
0.00057580000000000001,57.175591755680486,-59.956014416926635,-59.956014416926635,0,0
0.00057589999999999996,57.15272609241574,-59.782185923076668,-59.782185923076668,0,0
0.00057600000000000001,57.129869573587293,-59.54494864152376,-59.54494864152376,0,0
0.00057609999999999996,57.1070221955381,-59.244762224665436,-59.244762224665436,0,0
0.00057620000000000002,57.084183954612584,-58.882214251529646,-58.882214251529646,0,0
0.00057629999999999997,57.061354847156622,-58.458019032154269,-58.458019032154269,0,0
0.00057640000000000002,57.038534869517555,-57.973016154442902,-57.973016154442902,0,0
0.00057649999999999997,57.015724018044189,-57.428168776453404,-57.428168776453404,0,0
0.00057659999999999992,56.992922289086785,-56.82456166759232,-56.82456166759232,0,0
0.00057669999999999998,56.970129678997068,-56.163399002699194,-56.163399002699194,0,0
0.00057679999999999993,56.947346184128222,-55.446001913506251,-55.446001913506251,0,0
0.00057689999999999998,56.92457180083489,-54.673805802452492,-54.673805802452492,0,0
0.00057699999999999993,56.90180652547317,-53.848357424313704,-53.848357424313704,0,0
0.00057709999999999999,56.879050354400611,-52.971311741581914,-52.971311741581914,0,0
0.00057719999999999994,56.856303283976231,-52.044428559987381,-52.044428559987381,0,0
0.00057729999999999999,56.833565310560502,-51.069568951003063,-51.069568951003063,0,0
0.00057739999999999994,56.810836430515337,-50.048691468604034,-50.048691468604034,0,0
0.0005775,56.788116640204123,-48.98384816797271,-48.98384816797271,0,0
0.00057759999999999995,56.765405935991694,-47.877180434242931,-47.877180434242931,0,0
0.0005777,56.742704314244335,-46.730914629761642,-46.730914629761642,0,0
0.00057779999999999995,56.720011771329787,-45.547357568716222,-45.547357568716222,0,0
0.00057790000000000001,56.697328303617248,-44.328891828325681,-44.328891828325681,0,0
0.00057799999999999995,56.674653907477357,-43.077970906126012,-43.077970906126012,0,0
0.00057810000000000001,56.651988579282211,-41.797114233193092,-41.797114233193092,0,0
0.00057819999999999996,56.629332315405357,-40.488902053438494,-40.488902053438494,0,0
0.00057830000000000002,56.606685112221797,-39.155970179386259,-39.155970179386259,0,0
0.00057839999999999996,56.584046966107977,-37.801004635088972,-37.801004635088972,0,0
0.00057850000000000002,56.561417873441791,-36.426736197071186,-36.426736197071186,0,0
0.00057859999999999997,56.538797830602583,-35.035934844395115,-35.035934844395115,0,0
0.00057870000000000003,56.516186833971148,-33.631404129127944,-33.631404129127944,0,0
0.00057879999999999997,56.493584879929728,-32.215975478652012,-32.215975478652012,0,0
0.00057889999999999992,56.470991964862009,-30.792502441397271,-30.792502441397271,0,0
0.00057899999999999998,56.448408085153126,-29.363854887690302,-29.363854887690302,0,0
0.00057909999999999993,56.425833237189657,-27.932913177505306,-27.932913177505306,0,0
0.00057919999999999998,56.403267417359629,-26.50256230696958,-26.50256230696958,0,0
0.00057929999999999993,56.380710622052504,-25.075686045518854,-25.075686045518854,0,0
0.00057939999999999999,56.358162847659202,-23.655161075617087,-23.655161075617087,0,0
0.00057949999999999994,56.335624090572075,-22.24385114694951,-22.24385114694951,0,0
0.00057959999999999999,56.313094347184922,-20.844601256968573,-20.844601256968573,0,0
0.00057969999999999994,56.290573613892981,-19.460231869618394,-19.460231869618394,0,0
0.0005798,56.268061887092941,-18.093533183985876,-18.093533183985876,0,0
0.00057989999999999995,56.245559163182925,-16.74725946452482,-16.74725946452482,0,0
0.00058,56.223065438562493,0,0,0,0
0.00058009999999999995,56.206237007457489,0,0,114.69920105718079,114.69920105718079
0.00058020000000000001,56.201307051146529,0,0,237.44398284259805,237.44398284259805
0.00058029999999999996,56.208941650823881,0,0,365.54255338313777,365.54255338313777
0.00058040000000000001,56.2295322354517,0,0,496.20620214838749,496.20620214838749
0.00058049999999999996,56.263188517721119,0,0,626.5998435890416,626.5998435890416
0.00058060000000000002,56.309736535602603,0,0,753.89339486080496,753.89339486080496
0.00058069999999999997,56.368721834372273,0,0,875.31305704760837,875.31305704760837
0.00058080000000000002,56.439417730889254,0,0,988.19157105253009,988.19157105253009
0.00058089999999999997,56.520838509851998,0,0,1090.0165380028259,1090.0165380028259
0.00058100000000000003,56.611757312447509,0,0,1178.4759291766925,1178.4759291766925
0.00058109999999999998,56.710728392842519,0,0,1251.499961465056,1251.499961465056
0.00058119999999999992,56.816113338889707,0,0,1307.2985803061224,1307.2985803061224
0.00058129999999999998,56.926110781665095,0,0,1344.3938716778819,1344.3938716778819
0.00058139999999999993,57.038789055315426,0,0,1361.6468166600062,1361.6468166600062
0.00058149999999999999,57.152121215317649,0,0,1358.2779046151827,1358.2779046151827
0.00058159999999999993,57.264021780603088,0,0,1333.8812323324223,1333.8812323324223
0.00058169999999999999,57.372384533847949,0,0,1288.4318345044553,1288.4318345044553
0.00058179999999999994,57.475120695141392,0,0,1222.2861135393653,1222.2861135393653
0.0005819,57.570196777558301,0,0,1136.1753617114789,1136.1753617114789
0.00058199999999999994,57.655671439004315,0,0,1031.1924937737469,1031.1924937737469
0.0005821,57.729730662959632,0,0,908.77223111723788,908.77223111723788
0.00058219999999999995,57.790720631092519,0,0,770.66509714591939,770.66509714591939
0.00058230000000000001,57.837177692592888,0,0,618.90569558931827,618.90569558931827
0.00058239999999999995,57.867854887730822,0,0,455.7758469730353,455.7758469730353
0.00058250000000000001,57.881744545619163,0,0,283.76325153383124,283.76325153383124
0.00058259999999999996,57.878096547321057,0,0,105.51642781758584,105.51642781758584
0.00058270000000000001,57.855812570264447,-22.51520152652304,-22.51520152652304,0,0
0.00058279999999999996,57.832674873084279,-22.755742647393202,-22.755742647393202,0,0
0.00058290000000000002,57.809546429132219,-23.008804657458096,-23.008804657458096,0,0
0.00058299999999999997,57.786427234707709,-23.273849638409292,-23.273849638409292,0,0
0.00058310000000000002,57.763317286111679,-23.550315336538926,-23.550315336538926,0,0
0.00058319999999999997,57.740216579646535,-23.837616305624255,-23.837616305624255,0,0
0.00058329999999999992,57.71712511161617,-24.135145096929282,-24.135145096929282,0,0
0.00058339999999999998,57.694042878325945,-24.442273493904604,-24.442273493904604,0,0
0.00058349999999999993,57.670969876082701,-24.758353789075773,-24.758353789075773,0,0
0.00058359999999999998,57.647906101194764,-25.082720100524885,-25.082720100524885,0,0
0.00058369999999999993,57.624851549971929,-25.414689725289474,-25.414689725289474,0,0
0.00058379999999999999,57.601806218725464,-25.753564526928091,-25.753564526928091,0,0
0.00058389999999999994,57.578770103768115,-26.09863235443235,-26.09863235443235,0,0
0.00058399999999999999,57.555743201414103,-26.449168489601437,-26.449168489601437,0,0
0.00058409999999999994,57.53272550797913,-26.804437119937671,-26.804437119937671,0,0
0.0005842,57.509717019780361,-27.163692834069511,-27.163692834069511,0,0
0.00058429999999999995,57.486717733136437,-27.526182136662801,-27.526182136662801,0,0
0.0005844,57.463727644367474,-27.891144979741437,-27.891144979741437,0,0
0.00058449999999999995,57.440746749795053,-28.257816307305507,-28.257816307305507,0,0
0.00058460000000000001,57.417775045742239,-28.625427610107611,-28.625427610107611,0,0
0.00058469999999999996,57.394812528533549,-28.99320848742779,-28.99320848742779,0,0
0.00058480000000000001,57.371859194494988,-29.360388212673353,-29.360388212673353,0,0
0.00058489999999999996,57.348915039954022,-29.7261972996216,-29.7261972996216,0,0
0.00058500000000000002,57.325980061239584,-59.065478822220527,-59.065478822220527,0,0
0.00058509999999999996,57.303054254682081,-59.396456057951966,-59.396456057951966,0,0
0.00058520000000000002,57.280137616613381,-59.664954973454073,-59.664954973454073,0,0
0.00058529999999999997,57.257230143366819,-59.87040740994729,-59.87040740994729,0,0
0.00058540000000000003,57.234331831277203,-60.012373345659469,-60.012373345659469,0,0
0.00058549999999999997,57.211442676680804,-60.090541788455823,-60.090541788455823,0,0
0.00058559999999999992,57.18856267591535,-60.104731406248561,-60.104731406248561,0,0
0.00058569999999999998,57.165691825320046,-60.054890893908492,-60.054890893908492,0,0
0.00058579999999999993,57.142830121235562,-59.941099075935981,-59.941099075935981,0,0
0.00058589999999999998,57.119977560004017,-59.76356474468605,-59.76356474468605,0,0
0.00058599999999999993,57.097134137969,-59.522626234479418,-59.522626234479418,0,0
0.00058609999999999999,57.074299851475573,-59.218750732468351,-59.218750732468351,0,0
0.00058619999999999994,57.051474696870237,-58.852533327660737,-58.852533327660737,0,0
0.00058629999999999999,57.028658670500981,-58.424695800038378,-58.424695800038378,0,0
0.00058639999999999994,57.005851768717228,-57.936085152233161,-57.936085152233161,0,0
0.0005865,56.98305398786988,-57.387671886748308,-57.387671886748308,0,0
0.00058659999999999995,56.960265324311294,-56.780548032228566,-56.780548032228566,0,0
0.0005867,56.937485774395284,-56.115924922793567,-56.115924922793567,0,0
0.00058679999999999995,56.914715334477116,-55.39513073494993,-55.39513073494993,0,0
0.00058690000000000001,56.891954000913522,-54.619607787090601,-54.619607787090601,0,0
0.00058699999999999996,56.869201770062688,-53.790909607072109,-53.790909607072109,0,0
0.00058710000000000001,56.846458638284261,-52.910697773831743,-52.910697773831743,0,0
0.00058719999999999996,56.82372460193934,-51.980738539465747,-51.980738539465747,0,0
0.00058730000000000002,56.800999657390477,-51.002899238635806,-51.002899238635806,0,0
0.00058739999999999997,56.778283801001677,-49.979144492602856,-49.979144492602856,0,0
0.00058750000000000002,56.755577029138408,-48.911532215605021,-48.911532215605021,0,0
0.00058759999999999997,56.732879338167585,-47.802209431697619,-47.802209431697619,0,0
0.00058769999999999992,56.710190724457576,-46.653407910558371,-46.653407910558371,0,0
0.00058779999999999998,56.687511184378202,-45.467439631128968,-45.467439631128968,0,0
0.00058789999999999992,56.664840714300738,-44.246692082313558,-44.246692082313558,0,0
0.00058799999999999998,56.642179310597911,-42.993623410285899,-42.993623410285899,0,0
0.00058809999999999993,56.619526969643893,-41.710757422268614,-41.710757422268614,0,0
0.00058819999999999999,56.596883687814312,-40.400678456939346,-40.400678456939346,0,0
0.00058829999999999993,56.574249461486247,-39.066026131889672,-39.066026131889672,0,0
0.00058839999999999999,56.551624287038209,-37.709489978812229,-37.709489978812229,0,0
0.00058849999999999994,56.529008160850182,-36.333803977319675,-36.333803977319675,0,0
0.0005886,56.506401079303579,-34.941740998504869,-34.941740998504869,0,0
0.00058869999999999994,56.483803038781268,-33.536107169534887,-33.536107169534887,0,0
0.0005888,56.461214035667567,-32.119736170732118,-32.119736170732118,0,0
0.00058889999999999995,56.438634066348229,-30.695483476732214,-30.695483476732214,0,0
0.00058900000000000001,56.416063127210464,-29.266220553422805,-29.266220553422805,0,0
0.00058909999999999995,56.393501214642917,-27.83482902245607,-27.83482902245607,0,0
0.00058920000000000001,56.370948325035691,-26.404194805194294,-26.404194805194294,0,0
0.00058929999999999996,56.348404454780315,-24.977202257989163,-24.977202257989163,0,0
0.00058940000000000002,56.325869600269769,-23.556728310712899,-23.556728310712899,0,0
0.00058949999999999996,56.303343757898482,-22.145636620452755,-22.145636620452755,0,0
0.00058960000000000002,56.280826924062318,-20.746771752249209,-20.746771752249209,0,0
0.00058969999999999997,56.258319095158576,-19.362953398703329,-19.362953398703329,0,0
0.00058980000000000002,56.235820267586014,-17.996970650199511,-17.996970650199511,0,0
0.00058989999999999997,56.213330437744816,-16.651576327386788,-16.651576327386788,0,0
0.00058999999999999992,56.190849602036607,0,0,0,0
0.00059009999999999998,56.174072186286025,0,0,115.45927383470969,115.45927383470969
0.00059019999999999993,56.169268194577818,0,0,238.94144829961292,238.94144829961292
0.00059029999999999998,56.177100750069016,0,0,367.74160838583651,367.74160838583651
0.00059039999999999993,56.197957043399647,0,0,499.0585708228806,499.0585708228806
0.00059049999999999999,56.231941345588211,0,0,630.04565344695629,630.04565344695629
0.00059059999999999994,56.278873148302388,0,0,757.86226285991916,757.86226285991916
0.00059069999999999999,56.338290464601251,0,0,879.72536589194635,879.72536589194635
0.00059079999999999994,56.409458229771339,0,0,992.95991259285472,992.95991259285472
0.0005909,56.491381649509165,0,0,1095.0472975744779,1095.0472975744779
0.00059099999999999995,56.58282425311041,0,0,1183.6709821619691,1183.6709821619691
0.0005911,56.682330324133261,0,0,1256.7584513379222,1256.7584513379222
0.00059119999999999995,56.788251301753064,0,0,1312.5187459447086,1312.5187459447086
0.00059130000000000001,56.898775674151686,0,0,1349.4748908415413,1349.4748908415413
0.00059139999999999996,57.011961822089994,0,0,1366.4906322387167,1366.4906322387167
0.00059150000000000001,57.125773217437768,0,0,1362.7910005749443,1362.7910005749443
0.00059159999999999996,57.238115338848914,0,0,1337.9763271952377,1337.9763271952377
0.00059170000000000002,57.346873635740778,0,0,1292.0294616988378,1292.0294616988378
0.00059179999999999996,57.449951852825336,0,0,1225.3160600099166,1225.3160600099166
0.00059190000000000002,57.545310020987991,0,0,1138.5779387466671,1138.5779387466671
0.00059199999999999997,57.631001426432867,0,0,1032.9196170529895,1032.9196170529895
0.00059210000000000003,57.705207888598331,0,0,909.78829043657981,909.78829043657981
0.00059219999999999997,57.766272708056064,0,0,770.94760009333174,770.94760009333174
0.00059229999999999992,57.812730687882905,0,0,618.44567353682442,618.44567353682442
0.00059239999999999998,57.843334685070424,0,0,454.57801605929728,454.57801605929728
0.00059249999999999993,57.857078211449682,0,0,281.84592574944998,281.84592574944998
0.00059259999999999998,57.853213675217582,0,0,102.9111857957942,102.9111857957942
0.00059269999999999993,57.83075010378024,-22.59348743899805,-22.59348743899805,0,0
0.00059279999999999999,57.80762242958194,-22.833480322042835,-22.833480322042835,0,0
0.00059289999999999994,57.784504004603349,-23.085810668011742,-23.085810668011742,0,0
0.00059299999999999999,57.761394825145523,-23.349942057875349,-23.349942057875349,0,0
0.00059309999999999994,57.738294887510989,-23.625314106887846,-23.625314106887846,0,0
0.0005932,57.71520418800376,-23.911343603669057,-23.911343603669057,0,0
0.00059329999999999995,57.692122722929327,-24.207425695660067,-24.207425695660067,0,0
0.0005934,57.66905048859465,-24.51293511854281,-24.51293511854281,0,0
0.00059349999999999995,57.645987481308175,-24.827227467124647,-24.827227467124647,0,0
0.00059360000000000001,57.622933697379821,-25.149640505104902,-25.149640505104902,0,0
0.00059369999999999996,57.599889133120982,-25.479495511061121,-25.479495511061121,0,0
0.00059380000000000001,57.576853784844531,-25.816098657919422,-25.816098657919422,0,0
0.00059389999999999996,57.553827648864804,-26.1587424231051,-26.1587424231051,0,0
0.00059400000000000002,57.530810721497623,-26.506707026507652,-26.506707026507652,0,0
0.00059409999999999997,57.507802999060281,-26.859261893337457,-26.859261893337457,0,0
0.00059420000000000002,57.484804477871542,-27.215667138901306,-27.215667138901306,0,0
0.00059429999999999997,57.461815154251646,-27.575175072278984,-27.575175072278984,0,0
0.00059439999999999992,57.438835024522291,-27.937031715845027,-27.937031715845027,0,0
0.00059449999999999998,57.415864085006667,-28.300478337547684,-28.300478337547684,0,0
0.00059459999999999992,57.392902332029415,-28.664752992830831,-28.664752992830831,0,0
0.00059469999999999998,57.369949761916658,-29.029092073065531,-29.029092073065531,0,0
0.00059479999999999993,57.347006370995992,-29.39273185734427,-29.39273185734427,0,0
0.00059489999999999999,57.324072155596461,-29.75491006448453,-29.75491006448453,0,0
0.00059499999999999993,57.301147112048604,-59.090477158185223,-59.090477158185223,0,0
0.00059509999999999999,57.278231236684405,-59.417663975370303,-59.417663975370303,0,0
0.00059519999999999994,57.255324525837324,-59.682304196447276,-59.682304196447276,0,0
0.0005953,57.232426975842287,-59.883837515055575,-59.883837515055575,0,0
0.00059539999999999994,57.209538583035695,-60.021831884532602,-60.021831884532602,0,0
0.0005955,57.186659343755395,-60.095984394335474,-60.095984394335474,0,0
0.00059559999999999995,57.163789254340713,-60.106121884026251,-60.106121884026251,0,0
0.00059570000000000001,57.140928311132434,-60.052201293576246,-60.052201293576246,0,0
0.00059579999999999995,57.118076510472804,-59.934309749280771,-59.934309749280771,0,0
0.00059590000000000001,57.09523384870554,-59.752664385112922,-59.752664385112922,0,0
0.00059599999999999996,57.07240032217581,-59.507611899882605,-59.507611899882605,0,0
0.00059610000000000002,57.049575927230258,-59.19962785110404,-59.19962785110404,0,0
0.00059619999999999996,57.026760660216972,-58.829315687009881,-58.829315687009881,0,0
0.00059630000000000002,57.003954517485518,-58.397405518682334,-58.397405518682334,0,0
0.00059639999999999997,56.981157495386903,-57.904752634799493,-57.904752634799493,0,0
0.00059650000000000002,56.958369590273612,-57.352335762018541,-57.352335762018541,0,0
0.00059659999999999997,56.935590798499575,-56.741255074533854,-56.741255074533854,0,0
0.00059669999999999992,56.91282111642019,-56.072729956858254,-56.072729956858254,0,0
0.00059679999999999998,56.890060540392305,-55.348096524376572,-55.348096524376572,0,0
0.00059689999999999993,56.867309066774226,-54.568804906713183,-54.568804906713183,0,0
0.00059699999999999998,56.844566691925721,-53.736416299437195,-53.736416299437195,0,0
0.00059709999999999993,56.821833412208008,-52.852599790099276,-52.852599790099276,0,0
0.00059719999999999999,56.799109223983763,-51.919128965053105,-51.919128965053105,0,0
0.00059729999999999994,56.776394123617109,-50.937878303959536,-50.937878303959536,0,0
0.00059739999999999999,56.753688107473643,-49.910819369302942,-49.910819369302942,0,0
0.00059749999999999994,56.730991171920394,-48.840016798665914,-48.840016798665914,0,0
0.0005976,56.70830331332585,-47.727624107908952,-47.727624107908952,0,0
0.00059769999999999995,56.685624528059961,-46.575879313786189,-46.575879313786189,0,0
0.0005978,56.662954812494114,-45.387100384894779,-45.387100384894779,0,0
0.00059789999999999995,56.640294163001158,-44.163680530204573,-44.163680530204573,0,0
0.00059800000000000001,56.617642575955387,-42.908083334744497,-42.908083334744497,0,0
0.00059809999999999996,56.595000047732547,-41.622837752332543,-41.622837752332543,0,0
0.00059820000000000001,56.572366574709839,-40.310532965526804,-40.310532965526804,0,0
0.00059829999999999996,56.549742153265903,-38.973813123244497,-38.973813123244497,0,0
0.00059840000000000002,56.527126779780836,-37.615371966744519,-37.615371966744519,0,0
0.00059849999999999997,56.504520450636171,-36.237947354895795,-36.237947354895795,0,0
0.00059860000000000002,56.481923162214898,-34.844315699858207,-34.844315699858207,0,0
0.00059869999999999997,56.459334910901454,-33.437286324484745,-33.437286324484745,0,0
0.00059880000000000003,56.436755693081714,-32.019695752912583,-32.019695752912583,0,0
0.00059889999999999997,56.41418550514301,-30.594401945946299,-30.594401945946299,0,0
0.00059899999999999992,56.391624343474106,-29.164278492948618,-29.164278492948618,0,0
0.00059909999999999998,56.369072204465212,-27.732208772042146,-27.732208772042146,0,0
0.00059919999999999993,56.346529084507992,-26.301080090489997,-26.301080090489997,0,0
0.00059929999999999998,56.323994979995547,-24.873777817163212,-24.873777817163212,0,0
0.00059939999999999993,56.301469887322419,-23.453179519018867,-23.453179519018867,0,0
0.00059949999999999999,56.278953802884594,-22.042149113504443,-22.042149113504443,0,0
0.00059959999999999994,56.256446723079499,-20.64353104877156,-20.64353104877156,0,0
0.00059969999999999999,56.233948644305997,-19.260144523525486,-19.260144523525486,0,0
0.00059979999999999994,56.2114595629644,-17.894777758256119,-17.894777758256119,0,0
0.0005999,56.188979475456449,-16.550182329491669,-16.550182329491669,0,0
0.00059999999999999995,56.166508378185334,0,0,0,0
0.0006001,56.14978116980646,0,0,116.2661693174588,116.2661693174588
0.00060019999999999995,56.145106998668474,0,0,240.53205275567558,240.53205275567558
0.00060030000000000001,56.153145931969284,0,0,370.07870656088079,370.07870656088079
0.00060039999999999996,56.174280734740663,0,0,502.09159470798431,502.09159470798431
0.00060050000000000001,56.208609963084719,0,0,633.71160003837122,633.71160003837122
0.00060059999999999996,56.255946208128492,0,0,762.08683703745646,762.08683703745646
0.00060070000000000002,56.315819521912317,0,0,884.42432768954711,884.42432768954711
0.00060079999999999997,56.387485962565002,0,0,998.04060443519006,998.04060443519006
0.00060090000000000002,56.469941103401894,0,0,1100.4103237965528,1100.4103237965528
0.00060099999999999997,56.561938260689573,0,0,1189.2120103736199,1189.2120103736199
0.00060109999999999992,56.662011109381048,0,0,1262.3701029916458,1262.3701029916458
0.00060119999999999998,56.768500276685117,0,0,1318.0925418532906,1318.0925418532906
0.00060129999999999992,56.879583431331191,0,0,1354.9032164005891,1354.9032164005891
0.00060139999999999998,56.993308323129519,0,0,1371.6686867563315,1371.6686867563315
0.00060149999999999993,57.107628174051328,0,0,1367.6186954027105,1367.6186954027105
0.00060159999999999999,57.220438779529616,0,0,1342.360098286108,1342.360098286108
0.00060169999999999993,57.329616647777812,0,0,1295.8839637713827,1295.8839637713827
0.00060179999999999999,57.43305748619958,0,0,1228.5657116466091,1228.5657116466091
0.00060189999999999994,57.528714337754927,0,0,1141.1582904573713,1141.1582904573713
0.000602,57.614634676568116,0,0,1034.7785175446104,1034.7785175446104
0.00060209999999999994,57.688995790992806,0,0,910.88682998770037,910.88682998770037
0.0006022,57.750137813445697,0,0,771.26081397231644,771.26081397231644
0.00060229999999999995,57.796593799016364,0,0,617.96299275008516,617.96299275008516
0.00060240000000000001,57.827116308384412,0,0,453.30345729440961,453.30345729440961
0.00060249999999999995,57.8407000139537,0,0,279.79801710262899,279.79801710262899
0.00060260000000000001,57.836599920198651,0,0,100.12262965928919,100.12262965928919
0.00060269999999999996,57.813950668828895,-22.678228775705346,-22.678228775705346,0,0
0.00060280000000000002,57.790829713060795,-22.917784088870061,-22.917784088870061,0,0
0.00060289999999999996,57.767718003825578,-23.169488487163843,-23.169488487163843,0,0
0.00060300000000000002,57.744615537425361,-23.432806832706962,-23.432806832706962,0,0
0.00060309999999999997,57.721522310163756,-23.707180402095926,-23.707180402095926,0,0
0.00060320000000000003,57.698438318345843,-23.992028022104822,-23.992028022104822,0,0
0.00060329999999999997,57.675363558278185,-24.286747250994434,-24.286747250994434,0,0
0.00060339999999999992,57.652298026268816,-24.590715603028077,-24.590715603028077,0,0
0.00060349999999999998,57.629241718627256,-24.903291813705234,-24.903291813705234,0,0
0.00060359999999999993,57.606194631664493,-25.22381714314125,-25.22381714314125,0,0
0.00060369999999999998,57.583156761692997,-25.551616714943936,-25.551616714943936,0,0
0.00060379999999999993,57.560128105026706,-25.886000887865944,-25.886000887865944,0,0
0.00060389999999999999,57.53710865798103,-26.226266657444977,-26.226266657444977,0,0
0.00060399999999999994,57.514098416872862,-26.571699084783173,-26.571699084783173,0,0
0.00060409999999999999,57.491097378020562,-26.921572749561722,-26.921572749561722,0,0
0.00060419999999999994,57.468105537743966,-27.275153224337853,-27.275153224337853,0,0
0.0006043,57.445122892364381,-27.631698567127682,-27.631698567127682,0,0
0.00060439999999999995,57.422149438204585,-27.99046082924168,-27.99046082924168,0,0
0.0006045,57.399185171588819,-28.35068757530836,-28.35068757530836,0,0
0.00060459999999999995,57.376230088842803,-28.711623412397127,-28.711623412397127,0,0
0.00060470000000000001,57.35328418629372,-29.072511525132679,-29.072511525132679,0,0
0.00060479999999999996,57.330347460270232,-29.432595213681349,-29.432595213681349,0,0
0.00060490000000000001,57.307419907102457,-29.791119431483903,-29.791119431483903,0,0
0.00060499999999999996,57.284501523121989,-59.122942075707442,-59.122942075707442,0,0
0.00060510000000000002,57.261592304661889,-59.446301600480538,-59.446301600480538,0,0
0.00060519999999999997,57.23869224805668,-59.707039471670157,-59.707039471670157,0,0
0.00060530000000000002,57.215801349642355,-59.904603320806586,-59.904603320806586,0,0
0.00060539999999999997,57.192919605756366,-60.038569175416598,-60.038569175416598,0,0
0.00060549999999999992,57.170047012737633,-60.108642319035354,-60.108642319035354,0,0
0.00060559999999999998,57.14718356692655,-60.114657888538602,-60.114657888538602,0,0
0.00060569999999999992,57.124329264664958,-60.056581207584117,-60.056581207584117,0,0
0.00060579999999999998,57.101484102296169,-59.93450785548842,-59.93450785548842,0,0
0.00060589999999999993,57.07864807616496,-59.748663471401798,-59.748663471401798,0,0
0.00060599999999999998,57.055821182617564,-59.499403294182727,-59.499403294182727,0,0
0.00060609999999999993,57.033003418001677,-59.187211438910268,-59.187211438910268,0,0
0.00060619999999999999,57.01019477866646,-58.812699911507565,-58.812699911507565,0,0
0.00060629999999999994,56.987395260962529,-58.376607363482265,-58.376607363482265,0,0
0.00060639999999999999,56.964604861241959,-57.879797589317633,-57.879797589317633,0,0
0.00060649999999999994,56.941823575858294,-57.323257769570901,-57.323257769570901,0,0
0.0006066,56.91905140116652,-56.708096463252346,-56.708096463252346,0,0
0.00060669999999999995,56.896288333523088,-56.035541353568078,-56.035541353568078,0,0
0.0006068,56.873534369285913,-55.30693675161028,-55.30693675161028,0,0
0.00060689999999999995,56.850789504814358,-54.523740863071083,-54.523740863071083,0,0
0.00060700000000000001,56.828053736469244,-53.687522823537208,-53.687522823537208,0,0
0.00060709999999999996,56.805327060612854,-52.799959508393172,-52.799959508393172,0,0
0.00060720000000000001,56.782609473608915,-51.862832123818322,-51.862832123818322,0,0
0.00060729999999999996,56.75990097182261,-50.878022585808353,-50.878022585808353,0,0
0.00060740000000000002,56.737201551620579,-49.847509694582058,-49.847509694582058,0,0
0.00060749999999999997,56.714511209370919,-48.773365112150216,-48.773365112150216,0,0
0.00060760000000000002,56.691829941443174,-47.657749151223044,-47.657749151223044,0,0
0.00060769999999999997,56.669157744208341,-46.502906384016413,-46.502906384016413,0,0
0.00060779999999999992,56.646494614038865,-45.311161079882375,-45.311161079882375,0,0
0.00060789999999999998,56.623840547308653,-44.084912481037833,-44.084912481037833,0,0
0.00060799999999999993,56.60119554039305,-42.826629925993608,-42.826629925993608,0,0
0.00060809999999999998,56.578559589668849,-41.538847830595827,-41.538847830595827,0,0
0.00060819999999999993,56.555932691514307,-40.224160536880774,-40.224160536880774,0,0
0.00060829999999999999,56.533314842309117,-38.885217040212737,-38.885217040212737,0,0
0.00060839999999999993,56.510706038434421,-37.52471560542152,-37.52471560542152,0,0
0.00060849999999999999,56.488106276272809,-36.145398282882212,-36.145398282882212,0,0
0.00060859999999999994,56.465515552208323,-34.750045335682245,-34.750045335682245,0,0
0.0006087,56.442933862626447,-33.341469589202035,-33.341469589202035,0,0
0.00060879999999999994,56.420361203914112,-31.922510714592566,-31.922510714592566,0,0
0.0006089,56.397797572459687,-30.496029457767726,-30.496029457767726,0,0
0.00060899999999999995,56.375242964652998,-29.064901825639645,-29.064901825639645,0,0
0.00060910000000000001,56.352697376885295,-27.632013241412075,-27.632013241412075,0,0
0.00060919999999999995,56.330160805549298,-26.200252680809626,-26.200252680809626,0,0
0.00060930000000000001,56.307633247039149,-24.772506801159157,-24.772506801159157,0,0
0.00060939999999999996,56.285114697750437,-23.351654075254196,-23.351654075254196,0,0
0.00060950000000000002,56.262605154080198,-21.940558941923165,-21.940558941923165,0,0
0.00060959999999999996,56.240104612426904,-20.542065985188259,-20.542065985188259,0,0
0.00060970000000000002,56.21761306919047,-19.158994153843565,-19.158994153843565,0,0
0.00060979999999999997,56.195130520772246,-17.794131033198596,-17.794131033198596,0,0
0.00060990000000000003,56.172656963575022,-16.450227180627476,-16.450227180627476,0,0
0.00060999999999999997,56.150192394003035,0,0,0,0
0.00061009999999999992,56.13351165596815,0,0,117.06265684240394,117.06265684240394
0.00061019999999999998,56.128962574724724,0,0,242.10276946848802,242.10276946848802
0.00061029999999999993,56.137202260160279,0,0,372.38747147201667,372.38747147201667
0.00061039999999999998,56.15860915999189,0,0,505.08896141537809,505.08896141537809
0.00061049999999999993,56.1932762313834,0,0,637.33575415996245,637.33575415996245
0.00061059999999999999,56.241009286484982,0,0,766.26471755382158,766.26471755382158
0.00061069999999999994,56.30133054126793,0,0,889.07295186040812,889.07295186040812
0.00061079999999999999,56.373487302778599,0,0,1003.0685722686314,1003.0685722686314
0.00061089999999999994,56.456465636871847,0,0,1105.7194748003437,1105.7194748003437
0.000611,56.549008768292417,0,0,1194.6992025629252,1194.6992025629252
0.00061109999999999995,56.649639879285594,0,0,1267.9290819164592,1267.9290819164592
0.0006112,56.756688893287119,0,0,1323.6158657821138,1323.6158657821138
0.00061129999999999995,56.868322758109301,0,0,1360.2842027836268,1360.2842027836268
0.00061140000000000001,56.982578679710272,0,0,1376.8033447100349,1376.8033447100349
0.00061149999999999996,57.097399704253391,0,0,1372.4076092147411,1372.4076092147411
0.00061160000000000001,57.210672003698512,0,0,1346.7102278309515,1346.7102278309515
0.00061169999999999996,57.320263189385429,0,0,1299.710329235734,1299.710329235734
0.00061180000000000002,57.424060959527147,0,0,1231.7929320628423,1231.7929320628423
0.00061189999999999997,57.520011380562238,0,0,1143.7219481948414,1143.7219481948414
0.00061200000000000002,57.606156109027495,0,0,1036.6263240640988,1036.6263240640988
0.00061209999999999997,57.680667879881419,0,0,911.97957176680859,911.97957176680859
0.00061219999999999992,57.741883618685669,0,0,771.57306149373255,771.57306149373255
0.00061229999999999998,57.788334578163322,0,0,617.48355973817615,617.48355973817615
0.00061239999999999992,57.818772953618272,0,0,452.03560191074655,452.03560191074655
0.00061249999999999998,57.832194495539625,0,0,277.75938148581872,277.75938148581872
0.00061259999999999993,57.827856710272044,0,0,97.344918934197423,97.344918934197423
0.00061269999999999999,57.805030235360874,-22.763183766097374,-22.763183766097374,0,0
0.00061279999999999993,57.781912847052624,-23.002426586580537,-23.002426586580537,0,0
0.00061289999999999999,57.758804703850551,-23.253637427635393,-23.253637427635393,0,0
0.00061299999999999994,57.735705802057353,-23.516282160203037,-23.516282160203037,0,0
0.00061309999999999999,57.712616137977207,-23.789803435589842,-23.789803435589842,0,0
0.00061319999999999994,57.689535707915766,-24.073621818370587,-24.073621818370587,0,0
0.0006133,57.666464508180162,-24.367136964161734,-24.367136964161734,0,0
0.00061339999999999995,57.643402535079005,-24.669728839870682,-24.669728839870682,0,0
0.0006135,57.620349784922375,-24.980758983940891,-24.980758983940891,0,0
0.00061359999999999995,57.597306254021838,-25.299571804031263,-25.299571804031263,0,0
0.00061370000000000001,57.574271938690423,-25.625495909492233,-25.625495909492233,0,0
0.00061379999999999996,57.551246835242637,-25.957845475930423,-25.957845475930423,0,0
0.00061390000000000001,57.528230939994472,-26.295921639088331,-26.295921639088331,0,0
0.00061399999999999996,57.505224249263378,-26.63901391520616,-26.63901391520616,0,0
0.00061410000000000002,57.482226759368288,-26.986401644979143,-26.986401644979143,0,0
0.00061419999999999997,57.4592384666296,-27.337355458175519,-27.337355458175519,0,0
0.00061430000000000002,57.436259367369189,-27.691138755938713,-27.691138755938713,0,0
0.00061439999999999997,57.413289457910402,-28.047009207761274,-28.047009207761274,0,0
0.00061449999999999992,57.390328734578048,-28.404220260088085,-28.404220260088085,0,0
0.00061459999999999998,57.367377193698417,-28.762022653483182,-28.762022653483182,0,0
0.00061469999999999993,57.344434831599258,-29.119665945276839,-29.119665945276839,0,0
0.00061479999999999998,57.321501644609796,-29.476400034598644,-29.476400034598644,0,0
0.00061489999999999993,57.298577629060716,-29.83147668669729,-29.83147668669729,0,0
0.00061499999999999999,57.275662781284183,-59.159760809547208,-59.159760809547208,0,0
0.00061509999999999994,57.252757097613816,-59.479498052834259,-59.479498052834259,0,0
0.00061519999999999999,57.229860574384702,-59.736537248107638,-59.736537248107638,0,0
0.00061529999999999994,57.206973207933402,-59.930333547734705,-59.930333547734705,0,0
0.0006154,57.184094994597942,-60.060470639948491,-60.060470639948491,0,0
0.00061549999999999994,57.161225930717798,-60.126661593290237,-60.126661593290237,0,0
0.0006156,57.138366012633931,-60.128749438119527,-60.128749438119527,0,0
0.00061569999999999995,57.115515236688744,-60.066707484013648,-60.066707484013648,0,0
0.00061580000000000001,57.092673599226117,-59.940639372414466,-59.940639372414466,0,0
0.00061589999999999995,57.069841096591389,-59.750778864418976,-59.750778864418976,0,0
0.00061600000000000001,57.047017725131354,-59.497489364147839,-59.497489364147839,0,0
0.00061609999999999996,57.024203481194277,-59.181263178664068,-59.181263178664068,0,0
0.00061620000000000002,57.00139836112988,-58.802720515948863,-58.802720515948863,0,0
0.00061629999999999996,56.978602361289347,-58.36260822297389,-58.36260822297389,0,0
0.00061640000000000002,56.955815478025308,-57.861798266437958,-57.861798266437958,0,0
0.00061649999999999997,56.933037707691867,-57.301285959258379,-57.301285959258379,0,0
0.00061660000000000003,56.910269046644579,-56.682187936424327,-56.682187936424327,0,0
0.00061669999999999997,56.887509491240465,-56.005739884328463,-56.005739884328463,0,0
0.00061679999999999992,56.864759037837992,-55.273294028194385,-55.273294028194385,0,0
0.00061689999999999998,56.842017682797085,-54.486316382708736,-54.486316382708736,0,0
0.00061699999999999993,56.819285422479126,-53.646383771447972,-53.646383771447972,0,0
0.00061709999999999998,56.796562253246961,-52.755180621159823,-52.755180621159823,0,0
0.00061719999999999993,56.773848171464877,-51.814495537416306,-51.814495537416306,0,0
0.00061729999999999999,56.751143173498619,-50.826217668600449,-50.826217668600449,0,0
0.00061739999999999994,56.728447255715388,-49.792332865617595,-49.792332865617595,0,0
0.00061749999999999999,56.705760414483841,-48.714919645138338,-48.714919645138338,0,0
0.00061759999999999994,56.683082646174078,-47.596144964578642,-47.596144964578642,0,0
0.0006177,56.660413947157664,-46.438259817405431,-46.438259817405431,0,0
0.00061779999999999995,56.637754313807598,-45.243594657720877,-45.243594657720877,0,0
0.0006179,56.615103742498349,-44.014554663425457,-44.014554663425457,0,0
0.00061799999999999995,56.592462229605815,-42.753614847587812,-42.753614847587812,0,0
0.00061810000000000001,56.569829771507358,-41.463315027957684,-41.463315027957684,0,0
0.00061819999999999996,56.54720636458179,-40.146254664846566,-40.146254664846566,0,0
0.00061830000000000001,56.524592005209357,-38.805087577867766,-38.805087577867766,0,0
0.00061839999999999996,56.501986689771769,-37.442516552273943,-37.442516552273943,0,0
0.00061850000000000002,56.479390414652173,-36.061287845854238,-36.061287845854238,0,0
0.00061859999999999997,56.456803176235162,-34.664185607555055,-34.664185607555055,0,0
0.00061870000000000002,56.434224970906776,-33.254026219167933,-33.254026219167933,0,0
0.00061879999999999997,56.411655795054507,-31.83365257158389,-31.83365257158389,0,0
0.00061889999999999992,56.389095645067286,-30.40592828724688,-30.40592828724688,0,0
0.00061899999999999998,56.366544517335491,-28.973731900547694,-28.973731900547694,0,0
0.00061909999999999992,56.344002408250937,-27.539951007985373,-27.539951007985373,0,0
0.00061919999999999998,56.321469314206887,-26.107476399984236,-26.107476399984236,0,0
0.00061929999999999993,56.298945231598047,-24.679196186291939,-24.679196186291939,0,0
0.00061939999999999999,56.276430156820567,-23.257989926896705,-23.257989926896705,0,0
0.00061949999999999993,56.253924086272029,-21.846722780390664,-21.846722780390664,0,0
0.00061959999999999999,56.231427016351468,-20.448239681670543,-20.448239681670543,0,0
0.00061969999999999994,56.208938943459351,-19.065359560807234,-19.065359560807234,0,0
0.0006198,56.186459863997584,-17.700869614831884,-17.700869614831884,0,0
0.00061989999999999994,56.163989774369512,-16.357519644078646,-16.357519644078646,0,0
0.00062,56.141528670979923,0,0,0,0
0.00062009999999999995,56.124888489624105,0,0,117.80235143237509,117.80235143237509
0.0006202,56.120453009438741,0,0,243.56207160019059,243.56207160019059
0.00062029999999999995,56.1288766491475,0,0,374.53330019387334,374.53330019387334
0.00062040000000000001,56.150533895371815,0,0,507.87584283071101,507.87584283071101
0.00062049999999999996,56.185512546166464,0,0,640.70664678426817,640.70664678426817
0.00062060000000000001,56.23361215016822,0,0,770.15204709589477,770.15204709589477
0.00062069999999999996,56.29434766903271,0,0,893.3998366606113,893.3998366606113
0.00062080000000000002,56.366958296223189,0,0,1007.7502171764396,1007.7502171764396
0.00062089999999999997,56.450421271827203,0,0,1110.6647082249501,1110.6647082249501
0.00062100000000000002,56.543470442603848,0,0,1199.8121288403413,1199.8121288403413
0.00062109999999999997,56.644619230543739,0,0,1273.1108190510354,1273.1108190510354
0.00062119999999999992,56.752187593412636,0,0,1328.7663370774878,1328.7663370774878
0.00062129999999999998,56.864332488491343,0,0,1365.3039499056213,1365.3039499056213
0.00062139999999999993,56.979081287328178,0,0,1381.5953293395655,1381.5953293395655
0.00062149999999999998,57.094367535932832,0,0,1376.8789706592215,1376.8789706592215
0.00062159999999999993,57.208068412427252,0,0,1350.7739647641345,1350.7739647641345
0.00062169999999999999,57.318043203497929,0,0,1303.2868751138155,1303.2868751138155
0.00062179999999999994,57.422172102618447,0,0,1234.8115956939589,1234.8115956939589
0.00062189999999999999,57.518394627262765,0,0,1146.1221933847958,1146.1221933847958
0.00062199999999999994,57.604746959311335,0,0,1038.3588651789014,1038.3588651789014
0.0006221,57.679397532435644,0,0,913.00726538952813,913.00726538952813
0.00062219999999999994,57.740680222076222,0,0,771.87157804869514,771.87157804869514
0.0006223,57.787124537126353,0,0,617.04182294279963,617.04182294279963
0.00062239999999999995,57.817482266809932,0,0,450.85598812194735,450.85598812194735
0.00062250000000000001,57.830750100510208,0,0,275.85767535780423,275.85767535780423
0.00062259999999999995,57.826187811302319,0,0,94.750026218723733,94.750026218723733
0.00062270000000000001,57.803202828754827,-22.843209792433729,-22.843209792433729,0,0
0.00062279999999999996,57.780086171263044,-23.0822576067245,-23.0822576067245,0,0
0.00062290000000000002,57.756978758585177,-23.333109358070342,-23.333109358070342,0,0
0.00062299999999999996,57.733880587024032,-23.595231649884791,-23.595231649884791,0,0
0.00062310000000000002,57.710791652883906,-23.868068197893439,-23.868068197893439,0,0
0.00062319999999999997,57.687711952470565,-24.151040960870009,-24.151040960870009,0,0
0.00062330000000000003,57.664641482091263,-24.443551315572368,-24.443551315572368,0,0
0.00062339999999999997,57.641580238054715,-24.744981273490122,-24.744981273490122,0,0
0.00062349999999999992,57.61852821667113,-25.054694736930902,-25.054694736930902,0,0
0.00062359999999999998,57.595485414252181,-25.372038791892077,-25.372038791892077,0,0
0.00062369999999999993,57.572451827111024,-25.696345035090186,-25.696345035090186,0,0
0.00062379999999999998,57.549427451562281,-26.026930932451005,-26.026930932451005,0,0
0.00062389999999999993,57.526412283922056,-26.363101206299088,-26.363101206299088,0,0
0.00062399999999999999,57.503406320507921,-26.704149248427466,-26.704149248427466,0,0
0.00062409999999999994,57.480409557638914,-27.049358556175637,-27.049358556175637,0,0
0.00062419999999999999,57.457421991635563,-27.398004188597202,-27.398004188597202,0,0
0.00062429999999999994,57.434443618819849,-27.749354239757668,-27.749354239757668,0,0
0.0006244,57.411474435515238,-28.102671326168338,-28.102671326168338,0,0
0.00062449999999999995,57.388514438046663,-28.457214085333352,-28.457214085333352,0,0
0.0006246,57.365563622740517,-28.812238682364363,-28.812238682364363,0,0
0.00062469999999999995,57.342621985924673,-29.167000321601289,-29.167000321601289,0,0
0.00062480000000000001,57.319689523928467,-29.520754760166927,-29.520754760166927,0,0
0.00062489999999999996,57.296766233082707,-29.872759820379887,-29.872759820379887,0,0
0.00062500000000000001,57.27385210971967,-59.197886654049782,-59.197886654049782,0,0
0.00062509999999999996,57.25094715017309,-59.51438732877206,-59.51438732877206,0,0
0.00062520000000000002,57.228051350778181,-59.768117255035747,-59.768117255035747,0,0
0.00062529999999999997,57.20516470787161,-59.958538311806649,-59.958538311806649,0,0
0.00062540000000000002,57.182287217791512,-60.085241047903594,-60.085241047903594,0,0
0.00062549999999999997,57.159418876877488,-60.147945512497444,-60.147945512497444,0,0
0.00062559999999999992,57.136559681470608,-60.146501822434061,-60.146501822434061,0,0
0.00062569999999999998,57.113709627913401,-60.080890465231434,-60.080890465231434,0,0
0.00062579999999999992,57.090868712549856,-59.951222337138702,-59.951222337138702,0,0
0.00062589999999999998,57.068036931725423,-59.757738516182741,-59.757738516182741,0,0
0.00062599999999999993,57.045214281787025,-59.500809770666848,-59.500809770666848,0,0
0.00062609999999999999,57.022400759083034,-59.180935804123621,-59.180935804123621,0,0
0.00062619999999999993,56.999596359963284,-58.798744238259445,-58.798744238259445,0,0
0.00062629999999999999,56.976801080779076,-58.354989335960781,-58.354989335960781,0,0
0.00062639999999999994,56.954014917883157,-57.850550466960399,-57.850550466960399,0,0
0.0006265,56.931237867629747,-57.28643031928479,-57.28643031928479,0,0
0.00062659999999999994,56.908469926374522,-56.663752860120312,-56.663752860120312,0,0
0.0006267,56.885711090474608,-55.983761050245235,-55.983761050245235,0,0
0.00062679999999999995,56.862961356288587,-55.247814316675075,-55.247814316675075,0,0
0.0006269,56.840220720176504,-54.457385788660417,-54.457385788660417,0,0
0.00062699999999999995,56.817489178499855,-53.614059302656798,-53.614059302656798,0,0
0.00062710000000000001,56.7947667276216,-52.719526182355992,-52.719526182355992,0,0
0.00062719999999999996,56.772053363906139,-51.775581800324844,-51.775581800324844,0,0
0.00062730000000000001,56.749349083719338,-50.784121928241845,-50.784121928241845,0,0
0.00062739999999999996,56.726653883428511,-49.74713888315064,-49.74713888315064,0,0
0.00062750000000000002,56.703967759402431,-48.666717477564561,-48.666717477564561,0,0
0.00062759999999999997,56.681290708011311,-47.545030781654674,-47.545030781654674,0,0
0.00062770000000000002,56.658622725626827,-46.384335706135502,-46.384335706135502,0,0
0.00062779999999999997,56.635963808622101,-45.186968414826829,-45.186968414826829,0,0
0.00062789999999999992,56.613313953371701,-43.955339576216261,-43.955339576216261,0,0
0.00062799999999999998,56.590673156251654,-42.691929463673958,-42.691929463673958,0,0
0.00062809999999999993,56.568041413639435,-41.399282914278594,-41.399282914278594,0,0
0.00062819999999999998,56.545418721913961,-40.080004156500834,-40.080004156500834,0,0
0.00062829999999999993,56.522805077455601,-38.736751517256771,-38.736751517256771,0,0
0.00062839999999999999,56.500200476646178,-37.372232019089139,-37.372232019089139,0,0
0.00062849999999999994,56.477604915868952,-35.989195878456776,-35.989195878456776,0,0
0.00062859999999999999,56.455018391508631,-34.590430916314205,-34.590430916314205,0,0
0.00062869999999999994,56.432440899951374,-33.178756892340814,-33.178756892340814,0,0
0.0006288,56.409872437584781,-31.757019774334463,-31.757019774334463,0,0
0.00062889999999999995,56.387313000797896,-30.328085954415723,-30.328085954415723,0,0
0.000629,56.364762585981211,-28.89483642379718,-28.89483642379718,0,0
0.00062909999999999995,56.342221189526661,-27.460160917955932,-27.460160917955932,0,0
0.00062920000000000001,56.319688807827625,-26.026952044107798,-26.026952044107798,0,0
0.00062929999999999995,56.297165437278913,-24.598099402917232,-24.598099402917232,0,0
0.00062940000000000001,56.274651074276797,-23.17648371638878,-23.17648371638878,0,0
0.00062949999999999996,56.252145715218973,-21.764970973873009,-21.764970973873009,0,0
0.00062960000000000002,56.229649356504581,-20.366406608082997,-20.366406608082997,0,0
0.00062969999999999996,56.207161994534204,-18.983609712956319,-18.983609712956319,0,0
0.00062980000000000002,56.184683625709866,-17.619367315112228,-17.619367315112228,0,0
0.00062989999999999997,56.162214246435028,-16.276428710544746,-16.276428710544746,0,0
0.00062999999999999992,56.139753853114591,0,0,0,0
0.00063009999999999997,56.123146861325736,0,0,118.4501543008962,118.4501543008962
0.00063019999999999992,56.118808566146321,0,0,244.84056460422303,244.84056460422303
0.00063029999999999998,56.127391074572202,0,0,376.41393440514776,376.41393440514776
0.00063039999999999993,56.149265443268135,0,0,510.31915178215246,510.31915178215246
0.00063049999999999998,56.184514984382531,0,0,643.66296281371967,643.66296281371967
0.00063059999999999993,56.232933786094385,0,0,773.5624023795159,773.5624023795159
0.00063069999999999999,56.294030474090803,0,0,897.19703259461551,897.19703259461551
0.00063079999999999994,56.367037145243046,0,0,1011.8600427184647,1011.8600427184647
0.00063089999999999999,56.450923311074277,0,0,1115.0072851105169,1115.0072851105169
0.00063099999999999994,56.544414597889904,0,0,1204.3033592943341,1204.3033592943341
0.0006311,56.646015864314116,0,0,1277.663909760473,1277.663909760473
0.00063119999999999995,56.754038317004053,0,0,1333.293371813561,1333.293371813561
0.0006313,56.866630132943037,0,0,1369.7174823049675,1369.7174823049675
0.00063139999999999995,56.981810033256941,0,0,1385.8099669928813,1385.8099669928813
0.00063150000000000001,57.097503200101357,0,0,1380.8129218160659,1380.8129218160659
0.00063159999999999996,57.211578885797309,0,0,1354.3505196431877,1354.3505196431877
0.00063170000000000001,57.321889032816735,0,0,1306.4357949955422,1306.4357949955422
0.00063179999999999996,57.42630720498768,0,0,1237.4703846460072,1237.4703846460072
0.00063190000000000002,57.522767124732276,0,0,1148.2372295991879,1148.2372295991879
0.00063199999999999997,57.609300118366981,0,0,1039.8863714455179,1039.8863714455179
0.00063210000000000002,57.684070791352717,0,0,913.91410114641428,913.91410114641428
0.00063219999999999997,57.745410287520137,0,0,772.13583868345677,772.13583868345677
0.00063229999999999992,57.791846530130407,0,0,616.65323551220069,616.65323551220069
0.00063239999999999998,57.822130897367643,0,0,449.81609634548261,449.81609634548261
0.00063249999999999992,57.835260849503946,0,0,274.17981055865613,274.17981055865613
0.00063259999999999998,57.830498098359548,0,0,92.459064762966861,92.459064762966861
0.00063269999999999993,57.807378566924513,-22.914274860745277,-22.914274860745277,0,0
0.00063279999999999999,57.784260239471479,-23.153241432563245,-23.153241432563245,0,0
0.00063289999999999993,57.761151157500208,-23.403871933191876,-23.403871933191876,0,0
0.00063299999999999999,57.738051317313243,-23.665633415673508,-23.665633415673508,0,0
0.00063309999999999994,57.714960715214616,-23.937970328963697,-23.937970328963697,0,0
0.0006332,57.691879347509825,-24.220305647173792,-24.220305647173792,0,0
0.00063329999999999994,57.668807210505854,-24.512042042440111,-24.512042042440111,0,0
0.0006334,57.645744300511154,-24.812563099035795,-24.812563099035795,0,0
0.00063349999999999995,57.622690613835665,-25.121234566257495,-25.121234566257495,0,0
0.00063360000000000001,57.599646146790803,-25.437405647540334,-25.437405647540334,0,0
0.00063369999999999995,57.576610895689448,-25.760410323181159,-25.760410323181159,0,0
0.00063380000000000001,57.553584856845958,-26.089568703981417,-26.089568703981417,0,0
0.00063389999999999996,57.530568026576169,-26.42418841305879,-26.42418841305879,0,0
0.00063400000000000001,57.507560401197381,-26.763565993018819,-26.763565993018819,0,0
0.00063409999999999996,57.484561977028385,-27.106988335626912,-27.106988335626912,0,0
0.00063420000000000002,57.461572750389422,-27.45373413107497,-27.45373413107497,0,0
0.00063429999999999997,57.438592717602226,-27.80307533389723,-27.80307533389723,0,0
0.00063440000000000002,57.415621874989988,-28.15427864255626,-28.15427864255626,0,0
0.00063449999999999997,57.392660218877374,-28.506606989692099,-28.506606989692099,0,0
0.00063459999999999992,57.369707745590517,-28.859321040005948,-28.859321040005948,0,0
0.00063469999999999998,57.34676445145702,-29.211680692734451,-29.211680692734451,0,0
0.00063479999999999993,57.323830332805954,-29.562946585661212,-29.562946585661212,0,0
0.00063489999999999998,57.300905385967866,-29.912381597609109,-29.912381597609109,0,0
0.00063499999999999993,57.277989607274762,-59.234862102457711,-59.234862102457711,0,0
0.00063509999999999999,57.255082993060121,-59.548645544823998,-59.548645544823998,0,0
0.00063519999999999994,57.232185539658879,-59.79959285624119,-59.79959285624119,0,0
0.00063529999999999999,57.209297243407441,-59.987171569520584,-59.987171569520584,0,0
0.00063539999999999994,57.186418100643685,-60.110978008636579,-60.110978008636579,0,0
0.0006355,57.163548107706951,-60.170738107488219,-60.170738107488219,0,0
0.00063559999999999995,57.140687260938037,-60.166307965261993,-60.166307965261993,0,0
0.0006357,57.117835556679204,-60.097674137270758,-60.097674137270758,0,0
0.00063579999999999995,57.094992991274182,-59.964953660680948,-59.964953660680948,0,0
0.00063590000000000001,57.072159561068162,-59.768393815078866,-59.768393815078866,0,0
0.00063599999999999996,57.049335262407794,-59.508371618366155,-59.508371618366155,0,0
0.00063610000000000001,57.026520091641189,-59.185393059011759,-59.185393059011759,0,0
0.00063619999999999996,57.003714045117917,-58.800092066224039,-58.800092066224039,0,0
0.00063630000000000002,56.980917119189016,-58.353229220138886,-58.353229220138886,0,0
0.00063639999999999996,56.958129310206978,-57.845690204648207,-57.845690204648207,0,0
0.00063650000000000002,56.935350614525746,-57.278484006015802,-57.278484006015802,0,0
0.00063659999999999997,56.912581028500739,-56.652740860944888,-56.652740860944888,0,0
0.00063669999999999992,56.889820548488814,-55.96970995826959,-55.96970995826959,0,0
0.00063679999999999997,56.867069170848296,-55.230756898944549,-55.230756898944549,0,0
0.00063689999999999992,56.844326891938969,-54.437360919496754,-54.437360919496754,0,0
0.00063699999999999998,56.821593708122066,-53.591111884585402,-53.591111884585402,0,0
0.00063709999999999993,56.798869615760282,-52.6937070547838,-52.6937070547838,0,0
0.00063719999999999998,56.776154611217756,-51.746947636154601,-51.746947636154601,0,0
0.00063729999999999993,56.75344869086009,-50.752735118632998,-50.752735118632998,0,0
0.00063739999999999999,56.730751851054336,-49.713067410661196,-49.713067410661196,0,0
0.00063749999999999994,56.708064088168996,-48.630034777931925,-48.630034777931925,0,0
0.00063759999999999999,56.685385398574034,-47.505815594496369,-47.505815594496369,0,0
0.00063769999999999994,56.662715778640852,-46.342671914873321,-46.342671914873321,0,0
0.0006378,56.640055224742319,-45.142944876160001,-45.142944876160001,0,0
0.00063789999999999995,56.617403733252743,-43.909049939490046,-43.909049939490046,0,0
0.000638,56.594761300547887,-42.643471980511066,-42.643471980511066,0,0
0.00063809999999999995,56.572127923004956,-41.348760238860379,-41.348760238860379,0,0
0.00063820000000000001,56.549503597002612,-40.027523136904151,-40.027523136904151,0,0
0.00063829999999999996,56.526888318920967,-38.682422978270722,-38.682422978270722,0,0
0.00063840000000000001,56.504282085141575,-37.316170536953109,-37.316170536953109,0,0
0.00063849999999999996,56.481684892047433,-35.9315195479777,-35.9315195479777,0,0
0.00063860000000000002,56.459096736022993,-34.531261110836297,-34.531261110836297,0,0
0.00063869999999999997,56.43651761345415,-33.118218017055817,-33.118218017055817,0,0
0.00063880000000000002,56.41394752072825,-31.695239013433554,-31.695239013433554,0,0
0.00063889999999999997,56.391386454234073,-30.265193012597237,-30.265193012597237,0,0
0.00063899999999999992,56.368834410361849,-28.830963262655327,-28.830963262655327,0,0
0.00063909999999999998,56.34629138550325,-27.395441487786389,-27.395441487786389,0,0
0.00063919999999999992,56.323757376051397,-25.961522011675193,-25.961522011675193,0,0
0.00063929999999999998,56.30123237840084,-24.532095875737792,-24.532095875737792,0,0
0.00063939999999999993,56.278716388947586,-23.110044964088502,-23.110044964088502,0,0
0.00063949999999999999,56.25620940408907,-21.698236147187647,-21.698236147187647,0,0
0.00063959999999999993,56.233711420224182,-20.299515456070896,-20.299515456070896,0,0
0.00063969999999999999,56.211222433753242,-18.916702298998828,-18.916702298998828,0,0
0.00063979999999999994,56.188742441078013,-17.552583732278791,-17.552583732278791,0,0
0.0006399,56.16627143860169,-16.209908796901161,-16.209908796901161,0,0
0.00063999999999999994,56.143809422728921,0,0,0,0
0.0006401,56.127227488811869,0,0,118.98236262915954,118.98236262915954
0.00064019999999999995,56.122966853326311,0,0,245.89141196622143,245.89141196622143
0.00064030000000000001,56.131677770367183,0,0,377.96040173851998,377.96040173851998
0.00064039999999999995,56.153728519160985,0,0,512.32918847810595,512.32918847810595
0.00064050000000000001,56.18919876031579,0,0,646.09606847874954,646.09606847874954
0.00064059999999999996,56.237878122630349,0,0,776.37036158140563,776.37036158140563
0.00064070000000000002,56.299270045458513,0,0,900.32478926693352,900.32478926693352
0.00064079999999999996,56.372600806430285,0,0,1015.2466983697069,1015.2466983697069
0.00064090000000000002,56.456833570417722,0,0,1118.5872027434239,1118.5872027434239
0.00064099999999999997,56.550687204704296,0,0,1208.0073530282889,1208.0073530282889
0.00064110000000000002,56.652659519016758,0,0,1281.4204985998654,1281.4204985998654
0.00064119999999999997,56.761054508971228,0,0,1337.0300748456148,1337.0300748456148
0.00064129999999999992,56.87401310902078,0,0,1373.3621318627361,1373.3621318627361
0.00064139999999999998,56.989546897481787,0,0,1389.2920159964051,1389.2920159964051
0.00064149999999999993,57.105574142810042,0,0,1384.0647216128611,1384.0647216128611
0.00064159999999999998,57.219957537961001,0,0,1357.3085452062908,1357.3085452062908
0.00064169999999999993,57.330542939167763,0,0,1309.0417952934795,1309.0417952934795
0.00064179999999999999,57.435198407355763,0,0,1239.6724373569441,1239.6724373569441
0.00064189999999999994,57.531852845011976,0,0,1149.9906810764826,1149.9906810764826
0.00064199999999999999,57.618533528734957,0,0,1041.154644922505,1041.154644922505
0.00064209999999999994,57.69340185777402,0,0,914.66935855673239,914.66935855673239
0.0006422,57.754786671257463,0,0,772.35948412633309,772.35948412633309
0.00064229999999999995,57.80121453092098,0,0,616.33625126171319,616.33625126171319
0.0006424,57.831436421179617,0,0,448.95920533694743,448.95920533694743
0.00064249999999999995,57.844450383341247,0,0,272.79346242895065,272.79346242895065
0.00064260000000000001,57.839519674457947,0,0,90.563245717849369,90.563245717849369
0.00064269999999999996,57.816292004088368,-22.973564083241985,-22.973564083241985,0,0
0.00064280000000000001,57.793170111973446,-23.212545436186272,-23.212545436186272,0,0
0.00064289999999999996,57.77005746676587,-23.463079256168566,-23.463079256168566,0,0
0.00064300000000000002,57.746954064767607,-23.72463279044057,-23.72463279044057,0,0
0.00064309999999999997,57.723859902282122,-23.996650908280177,-23.996650908280177,0,0
0.00064320000000000002,57.700774975614344,-24.27855722937716,-24.27855722937716,0,0
0.00064329999999999997,57.677699281070687,-24.569755295387633,-24.569755295387633,0,0
0.00064339999999999992,57.654632814959037,-24.869629782276188,-24.869629782276188,0,0
0.00064349999999999997,57.631575573588755,-25.177547750981365,-25.177547750981365,0,0
0.00064359999999999992,57.60852755327069,-25.492859933862508,-25.492859933862508,0,0
0.00064369999999999998,57.585488750317161,-25.814902054313254,-25.814902054313254,0,0
0.00064379999999999993,57.56245916104195,-26.142996176859636,-26.142996176859636,0,0
0.00064389999999999998,57.539438781760332,-26.47645208499878,-26.47645208499878,0,0
0.00064399999999999993,57.516427608789037,-26.8145686839778,-26.8145686839778,0,0
0.00064409999999999999,57.493425638446283,-27.156635425662092,-27.156635425662092,0,0
0.00064419999999999994,57.470432867051755,-27.501933752596944,-27.501933752596944,0,0
0.00064429999999999999,57.447449290926606,-27.849738558327847,-27.849738558327847,0,0
0.00064439999999999994,57.424474906393471,-28.199319661011668,-28.199319661011668,0,0
0.0006445,57.401509709776441,-28.54994328732381,-28.54994328732381,0,0
0.00064459999999999995,57.378553697401088,-28.900873563645792,-28.900873563645792,0,0
0.0006447,57.355606865594446,-29.251374011502794,-29.251374011502794,0,0
0.00064479999999999995,57.332669210685026,-29.600709044212113,-29.600709044212113,0,0
0.00064490000000000001,57.309740729002804,-29.948145461701099,-29.948145461701099,0,0
0.00064499999999999996,57.286821416879221,-59.268563696554466,-59.268563696554466,0,0
0.00064510000000000001,57.263911270647185,-59.580225381445416,-59.580225381445416,0,0
0.00064519999999999996,57.241010286641078,-59.828995756802058,-59.828995756802058,0,0
0.00064530000000000002,57.218118461196738,-60.01434677641133,-60.01434677641133,0,0
0.00064539999999999997,57.195235790651473,-60.135879288318634,-60.135879288318634,0,0
0.00064550000000000002,57.172362271344056,-60.193323844394342,-60.193323844394342,0,0
0.00064559999999999997,57.149497899614722,-60.18654124631108,-60.18654124631108,0,0
0.00064569999999999992,57.126642671805179,-60.115522826825313,-60.115522826825313,0,0
0.00064579999999999998,57.103796584258582,-59.980390465795139,-59.980390465795139,0,0
0.00064589999999999992,57.080959633319559,-59.781396340904649,-59.781396340904649,0,0
0.00064599999999999998,57.0581318153342,-59.518922413604983,-59.518922413604983,0,0
0.00064609999999999993,57.035313126650053,-59.193479651319578,-59.193479651319578,0,0
0.00064619999999999999,57.012503563616129,-58.805706987497871,-58.805706987497871,0,0
0.00064629999999999993,56.989703122582895,-58.356370021633637,-58.356370021633637,0,0
0.00064639999999999999,56.966911799902284,-57.846359461893115,-57.846359461893115,0,0
0.00064649999999999994,56.944129591927684,-57.276689313520734,-57.276689313520734,0,0
0.0006466,56.921356495013939,-56.648494816707256,-56.648494816707256,0,0
0.00064669999999999994,56.898592505517357,-55.963030138113567,-55.963030138113567,0,0
0.0006468,56.875837619795696,-55.221665820744803,-55.221665820744803,0,0
0.00064689999999999995,56.853091834208172,-54.4258859973597,-54.4258859973597,0,0
0.00064700000000000001,56.830355145115462,-53.577285373080841,-53.577285373080841,0,0
0.00064709999999999995,56.807627548879701,-52.677565983340827,-52.677565983340827,0,0
0.00064720000000000001,56.784909041864466,-51.728533733754944,-51.728533733754944,0,0
0.00064729999999999996,56.762199620434799,-50.732094728954948,-50.732094728954948,0,0
0.00064740000000000002,56.73949928095719,-49.690251397846865,-49.690251397846865,0,0
0.00064749999999999996,56.716808019799593,-48.605098423169252,-48.605098423169252,0,0
0.00064760000000000002,56.694125833331398,-47.478818483626284,-47.478818483626284,0,0
0.00064769999999999997,56.671452717923458,-46.313677817250479,-46.313677817250479,0,0
0.00064779999999999992,56.648788669948075,-45.112021615013361,-45.112021615013361,0,0
0.00064789999999999997,56.626133685778996,-43.876269254047017,-43.876269254047017,0,0
0.00064799999999999992,56.603487761791428,-42.608909380165315,-42.608909380165315,0,0
0.00064809999999999998,56.580850894362023,-41.312494849679787,-41.312494849679787,0,0
0.00064819999999999993,56.558223079868881,-39.98963754079103,-39.98963754079103,0,0
0.00064829999999999998,56.535604314691554,-38.643003045101139,-38.643003045101139,0,0
0.00064839999999999993,56.51299459521104,-37.275305250036553,-37.275305250036553,0,0
0.00064849999999999999,56.490393917809783,-35.889300823191896,-35.889300823191896,0,0
0.00064859999999999994,56.467802278871673,-34.487783609804751,-34.487783609804751,0,0
0.00064869999999999999,56.445219674782045,-33.073578954747816,-33.073578954747816,0,0
0.00064879999999999994,56.422646101927683,-31.6495379605777,-31.6495379605777,0,0
0.0006489,56.400081556696819,-30.218531693310162,-30.218531693310162,0,0
0.00064899999999999995,56.377526035479121,-28.783445347696741,-28.783445347696741,0,0
0.0006491,56.354979534665716,-27.347172383860844,-27.347172383860844,0,0
0.00064919999999999995,56.332442050649156,-25.9126086472086,-25.9126086472086,0,0
0.00064930000000000001,56.309913579823444,-24.482646483564238,-24.482646483564238,0,0
0.00064939999999999996,56.287394118584025,-23.060168861488929,-23.060168861488929,0,0
0.00064950000000000001,56.264883663327787,-21.648043513727405,-21.648043513727405,0,0
0.00064959999999999996,56.242382210453052,-20.249117109687752,-20.249117109687752,0,0
0.00064970000000000002,56.219889756359592,-18.86620947079636,-18.86620947079636,0,0
0.00064979999999999997,56.197406297448609,-17.502107840482989,-17.502107840482989,0,0
0.00064990000000000002,56.174931830122759,-16.159561220439461,-16.159561220439461,0,0
0.00064999999999999997,56.152466350786121,0,0,0,0
0.00065009999999999992,56.135901182960261,0,0,119.38595597178232,119.38595597178232
0.00065019999999999998,56.131697228134129,0,0,246.68877539668219,246.68877539668219
0.00065029999999999992,56.140503379291594,0,0,379.13449149728751,379.13449149728751
0.00065039999999999998,56.162685847598965,0,0,513.85604998824772,513.85604998824772
0.00065049999999999993,56.198321556213145,0,0,647.94527117536973,647.94527117536973
0.00065059999999999998,56.247196776769222,0,0,778.50555099288397,778.50555099288397
0.00065069999999999993,56.308811032642893,0,0,902.70434633483194,902.70434633483194
0.00065079999999999999,56.382386197684532,0,0,1017.8244940529736,1017.8244940529736
0.00065089999999999994,56.466880625025702,0,0,1121.31343422804,1121.31343422804
0.00065099999999999999,56.561008049469756,0,0,1210.8294463869745,1210.8294463869745
0.00065109999999999994,56.663260920544701,0,0,1284.2840615446084,1284.2840615446084
0.0006512,56.771937743084578,0,0,1339.8798823103457,1339.8798823103457
0.00065129999999999995,56.885173929666891,0,0,1376.1431265608046,1376.1431265608046
0.0006514,57.000975605680928,0,0,1391.9503058283315,1391.9503058283315
0.00065149999999999995,57.117255754385937,0,0,1386.5485558589583,1386.5485558589583
0.00065160000000000001,57.231872047004394,0,0,1359.5692518250896,1359.5692518250896
0.00065169999999999996,57.342665672450401,0,0,1311.0346623533947,1311.0346623533947
0.00065180000000000001,57.447500463265321,0,0,1241.3575226424614,1241.3575226424614
0.00065189999999999996,57.544301609048382,0,0,1151.3335352129327,1151.3335352129327
0.00065200000000000002,57.631093256222599,0,0,1042.126934931578,1042.126934931578
0.00065209999999999997,57.706034313228102,0,0,915.2493805598599,915.2493805598599
0.00065220000000000002,57.767451812817654,0,0,772.53255592218648,772.53255592218648
0.00065229999999999997,57.813871227450583,0,0,616.09497768093763,616.09497768093763
0.00065239999999999992,57.844043189038445,0,0,448.30361158240987,448.30361158240987
0.00065249999999999998,57.856966129485166,0,0,271.73099300147089,271.73099300147089
0.00065259999999999992,57.851904432405362,0,0,89.1086289622679,89.1086289622679
0.00065269999999999998,57.828594887528837,-23.019391970426742,-23.019391970426742,0,0
0.00065279999999999993,57.80546807524464,-23.258469869838695,-23.258469869838695,0,0
0.00065289999999999999,57.78235051183546,-23.509019405835534,-23.509019405835534,0,0
0.00065299999999999993,57.759242193602482,-23.770507789719506,-23.770507789719506,0,0
0.00065309999999999999,57.736143116848382,-24.042380019155257,-24.042380019155257,0,0
0.00065319999999999994,57.7130532778773,-24.32406000629258,-24.32406000629258,0,0
0.0006533,57.68997267299487,-24.614951748724611,-24.614951748724611,0,0
0.00065339999999999994,57.666901298508186,-24.914440540901378,-24.914440540901378,0,0
0.0006535,57.643839150725839,-25.221894223536477,-25.221894223536477,0,0
0.00065359999999999995,57.620786225957879,-25.536664468467254,-25.536664468467254,0,0
0.00065370000000000001,57.597742520515837,-25.858088096357246,-25.858088096357246,0,0
0.00065379999999999995,57.574708030712721,-26.185488424562511,-26.185488424562511,0,0
0.00065390000000000001,57.551682752863009,-26.518176642422407,-26.518176642422407,0,0
0.00065399999999999996,57.528666683282665,-26.855453211179825,-26.855453211179825,0,0
0.00065410000000000002,57.505659818289111,-27.196609285685529,-27.196609285685529,0,0
0.00065419999999999996,57.48266215420125,-27.54092815499725,-27.54092815499725,0,0
0.00065430000000000002,57.459673687339453,-27.887686698945867,-27.887686698945867,0,0
0.00065439999999999997,57.436694414025574,-28.236156857708355,-28.236156857708355,0,0
0.00065449999999999992,57.413724330582923,-28.58560711140105,-28.58560711140105,0,0
0.00065459999999999997,57.390763433336289,-28.935303966686238,-28.935303966686238,0,0
0.00065469999999999992,57.367811718611925,-29.28451344737103,-29.28451344737103,0,0
0.00065479999999999998,57.344869182737554,-29.632502585969309,-29.632502585969309,0,0
0.00065489999999999993,57.321935822042377,-29.978540913195562,-29.978540913195562,0,0
0.00065499999999999998,57.299011632857052,-59.297511698461449,-59.297511698461449,0,0
0.00065509999999999993,57.276096611513715,-59.607679511540766,-59.607679511540766,0,0
0.00065519999999999999,57.253190754345958,-59.854912624265921,-59.854912624265921,0,0
0.00065529999999999994,57.230294057688845,-60.038686109970385,-60.038686109970385,0,0
0.00065539999999999999,57.207406517878901,-60.158604018047868,-60.158604018047868,0,0
0.00065549999999999994,57.184528131254119,-60.214400177012166,-60.214400177012166,0,0
0.0006556,57.161658894153959,-60.20593873381479,-60.20593873381479,0,0
0.00065569999999999995,57.138798802919347,-60.133214428327648,-60.133214428327648,0,0
0.0006558,57.115947853892663,-59.996352602436161,-59.996352602436161,0,0
0.00065589999999999995,57.093106043417762,-59.795608943727672,-59.795608943727672,0,0
0.00065600000000000001,57.070273367839945,-59.531368964299048,-59.531368964299048,0,0
0.00065609999999999996,57.047449823505993,-59.204147215746147,-59.204147215746147,0,0
0.00065620000000000001,57.024635406764133,-58.814586241933313,-58.814586241933313,0,0
0.00065629999999999996,57.001830113964061,-58.363455271674525,-58.363455271674525,0,0
0.00065640000000000002,56.979033941456926,-57.851648653985905,-57.851648653985905,0,0
0.00065649999999999997,56.956246885595341,-57.280184039092489,-57.280184039092489,0,0
0.00065660000000000002,56.933468942733384,-56.650200308889097,-56.650200308889097,0,0
0.00065669999999999997,56.910700109226575,-55.962955261063712,-55.962955261063712,0,0
0.00065679999999999992,56.88794038143191,-55.219823051592797,-55.219823051592797,0,0
0.00065689999999999998,56.865189755707824,-54.422291400808717,-54.422291400808717,0,0
0.00065699999999999992,56.84244822841422,-53.571958568719907,-53.571958568719907,0,0
0.00065709999999999998,56.819715795912458,-52.670530105733093,-52.670530105733093,0,0
0.00065719999999999993,56.796992454565341,-51.719815385383626,-51.719815385383626,0,0
0.00065729999999999998,56.774278200737136,-50.721723926122422,-50.721723926122422,0,0
0.00065739999999999993,56.751573030793566,-49.678261509636911,-49.678261509636911,0,0
0.00065749999999999999,56.728876941101802,-48.591526103596735,-48.591526103596735,0,0
0.00065759999999999994,56.706189928030469,-47.463703597112058,-47.463703597112058,0,0
0.00065769999999999999,56.683511987949643,-46.297063357573187,-46.297063357573187,0,0
0.00065779999999999994,56.660843117230861,-45.093953617902855,-45.093953617902855,0,0
0.0006579,56.638183312247101,-43.85679670359707,-43.85679670359707,0,0
0.00065799999999999995,56.615532569372789,-42.588084109255902,-42.588084109255902,0,0
0.0006581,56.592890884983809,-41.290371434611444,-41.290371434611444,0,0
0.00065819999999999995,56.570258255457489,-39.966273190345355,-39.966273190345355,0,0
0.00065830000000000001,56.54763467717261,-38.618457484253071,-38.618457484253071,0,0
0.00065839999999999996,56.525020146509405,-37.24964059855467,-37.24964059855467,0,0
0.00065850000000000001,56.502414659849542,-35.862581469373652,-35.862581469373652,0,0
0.00065859999999999996,56.479818213576145,-34.460076079603226,-34.460076079603226,0,0
0.00065870000000000002,56.457230804073781,-33.044951776555934,-33.044951776555934,0,0
0.00065879999999999997,56.434652427728466,-31.620061525944894,-31.620061525944894,0,0
0.00065890000000000002,56.412083080927658,-30.188278113874404,-30.188278113874404,0,0
0.00065899999999999997,56.389522760060267,-28.752488308622915,-28.752488308622915,0,0
0.00065909999999999992,56.366971461516634,-27.315586994083155,-27.315586994083155,0,0
0.00065919999999999998,56.344429181688561,-25.880471286781532,-25.880471286781532,0,0
0.00065929999999999993,56.321895916969275,-24.450034648432229,-24.450034648432229,0,0
0.00065939999999999998,56.299371663753455,-23.027161005990244,-23.027161005990244,0,0
0.00065949999999999993,56.27685641843722,-21.614718891152364,-21.614718891152364,0,0
0.00065959999999999999,56.254350177418132,-20.215555611215251,-20.215555611215251,0,0
0.00065969999999999993,56.231852937095191,-18.832491463136122,-18.832491463136122,0,0
0.00065979999999999999,56.209364693868842,-17.468314002553356,-17.468314002553356,0,0
0.00065989999999999994,56.186885444140962,-16.125772379412812,-16.125772379412812,0,0
0.00066,56.164415184314876,0,0,0,0
0.00066009999999999994,56.147858853020061,0,0,119.65769866450364,119.65769866450364
0.0006602,56.143690637721129,0,0,247.22618175880964,247.22618175880964
0.00066029999999999995,56.152558565511676,0,0,379.92656081376572,379.92656081376572
0.00066040000000000001,56.174827499207836,0,0,514.88705976859933,514.88705976859933
0.00066049999999999995,56.210572555648511,0,0,649.19506257619696,649.19506257619696
0.00066060000000000001,56.259577774967859,0,0,779.94989456697238,779.94989456697238
0.00066069999999999996,56.321340064340554,0,0,904.31538147293429,904.31538147293429
0.00066080000000000002,56.395078344162393,0,0,1019.5712341503406,1019.5712341503406
0.00066089999999999996,56.479747730407148,0,0,1123.162328418224,1123.162328418224
0.00066100000000000002,56.574058495700328,0,0,1212.7449876618937,1212.7449876618937
0.00066109999999999997,56.676499465124763,0,0,1286.2294302408493,1286.2294302408493
0.00066119999999999992,56.785365422487097,0,0,1341.8176133023608,1341.8176133023608
0.00066129999999999997,56.898788030182622,0,0,1378.035788073608,1378.035788073608
0.00066139999999999992,57.014769702211851,0,0,1393.7611775732155,1393.7611775732155
0.00066149999999999998,57.13121981647695,0,0,1388.242294209429,1388.242294209429
0.00066159999999999993,57.245992610185574,0,0,1361.1125299863606,1361.1125299863606
0.00066169999999999998,57.356926071779313,0,0,1312.3967739330967,1312.3967739330967
0.00066179999999999993,57.461881124832672,0,0,1242.5109376944533,1242.5109376944533
0.00066189999999999999,57.558780394160841,0,0,1152.2543986881944,1152.2543986881944
0.00066199999999999994,57.645645852023179,0,0,1042.7954985144861,1042.7954985144861
0.00066209999999999999,57.720634662674101,0,0,915.65036007574429,915.65036007574429
0.00066219999999999994,57.782072576223925,0,0,772.65540785107521,772.65540785107521
0.0006623,57.828484267235403,0,0,615.9340897783394,615.9340897783394
0.00066239999999999995,57.858620068889508,0,0,447.85840416431051,447.85840416431051
0.0006625,57.871478618903403,0,0,271.00592906922918,271.00592906922918
0.00066259999999999995,57.866325007487795,0,0,88.113132994460202,88.113132994460202
0.00066270000000000001,57.842958649307604,-23.051167439116544,-23.051167439116544,0,0
0.00066279999999999996,57.819826092667647,-23.290401716555575,-23.290401716555575,0,0
0.00066290000000000001,57.796702787199983,-23.541057327967305,-23.541057327967305,0,0
0.00066299999999999996,57.773588729204889,-23.80260126386997,-23.80260126386997,0,0
0.00066310000000000002,57.750483914984116,-24.07447840382105,-24.07447840382105,0,0
0.00066319999999999997,57.727388340840896,-24.356112644778751,-24.356112644778751,0,0
0.00066330000000000002,57.704302003079931,-24.646908072089861,-24.646908072089861,0,0
0.00066339999999999997,57.681224898007407,-24.946250170723676,-24.946250170723676,0,0
0.00066349999999999992,57.65815702193099,-25.253507074290237,-25.253507074290237,0,0
0.00066359999999999998,57.63509837115982,-25.568030849304126,-25.568030849304126,0,0
0.00066369999999999992,57.612048942004513,-25.889158812083547,-25.889158812083547,0,0
0.00066379999999999998,57.589008730777159,-26.216214875608177,-26.216214875608177,0,0
0.00066389999999999993,57.565977733791328,-26.548510923598375,-26.548510923598375,0,0
0.00066399999999999999,57.542955947362053,-26.885348209023046,-26.885348209023046,0,0
0.00066409999999999993,57.519943367805858,-27.226018774193928,-27.226018774193928,0,0
0.00066419999999999999,57.496939991440719,-27.569806889559995,-27.569806889559995,0,0
0.00066429999999999994,57.473945814586102,-27.915990508278224,-27.915990508278224,0,0
0.00066439999999999999,57.450960833562938,-28.263842733604161,-28.263842733604161,0,0
0.00066449999999999994,57.427985044693635,-28.612633296120602,-28.612633296120602,0,0
0.0006646,57.405018444302058,-28.961630037801893,-28.961630037801893,0,0
0.00066469999999999995,57.382061028713558,-29.31010039989825,-29.31010039989825,0,0
0.0006648,57.359112794254941,-29.657312911616184,-29.657312911616184,0,0
0.00066489999999999995,57.336173737254491,-30.002538676569895,-30.002538676569895,0,0
0.00066500000000000001,57.313243854041964,-59.32066261008049,-59.32066261008049,0,0
0.00066509999999999996,57.29032314094858,-59.629950997495243,-59.629950997495243,0,0
0.00066520000000000001,57.267411594307021,-59.876273892396981,-59.876273892396981,0,0
0.00066529999999999996,57.244509210451433,-60.059108212424917,-60.059108212424917,0,0
0.00066540000000000002,57.221615985717442,-60.178059910085082,-60.178059910085082,0,0
0.00066549999999999997,57.198731916442135,-60.232864771942019,-60.232864771942019,0,0
0.00066559999999999992,57.175856998964051,-60.223388953956672,-60.223388953956672,0,0
0.00066569999999999997,57.152991229623211,-60.149629251885827,-60.149629251885827,0,0
0.00066579999999999992,57.130134604761089,-60.01171310619678,-60.01171310619678,0,0
0.00066589999999999998,57.107287120720628,-59.809898341490495,-59.809898341490495,0,0
0.00066599999999999993,57.084448773846226,-59.54457264096601,-59.54457264096601,0,0
0.00066609999999999998,57.061619560483749,-59.216252756997491,-59.216252756997491,0,0
0.00066619999999999993,57.038799476980522,-58.825583459430931,-58.825583459430931,0,0
0.00066629999999999999,57.015988519685337,-58.373336223741561,-58.373336223741561,0,0
0.00066639999999999994,56.993186684948434,-57.860407661720373,-57.860407661720373,0,0
0.00066649999999999999,56.970393969121524,-57.287817697882488,-57.287817697882488,0,0
0.00066659999999999994,56.947610368557768,-56.65670749530608,-56.65670749530608,0,0
0.0006667,56.924835879611798,-55.968337135119953,-55.968337135119953,0,0
0.00066679999999999994,56.902070498639688,-55.224083054358545,-55.224083054358545,0,0
0.0006669,56.879314221998982,-54.425435247393835,-54.425435247393835,0,0
0.00066699999999999995,56.856567046048667,-53.573994236634391,-53.573994236634391,0,0
0.00066710000000000001,56.833828967149202,-52.671467818650171,-52.671467818650171,0,0
0.00066719999999999995,56.811099981662494,-51.719667592338496,-51.719667592338496,0,0
0.00066730000000000001,56.788380085951907,-50.720505276188931,-50.720505276188931,0,0
0.00066739999999999996,56.765669276382255,-49.675988822133718,-49.675988822133718,0,0
0.00066750000000000002,56.742967549319808,-48.588218333883489,-48.588218333883489,0,0
0.00066759999999999996,56.720274901132285,-47.459381798045257,-47.459381798045257,0,0
0.00066770000000000002,56.697591328188871,-46.291750636700073,-46.291750636700073,0,0
0.00066779999999999997,56.674916826860191,-45.087675090480303,-45.087675090480303,0,0
0.00066789999999999992,56.65225139351832,-43.849579441531077,-43.849579441531077,0,0
0.00066799999999999997,56.629595024536798,-42.579957086065477,-42.579957086065477,0,0
0.00066809999999999992,56.606947716290598,-41.281365466528783,-41.281365466528783,0,0
0.00066819999999999998,56.584309465156153,-39.956420873671988,-39.956420873671988,0,0
0.00066829999999999993,56.561680267511342,-38.607793129099456,-38.607793129099456,0,0
0.00066839999999999998,56.539060119735495,-37.238200159097815,-37.238200159097815,0,0
0.00066849999999999993,56.516449018209386,-35.850402470774554,-35.850402470774554,0,0
0.00066859999999999999,56.493846959315242,-34.447197541732741,-34.447197541732741,0,0
0.00066869999999999994,56.471253939436735,-33.031414134684056,-33.031414134684056,0,0
0.00066879999999999999,56.44866995495898,-31.605906548554707,-31.605906548554707,0,0
0.00066889999999999994,56.426095002268532,-30.173548817767688,-30.173548817767688,0,0
0.000669,56.403529077753412,-28.737228871490032,-28.737228871490032,0,0
0.00066909999999999995,56.380972177803059,-27.299842664714845,-27.299842664714845,0,0
0.0006692,56.35842429880838,-25.864288293105218,-25.864288293105218,0,0
0.00066929999999999995,56.335885437161707,-24.433460103559611,-24.433460103559611,0,0
0.00066940000000000001,56.313355589256822,-23.010242812467236,-23.010242812467236,0,0
0.00066949999999999996,56.290834751488951,-21.597505643605917,-21.597505643605917,0,0
0.00066960000000000001,56.268322920254761,-20.198096497594957,-20.198096497594957,0,0
0.00066969999999999996,56.245820091952361,-18.814836164751281,-18.814836164751281,0,0
0.00066980000000000002,56.223326262981296,-17.450512593108691,-17.450512593108691,0,0
0.00066989999999999997,56.200841429742553,-16.107875223247959,-16.107875223247959,0,0
0.00067000000000000002,56.178365588638556,0,0,0,0
0.00067009999999999997,56.161810938003434,0,0,119.8027069852744,119.8027069852744
0.00067019999999999992,56.15765879338224,0,0,247.51359777972033,247.51359777972033
0.00067029999999999998,56.16655678050418,0,0,380.35108358904949,380.35108358904949
0.00067039999999999992,56.188869095419548,0,0,515.44078440245812,515.44078440245812
0.00067049999999999998,56.224669934917543,0,0,649.86762375691978,649.86762375691978
0.00067059999999999993,56.273742182503142,0,0,780.72865465486393,780.72865465486393
0.00067069999999999999,56.335581373130445,0,0,905.18565973016189,905.18565973016189
0.00067079999999999993,56.409404864274521,0,0,1020.5165729560048,1020.5165729560048
0.00067089999999999999,56.494166046631129,0,0,1124.1647916425313,1124.1647916425313
0.00067099999999999994,56.588573336471534,0,0,1213.7854857913785,1213.7854857913785
0.0006711,56.691113605100142,0,0,1287.2880663626722,1287.2880663626722
0.00067119999999999994,56.800079620534412,0,0,1342.8740436785758,1342.8740436785758
0.0006713,56.913601003902698,0,0,1379.0695907727445,1379.0695907727445
0.00067139999999999995,57.029678139451704,0,0,1394.7522224813276,1394.7522224813276
0.0006715,57.146218423621519,0,0,1389.1711077185489,1389.1711077185489
0.00067159999999999995,57.261074196349774,0,0,1361.9606477554612,1361.9606477554612
0.00067170000000000001,57.37208166737171,0,0,1313.147075333469,1313.147075333469
0.00067179999999999996,57.477100132340055,0,0,1243.147955883881,1243.147955883881
0.00067190000000000001,57.574050768419283,0,0,1152.7646007004273,1152.7646007004273
0.00067199999999999996,57.660954306707595,0,0,1043.1675302942647,1043.1675302942647
0.00067210000000000002,57.735966899263715,0,0,915.87525202513712,915.87525202513712
0.00067219999999999997,57.797413531294481,0,0,772.72673716864722,772.72673716864722
0.00067229999999999992,57.84381837359733,0,0,615.84809665569321,615.84809665569321
0.00067239999999999997,57.873931525841108,0,0,447.61405974064814,447.61405974064814
0.00067249999999999992,57.886751666703518,0,0,270.60495391861286,270.60495391861286
0.00067259999999999998,57.881544201076551,0,0,87.559965816579378,87.559965816579378
0.00067269999999999993,57.858143914551093,-23.069228290953436,-23.069228290953436,0,0
0.00067279999999999998,57.835005285019697,-23.308660936308389,-23.308660936308389,0,0
0.00067289999999999993,57.811875909089267,-23.559493231972578,-23.559493231972578,0,0
0.00067299999999999999,57.788755783059109,-23.821191803508771,-23.821191803508771,0,0
0.00067309999999999994,57.765644903229997,-24.093201210332321,-24.093201210332321,0,0
0.00067319999999999999,57.742543265904196,-24.374945074722664,-24.374945074722664,0,0
0.00067329999999999994,57.71945086738544,-24.665827253368807,-24.665827253368807,0,0
0.0006734,57.696367703978943,-24.965233049067354,-24.965233049067354,0,0
0.00067349999999999995,57.673293771991403,-25.272530460110399,-25.272530460110399,0,0
0.0006736,57.65022906773099,-25.587071464823747,-25.587071464823747,0,0
0.00067369999999999995,57.62717358750735,-25.908193338644583,-25.908193338644583,0,0
0.00067380000000000001,57.604127327631609,-26.235220001061858,-26.235220001061858,0,0
0.00067389999999999995,57.581090284416362,-26.567463389681716,-26.567463389681716,0,0
0.00067400000000000001,57.558062454175683,-26.904224858625216,-26.904224858625216,0,0
0.00067409999999999996,57.535043833225117,-27.244796598416503,-27.244796598416503,0,0
0.00067420000000000002,57.512034417881686,-27.588463074475502,-27.588463074475502,0,0
0.00067429999999999996,57.489034204463891,-27.934502481291812,-27.934502481291812,0,0
0.00067440000000000002,57.466043189291689,-28.28218820932435,-28.28218820932435,0,0
0.00067449999999999997,57.443061368686521,-28.630790321645758,-28.630790321645758,0,0
0.00067459999999999992,57.420088738971295,-28.979577037330554,-28.979577037330554,0,0
0.00067469999999999997,57.397125296470385,-29.327816218572519,-29.327816218572519,0,0
0.00067479999999999992,57.374171037509647,-29.674776858509194,-29.674776858509194,0,0
0.00067489999999999998,57.3512259584164,-30.019730566729923,-30.019730566729923,0,0
0.00067499999999999993,57.328290055519425,-59.337562805546384,-59.337562805546384,0,0
0.00067509999999999998,57.305363325148981,-59.646540447199754,-59.646540447199754,0,0
0.00067519999999999993,57.282445763636794,-59.892534170876928,-59.892534170876928,0,0
0.00067529999999999999,57.259537367316049,-60.075021557259575,-60.075021557259575,0,0
0.00067539999999999994,57.236638132521406,-60.193609257986637,-60.193609257986637,0,0
0.00067549999999999999,57.213748055588987,-60.248033793424952,-60.248033793424952,0,0
0.00067559999999999994,57.190867132856376,-60.238162086515402,-60.238162086515402,0,0
0.0006757,57.16799536066263,-60.163991731613365,-60.163991731613365,0,0
0.00067579999999999995,57.145132735348263,-60.02565099778009,-60.02565099778009,0,0
0.0006759,57.122279253255257,-59.823398566521675,-59.823398566521675,0,0
0.00067599999999999995,57.099434910727055,-59.557623004511782,-59.557623004511782,0,0
0.00067610000000000001,57.07659970410856,-59.228841972372877,-59.228841972372877,0,0
0.00067619999999999996,57.053773629746139,-58.837701171127122,-58.837701171127122,0,0
0.00067630000000000001,57.030956683987618,-58.38497302846099,-58.38497302846099,0,0
0.00067639999999999996,57.008148863182292,-57.871555127476626,-57.871555127476626,0,0
0.00067650000000000002,56.985350163680906,-57.298468381126042,-57.298468381126042,0,0
0.00067659999999999997,56.962560581835668,-56.66685495604122,-56.66685495604122,0,0
0.00067670000000000002,56.939780114000243,-55.977975949982081,-55.977975949982081,0,0
0.00067679999999999997,56.917008756529754,-55.233208827625361,-55.233208827625361,0,0
0.00067689999999999992,56.894246505780792,-54.434044619908065,-54.434044619908065,0,0
0.00067699999999999998,56.871493358111387,-53.58208489261996,-53.58208489261996,0,0
0.00067709999999999992,56.848749309881043,-52.679038490407919,-52.679038490407919,0,0
0.00067719999999999998,56.82601435745071,-51.726718062812012,-51.726718062812012,0,0
0.00067729999999999993,56.803288497182798,-50.72703637939523,-50.72703637939523,0,0
0.00067739999999999999,56.780571725441163,-49.68200244145801,-49.68200244145801,0,0
0.00067749999999999993,56.75786403859113,-48.593717398241466,-48.593717398241466,0,0
0.00067759999999999999,56.735165432999459,-47.464370275920743,-47.464370275920743,0,0
0.00067769999999999994,56.712475905034381,-46.29623352807009,-46.29623352807009,0,0
0.0006778,56.689795451065571,-45.091658416644222,-45.091658416644222,0,0
0.00067789999999999994,56.667124067464151,-43.853070232864255,-43.853070232864255,0,0
0.000678,56.644461750602701,-42.582963367722556,-42.582963367722556,0,0
0.00067809999999999995,56.621808496855252,-41.283896242125493,-41.283896242125493,0,0
0.00067820000000000001,56.599164302597288,-39.95848610697886,-39.95848610697886,0,0
0.00067829999999999995,56.576529164205731,-38.609403723784467,-38.609403723784467,0,0
0.00067840000000000001,56.553903078058958,-37.239367936559333,-37.239367936559333,0,0
0.00067849999999999996,56.531286040536799,-35.851140146109557,-35.851140146109557,0,0
0.00067860000000000001,56.508678048020528,-34.447518697889137,-34.447518697889137,0,0
0.00067869999999999996,56.486079096892865,-33.031333194849751,-33.031333194849751,0,0
0.00067880000000000002,56.46348918353798,-31.605438746839511,-31.605438746839511,0,0
0.00067889999999999997,56.440908304341484,-30.172710168237607,-30.172710168237607,0,0
0.00067899999999999992,56.418336455690437,-28.736036135616963,-28.736036135616963,0,0
0.00067909999999999997,56.395773633973342,-27.298313317307844,-27.298313317307844,0,0
0.00067919999999999992,56.373219835580151,-25.862440486792501,-25.862440486792501,0,0
0.00067929999999999998,56.350675056902254,-24.431312631893597,-24.431312631893597,0,0
0.00067939999999999993,56.328139294332487,-23.007815071727563,-23.007815071727563,0,0
0.00067949999999999998,56.305612544265124,-21.594817593378071,-21.594817593378071,0,0
0.00067959999999999993,56.283094803095892,-20.195168620204687,-20.195168620204687,0,0
0.00067969999999999999,56.260586067221944,-18.811689423637144,-18.811689423637144,0,0
0.00067979999999999994,56.238086333041892,-17.447168390217492,-17.447168390217492,0,0
0.00067989999999999999,56.215595596955772,-16.104355355539514,-16.104355355539514,0,0
0.00067999999999999994,56.193113855365063,0,0,0,0
0.0006801,56.176554811148556,0,0,119.8329379659917,119.8329379659917
0.00068019999999999995,56.172401326760934,0,0,247.57453830495828,247.57453830495828
0.0006803,56.181301040636789,0,0,380.44253332204266,380.44253332204266
0.00068039999999999995,56.203618093733354,0,0,515.56186781923338,515.56186781923338
0.00068050000000000001,56.239426560959792,0,0,650.01680609425989,650.01680609425989
0.00068059999999999996,56.288509139375741,0,0,780.90376980260953,780.90376980260953
0.00068070000000000001,56.35036111631608,0,0,905.38394956127308,905.38394956127308
0.00068079999999999996,56.424199544962349,0,0,1020.7347373806945,1020.7347373806945
0.00068090000000000002,56.508977460568623,0,0,1124.3990484786225,1124.3990484786225
0.00068099999999999996,56.603402879268863,0,0,1214.0316393653413,1214.0316393653413
0.00068110000000000002,56.705962234796388,0,0,1287.5415835977863,1287.5415835977863
0.00068119999999999997,56.814947828103428,0,0,1343.1301362911925,1343.1301362911925
0.00068129999999999992,56.928488792232436,0,0,1379.323302087148,1379.323302087148
0.00068139999999999997,57.044585011177347,0,0,1394.9985172902086,1394.9985172902086
0.00068149999999999992,57.161143378032328,0,0,1389.4049635611191,1389.4049635611191
0.00068159999999999998,57.276015735425119,0,0,1362.1771459597501,1362.1771459597501
0.00068169999999999993,57.387037810836567,0,0,1313.3414901737999,1313.3414901737999
0.00068179999999999998,57.492068441466699,0,0,1243.3158402388533,1243.3158402388533
0.00068189999999999993,57.589028378143638,0,0,1152.9018666603049,1152.9018666603049
0.00068199999999999999,57.675937965478141,0,0,1043.2705232583219,1043.2705232583219
0.00068209999999999994,57.750953015900755,0,0,915.94081694760041,915.94081694760041
0.00068219999999999999,57.812398228010899,0,0,772.75227575423412,772.75227575423412
0.00068229999999999994,57.858797544220138,0,0,615.83161446980932,615.83161446980932
0.0006824,57.888900898179351,0,0,447.5542023821011,447.5542023821011
0.00068249999999999995,57.901706867932887,0,0,270.50103160090231,270.50103160090231
0.0006826,57.896480824956555,0,0,87.411965913851006,87.411965913851006
0.00068269999999999995,57.873067090394265,-23.074709082759977,-23.074709082759977,0,0
0.00068280000000000001,57.849922492786227,-23.314361282642597,-23.314361282642597,0,0
0.00068289999999999996,57.82678715116591,-23.565416704381104,-23.565416704381104,0,0
0.00068300000000000001,57.803661061831662,-23.82734151400393,-23.82734151400393,0,0
0.00068309999999999996,57.780544221083304,-24.09957980507598,-24.09957980507598,0,0
0.00068320000000000002,57.757436625222148,-24.381554728656926,-24.381554728656926,0,0
0.00068329999999999997,57.734338270550971,-24.672669665804296,-24.672669665804296,0,0
0.00068340000000000002,57.711249153374041,-24.972309440238238,-24.972309440238238,0,0
0.00068349999999999997,57.688169269997097,-25.279841568702881,-25.279841568702881,0,0
0.00068359999999999992,57.665098616727363,-25.594617546483217,-25.594617546483217,0,0
0.00068369999999999998,57.642037189873527,-25.915974165464451,-25.915974165464451,0,0
0.00068379999999999992,57.618984985745769,-26.243234862055008,-26.243234862055008,0,0
0.00068389999999999998,57.595942000655732,-26.575711092233615,-26.575711092233615,0,0
0.00068399999999999993,57.572908230916539,-26.912703730925845,-26.912703730925845,0,0
0.00068409999999999999,57.549883672842782,-27.253504492865982,-27.253504492865982,0,0
0.00068419999999999993,57.526868322750538,-27.597397372056573,-27.597397372056573,0,0
0.00068429999999999999,57.503862176957348,-27.943660096900278,-27.943660096900278,0,0
0.00068439999999999994,57.480865231782225,-28.291565598046613,-28.291565598046613,0,0
0.0006845,57.457877483545666,-28.640383485970677,-28.640383485970677,0,0
0.00068459999999999994,57.434898928569623,-28.98938153528098,-28.98938153528098,0,0
0.0006847,57.41192956317753,-29.337827172739939,-29.337827172739939,0,0
0.00068479999999999995,57.388969383694295,-29.68498896597313,-29.68498896597313,0,0
0.00068490000000000001,57.366018386446285,-30.030138109841975,-30.030138109841975,0,0
0.00068499999999999995,57.343076567761337,-59.348159663556828,-59.348159663556828,0,0
0.00068510000000000001,57.320143923968757,-59.657320108703303,-59.657320108703303,0,0
0.00068519999999999996,57.297220451399333,-59.903489747052078,-59.903489747052078,0,0
0.00068530000000000002,57.2743061463853,-60.086145795874828,-60.086145795874828,0,0
0.00068539999999999996,57.251401005260377,-60.204894558145114,-60.204894558145114,0,0
0.00068550000000000002,57.228505024359734,-60.259472221017219,-60.259472221017219,0,0
0.00068559999999999997,57.20561820002002,-60.24974539034946,-60.24974539034946,0,0
0.00068569999999999992,57.182740528579338,-60.175711360188572,-60.175711360188572,0,0
0.00068579999999999997,57.159872006377263,-60.037498116671358,-60.037498116671358,0,0
0.00068589999999999992,57.137012629754828,-59.835364076338266,-59.835364076338266,0,0
0.00068599999999999998,57.114162395054535,-59.569697559394399,-59.569697559394399,0,0
0.00068609999999999993,57.09132129862035,-59.241015998991415,-59.241015998991415,0,0
0.00068619999999999998,57.068489336797697,-58.849964888140363,-58.849964888140363,0,0
0.00068629999999999993,57.045666505933454,-58.397316466398834,-58.397316466398834,0,0
0.00068639999999999999,57.022852802375979,-57.883968149004374,-57.883968149004374,0,0
0.00068649999999999994,57.000048222475073,-57.310940701649571,-57.310940701649571,0,0
0.00068659999999999999,56.977252762582005,-56.679376164611142,-56.679376164611142,0,0
0.00068669999999999994,56.954466419049496,-55.990535530454395,-55.990535530454395,0,0
0.0006868,56.931689188231736,-55.245796180035711,-55.245796180035711,0,0
0.00068689999999999995,56.908921066484368,-54.446649082015995,-54.446649082015995,0,0
0.000687,56.886162050164494,-53.594695761579416,-53.594695761579416,0,0
0.00068709999999999995,56.863412135630668,-52.691645044520129,-52.691645044520129,0,0
0.00068720000000000001,56.840671319242908,-51.739309583316356,-51.739309583316356,0,0
0.00068729999999999996,56.817939597362681,-50.739602172253825,-50.739602172253825,0,0
0.00068740000000000001,56.795216966352911,-49.694531859089835,-49.694531859089835,0,0
0.00068749999999999996,56.772503422577969,-48.606199861161826,-48.606199861161826,0,0
0.00068760000000000002,56.749798962403702,-47.476795294242024,-47.476795294242024,0,0
0.00068769999999999996,56.727103582197387,-46.308590722820284,-46.308590722820284,0,0
0.00068780000000000002,56.704417278327767,-45.103937540859647,-45.103937540859647,0,0
0.00068789999999999997,56.681740047165036,-43.865261192413897,-43.865261192413897,0,0
0.00068799999999999992,56.659071885080827,-42.595056241821439,-42.595056241821439,0,0
0.00068809999999999997,56.636412788448247,-41.295881303495676,-41.295881303495676,0,0
0.00068819999999999992,56.613762753641829,-39.970353841616813,-39.970353841616813,0,0
0.00068829999999999998,56.591121777037571,-38.621144850294897,-38.621144850294897,0,0
0.00068839999999999993,56.56848985501292,-37.250973425016014,-37.250973425016014,0,0
0.00068849999999999998,56.545866983946766,-35.862601236404913,-35.862601236404913,0,0
0.00068859999999999993,56.523253160219454,-34.458826917535347,-34.458826917535347,0,0
0.00068869999999999999,56.500648380212766,-33.042480376195037,-33.042480376195037,0,0
0.00068879999999999994,56.47805264030994,-31.616417043664814,-31.616417043664814,0,0
0.00068889999999999999,56.455465936895656,-30.183512071699855,-30.183512071699855,0,0
0.00068899999999999994,56.432888266356045,-28.746654489506511,-28.746654489506511,0,0
0.0006891,56.410319625078678,-27.308741332589118,-27.308741332589118,0,0
0.00068919999999999995,56.38776000945257,-25.872671755398329,-25.872671755398329,0,0
0.0006893,56.365209415868179,-24.441341139745177,-24.441341139745177,0,0
0.00068939999999999995,56.342667840717418,-23.017635210953593,-23.017635210953593,0,0
0.00068950000000000001,56.320135280393629,-21.604424173708306,-21.604424173708306,0,0
0.00068959999999999996,56.29761173129161,-20.204556879514641,-20.204556879514641,0,0
0.00068970000000000001,56.275097189807589,-18.820855037622692,-18.820855037622692,0,0
0.00068979999999999996,56.252591652339234,-17.456107481179551,-17.456107481179551,0,0
0.00068990000000000002,56.230095115285664,-16.1130645002611,-16.1130645002611,0,0
0.00068999999999999997,56.207607575047433,0,0,0,0
0.00069009999999999991,56.191039337054391,0,0,119.76539050709633,119.76539050709633
0.00069019999999999997,56.186870050568295,0,0,247.44245225440824,247.44245225440824
0.00069029999999999992,56.195747710648561,0,0,380.24997006480532,380.24997006480532
0.00069039999999999998,56.21803691643381,0,0,515.31386754478126,515.31386754478126
0.00069049999999999992,56.253812294262623,0,0,649.71929636828384,649.71929636828384
0.00069059999999999998,56.302857175875921,0,0,780.56345808170909,780.56345808170909
0.00069069999999999993,56.364667555039411,0,0,905.00820159931493,905.00820159931493
0.00069079999999999999,56.438461250314866,0,0,1020.3314437308433,1020.3314437308433
0.00069089999999999993,56.523192107420243,0,0,1123.9764815104168,1123.9764815104168
0.00069099999999999999,56.617568983356662,0,0,1213.5983033877076,1213.5983033877076
0.00069109999999999994,56.720079167899165,0,0,1287.1060608034563,1287.1060608034563
0.0006912,56.82901581771484,0,0,1342.7009313133665,1342.7009313133665
0.00069129999999999994,56.942508905741079,0,0,1378.9086879840559,1378.9086879840559
0.0006914,57.058559124842468,0,0,1394.606385747041,1394.606385747041
0.00069149999999999995,57.175074131319491,0,0,1389.0426820220914,1389.0426820220914
0.00069160000000000001,57.28990647153104,0,0,1361.8514242772228,1361.8514242772228
0.00069169999999999995,57.400892504482599,0,0,1313.0582591887098,1313.0582591887098
0.00069180000000000001,57.505891615270606,0,0,1243.0801444903193,1243.0801444903193
0.00069189999999999996,57.60282500908648,0,0,1152.7177731661029,1152.7177731661029
0.00069200000000000002,57.689713383161802,0,0,1043.1410480166169,1043.1410480166169
0.00069209999999999996,57.764712794440634,0,0,915.86787048915141,915.86787048915141
0.00069220000000000002,57.826148073522937,0,0,772.7366287290796,772.7366287290796
0.00069229999999999997,57.872543179941296,0,0,615.87288388945126,615.87288388945126
0.00069239999999999992,57.902647949302953,0,0,447.65085876400462,447.65085876400462
0.00069249999999999997,57.915460748245394,0,0,270.65042688350366,270.65042688350366
0.00069259999999999992,57.910246627329428,0,0,87.610381634071231,87.610381634071231
0.00069269999999999998,57.886837123645563,-23.06933013051211,-23.06933013051211,0,0
0.00069279999999999993,57.863687019125678,-23.309207058264118,-23.309207058264118,0,0
0.00069289999999999998,57.84054617279584,-23.560511666312049,-23.560511666312049,0,0
0.00069299999999999993,57.81741458095351,-23.822709608405031,-23.822709608405031,0,0
0.00069309999999999999,57.794292239897636,-24.09524441717463,-24.09524441717463,0,0
0.00069319999999999994,57.771179145928649,-24.377538635233631,-24.377538635233631,0,0
0.00069329999999999999,57.748075295348443,-24.668994988916221,-24.668994988916221,0,0
0.00069339999999999994,57.724980684460412,-24.968997602273735,-24.968997602273735,0,0
0.0006935,57.701895309569416,-25.276913248858495,-25.276913248858495,0,0
0.00069359999999999995,57.678819166981789,-25.592092638751463,-25.592092638751463,0,0
0.0006937,57.655752253005353,-25.913871738217747,-25.913871738217747,0,0
0.00069379999999999995,57.6326945639494,-26.241573119307947,-26.241573119307947,0,0
0.00069390000000000001,57.609646096124699,-26.574507336662183,-26.574507336662183,0,0
0.00069399999999999996,57.586606845843498,-26.911974328718781,-26.911974328718781,0,0
0.00069410000000000001,57.563576809419516,-27.253264840479641,-27.253264840479641,0,0
0.00069419999999999996,57.540555983167941,-27.597661864940878,-27.597661864940878,0,0
0.00069430000000000002,57.517544363405449,-27.944442100259227,-27.944442100259227,0,0
0.00069439999999999997,57.494541946450177,-28.29287741969279,-28.29287741969279,0,0
0.00069450000000000002,57.471548728621741,-28.642236351328879,-28.642236351328879,0,0
0.00069459999999999997,57.448564706241221,-28.991785564591748,-28.991785564591748,0,0
0.00069469999999999992,57.425589875631182,-29.340791360509268,-29.340791360509268,0,0
0.00069479999999999997,57.402624233115645,-29.688521162710121,-29.688521162710121,0,0
0.00069489999999999992,57.379667775020103,-30.034245006121449,-30.034245006121449,0,0
0.00069499999999999998,57.356720497671532,-59.352846776439407,-59.352846776439407,0,0
0.00069509999999999993,57.333782397398359,-59.662591770540303,-59.662591770540303,0,0
0.00069519999999999998,57.310853470530496,-59.909349096698179,-59.909349096698179,0,0
0.00069529999999999993,57.287933713399305,-60.09259477232618,-60.09259477232618,0,0
0.00069539999999999999,57.265023122337631,-60.211933896615804,-60.211933896615804,0,0
0.00069549999999999994,57.242121693679778,-60.267101451462111,-60.267101451462111,0,0
0.00069559999999999999,57.219229423761519,-60.257962838436271,-60.257962838436271,0,0
0.00069569999999999994,57.196346308920091,-60.184514150717376,-60.184514150717376,0,0
0.0006958,57.173472345494197,-60.046882179434235,-60.046882179434235,0,0
0.00069589999999999995,57.150607529824001,-59.84532415440745,-59.84532415440745,0,0
0.000696,57.127751858251131,-59.580227219821921,-59.580227219821921,0,0
0.00069609999999999995,57.104905327118679,-59.25210764589842,-59.25210764589842,0,0
0.00069620000000000001,57.082067932771203,-58.861609778169594,-58.861609778169594,0,0
0.00069629999999999996,57.059239671554714,-58.409504726498739,-58.409504726498739,0,0
0.00069640000000000001,57.036420539816696,-57.896688796508798,-57.896688796508798,0,0
0.00069649999999999996,57.013610533906089,-57.324181666612034,-57.324181666612034,0,0
0.00069660000000000002,56.990809650173283,-56.693124314348395,-56.693124314348395,0,0
0.00069669999999999997,56.968017884970145,-56.004776696249408,-56.004776696249408,0,0
0.00069679999999999992,56.945235234649992,-55.260515185945593,-55.260515185945593,0,0
0.00069689999999999997,56.922461695567598,-54.461829775726542,-54.461829775726542,0,0
0.00069699999999999992,56.899697264079194,-53.610321047243303,-53.610321047243303,0,0
0.00069709999999999998,56.876941936542472,-52.70769691751228,-52.70769691751228,0,0
0.00069719999999999992,56.854195709316585,-51.755769166835421,-51.755769166835421,0,0
0.00069729999999999998,56.831458578762131,-50.756449755695911,-50.756449755695911,0,0
0.00069739999999999993,56.808730541241175,-49.711746938115979,-49.711746938115979,0,0
0.00069749999999999999,56.786011593117223,-48.62376117937805,-48.62376117937805,0,0
0.00069759999999999993,56.763301730755245,-47.494680886407167,-47.494680886407167,0,0
0.00069769999999999999,56.740600950521667,-46.326777959493853,-46.326777959493853,0,0
0.00069779999999999994,56.717909248784366,-45.122403174398777,-45.122403174398777,0,0
0.0006979,56.69522662191266,-43.883981404226141,-43.883981404226141,0,0
0.00069799999999999994,56.672553066277338,-42.614006690777217,-42.614006690777217,0,0
0.0006981,56.649888578250625,-41.315037175401933,-41.315037175401933,0,0
0.00069819999999999995,56.627233154206209,-39.989689899651573,-39.989689899651573,0,0
0.00069830000000000001,56.604586790519214,-38.640635486299871,-38.640635486299871,0,0
0.00069839999999999995,56.581949483566227,-37.270592711543372,-37.270592711543372,0,0
0.00069850000000000001,56.559321229725278,-35.88232297941213,-35.88232297941213,0,0
0.00069859999999999996,56.536702025375845,-34.478624709621215,-34.478624709621215,0,0
0.00069870000000000002,56.514091866898859,-33.062327650268685,-33.062327650268685,0,0
0.00069879999999999996,56.491490750676697,-31.636287126938441,-31.636287126938441,0,0
0.00069890000000000002,56.468898673093172,-30.203378239895727,-30.203378239895727,0,0
0.00069899999999999997,56.446315630533554,-28.766490021167847,-28.766490021167847,0,0
0.00069909999999999992,56.423741619384558,-27.328519563384656,-27.328519563384656,0,0
0.00069919999999999997,56.401176636034343,-25.892366132310059,-25.892366132310059,0,0
0.00069929999999999992,56.378620676872508,-24.460925275029258,-24.460925275029258,0,0
0.00069939999999999998,56.3560737382901,-23.037082935764744,-23.037082935764744,0,0
0.00069949999999999993,56.333535816679614,-21.623709591278676,-21.623709591278676,0,0
0.00069959999999999998,56.311006908434976,-20.223654417779159,-20.223654417779159,0,0
0.00069969999999999993,56.288487009951567,-18.8397395011839,-18.8397395011839,0,0
0.00069979999999999999,56.265976117626195,-17.474754102506356,-17.474754102506356,0,0
0.00069989999999999994,56.243474227857128,-16.131448990017425,-16.131448990017425,0,0
0.00069999999999999999,56.220981337044051,0,0,0,0
0.00070009999999999994,56.204400469605247,0,0,119.62036677512796,119.62036677512796
0.0007002,56.200204285741002,0,0,247.1573495747611,247.1573495747611
0.00070029999999999995,56.209041403177942,0,0,379.83216646247769,379.83216646247769
0.0007004,56.231277280408619,0,0,514.77304031133394,514.77304031133394
0.00070049999999999995,56.266987624218366,0,0,649.06724646183238,649.06724646183238
0.00070060000000000001,56.315957048291494,0,0,779.81389608641746,779.81389608641746
0.00070069999999999996,56.377683006590523,0,0,904.17649912564946,904.17649912564946
0.00070080000000000001,56.451384929658879,0,0,1019.4343547633639,1019.4343547633639
0.00070089999999999996,56.53601839776659,0,0,1123.0318387536952,1123.0318387536952
0.00070100000000000002,56.630294093606608,0,0,1212.624695113235,1212.624695113235
0.00070109999999999997,56.732701190708219,0,0,1286.1224940529532,1286.1224940529532
0.00070120000000000002,56.841534753430423,0,0,1341.7264875603557,1341.7264875603557
0.00070129999999999997,56.954926651786145,0,0,1377.9621774914638,1377.9621774914638
0.00070139999999999992,57.070879430742018,0,0,1393.7060068814958,1393.7060068814958
0.00070149999999999998,57.187302520188723,0,0,1388.2056916950853,1388.2056916950853
0.00070159999999999992,57.302050129451729,0,0,1361.0938254810678,1361.0938254810678
0.00070169999999999998,57.4129601397754,0,0,1312.3945112848901,1312.3945112848901
0.00070179999999999993,57.5178932902163,0,0,1242.5229014950967,1242.5229014950967
0.00070189999999999998,57.614771947147574,0,0,1152.2776547705166,1152.2776547705166
0.00070199999999999993,57.701617755199727,0,0,1042.8264474845712,1042.8264474845712
0.00070209999999999999,57.776587487803447,0,0,915.68480290884759,915.68480290884759
0.00070219999999999994,57.838006448188452,0,0,772.68862236173766,772.68862236173766
0.00070229999999999999,57.884398816134485,0,0,615.96091657835109,615.96091657835109
0.00070239999999999994,57.914514391160473,0,0,447.87334055047893,447.87334055047893
0.0007025,57.927351248170964,0,0,271.00322913945627,271.00322913945627
0.00070259999999999995,57.922173895670909,0,0,88.086912178014174,88.086912178014174
0.0007027,57.898783394267639,-23.05522028327626,-23.05522028327626,0,0
0.00070279999999999995,57.875628512195078,-23.295311237729432,-23.295311237729432,0,0
0.00070290000000000001,57.852482890223207,-23.546870242911002,-23.546870242911002,0,0
0.00070299999999999996,57.82934652464872,-23.809362430248353,-23.809362430248353,0,0
0.00070310000000000001,57.806219411769803,-24.082230729081711,-24.082230729081711,0,0
0.00070319999999999996,57.783101547886112,-24.364896998989959,-24.364896998989959,0,0
0.00070330000000000002,57.759992929298789,-24.656763204919738,-24.656763204919738,0,0
0.00070339999999999997,57.736893552310462,-24.957212632729519,-24.957212632729519,0,0
0.00070349999999999992,57.713803413225229,-25.265611142677638,-25.265611142677638,0,0
0.00070359999999999997,57.690722508348664,-25.581308458306832,-25.581308458306832,0,0
0.00070369999999999992,57.667650833987821,-25.903639488105529,-25.903639488105529,0,0
0.00070379999999999998,57.644588386451233,-26.231925677259543,-26.231925677259543,0,0
0.00070389999999999993,57.621535162048907,-26.565476386746948,-26.565476386746948,0,0
0.00070399999999999998,57.598491157092333,-26.903590296973316,-26.903590296973316,0,0
0.00070409999999999993,57.575456367894468,-27.245556833094366,-27.245556833094366,0,0
0.00070419999999999999,57.552430790769741,-27.590657609129526,-27.590657609129526,0,0
0.00070429999999999993,57.529414422034066,-27.93816788793136,-27.93816788793136,0,0
0.00070439999999999999,57.50640725800482,-28.287358054043761,-28.287358054043761,0,0
0.00070449999999999994,57.483409295000861,-28.637495096455748,-28.637495096455748,0,0
0.0007046,57.460420529342514,-28.987844098237563,-28.987844098237563,0,0
0.00070469999999999994,57.437440957351569,-29.337669730031582,-29.337669730031582,0,0
0.0007048,57.414470575351302,-29.686237744363314,-29.686237744363314,0,0
0.00070489999999999995,57.391509379666452,-30.032816467735469,-30.032816467735469,0,0
0.00070500000000000001,57.368557366623222,-59.352288043570752,-59.352288043570752,0,0
0.00070509999999999995,57.345614532549291,-59.662915996164074,-59.662915996164074,0,0
0.00070520000000000001,57.322680873773812,-59.91056763450257,-59.91056763450257,0,0
0.00070529999999999996,57.299756386627394,-60.094717153663794,-60.094717153663794,0,0
0.00070540000000000002,57.27684106744212,-60.214967811158544,-60.214967811158544,0,0
0.00070549999999999996,57.253934912551536,-60.271052731598914,-60.271052731598914,0,0
0.00070560000000000002,57.23103791829066,-60.262835447445269,-60.262835447445269,0,0
0.00070569999999999997,57.208150080995978,-60.190310174736595,-60.190310174736595,0,0
0.00070579999999999992,57.18527139700543,-60.053601823247035,-60.053601823247035,0,0
0.00070589999999999997,57.162401862658427,-59.85296574105125,-59.85296574105125,0,0
0.00070599999999999992,57.139541474295847,-59.58878719402091,-59.58878719402091,0,0
0.00070609999999999998,57.116690228260019,-59.261580581313254,-59.261580581313254,0,0
0.00070619999999999993,57.093848120894748,-58.87198838844941,-58.87198838844941,0,0
0.00070629999999999998,57.0710151485453,-58.420779880112761,-58.420779880112761,0,0
0.00070639999999999993,57.048191307558398,-57.908849535327519,-57.908849535327519,0,0
0.00070649999999999999,57.025376594282228,-57.337215228200151,-57.337215228200151,0,0
0.00070659999999999994,57.002571005066436,-56.707016157924045,-56.707016157924045,0,0
0.00070669999999999999,56.979774536262127,-56.019510532257058,-56.019510532257058,0,0
0.00070679999999999994,56.956987184221866,-55.276073009182312,-55.276073009182312,0,0
0.0007069,56.934208945299673,-54.478191901954276,-54.478191901954276,0,0
0.00070699999999999995,56.911439815851033,-53.627466153213021,-53.627466153213021,0,0
0.0007071,56.888679792232885,-52.725602084318012,-52.725602084318012,0,0
0.00070719999999999995,56.865928870803621,-51.774409926510756,-51.774409926510756,0,0
0.00070730000000000001,56.843187047923102,-50.775800140957614,-50.775800140957614,0,0
0.00070739999999999996,56.820454319952631,-49.73177953515399,-49.73177953515399,0,0
0.00070750000000000001,56.797730683254976,-48.644447183584361,-48.644447183584361,0,0
0.00070759999999999996,56.775016134194345,-47.515990160930414,-47.515990160930414,0,0
0.00070770000000000002,56.752310669136421,-46.348679096500391,-46.348679096500391,0,0
0.00070779999999999997,56.729614284448324,-45.144863558916057,-45.144863558916057,0,0
0.00070789999999999991,56.706926976498636,-43.906967280438209,-43.906967280438209,0,0
0.00070799999999999997,56.684248741657385,-42.637483230637912,-42.637483230637912,0,0
0.00070809999999999992,56.661579576296049,-41.33896854942617,-41.33896854942617,0,0
0.00070819999999999998,56.638919476787571,-40.014039349740798,-40.014039349740798,0,0
0.00070829999999999992,56.616268439506328,-38.665365400453794,-38.665365400453794,0,0
0.00070839999999999998,56.593626460828155,-37.295664700305977,-37.295664700305977,0,0
0.00070849999999999993,56.570993537130335,-35.907697953896772,-35.907697953896772,0,0
0.00070859999999999999,56.548369664791601,-34.504262960956041,-34.504262960956041,0,0
0.00070869999999999993,56.525754840192135,-33.08818893030098,-33.08818893030098,0,0
0.00070879999999999999,56.503149059713564,-31.662330730034007,-31.662330730034007,0,0
0.00070889999999999994,56.480552319738962,-30.229563085666822,-30.229563085666822,0,0
0.00070899999999999999,56.457964616652852,-28.792774737961739,-28.792774737961739,0,0
0.00070909999999999994,56.435385946841201,-27.354862572363032,-27.354862572363032,0,0
0.0007092,56.412816306691425,-25.918725731948463,-25.918725731948463,0,0
0.00070929999999999995,56.390255692592376,-24.487259725864792,-24.487259725864792,0,0
0.0007094,56.367704100934361,-23.063350545219862,-23.063350545219862,0,0
0.00070949999999999995,56.345161528109124,-21.649868798388624,-21.649868798388624,0,0
0.00070960000000000001,56.322627970509849,-20.249663877650963,-20.249663877650963,0,0
0.00070969999999999996,56.300103424531173,-18.865558169015202,-18.865558169015202,0,0
0.00070980000000000001,56.277587886569158,-17.500341316993399,-17.500341316993399,0,0
0.00070989999999999996,56.255081353021332,-16.156764555982697,-16.156764555982697,0,0
0.00071000000000000002,56.232583820286642,0,0,0,0
0.00071009999999999997,56.215988243053395,0,0,119.41969292046309,119.41969292046309
0.00071019999999999992,56.211757574915872,0,0,246.76224663755113,246.76224663755113
0.00071029999999999997,56.220541238777656,0,0,379.25231380885145,379.25231380885145
0.00071039999999999992,56.242705833095059,0,0,514.02137610855175,514.02137610855175
0.00071049999999999998,56.278328518713479,0,0,648.15973288380712,648.15973288380712
0.00071059999999999993,56.32719565109673,0,0,778.76922977716185,778.76922977716185
0.00071069999999999998,56.388806682121505,0,0,903.01577217121849,903.01577217121849
0.00071079999999999993,56.462383260159925,0,0,1018.1806723186804,1018.1806723186804
0.00071089999999999999,56.546883363026517,0,0,1121.709900255044,1121.709900255044
0.00071099999999999994,56.641020207225559,0,0,1211.260346665973,1211.260346665973
0.00071109999999999999,56.743285590452828,0,0,1284.7422601052122,1284.7422601052122
0.00071119999999999994,56.851977244046331,0,0,1340.3570903477687,1340.3570903477687
0.0007113,56.96522969949833,0,0,1376.6300529584746,1376.6300529584746
0.00071139999999999994,57.081048109548398,0,0,1392.4368258476293,1392.4368258476293
0.0007115,57.197344410925851,0,0,1387.0238949385532,1387.0238949385532
0.00071159999999999995,57.311975173466443,0,0,1360.0221811590075,1360.0221811590075
0.00071170000000000001,57.422780449858514,0,0,1311.4537027039951,1311.4537027039951
0.00071179999999999995,57.527622922228126,0,0,1241.7311526957446,1241.7311526957446
0.00071190000000000001,57.624426636476628,0,0,1151.6504007017484,1151.6504007017484
0.00071199999999999996,57.711214622832543,0,0,1042.3760547388304,1042.3760547388304
0.00071210000000000002,57.786144721333166,0,0,915.42034606893276,915.42034606893276
0.00071219999999999996,57.84754296354334,0,0,772.61572000455578,772.61572000455578
0.00071230000000000002,57.893933906155951,0,0,616.08162989904542,616.08162989904542
0.00071239999999999997,57.924067367397669,0,0,448.18613643594517,448.18613643594517
0.00071249999999999992,57.936941082381281,0,0,271.50300835269519,271.50300835269519
0.00071259999999999997,57.931818867520136,0,0,88.76510213536055,88.76510213536055
0.00071269999999999992,57.908458932257957,-23.034706145854468,-23.034706145854468,0,0
0.00071279999999999998,57.885300180744139,-23.274989573637793,-23.274989573637793,0,0
0.00071289999999999993,57.862150690878472,-23.526792174707307,-23.526792174707307,0,0
0.00071299999999999998,57.839010458957041,-23.789578580909801,-23.789578580909801,0,0
0.00071309999999999993,57.815879481277406,-24.062791119138442,-24.062791119138442,0,0
0.00071319999999999999,57.792757754138613,-24.345850944884052,-24.345850944884052,0,0
0.00071329999999999994,57.769645273841185,-24.638159218796314,-24.638159218796314,0,0
0.00071339999999999999,57.746542036687124,-24.939098323863437,-24.939098323863437,0,0
0.00071349999999999994,57.72344803897991,-25.248033120736277,-25.248033120736277,0,0
0.0007136,57.700363277024508,-25.564312238645396,-25.564312238645396,0,0
0.00071369999999999995,57.677287747127352,-25.887269399287259,-25.887269399287259,0,0
0.0007138,57.654221445596356,-26.21622477098887,-26.21622477098887,0,0
0.00071389999999999995,57.631164368740919,-26.550486350398575,-26.550486350398575,0,0
0.00071400000000000001,57.608116512871902,-26.889351368894769,-26.889351368894769,0,0
0.00071409999999999996,57.585077874301653,-27.232107720854398,-27.232107720854398,0,0
0.00071420000000000001,57.562048449343983,-27.578035410878183,-27.578035410878183,0,0
0.00071429999999999996,57.539028234314188,-27.926408017031672,-27.926408017031672,0,0
0.00071440000000000002,57.516017225529033,-28.276494167128103,-28.276494167128103,0,0
0.00071449999999999997,57.493015419306758,-28.62755902505307,-28.62755902505307,0,0
0.00071459999999999991,57.47002281196707,-28.978865784110258,-28.978865784110258,0,0
0.00071469999999999997,57.447039399831155,-29.329677164353615,-29.329677164353615,0,0
0.00071479999999999992,57.424065179221671,-29.679256910862865,-29.679256910862865,0,0
0.00071489999999999998,57.401100146462738,-30.026871289917811,-30.026871289917811,0,0
0.00071499999999999992,57.378144297879949,-59.347400336128459,-59.347400336128459,0,0
0.00071509999999999998,57.355197629800372,-59.659105420673242,-59.659105420673242,0,0
0.00071519999999999993,57.332260138552535,-59.907851659495137,-59.907851659495137,0,0
0.00071529999999999999,57.30933182046644,-60.093111019156893,-60.093111019156893,0,0
0.00071539999999999993,57.286412671873563,-60.21448449771303,-60.21448449771303,0,0
0.00071549999999999999,57.263502689106836,-60.271702933969863,-60.271702933969863,0,0
0.00071559999999999994,57.240601868500661,-60.264627552877911,-60.264627552877911,0,0
0.0007157,57.217710206390905,-60.193250245951745,-60.193250245951745,0,0
0.00071579999999999994,57.194827699114903,-60.057693586150577,-60.057693586150577,0,0
0.0007159,57.171954343011457,-59.858210577192509,-59.858210577192509,0,0
0.00071599999999999995,57.149090134420831,-59.595184137815295,-59.595184137815295,0,0
0.0007161,57.126235069684746,-59.269126322034651,-59.269126322034651,0,0
0.00071619999999999995,57.103389145146394,-58.880677276988209,-58.880677276988209,0,0
0.00071630000000000001,57.080552357150424,-58.430603940485966,-58.430603940485966,0,0
0.00071639999999999996,57.057724702042954,-57.919798480917052,-57.919798480917052,0,0
0.00071650000000000001,57.03490617617156,-57.349276482686761,-57.349276482686761,0,0
0.00071659999999999996,57.012096775885276,-56.72017488087387,-56.72017488087387,0,0
0.00071670000000000002,56.989296497534596,-56.033749649309001,-56.033749649309001,0,0
0.00071679999999999997,56.966505337471482,-55.291373246774683,-55.291373246774683,0,0
0.00071689999999999992,56.943723292049341,-54.494531826520301,-54.494531826520301,0,0
0.00071699999999999997,56.920950357623049,-53.644822214765114,-53.644822214765114,0,0
0.00071709999999999992,56.898186530548934,-52.743948664332649,-52.743948664332649,0,0
0.00071719999999999998,56.875431807184782,-51.79371939001625,-51.79371939001625,0,0
0.00071729999999999993,56.852686183889844,-50.796042892719058,-50.796042892719058,0,0
0.00071739999999999998,56.829949657024819,-49.752924079841023,-49.752924079841023,0,0
0.00071749999999999993,56.807222222951857,-48.666460189799608,-48.666460189799608,0,0
0.00071759999999999999,56.78450387803457,-47.538836528968233,-47.538836528968233,0,0
0.00071769999999999994,56.761794618638028,-46.372322029698367,-46.372322029698367,0,0
0.00071779999999999999,56.739094441128742,-45.169264638454038,-45.169264638454038,0,0
0.00071789999999999994,56.716403341874688,-43.932086543433002,-43.932086543433002,0,0
0.000718,56.693721317245291,-42.663279251374746,-42.663279251374746,0,0
0.00071809999999999994,56.671048363611426,-41.365398523561922,-41.365398523561922,0,0
0.0007182,56.648384477345424,-40.041059181307773,-40.041059181307773,0,0
0.00071829999999999995,56.625729654821058,-38.692929791487245,-38.692929791487245,0,0
0.00071840000000000001,56.603083892413558,-37.323727242913179,-37.323727242913179,0,0
0.00071849999999999995,56.580447186499597,-35.936211224580532,-35.936211224580532,0,0
0.00071860000000000001,56.557819533457312,-34.533178617000914,-34.533178617000914,0,0
0.00071869999999999996,56.535200929666267,-33.117457808026373,-33.117457808026373,0,0
0.00071880000000000002,56.512591371507497,-31.691902944714329,-31.691902944714329,0,0
0.00071889999999999996,56.489990855363466,-30.259388132915753,-30.259388132915753,0,0
0.00071900000000000002,56.467399377618094,-28.822801596374511,-28.822801596374511,0,0
0.00071909999999999997,56.444816934656743,-27.385039807208102,-27.385039807208102,0,0
0.00071919999999999992,56.422243522866218,-25.949001599697894,-25.949001599697894,0,0
0.00071929999999999997,56.399679138634774,-24.517582279350862,-24.517582279350862,0,0
0.00071939999999999992,56.377123778352114,-23.093667739204236,-23.093667739204236,0,0
0.00071949999999999998,56.354577438409379,-21.680128595329524,-21.680128595329524,0,0
0.00071959999999999993,56.332040115199156,-20.279814353453407,-20.279814353453407,0,0
0.00071969999999999998,56.30951180511547,-18.895547618549408,-18.895547618549408,0,0
0.00071979999999999993,56.286992504553794,-17.530118359166956,-17.530118359166956,0,0
0.00071989999999999999,56.264482209911037,-16.186278238152891,-16.186278238152891,0,0
0.00071999999999999994,56.241980917585558,0,0,0,0
0.00072009999999999999,56.225369816582365,0,0,119.18515958266512,119.18515958266512
0.00072019999999999994,56.221100494999845,0,0,246.30012457204865,246.30012457204865
0.0007203,56.229823283389116,0,0,378.57360240964618,378.57360240964618
0.00072039999999999995,56.251906083499065,0,0,513.14092976795712,513.14092976795712
0.0007205,56.287427731454791,0,0,647.09599140836872,647.09599140836872
0.00072059999999999995,56.336176599594474,0,0,777.54388389599751,777.54388389599751
0.00072070000000000001,56.397654461687814,0,0,901.65337020276854,901.65337020276854
0.00072079999999999996,56.471085550922524,0,0,1016.7081751269462,1016.7081751269462
0.00072090000000000001,56.555430645997987,0,0,1120.1561925621902,1120.1561925621902
0.00072099999999999996,56.649405929611497,0,0,1209.6557135777518,1209.6557135777518
0.00072110000000000002,56.751506277210723,0,0,1283.1178383347376,1283.1178383347376
0.00072119999999999997,56.860032553681087,0,0,1338.7443040803671,1338.7443040803671
0.00072129999999999991,56.973122423090544,0,0,1375.0600445773887,1375.0600445773887
0.00072139999999999997,57.088784113039701,0,0,1390.9398918322611,1390.9398918322611
0.00072149999999999992,57.204932521713594,0,0,1385.6289371520675,1385.6289371520675
0.00072159999999999998,57.319427013368475,0,0,1358.7561834621963,1358.7561834621963
0.00072169999999999992,57.430110217479978,0,0,1310.3412423724417,1310.3412423724417
0.00072179999999999998,57.53484712867823,0,0,1240.793955485856,1240.793955485856
0.00072189999999999993,57.63156379922809,0,0,1150.9069476196103,1150.9069476196103
0.00072199999999999999,57.718284923273671,0,0,1041.8412476284409,1041.8412476284409
0.00072209999999999993,57.793169632219872,0,0,915.10523807017319,915.10523807017319
0.00072219999999999999,57.854544853102553,0,0,772.52731575559915,772.52731575559915
0.00072229999999999994,57.900935626014281,0,0,616.22275909408347,616.22275909408347
0.0007224,57.931091831801176,0,0,448.55540302003703,448.55540302003703
0.00072249999999999994,57.944010846329085,0,0,272.09481626528554,272.09481626528554
0.0007226,57.938955711453509,0,0,89.569757127408863,89.569757127408863
0.00072269999999999995,57.915634602689551,-23.010145057895325,-23.010145057895325,0,0
0.0007228,57.892472981481539,-23.250590277664482,-23.250590277664482,0,0
0.00072289999999999995,57.869320623069328,-23.502611540819178,-23.502611540819178,0,0
0.00072300000000000001,57.846177523748537,-23.765673031240649,-23.765673031240649,0,0
0.00072309999999999996,57.82304367981628,-24.039216513204085,-24.039216513204085,0,0
0.00072320000000000001,57.799919087571134,-24.322662466074686,-24.322662466074686,0,0
0.00072329999999999996,57.77680374331316,-24.615411262244226,-24.615411262244226,0,0
0.00072340000000000002,57.753697643343912,-24.916844385914001,-24.916844385914001,0,0
0.00072349999999999997,57.730600783966409,-25.226325690246728,-25.226325690246728,0,0
0.00072359999999999992,57.707513161485153,-25.543202690332318,-25.543202690332318,0,0
0.00072369999999999997,57.684434772206124,-25.86680788933953,-25.86680788933953,0,0
0.00072379999999999992,57.661365612436789,-26.196460135158095,-26.196460135158095,0,0
0.00072389999999999998,57.63830567848607,-26.531466004774057,-26.531466004774057,0,0
0.00072399999999999993,57.615254966664381,-26.871121213564816,-26.871121213564816,0,0
0.00072409999999999998,57.592213473283614,-27.214712046649407,-27.214712046649407,0,0
0.00072419999999999993,57.569181194657126,-27.561516809385228,-27.561516809385228,0,0
0.00072429999999999999,57.546158127099751,-27.910807294063321,-27.910807294063321,0,0
0.00072439999999999994,57.523144266927801,-28.261850259821269,-28.261850259821269,0,0
0.00072449999999999999,57.500139610459051,-28.613908922766289,-28.613908922766289,0,0
0.00072459999999999994,57.477144154012763,-28.966244453280222,-28.966244453280222,0,0
0.0007247,57.45415789390966,-29.318117477463407,-29.318117477463407,0,0
0.00072479999999999995,57.431180826471945,-29.668789579666463,-29.668789579666463,0,0
0.0007249,57.408212948023284,-30.017524803056222,-30.017524803056222,0,0
0.00072499999999999995,57.385254254888821,-59.339200901264448,-59.339200901264448,0,0
0.00072510000000000001,57.362304743395157,-59.652076911262014,-59.652076911262014,0,0
0.00072519999999999995,57.339364409870377,-59.902015566299184,-59.902015566299184,0,0
0.00072530000000000001,57.316433250644025,-60.088486406603508,-60.088486406603508,0,0
0.00072539999999999996,57.293511262047112,-60.211087965182969,-60.211087965182969,0,0
0.00072550000000000002,57.270598440412122,-60.269548582095936,-60.269548582095936,0,0
0.00072559999999999996,57.247694782073012,-60.263726954921751,-60.263726954921751,0,0
0.00072570000000000002,57.224800283365184,-60.193612424317109,-60.193612424317109,0,0
0.00072579999999999997,57.201914940625528,-60.059324994080541,-60.059324994080541,0,0
0.00072589999999999992,57.179038750192383,-59.861115085687942,-59.861115085687942,0,0
0.00072599999999999997,57.156171708405559,-59.599363027800933,-59.599363027800933,0,0
0.00072609999999999992,57.133313811606328,-59.274578281788862,-59.274578281788862,0,0
0.00072619999999999998,57.110465056137429,-58.887398404841392,-58.887398404841392,0,0
0.00072629999999999993,57.087625438343061,-58.438587752782041,-58.438587752782041,0,0
0.00072639999999999998,57.064794954568889,-57.929035925222038,-57.929035925222038,0,0
0.00072649999999999993,57.041973601162027,-57.359755956217185,-57.359755956217185,0,0
0.00072659999999999999,57.019161374471068,-56.731882254107887,-56.731882254107887,0,0
0.00072669999999999994,56.996358270846045,-56.046668294731759,-56.046668294731759,0,0
0.00072679999999999999,56.973564286638471,-55.305484072699841,-55.305484072699841,0,0
0.00072689999999999994,56.9507794182013,-54.509813315918592,-54.509813315918592,0,0
0.000727,56.928003661888958,-53.661250469021226,-53.661250469021226,0,0
0.00072709999999999995,56.905237014057327,-52.761497451841365,-52.761497451841365,0,0
0.0007272,56.882479471063739,-51.812360199518878,-51.812360199518878,0,0
0.00072729999999999995,56.859731029266989,-50.815744991271941,-50.815744991271941,0,0
0.00072740000000000001,56.836991685027321,-49.773654575298224,-49.773654575298224,0,0
0.00072749999999999996,56.814261434706445,-48.688184097682495,-48.688184097682495,0,0
0.00072760000000000001,56.791540274667518,-47.561516843586432,-47.561516843586432,0,0
0.00072769999999999996,56.768828201275156,-46.395919799377111,-46.395919799377111,0,0
0.00072780000000000002,56.746125210895428,-45.193739044715244,-45.193739044715244,0,0
0.00072789999999999997,56.723431299895857,-43.957394983969017,-43.957394983969017,0,0
0.00072799999999999991,56.700746464645412,-42.689377426646089,-42.689377426646089,0,0
0.00072809999999999997,56.678070701514528,-41.392240526843061,-41.392240526843061,0,0
0.00072819999999999992,56.655404006875074,-40.068597591997815,-40.068597591997815,0,0
0.00072829999999999998,56.632746377100382,-38.721115771496009,-38.721115771496009,0,0
0.00072839999999999992,56.610097808565229,-37.352510635926592,-37.352510635926592,0,0
0.00072849999999999998,56.587458297645846,-35.965540658003661,-35.965540658003661,0,0
0.00072859999999999993,56.564827840719914,-34.563001606371529,-34.563001606371529,0,0
0.00072869999999999999,56.542206434166559,-33.147720863686587,-33.147720863686587,0,0
0.00072879999999999993,56.519594074366353,-31.722551680523786,-31.722551680523786,0,0
0.00072889999999999999,56.496990757701319,-30.290367376785227,-30.290367376785227,0,0
0.00072899999999999994,56.474396480554923,-28.854055502395344,-28.854055502395344,0,0
0.0007291,56.451811239312086,-27.416511969149596,-27.416511969149596,0,0
0.00072919999999999994,56.429235030359166,-25.98063516564196,-25.98063516564196,0,0
0.0007293,56.406667850083977,-24.549320067231022,-24.549320067231022,0,0
0.00072939999999999995,56.384109694875761,-23.125452353014076,-23.125452353014076,0,0
0.00072950000000000001,56.361560561125216,-21.711902541764534,-21.711902541764534,0,0
0.00072959999999999995,56.339020445224484,-20.311520158749104,-20.311520158749104,0,0
0.00072970000000000001,56.316489343567142,-18.92712794527835,-18.92712794527835,0,0
0.00072979999999999996,56.293967252548214,-17.561516122757215,-17.561516122757215,0,0
0.00072990000000000001,56.271454168564169,-16.217436722891343,-16.217436722891343,0,0
0.00072999999999999996,56.248950088012911,0,0,0,0
0.00073010000000000002,56.232323759532015,0,0,118.93713235992389,118.93713235992389
0.00073019999999999997,56.22801473645697,0,0,245.81115679005782,245.81115679005782
0.00073029999999999992,56.236674284886057,0,0,377.85509790695119,377.85509790695119
0.00073039999999999997,56.258671663654241,0,0,512.20840241261658,512.20840241261658
0.00073049999999999992,56.294087462875197,0,0,645.96878353453883,645.96878353453883
0.00073059999999999998,56.342712173955753,0,0,776.24481543105003,776.24481543105003
0.00073069999999999993,56.404050016383216,0,0,900.20832484814844,900.20832484814844
0.00073079999999999998,56.477327951368871,0,0,1015.1456310953722,1015.1456310953722
0.00073089999999999993,56.561509718490591,0,0,1118.5067063771751,1118.5067063771751
0.00073099999999999999,56.655314640516337,0,0,1207.9513662906138,1207.9513662906138
0.00073109999999999994,56.757240855254565,0,0,1281.3916541939236,1281.3916541939236
0.00073119999999999999,56.865592553131279,0,0,1337.0296521857174,1337.0296521857174
0.00073129999999999994,56.978510726687112,0,0,1373.3900343589567,1373.3900343589567
0.0007314,57.094006874633806,0,0,1389.3467733039163,1389.3467733039163
0.00073149999999999995,57.209999049658421,0,0,1384.1435168023622,1384.1435168023622
0.0007316,57.324349596781673,0,0,1357.4072663605064,1357.4072663605064
0.00073169999999999995,57.43490389853126,0,0,1309.1551105923434,1309.1551105923434
0.00073180000000000001,57.539529425033088,0,0,1239.7938922887438,1239.7938922887438
0.00073189999999999996,57.636154381680782,0,0,1150.1128160116339,1150.1128160116339
0.00073200000000000001,57.7228052544138,0,0,1041.2691309180034,1041.2691309180034
0.00073209999999999996,57.797642572681973,0,0,914.76714892936388,914.76714892936388
0.00073220000000000002,57.85899424253455,0,0,772.43097904739284,772.43097904739284
0.00073229999999999996,57.905385846357618,0,0,616.37147239044009,616.37147239044009
0.00073239999999999991,57.935567360795154,0,0,448.94797732839186,448.94797732839186
0.00073249999999999997,57.948535809327964,0,0,272.72559802784099,272.72559802784099
0.00073259999999999992,57.943553439674545,0,0,90.428731085446074,90.428731085446074
0.00073269999999999997,57.920275981281272,-22.983759594841313,-22.983759594841313,0,0
0.00073279999999999992,57.897112503893084,-23.224331372686724,-23.224331372686724,0,0
0.00073289999999999998,57.873958290043021,-23.476537269262035,-23.476537269262035,0,0
0.00073299999999999993,57.850813336026405,-23.739841090649474,-23.739841090649474,0,0
0.00073309999999999998,57.827677638140052,-24.013684106079761,-24.013684106079761,0,0
0.00073319999999999993,57.80455119268224,-24.297486183635566,-24.297486183635566,0,0
0.00073329999999999999,57.781433995952746,-24.590646969431699,-24.590646969431699,0,0
0.00073339999999999994,57.758326044252811,-24.892547107875412,-24.892547107875412,0,0
0.00073349999999999999,57.73522733388517,-25.202549500526285,-25.202549500526285,0,0
0.00073359999999999994,57.712137861154027,-25.520000600997118,-25.520000600997118,0,0
0.0007337,57.689057622365063,-25.844231743264093,-25.844231743264093,0,0
0.00073379999999999995,57.665986613825439,-26.174560500686109,-26.174560500686109,0,0
0.0007339,57.6429248318438,-26.51029207297162,-26.51029207297162,0,0
0.00073399999999999995,57.619872272730255,-26.850720698273573,-26.850720698273573,0,0
0.00073410000000000001,57.596828932796399,-27.19513108754305,-27.19513108754305,0,0
0.00073419999999999996,57.573794808355288,-27.542799878226081,-27.542799878226081,0,0
0.00073430000000000001,57.550769895721473,-27.892997104349465,-27.892997104349465,0,0
0.00073439999999999996,57.527754191210967,-28.24498768000797,-28.24498768000797,0,0
0.00073450000000000002,57.504747691141255,-28.598032893237853,-28.598032893237853,0,0
0.00073459999999999997,57.481750391831291,-28.951391907240978,-28.951391907240978,0,0
0.00073469999999999991,57.458762289601516,-29.304323265908703,-29.304323265908703,0,0
0.00073479999999999997,57.435783380773827,-29.656086400585753,-29.656086400585753,0,0
0.00073489999999999992,57.412813661671599,-30.00594313501254,-30.00594313501254,0,0
0.00073499999999999998,57.389853128619684,-59.328768941484682,-59.328768941484682,0,0
0.00073509999999999992,57.366901777944392,-59.642820518364175,-59.642820518364175,0,0
0.00073519999999999998,57.343959605973502,-59.893958207772698,-59.893958207772698,0,0
0.00073529999999999993,57.321026609036274,-60.081649111149304,-60.081649111149304,0,0
0.00073539999999999999,57.298102783463428,-60.205489280010269,-60.205489280010269,0,0
0.00073549999999999993,57.27518812558715,-60.265204535262257,-60.265204535262257,0,0
0.00073559999999999999,57.252282631741089,-60.260651022792757,-60.260651022792757,0,0
0.00073569999999999994,57.229386298260373,-60.191815504212286,-60.191815504212286,0,0
0.0007358,57.206499121481585,-60.058815382160262,-60.058815382160262,0,0
0.00073589999999999994,57.18362109774278,-59.861898460126753,-59.861898460126753,0,0
0.000736,57.160752223383476,-59.601442437281307,-59.601442437281307,0,0
0.00073609999999999995,57.137892494744648,-59.277954139338505,-59.277954139338505,0,0
0.00073620000000000001,57.115041908168742,-58.892068487026862,-58.892068487026862,0,0
0.00073629999999999995,57.09220045999966,-58.444547204259962,-58.444547204259962,0,0
0.00073640000000000001,57.069368146582775,-57.936277268638861,-57.936277268638861,0,0
0.00073649999999999996,57.046544964264918,-57.368269107437072,-57.368269107437072,0,0
0.00073660000000000002,57.023730909394374,-56.741654542737848,-56.741654542737848,0,0
0.00073669999999999996,57.0009259783209,-56.057684489902286,-56.057684489902286,0,0
0.00073680000000000002,56.978130167395705,-55.317726414048451,-55.317726414048451,0,0
0.00073689999999999997,56.955343472971457,-54.523261549713439,-54.523261549713439,0,0
0.00073699999999999992,56.932565891402284,-53.675881889351103,-53.675881889351103,0,0
0.00073709999999999997,56.909797419043777,-52.777286946788465,-52.777286946788465,0,0
0.00073719999999999992,56.887038052252976,-51.829280302220454,-51.829280302220454,0,0
0.00073729999999999998,56.864287787388385,-50.83376593576692,-50.83376593576692,0,0
0.00073739999999999993,56.841546620809964,-49.792744357045237,-49.792744357045237,0,0
0.00073749999999999998,56.818814548879125,-48.708308538626454,-48.708308538626454,0,0
0.00073759999999999993,56.796091567958733,-47.582639661641124,-47.582639661641124,0,0
0.00073769999999999999,56.773377674413112,-46.418002682182788,-46.418002682182788,0,0
0.00073779999999999994,56.750672864608042,-45.216741727521068,-45.216741727521068,0,0
0.00073789999999999999,56.727977134910752,-43.98127533148218,-43.98127533148218,0,0
0.00073799999999999994,56.705290481689921,-42.714091518681201,-42.714091518681201,0,0
0.0007381,56.682612901315686,-41.417742747597607,-41.417742747597607,0,0
0.00073819999999999995,56.659944390159637,-40.094840722772432,-40.094840722772432,0,0
0.0007383,56.637284944594811,-38.748051086670827,-38.748051086670827,0,0
0.00073839999999999995,56.614634560995697,-37.380088001998807,-37.380088001998807,0,0
0.00073850000000000001,56.591993235738236,-35.993708635484964,-35.993708635484964,0,0
0.00073859999999999996,56.569360965199813,-34.591707554338157,-34.591707554338157,0,0
0.00073870000000000001,56.546737745759266,-33.176911046769746,-33.176911046769746,0,0
0.00073879999999999996,56.524123573796878,-31.752171378122782,-31.752171378122782,0,0
0.00073890000000000002,56.50151844569438,-30.32036099428143,-30.32036099428143,0,0
0.00073899999999999997,56.478922357834954,-28.884366684140964,-28.884366684140964,0,0
0.00073909999999999991,56.456335306603229,-27.447083713001579,-27.447083713001579,0,0
0.00073919999999999997,56.433757288385273,-26.011409938808313,-26.011409938808313,0,0
0.00073929999999999992,56.4111882995686,-24.580239923194057,-24.580239923194057,0,0
0.00073939999999999997,56.388628336542176,-23.156459049293009,-23.156459049293009,0,0
0.00073949999999999992,56.366077395696408,-21.742937658278088,-21.742937658278088,0,0
0.00073959999999999998,56.343535473423145,-20.342525216537574,-20.342525216537574,0,0
0.00073969999999999993,56.321002566115681,-18.958044525343858,-18.958044525343858,0,0
0.00073979999999999998,56.298478670168741,-17.592285984780702,-17.592285984780702,0,0
0.00073989999999999993,56.275963781978511,-16.248001923584987,-16.248001923584987,0,0
0.00073999999999999999,56.25345789794261,0,0,0,0
0.00074009999999999994,56.236817548510345,0,0,118.69350008704305,118.69350008704305
0.00074019999999999999,56.232470453661904,0,0,245.3306547659306,245.3306547659306
0.00074029999999999994,56.241068779729929,0,0,377.14875216884508,377.14875216884508
0.0007404,56.26298310230689,0,0,511.29130221935833,511.29130221935833
0.00074049999999999995,56.298295720881072,0,0,644.85980750068813,644.85980750068813
0.0007406,56.346799197836411,0,0,774.96628905820967,774.96628905820967
0.00074069999999999995,56.408000147679466,0,0,898.7856156643121,898.7856156643121
0.00074080000000000001,56.481128207257541,0,0,1013.6066887425883,1013.6066887425883
0.00074089999999999996,56.565150023898411,0,0,1116.8815559840971,1116.8815559840971
0.00074100000000000001,56.65878800753233,0,0,1206.2715643116896,1206.2715643116896
0.00074109999999999996,56.76054350659755,0,0,1279.6897165757543,1279.6897165757543
0.00074120000000000002,56.868723987442642,0,0,1335.3384652212158,1335.3384652212158
0.00074129999999999997,56.981473724473027,0,0,1371.7422589023186,1371.7422589023186
0.00074139999999999991,57.09680744475623,0,0,1387.7742531384467,1387.7742531384467
0.00074149999999999997,57.212646317350938,0,0,1382.6767018767443,1382.6767018767443
0.00074159999999999992,57.326855635225442,0,0,1356.0746613385634,1356.0746613385634
0.00074169999999999998,57.437283507048214,0,0,1307.9827587016509,1307.9827587016509
0.00074179999999999992,57.541799857920161,0,0,1238.8049038129461,1238.8049038129461
0.00074189999999999998,57.638335032602548,0,0,1149.326949961631,1149.326949961631
0.00074199999999999993,57.724917302075191,0,0,1040.7024374529824,1040.7024374529824
0.00074209999999999999,57.79970859420348,0,0,914.4316789974348,914.4316789974348
0.00074219999999999993,57.861037801536611,0,0,772.3345664973225,772.3345664973225
0.00074229999999999999,57.90743106321807,0,0,616.517592492723,616.517592492723
0.00074239999999999994,57.937638472865764,0,0,449.3356842594697,449.3356842594697
0.0007425,57.95065672907694,0,0,273.34954244075067,273.34954244075067
0.00074259999999999994,57.945747318758691,0,0,91.279257439467457,91.279257439467457
0.0007427,57.922515031814164,-22.957523473564084,-22.957523473564084,0,0
0.00074279999999999995,57.899350658984865,-23.198184079186856,-23.198184079186856,0,0
0.00074290000000000001,57.876195550051797,-23.450534212359219,-23.450534212359219,0,0
0.00074299999999999995,57.853049701310134,-23.714037384465758,-23.714037384465758,0,0
0.00074310000000000001,57.829913109056548,-23.988134458042605,-23.988134458042605,0,0
0.00074319999999999996,57.806785769589183,-24.272244783308683,-24.272244783308683,0,0
0.00074330000000000002,57.783667679207667,-24.565767378399723,-24.565767378399723,0,0
0.00074339999999999996,57.7605588342131,-24.868082150905973,-24.868082150905973,0,0
0.00074350000000000002,57.737459230908073,-25.178551158230793,-25.178551158230793,0,0
0.00074359999999999997,57.714368865596647,-25.496519904208316,-25.496519904208316,0,0
0.00074369999999999992,57.691287734584364,-25.821318669344979,-25.821318669344979,0,0
0.00074379999999999997,57.668215834178241,-26.152263871980995,-26.152263871980995,0,0
0.00074389999999999992,57.645153160686775,-26.488659457605532,-26.488659457605532,0,0
0.00074399999999999998,57.622099710419931,-26.829798313501765,-26.829798313501765,0,0
0.00074409999999999993,57.59905547968917,-27.174963705846739,-27.174963705846739,0,0
0.00074419999999999998,57.576020464807407,-27.523430736345457,-27.523430736345457,0,0
0.00074429999999999993,57.552994662089041,-27.874467815438653,-27.874467815438653,0,0
0.00074439999999999999,57.529978067849946,-28.227338149090432,-28.227338149090432,0,0
0.00074449999999999994,57.506970678407463,-28.581301236134021,-28.581301236134021,0,0
0.00074459999999999999,57.483972490080411,-28.935614373132918,-28.935614373132918,0,0
0.00074469999999999994,57.460983499189076,-29.289534163698871,-29.289534163698871,0,0
0.0007448,57.438003702055227,-29.642318029199831,-29.642318029199831,0,0
0.00074489999999999995,57.415033095002094,-29.993225717787478,-29.993225717787478,0,0
0.000745,57.392071674354376,-59.317130564775709,-59.317130564775709,0,0
0.00074509999999999995,57.369119436438247,-59.632287074495068,-59.632287074495068,0,0
0.00074520000000000001,57.346176377581351,-59.884553342445514,-59.884553342445514,0,0
0.00074529999999999996,57.323242494112797,-60.073394175420177,-60.073394175420177,0,0
0.00074540000000000001,57.300317782363166,-60.198403286928922,-60.198403286928922,0,0
0.00074549999999999996,57.2774022386645,-60.259304121263227,-60.259304121263227,0,0
0.00074560000000000002,57.254495859350314,-60.255950413916821,-60.255950413916821,0,0
0.00074569999999999997,57.231598640755593,-60.188326487226504,-60.188326487226504,0,0
0.00074579999999999991,57.20871057921677,-60.056547280635499,-60.056547280635499,0,0
0.00074589999999999997,57.185831671071767,-59.860858115521069,-59.860858115521069,0,0
0.00074599999999999992,57.162961912659952,-59.601634195067547,-59.601634195067547,0,0
0.00074609999999999998,57.140101300322165,-59.27937984020447,-59.27937984020447,0,0
0.00074619999999999992,57.117249830400709,-58.894727463165566,-58.894727463165566,0,0
0.00074629999999999998,57.094407499239345,-58.448436280757747,-58.448436280757747,0,0
0.00074639999999999993,57.071574303183304,-57.94139076995819,-57.94139076995819,0,0
0.00074649999999999998,57.048750238579274,-57.374598868981082,-57.374598868981082,0,0
0.00074659999999999993,57.025935301775405,-56.749189927472813,-56.749189927472813,0,0
0.00074669999999999999,57.003129489121307,-56.066412410004332,-56.066412410004332,0,0
0.00074679999999999994,56.980332796968042,-55.327631357530421,-55.327631357530421,0,0
0.00074689999999999999,56.957545221668148,-54.534325611977664,-54.534325611977664,0,0
0.00074699999999999994,56.934766759575616,-53.688084809604078,-53.688084809604078,0,0
0.0007471,56.911997407045888,-52.790606149243146,-52.790606149243146,0,0
0.00074719999999999995,56.889237160435862,-51.843690942002553,-51.843690942002553,0,0
0.0007473,56.866486016103906,-50.84924094943176,-50.84924094943176,0,0
0.00074739999999999995,56.843743970409832,-49.809254517602554,-49.809254517602554,0,0
0.00074750000000000001,56.821011019714916,-48.72582251496118,-48.72582251496118,0,0
0.00074759999999999996,56.798287160381882,-47.601124082209296,-47.601124082209296,0,0
0.00074770000000000001,56.775572388774918,-46.43742220285327,-46.43742220285327,0,0
0.00074779999999999996,56.752866701259656,-45.237059103425018,-45.237059103425018,0,0
0.00074790000000000002,56.730170094203189,-44.002451492724262,-44.002451492724262,0,0
0.00074799999999999997,56.707482563974054,-42.7360856497586,-42.7360856497586,0,0
0.00074809999999999992,56.684804106942252,-41.440512370365504,-41.440512370365504,0,0
0.00074819999999999997,56.662134719479226,-40.118341782787112,-40.118341782787112,0,0
0.00074829999999999992,56.639474397957876,-38.772238042735154,-38.772238042735154,0,0
0.00074839999999999998,56.616823138752551,-37.404913918727857,-37.404913918727857,0,0
0.00074849999999999992,56.594180938239049,-36.019125278703768,-36.019125278703768,0,0
0.00074859999999999998,56.571547792794618,-34.617665489117634,-34.617665489117634,0,0
0.00074869999999999993,56.548923698797957,-33.203359737901593,-33.203359737901593,0,0
0.00074879999999999999,56.526308652629204,-31.779059292829025,-31.779059292829025,0,0
0.00074889999999999993,56.503702650669958,-30.347635706950008,-30.347635706950008,0,0
0.00074899999999999999,56.481105689303256,-28.911974982874398,-28.911974982874398,0,0
0.00074909999999999994,56.458517764913587,-27.474971707762194,-27.474971707762194,0,0
0.0007492,56.435938873886883,-26.039523170940257,-26.039523170940257,0,0
0.00074929999999999994,56.413369012610517,-24.608523476099471,-24.608523476099471,0,0
0.0007494,56.390808177473311,-23.184857660037498,-23.184857660037498,0,0
0.00074949999999999995,56.368256364865537,-21.771395829898626,-21.771395829898626,0,0
0.00074960000000000001,56.345713571178898,-20.370987330824619,-20.370987330824619,0,0
0.00074969999999999995,56.323179792806549,-18.986454955868499,-18.986454955868499,0,0
0.00074980000000000001,56.30065502614309,-17.620589209937126,-17.620589209937126,0,0
0.00074989999999999996,56.278139267584557,-16.276142639418527,-16.276142639418527,0,0
0.00075000000000000002,56.255632513528425,0,0,0,0
0.00075009999999999996,56.238980032712426,0,0,118.46891011389863,118.46891011389863
0.00075019999999999991,56.234598626423406,0,0,244.88753715006217,244.88753715006217
0.00075029999999999997,56.243141274655905,0,0,376.49711893337241,376.49711893337241
0.00075039999999999992,56.264979752720308,0,0,510.44493319655277,510.44493319655277
0.00075049999999999997,56.300197924096217,0,0,643.83600022444489,643.83600022444489
0.00075059999999999992,56.34859025105429,0,0,773.78554497048867,773.78554497048867
0.00075069999999999998,56.409665549424361,0,0,897.47126832650144,897.47126832650144
0.00075079999999999993,56.482655918899063,0,0,1012.1844807925404,1012.1844807925404
0.00075089999999999998,56.56653068652669,0,0,1115.3791725071696,1115.3791725071696
0.00075099999999999993,56.660015110263345,0,0,1204.7181310827038,1204.7181310827038
0.00075109999999999999,56.761613503265721,0,0,1278.1152722640959,1278.1152722640959
0.00075119999999999994,56.869636359573086,0,0,1333.7734171218624,1333.7734171218624
0.00075129999999999999,56.982230989398985,0,0,1370.2168320528679,1370.2168320528679
0.00075139999999999994,57.09741510874106,0,0,1386.3179428008889,1386.3179428008889
0.0007515,57.213112774570078,0,0,1381.3177393006331,1381.3177393006331
0.00075159999999999995,57.327192014444272,0,0,1354.8395024805397,1354.8395024805397
0.0007517,57.437503468778999,0,0,1306.8956051593671,1306.8956051593671
0.00075179999999999995,57.541919345737789,0,0,1237.8872646468806,1237.8872646468806
0.00075190000000000001,57.638371983128714,0,0,1148.5972523367061,1148.5972523367061
0.00075199999999999996,57.724891318888822,0,0,1040.1756931467226,1040.1756931467226
0.00075210000000000001,57.799640591587917,0,0,914.1192128087074,914.1192128087074
0.00075219999999999996,57.860949624519712,0,0,772.24381146781923,772.24381146781923
0.00075230000000000002,57.907345090790216,0,0,616.65195564262092,616.65195564262092
0.00075239999999999997,57.937577211564403,0,0,449.6944852610813,449.6944852610813
0.00075249999999999991,57.950642404300233,0,0,273.92802633259328,273.92802633259328
0.00075259999999999997,57.945801471210892,0,0,92.06868114198015,92.06868114198015
0.00075269999999999992,57.922612805534058,-22.933068436353242,-22.933068436353242,0,0
0.00075279999999999998,57.899448393603087,-23.173781183741934,-23.173781183741934,0,0
0.00075289999999999992,57.876293245583987,-23.426233148036477,-23.426233148036477,0,0
0.00075299999999999998,57.853147357771931,-23.689887633038293,-23.689887633038293,0,0
0.00075309999999999993,57.830010726463577,-23.964185193147781,-23.964185193147781,0,0
0.00075319999999999998,57.806883347957061,-24.248544770523065,-24.248544770523065,0,0
0.00075329999999999993,57.783765218552006,-24.542364876144422,-24.542364876144422,0,0
0.00075339999999999999,57.760656334549502,-24.84502481238383,-24.84502481238383,0,0
0.00075349999999999994,57.737556692252141,-25.155885934594647,-25.155885934594647,0,0
0.00075359999999999999,57.714466287963972,-25.474292949157206,-25.474292949157206,0,0
0.00075369999999999994,57.691385117990535,-25.799575245341966,-25.799575245341966,0,0
0.0007538,57.668313178638833,-26.131048258283339,-26.131048258283339,0,0
0.00075389999999999995,57.645250466217362,-26.468014860294002,-26.468014860294002,0,0
0.000754,57.62219697703609,-26.809766777691866,-26.809766777691866,0,0
0.00075409999999999995,57.599152707406461,-27.155586030260398,-27.155586030260398,0,0
0.00075420000000000001,57.57611765364139,-27.504746390416511,-27.504746390416511,0,0
0.00075429999999999996,57.553091812055264,-27.856514859120725,-27.856514859120725,0,0
0.00075440000000000001,57.530075178963948,-28.210153155530097,-28.210153155530097,0,0
0.00075449999999999996,57.507067750684783,-28.564919217366342,-28.564919217366342,0,0
0.00075460000000000002,57.484069523536583,-28.920068708950286,-28.920068708950286,0,0
0.00075469999999999997,57.461080493839631,-29.274856533837738,-29.274856533837738,0,0
0.00075479999999999992,57.438100657915676,-29.628538348983032,-29.628538348983032,0,0
0.00075489999999999997,57.41513001208795,-29.980372077352971,-29.980372077352971,0,0
0.00075499999999999992,57.392168552681149,-59.305229172015046,-59.305229172015046,0,0
0.00075509999999999998,57.36921627602144,-59.621362201817661,-59.621362201817661,0,0
0.00075519999999999993,57.346273178436455,-59.874627277476719,-59.874627277476719,0,0
0.00075529999999999998,57.323339256255302,-60.06448717573349,-60.06448717573349,0,0
0.00075539999999999993,57.300414505808554,-60.190533538903935,-60.190533538903935,0,0
0.00075549999999999999,57.277498923428247,-60.252487703153278,-60.252487703153278,0,0
0.00075559999999999993,57.254592505447896,-60.250201263201049,-60.250201263201049,0,0
0.00075569999999999999,57.231695248202463,-60.18365637231274,-60.18365637231274,0,0
0.00075579999999999994,57.208807148028392,-60.052965776971391,-60.052965776971391,0,0
0.0007559,57.185928201263586,-59.858372586161977,-59.858372586161977,0,0
0.00075599999999999994,57.163058404247415,-59.600249775740593,-59.600249775740593,0,0
0.0007561,57.140197753320713,-59.279099428899102,-59.279099428899102,0,0
0.00075619999999999995,57.117346244825775,-58.895551714271647,-58.895551714271647,0,0
0.00075630000000000001,57.094503875106355,-58.450363603763122,-58.450363603763122,0,0
0.00075639999999999995,57.071670640507676,-57.944417332708227,-57.944417332708227,0,0
0.00075650000000000001,57.04884653737642,-57.378718605493646,-57.378718605493646,0,0
0.00075659999999999996,57.02603156206073,-56.754394550292545,-56.754394550292545,0,0
0.00075670000000000002,57.003225710910215,-56.072691427071234,-56.072691427071234,0,0
0.00075679999999999996,56.980428980275938,-55.33497209352835,-55.33497209352835,0,0
0.00075689999999999991,56.957641366510416,-54.54271323411929,-54.54271323411929,0,0
0.00075699999999999997,56.934862865967638,-53.697502357799848,-53.697502357799848,0,0
0.00075709999999999992,56.91209347500304,-52.801034570592932,-52.801034570592932,0,0
0.00075719999999999997,56.889333189973513,-51.855109129539784,-51.855109129539784,0,0
0.00075729999999999992,56.866582007237419,-50.861625785041326,-50.861625785041326,0,0
0.00075739999999999998,56.843839923154569,-49.822580919025128,-49.822580919025128,0,0
0.00075749999999999993,56.821106934086231,-48.740063486788443,-48.740063486788443,0,0
0.00075759999999999998,56.798383036395123,-47.616250770766356,-47.616250770766356,0,0
0.00075769999999999993,56.775668226445418,-46.453403954856768,-46.453403954856768,0,0
0.00075779999999999999,56.752962500602756,-45.253863528297543,-45.253863528297543,0,0
0.00075789999999999994,56.730265855234215,-44.020044528438532,-44.020044528438532,0,0
0.00075799999999999999,56.707578286708326,-42.75443163207747,-42.75443163207747,0,0
0.00075809999999999994,56.68489979139509,-41.459574105337069,-41.459574105337069,0,0
0.0007582,56.662230365665941,-40.138080622347601,-40.138080622347601,0,0
0.00075829999999999995,56.639570005893766,-38.792613963265879,-38.792613963265879,0,0
0.0007584,56.616918708452914,-37.42588560240651,-37.42588560240651,0,0
0.00075849999999999995,56.594276469719176,-36.04065019748483,-36.04065019748483,0,0
0.00075860000000000001,56.571643286069794,-34.639699991171085,-34.639699991171085,0,0
0.00075869999999999996,56.549019153883457,-33.225859136334307,-33.225859136334307,0,0
0.00075880000000000001,56.526404069540305,-31.80197795650848,-31.80197795650848,0,0
0.00075889999999999996,56.50379802942193,-30.370927153245759,-30.370927153245759,0,0
0.00075900000000000002,56.481201029911361,-28.935591972128776,-28.935591972128776,0,0
0.00075909999999999997,56.458613067393074,-27.498866339298274,-27.498866339298274,0,0
0.00075919999999999991,56.436034138253,-26.063646980411953,-26.063646980411953,0,0
0.00075929999999999997,56.413464238878504,-24.632827533985928,-24.632827533985928,0,0
0.00075939999999999992,56.39090336565841,-23.209292671081549,-23.209292671081549,0,0
0.00075949999999999998,56.368351514982976,-21.795912233287311,-21.795912233287311,0,0
0.00075959999999999992,56.345808683243902,-20.39553540090812,-20.39553540090812,0,0
0.00075969999999999998,56.323274866834339,-19.010984903212847,-19.010984903212847,0,0
0.00075979999999999993,56.300750062148872,-17.645051282505236,-17.645051282505236,0,0
0.00075989999999999999,56.278234265583535,-16.300487223674082,-16.300487223674082,0,0
0.00075999999999999993,56.255727473535806,0,0,0,0
0.00076009999999999999,56.239065200922141,0,0,118.27436507422573,118.27436507422573
0.00076019999999999994,56.234654781923886,0,0,244.50354615974899,244.50354615974899
0.00076029999999999999,56.243149886982593,0,0,375.93221987726747,375.93221987726747
0.00076039999999999994,56.264923318144582,0,0,509.71094764294776,509.71094764294776
0.0007605,56.300060283271101,0,0,642.94781885376005,642.94781885376005
0.00076059999999999995,56.348356882265598,0,0,772.76085743830265,772.76085743830265
0.0007607,56.409323832138547,0,0,896.33024246021,896.33024246021
0.00076079999999999995,56.482195362837501,0,0,1010.9493969380726,1010.9493969380726
0.00076090000000000001,56.565943122121176,0,0,1114.0740196538752,1114.0740196538752
0.00076099999999999996,56.659294837047639,0,0,1203.3681720860686,1203.3681720860686
0.00076110000000000001,56.760757393520016,0,0,1276.7465860448249,1276.7465860448249
0.00076119999999999996,56.868643915349317,0,0,1332.4124261359841,1332.4124261359841
0.00076130000000000002,56.981104351899404,0,0,1368.8898235933507,1368.8898235933507
0.00076139999999999997,57.096159019885569,0,0,1385.0505928019984,1385.0505928019984
0.00076149999999999992,57.211734491453988,0,0,1380.1346472699424,1380.1346472699424
0.00076159999999999997,57.325701178241211,0,0,1353.7637459809596,1353.7637459809596
0.00076169999999999992,57.435911930468713,0,0,1305.9483219084923,1305.9483219084923
0.00076179999999999998,57.540240951820273,0,0,1237.0872697998052,1237.0872697998052
0.00076189999999999993,57.636622325210531,0,0,1147.9606978803183,1147.9606978803183
0.00076199999999999998,57.72308745168143,0,0,1039.7157755699502,1039.7157755699502
0.00076209999999999993,57.797800724429401,0,0,913.84593433806378,913.84593433806378
0.00076219999999999999,57.859092792010287,0,0,772.16379918678399,772.16379918678399
0.00076229999999999994,57.905490808509562,0,0,616.76834176446209,616.76834176446209
0.00076239999999999999,57.93574512310844,0,0,450.00685071669551,450.00685071669551
0.00076249999999999994,57.948851926031395,0,0,274.43240868788615,274.43240868788615
0.0007626,57.944071441156673,0,0,92.757646694011484,92.757646694011484
0.00076269999999999994,57.920922269718339,-22.911640475623859,-22.911640475623859,0,0
0.0007628,57.897758533866472,-23.152371268966046,-23.152371268966046,0,0
0.00076289999999999995,57.874604061656093,-23.404883070278682,-23.404883070278682,0,0
0.00076300000000000001,57.851458849382489,-23.668639061941658,-23.668639061941658,0,0
0.00076309999999999995,57.828322893342424,-23.943079592255497,-23.943079592255497,0,0
0.00076320000000000001,57.805196189834149,-24.227623313020015,-24.227623313020015,0,0
0.00076329999999999996,57.782078735157384,-24.521668361189764,-24.521668361189764,0,0
0.00076340000000000002,57.758970525613343,-24.824593582204724,-24.824593582204724,0,0
0.00076349999999999996,57.735871557504709,-25.135759792509564,-25.135759792509564,0,0
0.00076359999999999991,57.712781827135643,-25.454511078695322,-25.454511078695322,0,0
0.00076369999999999997,57.689701330811793,-25.780176130623143,-25.780176130623143,0,0
0.00076379999999999992,57.666630064840284,-26.112069605820327,-26.112069605820327,0,0
0.00076389999999999997,57.643568025529703,-26.449493522375843,-26.449493522375843,0,0
0.00076399999999999992,57.620515209190131,-26.791738677504181,-26.791738677504181,0,0
0.00076409999999999998,57.597471612133113,-27.138086088894593,-27.138086088894593,0,0
0.00076419999999999993,57.574437230671677,-27.487808455916404,-27.487808455916404,0,0
0.00076429999999999998,57.551412061120324,-27.840171637710593,-27.840171637710593,0,0
0.00076439999999999993,57.528396099795025,-28.194436145163881,-28.194436145163881,0,0
0.00076449999999999999,57.505389343013221,-28.549858643733142,-28.549858643733142,0,0
0.00076459999999999994,57.482391787093832,-28.905693464066044,-28.905693464066044,0,0
0.00076469999999999999,57.459403428357255,-29.261194117347944,-29.261194117347944,0,0
0.00076479999999999994,57.436424263125346,-29.615614812295615,-29.615614812295615,0,0
0.0007649,57.413454287721443,-29.968211970715,-29.968211970715,0,0
0.00076499999999999995,57.390493498470349,-59.29385549464061,-59.29385549464061,0,0
0.0007651,57.367541891698338,-59.610796355168375,-59.610796355168375,0,0
0.00076519999999999995,57.344599463733154,-59.864889021789665,-59.864889021789665,0,0
0.00076530000000000001,57.321666210904006,-60.055594589884834,-60.055594589884834,0,0
0.00076539999999999996,57.298742129541573,-60.182502983690071,-60.182502983690071,0,0
0.00076550000000000001,57.275827215978005,-60.245333788063547,-60.245333788063547,0,0
0.00076559999999999996,57.252921466546908,-60.243936816750079,-60.243936816750079,0,0
0.00076570000000000002,57.230024877583368,-60.178292415992161,-60.178292415992161,0,0
0.00076579999999999997,57.207137445423932,-60.048511502874163,-60.048511502874163,0,0
0.00076589999999999991,57.184259166406612,-59.854835338324577,-59.854835338324577,0,0
0.00076599999999999997,57.161390036870877,-59.597635035241012,-59.597635035241012,0,0
0.00076609999999999992,57.138530053157673,-59.277410802740832,-59.277410802740832,0,0
0.00076619999999999998,57.115679211609397,-58.894790928076233,-58.894790928076233,0,0
0.00076629999999999992,57.092837508569922,-58.450530498286099,-58.450530498286099,0,0
0.00076639999999999998,57.070004940384564,-57.945509864185482,-57.945509864185482,0,0
0.00076649999999999993,57.047181503400118,-57.380732849817306,-57.380732849817306,0,0
0.00076659999999999999,57.024367193964835,-56.757324711008167,-56.757324711008167,0,0
0.00076669999999999993,57.001562008428429,-56.076529847179643,-56.076529847179643,0,0
0.00076679999999999999,56.978765943142065,-55.339709271068358,-55.339709271068358,0,0
0.00076689999999999994,56.95597899445837,-54.548337841499446,-54.548337841499446,0,0
0.000767,56.933201158731435,-53.704001264839988,-53.704001264839988,0,0
0.00076709999999999994,56.91043243231681,-52.80839287122852,-52.80839287122852,0,0
0.0007672,56.887672811571498,-51.863310172134931,-51.863310172134931,0,0
0.00076729999999999995,56.864922292853954,-50.870651206248581,-50.870651206248581,0,0
0.0007674,56.842180872524096,-49.832410681123449,-49.832410681123449,0,0
0.00076749999999999995,56.819448546943299,-48.750675918423241,-48.750675918423241,0,0
0.00076760000000000001,56.796725312474393,-47.627622611008988,-47.627622611008988,0,0
0.00076769999999999996,56.77401116548166,-46.465510400493542,-46.465510400493542,0,0
0.00076780000000000001,56.75130610233083,-45.266678284252521,-45.266678284252521,0,0
0.00076789999999999996,56.728610119389103,-44.033539861227311,-44.033539861227311,0,0
0.00076800000000000002,56.705923213025116,-42.768578426183481,-42.768578426183481,0,0
0.00076809999999999997,56.683245379608962,-41.474341922395624,-41.474341922395624,0,0
0.00076819999999999992,56.660576615512191,-40.153437763017507,-40.153437763017507,0,0
0.00076829999999999997,56.637916917107795,-38.808527531662762,-38.808527531662762,0,0
0.00076839999999999992,56.615266280770228,-37.442321572967046,-37.442321572967046,0,0
0.00076849999999999998,56.592624702875391,-36.057573484125669,-36.057573484125669,0,0
0.00076859999999999993,56.569992179800622,-34.657074518602258,-34.657074518602258,0,0
0.00076869999999999998,56.547368707924726,-33.243647913381849,-33.243647913381849,0,0
0.00076879999999999993,56.524754283627942,-31.820143151297508,-31.820143151297508,0,0
0.00076889999999999999,56.502148903291967,-30.389430170090982,-30.389430170090982,0,0
0.00076899999999999994,56.479552563299933,-28.954393529976308,-28.954393529976308,0,0
0.00076909999999999999,56.456965260036434,-27.517926551559267,-27.517926551559267,0,0
0.00076919999999999994,56.434386989887493,-26.082925436025764,-26.082925436025764,0,0
0.0007693,56.411817749240591,-24.652283379548145,-24.652283379548145,0,0
0.00076939999999999995,56.389257534484649,-23.228884693869944,-23.228884693869944,0,0
0.0007695,56.366706342010033,-21.81559894501693,-21.81559894501693,0,0
0.00076959999999999995,56.34416416820855,-20.415275122045365,-20.415275122045365,0,0
0.00076970000000000001,56.321631009473457,-19.030735847677178,-19.030735847677178,0,0
0.00076979999999999995,56.299106862199444,-17.664771642586373,-17.664771642586373,0,0
0.00076990000000000001,56.276591722782648,-16.320135254992081,-16.320135254992081,0,0
0.00076999999999999996,56.254085587620651,0,0,0,0
0.00077010000000000002,56.237416088502179,0,0,118.11710604922911,118.11710604922911
0.00077019999999999996,56.232982898090555,0,0,244.19300142405194,244.19300142405194
0.00077029999999999991,56.241440230921981,0,0,375.47515930599269,375.47515930599269
0.00077039999999999997,56.263161706784835,0,0,509.11681467147139,509.11681467147139
0.00077049999999999992,56.298233610080118,0,0,642.22855906491918,642.22855906491918
0.00077059999999999997,56.346453356513194,0,0,771.93070184768578,771.93070184768578
0.00077069999999999992,56.407333194291539,0,0,895.40544943001657,895.40544943001657
0.00077079999999999998,56.480109072188867,0,0,1009.947957398924,1009.947957398924
0.00077089999999999993,56.563754513258083,0,0,1113.0153309780194,1113.0153309780194
0.00077099999999999998,56.656999242327608,0,0,1202.2726865226118,1202.2726865226118
0.00077109999999999993,56.758352229340758,0,0,1275.6354400876996,1275.6354400876996
0.00077119999999999999,56.866128730653692,0,0,1331.3070575399922,1331.3070575399922
0.00077129999999999994,56.978480838041193,0,0,1367.8115829765736,1367.8115829765736
0.00077139999999999999,57.093430981681699,0,0,1384.0203568701334,1384.0203568701334
0.00077149999999999994,57.208907779951922,0,0,1379.1724406679341,1379.1724406679341
0.0007716,57.32278358642354,0,0,1352.8883786202309,1352.8883786202309
0.00077169999999999995,57.432913053788177,0,0,1305.1770483369912,1305.1770483369912
0.0007718,57.537172016095333,0,0,1236.4354767820726,1236.4354767820726
0.00077189999999999995,57.633495985002305,0,0,1147.4416258431179,1147.4416258431179
0.00077200000000000001,57.719917562807353,0,0,1039.3402789549552,1039.3402789549552
0.00077209999999999996,57.794602094736746,0,0,913.62228519780524,913.62228519780524
0.00077220000000000001,57.855880914926274,0,0,772.09753757631654,772.09753757631654
0.00077229999999999996,57.902281584195954,0,0,616.86217563319838,616.86217563319838
0.00077240000000000002,57.932554572272707,0,0,450.2606071079677,450.2606071079677
0.00077249999999999997,57.945695901578766,0,0,274.843037124266,274.843037124266
0.00077259999999999991,57.94096534290609,0,0,93.319274681093177,93.319274681093177
0.00077269999999999997,57.917849544236375,-22.894080341183905,-22.894080341183905,0,0
0.00077279999999999992,57.89468703722892,-23.134799880147174,-23.134799880147174,0,0
0.00077289999999999998,57.871533793371512,-23.387333014026371,-23.387333014026371,0,0
0.00077299999999999992,57.848389808959631,-23.651142882700913,-23.651142882700913,0,0
0.00077309999999999998,57.825255080290248,-23.925669725835274,-23.925669725835274,0,0
0.00077319999999999993,57.802129603661797,-24.2103320206791,-24.2103320206791,0,0
0.00077329999999999999,57.779013375374205,-24.504527664078299,-24.504527664078299,0,0
0.00077339999999999993,57.755906391728878,-24.807635196294395,-24.807635196294395,0,0
0.00077349999999999999,57.732808649028698,-25.119015064144786,-25.119015064144786,0,0
0.00077359999999999994,57.709720143578025,-25.438010920896357,-25.438010920896357,0,0
0.0007737,57.686640871682698,-25.763950960270524,-25.763950960270524,0,0
0.00077379999999999994,57.663570829650034,-26.096149281848387,-26.096149281848387,0,0
0.0007739,57.640510013788827,-26.433907285100741,-26.433907285100741,0,0
0.00077399999999999995,57.617458420409342,-26.776515089209841,-26.776515089209841,0,0
0.00077410000000000001,57.59441604582333,-27.123252975797282,-27.123252975797282,0,0
0.00077419999999999995,57.571382886344004,-27.473392851625729,-27.473392851625729,0,0
0.00077430000000000001,57.548358938286064,-27.826199728301969,-27.826199728301969,0,0
0.00077439999999999996,57.52534419796568,-28.180933215973997,-28.180933215973997,0,0
0.00077450000000000001,57.502338661700492,-28.536849027986502,-28.536849027986502,0,0
0.00077459999999999996,57.479342325809611,-28.893200493436954,-28.893200493436954,0,0
0.00077469999999999991,57.456355186613621,-29.249240074558482,-29.249240074558482,0,0
0.00077479999999999997,57.433377240434588,-29.604220885845788,-29.604220885845788,0,0
0.00077489999999999992,57.410408483596036,-29.957398211837056,-29.957398211837056,0,0
0.00077499999999999997,57.387448912422961,-59.283640776565065,-59.283640776565065,0,0
0.00077509999999999992,57.364498523241835,-59.601198334784371,-59.601198334784371,0,0
0.00077519999999999998,57.341557312380594,-59.855924103777625,-59.855924103777625,0,0
0.00077529999999999993,57.318625276168646,-60.047277893394266,-60.047277893394266,0,0
0.00077539999999999998,57.295702410936862,-60.174848311630086,-60.174848311630086,0,0
0.00077549999999999993,57.27278871301759,-60.238353599068759,-60.238353599068759,0,0
0.00077559999999999999,57.24988417874463,-60.237642199878394,-60.237642199878394,0,0
0.00077569999999999994,57.226988804453264,-60.172693068206328,-60.172693068206328,0,0
0.00077579999999999999,57.204102586480225,-60.043615709352352,-60.043615709352352,0,0
0.00077589999999999994,57.181225521163725,-59.850649955640279,-59.850649955640279,0,0
0.000776,57.158357604843431,-59.594165477446339,-59.594165477446339,0,0
0.00077609999999999995,57.135498833860474,-59.274661030381296,-59.274661030381296,0,0
0.0007762,57.112649204557457,-58.892763440159584,-58.892763440159584,0,0
0.00077629999999999995,57.08980871327843,-58.449226327221197,-58.449226327221197,0,0
0.00077640000000000001,57.066977356368916,-57.944928573701702,-57.944928573701702,0,0
0.00077649999999999996,57.044155130175902,-57.380872535868548,-57.380872535868548,0,0
0.00077660000000000001,57.02134203104783,-56.758182005659506,-56.758182005659506,0,0
0.00077669999999999996,56.998538055334606,-56.07809992546899,-56.07809992546899,0,0
0.00077680000000000002,56.975743199387594,-55.341985860828785,-55.341985860828785,0,0
0.00077689999999999996,56.952957459559613,-54.551313236122468,-54.551313236122468,0,0
0.00077699999999999991,56.930180832204947,-53.707666338953572,-53.707666338953572,0,0
0.00077709999999999997,56.907413313679335,-52.812737099258229,-52.812737099258229,0,0
0.00077719999999999992,56.884654900339974,-51.86832164971014,-51.86832164971014,0,0
0.00077729999999999997,56.861905588545525,-50.876316674410489,-50.876316674410489,0,0
0.00077739999999999992,56.839165374656091,-49.838715553285411,-49.838715553285411,0,0
0.00077749999999999998,56.816434255033236,-48.757604310028867,-48.757604310028867,0,0
0.00077759999999999993,56.793712226039986,-47.635157371827447,-47.635157371827447,0,0
0.00077769999999999998,56.770999284040812,-46.473633149486602,-46.473633149486602,0,0
0.00077779999999999993,56.748295425401643,-45.275369446942364,-45.275369446942364,0,0
0.00077789999999999999,56.725600646489866,-44.042778709489127,-44.042778709489127,0,0
0.00077799999999999994,56.702914943674308,-42.77834312038199,-42.77834312038199,0,0
0.00077809999999999999,56.680238313325262,-41.484609555779841,-41.484609555779841,0,0
0.00077819999999999994,56.657570751814468,-40.164184408283575,-40.164184408283575,0,0
0.0007783,56.634912255515118,-38.819728289590088,-38.819728289590088,0,0
0.00077839999999999995,56.612262820801845,-37.453950623028909,-37.453950623028909,0,0
0.0007785,56.589622444050747,-36.069604136971577,-36.069604136971577,0,0
0.00077859999999999995,56.566991121639361,-34.669479270305146,-34.669479270305146,0,0
0.00077870000000000001,56.544368849946679,-33.256398501340016,-33.256398501340016,0,0
0.00077879999999999996,56.52175562535313,-31.8332106116776,-31.8332106116776,0,0
0.00077890000000000001,56.499151444240603,-30.402784896695334,-30.402784896695334,0,0
0.00077899999999999996,56.476556302992428,-28.968005334414904,-28.968005334414904,0,0
0.00077910000000000002,56.453970197993378,-27.531764724604113,-27.531764724604113,0,0
0.00077919999999999997,56.431393125629683,-26.09695881002294,-26.09695881002294,0,0
0.00077929999999999991,56.408825082289006,-24.666480391760665,-24.666480391760665,0,0
0.00077939999999999997,56.386266064360463,-23.243213450622747,-23.243213450622747,0,0
0.00077949999999999992,56.363716068234609,-21.830027286513591,-21.830027286513591,0,0
0.00077959999999999998,56.341175090303452,-20.42977068772484,-20.42977068772484,0,0
0.00077969999999999992,56.318643126960424,-19.045266141977706,-19.045266141977706,0,0
0.00077979999999999998,56.296120174600418,-17.679304100982943,-17.679304100982943,0,0
0.00077989999999999993,56.273606229619759,-16.334637310173235,-16.334637310173235,0,0
0.00077999999999999999,56.251101288416216,0,0,0,0
0.00078009999999999993,56.234427153064573,0,0,118.00078376684957,118.00078376684957
0.00078019999999999999,56.22997782009741,0,0,243.96314472378592,243.96314472378592
0.00078029999999999994,56.238407892245831,0,0,375.13664193375365,375.13664193375365
0.0007804,56.260091581765991,0,0,508.67650769543445,508.67650769543445
0.00078049999999999994,56.295115959039379,0,0,641.69520614827115,641.69520614827115
0.0007806,56.343279405000438,0,0,771.31476061657986,771.31476061657986
0.00078069999999999995,56.404095294824955,0,0,894.71890181387653,894.71890181387653
0.00078080000000000001,56.476800845557342,0,0,1009.2040923819081,1009.2040923819081
0.00078089999999999995,56.560370966829417,0,0,1112.2285036997675,1112.2285036997675
0.00078100000000000001,56.65353686322225,0,0,1201.4580580943266,1201.4580580943266
0.00078109999999999996,56.7548090507862,0,0,1274.8087028384102,1274.8087028384102
0.00078120000000000002,56.862504370320586,0,0,1330.4841506712078,1330.4841506712078
0.00078129999999999996,56.974776507669901,0,0,1367.0084037766921,1367.0084037766921
0.00078139999999999991,57.08964946782811,0,0,1383.2524727198056,1383.2524727198056
0.00078149999999999997,57.205053396204377,0,0,1378.4548070526578,1378.4548070526578
0.00078159999999999992,57.318862097959631,0,0,1352.2350682570452,1352.2350682570452
0.00078169999999999997,57.42893157564081,0,0,1304.6009963202475,1304.6009963202475
0.00078179999999999992,57.533138886973667,0,0,1235.9482463625495,1235.9482463625495
0.00078189999999999998,57.629420618955756,0,0,1147.053199080493,1147.053199080493
0.00078199999999999993,57.715810281421668,0,0,1039.058876032633,1039.058876032633
0.00078209999999999998,57.790473942903844,0,0,913.45421566952029,913.45421566952029
0.00078219999999999993,57.851743463526397,0,0,772.04708623517888,772.04708623517888
0.00078229999999999999,57.898146723267459,0,0,616.93152506643639,616.93152506643639
0.00078239999999999994,57.928434298416768,0,0,450.44979833591196,450.44979833591196
0.00078249999999999999,57.941602103450172,0,0,275.14996903214382,275.14996903214382
0.00078259999999999994,57.936909588675604,0,0,93.739742249484593,93.739742249484593
0.0007827,57.91381976807353,-22.880841735326999,-22.880841735326999,0,0
0.00078279999999999995,57.8906588726542,-23.121526170284501,-23.121526170284501,0,0
0.0007829,57.867507239740412,-23.374047081679972,-23.374047081679972,0,0
0.00078299999999999995,57.844364865627902,-23.637867635588872,-23.637867635588872,0,0
0.00078310000000000001,57.821231746613897,-23.912428051318475,-23.912428051318475,0,0
0.00078319999999999996,57.798107878997094,-24.197146739249977,-24.197146739249977,0,0
0.00078330000000000001,57.774993259077675,-24.491421482986024,-24.491421482986024,0,0
0.00078339999999999996,57.751887883157302,-24.794630663400742,-24.794630663400742,0,0
0.00078350000000000002,57.728791747539113,-25.10613452210448,-25.10613452210448,0,0
0.00078359999999999996,57.705704848527724,-25.425276461754994,-25.425276461754994,0,0
0.00078369999999999991,57.682627182429236,-25.751384380572329,-25.751384380572329,0,0
0.00078379999999999997,57.659558745551223,-26.083772038345007,-26.083772038345007,0,0
0.00078389999999999992,57.636499534202727,-26.421740451151106,-26.421740451151106,0,0
0.00078399999999999997,57.613449544694284,-26.764579311959682,-26.764579311959682,0,0
0.00078409999999999992,57.590408773337892,-27.111568434225287,-27.111568434225287,0,0
0.00078419999999999998,57.567377216447021,-27.461979215541593,-27.461979215541593,0,0
0.00078429999999999993,57.544354870336633,-27.815076118379739,-27.815076118379739,0,0
0.00078439999999999998,57.521341731323147,-28.170118164901719,-28.170118164901719,0,0
0.00078449999999999993,57.49833779572446,-28.526360442811292,-28.526360442811292,0,0
0.00078459999999999999,57.475343059859938,-28.883055619181963,-28.883055619181963,0,0
0.00078469999999999994,57.452357520050434,-29.239455459185574,-29.239455459185574,0,0
0.00078479999999999999,57.42938117261825,-29.594812346635226,-29.594812346635226,0,0
0.00078489999999999994,57.406414013887179,-29.948380803252487,-29.948380803252487,0,0
0.000785,57.383456040182473,-59.275028759669013,-59.275028759669013,0,0
0.00078509999999999995,57.360507247830853,-59.593005148266442,-59.593005148266442,0,0
0.0007852,57.337567633160518,-59.848162336654298,-59.848162336654298,0,0
0.00078529999999999995,57.314637192501124,-60.039959259435648,-60.039959259435648,0,0
0.00078540000000000001,57.291715922183805,-60.16798362556564,-60.16798362556564,0,0
0.00078549999999999996,57.268803818541159,-60.231952754620309,-60.231952754620309,0,0
0.00078560000000000001,57.245900877907239,-60.231714149665095,-60.231714149665095,0,0
0.00078569999999999996,57.223007096617586,-60.167245805562203,-60.167245805562203,0,0
0.00078580000000000002,57.200122471009188,-60.038656252093688,-60.038656252093688,0,0
0.00078589999999999997,57.177246997420511,-59.846184331815493,-59.846184331815493,0,0
0.00078599999999999991,57.154380672191472,-59.590198713097365,-59.590198713097365,0,0
0.00078609999999999997,57.131523491663465,-59.271197139341524,-59.271197139341524,0,0
0.00078619999999999992,57.108675452179341,-58.889805415908654,-58.889805415908654,0,0
0.00078629999999999998,57.085836550083407,-58.446776136813682,-58.446776136813682,0,0
0.00078639999999999992,57.063006781721441,-57.942987153781544,-57.942987153781544,0,0
0.00078649999999999998,57.040186143440685,-57.379439790777525,-57.379439790777525,0,0
0.00078659999999999993,57.017374631589831,-56.757256807643671,-56.757256807643671,0,0
0.00078669999999999999,56.994572242519041,-56.077680116982322,-56.077680116982322,0,0
0.00078679999999999993,56.971778972579934,-55.342068258929586,-55.342068258929586,0,0
0.00078689999999999999,56.948994818125584,-54.551893638953501,-54.551893638953501,0,0
0.00078699999999999994,56.926219775510525,-53.708739534292732,-53.708739534292732,0,0
0.0007871,56.903453841090752,-52.814296875122238,-52.814296875122238,0,0
0.00078719999999999994,56.880697011223717,-51.870360806989922,-51.870360806989922,0,0
0.0007873,56.857949282268322,-50.878827041512295,-50.878827041512295,0,0
0.00078739999999999995,56.835210650584933,-49.841688002748086,-49.841688002748086,0,0
0.00078750000000000001,56.812481112535373,-48.761028777083339,-48.761028777083339,0,0
0.00078759999999999995,56.789760664482912,-47.639022874860771,-47.639022874860771,0,0
0.00078770000000000001,56.76704930279228,-46.477927812368932,-46.477927812368932,0,0
0.00078779999999999996,56.744347023829654,-45.280080523171478,-45.280080523171478,0,0
0.00078790000000000002,56.721653823962676,-44.047892608103368,-44.047892608103368,0,0
0.00078799999999999996,56.698969699560429,-42.783845433588944,-42.783845433588944,0,0
0.00078809999999999991,56.676294646993455,-41.490485088244725,-41.490485088244725,0,0
0.00078819999999999997,56.653628662633743,-40.17041720801754,-40.17041720801754,0,0
0.00078829999999999992,56.63097174285474,-38.826301680375884,-38.826301680375884,0,0
0.00078839999999999997,56.608323884031336,-37.460847238317896,-37.460847238317896,0,0
0.00078849999999999992,56.585685082539875,-36.076805955183147,-36.076805955183147,0,0
0.00078859999999999998,56.563055334758147,-34.676967651456863,-34.676967651456863,0,0
0.00078869999999999993,56.540434637065395,-33.264154224934053,-33.264154224934053,0,0
0.00078879999999999998,56.517822985842301,-31.841213915766353,-31.841213915766353,0,0
0.00078889999999999993,56.495220377471007,-30.411015518046888,-30.411015518046888,0,0
0.00078899999999999999,56.472626808335093,-28.976442549696731,-28.976442549696731,0,0
0.00078909999999999994,56.450042274819587,-27.540387392501227,-27.540387392501227,0,0
0.00078919999999999999,56.427466773310968,-26.105745414204993,-26.105745414204993,0,0
0.00078929999999999994,56.404900300197156,-24.675409084610571,-24.675409084610571,0,0
0.0007894,56.382342851867513,-23.252262097638017,-23.252262097638017,0,0
0.00078949999999999995,56.359794424712845,-21.839173511290138,-21.839173511290138,0,0
0.0007896,56.337255015125407,-20.438991917431792,-20.438991917431792,0,0
0.00078969999999999995,56.31472461949889,-19.054539653230862,-19.054539653230862,0,0
0.00078980000000000001,56.292203234228431,-17.688607066023607,-17.688607066023607,0,0
0.00078989999999999996,56.269690855710607,-16.343946843258578,-16.343946843258578,0,0
0.00079000000000000001,56.247187480343442,0,0,0,0
0.00079009999999999996,56.230511155074559,0,0,117.92582645789042,117.92582645789042
0.00079020000000000002,56.226052208551287,0,0,243.81485512589711,243.81485512589711
0.00079029999999999997,56.234465477465832,0,0,374.91800868669952,374.91800868669952
0.00079039999999999991,56.256125541763481,0,0,508.39182874275338,508.39182874275338
0.00079049999999999997,56.2911199665635,0,0,641.35001071090505,641.35001071090505
0.00079059999999999992,56.339247745606734,0,0,770.91570887208218,770.91570887208218
0.00079069999999999997,56.400022973826431,0,0,894.27366410083869,894.27366410083869
0.00079079999999999992,56.472683681921687,0,0,1008.7212101198868,1008.7212101198868
0.00079089999999999998,56.556205672323223,0,0,1111.7172345459276,1111.7172345459276
0.00079099999999999993,56.64932110537012,0,0,1200.9282081432416,1200.9282081432416
0.00079109999999999998,56.750541498506095,0,0,1274.270448905824,1274.270448905824
0.00079119999999999993,56.858184721410659,0,0,1329.9478558818159,1329.9478558818159
0.00079129999999999999,56.970405497650916,0,0,1366.4844297969203,1366.4844297969203
0.00079139999999999994,57.085228859983268,0,0,1382.7509920369425,1382.7509920369425
0.00079149999999999999,57.200585952998914,0,0,1377.9856187004732,1377.9856187004732
0.00079159999999999994,57.314351534359808,0,0,1351.807420325209,1351.807420325209
0.0007917,57.42438249517987,0,0,1304.2234184616084,1304.2234184616084
0.00079179999999999995,57.528556701724447,0,0,1235.6283953308773,1235.6283953308773
0.0007919,57.624811454861224,0,0,1146.7977200949224,1146.7977200949224
0.00079199999999999995,57.711180870699664,0,0,1038.8732824780634,1038.8732824780634
0.00079210000000000001,57.785831505476139,0,0,913.34278930982327,913.34278930982327
0.00079219999999999996,57.847095579620778,0,0,772.01279974427428,772.01279974427428
0.00079230000000000001,57.89350119950138,0,0,616.97598827785396,616.97598827785396
0.00079239999999999996,57.923799029788555,0,0,450.57322918168722,450.57322918168722
0.00079249999999999991,57.936984933737946,0,0,275.35118969459865,275.35118969459865
0.00079259999999999997,57.932318171772437,0,0,94.016200592705829,94.016200592705829
0.00079269999999999992,57.909246354619519,-22.872026143075789,-22.872026143075789,0,0
0.00079279999999999997,57.886087288199747,-23.112657977095179,-23.112657977095179,0,0
0.00079289999999999992,57.862937483554063,-23.365139664355727,-23.365139664355727,0,0
0.00079299999999999998,57.839796936978502,-23.628934452337401,-23.628934452337401,0,0
0.00079309999999999992,57.816665644770573,-23.90348261440101,-23.90348261440101,0,0
0.00079319999999999998,57.793543603229267,-24.18820258752076,-24.18820258752076,0,0
0.00079329999999999993,57.770430808655064,-24.48249215437804,-24.48249215437804,0,0
0.00079339999999999999,57.747327257349909,-24.785729667413722,-24.785729667413722,0,0
0.00079349999999999993,57.724232945617238,-25.097275312350984,-25.097275312350984,0,0
0.00079359999999999999,57.701147869761968,-25.416472408620418,-25.416472408620418,0,0
0.00079369999999999994,57.678072026090476,-25.742648744044335,-25.742648744044335,0,0
0.0007938,57.655005410910633,-26.075117941067692,-26.075117941067692,0,0
0.00079389999999999994,57.63194802053178,-26.413180851758565,-26.413180851758565,0,0
0.000794,57.608899851264731,-26.756126978743207,-26.756126978743207,0,0
0.00079409999999999995,57.585860899421782,-27.103235919187686,-27.103235919187686,0,0
0.00079420000000000001,57.562831161316701,-27.453778828891377,-27.453778828891377,0,0
0.00079429999999999995,57.539810633264729,-27.807019903516927,-27.807019903516927,0,0
0.00079440000000000001,57.516799311582581,-28.162217873946243,-28.162217873946243,0,0
0.00079449999999999996,57.493797192588445,-28.518627512723565,-28.518627512723565,0,0
0.00079460000000000002,57.470804272601981,-28.875501148524197,-28.875501148524197,0,0
0.00079469999999999996,57.447820547944325,-29.232090185571085,-29.232090185571085,0,0
0.00079479999999999991,57.424846014938076,-29.587646624911503,-29.587646624911503,0,0
0.00079489999999999997,57.401880669907314,-29.941424584462386,-29.941424584462386,0,0
0.00079499999999999992,57.37892450917758,-59.268291570832773,-59.268291570832773,0,0
0.00079509999999999997,57.355977529075894,-59.5864960730257,-59.5864960730257,0,0
0.00079519999999999992,57.333039725930732,-59.841889996817258,-59.841889996817258,0,0
0.00079529999999999998,57.310111096072049,-60.033931797461051,-60.033931797461051,0,0
0.00079539999999999993,57.287191635831263,-60.162208688021167,-60.162208688021167,0,0
0.00079549999999999998,57.264281341541263,-60.22643747664867,-60.22643747664867,0,0
0.00079559999999999993,57.241380209536395,-60.226465140489836,-60.226465140489836,0,0
0.00079569999999999999,57.218488236152481,-60.16226913506236,-60.16226913506236,0,0
0.00079579999999999994,57.19560541772681,-60.033957438474616,-60.033957438474616,0,0
0.00079589999999999999,57.172731750598132,-59.841768330400953,-59.841768330400953,0,0
0.00079599999999999994,57.149867231106654,-59.586069906265692,-59.586069906265692,0,0
0.0007961,57.127011855594056,-59.267359327626068,-59.267359327626068,0,0
0.00079619999999999995,57.104165620403471,-58.886261810280928,-58.886261810280928,0,0
0.0007963,57.081328521879513,-58.443529352164546,-58.443529352164546,0,0
0.00079639999999999995,57.058500556368237,-57.94003920361385,-57.94003920361385,0,0
0.00079650000000000001,57.03568172021717,-57.376792083121018,-57.376792083121018,0,0
0.00079659999999999996,57.0128720097753,-56.754910142200217,-56.754910142200217,0,0
0.00079670000000000001,56.990071421393075,-56.075634683507488,-56.075634683507488,0,0
0.00079679999999999996,56.967279951422398,-55.340323636853753,-55.340323636853753,0,0
0.00079690000000000002,56.944497596216635,-54.550448798243224,-54.550448798243224,0,0
0.00079699999999999997,56.92172435213061,-53.707592837550649,-53.707592837550649,0,0
0.00079709999999999991,56.898960215520603,-52.813446080921196,-52.813446080921196,0,0
0.00079719999999999997,56.87620518274435,-51.869803074434557,-51.869803074434557,0,0
0.00079729999999999992,56.853459250161052,-50.878558936018777,-50.878558936018777,0,0
0.00079739999999999998,56.830722414131351,-49.841705503030298,-49.841705503030298,0,0
0.00079749999999999992,56.807994671017362,-48.76132728333117,-48.76132728333117,0,0
0.00079759999999999998,56.785276017182639,-47.639597218093996,-47.639597218093996,0,0
0.00079769999999999993,56.762566448992203,-46.478772264947708,-46.478772264947708,0,0
0.00079779999999999998,56.739865962812516,-45.281188810441876,-45.281188810441876,0,0
0.00079789999999999993,56.717174555011503,-44.049257921154421,-44.049257921154421,0,0
0.00079799999999999999,56.694492221958541,-42.785460443095324,-42.785460443095324,0,0
0.00079809999999999994,56.671818960024453,-41.492341959366698,-41.492341959366698,0,0
0.00079819999999999999,56.649154765581521,-40.172507616328076,-40.172507616328076,0,0
0.00079829999999999994,56.626499635003476,-38.828616828782529,-38.828616828782529,0,0
0.0007984,56.603853564665492,-37.463377874944925,-37.463377874944925,0,0
0.00079849999999999995,56.581216550944198,-36.0795423921777,-36.0795423921777,0,0
0.0007986,56.558588590217674,-34.67989978468087,-34.67989978468087,0,0
0.00079869999999999995,56.535969678865442,-33.267271554501804,-33.267271554501804,0,0
0.00079880000000000001,56.51335981326848,-31.844505567386104,-31.844505567386104,0,0
0.00079889999999999996,56.490758989809208,-30.414470265123057,-30.414470265123057,0,0
0.00079900000000000001,56.468167204871499,-28.980048836147731,-28.980048836147731,0,0
0.00079909999999999996,56.445584454840663,-27.544133356246611,-27.544133356246611,0,0
0.00079919999999999991,56.423010736103457,-26.10961891127414,-26.10961891127414,0,0
0.00079929999999999997,56.400446045048092,-24.67939771382396,-24.67939771382396,0,0
0.00079939999999999992,56.377890378064215,-23.256353225810848,-23.256353225810848,0,0
0.00079949999999999997,56.355343731542916,-21.843354298907126,-21.843354298907126,0,0
0.00079959999999999992,56.332806101876734,-20.443249344740991,-20.443249344740991,0,0
0.00079969999999999998,56.31027748545965,-19.058860546703375,-19.058860546703375,0,0
0.00079979999999999993,56.287757878687081,-17.692978125125521,-17.692978125125521,0,0
0.00079989999999999998,56.265247277955893,-16.348354667480649,-16.348354667480649,0,0
0.00079999999999999993,56.242745679664395,0,0,0,0
0.00080009999999999999,56.226069336339314,0,0,117.88996893706445,117.88996893706445
0.00080019999999999993,56.221606808883017,0,0,243.74369729222906,243.74369729222906
0.00080029999999999999,56.230013025126915,0,0,374.81278520394631,374.81278520394631
0.00080039999999999994,56.251662722829444,0,0,508.25442927738169,508.25442927738169
0.0008005,56.286643688728091,0,0,641.1829456160051,641.1829456160051
0.00080059999999999994,56.334755197962529,0,0,770.72206363117766,770.72206363117766
0.0008007,56.395511681538501,0,0,894.0570433580267,894.0570433580267
0.00080079999999999995,56.46815155480455,0,0,1008.4856723112705,1008.4856723112705
0.00080090000000000001,56.55165104644157,0,0,1111.4672183174212,1111.4672183174212
0.00080099999999999995,56.644742776910576,0,0,1200.6684518884638,1200.6684518884638
0.00080110000000000001,56.745938749307193,0,0,1274.0059048822559,1274.0059048822559
0.00080119999999999996,56.853557335689359,0,0,1329.683600461437,1329.683600461437
0.00080130000000000002,56.96575376962361,0,0,1366.2255714773689,1366.2255714773689
0.00080139999999999996,57.080553592244037,0,0,1382.502578879629,1382.502578879629
0.00080149999999999991,57.195888445685334,0,0,1377.7525468722583,1377.7525468722583
0.00080159999999999997,57.309633565303464,0,0,1351.5943454000792,1351.5943454000792
0.00080169999999999992,57.419646291401904,0,0,1304.0346710886033,1304.0346710886033
0.00080179999999999997,57.523804902793316,0,0,1235.467902795252,1235.467902795252
0.00080189999999999992,57.620047068777069,0,0,1146.6689351926098,1146.6689351926098
0.00080199999999999998,57.706407223105074,0,0,1038.7791209908787,1038.7791209908787
0.00080209999999999993,57.781052183113815,0,0,913.2855772129177,913.2855772129177
0.00080219999999999998,57.84231436906277,0,0,771.99423110094369,771.99423110094369
0.00080229999999999993,57.888722022259948,0,0,616.99709458311668,616.99709458311668
0.00080239999999999999,57.919025874984342,0,0,450.63436070859348,450.63436070859348
0.00080249999999999994,57.932221789545068,0,0,275.45200917976632,275.45200917976632
0.00080259999999999999,57.927568956882176,0,0,94.155689374043774,94.155689374043774
0.00080269999999999994,57.904507260919502,-22.867439364082376,-22.867439364082376,0,0
0.0008028,57.881350089758129,-23.10800722896558,-23.10800722896558,0,0
0.00080289999999999995,57.858202179612896,-23.360429585202784,-23.360429585202784,0,0
0.000803,57.835063526780132,-23.624169802712874,-23.624169802712874,0,0
0.00080309999999999995,57.811934127557656,-23.898668267619069,-23.898668267619069,0,0
0.00080320000000000001,57.788813978244768,-24.183343519752473,-24.183343519752473,0,0
0.00080329999999999996,57.765703075142234,-24.477593434536974,-24.477593434536974,0,0
0.00080340000000000001,57.742601414552318,-24.78079644685317,-24.78079644685317,0,0
0.00080349999999999996,57.719508992778749,-25.092312814393789,-25.092312814393789,0,0
0.00080360000000000002,57.696425806126747,-25.411485917942681,-25.411485917942681,0,0
0.00080369999999999997,57.673351850902996,-25.737643595934589,-25.737643595934589,0,0
0.00080379999999999991,57.650287123415666,-26.070099510583322,-26.070099510583322,0,0
0.00080389999999999997,57.627231619974395,-26.408154542801551,-26.408154542801551,0,0
0.00080399999999999992,57.604185336890311,-26.751098213077423,-26.751098213077423,0,0
0.00080409999999999998,57.581148270476,-27.098210125419964,-27.098210125419964,0,0
0.00080419999999999992,57.558120417045536,-27.448761431438864,-27.448761431438864,0,0
0.00080429999999999998,57.535101772914459,-27.802016311583085,-27.802016311583085,0,0
0.00080439999999999993,57.512092334399789,-28.157233470527824,-28.157233470527824,0,0
0.00080449999999999999,57.489092097820013,-28.513667643671095,-28.513667643671095,0,0
0.00080459999999999993,57.466101059495095,-28.870571111677993,-28.870571111677993,0,0
0.00080469999999999999,57.443119215746471,-29.227195219994979,-29.227195219994979,0,0
0.00080479999999999994,57.420146562897045,-29.582791900246196,-29.582791900246196,0,0
0.00080489999999999999,57.397183097271196,-29.936615190419946,-29.936615190419946,0,0
0.00080499999999999994,57.374228815194762,-59.263532506853736,-59.263532506853736,0,0
0.0008051,57.351283712995063,-59.581792238119718,-59.581792238119718,0,0
0.00080519999999999995,57.32834778700088,-59.837246179607959,-59.837246179607959,0,0
0.0008053,57.305421033542466,-60.029352666455381,-60.029352666455381,0,0
0.00080539999999999995,57.282503448951537,-60.157698782122878,-60.157698782122878,0,0
0.00080550000000000001,57.259595029561282,-60.222001195935405,-60.222001195935405,0,0
0.00080559999999999996,57.236695771706351,-60.222106737272313,-60.222106737272313,0,0
0.00080570000000000001,57.213805671722866,-60.157992705244098,-60.157992705244098,0,0
0.00080579999999999996,57.190924725948413,-60.029766913229452,-60.029766913229452,0,0
0.00080589999999999991,57.168052930722041,-59.837667468185572,-59.837667468185572,0,0
0.00080599999999999997,57.145190282384256,-59.582062285183113,-59.582062285183113,0,0
0.00080609999999999992,57.122336777277042,-59.26344833815584,-59.26344833815584,0,0
0.00080619999999999997,57.099492411743832,-58.88245064839063,-58.88245064839063,0,0
0.00080629999999999992,57.07665718212953,-58.439821012816651,-58.439821012816651,0,0
0.00080639999999999998,57.053831084780498,-57.936436474681216,-57.936436474681216,0,0
0.00080649999999999993,57.03101411604456,-57.373297539723154,-57.373297539723154,0,0
0.00080659999999999998,57.008206272271003,-56.751526141472127,-56.751526141472127,0,0
0.00080669999999999993,56.985407549810574,-56.072363359811462,-56.072363359811462,0,0
0.00080679999999999999,56.962617945015474,-55.33716689744395,-55.33716689744395,0,0
0.00080689999999999994,56.939837454239367,-54.547408319391849,-54.547408319391849,0,0
0.00080699999999999999,56.917066073837368,-53.704670061143489,-53.704670061143489,0,0
0.00080709999999999994,56.894303800166064,-52.810642211529697,-52.810642211529697,0,0
0.0008072,56.871550629583489,-51.867119076869926,-51.867119076869926,0,0
0.00080729999999999994,56.848806558449141,-50.875995533373612,-50.875995533373612,0,0
0.0008074,56.826071583123962,-49.839263175211272,-49.839263175211272,0,0
0.00080749999999999995,56.803345699970357,-48.759006266086004,-48.759006266086004,0,0
0.00080760000000000001,56.780628905352188,-47.637397502534625,-47.637397502534625,0,0
0.00080769999999999995,56.757921195634758,-46.476693597570545,-46.476693597570545,0,0
0.00080780000000000001,56.735222567184842,-45.279230693645189,-45.279230693645189,0,0
0.00080789999999999996,56.712533016370656,-44.047419614251822,-44.047419614251822,0,0
0.00080800000000000002,56.689852539561876,-42.783740963823107,-42.783740963823107,0,0
0.00080809999999999996,56.667181133129624,-41.49074008588218,-41.49074008588218,0,0
0.00080819999999999991,56.644518793446473,-40.171021889694771,-40.171021889694771,0,0
0.00080829999999999997,56.621865516886452,-38.82724555593704,-38.82724555593704,0,0
0.00080839999999999992,56.599221299825032,-37.462119132139648,-37.462119132139648,0,0
0.00080849999999999997,56.576586138639144,-36.078394028892262,-36.078394028892262,0,0
0.00080859999999999992,56.553960029707156,-34.678859427994325,-34.678859427994325,0,0
0.00080869999999999998,56.531342969408897,-33.266336613916799,-33.266336613916799,0,0
0.00080879999999999993,56.508734954125629,-31.843673240095058,-31.843673240095058,0,0
0.00080889999999999998,56.486135980240078,-30.41373754170576,-30.41373754170576,0,0
0.00080899999999999993,56.4635460441364,-28.979412506688767,-28.979412506688767,0,0
0.00080909999999999999,56.440965142200213,-27.543590016860115,-27.543590016860115,0,0
0.00080919999999999994,56.418393270818569,-26.109164971022675,-26.109164971022675,0,0
0.00080929999999999999,56.395830426379966,-24.679029402017406,-24.679029402017406,0,0
0.00080939999999999994,56.373276605274356,-23.256066599670504,-23.256066599670504,0,0
0.0008095,56.350731803893119,-21.843145251579447,-21.843145251579447,0,0
0.00080959999999999995,56.328196018629093,-20.443113613644616,-20.443113613644616,0,0
0.0008097,56.305669245876551,-19.058793722192547,-19.058793722192547,0,0
0.00080979999999999995,56.283151482031208,-17.692975659452259,-17.692975659452259,0,0
0.00080990000000000001,56.260642723490221,-16.348411884037439,-16.348411884037439,0,0
0.00080999999999999996,56.238142966652191,0,0,0,0
0.00081010000000000001,56.221468411780968,0,0,117.8888574410675,117.8888574410675
0.00081019999999999996,56.21700754211345,0,0,243.74110806472396,243.74110806472396
0.00081029999999999991,56.225415252101016,0,0,374.80841670696481,374.80841670696481
0.00081039999999999997,56.247066252886825,0,0,508.24805012572045,508.24805012572045
0.00081049999999999991,56.282048311837649,0,0,641.17439875944604,641.17439875944604
0.00081059999999999997,56.330160692315367,0,0,770.71126918810148,770.71126918810148
0.00081069999999999992,56.390917821351415,0,0,894.04400004925105,894.04400004925105
0.00081079999999999998,56.463558118192658,0,0,1008.4704574683034,1008.4704574683034
0.00081089999999999992,56.547057823217173,0,0,1111.4499864651439,1111.4499864651439
0.00081099999999999998,56.640149576166948,0,0,1200.6494319280807,1200.6494319280807
0.00081109999999999993,56.741345406649685,0,0,1273.9853959256945,1273.9853959256945
0.00081119999999999999,56.848963719982848,0,0,1329.661966392807,1329.661966392807
0.00081129999999999993,56.961159789133823,0,0,1366.2032343401329,1366.2032343401329
0.00081139999999999999,57.075959200061462,0,0,1382.4800112093965,1382.4800112093965
0.00081149999999999994,57.19129364433347,0,0,1377.7302631141999,1377.7302631141999
0.0008116,57.305038410447743,0,0,1351.5728925665212,1351.5728925665212
0.00081169999999999994,57.415050894592092,0,0,1304.0146188261078,1304.0146188261078
0.0008118,57.519209433189673,0,0,1235.4498330411625,1235.4498330411625
0.00081189999999999995,57.615451753828978,0,0,1146.653431608461,1146.653431608461
0.000812,57.701812348169717,0,0,1038.7667583640857,1038.7667583640857
0.00081209999999999995,57.776458090021812,0,0,913.27691101871596,913.27691101871596
0.00081220000000000001,57.837721453656719,0,0,771.98978741362293,771.98978741362293
0.00081229999999999996,57.884130730950368,0,0,616.99736051924651,616.99736051924651
0.00081240000000000001,57.914436700385359,0,0,450.63977557528119,450.63977557528119
0.00081249999999999996,57.92763526526884,0,0,275.46295648819671,275.46295648819671
0.00081259999999999991,57.922985651586288,0,0,94.172489862860331,94.172489862860331
0.00081269999999999997,57.899926821587727,-22.866653355477847,-22.866653355477847,0,0
0.00081279999999999992,57.876771482235704,-23.107151896455893,-23.107151896455893,0,0
0.00081289999999999997,57.853625403167236,-23.359502015213895,-23.359502015213895,0,0
0.00081299999999999992,57.83048858067896,-23.623167230365336,-23.623167230365336,0,0
0.00081309999999999998,57.807361011068977,-23.897588082344146,-23.897588082344146,0,0
0.00081319999999999993,57.78424269063688,-24.182183270594624,-24.182183270594624,0,0
0.00081329999999999998,57.76113361568374,-24.476350835131878,-24.476350835131878,0,0
0.00081339999999999993,57.738033782512098,-24.77946938007128,-24.77946938007128,0,0
0.00081349999999999999,57.714943187425988,-25.09089933663984,-25.09089933663984,0,0
0.00081359999999999994,57.691861826730907,-25.409984263102569,-25.409984263102569,0,0
0.00081369999999999999,57.668789696733846,-25.73605217896149,-25.73605217896149,0,0
0.00081379999999999994,57.645726793743258,-26.068416930715802,-26.068416930715802,0,0
0.0008139,57.62267311406908,-26.40637958640718,-26.40637958640718,0,0
0.00081399999999999994,57.599628654022723,-26.749229856116006,-26.749229856116006,0,0
0.0008141,57.576593409917074,-27.096247535521545,-27.096247535521545,0,0
0.00081419999999999995,57.553567378066489,-27.446703969592161,-27.446703969592161,0,0
0.00081430000000000001,57.530550554786814,-27.799863533430926,-27.799863533430926,0,0
0.00081439999999999995,57.507542936395346,-28.1549851272671,-28.1549851272671,0,0
0.00081450000000000001,57.484544519210871,-28.51132368255519,-28.51132368255519,0,0
0.00081459999999999996,57.461555299553645,-28.86813167612085,-28.86813167612085,0,0
0.00081470000000000002,57.438575273745386,-29.224660649276576,-29.224660649276576,0,0
0.00081479999999999996,57.415604438109291,-29.580162728819889,-29.580162728819889,0,0
0.00081489999999999991,57.392642788970029,-29.933892146823272,-29.933892146823272,0,0
0.00081499999999999997,57.369690322653739,-59.260716512224832,-59.260716512224832,0,0
0.00081509999999999992,57.346747035488022,-59.578884404322253,-59.578884404322253,0,0
0.00081519999999999997,57.323812923801952,-59.834247806968662,-59.834247806968662,0,0
0.00081529999999999992,57.300887983926074,-60.026265241118523,-60.026265241118523,0,0
0.00081539999999999998,57.277972212192395,-60.154523973027111,-60.154523973027111,0,0
0.00081549999999999993,57.255065604934394,-60.218740851419312,-60.218740851419312,0,0
0.00081559999999999998,57.232168158487013,-60.218762881315314,-60.218762881315314,0,0
0.00081569999999999993,57.209279869186659,-60.154567533350516,-60.154567533350516,0,0
0.00081579999999999999,57.186400733371201,-60.026262787964086,-60.026262787964086,0,0
0.00081589999999999994,57.163530747379987,-59.834086914369806,-59.834086914369806,0,0
0.00081599999999999999,57.140669907553814,-59.578407984761313,-59.578407984761313,0,0
0.00081609999999999994,57.117818210234944,-59.259723124742578,-59.259723124742578,0,0
0.0008162,57.094975651767115,-58.87865750150975,-58.87865750150975,0,0
0.00081629999999999995,57.072142228495508,-58.435963051843842,-58.435963051843842,0,0
0.0008164,57.049317936766784,-57.932516952502496,-57.932516952502496,0,0
0.00081649999999999995,57.026502772929049,-57.369319836122131,-57.369319836122131,0,0
0.00081660000000000001,57.003696733331878,-56.747493756259431,-56.747493756259431,0,0
0.00081669999999999996,56.980899814326307,-56.068279905710341,-56.068279905710341,0,0
0.00081680000000000001,56.958112012264827,-55.333036092746568,-55.333036092746568,0,0
0.00081689999999999996,56.935333323501389,-54.543233980400998,-54.543233980400998,0,0
0.00081699999999999991,56.912563744391406,-53.700456094415429,-53.700456094415429,0,0
0.00081709999999999997,56.889803271291747,-52.806392605933439,-52.806392605933439,0,0
0.00081719999999999991,56.867051900560732,-51.862837895479572,-51.862837895479572,0,0
0.00081729999999999997,56.844309628558136,-50.871686905209785,-50.871686905209785,0,0
0.00081739999999999992,56.821576451645207,-49.8349312868488,-49.8349312868488,0,0
0.00081749999999999998,56.798852366184633,-48.75465535314467,-48.75465535314467,0,0
0.00081759999999999992,56.776137368540553,-47.633031841070363,-47.633031841070363,0,0
0.00081769999999999998,56.753431455078577,-46.472317495384544,-46.472317495384544,0,0
0.00081779999999999993,56.730734622165755,-45.274848481528679,-45.274848481528679,0,0
0.00081789999999999999,56.708046866170591,-44.043035637184111,-44.043035637184111,0,0
0.00081799999999999993,56.685368183463048,-42.779359572141033,-42.779359572141033,0,0
0.00081809999999999999,56.662698570414534,-41.486365626438698,-41.486365626438698,0,0
0.00081819999999999994,56.640038023397913,-40.166658697024715,-40.166658697024715,0,0
0.0008183,56.6173865387875,-38.822897943448112,-38.822897943448112,0,0
0.00081839999999999994,56.594744112959049,-37.45779138334639,-37.45779138334639,0,0
0.0008185,56.57211074228978,-36.074090388710843,-36.074090388710843,0,0
0.00081859999999999995,56.549486423158349,-34.674584094115986,-34.674584094115986,0,0
0.0008187,56.526871151944867,-33.262093728277243,-33.262093728277243,0,0
0.00081879999999999995,56.504264925030888,-31.839466880457348,-31.839466880457348,0,0
0.00081890000000000001,56.481667738799416,-30.409571713373694,-30.409571713373694,0,0
0.00081899999999999996,56.459079589634904,-28.975291134367581,-28.975291134367581,0,0
0.00081910000000000001,56.436500473923246,-27.53951693668111,-27.53951693668111,0,0
0.00081919999999999996,56.413930388051789,-26.105143922747921,-26.105143922747921,0,0
0.00081929999999999991,56.391369328409311,-24.675064021440377,-24.675064021440377,0,0
0.00081939999999999997,56.368817291386044,-23.252160411228111,-23.252160411228111,0,0
0.00081949999999999992,56.346274273373666,-21.839301661190412,-21.839301661190412,0,0
0.00081959999999999997,56.323740270765292,-20.439335901788827,-20.439335901788827,0,0
0.00081969999999999992,56.301215279955485,-19.055085037245391,-19.055085037245391,0,0
0.00081979999999999998,56.278699297340239,-17.689339011287469,-17.689339011287469,0,0
0.00081989999999999993,56.256192319317002,-16.344850137911553,-16.344850137911553,0,0
0.00081999999999999998,56.233694342284657,0,0,0,0
0.00082009999999999993,56.217022965307365,0,0,117.91669075447751,117.91669075447751
0.00082019999999999999,56.212568003379516,0,0,243.79566469652477,243.79566469652477
0.00082029999999999994,56.220984216254479,0,0,374.88813807417284,374.88813807417284
0.00082039999999999999,56.242646136930205,0,0,508.35095735087123,508.35095735087123
0.00082049999999999994,56.277641314412371,0,0,641.29812857189609,641.29812857189609
0.0008206,56.325768757445182,0,0,770.85311678200787,770.85311678200787
0.00082069999999999995,56.386542606801179,0,0,894.20096812115719,894.20096812115719
0.0008208,56.45920096901478,0,0,1008.6393105454185,1008.6393105454185
0.00082089999999999995,56.542719750964338,0,0,1111.62730953968,1111.62730953968
0.00082100000000000001,56.635831244146573,0,0,1200.8316923351249,1200.8316923351249
0.00082109999999999995,56.737047121486576,0,0,1274.1690073434729,1274.1690073434729
0.00082120000000000001,56.844685429641807,0,0,1329.8433538058762,1329.8433538058762
0.00082129999999999996,56.95690108743721,0,0,1366.3788987887324,1366.3788987887324
0.00082140000000000002,57.071719337618966,0,0,1382.6465931522005,1382.6465931522005
0.00082149999999999996,57.187071545685257,0,0,1377.8846032569579,1377.8846032569579
0.00082159999999999991,57.300832697109534,0,0,1351.7120890551068,1351.7120890551068
0.00082169999999999997,57.410859913584005,0,0,1304.1360797684731,1304.1360797684731
0.00082179999999999992,57.515031290531233,0,0,1235.5513234074194,1235.5513234074194
0.00082189999999999997,57.611284352392921,0,0,1146.7331136602481,1146.7331136602481
0.00082199999999999992,57.697653429208287,0,0,1038.8232248816785,1038.8232248816785
0.00082209999999999998,57.772305277612851,0,0,913.30921072487388,913.30921072487388
0.00082219999999999993,57.833572301263935,0,0,771.99744213457404,771.99744213457404
0.00082229999999999998,57.879982769254141,0,0,616.98037377292826,616.98037377292826
0.00082239999999999993,57.910287485517372,0,0,450.598632432263,450.598632432263
0.00082249999999999999,57.923482426576705,0,0,275.39861470880709,275.39861470880709
0.00082259999999999994,57.918826938062892,0,0,94.086362472049572,94.086362472049572
0.00082269999999999999,57.895764760863926,-22.86907513486636,-22.86907513486636,0,0
0.00082279999999999994,57.872611086003268,-23.109504164164345,-23.109504164164345,0,0
0.0008229,57.849466670760506,-23.361775764271183,-23.361775764271183,0,0
0.00082299999999999995,57.826331511432535,-23.62535361516365,-23.62535361516365,0,0
0.0008231,57.803205604317732,-23.899678436612053,-23.899678436612053,0,0
0.00082319999999999995,57.780088945715946,-24.1841691250055,-24.1841691250055,0,0
0.00082330000000000001,57.756981531928517,-24.478223934511885,-24.478223934511885,0,0
0.00082339999999999996,57.733883359258257,-24.781221700171944,-24.781221700171944,0,0
0.00082350000000000001,57.710794424009457,-25.092523100441145,-25.092523100441145,0,0
0.00082359999999999996,57.68771472248789,-25.411471956613436,-25.411471956613436,0,0
0.00082369999999999991,57.664644251000801,-25.737396566485568,-25.737396566485568,0,0
0.00082379999999999997,57.641583005856916,-26.069611069551502,-26.069611069551502,0,0
0.00082389999999999991,57.618530983366433,-26.407416840952163,-26.407416840952163,0,0
0.00082399999999999997,57.595488179841034,-26.75010391134737,-26.75010391134737,0,0
0.00082409999999999992,57.572454591593861,-27.096952409824414,-27.096952409824414,0,0
0.00082419999999999998,57.549430214939548,-27.447234026910547,-27.447234026910547,0,0
0.00082429999999999992,57.526415046194188,-27.800213494716271,-27.800213494716271,0,0
0.00082439999999999998,57.503409081675365,-28.155150081201089,-28.155150081201089,0,0
0.00082449999999999993,57.480412317702111,-28.511299095525228,-28.511299095525228,0,0
0.00082459999999999999,57.457424750594953,-28.867913401427838,-28.867913401427838,0,0
0.00082469999999999993,57.434446376675879,-29.224244935556268,-29.224244935556268,0,0
0.00082479999999999999,57.41147719226835,-29.579546227660789,-29.579546227660789,0,0
0.00082489999999999994,57.38851719369729,-29.933071919565581,-29.933071919565581,0,0
0.000825,57.365566377289106,-59.259690035926582,-59.259690035926582,0,0
0.00082509999999999994,57.342624739371665,-59.577649576880688,-59.577649576880688,0,0
0.0008252,57.319692276274303,-59.832802951386114,-59.832802951386114,0,0
0.00082529999999999995,57.296768984327827,-60.024609108904613,-60.024609108904613,0,0
0.00082540000000000001,57.273854859864514,-60.152655746729934,-60.152655746729934,0,0
0.00082549999999999995,57.250949899218099,-60.216660146280717,-60.216660146280717,0,0
0.00082560000000000001,57.228054098723788,-60.21646974604684,-60.21646974604684,0,0
0.00082569999999999996,57.205167454718257,-60.152062450028467,-60.152062450028467,0,0
0.00082580000000000001,57.182289963539638,-60.023546671043931,-60.023546671043931,0,0
0.00082589999999999996,57.159421621527535,-59.831161108821831,-59.831161108821831,0,0
0.00082599999999999991,57.136562425023016,-59.575274263331622,-59.575274263331622,0,0
0.00082609999999999997,57.113712370368603,-59.256383684344627,-59.256383684344627,0,0
0.00082619999999999992,57.090871453908292,-58.875114958754011,-58.875114958754011,0,0
0.00082629999999999997,57.068039671987535,-58.432220437714676,-58.432220437714676,0,0
0.00082639999999999992,57.045217020953253,-57.928577706192939,-57.928577706192939,0,0
0.00082649999999999998,57.02240349715381,-57.365187798039287,-57.365187798039287,0,0
0.00082659999999999993,56.99959909693905,-56.743173160214525,-56.743173160214525,0,0
0.00082669999999999998,56.976803816660272,-56.063775370309514,-56.063775370309514,0,0
0.00082679999999999993,56.954017652670224,-55.328352611999719,-55.328352611999719,0,0
0.00082689999999999999,56.931240601323118,-54.538376913567888,-54.538376913567888,0,0
0.00082699999999999994,56.908472658974631,-53.695431155109674,-53.695431155109674,0,0
0.00082709999999999999,56.885713821981895,-52.801205850506562,-52.801205850506562,0,0
0.00082719999999999994,56.862964086703492,-51.857495710708605,-51.857495710708605,0,0
0.0008273,56.840223449499462,-50.866195995313646,-50.866195995313646,0,0
0.00082739999999999995,56.817491906731306,-49.829298659859631,-49.829298659859631,0,0
0.0008275,56.794769454761976,-48.748888306662067,-48.748888306662067,0,0
0.00082759999999999995,56.772056089955882,-47.627137947427215,-47.627137947427215,0,0
0.00082770000000000001,56.749351808678881,-46.466304586254822,-46.466304586254822,0,0
0.00082779999999999996,56.726656607298288,-45.268724632008329,-45.268724632008329,0,0
0.00082790000000000001,56.703970482182875,-44.036809149377575,-44.036809149377575,0,0
0.00082799999999999996,56.681293429702862,-42.77303895828652,-42.77303895828652,0,0
0.00082810000000000002,56.658625446229919,-41.479959591606701,-41.479959591606701,0,0
0.00082819999999999996,56.635966528137168,-40.160176121424925,-40.160176121424925,0,0
0.00082829999999999991,56.613316671799183,-38.816347864380511,-38.816347864380511,0,0
0.00082839999999999997,56.590675873591984,-37.451182976833437,-37.451182976833437,0,0
0.00082849999999999992,56.568044129893046,-36.067432950847945,-36.067432950847945,0,0
0.00082859999999999997,56.545421437081288,-34.667887022178164,-34.667887022178164,0,0
0.00082869999999999992,56.522807791537083,-33.255366501620443,-33.255366501620443,0,0
0.00082879999999999998,56.500203189642242,-31.832719041253196,-31.832719041253196,0,0
0.00082889999999999993,56.477607627780031,-30.402812847216779,-30.402812847216779,0,0
0.00082899999999999998,56.455021102335166,-28.968530850794796,-28.968530850794796,0,0
0.00082909999999999993,56.432443609693799,-27.53276484964254,-27.53276484964254,0,0
0.00082919999999999999,56.409875146243529,-26.098409631069,-26.098409631069,0,0
0.00082929999999999994,56.3873157083734,-24.668357089315041,-24.668357089315041,0,0
0.00082939999999999999,56.364765292473905,-23.245490348782539,-23.245490348782539,0,0
0.00082949999999999994,56.342223894936978,-21.832677905156917,-21.832677905156917,0,0
0.0008296,56.319691512155991,-20.432767796329081,-20.432767796329081,0,0
0.00082969999999999995,56.29716814052577,-19.048581814962045,-19.048581814962045,0,0
0.0008298,56.27465377644257,-17.682909774462694,-17.682909774462694,0,0
0.00082989999999999995,56.252148416304095,-16.338503840010635,-16.338503840010635,0,0
0.00083000000000000001,56.229652056509487,0,0,0,0
0.00083009999999999996,56.212984813214014,0,0,117.96683517623724,117.96683517623724
0.00083020000000000001,56.208538921011652,0,0,243.89429432908037,243.89429432908037
0.00083029999999999996,56.216968929131149,0,0,375.03274666705312,375.03274666705312
0.00083039999999999991,56.23864907759355,0,0,508.53823712644879,508.53823712644879
0.00083049999999999997,56.273666545292173,0,0,641.52403024893306,641.52403024893306
0.00083059999999999991,56.321819900436459,0,0,771.1129230215422,771.1129230215422
0.00083069999999999997,56.382622780829664,0,0,894.48937906288836,894.48937906288836
0.00083079999999999992,56.45531273671989,0,0,1008.9505398839104,1008.9505398839104
0.00083089999999999998,56.538865075464287,0,0,1111.9551893989726,1111.9551893989726
0.00083099999999999992,56.632011456667421,0,0,1201.1697850411845,1201.1697850411845
0.00083109999999999998,56.733262900440074,0,0,1274.5107220691857,1274.5107220691857
0.00083119999999999993,56.840936791529614,0,0,1330.1820659752746,1330.1820659752746
0.00083129999999999999,56.953187389744713,0,0,1366.7080700773995,1366.7080700773995
0.00083139999999999993,57.068039293644816,0,0,1382.9598899102582,1382.9598899102582
0.00083149999999999999,57.183423251036366,0,0,1378.176011209852,1378.176011209852
0.00083159999999999994,57.297213667380362,0,0,1351.9760222050825,1351.9760222050825
0.0008317,57.40726713253607,0,0,1304.367481524898,1304.367481524898
0.00083179999999999994,57.511461267898952,0,0,1235.7457581151079,1235.7457581151079
0.0008319,57.60773319026741,0,0,1146.8868468690589,1146.8868468690589
0.00083199999999999995,57.694116895795716,0,0,1038.933290904778,1038.933290904778
0.00083210000000000001,57.768778887030344,0,0,913.37346626346027,913.37346626346027
0.00083219999999999995,57.830051397926859,0,0,772.01460499937173,772.01460499937173
0.00083230000000000001,57.87646261532565,0,0,616.95004600280936,616.95004600280936
0.00083239999999999996,57.906763349835792,0,0,450.52130739304619,450.52130739304619
0.00083250000000000002,57.919949673449679,0,0,275.27566804549133,275.27566804549133
0.00083259999999999996,57.915281114319875,0,0,93.920027080214638,93.920027080214638
0.00083269999999999991,57.892210662386617,-22.874011382320649,-22.874011382320649,0,0
0.00083279999999999997,57.86905840888106,-23.114375150894457,-23.114375150894457,0,0
0.00083289999999999992,57.845915414424972,-23.366567982344296,-23.366567982344296,0,0
0.00083299999999999997,57.822781675315476,-23.630053718326213,-23.630053718326213,0,0
0.00083309999999999992,57.799657187851167,-23.904273267409049,-23.904273267409049,0,0
0.00083319999999999998,57.776541948332138,-24.188645741515611,-24.188645741515611,0,0
0.00083329999999999993,57.753435953059942,-24.482569636644431,-24.482569636644431,0,0
0.00083339999999999998,57.730339198337617,-24.785424055472003,-24.785424055472003,0,0
0.00083349999999999993,57.707251680469689,-25.096569969350487,-25.096569969350487,0,0
0.00083359999999999999,57.684173395762151,-25.415351517135964,-25.415351517135964,0,0
0.00083369999999999994,57.661104340522485,-25.741097338207108,-25.741097338207108,0,0
0.00083379999999999999,57.638044511059633,-26.073121936965112,-26.073121936965112,0,0
0.00083389999999999994,57.614993903684024,-26.410727076041649,-26.410727076041649,0,0
0.000834,57.591952514707565,-26.753203195383097,-26.753203195383097,0,0
0.00083409999999999995,57.568920340443633,-27.099830854327042,-27.099830854327042,0,0
0.0008342,57.545897377207076,-27.449882193740262,-27.449882193740262,0,0
0.00083429999999999995,57.522883621314222,-27.802622415246507,-27.802622415246507,0,0
0.00083440000000000001,57.499879069082873,-28.157311274538014,-28.157311274538014,0,0
0.00083449999999999996,57.476883716832297,-28.513204585735746,-28.513204585735746,0,0
0.00083460000000000001,57.453897560883235,-28.869555733741269,-28.869555733741269,0,0
0.00083469999999999996,57.430920597557908,-29.225617191506704,-29.225617191506704,0,0
0.00083479999999999991,57.407952823179997,-29.58064203913948,-29.58064203913948,0,0
0.00083489999999999997,57.384994234074661,-29.933885481754668,-29.933885481754668,0,0
0.00083499999999999991,57.362044826568528,-59.260216119088014,-59.260216119088014,0,0
0.00083509999999999997,57.339104596989685,-59.577883536976259,-59.577883536976259,0,0
0.00083519999999999992,57.316173541667702,-59.832740739507301,-59.832740739507301,0,0
0.00083529999999999997,57.293251656933606,-60.02424727949267,-60.02424727949267,0,0
0.00083539999999999992,57.270338939119902,-60.151991464570003,-60.151991464570003,0,0
0.00083549999999999998,57.247435384560546,-60.215691192255349,-60.215691192255349,0,0
0.00083559999999999993,57.224540989590977,-60.215194521637599,-60.215194521637599,0,0
0.00083569999999999998,57.201655750548085,-60.15047998055617,-60.15047998055617,0,0
0.00083579999999999993,57.178779663770236,-60.021656607641233,-60.021656607641233,0,0
0.00083589999999999999,57.155912725597254,-59.82896372913396,-59.82896372913396,0,0
0.00083599999999999994,57.133054932370435,-59.572770470943937,-59.572770470943937,0,0
0.00083609999999999999,57.110206280432521,-59.253575006938149,-59.253575006938149,0,0
0.00083619999999999994,57.087366766127737,-58.872003544992822,-58.872003544992822,0,0
0.0008363,57.064536385801759,-58.428809052871301,-58.428809052871301,0,0
0.00083639999999999995,57.041715135801724,-57.92486972652074,-57.92486972652074,0,0
0.0008365,57.01890301247623,-57.36118720390337,-57.36118720390337,0,0
0.00083659999999999995,56.99610001217534,-56.738884527995097,-56.738884527995097,0,0
0.00083670000000000001,56.973306131250574,-56.059203863093984,-56.059203863093984,0,0
0.00083679999999999996,56.950521366054915,-55.323503969082822,-55.323503969082822,0,0
0.00083690000000000001,56.927745712942794,-54.533257438780893,-54.533257438780893,0,0
0.00083699999999999996,56.90497916827011,-53.690047704002495,-53.690047704002495,0,0
0.00083709999999999991,56.882221728394214,-52.795565816408825,-52.795565816408825,0,0
0.00083719999999999997,56.859473389673916,-51.851607009698157,-51.851607009698157,0,0
0.00083729999999999991,56.836734148469475,-50.860067050122751,-50.860067050122751,0,0
0.00083739999999999997,56.814004001142621,-49.822938382751929,-49.822938382751929,0,0
0.00083749999999999992,56.791282944056533,-48.742306081314823,-48.742306081314823,0,0
0.00083759999999999998,56.768570973575834,-47.620343609855809,-47.620343609855809,0,0
0.00083769999999999992,56.745868086066615,-46.459308404818344,-46.459308404818344,0,0
0.00083779999999999998,56.723174277896405,-45.261537286536679,-45.261537286536679,0,0
0.00083789999999999993,56.700489545434202,-44.029441709462773,-44.029441709462773,0,0
0.00083799999999999999,56.677813885050448,-42.765502860782107,-42.765502860782107,0,0
0.00083809999999999993,56.655147293117039,-41.472266617381194,-41.472266617381194,0,0
0.00083819999999999999,56.632489766007318,-40.152338371416363,-40.152338371416363,0,0
0.00083829999999999994,56.609841300096079,-38.808377735000931,-38.808377735000931,0,0
0.0008384,56.58720189175957,-37.443093134773122,-37.443093134773122,0,0
0.00083849999999999994,56.564571537375485,-36.059236307330821,-36.059236307330821,0,0
0.0008386,56.541950233322964,-34.659596706720492,-34.659596706720492,0,0
0.00083869999999999995,56.519337975982602,-33.246995835346297,-33.246995835346297,0,0
0.00083880000000000001,56.496734761736434,-31.824281509820853,-31.824281509820853,0,0
0.00083889999999999995,56.474140586967948,-30.394322073411075,-30.394322073411075,0,0
0.00083900000000000001,56.451555448062081,-28.96000056684116,-28.96000056684116,0,0
0.00083909999999999996,56.428979341405203,-27.524208869298967,-27.524208869298967,0,0
0.00083920000000000002,56.406412263385143,-26.089841821552682,-26.089841821552682,0,0
0.00083929999999999996,56.383854210391164,-24.659791343120688,-24.659791343120688,0,0
0.00083939999999999991,56.361305178813979,-23.236940555449692,-23.236940555449692,0,0
0.00083949999999999997,56.338765165045743,-21.824157923043597,-21.824157923043597,0,0
0.00083959999999999992,56.316234165480054,-20.424291424449155,-20.424291424449155,0,0
0.00083969999999999997,56.293712176511953,-19.040162764943538,-19.040162764943538,0,0
0.00083979999999999992,56.271199194537914,-17.674561642684015,-17.674561642684015,0,0
0.00083989999999999998,56.24869521595587,-16.33024007997135,-16.33024007997135,0,0
0.00083999999999999993,56.22620023716518,0,0,0,0
0.00084009999999999998,56.209537663484845,0,0,118.03238800655484,118.03238800655484
0.00084019999999999993,56.205102902002764,0,0,244.02338854200411,244.02338854200411
0.00084029999999999999,56.213550241612793,0,0,375.22224555782475,375.22224555782475
0.00084039999999999994,56.235253552284064,0,0,508.78393570240706,508.78393570240706
0.00084049999999999999,56.27029953985766,0,0,641.82073154054615,641.82073154054615
0.00084059999999999994,56.318486205072006,0,0,771.45453235091213,771.45453235091213
0.0008407,56.379326534130954,0,0,894.86901456021042,894.86901456021042
0.00084079999999999995,56.452057353368012,0,0,1009.3606572482728,1009.3606572482728
0.0008409,56.535653187031798,0,0,1112.3877186421064,1112.3877186421064
0.00084099999999999995,56.628844866616397,0,0,1201.6162767359915,1201.6162767359915
0.00084110000000000001,56.730142554125422,0,0,1274.9625004529978,1274.9625004529978
0.00084119999999999996,56.83786276174915,0,0,1330.6303861339425,1330.6303861339425
0.00084130000000000001,56.950158878095863,0,0,1367.1442763627167,1367.1442763627167
0.00084139999999999996,57.065054647661398,0,0,1383.3755727212069,1383.3755727212069
0.00084149999999999991,57.180479996793153,0,0,1378.5631592981297,1378.5631592981297
0.00084159999999999997,57.294308556972986,0,0,1352.327167746751,1352.327167746751
0.00084169999999999991,57.404396205574393,0,0,1304.6758353313523,1304.6758353313523
0.00084179999999999997,57.508619925898479,0,0,1236.0053325354513,1236.0053325354513
0.00084189999999999992,57.604916282589635,0,0,1147.0925641592039,1147.0925641592039
0.00084199999999999998,57.691318815579422,0,0,1039.0810751020822,1039.0810751020822
0.00084209999999999992,57.765993675374844,0,0,913.46031690468737,913.46031690468737
0.00084219999999999998,57.827272854439329,0,0,772.03865134883074,772.03865134883074
0.00084229999999999993,57.873684413029238,0,0,616.91058081068468,616.91058081068468
0.00084239999999999998,57.903979152356577,0,0,450.41879957481257,450.41879957481257
0.00084249999999999993,57.917153252359611,0,0,275.1117540551715,275.1117540551715
0.00084259999999999999,57.912466464510132,0,0,93.697481136175938,93.697481136175938
0.00084269999999999994,57.889384209517949,-22.880729918501512,-22.880729918501512,0,0
0.00084279999999999999,57.866233086367458,-23.121035991544073,-23.121035991544073,0,0
0.00084289999999999994,57.843091221814383,-23.373154721269653,-23.373154721269653,0,0
0.000843,57.819958612156022,-23.636550101269375,-23.636550101269375,0,0
0.00084309999999999995,57.796835253691164,-23.910663225076153,-23.910663225076153,0,0
0.0008432,57.773721142720071,-24.194913422229586,-24.194913422229586,0,0
0.00084329999999999995,57.750616275544481,-24.488699438555077,-24.488699438555077,0,0
0.00084340000000000001,57.727520648467618,-24.791400658258024,-24.791400658258024,0,0
0.00084349999999999996,57.704434257794183,-25.102378365348979,-25.102378365348979,0,0
0.00084360000000000001,57.681357099830358,-25.420977041836192,-25.420977041836192,0,0
0.00084369999999999996,57.658289170883791,-25.746525700046515,-25.746525700046515,0,0
0.00084379999999999991,57.635230467263611,-26.07833924636714,-26.07833924636714,0,0
0.00084389999999999997,57.612180985280432,-26.41571987363626,-26.41571987363626,0,0
0.00084399999999999992,57.589140721246331,-26.757958479352705,-26.757958479352705,0,0
0.00084409999999999997,57.566109671474869,-27.10433610682232,-27.10433610682232,0,0
0.00084419999999999992,57.543087832281074,-27.454125406312063,-27.454125406312063,0,0
0.00084429999999999998,57.520075199981456,-27.806592113242377,-27.806592113242377,0,0
0.00084439999999999992,57.497071770893996,-28.160996540413581,-28.160996540413581,0,0
0.00084449999999999998,57.47407754133814,-28.516595081233678,-28.516595081233678,0,0
0.00084459999999999993,57.451092507634812,-28.872641720892798,-28.872641720892798,0,0
0.00084469999999999999,57.428116666106412,-29.228389552413038,-29.228389552413038,0,0
0.00084479999999999993,57.405150013076799,-29.583092294492797,-29.583092294492797,0,0
0.00084489999999999999,57.382192544871309,-29.936005808061228,-29.936005808061228,0,0
0.00084499999999999994,57.359244257816748,-59.261999364558321,-59.261999364558321,0,0
0.0008451,57.336305148241394,-59.579323236050058,-59.579323236050058,0,0
0.00084519999999999994,57.313375212474988,-59.833831125983764,-59.833831125983764,0,0
0.0008453,57.290454446848734,-60.024983298239349,-60.024983298239349,0,0
0.00084539999999999995,57.267542847695317,-60.152368781786492,-60.152368781786492,0,0
0.00084550000000000001,57.244640411348875,-60.215706204271086,-60.215706204271086,0,0
0.00084559999999999995,57.221747134145019,-60.214844362225719,-60.214844362225719,0,0
0.00084570000000000001,57.19886301242083,-60.149762526748717,-60.149762526748717,0,0
0.00084579999999999996,57.175988042514845,-60.020570484033811,-60.020570484033811,0,0
0.00084590000000000002,57.153122220767067,-59.827508310671291,-59.827508310671291,0,0
0.00084599999999999996,57.130265543518966,-59.570945884180389,-59.570945884180389,0,0
0.00084609999999999991,57.107418007113473,-59.251382129771045,-59.251382129771045,0,0
0.00084619999999999997,57.084579607894987,-58.869444004868654,-58.869444004868654,0,0
0.00084629999999999992,57.061750342209358,-58.425885223468995,-58.425885223468995,0,0
0.00084639999999999997,57.038930206403904,-57.921584722918396,-57.921584722918396,0,0
0.00084649999999999992,57.016119196827404,-57.357544876238393,-57.357544876238393,0,0
0.00084659999999999998,56.993317309830097,-56.734889453630615,-56.734889453630615,0,0
0.00084669999999999993,56.97052454176368,-56.054861337307713,-56.054861337307713,0,0
0.00084679999999999998,56.947740888981315,-55.318819994296845,-55.318819994296845,0,0
0.00084689999999999993,56.924966347837611,-54.528238712354792,-54.528238712354792,0,0
0.00084699999999999999,56.902200914688649,-53.684701604614219,-53.684701604614219,0,0
0.00084709999999999994,56.879444585891953,-52.789900389051269,-52.789900389051269,0,0
0.00084719999999999999,56.85669735780651,-51.845630949321858,-51.845630949321858,0,0
0.00084729999999999994,56.833959226792764,-50.853789683957942,-50.853789683957942,0,0
0.0008474,56.811230189212615,-49.816369651345909,-49.816369651345909,0,0
0.00084749999999999995,56.788510241429421,-48.73545651832319,-48.73545651832319,0,0
0.0008476,56.765799379807987,-47.613224320628717,-47.613224320628717,0,0
0.00084769999999999995,56.743097600714577,-46.451931043825127,-46.451931043825127,0,0
0.00084780000000000001,56.720404900516904,-45.253914033674967,-45.253914033674967,0,0
0.00084789999999999996,56.697721275584136,-44.021585245300052,-44.021585245300052,0,0
0.00084800000000000001,56.675046722286893,-42.757426340780199,-42.757426340780199,0,0
0.00084809999999999996,56.652381236997243,-41.463983645155956,-41.463983645155956,0,0
0.00084819999999999991,56.629724816088711,-40.143862971086982,-40.143862971086982,0,0
0.00084829999999999997,56.60707745593627,-38.799724322685051,-38.799724322685051,0,0
0.00084839999999999991,56.584439152916346,-37.434276489285722,-37.434276489285722,0,0
0.00084849999999999997,56.561809903406804,-36.05027154014634,-36.05027154014634,0,0
0.00084859999999999992,56.539189703786967,-34.650499231259367,-34.650499231259367,0,0
0.00084869999999999998,56.516578550437607,-33.237781335648208,-33.237781335648208,0,0
0.00084879999999999992,56.493976439740933,-31.814965908668441,-31.814965908668441,0,0
0.00084889999999999998,56.471383368080609,-30.384921499968897,-30.384921499968897,0,0
0.00084899999999999993,56.448799331841748,-28.950531323875605,-28.950531323875605,0,0
0.00084909999999999998,56.4262243274109,-27.514687400045823,-27.514687400045823,0,0
0.00084919999999999993,56.403658351176063,-26.080284676299602,-26.080284676299602,0,0
0.00084929999999999999,56.381101399526685,-24.650215145572567,-24.650215145572567,0,0
0.00084939999999999994,56.35855346885365,-23.227361968945203,-23.227361968945203,0,0
0.00084949999999999999,56.336014555549291,-21.814593616691663,-21.814593616691663,0,0
0.00084959999999999994,56.313484656007383,-20.41475803925406,-20.41475803925406,0,0
0.0008497,56.290963766623136,-19.03067687998756,-19.03067687998756,0,0
0.00084979999999999995,56.268451883793212,-17.665139741436352,-17.665139741436352,0,0
0.0008499,56.245949003915712,-16.320898516791722,-16.320898516791722,0,0
0.00084999999999999995,56.223455123390167,0,0,0,0
0.00085010000000000001,56.206797373046079,0,0,118.10665463578172,118.10665463578172
0.00085019999999999996,56.202374760132457,0,0,244.16974281865191,244.16974281865191
0.00085030000000000001,56.21084128802692,0,0,375.43722226296643,375.43722226296643
0.00085039999999999996,56.232570415655303,0,0,509.06284632097999,509.06284632097999
0.00085049999999999991,56.267648319749853,0,0,642.15774935144054,642.15774935144054
0.00085059999999999997,56.315872363473723,0,0,771.84279812241118,771.84279812241118
0.00085069999999999992,56.376754798551666,0,0,895.30076093398827,895.30076093398827
0.00085079999999999997,56.449531633250544,0,0,1009.8273495568772,1009.8273495568772
0.00085089999999999992,56.533176504993484,0,0,1112.8802096074548,1112.8802096074548
0.00085099999999999998,56.626419305762568,0,0,1202.1249722452817,1202.1249722452817
0.00085109999999999993,56.727769222387593,0,0,1275.477533408111,1275.477533408111
0.00085119999999999998,56.835541773891791,0,0,1331.1417952245304,1331.1417952245304
0.00085129999999999993,56.947889355715539,0,0,1367.6421865243426,1367.6421865243426
0.00085139999999999999,57.062834737176104,0,0,1383.8503740097626,1383.8503740097626
0.00085149999999999993,57.178306905093947,0,0,1379.005680940809,1379.005680940809
0.00085159999999999999,57.292178604089969,0,0,1352.7288442175989,1352.7288442175989
0.00085169999999999994,57.402304893401137,0,0,1305.028861444224,1305.028861444224
0.0008518,57.506562021728129,0,0,1236.3028047464891,1236.3028047464891
0.00085189999999999994,57.602885915947915,0,0,1147.3286055210408,1147.3286055210408
0.000852,57.689309586598888,0,0,1039.2509416083867,1039.2509416083867
0.00085209999999999995,57.763998772746213,0,0,913.56048330099668,913.56048330099668
0.00085220000000000001,57.825285180802069,0,0,772.06687485775694,772.06687485775694
0.00085229999999999995,57.871696715529467,0,0,616.86594161979224,616.86594161979224
0.00085240000000000001,57.901984156006769,0,0,450.30171735648378,450.30171735648378
0.00085249999999999996,57.915143793784203,0,0,274.92398022198813,274.92398022198813
0.00085259999999999991,57.910435623654408,0,0,93.442066974874976,93.442066974874976
0.00085269999999999996,57.887339414586783,-22.888511173760133,-22.888511173760133,0,0
0.00085279999999999991,57.864189109190697,-23.12876948529453,-23.12876948529453,0,0
0.00085289999999999997,57.841048062064992,-23.380822661362519,-23.380822661362519,0,0
0.00085299999999999992,57.817916269507101,-23.644134829818615,-23.644134829818615,0,0
0.00085309999999999997,57.794793727815936,-23.918147254340834,-23.918147254340834,0,0
0.00085319999999999992,57.771680433291891,-24.202279470149438,-24.202279470149438,0,0
0.00085329999999999998,57.748576382236841,-24.495930463867655,-24.495930463867655,0,0
0.00085339999999999993,57.725481570954138,-24.798479895126018,-24.798479895126018,0,0
0.00085349999999999998,57.702395995748603,-25.109289357427517,-25.109289357427517,0,0
0.00085359999999999993,57.679319652926551,-25.427703675710649,-25.427703675710649,0,0
0.00085369999999999999,57.656252538795769,-25.753052237973161,-25.753052237973161,0,0
0.00085379999999999994,57.633194649665519,-26.084650358249878,-26.084650358249878,0,0
0.00085389999999999999,57.610145981846536,-26.421800668174566,-26.421800668174566,0,0
0.00085399999999999994,57.587106531651031,-26.763794534297514,-26.763794534297514,0,0
0.0008541,57.564076295392695,-27.109913498278363,-27.109913498278363,0,0
0.00085419999999999995,57.541055269386689,-27.459430737027095,-27.459430737027095,0,0
0.0008543,57.518043449949644,-27.81161253982582,-27.81161253982582,0,0
0.00085439999999999995,57.495040833399678,-28.165719799429279,-28.165719799429279,0,0
0.00085450000000000001,57.47204741605637,-28.521009514113867,-28.521009514113867,0,0
0.00085459999999999996,57.449063194240765,-28.876736297622504,-28.876736297622504,0,0
0.00085470000000000001,57.426088164275399,-29.232153893936829,-29.232153893936829,0,0
0.00085479999999999996,57.403122322484258,-29.586516693798519,-29.586516693798519,0,0
0.00085489999999999991,57.380165665192813,-29.939081249897665,-29.939081249897665,0,0
0.00085499999999999997,57.357218188727998,-59.264717543746926,-59.264717543746926,0,0
0.00085509999999999991,57.334279889418212,-59.581676574353423,-59.581676574353423,0,0
0.00085519999999999997,57.311350763593332,-59.835812787496693,-59.835812787496693,0,0
0.00085529999999999992,57.288430807584696,-60.026587203271077,-60.026587203271077,0,0
0.00085539999999999998,57.265520017725116,-60.15358961920613,-60.15358961920613,0,0
0.00085549999999999992,57.242618390348859,-60.21653944229098,-60.21653944229098,0,0
0.00085559999999999998,57.219725921791664,-60.215286257600937,-60.215286257600937,0,0
0.00085569999999999993,57.196842608390739,-60.149810132374014,-60.149810132374014,0,0
0.00085579999999999999,57.173968446484757,-60.020221654922608,-60.020221654922608,0,0
0.00085589999999999993,57.151103432413848,-59.82676170830446,-59.82676170830446,0,0
0.00085599999999999999,57.128247562519604,-59.56980097921624,-59.56980097921624,0,0
0.00085609999999999994,57.105400833145097,-59.24983920311081,-59.24983920311081,0,0
0.00085619999999999999,57.08256324063484,-58.867504147075479,-58.867504147075479,0,0
0.00085629999999999994,57.059734781334825,-58.423550332541495,-58.423550332541495,0,0
0.0008564,57.036915451592499,-57.918857500423456,-57.918857500423456,0,0
0.00085649999999999995,57.014105247756767,-57.354428821810984,-57.354428821810984,0,0
0.0008566,56.991304166177997,-56.731388857851982,-56.731388857851982,0,0
0.00085669999999999995,56.968512203208014,-56.050981272976117,-56.050981272976117,0,0
0.00085680000000000001,56.945729355200108,-55.314566306109057,-55.314566306109057,0,0
0.00085689999999999996,56.922955618509015,-54.523618005018889,-54.523618005018889,0,0
0.00085700000000000001,56.900190989490945,-53.679721229418192,-53.679721229418192,0,0
0.00085709999999999996,56.877435464503556,-52.784568428914568,-52.784568428914568,0,0
0.00085719999999999991,56.854689039905963,-51.83995620236027,-51.83995620236027,0,0
0.00085729999999999997,56.831951712058739,-50.847781645595404,-50.847781645595404,0,0
0.00085739999999999992,56.809223477323904,-49.810038495009394,-49.810038495009394,0,0
0.00085749999999999997,56.786504332064951,-48.728813074760026,-48.728813074760026,0,0
0.00085759999999999992,56.763794272646813,-47.606280055888419,-47.606280055888419,0,0
0.00085769999999999998,56.741093295435874,-46.444698035950395,-46.444698035950395,0,0
0.00085779999999999993,56.71840139679999,-45.246404948149419,-45.246404948149419,0,0
0.00085789999999999998,56.695718573108451,-44.013813309302279,-44.013813309302279,0,0
0.00085799999999999993,56.673044820732002,-42.749405316296915,-42.749405316296915,0,0
0.00085809999999999999,56.650380136042841,-41.45572780100845,-41.45572780100845,0,0
0.00085819999999999994,56.627724515414627,-40.135387053928085,-40.135387053928085,0,0
0.00085829999999999999,56.605077955222455,-38.791043527025366,-38.791043527025366,0,0
0.00085839999999999994,56.582440451842878,-37.425406426610067,-37.425406426610067,0,0
0.0008585,56.559812001653896,-36.041228207183295,-36.041228207183295,0,0
0.00085859999999999994,56.537192601034953,-34.641298977468225,-34.641298977468225,0,0
0.0008587,56.514582246366942,-33.228440829989637,-33.228440829989637,0,0
0.00085879999999999995,56.491980934032213,-31.805502105726145,-31.805502105726145,0,0
0.00085890000000000001,56.469388660414559,-30.37535160549136,-30.37535160549136,0,0
0.00085899999999999995,56.446805421899207,-28.940872759807785,-28.940872759807785,0,0
0.00085910000000000001,56.42423121487284,-27.504957769121955,-27.504957769121955,0,0
0.00085919999999999996,56.401666035723593,-26.070501726269026,-26.070501726269026,0,0
0.00085929999999999991,56.379109880841028,-24.640396733131304,-24.640396733131304,0,0
0.00085939999999999996,56.35656274661617,-23.217526023446595,-23.217526023446595,0,0
0.00085949999999999991,56.334024629441465,-21.804758103709741,-21.804758103709741,0,0
0.00085959999999999997,56.311495525710825,-20.404940924073824,-20.404940924073824,0,0
0.00085969999999999992,56.288975431819587,-19.020896091096247,-19.020896091096247,0,0
0.00085979999999999997,56.26646434416454,-17.655413134089947,-17.655413134089947,0,0
0.00085989999999999992,56.243962259143906,-16.311243836730718,-16.311243836730718,0,0
0.00085999999999999998,56.221469173157352,0,0,0,0
0.00086009999999999993,56.204816072853063,0,0,118.18353176567229,118.18353176567229
0.00086019999999999998,56.200405696578358,0,0,244.32131512708568,244.32131512708568
0.00086029999999999993,56.20889175910964,0,0,375.65996797331178,375.65996797331178
0.00086039999999999999,56.230647299931391,0,0,509.35196780361895,509.35196780361895
0.00086049999999999994,56.265757953109059,0,0,642.50726019728643,642.50726019728643
0.00086059999999999999,56.314020425759217,0,0,772.24563173785987,772.24563173785987
0.00086069999999999994,56.374946212078292,0,0,895.74889868788694,895.74889868788694
0.0008608,56.447770475057865,0,0,1010.3119661561794,1010.3119661561794
0.00086089999999999995,56.531465934421291,0,0,1113.3918330664403,1113.3918330664403
0.000861,56.624761508658821,0,0,1202.6536555491903,1202.6536555491903
0.00086109999999999995,56.726165372957439,0,0,1276.013034760558,1276.013034760558
0.00086120000000000001,56.833992014876472,0,0,1331.6737636129487,1331.6737636129487
0.00086129999999999996,56.946392797258127,0,0,1368.1603492417503,1368.1603492417503
0.00086140000000000001,57.061389474392442,0,0,1384.3447227361016,1384.3447227361016
0.00086149999999999996,57.176910054028241,0,0,1379.4666530135862,1379.4666530135862
0.00086159999999999991,57.290826355401641,0,0,1353.1474958090764,1353.1474958090764
0.00086169999999999997,57.400992582808456,0,0,1305.3970295093777,1305.3970295093777
0.00086179999999999991,57.505284215930686,0,0,1236.6132548097073,1236.6132548097073
0.00086189999999999997,57.601636512469824,0,0,1147.5751626263686,1147.5751626263686
0.00086199999999999992,57.688081925742644,0,0,1039.4286020633813,1039.4286020633813
0.00086209999999999998,57.762785759627938,0,0,913.66550519241162,913.66550519241162
0.00086219999999999992,57.824079415256584,0,0,772.09684570200409,772.09684570200409
0.00086229999999999998,57.870490627531211,0,0,616.81982192546889,616.81982192546889
0.00086239999999999993,57.900770144153157,0,0,450.17985931268993,450.17985931268993
0.00086249999999999999,57.913914364332562,0,0,274.7281211767895,274.7281211767895
0.00086259999999999993,57.909183527594166,0,0,93.175297824922993,93.175297824922993
0.00086269999999999999,57.886072483390649,-22.896691245545835,-22.896691245545835,0,0
0.00086279999999999994,57.862922684665705,-23.13691300808102,-23.13691300808102,0,0
0.0008629,57.83978214400851,-23.388911799734959,-23.388911799734959,0,0
0.00086299999999999994,57.816650857716581,-23.652151859612342,-23.652151859612342,0,0
0.0008631,57.793528822088916,-23.926074598658214,-23.926074598658214,0,0
0.00086319999999999995,57.770416033425988,-24.210099735077034,-24.210099735077034,0,0
0.0008633,57.747312488029749,-24.503626473820997,-24.503626473820997,0,0
0.00086339999999999995,57.724218182203629,-24.80603472775039,-24.80603472775039,0,0
0.00086350000000000001,57.701133112252542,-25.11668637798363,-25.11668637798363,0,0
0.00086359999999999996,57.678057274482875,-25.434926570875451,-25.434926570875451,0,0
0.00086370000000000001,57.65499066520249,-25.760085048987047,-25.760085048987047,0,0
0.00086379999999999996,57.631933280720737,-26.091477513342998,-26.091477513342998,0,0
0.00086389999999999991,57.608885117348436,-26.428407014206254,-26.428407014206254,0,0
0.00086399999999999997,57.585846171397876,-26.77016536754466,-26.77016536754466,0,0
0.00086409999999999992,57.562816439182825,-27.11603459431009,-27.11603459431009,0,0
0.00086419999999999997,57.539795917018523,-27.465288379605088,-27.465288379605088,0,0
0.00086429999999999992,57.516784601221694,-27.817193548771552,-27.817193548771552,0,0
0.00086439999999999998,57.493782488110526,-28.171011557401588,-28.171011557401588,0,0
0.00086449999999999993,57.470789574004677,-28.52599999224233,-28.52599999224233,0,0
0.00086459999999999998,57.447805855225283,-28.881414079944737,-28.881414079944737,0,0
0.00086469999999999993,57.424831328094946,-29.236508200589885,-29.236508200589885,0,0
0.00086479999999999999,57.401865988937743,-29.590537402917381,-29.590537402917381,0,0
0.00086489999999999994,57.378909834079224,-29.942758918176335,-29.942758918176335,0,0
0.00086499999999999999,57.3559628598464,-59.268043425620235,-59.268043425620235,0,0
0.00086509999999999994,57.333025062567756,-59.584642639760773,-59.584642639760773,0,0
0.0008652,57.310096438573247,-59.83841173819151,-59.83841173819151,0,0
0.00086529999999999995,57.287176984194289,-60.028812487642924,-60.028812487642924,0,0
0.0008654,57.264266695763773,-60.155435445585354,-60.155435445585354,0,0
0.00086549999999999995,57.241365569616043,-60.2180007907088,-60.2180007907088,0,0
0.00086560000000000001,57.218473602086931,-60.216358889981322,-60.216358889981322,0,0
0.00086569999999999995,57.195590789513716,-60.15049060113634,-60.15049060113634,0,0
0.00086580000000000001,57.172717128235149,-60.020507309977887,-60.020507309977887,0,0
0.00086589999999999996,57.149852614591445,-59.826650702430811,-59.826650702430811,0,0
0.00086599999999999991,57.126997244924283,-59.56929227180278,-59.56929227180278,0,0
0.00086609999999999996,57.104151015576804,-59.248932562262283,-59.248932562262283,0,0
0.00086619999999999991,57.081313922893607,-58.866200150073453,-58.866200150073453,0,0
0.00086629999999999997,57.058485963220761,-58.421850364661125,-58.421850364661125,0,0
0.00086639999999999992,57.035667132905786,-57.916763752108352,-57.916763752108352,0,0
0.00086649999999999997,57.012857428297679,-57.351944284211854,-57.351944284211854,0,0
0.00086659999999999992,56.990056845746878,-56.728517316738149,-56.728517316738149,0,0
0.00086669999999999998,56.967265381605294,-56.047727301032324,-56.047727301032324,0,0
0.00086679999999999993,56.944483032226294,-55.310935253633218,-55.310935253633218,0,0
0.00086689999999999998,56.921709793964702,-54.519615989039707,-54.519615989039707,0,0
0.00086699999999999993,56.898945663176796,-53.675355121254853,-53.675355121254853,0,0
0.00086709999999999999,56.876190636220322,-52.779845840203649,-52.779845840203649,0,0
0.00086719999999999994,56.853444709454465,-51.83488546957841,-51.83488546957841,0,0
0.00086729999999999999,56.830707879239881,-50.842371813109224,-50.842371813109224,0,0
0.00086739999999999994,56.807980141938685,-49.804299296686978,-49.804299296686978,0,0
0.0008675,56.785261493914433,-48.722754914181536,-48.722754914181536,0,0
0.00086759999999999995,56.762551931532137,-47.599913985195926,-47.599913985195926,0,0
0.0008677,56.739851451158273,-46.438035733380019,-46.438035733380019,0,0
0.00086779999999999995,56.717160049160761,-45.239458694291372,-45.239458694291372,0,0
0.00086790000000000001,56.694477721908981,-44.006595962137204,-44.006595962137204,0,0
0.00086799999999999996,56.671804465773754,-42.741930285059063,-42.741930285059063,0,0
0.00086810000000000001,56.649140277127366,-41.448009018929049,-41.448009018929049,0,0
0.00086819999999999996,56.626485152343541,-40.127438949914101,-40.127438949914101,0,0
0.00086829999999999991,56.603839087797461,-38.782880996331365,-38.782880996331365,0,0
0.00086839999999999997,56.581202079865754,-37.417044800562749,-37.417044800562749,0,0
0.00086849999999999991,56.558574124926501,-36.032683222020189,-36.032683222020189,0,0
0.00086859999999999997,56.535955219359231,-34.632586742353965,-34.632586742353965,0,0
0.00086869999999999992,56.513345359544914,-33.219577794274699,-33.219577794274699,0,0
0.00086879999999999998,56.490744541865979,-31.796505025514797,-31.796505025514797,0,0
0.00086889999999999992,56.468152762706289,-30.366237509586519,-30.366237509586519,0,0
0.00086899999999999998,56.445570018451164,-28.931658915102197,-28.931658915102197,0,0
0.00086909999999999993,56.422996305487359,-27.495661645505926,-27.495661645505926,0,0
0.00086919999999999999,56.400431620203086,-26.061140961126089,-26.061140961126089,0,0
0.00086929999999999993,56.377875958987993,-24.630989095493913,-24.630989095493913,0,0
0.00086939999999999999,56.355329318233174,-23.208089377884725,-23.208089377884725,0,0
0.00086949999999999994,56.332791694331164,-21.795310374025814,-21.795310374025814,0,0
0.0008696,56.310263083675942,-20.395500056877658,-20.395500056877658,0,0
0.00086969999999999994,56.28774348266294,-19.011480019334169,-19.011480019334169,0,0
0.0008698,56.26523288768901,-17.646039740602035,-17.646039740602035,0,0
0.00086989999999999995,56.242731295152467,-16.301930917910376,-16.301930917910376,0,0
0.00087000000000000001,56.220238701453049,0,0,0,0
0.00087009999999999995,56.203589816924591,0,0,118.25778472449011,118.25778472449011
0.00087020000000000001,56.199190987166361,0,0,244.4677724846342,244.4677724846342
0.00087029999999999996,56.207695653765583,0,0,375.8752803512441,375.8752803512441
0.00087039999999999991,56.229476455920512,0,0,509.63154584933665,509.63154584933665
0.00087049999999999996,56.264618507580693,0,0,642.84535787994253,642.84535787994253
0.00087059999999999991,56.312917885354089,0,0,772.63545058506566,772.63545058506566
0.00087069999999999997,56.373885353971197,0,0,896.1827110727121,896.1827110727121
0.00087079999999999992,56.44675526122672,0,0,1010.7812553991992,1010.7812553991992
0.00087089999999999997,56.530499440693923,0,0,1113.8874478132748,1113.8874478132748
0.00087099999999999992,56.623845869820805,0,0,1203.1659756257025,1203.1659756257025
0.00087109999999999998,56.725301744913409,0,0,1276.5321455003077,1276.5321455003077
0.00087119999999999993,56.833180554548328,0,0,1332.189635498389,1332.189635498389
0.00087129999999999998,56.945632660582078,0,0,1368.6630196047665,1368.6630196047665
0.00087139999999999993,57.060678832449121,0,0,1384.8244762265695,1384.8244762265695
0.00087149999999999999,57.176246127011588,0,0,1379.914197567314,1379.914197567314
0.00087159999999999994,57.290205463809208,0,0,1353.5541309283906,1353.5541309283906
0.00087169999999999999,57.400410214923966,0,0,1305.7548038092159,1305.7548038092159
0.00087179999999999994,57.504735110374597,0,0,1236.9151099768628,1236.9151099768628
0.0008719,57.60111475432096,0,0,1147.8150611859498,1147.8150611859498
0.00087199999999999995,57.687581054488277,0,0,1039.6016366401466,1039.6016366401466
0.0008721,57.762298886985647,0,0,913.76798729008101,913.76798729008101
0.00087219999999999995,57.823599350732664,0,0,772.12637239486037,772.12637239486037
0.00087230000000000001,57.870010009440513,0,0,616.77531925681558,616.77531925681558
0.00087239999999999996,57.900281573726559,0,0,450.06160161677036,450.06160161677036
0.00087250000000000001,57.913410540482644,0,0,274.53772597695439,274.53772597695439
0.00087259999999999996,57.90865737989801,0,0,92.91569640325342,92.91569640325342
0.00087269999999999991,57.885531709339546,-22.904693066380094,-22.904693066380094,0,0
0.00087279999999999996,57.862382126880966,-23.144889912929028,-23.144889912929028,0,0
0.00087289999999999991,57.839241802403649,-23.396847029231257,-23.396847029231257,0,0
0.00087299999999999997,57.816110732205139,-23.660028739506654,-23.660028739506654,0,0
0.00087309999999999992,57.792988912584477,-23.933876573699155,-23.933876573699155,0,0
0.00087319999999999997,57.769876339842163,-24.217810402653495,-24.217810402653495,0,0
0.00087329999999999992,57.746773010280187,-24.511229617293058,-24.511229617293058,0,0
0.00087339999999999998,57.723678920202012,-24.813514349401775,-24.813514349401775,0,0
0.00087349999999999993,57.70059406591259,-25.124026731528968,-25.124026731528968,0,0
0.00087359999999999998,57.677518443718341,-25.442112193456129,-25.442112193456129,0,0
0.00087369999999999993,57.654452049927166,-25.767100792590735,-25.767100792590735,0,0
0.00087379999999999999,57.63139488084844,-26.098308575582923,-26.098308575582923,0,0
0.00087389999999999994,57.608346932793019,-26.435038968397844,-26.435038968397844,0,0
0.00087399999999999999,57.585308202073229,-26.776584192018216,-26.776584192018216,0,0
0.00087409999999999994,57.562278685002873,-27.122226700900075,-27.122226700900075,0,0
0.0008742,57.539258377897234,-27.471240641258166,-27.471240641258166,0,0
0.00087429999999999995,57.516247277073056,-27.822893326217159,-27.822893326217159,0,0
0.0008744,57.493245378848563,-28.176446724830999,-28.176446724830999,0,0
0.00087449999999999995,57.470252679543457,-28.53115896194392,-28.53115896194392,0,0
0.00087460000000000001,57.447269175478901,-28.886285825845452,-28.886285825845452,0,0
0.00087469999999999996,57.424294862977533,-29.241082280655117,-29.241082280655117,0,0
0.00087480000000000001,57.401329738363465,-29.594803980363654,-29.594803980363654,0,0
0.00087489999999999996,57.378373797962283,-29.946708781453783,-29.946708781453783,0,0
0.00087499999999999991,57.355427038101027,-59.271668007124319,-59.271668007124319,0,0
0.00087509999999999997,57.332489455108224,-59.587934033235058,-59.587934033235058,0,0
0.00087519999999999991,57.309561045313856,-59.841362714786356,-59.841362714786356,0,0
0.00087529999999999997,57.286641805049378,-60.031416510597353,-60.031416510597353,0,0
0.00087539999999999992,57.263731730647706,-60.15768668350222,-60.15768668350222,0,0
0.00087549999999999998,57.240830818443236,-60.21989412939655,-60.21989412939655,0,0
0.00087559999999999992,57.217939064771819,-60.217889942837985,-60.217889942837985,0,0
0.00087569999999999998,57.195056465970772,-60.15165571805484,-60.15165571805484,0,0
0.00087579999999999993,57.172183018378881,-60.021303584754619,-60.021303584754619,0,0
0.00087589999999999999,57.149318718336396,-59.827075978662393,-59.827075978662393,0,0
0.00087599999999999993,57.12646356218503,-59.569345147258943,-59.569345147258943,0,0
0.00087609999999999999,57.103617546267955,-59.248612391726155,-59.248612391726155,0,0
0.00087619999999999994,57.080780666929812,-58.865507046643415,-58.865507046643415,0,0
0.0008763,57.057952920516691,-58.42078519951167,-58.42078519951167,0,0
0.00087639999999999994,57.035134303376161,-57.915328152710401,-57.915328152710401,0,0
0.0008765,57.012324811857241,-57.350140631016103,-57.350140631016103,0,0
0.00087659999999999995,56.989524442310412,-56.726348738328355,-56.726348738328355,0,0
0.00087670000000000001,56.96673319108762,-56.045197667758345,-56.045197667758345,0,0
0.00087679999999999995,56.943951054542261,-55.30804916973662,-55.30804916973662,0,0
0.00087690000000000001,56.921178029029186,-54.516378783288232,-54.516378783288232,0,0
0.00087699999999999996,56.898414110904717,-53.671772836104495,-53.671772836104495,0,0
0.00087709999999999991,56.875659296526628,-52.77592521951064,-52.77592521951064,0,0
0.00087719999999999996,56.852913582254146,-51.830633944886003,-51.830633944886003,0,0
0.00087729999999999991,56.830176964447965,-50.837797488537035,-50.837797488537035,0,0
0.00087739999999999997,56.807449439470219,-49.799410932453839,-49.799410932453839,0,0
0.00087749999999999992,56.784731003684499,-48.717561908795176,-48.717561908795176,0,0
0.00087759999999999997,56.762021653455861,-47.594426356345849,-47.594426356345849,0,0
0.00087769999999999992,56.739321385150809,-46.432264097572244,-46.432264097572244,0,0
0.00087779999999999998,56.716630195137306,-45.233414245266573,-45.233414245266573,0,0
0.00087789999999999993,56.693948079784754,-44.000290448116068,-44.000290448116068,0,0
0.00087799999999999998,56.671275035464014,-42.735375984861143,-42.735375984861143,0,0
0.00087809999999999993,56.648611058547402,-41.441218717013626,-41.441218717013626,0,0
0.00087819999999999999,56.625956145408679,-40.12042591039382,-40.12042591039382,0,0
0.00087829999999999994,56.60331029242306,-38.775658936011453,-38.775658936011453,0,0
0.00087839999999999999,56.580673495967204,-37.409627861060628,-37.409627861060628,0,0
0.00087849999999999994,56.558045752419233,-36.025085941022105,-36.025085941022105,0,0
0.0008786,56.535427058158703,-34.624824024067131,-34.624824024067131,0,0
0.00087869999999999995,56.512817409566622,-33.211664879134943,-33.211664879134943,0,0
0.0008788,56.490216803025447,-31.788457459211308,-31.788457459211308,0,0
0.00087889999999999995,56.467625234919083,-30.358071111466664,-30.358071111466664,0,0
0.00087900000000000001,56.445042701632872,-28.923389746020597,-28.923389746020597,0,0
0.00087909999999999996,56.422469199553618,-27.487305975183141,-27.487305975183141,0,0
0.00087920000000000001,56.399904725069554,-26.052715235083227,-26.052715235083227,0,0
0.00087929999999999996,56.377349274570363,-24.622509901630433,-24.622509901630433,0,0
0.00087939999999999991,56.354802844447178,-23.199573412767279,-23.199573412767279,0,0
0.00087949999999999996,56.332265431092573,-21.786774408956692,-21.786774408956692,0,0
0.00087959999999999991,56.309737030900557,-20.386960903811747,-20.386960903811747,0,0
0.00087969999999999997,56.287217640266583,-19.002954496713709,-19.002954496713709,0,0
0.00087979999999999992,56.264707255587552,-17.637544639178664,-17.637544639178664,0,0
0.00087989999999999997,56.242205873261803,-16.293482966623799,-16.293482966623799,0,0
0.00087999999999999992,56.219713489689113,0,0,0,0
0.00088009999999999998,56.2030681968116,0,0,118.32522531699377,118.32522531699377
0.00088019999999999993,56.198679619570349,0,0,244.60084401200231,244.60084401200231
0.00088029999999999998,56.207200956238211,0,0,376.0709858828746,376.0709858828746
0.00088039999999999993,56.229004486639042,0,0,509.88575562606894,509.88575562606894
0.00088049999999999999,56.264174855813074,0,0,643.15288427074256,643.15288427074256
0.00088059999999999994,56.312507570432309,0,0,772.99014219596961,772.99014219596961
0.00088069999999999999,56.373512734601775,0,0,896.57756430126585,896.57756430126585
0.00088079999999999994,56.44642395677981,0,0,1011.208541411839,1011.208541411839
0.0008809,56.530212265895315,0,0,1114.3388526439765,1114.3388526439765
0.00088099999999999995,56.623604784028181,0,0,1203.6327508568288,1203.6327508568288
0.0008811,56.725107816893861,0,0,1277.0052667952004,1277.0052667952004
0.00088119999999999995,56.833033943393424,0,0,1332.6599661133523,1332.6599661133523
0.00088130000000000001,56.945532613104234,0,0,1369.1214759182242,1369.1214759182242
0.00088139999999999996,57.060623697104532,0,0,1385.2621922869826,1385.2621922869826
0.00088150000000000001,57.176233384095688,0,0,1380.3226856795625,1380.3226856795625
0.00088159999999999996,57.290231771375801,0,0,1353.9254353704189,1353.9254353704189
0.00088169999999999991,57.400471469594535,0,0,1306.0816448955038,1306.0816448955038
0.00088179999999999997,57.50482652193466,0,0,1237.1910158604474,1237.1910158604474
0.00088189999999999991,57.601230932750703,0,0,1148.0344850131123,1148.0344850131123
0.00088199999999999997,57.687716107849695,0,0,1039.7600569374538,1039.7600569374538
0.00088209999999999992,57.762446528391933,0,0,913.8619897674206,913.8619897674206
0.00088219999999999998,57.82375301246131,0,0,772.15371168492663,772.15371168492663
0.00088229999999999992,57.870162962122365,0,0,616.73495947507263,616.73495947507263
0.00088239999999999998,57.900427048451384,0,0,449.95373500967179,449.95373500967179
0.00088249999999999993,57.913541851609295,0,0,274.36376932315818,274.36376932315818
0.00088259999999999999,57.908768046344548,0,0,92.678265235566343,92.678265235566343
0.00088269999999999993,57.885628836936597,-22.912047810493281,-22.912047810493281,0,0
0.00088279999999999999,57.862479215634743,-23.152230952613397,-23.152230952613397,0,0
0.00088289999999999994,57.839338852329689,-23.404159545117256,-23.404159545117256,0,0
0.000883,57.816207743318976,-23.667297970331024,-23.667297970331024,0,0
0.00088309999999999994,57.793085884901622,-23.941087846301524,-23.941087846301524,0,0
0.0008832,57.769973273378135,-24.224949161793635,-24.224949161793635,0,0
0.00088329999999999995,57.746869905050495,-24.518281455228024,-24.518281455228024,0,0
0.00088340000000000001,57.723775776222162,-24.820465035163085,-24.820465035163085,0,0
0.00088349999999999995,57.700690883198078,-25.130862239840067,-25.130862239840067,0,0
0.00088360000000000001,57.677615222284658,-25.448818733231573,-25.448818733231573,0,0
0.00088369999999999996,57.6545487897898,-25.773664834959089,-25.773664834959089,0,0
0.00088379999999999991,57.631491582022868,-26.104716881376493,-26.104716881376493,0,0
0.00088389999999999996,57.608443595294709,-26.441278615053253,-26.441278615053253,0,0
0.00088399999999999991,57.585404825917649,-26.782642599833377,-26.782642599833377,0,0
0.00088409999999999997,57.562375270205486,-27.12809165859402,-27.12809165859402,0,0
0.00088419999999999992,57.539354924473493,-27.476900330781884,-27.476900330781884,0,0
0.00088429999999999997,57.516343785038408,-27.828336346765052,-27.828336346765052,0,0
0.00088439999999999992,57.493341848218449,-28.181662116004066,-28.181662116004066,0,0
0.00088449999999999998,57.470349110333309,-28.536136226017778,-28.536136226017778,0,0
0.00088459999999999993,57.447365567704153,-28.891014949097769,-28.891014949097769,0,0
0.00088469999999999998,57.424391216653611,-29.245553753709263,-29.245553753709263,0,0
0.00088479999999999993,57.40142605350578,-29.59900881750718,-29.59900881750718,0,0
0.00088489999999999999,57.378470074586239,-29.950638538892466,-29.950638538892466,0,0
0.00088499999999999994,57.355523276222037,-59.275314800134765,-59.275314800134765,0,0
0.00088509999999999999,57.332585654741678,-59.591290552180965,-59.591290552180965,0,0
0.00088519999999999994,57.309657206475151,-59.844422239965837,-59.844422239965837,0,0
0.0008853,57.286737927753897,-60.034172925891326,-60.034172925891326,0,0
0.00088539999999999995,57.263827814910833,-60.160134488796032,-60.160134488796032,0,0
0.0008855,57.24092686428034,-60.222028451749594,-60.222028451749594,0,0
0.00088559999999999995,57.218035072198269,-60.21970654637866,-60.21970654637866,0,0
0.00088570000000000001,57.19515243500193,-60.15315101258085,-60.15315101258085,0,0
0.00088579999999999996,57.172278949030101,-60.02247463302092,-60.02247463302092,0,0
0.00088590000000000001,57.149414610623026,-59.827920502342252,-59.827920502342252,0,0
0.00088599999999999996,57.126559416122412,-59.56986153156582,-59.56986153156582,0,0
0.00088609999999999991,57.103713361871428,-59.248799688687157,-59.248799688687157,0,0
0.00088619999999999997,57.080876444214702,-58.865364977017649,-58.865364977017649,0,0
0.00088629999999999991,57.058048659498333,-58.420314153349494,-58.420314153349494,0,0
0.00088639999999999997,57.035230004069867,-57.914529188552663,-57.914529188552663,0,0
0.00088649999999999992,57.012420474278322,-57.349015473734909,-57.349015473734909,0,0
0.00088659999999999997,56.989620066474181,-56.724899775613693,-56.724899775613693,0,0
0.00088669999999999992,56.966828777009368,-56.043427945257832,-56.043427945257832,0,0
0.00088679999999999998,56.944046602237286,-55.305962384858319,-55.305962384858319,0,0
0.00088689999999999993,56.921273538512779,-54.513979277678885,-54.513979277678885,0,0
0.00088699999999999998,56.898509582192162,-53.669065586818789,-53.669065586818789,0,0
0.00088709999999999993,56.875754729633194,-52.772915828889296,-52.772915828889296,0,0
0.00088719999999999999,56.853008977195103,-51.827328629163262,-51.827328629163262,0,0
0.00088729999999999994,56.830272321238574,-50.834203065200796,-50.834203065200796,0,0
0.00088739999999999999,56.807544758125736,-49.795534806384097,-49.795534806384097,0,0
0.00088749999999999994,56.784826284220181,-48.713412057208942,-48.713412057208942,0,0
0.0008876,56.762116895886955,-47.590011312579151,-47.590011312579151,0,0
0.00088769999999999995,56.739416589492549,-46.427592933732278,-46.427592933732278,0,0
0.0008878,56.716725361404919,-45.228496553789086,-45.228496553789086,0,0
0.00088789999999999995,56.694043207993467,-43.995136322265672,-43.995136322265672,0,0
0.00088800000000000001,56.671370125629053,-42.729995998214022,-42.729995998214022,0,0
0.00088809999999999996,56.648706110683982,-41.435623901964476,-41.435623901964476,0,0
0.00088820000000000001,56.626051159532004,-40.114627735730636,-40.114627735730636,0,0
0.00088829999999999996,56.603405268548336,-38.769669283603768,-38.769669283603768,0,0
0.00088839999999999991,56.580768434109629,-37.403459001708569,-37.403459001708569,0,0
0.00088849999999999997,56.558140652593991,-36.018750509515428,-36.018750509515428,0,0
0.00088859999999999992,56.53552192038098,-34.618334993504789,-34.618334993504789,0,0
0.00088869999999999997,56.512912233851594,-33.205035534557553,-33.205035534557553,0,0
0.00088879999999999992,56.490311589388291,-31.781701370599979,-31.781701370599979,0,0
0.00088889999999999998,56.467719983374963,-30.351202106163097,-30.351202106163097,0,0
0.00088899999999999992,56.445137412196949,-28.916421880624561,-28.916421880624561,0,0
0.00088909999999999998,56.422563872241042,-27.480253506984354,-27.480253506984354,0,0
0.00088919999999999993,56.399999359895475,-26.045592593085814,-26.045592593085814,0,0
0.00088929999999999999,56.377443871549929,-24.615331657228722,-24.615331657228722,0,0
0.00088939999999999993,56.354897403595523,-23.192354250132631,-23.192354250132631,0,0
0.00088949999999999999,56.332359952424817,-21.779529095195478,-21.779529095195478,0,0
0.00088959999999999994,56.309831514431828,-20.379704258955215,-20.379704258955215,0,0
0.0008897,56.287312086012001,-18.99570136360061,-18.99570136360061,0,0
0.00088979999999999994,56.264801663562224,-17.630309853291894,-17.630309853291894,0,0
0.0008899,56.242300243480834,-16.286281325942387,-16.286281325942387,0,0
0.00088999999999999995,56.219807822167603,0,0,0,0
0.00089010000000000001,56.203165377739118,0,0,118.38279342700642,118.38279342700642
0.00089019999999999995,56.198785337196171,0,0,244.71448199630581,244.71448199630581
0.00089030000000000001,56.207320695505786,0,0,376.23817672605992,376.23817672605992
0.00089039999999999996,56.229143429545104,0,0,510.10300926163313,510.10300926163313
0.00089049999999999991,56.264337787267621,0,0,643.4158009291715,643.4158009291715
0.00089059999999999996,56.312698791324053,0,0,773.29349222288477,773.29349222288477
0.00089069999999999991,56.373735983642803,0,0,896.91538299802289,896.91538299802289
0.00089079999999999997,56.446682342544186,0,0,1011.574237179036,1011.574237179036
0.00089089999999999992,56.530508210281219,0,0,1114.725326467574,1114.725326467574
0.00089099999999999997,56.623939978166561,0,0,1204.0325249713621,1204.0325249713621
0.00089109999999999992,56.725483190300707,0,0,1277.4106201925954,1277.4106201925954
0.00089119999999999998,56.833449646922865,0,0,1333.0630744421235,1333.0630744421235
0.00089129999999999993,56.9459880160097,0,0,1369.5145532386018,1369.5145532386018
0.00089139999999999998,57.061117398259604,0,0,1385.6376321141829,1385.6376321141829
0.00089149999999999993,57.176763237169723,0,0,1380.6731987606076,1380.6731987606076
0.00089159999999999999,57.290794923506844,0,0,1354.2441816993689,1354.2441816993689
0.00089169999999999994,57.401064412857458,0,0,1306.3623575766069,1306.3623575766069
0.00089179999999999999,57.505445156670831,0,0,1237.4281145766447,1237.4281145766447
0.00089189999999999994,57.601870641610795,0,0,1148.2231770458661,1148.2231770458661
0.000892,57.688371839207299,0,0,1039.8964239095835,1039.8964239095835
0.00089209999999999995,57.763112887616074,0,0,913.94305853943308,913.94305853943308
0.0008922,57.824424359393717,0,0,772.177508122532,772.177508122532
0.00089229999999999995,57.870833512993336,0,0,616.70054411597471,616.70054411597471
0.00089240000000000001,57.901090980387693,0,0,449.8612199856816,449.8612199856816
0.00089249999999999996,57.914193407840941,0,0,274.21431623327601,274.21431623327601
0.00089260000000000001,57.909401640204706,0,0,92.474064010736228,92.474064010736228
0.00089269999999999996,57.886250628158315,-22.918405382783614,-22.918405382783614,0,0
0.00089279999999999991,57.863100758189709,-23.158585019750188,-23.158585019750188,0,0
0.00089289999999999997,57.839960146317352,-23.410497826225001,-23.410497826225001,0,0
0.00089299999999999991,57.816828788838741,-23.673608216511209,-23.673608216511209,0,0
0.00089309999999999997,57.793706682052857,-23.947357865524086,-23.947357865524086,0,0
0.00089319999999999992,57.770593822260167,-24.231166843672572,-24.231166843672572,0,0
0.00089329999999999998,57.74749020576261,-24.524434795630793,-24.524434795630793,0,0
0.00089339999999999992,57.724395828863614,-24.826542160603761,-24.826542160603761,0,0
0.00089349999999999998,57.701310687868073,-25.136851431606726,-25.136851431606726,0,0
0.00089359999999999993,57.678234779082366,-25.454708451198851,-25.454708451198851,0,0
0.00089369999999999998,57.655168098814343,-25.779443741037507,-25.779443741037507,0,0
0.00089379999999999993,57.632110643373338,-26.110373862550954,-26.110373862550954,0,0
0.00089389999999999999,57.609062409070162,-26.446802805963902,-26.446802805963902,0,0
0.00089399999999999994,57.586023392217093,-26.788023404852812,-26.788023404852812,0,0
0.00089409999999999999,57.562993589127892,-27.133318773356191,-27.133318773356191,0,0
0.00089419999999999994,57.539972996117783,-27.481963763118788,-27.481963763118788,0,0
0.0008943,57.516961609503475,-27.833226437008751,-27.833226437008751,0,0
0.00089439999999999995,57.493959425603151,-28.186369556612757,-28.186369556612757,0,0
0.0008945,57.470966440736454,-28.540652080486044,-28.540652080486044,0,0
0.00089459999999999995,57.447982651224514,-28.89533067011261,-28.89533067011261,0,0
0.00089470000000000001,57.425008053389924,-29.249661200514975,-29.249661200514975,0,0
0.00089479999999999996,57.40204264355674,-29.602900272443829,-29.602900272443829,0,0
0.00089489999999999991,57.379086418050505,-29.954306723074456,-29.954306723074456,0,0
0.00089499999999999996,57.356139373198218,-59.278752888237364,-59.278752888237364,0,0
0.00089509999999999991,57.333201505328354,-59.594492186305118,-59.594492186305118,0,0
0.00089519999999999997,57.310272810770854,-59.847381542552839,-59.847381542552839,0,0
0.00089529999999999992,57.287353285857122,-60.036884511661242,-60.036884511661242,0,0
0.00089539999999999997,57.26444292692004,-60.16259347568554,-60.16259347568554,0,0
0.00089549999999999992,57.241541730293946,-60.224230470827138,-60.224230470827138,0,0
0.00089559999999999998,57.218649692314649,-60.221647750716627,-60.221647750716627,0,0
0.00089569999999999993,57.19576680931943,-60.154828085066924,-60.154828085066924,0,0
0.00089579999999999998,57.172893077647018,-60.02388479309262,-60.02388479309262,0,0
0.00089589999999999993,57.15002849363762,-59.829061511631053,-59.829061511631053,0,0
0.00089599999999999999,57.127173053632909,-59.570731698439374,-59.570731698439374,0,0
0.00089609999999999993,57.104326753976004,-59.249397871680415,-59.249397871680415,0,0
0.00089619999999999999,57.081489591011504,-58.865690587145849,-58.865690587145849,0,0
0.00089629999999999994,57.058661561085458,-58.420367155298493,-58.420367155298493,0,0
0.0008964,57.035842660545384,-57.91431010074399,-57.91431010074399,0,0
0.00089649999999999994,57.013032885740259,-57.348525367265665,-57.348525367265665,0,0
0.0008966,56.990232233020514,-56.724140272073186,-56.724140272073186,0,0
0.00089669999999999995,56.967440698738052,-56.04240121342572,-56.04240121342572,0,0
0.00089680000000000001,56.944658279246219,-55.304671136290622,-55.304671136290622,0,0
0.00089689999999999995,56.921884970899839,-54.512426761191207,-54.512426761191207,0,0
0.00089700000000000001,56.89912077005517,-53.667255581877725,-53.667255581877725,0,0
0.00089709999999999996,56.876365673069948,-52.770852637925557,-52.770852637925557,0,0
0.00089719999999999991,56.853619676303353,-51.825017068822149,-51.825017068822149,0,0
0.00089729999999999996,56.830882776116027,-50.831648456547839,-50.831648456547839,0,0
0.00089739999999999991,56.80815496887007,-49.792742964085733,-49.792742964085733,0,0
0.00089749999999999997,56.785436250929031,-48.710389277710178,-48.710389277710178,0,0
0.00089759999999999992,56.762726618657908,-47.586764361302457,-47.586764361302457,0,0
0.00089769999999999997,56.74002606842317,-46.42412903132346,-46.42412903132346,0,0
0.00089779999999999992,56.717334596592721,-45.224823361438361,-45.224823361438361,0,0
0.00089789999999999998,56.69465219953593,-43.991261926133539,-43.991261926133539,0,0
0.00089799999999999993,56.671978873623608,-42.725928892993821,-42.725928892993821,0,0
0.00089809999999999998,56.649314615228029,-41.431372973614884,-41.431372973614884,0,0
0.00089819999999999993,56.626659420722909,-40.110202243413269,-40.110202243413269,0,0
0.00089829999999999999,56.604013286483415,-38.765078840862593,-38.765078840862593,0,0
0.00089839999999999994,56.581376208886169,-37.398713556929408,-37.398713556929408,0,0
0.00089849999999999999,56.558748184309238,-36.013860325705181,-36.013860325705181,0,0
0.00089859999999999994,56.536129209132135,-34.61331062743163,-34.61331062743163,0,0
0.0008987,56.513519279735831,-33.199887815294353,-33.199887815294353,0,0
0.00089879999999999995,56.490918392502728,-31.776441377514622,-31.776441377514622,0,0
0.0008989,56.468326543816687,-30.345841146400446,-30.345841146400446,0,0
0.00089899999999999995,56.445743730063015,-28.910971466125815,-28.910971466125815,0,0
0.00089910000000000001,56.423169947628459,-27.4747253310905,-27.4747253310905,0,0
0.00089919999999999996,56.400605192901217,-26.039998506772712,-26.039998506772712,0,0
0.00089930000000000001,56.37804946227093,-24.60968364502218,-24.60968364502218,0,0
0.00089939999999999996,56.355502752128672,-23.186664405752339,-23.186664405752339,0,0
0.00089949999999999991,56.332965058866975,-21.773809596977379,-21.773809596977379,0,0
0.00089959999999999997,56.310436378879807,-20.37396734510218,-20.37396734510218,0,0
0.00089969999999999991,56.287916708562584,-18.989959307311779,-18.989959307311779,0,0
0.00089979999999999997,56.265406044312151,-17.624574937821205,-17.624574937821205,0,0
0.00089989999999999992,56.24290438252681,-16.280565819636962,-16.280565819636962,0,0
0.00089999999999999998,56.22041171960629,0,0,0,0
0.00090009999999999992,56.203771327623812,0,0,118.42855700796756,118.42855700796756
0.00090019999999999998,56.199397863779716,0,0,244.80486360830361,244.80486360830361
0.00090029999999999993,56.207944165716306,0,0,376.37121576658853,376.37121576658853
0.00090039999999999999,56.229781973220177,0,0,510.27596569805945,510.27596569805945
0.00090049999999999993,56.264995221693923,0,0,643.62520503500593,643.62520503500593
0.00090059999999999999,56.313378551448842,0,0,773.53520752539202,773.53520752539202
0.00090069999999999994,56.374441059220729,0,0,897.18468129550433,897.18468129550433
0.00090079999999999999,56.447415223356948,0,0,1011.8658842676344,1011.8658842676344
0.00090089999999999994,56.53127084042162,0,0,1115.0336770236279,1115.0336770236279
0.000901,56.624733720213762,0,0,1204.3516248696819,1204.3516248696819
0.00090109999999999995,56.726308800034616,0,0,1277.7343144065476,1277.7343144065476
0.0009012,56.834307259034418,0,0,1333.3851185705209,1333.3851185705209
0.00090129999999999995,56.946877141064618,0,0,1369.8287266389268,1369.8287266389268
0.00090140000000000001,57.06203693096937,0,0,1385.9378505928121,1385.9378505928121
0.00090149999999999996,57.177711475818732,0,0,1380.9536247789617,1380.9536247789617
0.00090159999999999991,57.291769600182541,0,0,1354.49933010014,1354.49933010014
0.00090169999999999996,57.402062733934763,0,0,1306.5871949155878,1306.5871949155878
0.00090179999999999991,57.506463852816388,0,0,1237.6181502617235,1237.6181502617235
0.00090189999999999997,57.602906026400284,0,0,1148.3745446333521,1148.3745446333521
0.00090199999999999992,57.689419875293098,0,0,1040.0059510864912,1040.0059510864912
0.00090209999999999997,57.764169259246025,0,0,914.00832452545728,914.00832452545728
0.00090219999999999992,57.825484549966724,0,0,772.19688745344456,772.19688745344456
0.00090229999999999998,57.871892886246549,0,0,616.67323601697001,616.67323601697001
0.00090239999999999993,57.902144863744347,0,0,449.78726280429021,449.78726280429021
0.00090249999999999998,57.915237176408972,0,0,274.09458667213846,274.09458667213846
0.00090259999999999993,57.910430799904653,0,0,92.310261175874913,92.310261175874913
0.00090269999999999999,57.887270148150769,-22.923536455933256,-22.923536455933256,0,0
0.00090279999999999994,57.864119870455717,-23.163721279110558,-23.163721279110558,0,0
0.00090289999999999999,57.840978851019969,-23.41562986959357,-23.41562986959357,0,0
0.00090299999999999994,57.817847086140965,-23.678726649953543,-23.678726649953543,0,0
0.0009031,57.794724572117616,-23.952453322463935,-23.952453322463935,0,0
0.00090319999999999994,57.771611305250318,-24.236230003926078,-24.236230003926078,0,0
0.0009033,57.748507281840958,-24.529456404346288,-24.529456404346288,0,0
0.00090339999999999995,57.725412498192881,-24.831513047068466,-24.831513047068466,0,0
0.00090350000000000001,57.702326950610932,-25.141762527882289,-25.141762527882289,0,0
0.00090359999999999995,57.679250635401417,-25.459550810547807,-25.459550810547807,0,0
0.00090370000000000001,57.656183548872121,-25.784208556103199,-25.784208556103199,0,0
0.00090379999999999996,57.633125687332317,-26.115052483253979,-26.115052483253979,0,0
0.00090389999999999991,57.610077047092751,-26.451386757078719,-26.451386757078719,0,0
0.00090399999999999996,57.58703762446563,-26.792504403228865,-26.792504403228865,0,0
0.00090409999999999991,57.564007415764657,-27.13768874474842,-27.13768874474842,0,0
0.00090419999999999997,57.540986417304993,-27.486214858593424,-27.486214858593424,0,0
0.00090429999999999992,57.517974625403276,-27.83735104889109,-27.83735104889109,0,0
0.00090439999999999997,57.494972036377625,-28.190360333944366,-28.190360333944366,0,0
0.00090449999999999992,57.471978646547619,-28.544501943960217,-28.544501943960217,0,0
0.00090459999999999998,57.448994452234317,-28.899032826457447,-28.899032826457447,0,0
0.00090469999999999993,57.426019449760254,-29.253209156295181,-29.253209156295181,0,0
0.00090479999999999998,57.403053635449425,-29.606287847252904,-29.606287847252904,0,0
0.00090489999999999993,57.380097005627299,-29.957528062090606,-29.957528062090606,0,0
0.00090499999999999999,57.357149556620818,-59.28180247411774,-59.28180247411774,0,0
0.00090509999999999994,57.334211284758389,-59.597364850393916,-59.597364850393916,0,0
0.00090519999999999999,57.311282186369887,-59.850072475380856,-59.850072475380856,0,0
0.00090529999999999994,57.288362257786659,-60.039389272715184,-60.039389272715184,0,0
0.0009054,57.265451495341509,-60.164908002427637,-60.164908002427637,0,0
0.00090549999999999995,57.242549895368725,-60.226351086946366,-60.226351086946366,0,0
0.0009056,57.219657454204047,-60.223571173595076,-60.223571173595076,0,0
0.00090569999999999995,57.196774168184682,-60.156551432445951,-60.156551432445951,0,0
0.00090580000000000001,57.173900033649304,-60.025405588925381,-60.025405588925381,0,0
0.00090589999999999996,57.151035046938055,-59.830377691109391,-59.830377691109391,0,0
0.00090600000000000001,57.128179204392538,-59.571841612185082,-59.571841612185082,0,0
0.00090609999999999996,57.105332502355814,-59.250300289092024,-59.250300289092024,0,0
0.00090619999999999991,57.082494937172413,-58.866384698894564,-58.866384698894564,0,0
0.00090629999999999997,57.059666505188318,-58.420852574967881,-58.420852574967881,0,0
0.00090639999999999991,57.036847202750991,-57.914586865610246,-57.914586865610246,0,0
0.00090649999999999997,57.014037026209337,-57.348593938216837,-57.348593938216837,0,0
0.00090659999999999992,56.991235971913724,-56.7240015326676,-56.7240015326676,0,0
0.00090669999999999998,56.968444036215992,-56.042056468091431,-56.042056468091431,0,0
0.00090679999999999992,56.945661215469428,-55.304122107669656,-55.304122107669656,0,0
0.00090689999999999998,56.922887506028779,-54.511675586633928,-54.511675586633928,0,0
0.00090699999999999993,56.900122904250253,-53.666304809094456,-53.666304809094456,0,0
0.00090709999999999999,56.877367406491516,-52.769705219804464,-52.769705219804464,0,0
0.00090719999999999993,56.854621009111682,-51.823676357423608,-51.823676357423608,0,0
0.00090729999999999999,56.831883708471331,-50.83011819628787,-50.83011819628787,0,0
0.00090739999999999994,56.809155500932491,-49.791027284122038,-49.791027284122038,0,0
0.0009075,56.786436382858653,-48.708492683546581,-48.708492683546581,0,0
0.00090759999999999994,56.76372635061476,-47.584691725628488,-47.584691725628488,0,0
0.0009077,56.741025400567203,-46.421885584107969,-46.421885584107969,0,0
0.00090779999999999995,56.718333529083836,-45.222414679297131,-45.222414679297131,0,0
0.0009079,56.695650732533949,-43.988693920992681,-43.988693920992681,0,0
0.00090799999999999995,56.672977007288303,-42.723207800071805,-42.723207800071805,0,0
0.00090810000000000001,56.650312349719101,-41.428505338747783,-41.428505338747783,0,0
0.00090819999999999996,56.62765675619999,-40.107194909748927,-40.107194909748927,0,0
0.00090829999999999991,56.605010223106085,-38.761938934950763,-38.761938934950763,0,0
0.00090839999999999996,56.582372746813938,-37.395448474236147,-37.395448474236147,0,0
0.00090849999999999991,56.559744323701551,-36.010477715580933,-36.010477715580933,0,0
0.00090859999999999997,56.537124950148375,-34.609818377563556,-34.609818377563556,0,0
0.00090869999999999992,56.514514622535309,-33.196294035674526,-33.196294035674526,0,0
0.00090879999999999997,56.491913337244704,-31.772754383956602,-31.772754383956602,0,0
0.00090889999999999992,56.469321090660351,-30.342069443637911,-30.342069443637911,0,0
0.00090899999999999998,56.446737879167493,-28.907123730527353,-28.907123730527353,0,0
0.00090909999999999993,56.424163699152821,-27.470810393025896,-27.470810393025896,0,0
0.00090919999999999998,56.401598547004461,-26.036025332666469,-26.036025332666469,0,0
0.00090929999999999993,56.37904241911199,-24.605661319130775,-24.605661319130775,0,0
0.00090939999999999999,56.356495311866425,-23.182602111702277,-23.182602111702277,0,0
0.00090949999999999994,56.333957221660228,-21.769716599101475,-21.769716599101475,0,0
0.00090959999999999999,56.311428144887309,-20.369852969612115,-20.369852969612115,0,0
0.00090969999999999994,56.288908077943013,-18.985832923345114,-18.985832923345114,0,0
0.0009098,56.266397017224129,-17.620445938401399,-17.620445938401399,0,0
0.00090989999999999994,56.243894959128887,-16.276443602585072,-16.276443602585072,0,0
0.00091,56.221401900056961,0,0,0,0
0.00091009999999999995,56.204762770091513,0,0,118.46164198727786,118.46164198727786
0.00091020000000000001,56.200393841596615,0,0,244.87025286422374,244.87025286422374
0.00091029999999999995,56.208947842957777,0,0,376.46753393407533,376.46753393407533
0.00091040000000000001,56.230796346455449,0,0,510.40126774175241,510.40126774175241
0.00091049999999999996,56.266023064779041,0,0,643.77701155709019,643.77701155709019
0.00091059999999999991,56.314422364361555,0,0,773.71054974859476,773.71054974859476
0.00091069999999999996,56.375503021863636,0,0,897.38015490535133,897.38015490535133
0.00091079999999999991,56.448497155165121,0,0,1012.0777111377218,1012.0777111377218
0.00091089999999999997,56.532374166505704,0,0,1115.2577737049915,1115.2577737049915
0.00091099999999999992,56.625859444651077,0,0,1204.583676602962,1204.583676602962
0.00091109999999999997,56.727457486791266,0,0,1277.9698533157543,1277.9698533157543
0.00091119999999999992,56.835479020863083,0,0,1333.6196046216178,1333.6196046216178
0.00091129999999999998,56.948071636578312,0,0,1370.0576298965373,1370.0576298965373
0.00091139999999999993,57.063253369943247,0,0,1386.1567332850077,1386.1567332850077
0.00091149999999999998,57.178948632622983,0,0,1381.1582216837364,1381.1582216837364
0.00091159999999999993,57.293025835102227,0,0,1354.6856257977479,1354.6856257977479
0.00091169999999999999,57.403336021989503,0,0,1306.7514965078501,1306.7514965078501
0.00091179999999999994,57.50775181955715,0,0,1237.7571542416847,1237.7571542416847
0.00091189999999999999,57.604205990034096,0,0,1148.4853966947592,1148.4853966947592
0.00091199999999999994,57.690728894372022,0,0,1040.0862977905977,1040.0862977905977
0.0009121,57.765484185055996,0,0,914.05635589025508,914.05635589025508
0.00091219999999999995,57.826802082666937,0,0,772.21136969495944,772.21136969495944
0.0009123,57.873209633742015,0,0,616.6535338507133,616.6535338507133
0.00091239999999999995,57.903457402225143,0,0,449.73335090412445,449.73335090412445
0.00091250000000000001,57.916542111459442,0,0,274.00705008024568,274.00705008024568
0.00091259999999999996,57.911724827075723,0,0,92.190284657669153,92.190284657669153
0.0009126999999999999,57.888556916908556,-22.927326321375244,-22.927326321375244,0,0
0.00091279999999999996,57.865406124608931,-23.167523249611232,-23.167523249611232,0,0
0.00091289999999999991,57.842264590774413,-23.419437525818143,-23.419437525818143,0,0
0.00091299999999999997,57.819132311702347,-23.682533560568483,-23.682533560568483,0,0
0.00091309999999999991,57.796009283691575,-23.956253057206826,-23.956253057206826,0,0
0.00091319999999999997,57.772895503042413,-24.240016146673188,-24.240016146673188,0,0
0.00091329999999999992,57.749790966056658,-24.533222566151213,-24.533222566151213,0,0
0.00091339999999999998,57.726695669037575,-24.835252879145362,-24.835252879145362,0,0
0.00091349999999999992,57.703609608289923,-25.145469734507412,-25.145469734507412,0,0
0.00091359999999999998,57.680532780119933,-25.463219161852972,-25.463219161852972,0,0
0.00091369999999999993,57.65746518083531,-25.787831900735323,-25.787831900735323,0,0
0.00091379999999999999,57.63440680674524,-26.118624760874884,-26.118624760874884,0,0
0.00091389999999999993,57.611357654160379,-26.45490201067982,-26.45490201067982,0,0
0.00091399999999999999,57.588317719392869,-26.795956791235742,-26.795956791235742,0,0
0.00091409999999999994,57.565286998756314,-27.141072552890652,-27.141072552890652,0,0
0.0009142,57.542265488565803,-27.489524511515594,-27.489524511515594,0,0
0.00091429999999999994,57.519253185137892,-27.840581121481282,-27.840581121481282,0,0
0.0009144,57.496250084790617,-28.193505562357341,-28.193505562357341,0,0
0.00091449999999999995,57.473256183843475,-28.547557236312567,-28.547557236312567,0,0
0.0009146,57.450271478617445,-28.9019932731733,-28.9019932731733,0,0
0.00091469999999999995,57.427295965434979,-29.256070040081209,-29.256070040081209,0,0
0.00091480000000000001,57.404329640619984,-29.609044652682531,-29.609044652682531,0,0
0.00091489999999999996,57.381372500497861,-29.960176484777829,-29.960176484777829,0,0
0.00091499999999999991,57.358424541395458,-59.284338429461968,-59.284338429461968,0,0
0.00091509999999999996,57.335485759641102,-59.599784481878075,-59.599784481878075,0,0
0.00091519999999999991,57.312556151564593,-59.852372162405899,-59.852372162405899,0,0
0.00091529999999999997,57.289635713497191,-60.041565637955088,-60.041565637955088,0,0
0.00091539999999999992,57.266724441771622,-60.166957918689889,-60.166957918689889,0,0
0.00091549999999999997,57.243822332722083,-60.228271683524099,-60.228271683524099,0,0
0.00091559999999999992,57.22092938268424,-60.225359842097888,-60.225359842097888,0,0
0.00091569999999999998,57.198045587995225,-60.158205832097622,-60.158205832097622,0,0
0.00091579999999999993,57.175170944993624,-60.026923651317617,-60.026923651317617,0,0
0.00091589999999999998,57.152305450019497,-59.831757624402073,-59.831757624402073,0,0
0.00091599999999999993,57.129449099414366,-59.573081904744384,-59.573081904744384,0,0
0.00091609999999999999,57.106601889521208,-59.251399712559149,-59.251399712559149,0,0
0.00091619999999999994,57.083763816684474,-58.867342310678666,-58.867342310678666,0,0
0.00091629999999999999,57.060934877250077,-58.421667720158325,-58.421667720158325,0,0
0.00091639999999999994,57.038115067565379,-57.915259178304154,-57.915259178304154,0,0
0.0009165,57.015304383979213,-57.349123342259375,-57.349123342259375,0,0
0.00091659999999999995,56.992502822841871,-56.724388241803382,-56.724388241803382,0,0
0.0009167,56.969710380505106,-56.042300985526865,-56.042300985526865,0,0
0.00091679999999999995,56.946927053322121,-55.304225225046977,-55.304225225046977,0,0
0.00091690000000000001,56.924152837647583,-54.511638382419164,-54.511638382419164,0,0
0.00091699999999999995,56.901387729837623,-53.666128646382546,-53.666128646382546,0,0
0.00091710000000000001,56.878631726249822,-52.769391743545867,-52.769391743545867,0,0
0.00091719999999999996,56.855884823243215,-51.823227491078384,-51.823227491078384,0,0
0.00091729999999999991,56.833147017178305,-50.829536137913593,-50.829536137913593,0,0
0.00091739999999999996,56.810418304417034,-49.790314501903936,-49.790314501903936,0,0
0.00091749999999999991,56.787698681322816,-48.707651910778623,-48.707651910778623,0,0
0.00091759999999999997,56.764988144260506,-47.583725955155884,-47.583725955155884,0,0
0.00091769999999999992,56.742286689596419,-46.420798062242248,-46.420798062242248,0,0
0.00091779999999999997,56.719594313698323,-45.221208899216222,-45.221208899216222,0,0
0.00091789999999999992,56.696911012935445,-43.987373615639406,-43.987373615639406,0,0
0.00091799999999999998,56.674236783678445,-42.721776934565199,-42.721776934565199,0,0
0.00091809999999999993,56.65157162229945,-41.426968102322689,-41.426968102322689,0,0
0.00091819999999999998,56.62891552517204,-40.105555707240285,-40.105555707240285,0,0
0.00091829999999999993,56.606268488671233,-38.760202377839832,-38.760202377839832,0,0
0.00091839999999999999,56.583630509173503,-37.393619371276856,-37.393619371276856,0,0
0.00091849999999999994,56.561001583056779,-36.008561063025581,-36.008561063025581,0,0
0.00091859999999999999,56.538381706700427,-34.607819349007471,-34.607819349007471,0,0
0.00091869999999999994,56.51577087648527,-33.194217971540539,-33.194217971540539,0,0
0.0009188,56.493169088793572,-31.770606780640616,-31.770606780640616,0,0
0.00091889999999999995,56.470576340009046,-30.339855942337579,-30.339855942337579,0,0
0.000919,56.447992626516857,-28.904850105776724,-28.904850105776724,0,0
0.00091909999999999995,56.425417944703611,-27.468482540959176,-27.468482540959176,0,0
0.00091920000000000001,56.402852290957355,-26.033649259034839,-26.033649259034839,0,0
0.00091929999999999996,56.380295661667589,-24.603243127096594,-24.603243127096594,0,0
0.0009193999999999999,56.357748053225244,-23.180147989435447,-23.180147989435447,0,0
0.00091949999999999996,56.335209462022711,-21.767232807203264,-21.767232807203264,0,0
0.00091959999999999991,56.312679884453814,-20.367345828391898,-20.367345828391898,0,0
0.00091969999999999997,56.290159316913815,-18.98330879997593,-18.98330879997593,0,0
0.00091979999999999991,56.26764775579943,-17.617911233980482,-17.617911233980482,0,0
0.00091989999999999997,56.245145197508805,-16.27390473912553,-16.27390473912553,0,0
0.00091999999999999992,56.222651638441533,0,0,0,0
0.00092009999999999998,56.206013033924208,0,0,118.48210991169138,118.48210991169138
0.00092019999999999992,56.201646658801074,0,0,244.91076046735643,244.91076046735643
0.00092029999999999998,56.210205179033451,0,0,376.52727884823736,376.52727884823736
0.00092039999999999993,56.232060067771343,0,0,510.47908806059581,510.47908806059581
0.00092049999999999999,56.267294903668457,0,0,643.87140692999719,643.87140692999719
0.00092059999999999993,56.315703886649814,0,0,773.81970860329398,773.81970860329398
0.00092069999999999999,56.376795597416752,0,0,897.50198730498414,897.50198730498414
0.00092079999999999994,56.449801931992575,0,0,1012.2098866765801,1012.2098866765801
0.0009209,56.533692048885968,0,0,1115.3977637559569,1115.3977637559569
0.00092099999999999994,56.627191075675803,0,0,1204.7288001509298,1204.7288001509298
0.0009211,56.728803235643738,0,0,1278.117325546463,1278.117325546463
0.00092119999999999995,56.836838975060942,0,0,1333.7665873854933,1333.7665873854933
0.00092130000000000001,56.94944559932047,0,0,1370.2012831333004,1370.2012831333004
0.00092139999999999995,57.064640862608549,0,0,1386.2942664774921,1386.2942664774921
0.00092150000000000001,57.180348902374838,0,0,1381.2869444089488,1381.2869444089488
0.00092159999999999996,57.294437867460893,0,0,1354.8029964596531,1354.8029964596531
0.00092169999999999991,57.404758558143797,0,0,1306.8551683694095,1306.8551683694095
0.00092179999999999996,57.509183378101525,0,0,1237.8450179226886,1237.8450179226886
0.00092189999999999991,57.605644892736905,0,0,1148.5556183661099,1148.5556183661099
0.00092199999999999997,57.692173295507878,0,0,1040.1373523737323,1040.1373523737323
0.00092209999999999992,57.766932103770522,0,0,914.08705466094705,914.08705466094705
0.00092219999999999997,57.828251437787337,0,0,772.22088179216337,772.22088179216337
0.00092229999999999992,57.874658280402869,0,0,616.64140130156363,616.64140130156363
0.00092239999999999998,57.90490316964577,0,0,449.69949689368906,449.69949689368906
0.00092249999999999993,57.917982841188525,0,0,273.95178031701971,273.95178031701971
0.00092259999999999998,57.913158411010428,0,0,92.114281810866814,92.114281810866814
0.00092269999999999993,57.889985661576802,-22.929763082826572,-22.929763082826572,0,0
0.00092279999999999999,57.866834297893597,-23.169977108657964,-23.169977108657964,0,0
0.00092289999999999994,57.843692192904001,-23.421904946860213,-23.421904946860213,0,0
0.00092299999999999999,57.820559342905277,-23.685010979908373,-23.685010979908373,0,0
0.00092309999999999994,57.797435744196171,-23.958736890292155,-23.958736890292155,0,0
0.0009232,57.77432139307691,-24.242502795381579,-24.242502795381579,0,0
0.00092329999999999995,57.751216285849196,-24.535708426102669,-24.535708426102669,0,0
0.0009234,57.728120418816211,-24.837734347027276,-24.837734347027276,0,0
0.00092349999999999995,57.705033788282613,-25.147943215397287,-25.147943215397287,0,0
0.00092360000000000001,57.681956390554546,-25.46568107652406,-25.46568107652406,0,0
0.00092369999999999996,57.658888221939627,-25.790278692930176,-25.790278692930176,0,0
0.00092380000000000001,57.635829278746947,-26.121052904532274,-26.121052904532274,0,0
0.00092389999999999996,57.61277955728707,-26.457308017100086,-26.457308017100086,0,0
0.00092399999999999991,57.589739053872044,-26.798337216170179,-26.798337216170179,0,0
0.00092409999999999996,57.566707764815391,-27.143424003540499,-27.143424003540499,0,0
0.00092419999999999991,57.543685686432106,-27.491843653426354,-27.491843653426354,0,0
0.00092429999999999997,57.520672815038651,-27.842864685318393,-27.842864685318393,0,0
0.00092439999999999992,57.497669146952973,-28.195750350549428,-28.195750350549428,0,0
0.00092449999999999997,57.47467467849448,-28.549760129548805,-28.549760129548805,0,0
0.00092459999999999992,57.451689405984055,-28.904151236741622,-28.904151236741622,0,0
0.00092469999999999998,57.428713325744056,-29.25818013003455,-29.25818013003455,0,0
0.00092479999999999993,57.405746434098312,-29.611104021820513,-29.611104021820513,0,0
0.00092489999999999998,57.382788727372123,-29.962182388431838,-29.962182388431838,0,0
0.00092499999999999993,57.359840201892254,-59.28628823107168,-59.28628823107168,0,0
0.00092509999999999999,57.33690085398694,-59.601675658348356,-59.601675658348356,0,0
0.00092519999999999994,57.313970679985886,-59.85420230923296,-59.85420230923296,0,0
0.00092529999999999999,57.291049676220261,-60.043332474111608,-60.043332474111608,0,0
0.00092539999999999994,57.268137839022707,-60.168659291259175,-60.168659291259175,0,0
0.0009255,57.245235164727326,-60.229905572073818,-60.229905572073818,0,0
0.00092559999999999995,57.222341649669694,-60.226924362784573,-60.226924362784573,0,0
0.0009257,57.199457290186849,-60.159699241493442,-60.159699241493442,0,0
0.00092579999999999995,57.176582082617294,-60.028344349951894,-60.028344349951894,0,0
0.00092590000000000001,57.153716023300994,-59.833104160010109,-59.833104160010109,0,0
0.00092599999999999996,57.130859108579379,-59.574352975217124,-59.574352975217124,0,0
0.00092609999999999991,57.108011334795343,-59.252594168587706,-59.252594168587706,0,0
0.00092619999999999996,57.085172698293242,-58.868459158088257,-58.868459158088257,0,0
0.00092629999999999991,57.062343195418897,-58.422706121926936,-58.422706121926936,0,0
0.00092639999999999997,57.039522822519579,-57.916218456261817,-57.916218456261817,0,0
0.00092649999999999991,57.016711575944036,-57.350002978464602,-57.350002978464602,0,0
0.00092659999999999997,56.993909452042466,-56.725187879594003,-56.725187879594003,0,0
0.00092669999999999992,56.97111644716653,-56.043020430243075,-56.043020430243075,0,0
0.00092679999999999998,56.948332557669346,-55.304864444425164,-55.304864444425164,0,0
0.00092689999999999992,56.925557779905496,-54.512197506655738,-54.512197506655738,0,0
0.00092699999999999998,56.902792110231012,-53.666607967867577,-53.666607967867577,0,0
0.00092709999999999993,56.880035545003388,-52.769791716267207,-52.769791716267207,0,0
0.00092719999999999999,56.857288080581569,-51.823548729697265,-51.823548729697265,0,0
0.00092729999999999993,56.83454971332597,-50.829779416513887,-50.829779416513887,0,0
0.00092739999999999999,56.811820439598442,-49.790480752417295,-49.790480752417295,0,0
0.00092749999999999994,56.789100255762307,-48.707742221089021,-48.707742221089021,0,0
0.0009276,56.766389158182335,-47.583741566887127,-47.583741566887127,0,0
0.00092769999999999994,56.743687143224747,-46.420740368233183,-46.420740368233183,0,0
0.0009278,56.720994207257228,-45.221079440688612,-45.221079440688612,0,0
0.00092789999999999995,56.698310346648896,-43.98717407906436,-43.98717407906436,0,0
0.00092800000000000001,56.675635557770342,-42.721509148234404,-42.721509148234404,0,0
0.00092809999999999995,56.652969836993599,-41.42663403263159,-41.42663403263159,0,0
0.00092820000000000001,56.630313180692148,-40.105157454690513,-40.105157454690513,0,0
0.00092829999999999996,56.60766558524093,-38.759742172769279,-38.759742172769279,0,0
0.00092839999999999991,56.585027047016325,-37.393099569325912,-37.393099569325912,0,0
0.00092849999999999996,56.562397562396171,-36.007984140348739,-36.007984140348739,0,0
0.00092859999999999991,56.539777127759749,-34.607187897240195,-34.607187897240195,0,0
0.00092869999999999997,56.517165739487787,-33.193534692531387,-33.193534692531387,0,0
0.00092879999999999992,56.494563393962466,-31.769874480959597,-31.769874480959597,0,0
0.00092889999999999997,56.471970087567406,-30.339077527571646,-30.339077527571646,0,0
0.00092899999999999992,56.449385816687681,-28.904028574624171,-28.904028574624171,0,0
0.00092909999999999998,56.426810577709809,-27.467620979134892,-27.467620979134892,0,0
0.00092919999999999993,56.404244367021747,-26.032750832998797,-26.032750832998797,0,0
0.00092929999999999998,56.3816871810129,-24.60231107761831,-24.60231107761831,0,0
0.00092939999999999993,56.359139016074124,-23.179185625007552,-23.179185625007552,0,0
0.00092949999999999999,56.336599868597716,-21.76624349731749,-21.76624349731749,0,0
0.00092959999999999994,56.314069734977402,-20.366332996691195,-20.366332996691195,0,0
0.00092969999999999999,56.29154861160837,-18.982275917296661,-18.982275917296661,0,0
0.00092979999999999994,56.269036494887231,-17.616861811298708,-17.616861811298708,0,0
0.0009299,56.246533381212053,-16.272842320421944,-16.272842320421944,0,0
0.00092999999999999995,56.224039266982338,0,0,0,0
0.0009301,56.207400542057634,0,0,118.49079777824979,118.49079777824979
0.00093019999999999995,56.203034911184027,0,0,244.92802798497431,244.92802798497431
0.00093030000000000001,56.211595020770112,0,0,376.55285061301026,376.55285061301026
0.00093039999999999996,56.233452307931081,0,0,510.51252649057369,510.51252649057369
0.00093050000000000001,56.26869029945901,0,0,643.91212021298759,643.91212021298759
0.00093059999999999996,56.317103128532565,0,0,773.86696143781512,773.86696143781512
0.00093069999999999991,56.378199295433518,0,0,897.55491423949934,897.55491423949934
0.00093079999999999997,56.451210603551516,0,0,1012.2675078051061,1012.2675078051061
0.00093089999999999991,56.535106108227794,0,0,1115.4590024854851,1115.4590024854851
0.00093099999999999997,56.628610825210806,0,0,1204.7925027186072,1204.7925027186072
0.00093109999999999992,56.73022885931654,0,0,1278.182281932822,1278.182281932822
0.00093119999999999997,56.83827053386284,0,0,1333.831553244775,1333.831553244775
0.00093129999999999992,56.950883029030564,0,0,1370.2650023435363,1370.2650023435363
0.00093139999999999998,57.066083973804304,0,0,1386.3554939018304,1386.3554939018304
0.00093149999999999993,57.181797382711672,0,0,1381.3444684559313,1381.3444684559313
0.00093159999999999998,57.295891286179362,0,0,1354.8556610338364,1354.8556610338364
0.00093169999999999993,57.406216372722504,0,0,1306.9018938148163,1306.9018938148163
0.00093179999999999999,57.510644942934988,0,0,1237.884820579859,1237.884820579859
0.00093189999999999994,57.607109469681163,0,0,1148.587628388683,1148.587628388683
0.00093199999999999999,57.69364006610251,0,0,1040.1608294820467,1040.1608294820467
0.00093209999999999994,57.76840018291567,0,0,914.10140154755902,914.10140154755902
0.0009322,57.829719888627913,0,0,772.22565493673881,772.22565493673881
0.00093229999999999995,57.876126130150134,0,0,616.63631899955385,616.63631899955385
0.0009324,57.906369426049757,0,0,449.68444435368804,449.68444435368804
0.00093249999999999995,57.919446509362928,0,0,273.92681173481071,273.92681173481071
0.00093260000000000001,57.914618510305203,0,0,92.079619382937594,92.079619382937594
0.00093269999999999996,57.891443226279414,-22.930921164799738,-22.930921164799738,0,0
0.00093279999999999991,57.868291279686915,-23.17115538156256,-23.17115538156256,0,0
0.00093289999999999996,57.845148592021147,-23.423102496532376,-23.423102496532376,0,0
0.00093299999999999991,57.822015159579273,-23.686226852429694,-23.686226852429694,0,0
0.00093309999999999997,57.798890978659948,-23.959970093929005,-23.959970093929005,0,0
0.00093319999999999991,57.775776045563305,-24.243752302601134,-24.243752302601134,0,0
0.00093329999999999997,57.752670356590954,-24.536973175661704,-24.536973175661704,0,0
0.00093339999999999992,57.729573908045978,-24.839013246129451,-24.839013246129451,0,0
0.00093349999999999998,57.70648669623295,-25.14923514191447,-25.14923514191447,0,0
0.00093359999999999992,57.683408717457922,-25.466984881277288,-25.466984881277288,0,0
0.00093369999999999998,57.66033996802841,-25.79159320202557,-25.79159320202557,0,0
0.00093379999999999993,57.637280444253413,-26.122376921747072,-26.122376921747072,0,0
0.00093389999999999999,57.614230142443411,-26.458640326314093,-26.458640326314093,0,0
0.00093399999999999993,57.591189058910359,-26.799676583837627,-26.799676583837627,0,0
0.00093409999999999999,57.568157189967678,-27.14476918119723,-27.14476918119723,0,0
0.00093419999999999994,57.545134531930266,-27.493193380227307,-27.493193380227307,0,0
0.0009343,57.522121081114506,-27.844217690600271,-27.844217690600271,0,0
0.00093439999999999994,57.499116833838237,-28.197105356413235,-28.197105356413235,0,0
0.0009345,57.476121786420784,-28.551115853457059,-28.551115853457059,0,0
0.00093459999999999995,57.453135935182942,-28.905506394125009,-28.905506394125009,0,0
0.00093470000000000001,57.430159276446972,-29.25953343690259,-29.25953343690259,0,0
0.00093479999999999995,57.407191806536609,-29.612454197371111,-29.612454197371111,0,0
0.00093490000000000001,57.384233521777055,-29.963528157654228,-29.963528157654228,0,0
0.00093499999999999996,57.361284418494989,-59.287628327337671,-59.287628327337671,0,0
0.00093509999999999991,57.338344493018553,-59.60300882598645,-59.60300882598645,0,0
0.00093519999999999996,57.315413741677361,-59.855527306080148,-59.855527306080148,0,0
0.00093529999999999991,57.292492160802489,-60.044648074037767,-60.044648074037767,0,0
0.00093539999999999997,57.269579746726485,-60.169964286658768,-60.169964286658768,0,0
0.00093549999999999992,57.246676495783362,-60.231198776319985,-60.231198776319985,0,0
0.00093559999999999997,57.223782404308601,-60.228204612640482,-60.228204612640482,0,0
0.00093569999999999992,57.200897468639148,-60.160965399476197,-60.160965399476197,0,0
0.00093579999999999998,57.178021685113407,-60.029595306643927,-60.029595306643927,0,0
0.00093589999999999993,57.155155050071258,-59.834338836313634,-59.834338836313634,0,0
0.00093599999999999998,57.132297559854038,-59.575570324546931,-59.575570324546931,0,0
0.00093609999999999993,57.109449210804556,-59.253793178997796,-59.253793178997796,0,0
0.00093619999999999999,57.086609999267068,-58.869638854328073,-58.869638854328073,0,0
0.00093629999999999994,57.063779921587297,-58.423865567423036,-58.423865567423036,0,0
0.00093639999999999999,57.040958974112435,-57.917356755020947,-57.917356755020947,0,0
0.00093649999999999994,57.01814715319113,-57.351119276894153,-57.351119276894153,0,0
0.0009366,56.995344455173495,-56.726281368236513,-56.726281368236513,0,0
0.00093669999999999995,56.972550876411091,-56.04409034542067,-56.04409034542067,0,0
0.0009368,56.949766413256953,-55.305910069791338,-55.305910069791338,0,0
0.00093689999999999995,56.926991062065561,-54.513218174650646,-54.513218174650646,0,0
0.00093700000000000001,56.904224819192862,-53.667603061074274,-53.667603061074274,0,0
0.00093709999999999996,56.881467680996252,-52.770760668665972,-52.770760668665972,0,0
0.0009371999999999999,56.858719643834597,-51.824491027815483,-51.824491027815483,0,0
0.00093729999999999996,56.835980704068206,-50.83069460046903,-50.83069460046903,0,0
0.00093739999999999991,56.813250858058844,-49.791368416851142,-49.791368416851142,0,0
0.00093749999999999997,56.79053010216974,-48.708602015990905,-48.708602015990905,0,0
0.00093759999999999991,56.767818432765573,-47.58457319830481,-47.58457319830481,0,0
0.00093769999999999997,56.745115846212478,-46.421543598869761,-46.421543598869761,0,0
0.00093779999999999992,56.72242233887804,-45.221854090384277,-45.221854090384277,0,0
0.00093789999999999998,56.699737907131301,-43.98792002516204,-43.98792002516204,0,0
0.00093799999999999992,56.677062547342743,-42.722226325828601,-42.722226325828601,0,0
0.00093809999999999998,56.654396255884315,-41.427322434699732,-41.427322434699732,0,0
0.00093819999999999993,56.631739029129413,-40.105817132106814,-40.105817132106814,0,0
0.00093829999999999998,56.60909086345287,-38.760373234200834,-38.760373234200834,0,0
0.00093839999999999993,56.586451755230989,-37.393702181011427,-37.393702181011427,0,0
0.00093849999999999999,56.563821700841508,-36.008558525760236,-36.008558525760236,0,0
0.00093859999999999994,56.541200696663623,-34.607734336628383,-34.607734336628383,0,0
0.00093869999999999999,56.51858873907797,-33.19405352235573,-33.19405352235573,0,0
0.00093879999999999994,56.495985824466636,-31.770366093204075,-31.770366093204075,0,0
0.0009389,56.473391949213152,-30.339542368947765,-30.339542368947765,0,0
0.00093899999999999995,56.450807109702502,-28.904467145662721,-28.904467145662721,0,0
0.0009391,56.428231302321109,-27.468033833168374,-27.468033833168374,0,0
0.00093919999999999995,56.405664523456842,-26.033138575036528,-26.033138575036528,0,0
0.00093930000000000001,56.383106769499022,-24.602674363116559,-24.602674363116559,0,0
0.00093939999999999996,56.360558036838405,-23.179525158537167,-23.179525158537167,0,0
0.00093949999999999991,56.338018321867196,-21.766560031131718,-21.766560031131718,0,0
0.00093959999999999996,56.315487620979034,-20.366627329196625,-20.366627329196625,0,0
0.00093969999999999991,56.292965930569018,-18.982548891430405,-18.982548891430405,0,0
0.00093979999999999997,56.270453247033664,-17.617114312815112,-17.617114312815112,0,0
0.00093989999999999992,56.247949566770956,-16.273075276092271,-16.273075276092271,0,0
0.00093999999999999997,56.225454886180295,0,0,0,0
0.00094009999999999992,56.20881551079966,0,0,118.48913716501222,118.48913716501222
0.00094019999999999998,56.204449071808277,0,0,244.92487174606202,244.92487174606202
0.00094029999999999992,56.213008232974722,0,0,376.54837924382662,376.54837924382662
0.00094039999999999998,56.234864450156195,0,0,510.50693272226749,510.50693272226749
0.00094049999999999993,56.270101269929611,0,0,643.90560551963631,643.90560551963631
0.00094059999999999999,56.318512845943211,0,0,773.85973238617498,773.85973238617498
0.00094069999999999993,56.379607699262728,0,0,897.547178747457,897.547178747457
0.00094079999999999999,56.452617654000271,0,0,1012.2594713766113,1012.2594713766113
0.00094089999999999994,56.536511785783226,0,0,1115.4508644901614,1115.4508644901614
0.000941,56.630015129843187,0,0,1204.7844527834236,1204.7844527834236
0.00094109999999999994,56.731631809324135,0,0,1278.1744965111673,1278.1744965111673
0.0009412,56.839672164385703,0,0,1333.8241924250578,1333.8241924250578
0.00094129999999999995,56.952283390260256,0,0,1370.258206955089,1370.258206955089
0.00094140000000000001,57.067483128921985,0,0,1386.3493829705012,1386.3493829705012
0.00094149999999999995,57.183195405592173,0,0,1381.3391370554095,1381.3391370554095
0.00094160000000000001,57.297288258902675,0,0,1354.8511785715859,1354.8511785715859
0.00094169999999999996,57.407612382937963,0,0,1306.8983027836105,1306.8983027836105
0.00094179999999999991,57.512040081126024,0,0,1237.8821357974791,1237.8821357974791
0.00094189999999999996,57.608503826380058,0,0,1148.5858367394917,1148.5858367394917
0.00094199999999999991,57.695033729105788,0,0,1040.1598901650618,1040.1598901650618
0.00094209999999999997,57.769793234550548,0,0,914.10124682647563,914.10124682647563
0.00094219999999999992,57.831112403119427,0,0,772.22619137825427,772.22619137825427
0.00094229999999999997,57.877518171136643,0,0,616.63742917751267,616.63742917751267
0.00094239999999999992,57.907761044291817,0,0,449.68598898812422,449.68598898812422
0.00094249999999999998,57.920837740687112,0,0,273.9286322270936,273.9286322270936
0.00094259999999999993,57.91600937382016,0,0,92.08154070105688,92.08154070105688
0.00094269999999999998,57.892833627446784,-22.930942432847747,-22.930942432847747,0,0
0.00094279999999999993,57.869681124805034,-23.1711981470411,-23.1711981470411,0,0
0.00094289999999999999,57.846537881312386,-23.423168084577011,-23.423168084577011,0,0
0.00094299999999999994,57.823403893265926,-23.686316541215856,-23.686316541215856,0,0
0.00094309999999999999,57.800279156964208,-23.960085112075287,-23.960085112075287,0,0
0.00094319999999999994,57.777163668707281,-24.243893826673389,-24.243893826673389,0,0
0.0009433,57.754057424796663,-24.537142327782927,-24.537142327782927,0,0
0.00094339999999999995,57.730960421535357,-24.83921109170031,-24.83921109170031,0,0
0.0009435,57.707872655227845,-25.149462687449205,-25.149462687449205,0,0
0.00094359999999999995,57.68479412218008,-25.467243072359192,-25.467243072359192,0,0
0.00094370000000000001,57.661724818699497,-25.791882921386428,-25.791882921386428,0,0
0.00094379999999999996,57.638664741095006,-26.122698987474248,-26.122698987474248,0,0
0.0009438999999999999,57.615613885677,-26.458995490189128,-26.458995490189128,0,0
0.00094399999999999996,57.592572248757335,-26.800065529809455,-26.800065529809455,0,0
0.00094409999999999991,57.569539826649354,-27.145192523993355,-27.145192523993355,0,0
0.00094419999999999997,57.546516615667869,-27.493651664105673,-27.493651664105673,0,0
0.00094429999999999991,57.523502612129164,-27.844711388244303,-27.844711388244303,0,0
0.00094439999999999997,57.500497812351,-28.197634867972379,-28.197634867972379,0,0
0.00094449999999999992,57.47750221265261,-28.55168150573471,-28.55168150573471,0,0
0.00094459999999999998,57.454515809354696,-28.906108439915489,-28.906108439915489,0,0
0.00094469999999999992,57.431538598779433,-29.260172054478613,-29.260172054478613,0,0
0.00094479999999999998,57.408570577250465,-29.613129490122592,-29.613129490122592,0,0
0.00094489999999999993,57.385611741092916,-29.964240153879327,-29.964240153879327,0,0
0.00094499999999999998,57.362662086633364,-59.288376980186442,-59.288376980186442,0,0
0.00094509999999999993,57.339721610199874,-59.603794013557163,-59.603794013557163,0,0
0.00094519999999999999,57.316790308121959,-59.856348831668157,-59.856348831668157,0,0
0.00094529999999999994,57.293868176730619,-60.045505666536386,-60.045505666536386,0,0
0.00094539999999999999,57.270955212358309,-60.170857601111365,-60.170857601111365,0,0
0.00094549999999999994,57.248051411338956,-60.232127394622069,-60.232127394622069,0,0
0.0009456,57.225156770007949,-60.229168044390505,-60.229168044390505,0,0
0.00094569999999999995,57.20227128470215,-60.161963082973202,-60.161963082973202,0,0
0.0009458,57.179394951759875,-60.030626610030154,-60.030626610030154,0,0
0.00094589999999999995,57.156527767520913,-59.835403058859626,-59.835403058859626,0,0
0.00094600000000000001,57.133669728326517,-59.576666698076551,-59.576666698076551,0,0
0.00094609999999999996,57.110820830519401,-59.254920869450373,-59.254920869450373,0,0
0.00094619999999999991,57.087981070443739,-58.870796963454382,-58.870796963454382,0,0
0.00094629999999999996,57.065150444445173,-58.425053134611673,-58.425053134611673,0,0
0.00094639999999999991,57.042328948870797,-57.918572759251433,-57.918572759251433,0,0
0.00094649999999999997,57.019516580069173,-57.352362638812821,-57.352362638812821,0,0
0.00094659999999999992,56.996713334390328,-56.72755095235074,-56.72755095235074,0,0
0.00094669999999999997,56.973919208185734,-56.045384962407454,-56.045384962407454,0,0
0.00094679999999999992,56.951134197808337,-55.307228478914965,-55.307228478914965,0,0
0.00094689999999999998,56.928358299612533,-54.514559086284933,-54.514559086284933,0,0
0.00094699999999999993,56.905591509954178,-53.668965139324186,-53.668965139324186,0,0
0.00094709999999999998,56.882833825190588,-52.772142534083073,-52.772142534083073,0,0
0.00094719999999999993,56.86008524168053,-51.825891260202013,-51.825891260202013,0,0
0.00094729999999999999,56.837345755784234,-50.832111741764678,-50.832111741764678,0,0
0.00094739999999999993,56.814615363863375,-49.79280097409675,-49.79280097409675,0,0
0.00094749999999999999,56.791894062281095,-48.710048464363055,-48.710048464363055,0,0
0.00094759999999999994,56.769181847401988,-47.58603198421514,-47.58603198421514,0,0
0.0009477,56.746478715592097,-46.423013143122652,-46.423013143122652,0,0
0.00094779999999999994,56.723784663218922,-45.223332791386596,-45.223332791386596,0,0
0.0009479,56.701099686651418,-43.989406262178321,-43.989406262178321,0,0
0.00094799999999999995,56.678423782259983,-42.723718462275116,-42.723718462275116,0,0
0.00094810000000000001,56.655756946416474,-41.428818821470678,-41.428818821470678,0,0
0.00094819999999999995,56.633099175494195,-40.107316110925971,-40.107316110925971,0,0
0.00094830000000000001,56.610450465867906,-38.761873140991788,-38.761873140991788,0,0
0.00094839999999999996,56.587810813913812,-37.395201349279517,-37.395201349279517,0,0
0.00094849999999999991,56.565180216009573,-36.010055289979405,-36.010055289979405,0,0
0.00094859999999999996,56.542558668534284,-34.609227035626013,-34.609227035626013,0,0
0.00094869999999999991,56.519946167868504,-33.195540502688587,-33.195540502688587,0,0
0.00094879999999999997,56.497342710394236,-31.771845712518473,-31.771845712518473,0,0
0.00094889999999999992,56.474748292494915,-30.341012999317222,-30.341012999317222,0,0
0.00094899999999999997,56.452162910555444,-28.905927176896203,-28.905927176896203,0,0
0.00094909999999999992,56.429586560962157,-27.469481676082452,-27.469481676082452,0,0
0.00094919999999999998,56.407019240102841,-26.034572664684859,-26.034572664684859,0,0
0.00094929999999999993,56.384460944366722,-24.604093161970013,-24.604093161970013,0,0
0.00094939999999999998,56.36191167014448,-23.180927159608224,-23.180927159608224,0,0
0.00094949999999999993,56.339371413828225,-21.767943761036769,-21.767943761036769,0,0
0.00094959999999999999,56.316840171811513,-20.367991351149932,-20.367991351149932,0,0
0.00094969999999999994,56.29431794048935,-18.983891808163669,-18.983891808163669,0,0
0.00094979999999999999,56.271804716258181,-17.618434769416691,-17.618434769416691,0,0
0.00094989999999999994,56.249300495515882,-16.274371962760259,-16.274371962760259,0,0
0.00095,56.226805274661785,0,0,0,0
0.00095009999999999995,56.21016484827598,0,0,118.47896601931375,118.47896601931375
0.0009502,56.205796359466362,0,0,244.90491149934843,244.90491149934843
0.00095029999999999995,56.214352518998396,0,0,376.51917856147981,376.51917856147981
0.00095040000000000001,56.236204845892544,0,0,510.46919692918317,510.46919692918317
0.00095049999999999996,56.271436964909519,0,0,643.86018380313783,643.86018380313783
0.0009505999999999999,56.319843121484112,0,0,773.80760239514177,773.80760239514177
0.00095069999999999996,56.380931940407443,0,0,897.48942886691646,897.48942886691646
0.00095079999999999991,56.453935359575858,0,0,1012.1972809991161,1012.1972809991161
0.00095089999999999997,56.537822576397957,0,0,1115.3854826415209,1115.3854826415209
0.00095099999999999991,56.631318753677142,0,0,1204.7171754901228,1204.7171754901228
0.00095109999999999997,56.732928145608739,0,0,1278.1066433195549,1278.1066433195549
0.00095119999999999992,56.840961224509499,0,0,1333.7570824977035,1333.7570824977035
0.00095129999999999998,56.953565316481281,0,0,1370.1931351773139,1370.1931351773139
0.00095139999999999992,57.068758190710383,0,0,1386.2875964998595,1386.2875964998595
0.00095149999999999998,57.184463993669496,0,0,1381.2818127388211,1381.2818127388211
0.00095159999999999993,57.298550877086313,0,0,1354.7994016390553,1354.7994016390553
0.00095169999999999999,57.408869637938615,0,0,1306.853047204303,1306.853047204303
0.00095179999999999993,57.51329267048326,0,0,1237.8442466537665,1237.8442466537665
0.00095189999999999999,57.609752524754875,0,0,1148.5560149379889,1148.5560149379889
0.00095199999999999994,57.696279373178605,0,0,1040.1386797613122,1040.1386797613122
0.00095209999999999999,57.771036706798363,0,0,914.08902519256765,914.08902519256765
0.00095219999999999994,57.832354614766167,0,0,772.22316239113627,772.22316239113627
0.0009523,57.878760044585711,0,0,616.64361955103573,616.64361955103573
0.00095239999999999995,57.90900349535908,0,0,449.70124781488869,449.70124781488869
0.0009525,57.922081660956245,0,0,273.95263373803067,273.95263373803067
0.00095259999999999995,57.917255613439927,0,0,92.11379019239142,92.11379019239142
0.00095270000000000001,57.89408115846377,-22.930016041005334,-22.930016041005334,0,0
0.00095279999999999996,57.8709281569094,-23.170293000311919,-23.170293000311919,0,0
0.00095289999999999991,57.847784414703661,-23.422287289291706,-23.422287289291706,0,0
0.00095299999999999996,57.82464992814355,-23.685463153674309,-23.685463153674309,0,0
0.00095309999999999991,57.801524693527554,-23.959262132336494,-23.959262132336494,0,0
0.00095319999999999997,57.778408707155634,-24.243104192459779,-24.243104192459779,0,0
0.00095329999999999992,57.755301965329231,-24.536388908511345,-24.536388908511345,0,0
0.00095339999999999997,57.732204464351263,-24.838496682651989,-24.838496682651989,0,0
0.00095349999999999992,57.709116200526132,-25.148790004090355,-25.148790004090355,0,0
0.00095359999999999998,57.686037170159715,-25.466614744823925,-25.466614744823925,0,0
0.00095369999999999993,57.662967369559368,-25.791301489133122,-25.791301489133122,0,0
0.00095379999999999998,57.639906795033923,-26.122166894126277,-26.122166894126277,0,0
0.00095389999999999993,57.616855442893687,-26.458515078570382,-26.458515078570382,0,0
0.00095399999999999999,57.593813309450447,-26.799639037184757,-26.799639037184757,0,0
0.00095409999999999994,57.570780391017458,-27.144822077523511,-27.144822077523511,0,0
0.00095419999999999999,57.547756683909455,-27.493339276526203,-27.493339276526203,0,0
0.00095429999999999994,57.524742184442644,-27.844458953776897,-27.844458953776897,0,0
0.0009544,57.501736888934708,-28.197444158477129,-28.197444158477129,0,0
0.00095449999999999994,57.478740793704794,-28.551554167111103,-28.551554167111103,0,0
0.0009546,57.455753895073535,-28.906045988759455,-28.906045988759455,0,0
0.00095469999999999995,57.432776189363018,-29.260175875002258,-29.260175875002258,0,0
0.00095480000000000001,57.409807672896811,-29.613200831343111,-29.613200831343111,0,0
0.00095489999999999995,57.386848341999958,-29.964380127082659,-29.964380127082659,0,0
0.0009549999999999999,57.36389819299896,-59.288586556670793,-59.288586556670793,0,0
0.00095509999999999996,57.340957222221796,-59.604074022661095,-59.604074022661095,0,0
0.00095519999999999991,57.318025425997909,-59.856699959087194,-59.856699959087194,0,0
0.00095529999999999996,57.295102800658213,-60.045928452931506,-60.045928452931506,0,0
0.00095539999999999991,57.272189342535086,-60.171352441012218,-60.171352441012218,0,0
0.00095549999999999997,57.249285047962381,-60.232694535627289,-60.232694535627289,0,0
0.00095559999999999992,57.226389913275405,-60.229807586666468,-60.229807586666468,0,0
0.00095569999999999997,57.203503934810932,-60.162674979052511,-60.162674979052511,0,0
0.00095579999999999992,57.180627108907217,-60.031410664910084,-60.031410664910084,0,0
0.00095589999999999998,57.157759431903955,-59.836258930400419,-59.836258930400419,0,0
0.00095599999999999993,57.134900900142327,-59.577593897698662,-59.577593897698662,0,0
0.00095609999999999998,57.112051509964964,-59.255918763129372,-59.255918763129372,0,0
0.00095619999999999993,57.089211257715966,-58.871864773011353,-58.871864773011353,0,0
0.00095629999999999999,57.066380139740893,-58.426189939296535,-58.426189939296535,0,0
0.00095639999999999994,57.043558152386765,-57.919777497616025,-57.919777497616025,0,0
0.00095649999999999999,57.020745292002061,-57.353634110869834,-57.353634110869834,0,0
0.00095659999999999994,56.997941554936723,-56.728887822014201,-56.728887822014201,0,0
0.0009567,56.975146937542156,-56.046785760209701,-56.046785760209701,0,0
0.00095679999999999995,56.952361436171223,-55.308691604994678,-55.308691604994678,0,0
0.0009569,56.929585047178243,-54.516082813640139,-54.516082813640139,0,0
0.00095699999999999995,56.906817766918991,-53.670547617323493,-53.670547617323493,0,0
0.00095710000000000001,56.884059591750699,-52.773781792228235,-52.773781792228235,0,0
0.00095719999999999996,56.861310518032063,-51.827585212133926,-51.827585212133926,0,0
0.0009572999999999999,56.838570542123236,-50.833858189504824,-50.833858189504824,0,0
0.00095739999999999996,56.815839660385812,-49.794597612515417,-49.794597612515417,0,0
0.00095749999999999991,56.793117869182858,-48.711892885865225,-48.711892885865225,0,0
0.00095759999999999997,56.770405164878881,-47.587921683634562,-47.587921683634562,0,0
0.00095769999999999991,56.747701543839852,-46.42494552281417,-46.42494552281417,0,0
0.00095779999999999997,56.725007002433195,-45.225305166506303,-45.225305166506303,0,0
0.00095789999999999992,56.702321537027778,-43.991415866140855,-43.991415866140855,0,0
0.00095799999999999998,56.67964514399393,-42.725762452376998,-42.725762452376998,0,0
0.00095809999999999992,56.656977819703421,-41.430894284668312,-41.430894284668312,0,0
0.00095819999999999998,56.634319560529484,-40.109420069756453,-40.109420069756453,0,0
0.00095829999999999993,56.611670362846802,-38.764002559624601,-38.764002559624601,0,0
0.00095839999999999999,56.589030223031493,-37.397353139686729,-37.397353139686729,0,0
0.00095849999999999993,56.566399137461147,-36.012226318211887,-36.012226318211887,0,0
0.00095859999999999999,56.543777102514781,-34.611414128182908,-34.611414128182908,0,0
0.00095869999999999994,56.521164114572869,-33.197740452967039,-33.197740452967039,0,0
0.0009588,56.498560170017335,-31.774055287330608,-31.774055287330608,0,0
0.00095889999999999994,56.475965265231551,-30.343228945461,-30.343228945461,0,0
0.000959,56.453379396600333,-28.908146227766913,-28.908146227766913,0,0
0.00095909999999999995,56.430802560509939,-27.471700558311362,-27.471700558311362,0,0
0.0009592,56.408234753348076,-26.036788104791491,-26.036788104791491,0,0
0.00095929999999999995,56.385675971503893,-24.60630189301461,-24.60630189301461,0,0
0.00095940000000000001,56.363126211367984,-23.183125927830815,-23.183125927830815,0,0
0.00095949999999999996,56.340585469332389,-21.770129332469384,-21.770129332469384,0,0
0.00095959999999999991,56.318053741790585,-20.37016051818852,-20.37016051818852,0,0
0.00095969999999999996,56.295531025137507,-18.986041396086321,-18.986041396086321,0,0
0.00095979999999999991,56.273017315769508,-17.620561642835014,-17.620561642835014,0,0
0.00095989999999999997,56.2505126100844,-16.276473031990715,-16.276473031990715,0,0
0.00095999999999999992,56.228016904481429,0,0,0,0
0.00096009999999999997,56.21137515939742,0,0,118.46234664418589,118.46234664418589
0.00096019999999999992,56.207003715353594,0,0,244.8722116208678,244.8722116208678
0.00096029999999999998,56.215555351847101,0,0,376.47121904030934,376.47121904030934
0.00096039999999999993,56.237401684092205,0,0,510.40706570786125,510.40706570786125
0.00096049999999999998,56.272626458759724,0,0,643.78521616362059,643.78521616362059
0.00096059999999999993,56.321024066699543,0,0,773.72135673904324,773.72135673904324
0.00096069999999999999,56.382103298986159,0,0,897.3936584576453,897.3936584576453
0.00096079999999999994,56.455096277653148,0,0,1012.093902178199,1012.093902178199
0.00096089999999999999,56.538972398762859,0,0,1115.2765400952044,1115.2765400952044
0.00096099999999999994,56.632457034689047,0,0,1204.6048051957077,1204.6048051957077
0.0009611,56.734054656316822,0,0,1277.9930338428726,1277.9930338428726
0.00096119999999999995,56.842075955846582,0,0,1333.6444353429276,1333.6444353429276
0.0009613,56.954668478474623,0,0,1370.0836249073923,1370.0836249073923
0.00096139999999999995,57.069850207724329,0,0,1386.183331349916,1386.183331349916
0.00096150000000000001,57.185545495766554,0,0,1381.1847964358697,1381.1847964358697
0.00096159999999999995,57.299622687663664,0,0,1354.7114971194378,1354.7114971194378
0.0009616999999999999,57.409932757864475,0,0,1306.7759428858074,1306.7759428858074
0.00096179999999999996,57.514348259020856,0,0,1237.7794258730335,1237.7794258730335
0.00096189999999999991,57.610801877619934,0,0,1148.5047291064191,1148.5047291064191
0.00096199999999999996,57.69732389812819,0,0,1040.1019257252647,1040.1019257252647
0.00096209999999999991,57.772077897193576,0,0,914.06752720743509,914.06752720743509
0.00096219999999999997,57.833394021587729,0,0,772.21735903526735,772.21735903526735
0.00096229999999999992,57.879799247409636,0,0,616.65365581596166,616.65365581596166
0.00096239999999999997,57.910044072818273,0,0,449.72697251452848,449.72697251452848
0.00096249999999999992,57.923125161223084,0,0,273.99360228319068,273.99360228319068
0.00096259999999999998,57.918303525264584,0,0,92.169272679690593,92.169272679690593
0.00096269999999999993,57.895131744247564,-22.928358808158119,-22.928358808158119,0,0
0.00096279999999999998,57.871978322542923,-23.168655470078452,-23.168655470078452,0,0
0.00096289999999999993,57.848834160354933,-23.420673856296883,-23.420673856296883,0,0
0.00096299999999999999,57.825699253980531,-23.683878163093137,-23.683878163093137,0,0
0.00096309999999999994,57.802573599718137,-23.957709871064754,-23.957709871064754,0,0
0.00096319999999999999,57.779457193867643,-24.241588880403238,-24.241588880403238,0,0
0.00096329999999999994,57.756350032730417,-24.534914690011188,-24.534914690011188,0,0
0.0009634,57.733252112609321,-24.837067618063944,-24.837067618063944,0,0
0.00096349999999999995,57.710163429808688,-25.147410061534575,-25.147410061534575,0,0
0.0009636,57.687083980634327,-25.465287792122421,-25.465287792122421,0,0
0.00096369999999999995,57.664013761393527,-25.790031285951098,-25.790031285951098,0,0
0.00096380000000000001,57.640952768395053,-26.120957084333366,-26.120957084333366,0,0
0.00096389999999999996,57.617900997949143,-26.457369182837294,-26.457369182837294,0,0
0.0009639999999999999,57.594858446367518,-26.798560445830379,-26.798560445830379,0,0
0.00096409999999999996,57.571825109963363,-27.143814043626957,-27.143814043626957,0,0
0.00096419999999999991,57.548800985051351,-27.492404909317909,-27.492404909317909,0,0
0.00096429999999999997,57.525786067947621,-27.843601212322039,-27.843601212322039,0,0
0.00096439999999999991,57.502780354969779,-28.196665845664331,-28.196665845664331,0,0
0.00096449999999999997,57.479783842436916,-28.550857923958613,-28.550857923958613,0,0
0.00096459999999999992,57.456796526669592,-28.905434289050259,-28.905434289050259,0,0
0.00096469999999999998,57.433818403989839,-29.259651020259195,-29.259651020259195,0,0
0.00096479999999999992,57.410849470721153,-29.612764946154062,-29.612764946154062,0,0
0.00096489999999999998,57.387889723188501,-29.964035154785339,-29.964035154785339,0,0
0.00096499999999999993,57.364939157718325,-59.288334255405999,-59.288334255405999,0,0
0.00096509999999999999,57.341997770638542,-59.603915961802258,-59.603915961802258,0,0
0.00096519999999999993,57.319065558278524,-59.856637516053652,-59.856637516053652,0,0
0.00096529999999999999,57.29614251696912,-60.04596281039187,-60.04596281039187,0,0
0.00096539999999999994,57.273228643042636,-60.171484584483522,-60.171484584483522,0,0
0.0009655,57.250323932832856,-60.232925251474839,-60.232925251474839,0,0
0.00096559999999999994,57.227428382675029,-60.230137460508445,-60.230137460508445,0,0
0.0009657,57.204541988905866,-60.163104394572485,-60.163104394572485,0,0
0.00096579999999999995,57.181664747863543,-60.03193980307995,-60.03193980307995,0,0
0.00096590000000000001,57.158796655887699,-59.836887769115236,-59.836887769115236,0,0
0.00096599999999999995,57.135937709319442,-59.578322211824329,-59.578322211824329,0,0
0.00096610000000000001,57.113087904501342,-59.256746124962618,-59.256746124962618,0,0
0.00096619999999999996,57.090247237777426,-58.872790553151674,-58.872790553151674,0,0
0.00096629999999999991,57.067415705493197,-58.427213307927815,-58.427213307927815,0,0
0.00096639999999999996,57.044593303995597,-57.920897426195467,-57.920897426195467,0,0
0.00096649999999999991,57.021780029633049,-57.35484937422072,-57.35484937422072,0,0
0.00096659999999999997,56.998975878755431,-56.730197000818251,-56.730197000818251,0,0
0.00096669999999999992,56.976180847714069,-56.048187243893835,-56.048187243893835,0,0
0.00096679999999999997,56.953394932861769,-55.310183595006535,-55.310183595006535,0,0
0.00096689999999999992,56.93061813055278,-54.517663327105424,-54.517663327105424,0,0
0.00096699999999999998,56.907850437142812,-53.67221449107798,-53.67221449107798,0,0
0.00096709999999999993,56.885091848989035,-52.775532687216,-52.775532687216,0,0
0.00096719999999999998,56.862342362450072,-51.829417618162978,-51.829417618162978,0,0
0.00096729999999999993,56.839601973886012,-50.835769430350553,-50.835769430350553,0,0
0.00096739999999999999,56.816870679658386,-49.796584851361246,-49.796584851361246,0,0
0.00096749999999999994,56.794148476130189,-48.713953131069644,-48.713953131069644,0,0
0.00096759999999999999,56.771435359665873,-47.590051794812709,-47.590051794812709,0,0
0.00096769999999999994,56.748731326631336,-46.427142217221558,-46.427142217221558,0,0
0.0009678,56.726036373393931,-45.227565025711776,-45.227565025711776,0,0
0.00096789999999999995,56.703350496322464,-43.993735342975263,-43.993735342975263,0,0
0.000968,56.680673691787199,-42.728137878143357,-42.728137878143357,0,0
0.00096809999999999995,56.658005956159847,-41.433321876598832,-41.433321876598832,0,0
0.00096820000000000001,56.635347285813573,-40.111895938701323,-40.111895938701323,0,0
0.00096829999999999996,56.612697677122981,-38.766522717956803,-38.766522717956803,0,0
0.0009683999999999999,56.590057126464139,-37.399913509406943,-37.399913509406943,0,0
0.00096849999999999996,56.567425630214558,-36.014822739236934,-36.014822739236934,0,0
0.00096859999999999991,56.544803184753199,-34.614042366800859,-34.614042366800859,0,0
0.00096869999999999996,56.522189786460473,-33.200396210441895,-33.200396210441895,0,0
0.00096879999999999991,56.499585431718231,-31.776734208638992,-31.776734208638992,0,0
0.00096889999999999997,56.476990116909775,-30.345926628143125,-30.345926628143125,0,0
0.00096899999999999992,56.454403838419857,-28.910858230873846,-28.910858230873846,0,0
0.00096909999999999997,56.431826592634678,-27.474422411430396,-27.474422411430396,0,0
0.00096919999999999992,56.409258375941874,-26.039515317131293,-26.039515317131293,0,0
0.00096929999999999998,56.386699184730531,-24.60902996253165,-24.60902996253165,0,0
0.00096939999999999993,56.364149015391177,-23.185850350378551,-23.185850350378551,0,0
0.00096949999999999998,56.341607864315783,-21.772845610951624,-21.772845610951624,0,0
0.00096959999999999993,56.319075727897769,-20.372864171698346,-20.372864171698346,0,0
0.00096969999999999999,56.296552602531989,-18.98872796901199,-18.98872796901199,0,0
0.00096979999999999994,56.274038484614749,-17.623226713914335,-17.623226713914335,0,0
0.00096989999999999999,56.25153337054379,-16.279112223295538,-16.279112223295538,0,0
0.00096999999999999994,56.229037256718286,0,0,0,0
0.0009701,56.21239405259567,0,0,118.44139945397697,118.44139945397697
0.00097019999999999995,56.208019084515193,0,0,244.83095291538163,244.83095291538163
0.0009703,56.216565214495233,0,0,376.41064487523676,376.41064487523676
0.00097039999999999995,56.238404175417863,0,0,510.32851442881145,510.32851442881145
0.00097050000000000001,56.273619864632543,0,0,643.69034411789903,643.69034411789903
0.00097059999999999996,56.322006853945162,0,0,773.61210823068393,773.61210823068393
0.0009706999999999999,56.383074142382014,0,0,897.27223049055419,897.27223049055419
0.00097079999999999996,56.456054083154271,0,0,1011.9627046266017,1011.9627046266017
0.00097089999999999991,56.539916322537351,0,0,1115.1381520233454,1115.1381520233454
0.00097099999999999997,56.633386497618993,0,0,1204.4619281184087,1204.4619281184087
0.00097109999999999991,56.734969353702574,0,0,1277.8484427738804,1277.8484427738804
0.00097119999999999997,56.842975862139191,0,0,1333.5009285179533,1333.5009285179533
0.00097129999999999992,56.955553846951332,0,0,1369.9439730926408,1369.9439730926408
0.00097139999999999998,57.070721565113587,0,0,1386.0502276543191,1386.0502276543191
0.00097149999999999992,57.18640363192057,0,0,1381.0608075359971,1381.0608075359971
0.00097159999999999998,57.300468640466093,0,0,1354.599016780375,1354.599016780375
0.00097169999999999993,57.410767793647238,0,0,1306.6771486195983,1306.6771486195983
0.00097179999999999999,57.515173848845343,0,0,1237.6962395193639,1237.6962395193639
0.00097189999999999993,57.611619669852665,0,0,1148.4387820490792,1148.4387820490792
0.00097199999999999999,57.698135687808168,0,0,1040.0545293738837,1040.0545293738837
0.00097209999999999994,57.77288559274654,0,0,914.03964927854156,914.03964927854156
0.0009722,57.834199609490582,0,0,772.20960606162282,772.20960606162282
0.00097229999999999994,57.880604755445304,0,0,616.66626220025785,616.66626220025785
0.0009724,57.91085153258674,0,0,449.75979632496473,449.75979632496473
0.00097249999999999995,57.92393657058777,0,0,274.04612786631196,274.04612786631196
0.00097260000000000001,57.919120811414338,0,0,92.240620042379803,92.240620042379803
0.00097269999999999995,57.895952692321089,-22.926196981035108,-22.926196981035108,0,0
0.00097280000000000001,57.872798942302879,-23.16651083224021,-23.16651083224021,0,0
0.00097289999999999996,57.849654451932629,-23.418551599669431,-23.418551599669431,0,0
0.00097299999999999991,57.826519217507212,-23.681783433723407,-23.681783433723407,0,0
0.00097309999999999996,57.80339323532499,-23.955647758663684,-23.955647758663684,0,0
0.00097319999999999991,57.780276501685812,-24.239564408003449,-24.239564408003449,0,0
0.00097329999999999997,57.757169012890998,-24.532932803760328,-24.532932803760328,0,0
0.00097339999999999992,57.734070765243352,-24.835133177174352,-24.835133177174352,0,0
0.00097349999999999997,57.71098175504715,-25.145527828409772,-25.145527828409772,0,0
0.00097359999999999992,57.687901978608153,-25.463462422680447,-25.463462422680447,0,0
0.00097369999999999998,57.664831432233591,-25.788267320164341,-25.788267320164341,0,0
0.00097379999999999993,57.64177011223218,-26.119258937004172,-26.119258937004172,0,0
0.00097389999999999998,57.618718014914116,-26.455741134627967,-26.455741134627967,0,0
0.00097399999999999993,57.595675136591055,-26.797006634566014,-26.797006634566014,0,0
0.00097409999999999999,57.572641473576141,-27.14233845588851,-27.14233845588851,0,0
0.00097419999999999994,57.54961702218398,-27.49101137234285,-27.49101137234285,0,0
0.00097429999999999999,57.526601778730672,-27.842293386228807,-27.842293386228807,0,0
0.00097439999999999994,57.503595739533765,-28.195447216016571,-28.195447216016571,0,0
0.0009745,57.480598900912298,-28.549731794684195,-28.549731794684195,0,0
0.00097459999999999995,57.457611259186784,-28.904403775729509,-28.904403775729509,0,0
0.0009747,57.43463281067919,-29.258719043795939,-29.258719043795939,0,0
0.00097479999999999995,57.411663551712969,-29.61193422684239,-29.61193422684239,0,0
0.00097490000000000001,57.388703478613039,-29.963308206784102,-29.963308206784102,0,0
0.00097499999999999996,57.365752587705785,-59.287713381632258,-59.287713381632258,0,0
0.0009750999999999999,57.342810875319074,-59.603403249254129,-59.603403249254129,0,0
0.00097519999999999996,57.319878337782221,-59.856234831571896,-59.856234831571896,0,0
0.00097529999999999991,57.296954971426025,-60.045671796869001,-60.045671796869001,0,0
0.00097539999999999996,57.274040772582751,-60.171306657528078,-60.171306657528078,0,0
0.00097549999999999991,57.251135737586118,-60.232861596537489,-60.232861596537489,0,0
0.00097559999999999997,57.228239862771325,-60.230189030475927,-60.230189030475927,0,0
0.00097569999999999992,57.205353144475033,-60.163271907834144,-60.163271907834144,0,0
0.00097579999999999997,57.182475579035369,-60.03222374207084,-60.03222374207084,0,0
0.00097589999999999992,57.159607162791914,-59.837288379338787,-59.837288379338787,0,0
0.00097599999999999998,57.136747892085729,-59.578839501356342,-59.578839501356342,0,0
0.00097609999999999993,57.113897763259331,-59.25737986443805,-59.25737986443805,0,0
0.00097619999999999998,57.091056772656692,-58.873540276233641,-58.873540276233641,0,0
0.00097629999999999993,57.068224916623265,-58.42807831225835,-58.42807831225835,0,0
0.00097639999999999999,57.045402191505943,-57.921876774825819,-57.921876774825819,0,0
0.00097649999999999994,57.02258859365309,-57.355941897518377,-57.355941897518377,0,0
0.00097659999999999999,56.999784119414535,-56.731401298846777,-56.731401298846777,0,0
0.00097670000000000005,56.976988765141563,-56.049501689260779,-56.049501689260779,0,0
0.00097679999999999989,56.954202527186915,-55.311606336173369,-55.311606336173369,0,0
0.00097689999999999995,56.931425401904797,-54.519192292153107,-54.519192292153107,0,0
0.000977,56.908657385650862,-53.673847391920219,-53.673847391920219,0,0
0.00097710000000000006,56.88589847478223,-52.777267024251799,-52.777267024251799,0,0
0.0009771999999999999,56.863148665657476,-51.831250685358953,-51.831250685358953,0,0
0.00097729999999999996,56.840407954636632,-50.83769832074266,-50.83769832074266,0,0
0.00097740000000000001,56.817676338081178,-49.798606462964798,-49.798606462964798,0,0
0.00097749999999999985,56.794953812354059,-48.716064173185615,-48.716064173185615,0,0
0.00097759999999999991,56.77224037381967,-47.592248794717307,-47.592248794717307,0,0
0.00097769999999999997,56.749536018843862,-46.42942152722577,-46.42942152722577,0,0
0.00097780000000000002,56.726840743793943,-45.229922830576356,-45.229922830576356,0,0
0.00097789999999999986,56.704154545038662,-43.996167667666072,-43.996167667666072,0,0
0.00097799999999999992,56.681477418948226,-42.730640595911339,-42.730640595911339,0,0
0.00097809999999999998,56.658809361894299,-41.435890717368288,-41.435890717368288,0,0
0.00097820000000000003,56.636150370249993,-40.11452649774921,-40.11452649774921,0,0
0.00097829999999999987,56.613500440389863,-38.769210464865672,-38.769210464865672,0,0
0.00097839999999999993,56.590859568689929,-37.402653797273153,-37.402653797273153,0,0
0.00097849999999999999,56.568227751527644,-36.017610814115443,-36.017610814115443,0,0
0.00097860000000000004,56.545604985281919,-34.616873377367462,-34.616873377367462,0,0
0.00097869999999999988,56.522991266333115,-33.203265217853257,-33.203265217853257,0,0
0.00097879999999999994,56.500386591063034,-31.779636196570333,-31.779636196570333,0,0
0.0009789,56.477790955854928,-30.348856512983339,-30.348856512983339,0,0
0.00097900000000000005,56.455204357093493,-28.913810872057155,-28.913810872057155,0,0
0.00097909999999999989,56.432626791164878,-27.477392621883652,-27.477392621883652,0,0
0.00097919999999999995,56.410058254456672,-26.042497873815648,-26.042497873815648,0,0
0.00097930000000000001,56.387498743357902,-24.6120196170572,-24.6120196170572,0,0
0.00097940000000000006,56.364948254259055,-23.188841839670374,-23.188841839670374,0,0
0.0009794999999999999,56.342406783552043,-21.775833667945509,-21.775833667945509,0,0
0.00097959999999999996,56.319874327630238,-20.375843536044503,-20.375843536044503,0,0
0.00097970000000000002,56.297350882888445,-18.99169339776499,-18.99169339776499,0,0
0.00097979999999999986,56.274836445722919,-17.626172992187573,-17.626172992187573,0,0
0.00097989999999999991,56.252331012531343,-16.282034174858502,-16.282034174858502,0,0
0.00097999999999999997,56.22983457971285,0,0,0,0
0.00098010000000000002,56.213189891028101,0,0,118.41816080459751,118.41816080459751
0.00098019999999999986,56.208811145978423,0,0,244.78515211512615,244.78515211512615
0.00098029999999999992,56.217351295419945,0,0,376.34336150079082,376.34336150079082
0.00098039999999999998,56.239182200415911,0,0,510.24121152571189,510.24121152571189
0.00098050000000000003,56.27438792351348,0,0,643.58484164804634,643.58484164804634
0.00098059999999999987,56.322763235735692,0,0,773.49055005843161,773.49055005843161
0.00098069999999999993,56.383817365732611,0,0,897.13704550608725,897.13704550608725
0.00098079999999999999,56.456782922582555,0,0,1011.8165627114371,1011.8165627114371
0.00098090000000000004,56.540629830033481,0,0,1114.98391565613,1114.98391565613
0.00098099999999999988,56.63408401922225,0,0,1204.3026004980654,1204.3026004980654
0.00098109999999999994,56.735650540749504,0,0,1277.6871134001312,1277.6871134001312
0.0009812,56.843640676980179,0,0,1333.3407172151944,1333.3407172151944
0.00098130000000000005,56.956202563032811,0,0,1369.7879734912299,1369.7879734912299
0.00098139999999999989,57.071354761424942,0,0,1385.9014511530409,1385.9014511530409
0.00098149999999999995,57.187022181907125,0,0,1380.9221287606463,1380.9221287606463
0.00098160000000000001,57.301073695609524,0,0,1354.4731215261763,1354.4731215261763
0.00098170000000000006,57.411360762011583,0,0,1306.5664852200832,1306.5664852200832
0.0009817999999999999,57.515756368977662,0,0,1237.6029745221526,1237.6029745221526
0.00098189999999999996,57.612193580511736,0,0,1148.3647610009052,1148.3647610009052
0.00098200000000000002,57.69870299407004,0,0,1040.0012434245662,1040.0012434245662
0.00098209999999999986,57.77344842910118,0,0,914.00820820813021,914.00820820813021
0.00098219999999999991,57.834760200598552,0,0,772.20071821852946,772.20071821852946
0.00098229999999999997,57.881165375265439,0,0,616.68022171295922,616.68022171295922
0.00098240000000000003,57.911414462615447,0,0,449.79647781807216,449.79647781807216
0.00098249999999999987,57.924504057966445,0,0,274.10498877585462,274.10498877585462
0.00098259999999999992,57.919695027663636,0,0,92.320710487493884,92.320710487493884
0.00098269999999999998,57.896531168085602,-22.923750528313374,-22.923750528313374,0,0
0.00098280000000000004,57.87337718672336,-23.164078399192473,-23.164078399192473,0,0
0.00098289999999999988,57.850232465101591,-23.416138716815372,-23.416138716815372,0,0
0.00098299999999999993,57.827096999517138,-23.67939559155106,-23.67939559155106,0,0
0.00098309999999999999,57.80397078626833,-23.953290396472479,-23.953290396472479,0,0
0.00098320000000000005,57.780853821654972,-24.237242902851367,-24.237242902851367,0,0
0.00098329999999999989,57.757746101978348,-24.530652459537709,-24.530652459537709,0,0
0.00098339999999999994,57.734647623541228,-24.832899213826476,-24.832899213826476,0,0
0.0009835,57.711558382647851,-25.143345371330224,-25.143345371330224,0,0
0.00098360000000000006,57.688478375603935,-25.461336492296713,-25.461336492296713,0,0
0.0009836999999999999,57.665407598716683,-25.786202821736854,-25.786202821736854,0,0
0.00098379999999999995,57.642346048294769,-26.117260650659492,-26.117260650659492,0,0
0.00098390000000000001,57.619293720648344,-26.453813705646471,-26.453813705646471,0,0
0.00098399999999999985,57.596250612089037,-26.795154563943573,-26.795154563943573,0,0
0.00098409999999999991,57.573216718929956,-27.140566091191662,-27.140566091191662,0,0
0.00098419999999999996,57.550192037485672,-27.489322898875738,-27.489322898875738,0,0
0.00098430000000000002,57.527176564072235,-27.840692818530069,-27.840692818530069,0,0
0.00098439999999999986,57.504170295007171,-28.193938389703302,-28.193938389703302,0,0
0.00098449999999999992,57.481173226609478,-28.548318358659603,-28.548318358659603,0,0
0.00098459999999999997,57.458185355199625,-28.903089184770142,-28.903089184770142,0,0
0.00098470000000000003,57.435206677099551,-29.257506551533464,-29.257506551533464,0,0
0.00098479999999999987,57.412237188632666,-29.610826879154228,-29.610826879154228,0,0
0.00098489999999999992,57.389276886123852,-29.962308835606333,-29.962308835606333,0,0
0.00098499999999999998,57.366325765899461,-59.286824599207364,-59.286824599207364,0,0
0.00098510000000000004,57.343383824287315,-59.602627442825266,-59.602627442825266,0,0
0.00098519999999999988,57.320451057616708,-59.855574158534452,-59.855574158534452,0,0
0.00098529999999999993,57.29752746221839,-60.045128180389341,-60.045128180389341,0,0
0.00098539999999999999,57.27461303442459,-60.170881782638261,-60.170881782638261,0,0
0.00098550000000000005,57.251707770568999,-60.232556906714052,-60.232556906714052,0,0
0.00098559999999999989,57.228811666986772,-60.230005724709486,-60.230005724709486,0,0
0.00098569999999999994,57.205924720014529,-60.163210938195974,-60.163210938195974,0,0
0.0009858,57.183046925990368,-60.032285811781193,-60.032285811781193,0,0
0.00098590000000000006,57.160178281253835,-59.837473941340974,-59.837473941340974,0,0
0.0009859999999999999,57.137318782145947,-59.579148757399395,-59.579148757399395,0,0
0.00098609999999999995,57.114468425009186,-59.257812764669922,-59.257812764669922,0,0
0.00098620000000000001,57.091627206187496,-58.874096519305652,-58.874096519305652,0,0
0.00098629999999999985,57.06879512202628,-58.428757345940753,-58.428757345940753,0,0
0.00098639999999999991,57.04597216887241,-57.922677797133147,-57.922677797133147,0,0
0.00098649999999999996,57.023158343074208,-57.356863858342393,-57.356863858342393,0,0
0.00098660000000000002,57.000353640981459,-56.732442902093553,-56.732442902093553,0,0
0.00098669999999999986,56.977558058945412,-56.050661395487666,-56.050661395487666,0,0
0.00098679999999999992,56.954771593318782,-55.312882365720455,-55.312882365720455,0,0
0.00098689999999999997,56.93199424045573,-54.52058262876281,-54.52058262876281,0,0
0.00098700000000000003,56.909225996711875,-53.675349786837614,-53.675349786837614,0,0
0.00098709999999999987,56.886466858444301,-52.778879000797403,-52.778879000797403,0,0
0.00098719999999999993,56.863716822011547,-51.832969543964595,-51.832969543964595,0,0
0.00098729999999999998,56.840975883773602,-50.839521144440297,-50.839521144440297,0,0
0.00098740000000000004,56.818244040091919,-49.80053012331696,-49.80053012331696,0,0
0.00098749999999999988,56.795521287329407,-48.718085336645601,-48.718085336645601,0,0
0.00098759999999999994,56.772807621850419,-47.594363929406086,-47.594363929406086,0,0
0.00098769999999999999,56.750103040020775,-46.431626910111852,-46.431626910111852,0,0
0.00098780000000000005,56.727407538207736,-45.232214555044038,-45.232214555044038,0,0
0.00098789999999999989,56.704721112780028,-43.99854165145662,-43.99854165145662,0,0
0.00098799999999999995,56.682043760107817,-42.733092589421069,-42.733092589421069,0,0
0.0009881,56.65937547656273,-41.438416312286563,-41.438416312286563,0,0
0.00098820000000000006,56.636716258517836,-40.117121136018909,-40.117121136018909,0,0
0.0009882999999999999,56.614066102347664,-38.7718694479478,-38.7718694479478,0,0
0.00098839999999999996,56.591425004428189,-37.40537229569685,-37.40537229569685,0,0
0.00098850000000000001,56.568792961136836,-36.020383877293952,-36.020383877293952,0,0
0.00098859999999999985,56.546169968852482,-34.619695943660126,-34.619695943660126,0,0
0.00098869999999999991,56.523556023955443,-33.206132124852999,-33.206132124852999,0,0
0.00098879999999999997,56.500951122827487,-31.782542191595862,-31.782542191595862,0,0
0.00098890000000000002,56.478355261851831,-30.351796263754643,-30.351796263754643,0,0
0.00098899999999999986,56.455768437413134,-28.916778977532644,-28.916778977532644,0,0
0.00098909999999999992,56.433190645897511,-27.480383623236865,-27.480383623236865,0,0
0.00098919999999999998,56.410621883692514,-26.045506265529298,-26.045506265529298,0,0
0.00098930000000000003,56.388062147187135,-24.615039858111942,-24.615039858111942,0,0
0.00098939999999999987,56.365511432771818,-23.191868364805579,-23.191868364805579,0,0
0.00098949999999999993,56.342969736838455,-21.778860898969185,-21.778860898969185,0,0
0.00098959999999999998,56.320437055780367,-20.378865893169333,-20.378865893169333,0,0
0.00098970000000000004,56.297913385992331,-18.994705310947499,-18.994705310947499,0,0
0.00098979999999999988,56.275398723870552,-17.629168912447312,-17.629168912447312,0,0
0.00098989999999999994,56.252893065812692,-16.285008585554351,-16.285008585554351,0,0
0.00098999999999999999,56.230396408217842,0,0,0,0
0.00099010000000000005,56.213750306629429,0,0,118.39446943504743,118.39446943504743
0.00099019999999999989,56.209367810472926,0,0,244.73843749454338,244.73843749454338
0.00099029999999999995,56.217901959137585,0,0,376.27470513508308,376.27470513508308
0.0009904,56.239724742593808,0,0,510.15208866262054,510.15208866262054
0.00099050000000000006,56.274920390329633,0,0,643.47709450227683,643.47709450227683
0.0009905999999999999,56.323283875313926,0,0,773.3663543932538,773.3663543932538
0.00099069999999999996,56.384324659484925,0,0,896.99887117746516,896.99887117746516
0.00099080000000000001,56.457275612321716,0,0,1011.6671288900341,1011.6671288900341
0.00099089999999999985,56.541106940365253,0,0,1114.8261415388479,1114.8261415388479
0.00099099999999999991,56.6345448748122,0,0,1204.139552402386,1204.139552402386
0.00099109999999999997,56.736094778152307,0,0,1277.521949199936,1277.521949199936
0.00099120000000000002,56.84406825081777,0,0,1333.1766291247877,1333.1766291247877
0.00099129999999999986,56.956613746410092,0,0,1369.6281302340899,1369.6281302340899
0.00099139999999999992,57.07175014057632,0,0,1385.7489405628512,1385.7489405628512
0.00099149999999999998,57.187402645171353,0,0,1380.7799018542071,1380.7799018542071
0.00099160000000000003,57.30144041693341,0,0,1354.3439390610199,1354.3439390610199
0.00099169999999999987,57.411715179281785,0,0,1306.4528677044941,1306.4528677044941
0.00099179999999999993,57.516100157573838,0,0,1237.5071565826506,1237.5071565826506
0.00099189999999999999,57.612528622560539,0,0,1148.2886509332218,1148.2886509332218
0.00099200000000000004,57.699031343957358,0,0,1039.9463886601593,1039.9463886601593
0.00099209999999999988,57.773772275867792,0,0,913.97576732105688,913.97576732105688
0.00099219999999999994,57.83508182790063,0,0,772.19143997895594,772.19143997895594
0.0009923,57.881487119625454,0,0,616.69443156590046,616.69443156590046
0.00099240000000000005,57.911738670719885,0,0,449.83407203141468,449.83407203141468
0.00099249999999999989,57.924833043783828,0,0,274.16543636277993,274.16543636277993
0.00099259999999999995,57.920031030159777,0,0,92.403062867591231,92.403062867591231
0.00099270000000000001,57.896871663766021,-22.921220358001147,-22.921220358001147,0,0
0.00099280000000000006,57.873717546232747,-23.161558735425611,-23.161558735425611,0,0
0.0009928999999999999,57.850572688494402,-23.413635025694493,-23.413635025694493,0,0
0.00099299999999999996,57.827437086847809,-23.676913306512784,-23.676913306512784,0,0
0.00099310000000000002,57.804310737591273,-23.950834907248232,-23.950834907248232,0,0
0.00099319999999999986,57.781193637024579,-24.234819544515165,-24.234819544515165,0,0
0.00099329999999999991,57.75808578144899,-24.528266501665126,-24.528266501665126,0,0
0.00099339999999999997,57.734987167167247,-24.830555849786879,-24.830555849786879,0,0
0.00099350000000000003,57.711897790483576,-25.141049707733945,-25.141049707733945,0,0
0.00099359999999999987,57.688817647703672,-25.459093538618728,-25.459093538618728,0,0
0.00099369999999999992,57.665746735134718,-25.784017480137937,-25.784017480137937,0,0
0.00099379999999999998,57.642685049085365,-26.115137706025589,-26.115137706025589,0,0
0.00099390000000000004,57.619632585865745,-26.451757815866497,-26.451757815866497,0,0
0.00099399999999999987,57.596589341787457,-26.793170250445446,-26.793170250445446,0,0
0.00099409999999999993,57.573555313163588,-27.138657729755725,-27.138657729755725,0,0
0.00099419999999999999,57.550530496308696,-27.487494710744304,-27.487494710744304,0,0
0.00099430000000000004,57.5275148875388,-27.838948861831074,-27.838948861831074,0,0
0.00099439999999999988,57.504508483171414,-28.192282551205604,-28.192282551205604,0,0
0.00099449999999999994,57.481511279525506,-28.546754345876582,-28.546754345876582,0,0
0.0009946,57.458523272921525,-28.901620518427602,-28.901620518427602,0,0
0.00099470000000000005,57.435544459681388,-29.256136558417356,-29.256136558417356,0,0
0.00099479999999999989,57.412574836128492,-29.60955868535245,-29.60955868535245,0,0
0.00099489999999999995,57.389614398587689,-29.961145360158522,-29.961145360158522,0,0
0.00099500000000000001,57.36666314338531,-59.285768548175497,-59.285768548175497,0,0
0.00099509999999999985,57.343721066849156,-59.601681303797179,-59.601681303797179,0,0
0.0009951999999999999,57.3207881653085,-59.854740195571353,-59.854740195571353,0,0
0.00099529999999999996,57.29786443509407,-60.044408429427634,-60.044408429427634,0,0
0.00099540000000000002,57.274949872538073,-60.170278047355069,-60.170278047355069,0,0
0.00099549999999999986,57.252044473974181,-60.232070754864694,-60.232070754864694,0,0
0.00099559999999999991,57.229148235737526,-60.229638484944516,-60.229638484944516,0,0
0.00099569999999999997,57.206261154164707,-60.162963697364049,-60.162963697364049,0,0
0.00099580000000000003,57.183383225593793,-60.032159412723502,-60.032159412723502,0,0
0.00099589999999999987,57.160514446364317,-59.837468981181402,-59.837468981181402,0,0
0.00099599999999999992,57.137654812817274,-59.579265586334216,-59.579265586334216,0,0
0.00099609999999999998,57.114804321295125,-59.258051485259116,-59.258051485259116,0,0
0.00099620000000000004,57.091962968141793,-58.874456986267589,-58.874456986267589,0,0
0.00099629999999999988,57.069130749702659,-58.429239166450543,-58.429239166450543,0,0
0.00099639999999999993,57.046307662324566,-57.923280331623943,-57.923280331623943,0,0
0.00099649999999999999,57.023493702355815,-57.357586221808191,-57.357586221808191,0,0
0.00099660000000000005,57.000688866146177,-56.733283965890706,-56.733283965890706,0,0
0.00099669999999999989,56.977893150046881,-56.051619789631502,-56.051619789631502,0,0
0.00099679999999999994,56.955106550410612,-55.313956481672335,-55.313956481672335,0,0
0.0009969,56.93232906359151,-54.521770622701851,-54.521770622701851,0,0
0.00099700000000000006,56.909560685945181,-53.676649583410594,-53.676649583410594,0,0
0.0009970999999999999,56.886801413828685,-52.780288297339069,-52.780288297339069,0,0
0.00099719999999999995,56.864051243600535,-51.83448581517996,-51.83448581517996,0,0
0.00099730000000000001,56.841310171620705,-50.841141647539089,-50.841141647539089,0,0
0.00099739999999999985,56.818578194250627,-49.802251903590275,-49.802251903590275,0,0
0.00099749999999999991,56.795855307853181,-48.719905233472858,-48.719905233472858,0,0
0.00099759999999999996,56.773141508792705,-47.596278582680611,-47.596278582680611,0,0
0.00099770000000000002,56.750436793434993,-46.433632767071558,-46.433632767071558,0,0
0.00099779999999999986,56.727741158147289,-45.234307877493663,-45.234307877493663,0,0
0.00099789999999999992,56.705054599298286,-44.000718523366679,-44.000718523366679,0,0
0.00099799999999999997,56.682377113258141,-42.735348924888072,-42.735348924888072,0,0
0.00099810000000000003,56.659708696398454,-41.440747863838368,-41.440747863838368,0,0
0.00099819999999999987,56.637049345092279,-40.119523503248296,-40.119523503248296,0,0
0.00099829999999999993,56.614399055714124,-38.774338086456765,-38.774338086456765,0,0
0.00099839999999999998,56.591757824639934,-37.407902526333345,-37.407902526333345,0,0
0.00099850000000000004,56.569125648247123,-36.022970895662411,-36.022970895662411,0,0
0.00099859999999999988,56.546502522914537,-34.622334829886348,-34.622334829886348,0,0
0.00099869999999999994,56.523888445022472,-33.208817853583597,-33.208817853583597,0,0
0.00099879999999999999,56.501283410952681,-31.785269642211979,-31.785269642211979,0,0
0.00099890000000000005,56.478687417088352,-30.35456023077905,-30.35456023077905,0,0
0.00099899999999999989,56.456100459814131,-28.919574181209249,-28.919574181209249,0,0
0.00099909999999999994,56.433522535516104,-27.483204720260986,-27.483204720260986,0,0
0.0009992,56.410953640581802,-26.048347859906968,-26.048347859906968,0,0
0.00099930000000000006,56.388393771400203,-24.617896512126144,-24.617896512126144,0,0
0.0009993999999999999,56.365842924361729,-23.194734610067151,-23.194734610067151,0,0
0.00099949999999999995,56.343301095858244,-21.781731247529894,-21.781731247529894,0,0
0.00099960000000000001,56.320768282283055,-20.381734848674583,-20.381734848674583,0,0
0.00099969999999999985,56.29824448003091,-18.997567379805986,-18.997567379805986,0,0
0.00099979999999999991,56.275729685498,-17.632018614994916,-17.632018614994916,0,0
0.00099989999999999996,56.253223895081959,-16.287840467189582,-16.287840467189582,0,0
0.001,56.230727105181863,0,0,0,0
