"Time / s","Vmout:Measured voltage","Vp:Measured voltage","Vs1:Measured voltage","Vs2:Measured voltage","VD1:Measured voltage","VD2:Measured voltage","AM_D1:Measured current","AM_D2:Measured current","VC1:Measured voltage"
0,0,34.114051715030769,0,-0.99386819752475608,0,-0.99386819752475608,0,0,0
4.9999999999999998e-07,0.012317075531311008,32.458347919124506,0.061611038230578605,-0.97640507642149899,0,-1.0380161146520777,49.293962699267595,0,30.507295535014968
9.9999999999999995e-07,0.047327833253767541,26.235300114097328,0.13820116167096164,-0.83336016407818558,0,-0.97156132574914722,90.873328417194102,0,117.27835663774849
1.5e-06,0.099558847618397062,16.40950272181999,0.21791559057820462,-0.58691439926099376,0,-0.80482998983919851,118.35674295980755,0,246.86637478674561
1.9999999999999999e-06,0.16089775308167437,4.4966406457746118,0.28843924989310099,-0.27507411034501028,0,-0.56351336023811127,127.54149681142664,0,399.27825993872187
2.4999999999999998e-06,0.22184483903342567,-7.6704752776955516,0.33888906642924377,0.054200065795035002,0,-0.28468900063420888,117.0442273958181,0,551.05925589880906
3.0000000000000001e-06,0.27297499063931369,-18.224067415795822,0.36148224431219905,0.35038024601549789,0,-0.011101998296701332,88.507253672885355,0,678.9024844108568
3.4999999999999999e-06,0.30660079451765526,-23.66833322063054,0.35774160292696783,0.35774160292696783,0,0,48.503558153540602,2.6372502557719635,760.53063713147833
3.9999999999999998e-06,0.32285832672104448,-25.467703055641881,0.33805902029453622,0.33805902029453622,0,0,5.8777153841580265,9.3229781893337087,787.97412315411532
4.5000000000000001e-06,0.33667216316849441,-35.715153764155346,-1.233432544198994,0.38623637548619338,-1.6196689196851874,0,0,49.564212317699003,749.05842741581421
4.9999999999999996e-06,0.37065455128618119,-63.780669101474786,-2.0871757281140351,0.4584934887610097,-2.5456692168750448,0,0,87.838937474828526,665.10881318147642
5.4999999999999999e-06,0.43267417489971416,-52.759294797664339,-1.8340589318311931,0.59458733339190473,-2.4286462652230982,0,0,161.91315849219063,511.34731471255225
6.0000000000000002e-06,0.52539452370512618,-35.29747292534217,-1.396143976151841,0.73635873689001008,-2.132502713041851,0,0,210.96421318488393,281.02908534972852
6.4999999999999996e-06,0.63439735751264781,-14.088083323963826,-0.84092224953834371,0.86186071264372088,-1.7027829621820647,0,0,227.46335513107303,9.6878766039589692
6.9999999999999999e-06,0.7427702571789645,7.6067025909916044,-0.25373006290306732,0.95166759991043193,-1.2053976628134992,0,0,208.89734273146746,-260.91973391248717
7.4999999999999993e-06,0.83370940381671799,26.457636974224847,0.27539531327859368,0.9918529802633389,-0.71645766698474511,0,0,158.14357644662087,-489.24053294428825
7.9999999999999996e-06,0.89310005820890859,39.579825900276987,0.66555313190830157,0.97611661904360325,-0.3105634871353018,0,0,83.01656083469463,-640.30573547446977
8.4999999999999999e-06,0.91174138997207244,72.57574435057748,0.91638451224422068,-2.5721173053350435,0,-3.4885018175792641,4.6431222721481964,0,-685.49779421744074
9.0000000000000002e-06,0.93358051141016984,69.562075175472572,1.0201382955182907,-2.536141208716387,0,-3.556279504234678,86.557784108120828,0,-631.47441359759989
9.4999999999999988e-06,0.99301737604671525,58.92355729753659,1.1482207960836441,-2.2901769060490436,0,-3.4383977021326877,155.20342003692886,0,-483.64569086577382
9.9999999999999991e-06,1.0807315518966734,76.420084306199456,1.2807051455261254,-2.8660889179515907,0,-4.1467940634777163,199.97359362945207,0,-264.91369723481415
1.0499999999999999e-05,1.195350496852168,54.730426671313907,1.4585945206462547,-2.3230418041954888,0,-3.7816363248417439,263.24402379408673,0,21.487233816173095
1.1e-05,1.3313043288167588,28.135411228254885,1.6171394971011781,-1.6274213282176433,0,-3.2445608253188216,285.83516828441941,0,361.938612446994
1.15e-05,1.4673706723536837,0.72320176542435632,1.7316314511360684,-0.88598925850080423,0,-2.6176207096368729,264.2607787823847,0,704.04557833683998
1.2e-05,1.5823037586454507,-23.30228247257039,1.784128813428048,-0.21225977279150432,0,-1.9963885862195521,201.82505478259736,0,995.2735655517954
1.2499999999999999e-05,1.6580974383226876,-40.267226151993697,1.7661979380760544,0.29094779201927912,0,-1.475250146056776,108.10049975336671,0,1191.0165313773216
1.2999999999999999e-05,1.68272228477371,-99.165988302347557,-3.730737666333654,1.6850768941595389,-5.4158145604931924,0,0,2.3546093858289217,1258.4644303536707
1.3499999999999999e-05,1.7075325284142859,-95.929066207060771,-3.6995712914217909,1.8114819244515679,-5.5110532158733587,0,0,103.94939603728204,1197.7509631251901
1.4e-05,1.7791653677407573,-83.180275210327622,-3.4068351387027476,1.9690112829596826,-5.3758464216624304,0,0,189.84591521892534,1019.8766178665936
1.45e-05,1.8863997010464804,-62.89345950986862,-2.8977786405863157,2.1331277129437525,-5.0309063535300691,0,0,246.72801189727215,752.40771716452571
1.4999999999999999e-05,2.0124921399293219,-72.30988852763096,-3.244603298340782,2.2782565748987813,-5.5228598732395628,0,0,265.76443496945927,436.60881435365258
1.5500000000000001e-05,2.1500780946667684,-45.338499505214749,-2.541278267818746,2.4433294999691708,-4.9846077677879164,0,0,293.25140530240242,90.567264562293929
1.5999999999999999e-05,2.2899428829794117,-17.063072897447235,-1.7784831862223895,2.5654006746310127,-4.3438838608534018,0,0,275.45779165160087,-263.02617575415479
1.6499999999999998e-05,2.4101202989033945,8.1821753638463903,-1.0728466804635044,2.625163969243312,-3.6980106497068164,0,0,215.04367033991736,-569.86332712214687
1.7e-05,2.491630504904482,26.539177073404552,-0.53188370068896051,2.6128396394101805,-3.1447233400991412,0,0,121.20913450569833,-782.9354216489993
1.7499999999999998e-05,2.5213886656550981,35.217476914893012,-0.23750401017094669,2.5296559640905296,-2.7671599742614772,0,0,8.2672984354317212,-869.73665267489605
1.8e-05,2.5403390966366608,110.02034394126623,2.6337554636896479,-4.52081350291588,0,-7.1545689666055283,93.416367052987027,0,-814.47672591825676
1.8499999999999999e-05,2.6060516921378469,98.375209534621618,2.7862073545662165,-4.257694832274864,0,-7.0439021868410814,180.15566242836974,0,-650.45565155783936
1.8999999999999998e-05,2.7081988304220301,79.010467808069905,2.947703076385725,-3.7741927531649067,0,-6.7218958295506317,239.50424596369481,0,-394.26993589566013
1.95e-05,2.8307357095503409,54.908264216217084,3.0929184270581653,-3.1445391684676953,0,-6.2374575955258607,262.18271750782435,0,-85.453898580701988
1.9999999999999998e-05,2.9544091955783873,63.882779717005853,3.1989728074017663,-3.4589722325511048,0,-6.6579450399528728,244.56361182337912,0,228.46283765478475
2.05e-05,3.0720384939530803,39.903638677046089,3.31054717498166,-2.8161008294576813,0,-6.1266480044393408,238.50868102857959,0,529.77826128820254
2.0999999999999999e-05,3.1772533326454346,17.580149894364389,3.3726233643583501,-2.1967412083797839,0,-5.5693645727381345,195.37003171291545,0,802.76632566198612
2.1499999999999997e-05,3.2531511115085125,0.32007047644570719,3.3747688711732247,-1.6949630534453126,0,-5.0697319246185373,121.61775966471228,0,1005.5816878723488
2.1999999999999999e-05,3.2872515705355401,-9.2557977138966123,3.3156614858998603,-1.3864595723165261,0,-4.7021210582163864,28.409915364320252,0,1107.2484320408194
2.2499999999999998e-05,3.2948356131407666,-109.17195707770949,-4.8542986112217257,3.3509011089313421,-8.2051997201530664,0,0,56.065495790575717,1075.0057161988216
2.3e-05,3.3371011632249266,-101.93369626449891,-4.6998695367374079,3.4639144027217519,-8.1637839394591616,0,0,126.81323949682545,969.77375374717315
2.3499999999999999e-05,3.4099704062174006,-88.21683513715854,-4.3625702650864078,3.5886905377934757,-7.951260802879883,0,0,178.72013157607523,786.44137090050833
2.4000000000000001e-05,3.5019446241512484,-70.133212606382799,-3.894082490123727,3.7055211872904987,-7.5996036774142262,0,0,203.57656313925037,553.32424871193359
2.4499999999999999e-05,3.5984769477397593,-50.458368799374554,-3.3659854890802685,3.7958222238959909,-7.1618077129762607,0,0,197.34527615623153,306.31992363441856
2.4999999999999998e-05,3.6842132987425495,-66.318738281812557,-3.8526128705482448,3.8449856979443164,-7.6975985684925616,0,0,160.77239920176694,83.378426343944938
2.55e-05,3.7576698358134282,-50.613347630046803,-3.4256461090285217,3.9062275080921656,-7.3318736171206877,0,0,148.55767227873736,-111.83830201306728
2.5999999999999998e-05,3.8190915520300175,-36.675757241756095,-3.0324684148851886,3.9320056641756436,-6.9644740790608335,0,0,112.91411214562595,-279.93676159236111
2.65e-05,3.8580907912589888,-26.621208888990836,-2.7321310514525505,3.9171677659110982,-6.6492988173636496,0,0,59.076974652109328,-395.18143054039956
2.6999999999999999e-05,3.8674170060611752,96.738458251905399,3.8708516548957346,-4.7517711478997802,0,-8.6226228027955152,3.4346488345591362,0,-435.28956373668223
2.7499999999999998e-05,3.8761282897921823,95.793452778324365,3.9236711619146778,-4.7506220746195638,0,-8.6742932365342416,47.542872122495609,0,-414.69823003476967
2.8e-05,3.905318246174704,90.527877207656829,3.9907465465322249,-4.6307194150875421,0,-8.6214659616197675,85.42830035752084,0,-340.86858372960995
2.8499999999999998e-05,3.9503262793117657,81.752152659753094,4.0612960375972538,-4.4102884200128507,0,-8.4715844576101063,110.96975828548821,0,-225.24646232594574
2.9e-05,4.0039147076488391,70.811361966951054,4.123869998101144,-4.1227974211847007,0,-8.2466674192858456,119.95529045230504,0,-85.668545881793364
2.9499999999999999e-05,4.0573861765177819,59.377530194501503,4.1681111383832601,-3.811785392417768,0,-7.9798965308010281,110.72496186547836,0,56.390710206842598
2.9999999999999997e-05,4.1019228628166298,83.30575548532606,4.1863432066451569,-4.5180094836884024,0,-8.7043526903335611,84.420343828527237,0,179.12485773062477
3.0499999999999999e-05,4.1422582751573103,74.256680197808407,4.2363549580622823,-4.2793565300590046,0,-8.5157114881212888,94.096682904972511,0,294.25206095504529
3.1000000000000001e-05,4.1835823202593474,64.540792260354849,4.2721273190029745,-4.0141645362789493,0,-8.2862918552819256,88.544998743626991,0,414.63646666613329
3.15e-05,4.2184237106357569,55.627240759522586,4.2867484526288004,-3.7617828939702176,0,-8.0485313465990185,68.324741993043489,0,521.80324899131699
3.1999999999999999e-05,4.2401612926524157,48.856060870941249,4.2764089308161939,-3.5593490292055923,0,-7.8357579600217875,36.247638163777978,0,599.35025642558571
3.2499999999999997e-05,4.2437578753440048,-85.247494558754084,-4.6039845849250653,4.2452142854337476,-8.8491988703588138,0,0,1.4564100897423624,632.94709162086792
3.2999999999999996e-05,4.2447205165832189,-85.704306848961465,-4.6270754366706797,4.2647990014335111,-8.891874438104189,0,0,20.078484850291801,634.78036653370839
3.3500000000000001e-05,4.2546320499031252,-84.154549517648775,-4.5954651017523815,4.2919066828459682,-8.8873717845983506,0,0,37.2746329428427,611.7264368147255
3.4e-05,4.2720265502582979,-80.836126826147904,-4.5138651389083311,4.3220937908198112,-8.8359589297281431,0,0,50.067240561513294,567.37529267018135
3.4499999999999998e-05,4.2941222239752168,-76.255190058675993,-4.3944859774533711,4.3502838215610291,-8.7447697990144011,0,0,56.161597585812324,508.57696667823114
3.4999999999999997e-05,4.3172517602892171,-105.22214578348715,-5.2490216987777831,4.3715486704266189,-9.6205703692044029,0,0,54.296910137401618,444.38248223921181
3.5499999999999996e-05,4.3497449933958592,-98.63157708149231,-5.0929411912175953,4.4434772589218676,-9.5364184501394647,0,0,93.732265526008632,354.14146015533578
3.6000000000000001e-05,4.3982846894367356,-88.427429339508024,-4.8323482125097232,4.5169362699134661,-9.3492844824231902,0,0,118.65158047673091,221.24490981580925
3.65e-05,4.4545638748124521,-76.164931621020003,-4.5063321508068599,4.5794724703474392,-9.0858046211543009,0,0,124.90859553498696,66.174822707989932
3.6999999999999998e-05,4.5089307134835686,-63.709136638921493,-4.1637733045081768,4.6201634196919956,-8.7839367242001742,0,0,111.23270620842736,-87.228738896864598
3.7499999999999997e-05,4.5518742123586193,-52.94783701573968,-3.8558155614347456,4.6312921785792298,-8.4871077400139754,0,0,79.417966220610211,-215.43611314728977
3.7999999999999995e-05,4.5754851281903202,-45.501610753253559,-3.628007767761035,4.6095261572559867,-8.2375339250170221,0,0,34.041029065666926,-298.84090746033422
3.8500000000000001e-05,4.5757398017036746,97.480323942575794,4.5855409330602095,-5.1303592681523265,0,-9.7159002012125359,9.8011313565349685,0,-314.9312715683804
3.8999999999999999e-05,4.5826562550932257,96.739220498776831,4.6196009290798861,-5.1257805646262362,0,-9.7453814937061232,36.944673986660177,0,-300.108511776189
3.9499999999999998e-05,4.6020844001798515,93.231040010816798,4.6619871829048485,-5.044745517706918,0,-9.7067327006117683,59.902782724997053,0,-251.33470416997486
3.9999999999999996e-05,4.6309488638135701,121.60694097995386,4.7057394215901001,-5.8932936923728985,0,-10.599033113962999,74.790557776529567,0,-176.16633371625292
4.0499999999999995e-05,4.6768648313581114,112.85942042041836,4.8051294222913565,-5.6880897153366146,0,-10.493219137627971,128.26459093324493,0,-55.687010482231926
4.1e-05,4.7446065879279962,99.269241902665144,4.9069370887311381,-5.3430088258483224,0,-10.249945914579461,162.33050080314209,0,122.02351615129042
4.1499999999999999e-05,4.8230608222753091,82.91645223384235,4.9944798992993427,-4.9103178334550766,0,-9.9047977327544192,171.41907702403338,0,329.56701910261665
4.1999999999999998e-05,4.8993042680074446,66.297678615422143,5.0531139011833766,-4.4554383012291581,0,-9.5085522024125364,153.80963317593233,0,535.02632769598824
4.2499999999999996e-05,4.9605928147178409,51.941818724855068,5.0724788206391702,-4.0468715732951317,0,-9.1193503939343028,111.88600592132934,0,706.87676033011564
4.2999999999999995e-05,4.99631883759149,42.021609475321739,5.0480804891070665,-3.7456727338603231,0,-8.7937532229673909,51.761651515576773,0,818.82662474566564
4.35e-05,5.0001888140822732,-114.83086039226731,-5.8483931535591598,5.0110787877919787,-10.859471941351137,0,0,10.889973709705089,841.5302911188661
4.3999999999999999e-05,5.0107837239607669,-113.3410203082878,-5.8309870794223801,5.0631295825526239,-10.894116661975005,0,0,52.345858591856675,814.69077381291731
4.4499999999999997e-05,5.0403776713928599,-107.74846329681458,-5.7001310000541743,5.1273475221030242,-10.827478522157199,0,0,86.96985071016465,737.54377226478448
4.4999999999999996e-05,5.0841105597420722,-133.02410964298022,-6.4693784939797805,5.1931649462436171,-11.662543440223397,0,0,109.05438650154525,622.03470021092164
4.5499999999999995e-05,5.1470767530125823,-120.63297966090857,-6.1673366650442354,5.3112021131613139,-11.47853877820555,0,0,164.12536014873135,455.46315562817597
4.6e-05,5.2311821459399441,-103.41214536336444,-5.7225200961781146,5.4250997302068109,-11.147619826384926,0,0,193.91758426686678,232.99406823437187
4.6499999999999999e-05,5.3225383750864763,-83.994119757157819,-5.2022207591380614,5.5160326251578757,-10.718253384295936,0,0,193.49425007139908,-11.108836700199998
4.6999999999999997e-05,5.4059667478650413,-65.339685637765044,-4.6849733042668964,5.5685370412473834,-10.253510345514281,0,0,162.5702933823423,-239.33699724462608
4.7499999999999996e-05,5.4673326995506182,-50.282497733327247,-4.2484705566982557,5.5728789200927,-9.8213494767909566,0,0,105.54622054208167,-416.70436954212835
4.8000000000000001e-05,5.4957149034733339,-41.094193998061961,-3.9576344759380304,5.5265371811284121,-9.4841716570664438,0,0,30.822277655078253,-516.11491737730455
4.85e-05,5.4960149258163327,128.55457720118795,5.5275622048707538,-6.5061901238631572,0,-12.033752328733911,31.547279054420887,0,-509.19035066026197
4.8999999999999998e-05,5.5178006760321638,125.01136198360584,5.5963418470115815,-6.4373174233551005,0,-12.033659270366682,78.541170979418027,0,-455.25416902159236
4.9499999999999997e-05,5.5603845704669617,116.92291134260866,5.6752585298236049,-6.2410885194462722,0,-11.916347049269877,114.87395935664324,0,-346.18654063093715
4.9999999999999996e-05,5.616917269504234,139.64265331131043,5.7514601517966168,-6.9410598140940145,0,-12.692519965890632,134.54288229238296,0,-198.84463758774027
5.0500000000000001e-05,5.6905163803137029,125.02933002853119,5.873927094696314,-6.5764898909326028,0,-12.45041698562892,183.41071438261153,0,-5.4166827365724757
5.1e-05,5.7814275194298128,106.2587664430926,5.9855612446361066,-6.085393427492809,0,-12.070954672128916,204.13372520629372,0,234.81862247783144
5.1499999999999998e-05,5.8746734235298765,86.198477080884317,6.0678068583550031,-5.5420434319395113,0,-11.609850290294515,193.13343482512681,0,484.89013426853791
5.1999999999999997e-05,5.9547235834989811,67.904011027231661,6.106435365648248,-5.0283524004544038,0,-11.134787766102653,151.71178214926661,0,706.40015442846311
5.2499999999999995e-05,6.0078811829657539,54.149304986205351,6.0937218919470464,-4.6212769040768995,0,-10.714998796023947,85.840708981292849,0,865.42438981262876
5.3000000000000001e-05,6.0243833083909841,47.001304480390843,6.0296183188009405,-4.3810106579888632,0,-10.410628976789804,5.2350104099559189,0,937.71211312695527
5.3499999999999999e-05,6.0290507740067172,-138.06062068922566,-7.0577724670992819,6.0774036605843378,-13.135176127683621,0,0,48.352886577620772,921.3743530490018
5.3999999999999998e-05,6.0583536505803739,-132.76877986759527,-6.9410581670738978,6.1523943628485993,-13.093452529922496,0,0,94.040712268225377,845.81558035293972
5.4499999999999997e-05,6.1071439072216718,-123.11652028112229,-6.7004175307541516,6.233609008097388,-12.934026538851542,0,0,126.46510087571608,717.99670558073399
5.4999999999999995e-05,6.1674140617869204,-144.69421631695513,-7.3660134290283548,6.3076015749409615,-13.673615003969317,0,0,140.18751315404126,557.64450185586679
5.5500000000000001e-05,6.2414852289593368,-129.52821641937868,-6.9820282997316596,6.4234342580173474,-13.405462557749006,0,0,181.94902905801015,358.92709478008999
5.5999999999999999e-05,6.3292893281438474,-110.8738221856872,-6.4891603201545092,6.5247458094845099,-13.01390612963902,0,0,195.45648134066261,121.91244955919022
5.6499999999999998e-05,6.416064795754119,-91.57401096888556,-5.9616082363949419,6.5942630059459946,-12.555871242340938,0,0,178.1982101918754,-116.94675005380948
5.6999999999999996e-05,6.486992447078439,-74.56058060629698,-5.4784928384310998,6.6193862114397444,-12.097879049870844,0,0,132.39376436130553,-320.99752127591927
5.7499999999999995e-05,6.5294722124499138,-62.403723625100703,-5.1116962817534963,6.5941151442818562,-11.705811426035353,0,0,64.642931831941979,-459.01595608588059
5.8e-05,6.5348891361459147,143.30415847481757,6.5436125091676978,-7.4433992624882546,0,-13.987011771655954,8.7233730217832512,0,-498.63970648895389
5.8499999999999999e-05,6.5437191545986524,142.428629795056,6.5975629559935385,-7.444839189279544,0,-14.042402145273083,53.843801394885809,0,-478.66020954852024
5.8999999999999998e-05,6.573505871599318,136.9914657785113,6.6661364903450071,-7.3206858248821289,0,-13.986822315227137,92.630618745689034,0,-402.5494435690585
5.9499999999999996e-05,6.6194456128183177,127.82556059030755,6.738059274541162,-7.0895733640795111,0,-13.827632638620674,118.61366172284434,0,-282.10540139500347
5.9999999999999995e-05,6.6740012365635497,150.44364433765676,6.8013047507578444,-7.7801116107061183,0,-14.581416361463964,127.30351419429462,0,-135.90458644348823
6.05e-05,6.7403829308099876,136.71284316157622,6.9065528272834706,-7.432652289185393,0,-14.339205116468865,166.16989647348285,0,44.072254604949208
6.0999999999999999e-05,6.8196934846294779,119.66551545522029,6.9990159626327886,-6.9821844575658165,0,-13.981200420198606,179.32247800331086,0,260.64466052274508
6.1499999999999991e-05,6.8984442099205872,101.89626269510359,7.0627040866120261,-6.4963116688833189,0,-13.559015755495347,164.25987669143922,0,480.50410259322086
6.2000000000000003e-05,6.9629947404708865,86.100448084273424,7.0858149837939592,-6.0476647974994808,0,-13.13347978129344,122.82024332307253,0,669.91399858534487
6.2500000000000001e-05,7.0016489721850084,74.660056895842644,7.0625386634531209,-5.7027378741795136,0,-12.765276537632635,60.889691268112735,0,799.89167813068684
6.3e-05,7.0059926881968657,-145.64618996852977,-7.7457921213031522,7.0124193411834357,-14.758211462486589,0,0,6.4266529865700317,841.44106704550552
6.3499999999999999e-05,7.011174967390664,-145.30555866121296,-7.7569766688146995,7.054679863795088,-14.811656532609787,0,0,43.504896404423896,829.84220002919335
6.3999999999999997e-05,7.0337144020832749,-141.10943659843394,-7.6621735023863362,7.1096274306356904,-14.771800933022027,0,0,75.913028552415483,770.74219332000575
6.4499999999999996e-05,7.0698775275988268,-133.69718578369711,-7.4753831102886235,7.1679994842954518,-14.643382594584077,0,0,98.121956696625233,673.30683493474874
6.4999999999999994e-05,7.1135661535459009,-158.31055299554998,-8.2183085659653869,7.2197475416399515,-15.438056107605339,0,0,106.18138809405025,552.5646063804021
6.5499999999999993e-05,7.1695768872751247,-146.50571039921613,-7.9230632423793912,7.3171949820996787,-15.240258224479071,0,0,147.61809482455433,396.57812872643814
6.5999999999999992e-05,7.2405020884434039,-131.01773332590008,-7.5165004669824933,7.4066057961580443,-14.923106263140538,0,0,166.10370771464076,198.84318038957406
6.6500000000000004e-05,7.3140167650655812,-114.19992185890769,-7.0593455179640721,7.4722936781177927,-14.531639196081864,0,0,158.27691305221137,-10.216272939917879
6.7000000000000002e-05,7.3771407620132452,-98.599949646767286,-6.6196817827620107,7.5019664149331016,-14.121648197695114,0,0,124.82565291985631,-198.50766989393455
6.7500000000000001e-05,7.4182344667727413,-86.568203563946355,-6.2624799962809741,7.4886073312841717,-13.751087327565147,0,0,70.37286451143045,-337.20203645589208
6.7999999999999999e-05,7.4287843985485891,-79.897269602754704,-6.0396282129271599,7.4315425504433019,-13.471170763370463,0,0,2.7581518947131904,-405.15430014904643
6.8499999999999998e-05,7.4281468147198435,149.63015673309448,7.4590883532725183,-8.0849631576988816,0,-15.544051510971402,30.941538552675187,0,-407.5103684372873
6.8999999999999997e-05,7.4433224706754473,147.04507681193508,7.5040657836230897,-8.0321156837698791,0,-15.53618146739297,60.743312947642451,0,-369.09727950919932
6.9499999999999995e-05,7.4715166884746491,141.38474120768583,7.554622828305372,-7.8924615850714908,0,-15.447084413376864,83.106139830723336,0,-293.61369450518913
6.9999999999999994e-05,7.5079958534050766,167.62235333254273,7.6020136910916447,-8.6805309453381518,0,-16.282544636429797,94.017837686567873,0,-192.71571098723084
7.0499999999999992e-05,7.5587848746073298,157.06805501348106,7.699312248246466,-8.421644226083437,0,-16.120956474329905,140.52737363913619,0,-51.425344878088339
7.0999999999999991e-05,7.6273801298267472,142.26645457026405,7.7928716208245161,-8.0371502671138302,0,-15.830021887938349,165.49149099776906,0,139.00504471127738
7.1500000000000003e-05,7.7018986917072105,125.46766582144917,7.8664174457761575,-7.5844744256028367,0,-15.450891871378996,164.51875406894661,0,349.25606955878726
7.2000000000000002e-05,7.7692733597326784,109.21859595113108,7.9064848862060995,-7.131092053880657,0,-15.037576940086758,137.2115264734212,0,547.03307036326339
7.25e-05,7.8172628852804751,95.971180925578864,7.9044814115086828,-6.7441452743394308,0,-14.648626685848114,87.218526228207907,0,702.0321655246579
7.2999999999999999e-05,7.8363310664556316,87.706057209547382,7.8579969189941661,-6.4801335308992165,0,-14.338130449893383,21.66585253853448,0,790.58979342274051
7.3499999999999998e-05,7.8312202518519394,-154.71978077060095,-8.4294753070386843,7.8519601665418923,-16.281435473580579,0,0,20.739914689953025,796.23667513337989
7.3999999999999996e-05,7.8404886937180516,-153.25504422141594,-8.4055386038749749,7.8894719401291464,-16.295010544004125,0,0,48.983246411094591,772.30929714622232
7.4499999999999995e-05,7.8624800016025889,-148.78253798192071,-8.2975671456033169,7.9341765048448885,-16.231743650448209,0,0,71.696503242299201,711.81221744682591
7.4999999999999993e-05,7.8933925543785595,-176.09289056675547,-9.1151929655177248,7.9781709967317616,-17.093363962249487,0,0,84.77844235320191,624.09825744348268
7.5499999999999992e-05,7.9400683649159562,-166.32927663208858,-8.879097047197904,8.074979541627533,-16.954076588825441,0,0,134.91117671157738,492.16671806674691
7.5999999999999991e-05,8.0065805401898569,-151.9144251519015,-8.5070699377779473,8.1709402497928458,-16.678010187570795,0,0,164.35970960298886,305.83852835955219
7.6500000000000003e-05,8.0812940715662762,-135.03824282793909,-8.0545462515310824,8.2493048929101249,-16.303851144441207,0,0,168.01082134384782,93.812529848127483
7.7000000000000001e-05,8.1510237636043215,-118.25859880943044,-7.5888913506368656,8.2957490392359254,-15.884640389872793,0,0,144.72527563160392,-111.33327418928947
7.75e-05,8.2030634151399191,-104.10772438178677,-7.1790310332126381,8.3005677606064197,-15.47959879381906,0,0,97.504345466500467,-278.15323177425631
7.7999999999999999e-05,8.2271371310538601,-94.703402356796474,-6.8848640796596703,8.2601572337143576,-15.145021313374029,0,0,33.020102660497827,-381.16081783390194
7.8499999999999997e-05,8.2217465768154003,160.60696952387326,8.237358368141507,-8.7934905205906766,0,-17.030848888732184,15.6117913261075,0,-395.66614367292402
7.8999999999999996e-05,8.227919149775051,159.87512374386648,8.2712677872179459,-8.7891063164108054,0,-17.060374103628753,43.348637442894912,0,-380.98059742921214
7.9499999999999994e-05,8.2468576295837721,156.12490264231599,8.3135853629994223,-8.700985429871686,0,-17.014570792871108,66.727733415650761,0,-329.38254545302794
7.9999999999999993e-05,8.2753123355408693,184.03611534479566,8.356824613380951,-9.5357392920486319,0,-17.892563905429583,81.512277840082376,0,-248.85953611619692
8.0499999999999992e-05,8.3205688407212985,174.66170257610798,8.454657336053474,-9.311493798679658,0,-17.766151134733132,134.088495332175,0,-121.31152721612111
8.099999999999999e-05,8.3869678005330357,160.3651887093628,8.5532825124504228,-8.9442451560036922,0,-17.497527668454111,166.31471191738754,0,64.106319775231285
8.1500000000000002e-05,8.4629254463376338,143.31902193209055,8.6355452619029531,-8.4887162315976035,0,-17.124261493500555,172.61981556531919,0,278.82704000473524
8.2000000000000001e-05,8.5350839429088321,126.10765260123878,8.686510633189231,-8.0127418524624332,0,-16.699252485651662,151.42669028039845,0,489.85106174666663
8.25e-05,8.5903675903757115,111.32975439791588,8.6957535139905033,-7.5868238094249989,0,-16.282577323415502,105.38592361479229,0,664.8236716349312
8.2999999999999998e-05,8.6179913199381417,101.19912554809622,8.65895106230289,-7.2732990288666812,0,-15.932250091169573,40.959742364749133,0,777.00242938804092
8.3499999999999997e-05,8.6132945069014379,-166.81124531622186,-9.1682290610899688,8.6257304704061593,-17.793959531496132,0,0,12.435963504720526,798.27844090435315
8.3999999999999995e-05,8.6173719017475001,-166.43819028266648,-9.1730504722111164,8.6571427393117037,-17.830193211522825,0,0,39.770837564204122,788.25255601856213
8.4499999999999994e-05,8.6341654656369968,-163.04508671349214,-9.0943593821154902,8.6975095864794909,-17.791868968594983,0,0,63.344120842494299,741.19600422652866
8.4999999999999993e-05,8.660708069819254,-191.25636069532038,-9.9372640065621489,8.7395653522379817,-18.676829358800131,0,0,78.857282418727124,664.3980664545528
8.5499999999999991e-05,8.7045165678763343,-182.07636652544545,-9.7185191907051891,8.8370708290144542,-18.555590019719645,0,0,132.55426113811933,539.18618500712773
8.599999999999999e-05,8.7700760280163017,-167.83738673799485,-9.3531809869996998,8.936165008679497,-18.289345995679195,0,0,166.08898066319463,354.35697327289517
8.6500000000000002e-05,8.8458378912672444,-150.70122988411774,-8.8955639798563002,9.0194961842729882,-17.91506016412929,0,0,173.65829300574393,138.38837895495973
8.7000000000000001e-05,8.9183653730372558,-133.26414931475327,-8.4136951978238432,9.0718257639121891,-17.485520961736032,0,0,153.4603908749325,-75.526838971091394
8.7499999999999999e-05,8.9744020820220225,-118.15720572201901,-7.9788384182865411,9.0823651259508651,-17.061203544237404,0,0,107.96304392884171,-254.58883941587615
8.7999999999999998e-05,9.0029085496771142,-107.64214973570941,-7.6545441273769761,9.046424106851342,-16.70096823422832,0,0,43.515557174227979,-371.42704067798024
8.8499999999999996e-05,8.9982079836370552,172.62113344659079,9.0093424946438283,-9.5291000578254295,0,-18.53844255246926,11.134511006773609,0,-397.1273529048172
8.8999999999999995e-05,9.0010061845689329,172.55851190654977,9.038562840140095,-9.5418707144916155,0,-18.580433554631711,37.556655571161613,0,-391.1349224233121
8.9499999999999994e-05,9.0162052187218329,169.52561000061468,9.0769805568524546,-9.4727000712032758,0,-18.549680628055732,60.775338130622494,0,-348.65208486295415
8.9999999999999992e-05,9.0411229598103411,198.0908495092487,9.1176380197390277,-10.325218589568856,0,-19.442856609307885,76.515059928686682,0,-276.26445587146435
9.0499999999999991e-05,9.0835498367920415,189.20513621299187,9.2145020197830743,-10.114726854927293,0,-19.329228874710363,130.95218299103195,0,-154.62303584803249
9.0999999999999989e-05,9.1481913083474762,175.15516319944101,9.3137878056305485,-9.7549908198741786,0,-19.068778625504727,165.59649728307284,0,28.021484520840382
9.1500000000000001e-05,9.2236326898923942,158.07336134447047,9.398076352118661,-9.2994355644754947,0,-18.697511916594156,174.44366222626641,0,243.52394144346846
9.2e-05,9.2964640528228575,140.54707842485595,9.4519293771990949,-8.8157289232891554,0,-18.26765830048825,155.46532437623813,0,458.76019245250711
9.2499999999999999e-05,9.35334498612022,125.22026380056337,9.4642571637645609,-8.3753597762154097,0,-17.839616939979969,110.91217764434089,0,640.72489620642921
9.2999999999999997e-05,9.3830542932719752,114.38732626705517,9.4300135094000552,-8.0426522270395484,0,-17.472665736439605,46.959216128080215,0,761.59998615249356
9.3499999999999996e-05,9.3787292706500374,-178.01357706098037,-9.8753548231018158,9.3880403684802172,-19.263395191582035,0,0,9.3110978301792819,791.967984678216
9.3999999999999994e-05,9.3798635737335996,-178.22886299551629,-9.8946782371016582,9.4141700899967962,-19.30884832709846,0,0,34.306516263196983,789.79327156285615
9.4499999999999993e-05,9.3928306792696041,-175.57377468594899,-9.8349735734756294,9.4495023648441734,-19.284475938319805,0,0,56.671685574568464,752.29883640536286
9.4999999999999992e-05,9.4152605702418413,-204.5581552776373,-10.698370670667982,9.4874919719926982,-20.18586264266068,0,0,72.231401750856179,685.30087330350682
9.549999999999999e-05,9.4552800046785546,-196.0662542245438,-10.498395128545672,9.5824399668722986,-20.080835095417971,0,0,127.15996219374409,568.61993316440737
9.6000000000000002e-05,9.5179031231360121,-182.32294426565161,-10.147112491332727,9.6807630996217071,-19.827875590954438,0,0,162.85997648569574,389.7433861418811
9.6500000000000001e-05,9.5919486039783273,-165.4119452047882,-9.696548883374799,9.7650827419600397,-19.461631625334839,0,0,173.13413798171254,176.23818811554284
9.7e-05,9.6641290690686397,-147.892635700044,-9.2134938653616061,9.8198336199336858,-19.033327485295295,0,0,155.70455086504651,-39.076561280902567
9.7499999999999998e-05,9.7210973031342913,-132.40599120448323,-8.7692125985025111,9.8336515768072719,-18.602864175309783,0,0,112.55427367298014,-223.18112367766869
9.7999999999999997e-05,9.7514973328357346,-121.26884437487702,-8.428493009323585,9.8011110834601283,-18.229604092783713,0,0,49.613750624393916,-347.92651581025382
9.8499999999999995e-05,9.7475413141238469,182.96950079148985,9.7552172443513179,-10.203137615887146,0,-19.958354860238462,7.6759302274703174,0,-383.77188021326253
9.8999999999999994e-05,9.7470451277331787,183.547918104046,9.7779981736969006,-10.231367723468736,0,-20.009365897165637,30.953045963721539,0,-386.45706404291661
9.9499999999999993e-05,9.7577060511024101,181.37989133974781,9.8100315969048477,-10.184205240888103,0,-19.994236837792954,52.325545802437389,0,-355.26722027861058
9.9999999999999991e-05,9.7775479215014798,210.89971052261021,9.8452883030715732,-11.061836603457875,0,-20.907124906529447,67.740381570093959,0,-295.04711571759827
0.00010049999999999999,9.8151190909228525,202.91002224214117,9.938481443314128,-10.875615853124012,0,-20.814097296438138,123.36235239127532,0,-184.57582926975823
0.000101,9.8758184209469029,189.55823268959665,10.036276175134887,-10.535475722893617,0,-20.571751898028506,160.45775418798462,0,-10.38887184533688
0.0001015,9.9487538001441518,172.86763869524174,10.121338754872433,-10.091704412033991,0,-20.213043166906424,172.58495472828105,0,200.6639153583875
0.000102,10.020787243970682,155.36334810591075,10.177939275057092,-9.6100108144822425,0,-19.787950089539333,157.1520310864091,0,416.13588185664383
0.0001025,10.078558509516421,139.68342262208495,10.194365177599398,-9.1614011826813222,0,-19.355766360280722,115.80666808297687,0,602.97864164497173
0.000103,10.110538551261845,128.17351917907092,10.164712669037179,-8.8112643160432658,0,-18.975976985080443,54.174117775333713,0,732.61871902959365
0.00010349999999999999,10.107919454134972,-187.80591115564181,-10.523015575525925,10.113539020755669,-20.636554596281599,0,0,5.6195666206962045,775.77168134648332
0.00010399999999999999,10.105599284727409,-188.7231558404703,-10.559364084396529,10.132810537849078,-20.692174622245613,0,0,27.211253121669685,783.06417621096102
0.00010449999999999999,10.113768843750851,-187.01630214862871,-10.523896852615454,10.16135951032394,-20.685256362939398,0,0,47.590666573088946,757.91202381835535
0.00010499999999999999,10.130829409282397,-217.04855854023367,-11.414979450240548,10.193657251195969,-21.608636701436517,0,0,62.827841913571369,704.22930360749478
0.00010549999999999999,10.165736817622054,-209.54224456331627,-11.241828591158001,10.284823122039828,-21.526651713197833,0,0,119.08630441777369,599.78872473980539
0.000106,10.224264686142085,-196.56958266300649,-10.912309873392752,10.381769025603944,-21.294078898996698,0,0,157.50433946185828,430.19884473281377
0.0001065,10.295805154154959,-180.0945561949016,-10.475009256147686,10.467212832245208,-20.942222088392896,0,0,171.40767809024874,221.60495655487495
0.000107,10.367370659502024,-162.60799025669607,-9.9945612543223721,10.525273285745158,-20.519834540067531,0,0,157.90262624313368,6.0790390135208403
0.0001075,10.42559476998435,-146.74390835098595,-9.5416893616175571,10.543907263648615,-20.085596625266174,0,0,118.31249366426454,-183.31846690172199
0.000108,10.458786975011172,-134.87472868418899,-9.1823329980771362,10.516752430089603,-19.69908542816674,0,0,57.96545507843085,-317.61800474659236
0.00010849999999999999,10.457547538178201,192.52184351081686,10.461566040753908,-10.834241514875433,0,-21.295807555629342,4.01850257570793,0,-368.22012808195262
0.00010899999999999999,10.453663527333507,193.78500730077863,10.477674004432172,-10.879087783839561,0,-21.356761788271736,24.010477098665071,0,-380.13749361135274
0.00010949999999999999,10.459643293162666,192.53871050286764,10.503121268589998,-10.855489024468607,0,-21.358610293058607,43.477975427332055,0,-360.94369356450358
0.00010999999999999999,10.474260304226938,223.07477052359906,10.532862672217924,-11.759972434811711,0,-22.292835107029635,58.602367990985584,0,-313.63477127155579
0.00011049999999999999,10.506866851207381,216.03853010703315,10.622401352711986,-11.59970379976556,0,-22.222105152477546,115.53450150460446,0,-215.00402956170987
0.000111,10.563596480708282,203.42976878417423,10.718877295815442,-11.280552111452835,0,-21.999429407268273,155.2808151071597,0,-49.769466014815308
0.0001115,10.634109863634986,187.15628175465449,10.805044468452017,-10.849484390380843,0,-21.654528858832858,170.9346048170307,0,156.58951982164149
0.000112,10.705555472477664,169.67751776870034,10.864860939148244,-10.370140788188831,0,-21.235001727337075,159.30546667057973,0,372.34019962000929
0.0001125,10.764549845023309,153.62569864495848,10.885951254613431,-9.9130263154175218,0,-20.798977570030949,121.40140959012265,0,564.38337339814302
0.000113,10.799235348210674,141.40122914385447,10.861500503855909,-9.5446696903057759,0,-20.406170194161689,62.265155645236241,0,703.33947675066554
0.00011349999999999999,10.799942650982878,-197.23771513027441,-11.141899697902312,10.802453698737908,-21.944353396640224,0,0,2.5110477550298875,761.95478320263715
0.00011399999999999999,10.794583369528075,-198.78771603134095,-11.193635175117036,10.815623791829891,-22.009258966946931,0,0,21.040422301815497,777.76661137178792
0.00011449999999999999,10.798505044002212,-197.93326029248948,-11.17998664203092,10.83813692045846,-22.018123562489382,0,0,39.63187645624722,763.69816171192826
0.00011499999999999999,10.810801526929961,-228.9058514732273,-12.095937434450709,10.865374970874143,-22.961312405324854,0,0,54.573443944183161,721.95550669154568
0.00011549999999999999,10.841172053274937,-222.28258049754763,-11.946838686168432,10.953188993002751,-22.900027679171185,0,0,112.01693972781455,628.47512553740978
0.000116,10.896070245498747,-209.99895731573298,-11.636793380825862,11.048931996121953,-22.685725376947818,0,0,152.86175062320615,467.18334874708586
0.0001165,10.965400624785007,-193.91193545967766,-11.211310896713538,11.135405122286592,-22.34671601900013,0,0,170.00449750158543,262.95521316791934
0.000117,11.036442096198851,-176.45132247193459,-10.733105001140455,11.196440656688024,-21.929545657828481,0,0,159.99856048917286,47.198645115825641
0.0001175,11.095808448616328,-160.24540903592995,-10.272426824065295,11.21938415309876,-21.491810977164057,0,0,123.575704482432,-146.98309141594464
0.000118,11.131506868901416,-147.71692749247529,-9.896261295752268,11.197031752470833,-21.093293048223099,0,0,65.524883569415806,-289.8788450820478
0.00011849999999999999,11.133880447584108,201.82849732713544,11.13531732479688,-11.441905700439616,0,-22.577223025236499,1.4368772127712286,0,-355.67474616417934
0.00011899999999999999,11.127272881930741,203.65260783740612,11.145783144874322,-11.500276264728566,0,-22.646059409602888,18.510262943581317,0,-375.18675626941416
0.00011949999999999999,11.129360424494262,203.17785967073237,11.165568317859812,-11.496327447944187,0,-22.661895765804001,36.207893365549467,0,-366.06126955819997
0.00011999999999999999,11.139545970249781,234.57677452314283,11.190473814895357,-12.423533552181413,0,-23.61400736707677,50.927844645575966,0,-329.742346864041
0.00012049999999999999,11.167866383710606,228.36105511606766,11.276693968645747,-12.285512175371634,0,-23.562206144017381,108.82758493513953,0,-241.33263598623651
0.000121,11.221089701841517,216.40332252398755,11.371799047941588,-11.98464263352186,0,-23.356441681463448,150.70934610007055,0,-83.980794806156325
0.0001215,11.289363699003591,200.51003738088372,11.458647119470234,-11.564991693363691,0,-23.023638812833926,169.28342046664369,0,118.04101072952982
0.000122,11.360102147212903,183.08068573811286,11.520958906763122,-11.08833402218567,0,-22.60929292894879,160.8567595502183,0,333.66060514789734
0.0001225,11.41992487790805,166.7380187528064,11.545817430774086,-10.62462823254001,0,-22.170445663314098,125.89255286603685,0,529.79240182622732
0.00012299999999999998,11.456715674915586,153.92480880556997,11.525645977898064,-10.241256860640737,0,-21.766902838538797,68.930302982478821,0,676.42282178845994
0.00012349999999999999,11.461099827053951,-206.34242885605778,-11.736368456878424,11.461565499583937,-23.197933956462361,0,0,0.46567252998534703,749.68522549609372
0.00012400000000000001,11.453309121672151,-208.40422562567488,-11.80035888057172,11.469418979591463,-23.269777860163188,0,0,16.109857919312205,772.45646578076889
0.00012449999999999999,11.453626823500107,-208.27239399328971,-11.805055083217354,11.486510556111719,-23.291565639329079,0,0,32.883732611612913,767.83911373897308
0.000125,11.461737845747814,-240.06668401056552,-12.742592401048995,11.509038545187957,-24.251630946236954,0,0,47.300699440143141,736.5821150563479
0.00012549999999999999,11.487994745339288,-234.23715816595549,-12.614960604399098,11.593533587163133,-24.208494191562234,0,0,105.53884182384562,653.00870483431208
0.000126,11.539466314908077,-222.59630740265777,-12.322897920834357,11.687787628568236,-24.010685549402595,0,0,148.32131366015903,499.52389961621589
0.00012649999999999998,11.606539763101347,-206.90112469525454,-11.909067079234125,11.774733088210114,-23.683800167444243,0,0,168.19332510876743,299.80674718851077
0.000127,11.676770392689892,-189.51977969988053,-11.434288324553847,11.838006482093201,-23.27229480664705,0,0,161.23608940330934,84.577518898263719
0.00012749999999999998,11.73680015586161,-173.06663219506999,-10.968161196220217,11.864461391121313,-22.832622587341532,0,0,127.66123525970332,-113.13533397206049
0.00012799999999999999,11.774412443352785,-160.0002281604817,-10.57835842366541,11.846182050972807,-22.424540474638217,0,0,71.769607620022171,-263.07246504024982
0.00012850000000000001,11.780407249541549,-152.24609599007337,-10.320238991991777,11.781689407703436,-22.101928399695215,0,0,1.2821581618867093,-342.38467414364419
0.00012899999999999999,11.771279586344381,212.84004635731037,11.785071258385114,-12.087253515946498,0,-23.872324774331613,13.791672040732879,0,-367.46587800719533
0.0001295,11.769813789642244,213.06797703974422,11.799202875326269,-12.100952474033171,0,-23.900155349359441,29.389085684025115,0,-367.59943438228834
0.00012999999999999999,11.775723024516113,245.29722097734157,11.819024080023725,-13.049809612808597,0,-24.868833692832322,43.301055507613185,0,-341.93374361803046
0.0001305,11.79970846892504,239.91085393474862,11.901464673331136,-12.934062505895563,0,-24.835527179226698,101.75620440609603,0,-263.93158911963542
0.00013099999999999999,11.849184957524079,228.653004130754,11.994603235485904,-12.652600890999382,0,-24.647204126485285,145.41827796182619,0,-115.14262380267033
0.0001315,11.914830279268976,213.22134201827788,12.081501653363386,-12.24642388010354,0,-24.327925533466924,166.67137409440923,0,81.473610362277057
0.00013199999999999998,11.984390360463772,195.94297001461041,12.145749354147981,-11.775131757924891,0,-23.920881112072873,161.35899368420948,0,295.67025559079889
0.0001325,12.044568801934089,179.41570059188641,12.173983905719474,-11.307734085060099,0,-23.481717990779572,129.41510378538598,0,494.57404561706579
0.00013300000000000001,12.083072508726127,166.10854065663545,12.157938151506098,-10.912032842035721,0,-23.069970993541819,74.865642779969818,0,647.73944631767995
0.00013349999999999999,12.09049891816575,157.98282581485273,12.095700520283627,-10.644214175317742,0,-22.739914695601371,5.2016021178775631,0,731.81899328886527
0.000134,12.079587490714371,-216.71684486048883,-12.352889320940003,12.090768334412699,-24.443657655352702,0,0,11.180843698328303,757.71682978475769
0.00013449999999999999,12.07606584700336,-217.34223397814003,-12.376281041669687,12.101122706247894,-24.477403747917581,0,0,25.056859244534081,763.19309846989881
0.000135,12.079258161577313,-250.09473694875516,-13.338559655941367,12.117294152313129,-25.455853808254499,0,0,38.035990735816412,744.31926840372728
0.00013549999999999999,12.100289966778687,-245.27636600906121,-13.237872167848691,12.196755255449105,-25.434627423297798,0,0,96.465288670418204,673.51135884234884
0.000136,12.147024109652671,-234.54319674148178,-12.970755813588697,12.288010630137418,-25.258766443726117,0,0,140.98652048474753,531.21217694930476
0.00013649999999999998,12.210541001839335,-219.51167094518371,-12.575965495157433,12.374366977416848,-24.950332472574281,0,0,163.82597557751225,339.38497858226071
0.000137,12.278882085239943,-202.44677997553072,-12.111305134343608,12.439440074696275,-24.550745209039889,0,0,160.55798945633259,127.54367564115648
0.00013749999999999998,12.338894228687677,-185.91284399648785,-11.644710817038989,12.469671847009627,-24.11438266404862,0,0,130.77761832195031,-71.796042187300287
0.00013799999999999999,12.378253713472809,-172.37907914814383,-11.24379729714518,12.456408092504221,-23.700205389649405,0,0,78.154379031412105,-228.11674379826482
0.00013850000000000001,12.387358586720396,-163.84062511980278,-10.965476570272743,12.397218726304727,-23.362695296577471,0,0,9.8601395843311437,-317.5815986230474
0.00013899999999999999,12.374754641474528,220.1250614882839,12.38316052831466,-12.598228050290398,0,-24.98138857860506,8.4058868401321707,0,-344.87758933325358
0.0001395,12.369029364258061,221.19734508814764,12.389271918563999,-12.632520160864285,0,-25.021792079428284,20.242554305938356,0,-356.35774600861288
0.00013999999999999999,12.369225214390877,254.55026968491396,12.401304090988384,-13.610223777464833,0,-26.011527868453218,32.078876597508007,0,-345.27237432207733
0.0001405,12.386954113959783,250.39333897533942,12.47736620923863,-13.527108750103645,0,-26.004474959342275,90.412095278846408,0,-282.83776548526515
0.00014099999999999998,12.430599772063724,240.28102249878933,12.566473546463181,-13.277007221148203,0,-25.843480767611382,135.87377439945607,0,-148.20993726937019
0.0001415,12.491718070515152,225.73418769759948,12.652238985426768,-12.896042591372614,0,-25.548281576799379,160.52091491161644,0,37.824361753538099
0.00014199999999999998,12.558707653575517,208.94316446362575,12.718333457830548,-12.439871167261707,0,-25.158204625092257,159.62580425503077,0,246.63707309696582
0.00014249999999999999,12.618599759809431,192.42994202271197,12.750995104267936,-11.975093991515262,0,-24.726089095783195,132.39534445850452,0,446.17233159132633
0.00014300000000000001,12.65905429244647,178.66016661455333,12.741138857811654,-11.569006604070932,0,-24.310145461882588,82.084565365184233,0,605.87681227148232
0.00014349999999999999,12.670255136280568,169.66463582922029,12.68574334089495,-11.279264506364546,0,-23.965007847259493,15.488204614381544,0,701.38862786944878
0.000144,12.656268796403756,-223.19186684301297,-12.826870844700958,12.66204000868286,-25.488910853383818,0,0,5.7712122791031524,730.47324103843653
0.00014449999999999999,12.648381365902237,-224.6994793276283,-12.871661481560279,12.663778452788517,-25.535439934348798,0,0,15.397086886279197,747.84719328755705
0.000145,12.645536569377914,-258.65913452885178,-13.864866319351103,12.671455958759502,-26.536322278110603,0,0,25.919389381588445,744.66091661450628
0.00014549999999999999,12.659840057759174,-255.18696831678358,-13.799870943985837,12.74385415654249,-26.543725100528327,0,0,84.014098783316385,690.91315511711332
0.000146,12.700216591872357,-245.73166999465312,-13.567702323524799,12.83054208089516,-26.398244404419962,0,0,130.32548902280382,564.42351128185578
0.00014649999999999998,12.758727088951446,-231.71291678867493,-13.201710852886871,12.915483054246712,-26.117193907133586,0,0,156.75596529526712,384.72933818002599
0.000147,12.824161693645026,-215.23970031163304,-12.755230017719851,12.982441832087819,-25.737671849807672,0,0,158.28013844279266,179.48813467574499
0.00014749999999999998,12.883769733039877,-198.78497606332843,-12.293344112566956,13.017479942648741,-25.310824055215697,0,0,133.71020960886358,-19.787466045493375
0.00014799999999999999,12.92522268786542,-184.80512304113472,-11.882869261739883,13.011093031768942,-24.893962293508828,0,0,85.870343903522439,-182.57753337643521
0.0001485,12.93850821356547,-175.36277400303516,-11.582090263119621,12.959662745173464,-24.541753008293089,0,0,21.15453160799418,-284.03973831820258
0.00014899999999999999,12.923718946951073,226.02212259527477,12.92725269732278,-13.041795752173561,0,-25.969048449496341,3.5337503717061574,0,-315.76604795910845
0.0001495,12.913875473100386,227.93420799796817,12.924796149034375,-13.096274851955156,0,-26.021071000989537,10.920675933988186,0,-338.63792174591345
0.00014999999999999999,12.908170285304111,262.47456244833552,12.928224786848363,-14.104275365912432,0,-27.032500152760793,20.05450154425094,0,-343.0269841316624
0.0001505,12.919182578905447,259.66970121227297,12.996984236900312,-14.056903555604061,0,-27.053887792504373,77.80165799486501,0,-297.7644097337336
0.00015099999999999998,12.956365360232805,250.86604144892678,13.081202219087238,-13.842485877665988,0,-26.923688096753224,124.83685885443276,0,-179.36519616088674
0.0001515,13.012281389430552,237.38311013434779,13.165209994762229,-13.491638759782406,0,-26.656848754544633,152.9286053316772,0,-6.1253869311765783
0.00015199999999999998,13.076119327208147,221.24756650795752,13.232893307813184,-13.055357473377478,0,-26.288250781190666,156.7739806050364,0,195.28522465522011
0.00015249999999999999,13.135362745530006,204.88045349878792,13.270169692530612,-12.597141985802731,0,-25.867311678333344,134.80694700060533,0,393.93701506164854
0.00015300000000000001,13.177717503537558,190.7245628667622,13.267148505752711,-12.183219630387885,0,-25.4503681361406,89.431002215154052,0,559.39972054600764
0.00015349999999999999,13.193000933284646,180.86927089820682,13.219642646801217,-11.872370263756904,0,-25.092012910558122,26.641713516572096,0,666.41461119442386
0.000154,13.178009870701896,-228.6901658603968,-13.245652255137008,13.179767132494689,-26.425419387631699,0,0,1.7572617927939607,701.44723073291152
0.00015449999999999999,13.166464398165534,-230.95295742591281,-13.308400229667926,13.173409567620762,-26.48180979728869,0,0,6.9451694552288359,729.13519683599975
0.000155,13.158150669899435,-266.02002458882407,-14.329725586207097,13.172793535438267,-27.502519121645363,0,0,14.642865538831508,740.43048862260878
0.00015549999999999999,13.166079966944569,-263.83715807488608,-14.298698343039359,13.237996436746359,-27.536694779785719,0,0,71.916469801790953,703.09924455852354
0.000156,13.20019966125353,-255.65463195467763,-14.101116534748961,13.31969171791299,-27.420808252661953,0,0,119.49205665945982,592.43580703992495
0.00015649999999999998,13.253553010316386,-242.69638489963182,-13.764999401791355,13.402586334640787,-27.167585736432144,0,0,149.03332432440095,425.54799464296076
0.00015699999999999999,13.315721456973245,-226.9083546983203,-13.339064696826513,13.470714574416464,-26.809779271242981,0,0,154.99311744321847,228.13245799872115
0.00015749999999999998,13.374433504939274,-210.65809864597867,-12.885203754223996,13.509893068864153,-26.395096823088149,0,0,135.45956392487932,30.509791471886253
0.00015799999999999999,13.417454811250467,-196.37031571578396,-12.468949836509953,13.509896906562417,-25.978846743072371,0,0,92.442095311950766,-137.0418987986657
0.0001585,13.43446861738178,-186.15438351949462,-12.149407913027087,13.466023253738065,-25.615431166765156,0,0,31.554636356284441,-248.93680963790447
0.00015899999999999999,13.419784662454465,231.17340858677582,13.420246108665253,-13.438113334586401,0,-26.858359443251654,0.4614462107879766,0,-287.1386254473021
0.0001595,13.406787939803943,233.73384120653725,13.410228295912436,-13.507704461230452,0,-26.917932757142889,3.4403561084935887,0,-318.97556313822855
0.00015999999999999999,13.396090830705154,269.27896637836909,13.405701368973393,-14.54100398771334,0,-27.946705356686731,9.6105382682397504,0,-336.58023170552832
0.0001605,13.401099718047302,267.68042215444768,13.46735220945755,-14.525226016376225,0,-27.992578225833775,66.252491410248552,0,-306.74529061793186
0.00016099999999999998,13.432229274851144,260.09896227489565,13.546397779391468,-14.343832000869305,0,-27.890229780260775,114.16850454032289,0,-203.61159850567188
0.0001615,13.482990422567124,247.66605110611692,13.627939883260337,-14.022344284022441,0,-27.650284167282777,144.94946069321341,0,-43.130834041241044
0.00016199999999999998,13.543360938680371,232.24681544475473,13.696198441109404,-13.607219016358249,0,-27.303417457467653,152.83750242903318,0,149.98187973766798
0.00016249999999999999,13.601333654356871,216.15204618559122,13.73693846170266,-13.158667932830621,0,-26.895606394533282,135.60480734578979,0,346.06255377658431
0.000163,13.644766263035571,201.78238476522895,13.739654598565812,-12.741383338739759,0,-26.481037937305569,94.888335530240624,0,515.06464898472564
0.00016349999999999999,13.66324800301147,191.25948511255675,13.699178323772413,-12.414595251731264,0,-26.113773575503679,35.930320760944106,0,631.17423276605678
0.000164,13.64937633376174,-225.68298094802685,-13.136361512467644,13.136361512467644,-26.785737846229381,-0.51301482129409592,0,0,674.02247478695267
0.00016449999999999999,13.635528594863594,-236.19751672624159,-13.6927333461992,13.636968795500673,-27.329702141699872,0,0,1.4402006370788867,706.91488922644908
0.000165,13.623134227800064,-272.10090480304001,-14.734704008469231,13.628905439789401,-28.363609448258632,0,0,5.7712119893368765,729.35978292322579
0.00016549999999999998,13.625713014436567,-271.00411278376447,-14.731780307415546,13.687025380747894,-28.418805688163442,0,0,61.312366311326699,706.04132398686443
0.000166,13.654086929935191,-263.99028462179666,-14.565441129625194,13.763103142169134,-28.328544271794328,0,0,109.01621223394241,610.09593544727875
0.00016649999999999998,13.702214560925196,-252.10362992291221,-14.258896845899013,13.84270116742389,-28.101598013322906,0,0,140.48660649869356,456.3695259046695
0.00016699999999999999,13.760492749423035,-237.12535455842828,-13.856305275658107,13.910332870478916,-27.766638146137026,0,0,149.84012105588133,268.54048277811393
0.00016750000000000001,13.817240484388106,-221.29854777975075,-13.415946539933755,13.951844914096277,-27.367791454030034,0,0,134.60442970817155,75.464211066255061
0.00016799999999999999,13.860498826041697,-206.98273306351544,-13.001243983755787,13.956589719844617,-26.957833703600407,0,0,96.09089380292032,-93.269478429331585
0.0001685,13.879869756912134,-196.29128686773578,-12.671014780034012,13.919055021138774,-26.590069801172788,0,0,39.18526422664057,-211.88215848204766
0.00016899999999999999,13.866982856770468,212.62651038901924,12.376381665429413,-12.376381665429413,-1.4906011913410548,-26.243364522199883,0,0,-258.16958223015524
0.0001695,13.852623389892036,238.39635485077588,13.8529264430931,-13.864660694075958,0,-27.717587137169058,0.30305320106383871,0,-293.69939195620276
0.00016999999999999999,13.83893068965874,274.58464206577708,13.841547573190221,-14.91327547789791,0,-28.754823051088135,2.61688353148066,0,-320.080019841823
0.0001705,13.839364456561748,273.93651607076907,13.896145755530254,-14.921664016544252,0,-28.817809772074508,56.781298968506732,0,-302.66118886034326
0.00017099999999999998,13.865115812710137,267.46673662678648,13.969057605562829,-14.769593667744576,0,-28.738651273307408,103.94179285269345,0,-213.6696467618377
0.00017149999999999999,13.910576576621377,256.13601223619168,14.046343865224745,-14.478090998509163,0,-28.524434863733909,135.76728860336857,0,-66.881781766787782
0.00017199999999999998,13.966574387419213,241.64025298687602,14.112875739848938,-14.089007557921056,0,-28.201883297769992,146.30135242972514,0,115.08915076948145
0.00017249999999999999,14.021790470636679,226.14855656013864,14.154662544531096,-13.65854906157181,0,-27.813211606102904,132.87207389441625,0,304.28497390716495
0.000173,14.064504099453712,211.96909582782393,14.160999654515111,-13.248614328259947,0,-27.40961398277506,96.495555061399074,0,471.70779592783828
0.00017349999999999999,14.084395138565899,201.19437533505703,14.12610728003245,-12.917278831895047,0,-27.0433861119275,41.712141466550726,0,591.77554734502803
0.000174,14.072519575489435,-198.74493279964224,-11.568374695602031,11.568374695602031,-25.640894271091469,-2.5041448798874058,0,0,641.31094851494504
0.00017449999999999999,14.057868331787729,-230.05810622365118,-13.391025054403805,13.391025054403805,-27.448893386191536,-0.66684327738392568,0,0,679.33829913108912
0.000175,14.050020692847113,-275.63272168355286,-15.061500728680016,14.077173062707555,-29.138673791387575,0,0,27.152369860442477,689.83467014972098
0.00017549999999999998,14.060960072816597,-272.88965301879142,-15.011032862901303,14.136129766095889,-29.14716262899719,0,0,75.169693279291721,647.05756836118962
0.000176,14.093466467077425,-265.00281546032232,-14.816647345780805,14.206977406132888,-29.023624751913694,0,0,113.51093905546182,541.81485379230901
0.00017649999999999998,14.140936162521422,-253.14933887976866,-14.505850193104406,14.27612567738694,-28.781975870491348,0,0,135.18951486551785,390.35881303603577
0.00017699999999999999,14.193924401526681,-239.10362190720778,-14.123415464588307,14.329718802190627,-28.453134266778935,0,0,135.79440066394619,215.99439668166559
0.0001775,14.241603401890627,-224.96356694434979,-13.724473454969356,14.355765685606247,-28.080239140575607,0,0,114.16228371561988,45.484957108225615
0.00017799999999999999,14.273429761815496,-212.8277276132207,-13.366023516958942,14.345979236890406,-27.712002753849347,0,0,72.549475074909026,-95.065361319461175
0.0001785,14.280764726058255,-204.47305661853306,-13.098178333874625,14.297043013137445,-27.395221347012072,0,0,16.278287079189894,-184.21908906696925
0.00017899999999999999,14.263923536311001,180.05588786513704,10.480538787235727,-10.480538787235727,-3.7833847490752746,-24.744462323546728,0,0,-218.62184609292538
0.0001795,14.249073017272677,207.02070340735332,12.050083657618014,-12.050083657618014,-2.1989893596546626,-26.299156674890689,0,0,-251.3682924351815
0.00017999999999999998,14.23423795947229,276.91328399941415,14.23423795947229,-15.177259411702586,0,-29.411497371174878,0,0,-276.47162000635461
0.0001805,14.231364213354441,276.48721688950343,14.279172566743092,-15.187290557721443,0,-29.466463124464536,47.808353388652179,0,-263.39754603366345
0.00018099999999999998,14.250893588721523,270.80580270474832,14.340540773888847,-15.052422349380732,0,-29.392963123269581,89.647185167324835,0,-185.73109096060566
0.00018149999999999999,14.287934238278355,260.70282391124323,14.4059055426446,-14.790733862534921,0,-29.196639405179518,117.97130436624488,0,-55.489628946127922
0.00018199999999999998,14.334351887175936,247.67982479983161,14.461680941161374,-14.439184686526218,0,-28.900865627687594,127.32905398543795,0,107.27087759325215
0.00018249999999999999,14.380027566758958,233.67409490359418,14.495222854967968,-14.04789969873986,0,-28.543122553707828,115.19528820901081,0,277.55335700365242
0.000183,14.414417558540661,220.76023914332114,14.496770664802833,-13.672444536049289,0,-28.169215200852122,82.353106262171195,0,429.26920945883643
0.00018349999999999999,14.428175325697932,210.83130976068594,14.460942023240337,-13.365282406364498,0,-27.826224429604835,32.766697542405041,0,539.24716385053057
0.000184,14.413942167641684,-154.8962935003558,-9.0160706838171372,9.0160706838171372,-23.43001285145882,-5.397871483824547,0,0,588.0641749773655
0.00018449999999999999,14.398935460543672,-189.96819105566431,-11.05750563509006,11.05750563509006,-25.456441095633735,-3.3414298254536128,0,0,630.65486621357059
0.000185,14.383944377294799,-278.34595608807734,-15.293774181695518,14.383944377294799,-29.677718558990321,0,0,0,666.23201222257569
0.00018549999999999998,14.38066769162171,-278.86036541086446,-15.330509716183327,14.427487224072927,-29.757996940256255,0,0,46.819532451216133,664.43288238214689
0.00018599999999999999,14.399666125562472,-274.15891003195014,-15.224163315858679,14.488799357660097,-29.712962673518774,0,0,89.13323209762504,598.26433974549275
0.00018649999999999998,14.436757270738111,-264.93511047750673,-14.989037768351006,14.556064501418662,-29.545102269769671,0,0,119.30723068055127,477.98743290758233
0.00018699999999999999,14.484418430534554,-252.56591516588267,-14.658618346758697,14.616008288417419,-29.274626635176116,0,0,131.58985788286563,322.14107485739277
0.0001875,14.532950475030836,-238.89878627528856,-14.28039047086201,14.655941647019683,-28.93633211788169,0,0,122.9911719888473,154.67707144954886
0.00018799999999999999,14.571973567776441,-225.96698957924755,-13.908518653092953,14.66571002519253,-28.574228678285486,0,0,93.736457416088314,1.270065864755864
0.0001885,14.592024341053573,-215.67696763927972,-13.595515678661343,14.639249305722737,-28.234764984384082,0,0,47.224964669163349,-114.62911927256908
0.00018899999999999999,14.584340889745107,141.07526950048873,8.2115883654248769,-8.2115883654248769,-6.3727525243202301,-22.795929255169984,0,0,-171.28649078335246
0.0001895,14.569156776377335,171.60824264443193,9.9888254950676849,-9.9888254950676849,-4.5803312813096504,-24.55798227144502,0,0,-208.36503570378477
0.00018999999999999998,14.553988471560702,278.65142368816305,14.553988471560702,-15.387607640715879,0,-29.941596112276581,0,0,-239.10787637258051
0.0001905,14.549520832922855,278.91447814482149,14.592282589422467,-15.414398631932292,0,-30.006681221354761,42.761756499611863,0,-235.30996424611283
0.00019099999999999998,14.565319869484146,274.34729919511483,14.646410177359703,-15.308375644126537,0,-29.95478582148624,81.090307875557883,0,-172.01366084177783
0.00019149999999999999,14.597391482649519,265.61661070873845,14.705343276085722,-15.083454530227131,0,-29.788797806312857,107.95179343620416,0,-59.023397474513956
0.000192,14.638674854024478,254.01741606957489,14.75676501762284,-14.7712114561602,0,-29.527976473783038,118.09016359836224,0,86.25567291435739
0.00019249999999999999,14.680134883633661,241.27278561505611,14.78896569209215,-14.4159970225389,0,-29.204962714631051,108.8308084584892,0,241.50711100966248
0.000193,14.712155601276525,229.26834104317189,14.792641601899716,-14.068099312070169,0,-28.860740913969885,80.48600062319025,0,382.94103362566551
0.00019349999999999999,14.726019906041147,219.7623546724557,14.762320656783356,-13.776010071221286,0,-28.538330728004645,36.300750742209296,0,488.95077748175544
0.000194,14.713736240741532,-114.86452123649309,-6.6859355968298715,6.6859355968298715,-21.399671837571404,-8.0278006439116609,0,0,539.45549872198762
0.00019449999999999998,14.698417410714734,-148.48246776839045,-8.6427402131758129,8.6427402131758129,-23.341157623890545,-6.0556771975389214,0,0,580.27987738293359
0.000195,14.683114529495876,-278.63720099979872,-15.451689496236749,14.683114529495876,-30.134804025732624,0,0,0,615.62234709189102
0.00019549999999999998,14.677782706322562,-279.41896157807696,-15.49170192006933,14.717623949537256,-30.209325869606587,0,0,39.841243214693186,618.58521903538065
0.00019599999999999999,14.691524593987271,-275.61368848276902,-15.405920796964196,14.767836958307058,-30.173757755271257,0,0,76.3123643197859,564.92565359629771
0.00019649999999999998,14.720946822260814,-267.77512154569763,-15.2054067641545,14.823599353152378,-30.029006117306878,0,0,102.65253089156388,462.96609814307914
0.00019699999999999999,14.759673654038757,-257.06544290600834,-14.918242097195693,14.873346409584588,-29.791588506780279,0,0,113.67275554583091,328.41885668457314
0.0001975,14.799333948857445,-245.07550812390613,-14.585182836164098,14.905883638425731,-29.491066474589829,0,0,106.54968956828637,181.9571334186405
0.00019799999999999999,14.830852581934691,-233.5796352404534,-14.253374093195607,14.912106979947866,-29.165481073143475,0,0,81.254398013175944,46.029464001987677
0.0001985,14.845847331055152,-224.26275136860866,-13.969097895712393,14.886398387675877,-28.85549628338827,0,0,40.551056620724616,-58.591608045394111
0.00019899999999999999,14.836377822550272,92.554323207097482,5.3873227129616952,-5.3873227129616952,-9.4490551095885777,-20.223700535511966,0,0,-112.36780965218286
0.0001995,14.820931307378435,124.48829427908578,7.2461079291447845,-7.2461079291447845,-7.5748233782336509,-22.067039236523222,0,0,-151.14671240582476
0.00019999999999999998,14.805500873950662,277.93863111581385,14.805500873950662,-15.492467423512919,0,-30.29796829746358,0,0,-185.32956094158482
0.00020049999999999999,14.799018802252426,278.79226696399439,14.834766598118238,-15.531954704480194,0,-30.366721302598432,35.747795865810673,0,-190.08229100464942
0.00020099999999999998,14.809701954319836,275.43474303819107,14.878371601633186,-15.455917583319936,0,-30.334289184953121,68.669647313349031,0,-142.86636820560608
0.00020149999999999999,14.834564683713705,268.34899754565504,14.927104842805058,-15.273825077162661,0,-30.200929919967717,92.540159091353559,0,-51.003696020535727
0.000202,14.867864433774393,258.57963764340752,14.970403335587225,-15.010834419405247,0,-29.981237754992474,102.53890181283128,0,71.352994162145862
0.00020249999999999999,14.901991014809777,247.57132510804607,14.997978969323023,-14.703895206065093,0,-29.701874175388117,95.987954513247018,0,205.40842204092678
0.000203,14.928640919265005,236.94607723319953,15.001399732435321,-14.396051142894924,0,-29.397450875330243,72.758813170315392,0,330.62126087869024
0.00020349999999999999,14.940095711890326,228.25381620031919,14.975382603869521,-14.129818404889749,0,-29.10520100875927,35.286891979195964,0,427.86250026569951
0.000204,14.928938909671844,-65.046033997683196,-3.7861437931937125,3.7861437931937125,-18.715082702865558,-11.142795116478132,0,0,478.96247467161766
0.00020449999999999998,14.913396026892384,-98.101329477743889,-5.7101980993866768,5.7101980993866768,-20.623594126279059,-9.2031979275057072,0,0,519.1026500947255
0.000205,14.897869326187656,-276.8274682188769,-15.506231580104886,14.897869326187656,-30.404100906292548,0,0,0,555.62096817709107
0.00020549999999999998,14.890359790829322,-278.04200900607538,-15.553858518613007,14.922380460056434,-30.476238978669443,0,0,32.020669227112101,565.45926688371242
0.00020599999999999999,14.898384499081834,-275.37429189626596,-15.495189383499584,14.960522546802077,-30.455711930301664,0,0,62.138047720243762,527.31403336279072
0.00020649999999999998,14.919526056102573,-269.20310025993984,-15.337153434125666,15.004074883455251,-30.341228317580917,0,0,84.548827352679339,447.10770072002629
0.00020699999999999999,14.948768639242616,-260.43454222640787,-15.101343066357693,15.043415758398739,-30.144758824756437,0,0,94.647119156123608,337.19948545365293
0.0002075,14.97927527405059,-250.36178348383447,-14.820667711600892,15.069004785612382,-29.889672497213276,0,0,89.729511561791739,214.47343970776834
0.00020799999999999999,15.003443260614606,-240.46564377317608,-14.534277111753454,15.072849692256096,-29.60712680400955,0,0,69.406431641489149,97.735741687765398
0.0002085,15.014075061849951,-232.18680818254896,-14.281537365849713,15.049732331654976,-29.331269697504688,0,0,35.65726980502528,4.8224270884691034
0.00020899999999999998,15.004265166023906,39.132136545998037,2.2777698622381286,-2.2777698622381286,-12.726495303785777,-17.282035028262033,0,0,-47.498230561859145
0.0002095,14.988643859239916,71.506142088562697,4.1621682277121241,-4.1621682277121241,-10.826475631527792,-19.15081208695204,0,0,-86.810510848175468
0.00020999999999999998,14.973038816179804,275.24440593575235,14.973038816179804,-15.497656984588506,0,-30.470695800768308,0,0,-123.48281706489811
0.00021049999999999999,14.96442276192322,276.6489350376541,14.992328256517931,-15.54821083881647,0,-30.540539095334402,27.905494594711264,0,-136.49143208072812
0.00021099999999999998,14.96946495014301,274.54593781259285,15.024090474494258,-15.502807444368829,0,-30.526897918863085,54.625524351247677,0,-106.11988157079367
0.00021149999999999999,14.986237424420199,269.22706471671313,15.06110951045804,-15.366339409088395,0,-30.427448919546435,74.872086037841427,0,-37.087487452785396
0.000212,15.010423217242094,261.46726561906667,15.094787345495286,-15.157089321443344,0,-30.251876666938632,84.364128253192774,0,59.969333734053734
0.00021249999999999999,15.035985859489992,252.40475721045235,15.116468985804911,-14.903894614806847,0,-30.020363600611759,80.483126314917911,0,170.14335442711004
0.000213,15.056101657204955,243.36546509261484,15.118773570742993,-14.64169778302028,0,-29.760471353763275,62.671913538038666,0,276.55512980229298
0.00021349999999999999,15.064210991711395,235.65902208359716,15.096727067551019,-14.4061688195911,0,-29.50289588714212,32.516075839624094,0,362.94948288296257
0.000214,15.053944891811849,-11.525090726838243,-0.67084260237860605,0.67084260237860605,-15.724787494190451,-14.383102289433243,0,0,413.97351728749658
0.00021449999999999998,15.038271862252442,-44.219370201166385,-2.5738831983521777,2.5738831983521777,-17.612155060604621,-12.464388663900264,0,0,453.67426128227913
0.00021499999999999999,15.022615150266756,-273.30087614580282,-15.465797305362191,15.022615150266756,-30.488412455628946,0,0,0,491.74244850357064
0.00021549999999999998,15.01296718191014,-274.99661810022769,-15.522360252303082,15.036949438342374,-30.559309690645456,0,0,23.982256432234657,509.05601519906207
0.00021599999999999999,15.015228749459071,-273.53792622508149,-15.492800806448777,15.062851504746245,-30.555652311195022,0,0,47.622755287173277,487.29355230700946
0.00021649999999999998,15.02801229365496,-269.1185061602576,-15.379661765386684,15.094113800657819,-30.473775566044505,0,0,66.101507002859833,429.8444342818575
0.00021699999999999999,15.047723955957277,-262.37636561751356,-15.197729863171633,15.123126882017043,-30.320856745188681,0,0,75.402926059767054,345.56127424433538
0.0002175,15.069121601848263,-254.29489959607676,-14.9717400496335,15.142052687597861,-30.113792737231361,0,0,72.931085749597415,247.38860495598837
0.00021799999999999999,15.086124920385579,-246.05114937978576,-14.732557091075014,15.144030539039896,-29.876587630114912,0,0,57.905618654317692,150.36611377577566
0.0002185,15.092752643881175,-238.83465304345518,-14.512424192024636,15.124230580801461,-29.636654772826102,0,0,31.477936920286503,69.314435719459311
0.00021899999999999998,15.083351819265962,-14.714545858487318,-0.85649167286295103,0.85649167286295103,-15.939843492128913,-14.226860146403011,0,0,17.886523621443796
0.0002195,15.067648173436432,17.622365019213444,1.0257475181540741,-1.0257475181540741,-14.041900655282358,-16.093395691590505,0,0,-21.37975126414964
0.00021999999999999998,15.051960877055969,271.04547386047915,15.051960877055969,-15.414746793956379,0,-30.466707671012344,0,0,-59.995419797338997
0.00022049999999999999,15.041301818175915,272.96011917136053,15.061359879937427,-15.475222114442774,0,-30.536581994380203,20.058061761511929,0,-80.766258240888419
0.00022099999999999998,15.040777075821202,272.07811819742972,15.081291042336661,-15.459481439904115,0,-30.540772482240776,40.513966515457888,0,-66.84373418930798
0.00022149999999999999,15.049492004710167,268.50486579902361,15.106525814335003,-15.367983741962682,0,-30.474509556297686,57.03380962483606,0,-20.404988262066542
0.000222,15.064540766212298,262.74884940514391,15.130439570868731,-15.212234250864457,0,-30.342673821733186,65.898804656432105,0,51.393923841579422
0.00022249999999999999,15.08145826635012,255.64271142210325,15.146033626896141,-15.01299519094529,0,-30.159028817841435,64.57536054602086,0,137.52778817444133
0.000223,15.094910724192051,248.21470372865673,15.14701263041071,-14.797078914806137,0,-29.94409154521685,52.101906218659941,0,224.80378023258939
0.00022349999999999998,15.099518299146542,241.53038308508803,15.12875175321113,-14.593219001409999,0,-29.721970754621129,29.233454064587455,0,299.89220657856197
0.000224,15.090309915355094,40.576067899306793,2.3618169807960818,-2.3618169807960818,-12.728492934559014,-17.452126896151178,0,0,350.70857908096889
0.00022449999999999998,15.074599025281847,8.2566192900318356,0.48059421853192319,-0.48059421853192319,-14.594004806749922,-15.55519324381377,0,0,389.95314421405362
0.00022499999999999999,15.058904492199826,-268.55172480186678,-15.345562897377993,15.058904492199826,-30.404467389577817,0,0,0,429.50254529055184
0.00022549999999999998,15.047316418389208,-270.71017920034086,-15.410834626531354,15.063685416710465,-30.474520043241817,0,0,16.368998321256349,453.96222939239345
0.00022599999999999999,15.044207586018642,-270.40761000198586,-15.409216472207669,15.078093933224306,-30.487310405431977,0,0,33.886347205663412,447.82761996525306
0.0002265,15.049172551829804,-267.6611785956523,-15.339065912518144,15.097840609822628,-30.436906522340777,0,0,48.668057992824338,412.07222486187726
0.00022699999999999999,15.05997268437358,-262.85333905920777,-15.208681739571748,15.117232542464613,-30.325914282036365,0,0,57.259858091033195,352.20643887409375
0.0002275,15.072885215349775,-256.67234006075506,-15.035009662281761,15.130052268454607,-30.165061930736368,0,0,57.167053104832007,277.42150588001522
0.00022799999999999999,15.083279611749456,-250.00589573819752,-14.84102291180271,15.130515487633129,-29.97153839943584,0,0,47.235875883673479,199.17005068674843
0.0002285,15.086332260735105,-243.8044562244317,-14.652182985538287,15.114160338861707,-29.766343324399994,0,0,27.828078126601532,129.40239263837762
0.00022899999999999998,15.077769410332309,-238.93514167064541,-14.492526056689288,15.078531809075903,-29.571057865765191,0,0,0.76239874359492887,78.730242140772205
0.00022949999999999999,15.06189079435666,-33.05148667019882,-1.9238326062532156,1.9238326062532156,-16.985723400609878,-13.138058188103445,0,0,40.153048891046446
0.00022999999999999998,15.04620949212412,265.8358473043146,15.04620949212412,-15.26009843383684,0,-30.306307925960962,0,0,0.052084356941350052
0.00023049999999999999,15.03374836266663,268.19987922208355,15.046570423700814,-15.329151685231665,0,-30.375722108932479,12.822061034182944,0,-27.615350386575944
0.00023099999999999998,15.028164793525056,268.42801408442517,15.05563744166664,-15.34032691293435,0,-30.395964354600991,27.472648141583562,0,-28.667639134194591
0.00023149999999999999,15.029505012124686,266.45640259854736,15.070013383810053,-15.290067128157652,0,-30.360080511967706,40.508371685367123,0,-2.967339768332188
0.000232,15.036158523147012,262.5491859446737,15.084900994582759,-15.183671592569867,0,-30.268572587152626,48.742471435746829,0,45.524182862218531
0.00023249999999999999,15.045110304956779,257.25724557537751,15.094844270818646,-15.034464337010924,0,-30.129308607829572,49.733965861867347,0,109.36398446986817
0.000233,15.052408307311588,251.33300925036687,15.094569514644506,-14.861732238211358,0,-29.956301752855865,42.161207332919368,0,178.77810636169073
0.00023349999999999998,15.053773987285101,245.61449218823631,15.079796712959975,-14.687751979593569,0,-29.767548692553547,26.022725674873314,0,243.16762432860475
0.000234,15.045261810164249,240.89644830157869,15.047896700583976,-14.53436445287112,0,-29.582261153455097,2.6348904197275402,0,292.73812062256127
0.00023449999999999998,15.029064323530701,57.207557428103541,3.32988846772583,-3.32988846772583,-11.699175855804871,-18.358952791256531,0,0,330.51260272864465
0.00023499999999999999,15.013417197738374,-262.8776267343606,-15.157535374264336,15.013417197738374,-30.170952572002715,0,0,0,371.18478241598183
0.00023549999999999998,15.000141346790342,-265.44393669787371,-15.230377941200661,15.009566189965978,-30.239944131166641,0,0,9.4248431756364397,401.98134625889026
0.00023599999999999999,14.992210975754654,-266.18662281695686,-15.25400433036331,15.013548715774895,-30.267553046138207,0,0,21.337740020241085,409.98213191777131
0.0002365,14.990109035162705,-264.96340774242435,-15.223001753040968,15.022826699464074,-30.245828452505044,0,0,32.717664301369709,393.97541957718227
0.00023699999999999999,14.992830609720366,-261.92428838646873,-15.139773989679243,15.033463701243146,-30.173237690922392,0,0,40.633091522779502,356.42908407958288
0.0002375,14.998041715303334,-257.48789444710815,-15.014156867737801,15.040734030122886,-30.054890897860687,0,0,42.692314819551569,303.1036628719408
0.00023799999999999998,15.002442013122247,-252.2766454693548,-14.861893347057794,15.039851897345899,-29.901745244403696,0,0,37.409884223653208,242.16059478459823
0.0002385,15.002275295980146,-247.02075372732807,-14.702204865555926,15.026708370915381,-29.72891323647131,0,0,24.433074935235091,182.90367278565978
0.00023899999999999998,14.993909028912336,-242.44588296720221,-14.554833877503048,14.998502936382717,-29.553336813885767,0,0,4.5939074703820566,134.34778427451931
0.00023949999999999999,14.977578696712387,-79.906857724862263,-4.6511498828564468,4.6511498828564468,-19.628728579568833,-10.326428813855941,0,0,97.0489052304914
0.00023999999999999998,14.96198517386313,259.76877398674503,14.96198517386313,-15.041273623629598,0,-30.003258797492727,0,0,55.982463323688641
0.00024049999999999999,14.947972175686985,262.51288920030538,14.954232594127298,-15.117347546369738,0,-30.071580140497037,6.2604184403126126,0,22.397582948384908
0.00024099999999999998,14.937873774239968,263.72587416992519,14.953481929073925,-15.152311329993411,0,-30.105793259067337,15.608154833957251,0,8.0281718484961928
0.00024149999999999999,14.932573186295281,263.19376763710443,14.95799277751702,-15.13906219353249,0,-30.097054971049513,25.419591221740014,0,15.070434829188544
0.000242,14.931625482038406,260.96116582471888,14.964632154348187,-15.077334518061663,0,-30.041966672409849,33.006672309780811,0,42.437462751777694
0.00024249999999999999,14.933330026139993,257.32383846746006,14.969360187545265,-14.973727321609168,0,-29.943087509154431,36.030161405270903,0,85.933250246155808
0.000243,14.934995754209089,252.78278970803319,14.967854183789257,-14.840677593457375,0,-29.808531777246632,32.858429580168206,0,138.90380887556711
0.00024349999999999998,14.933358126183016,247.96690253460511,14.956174921749369,-14.694539443066336,0,-29.650714364815709,22.816795566353463,0,193.26434680787492
0.00024399999999999999,14.925083393875916,243.53611468930782,14.931372755581277,-14.553065995166666,0,-29.484438750747945,6.2893617053609461,0,240.74395130056323
0.00024449999999999998,14.908890671295968,100.34900615282777,5.8410289367099537,-5.8410289367099537,-9.067861734586014,-20.749919608005921,0,0,278.12659785273769
0.00024499999999999999,14.893368661226946,-256.62259866022106,-14.915341175999217,14.893368661226946,-29.808709837226164,0,0,0,319.51996423427943
0.0002455,14.878727955435931,-259.52382072480339,-14.994281099615907,14.882190333556581,-29.87647143317249,0,0,3.4623781206507047,355.56309099758482
0.00024599999999999996,14.866736652097751,-261.15382382807877,-15.039315868157946,14.877278778556741,-29.916594646714689,0,0,10.542126458990715,375.57118825891456
0.00024649999999999997,14.858632430596495,-261.23515831893229,-15.041846521025276,14.877601270388089,-29.919447791413365,0,0,18.968839791593638,376.47619887634545
0.00024699999999999999,14.854466870620655,-259.7189522083919,-14.999240624945067,14.880738081136569,-29.879978706081641,0,0,26.2712105159139,358.14057016608598
0.0002475,14.853101304575578,-256.79194782549143,-14.915225141154254,14.883258596911009,-29.798483738065265,0,0,30.15729233543199,323.37206749006083
0.00024800000000000001,14.852385618794674,-252.84734144313074,-14.799301949799034,14.881252014425982,-29.680553964225016,0,0,28.866395631307476,277.48623317950029
0.00024849999999999997,14.849492148124545,-248.42398241314095,-14.665277904574168,14.870930781827136,-29.536208686401306,0,0,21.438633702590813,227.48466394025004
0.00024899999999999998,14.841353050297489,-244.12333766269305,-14.529137077325707,14.84921395278338,-29.378351030109091,0,0,7.8609024858906693,180.97613288183973
0.00024949999999999999,14.825584402733082,-117.78907846504302,-6.8561657172259682,6.8561657172259682,-21.681750119959048,-7.9694186855071134,0,0,143.04865205032303
0.00025000000000000001,14.810149124854131,245.86344458320298,14.311008642203722,-14.311008642203722,-0.49914048265041089,-29.121157767057852,0,0,101.47447146376217
0.00025049999999999996,14.795143762254845,256.39361655940161,14.79678741007579,-14.860429431255191,0,-29.657216841330982,1.6436478209445986,0,65.720444116598458
0.00025099999999999998,14.781772957577616,258.32152694035506,14.788264667547397,-14.91233961277098,0,-29.700604280318377,6.4917099697819225,0,41.567772367848846
0.00025149999999999999,14.771349120920563,258.9006327121466,14.784731068652766,-14.927446129590097,0,-29.712177198242863,13.381947732202079,0,34.129949493419886
0.000252,14.764332599278205,258.00616608309133,14.784417235226977,-14.901230262035225,0,-29.685647497262206,20.084635948771709,0,44.551864238689987
0.00025250000000000001,14.76007771294827,255.73015794437012,14.784482719830224,-14.834954455554813,0,-29.619437175385038,24.405006881954449,0,71.242923281889389
0.00025299999999999997,14.756935652814443,252.36686153284569,14.781456183242511,-14.735457519223472,0,-29.516913702465981,24.52053042806882,0,110.12723173356177
0.00025349999999999998,14.752511355718486,248.36715413953306,14.771771651507697,-14.61409403031014,0,-29.385865681817837,19.260295789210513,0,155.27490541580923
0.00025399999999999999,14.744034573942328,244.26898685541963,14.752318288401936,-14.48498268051727,0,-29.237300968919204,8.2837144596078787,0,199.81673506951711
0.00025450000000000001,14.728741349916241,133.28020294706809,7.7578598129689862,-7.7578598129689862,-6.9708815369472532,-22.486601162885229,0,0,238.13892053343187
0.00025499999999999996,14.713406897703941,-230.40444622716512,-13.411184516465491,13.411184516465491,-28.12459141416943,-1.3022223812384492,0,0,279.75581446233372
0.00025549999999999998,14.698250968525381,-253.37363552611259,-14.723547107085404,14.698887829556124,-29.42243493664153,0,0,0.63686103074309175,316.54856010659796
0.00025599999999999999,14.684024191305088,-255.51846537110998,-14.780442439239938,14.687693294642814,-29.46813573388275,0,0,3.6691033377265754,343.72531711263235
0.0002565,14.671968607570982,-256.48007993682018,-14.805232257594634,14.681235487627818,-29.486467745222456,0,0,9.2668800568364489,356.17459228687511
0.00025700000000000001,14.662858239396542,-256.07576856389272,-14.791969023802871,14.678264109239791,-29.470233133042662,0,0,15.405869843248958,351.97861377960129
0.00025749999999999997,14.65643531464241,-254.32327852458667,-14.739991226234947,14.676419607353543,-29.416410833588493,0,0,19.984292711133286,331.77031699342018
0.00025799999999999998,14.651453400517477,-251.43768318733794,-14.654015136384768,14.672599552796525,-29.326614689181294,0,0,21.14615227904774,298.63065393719637
0.00025849999999999999,14.645872422767646,-247.79795518289171,-14.543400621394312,14.663438454954445,-29.206839076348757,0,0,17.566032186798658,257.61017466092295
0.00025900000000000001,14.637175291545962,-243.88844356777597,-14.420705550231851,14.645827083877245,-29.066532634109098,0,0,8.6517923312841845,214.94916596308798
0.00025949999999999997,14.622446493026214,-145.3111306633206,-8.4581457412528547,8.4581457412528547,-23.080592234279067,-6.164300751773359,0,0,176.46790712511509
0.00025999999999999998,14.607222706984542,218.11364245969787,12.695771945743415,-12.695771945743415,-1.9114507612411273,-27.302994652727957,0,0,135.17078489410869
0.00026049999999999999,14.592014770798198,250.49548668150362,14.580626578339809,-14.580626578339809,-0.011388192458390733,-29.172641349138004,0,0,95.845371642254776
0.000261,14.577289348717327,252.95182976444821,14.579156552945301,-14.651454663489504,0,-29.230611216434802,1.8672042279747147,0,66.772229281180387
0.00026150000000000001,14.564233701542024,254.16497890959573,14.570855414967541,-14.682651900552171,0,-29.253507315519713,6.6217134255167593,0,51.040552064444071
0.00026199999999999997,14.553822435769913,254.08466838160055,14.56621827620868,-14.677995988577095,0,-29.244214264785775,12.395840438766811,0,51.136156356442854
0.00026249999999999998,14.546053059975661,252.67980877952806,14.563204456976017,-14.635561894672325,0,-29.198766351648342,17.151397000355672,0,67.05640030676777
0.000263,14.53994509810444,250.11318365526117,14.558957683115194,-14.558665445181562,0,-29.11762312829676,19.012585010755302,0,96.378023365472458
0.00026350000000000001,14.533694226354754,246.71605878938416,14.550248236271212,-14.455344446553635,0,-29.005592682824844,16.554009916457552,0,134.63451785373394
0.00026399999999999997,14.524952741410408,242.93697452562128,14.533971639566069,-14.337115901905589,0,-28.87108754147166,9.0188981556607999,0,176.00646846459898
0.00026449999999999998,14.510809847400944,152.6661610295528,8.886261044498756,-8.886261044498756,-5.6245488029021899,-23.397070891899702,0,0,214.59939509013532
0.00026499999999999999,14.495702288996572,-210.43664255705241,-12.248915715695858,12.248915715695858,-26.74461800469243,-2.2467865733007137,0,0,255.50935935979385
0.0002655,14.480610459440095,-242.73346982989946,-14.128821754598933,14.128821754598933,-28.609432214039028,-0.35178870484116231,0,0,294.73098149568301
0.00026600000000000001,14.465869653604939,-250.31509041212774,-14.518716439356446,14.467200137126969,-28.985916576483415,0,0,1.3304835220302484,322.52896042817838
0.00026649999999999997,14.452415966229825,-251.62363937786631,-14.552002821415371,14.457517161581992,-29.009519982997364,0,0,5.1011953521659521,339.62742100113729
0.00026699999999999998,14.441178465922516,-251.73270068078816,-14.552085933100535,14.451322257741429,-29.003408190841967,0,0,10.143791818913982,342.03231512748999
0.0002675,14.432311361917815,-250.58252742232395,-14.516344455269904,14.446852257888096,-28.963196713157998,0,0,14.54089597028053,329.36034419750069
0.00026800000000000001,14.425036699573665,-248.29735237737873,-14.447103821132769,14.441516629354888,-28.888620450487657,0,0,16.479929781222879,303.53490773606001
0.00026849999999999997,14.417767274043948,-245.16594009784467,-14.351270090882174,14.432298817088888,-28.783568907971063,0,0,14.531543044941039,268.48575999889204
0.00026899999999999998,14.408353701476138,-241.59691561359068,-14.239261292388209,14.416222286858954,-28.655483579247164,0,0,7.8685853828166685,229.54119388220616
0.00026949999999999999,14.394085875403825,-158.10961669855081,-9.2031090462606464,9.2031090462606464,-23.597194921664471,-5.1909768291431782,0,0,192.00838658943127
0.00027,14.379099841176441,204.59166423174617,11.908696227317854,-11.908696227317854,-2.4704036138585863,-26.287796068494295,0,0,151.58999516748253
0.00027049999999999996,14.364129409275165,236.66119579993614,13.775372032669139,-13.775372032669139,-0.58875737660602567,-28.139501441944304,0,0,112.64408738694797
0.00027099999999999997,14.349425156077167,247.85338653656319,14.350413063082089,-14.388664814919705,0,-28.739077878001794,0.98790700492195427,0,85.247285468854585
0.00027149999999999999,14.335763174348669,249.2159283469114,14.33988814945147,-14.423103674363775,0,-28.762991823815245,4.1249751028020611,0,67.363486727611274
0.000272,14.324038986846407,249.44227234834193,14.332725182903713,-14.42612013334981,0,-28.758845316253524,8.6861960573061481,0,63.408207103571812
0.00027250000000000001,14.314503906333384,248.45505555238609,14.327341019251438,-14.394669569653509,0,-28.722010588904951,12.837112918054245,0,74.003868858326101
0.00027299999999999997,14.306509348237098,246.35399607632726,14.321321113880913,-14.330451117020292,0,-28.651772230901205,14.811765643814852,0,97.546373172726192
0.00027349999999999998,14.298609798918323,243.40022347054185,14.311793834222639,-14.239638112337881,0,-28.55143194656052,13.184035304316481,0,130.45624946797443
0.00027399999999999999,14.28878809001491,239.97585686435363,14.295874298032215,-14.131922147363941,0,-28.427796445396154,7.0862080173064186,0,167.73262266700269
0.0002745,14.274479775251482,160.99538857584105,9.371081582175206,-9.371081582175206,-4.9033981930762778,-23.645561357426686,0,0,204.48590363085083
0.00027499999999999996,14.259618265855073,-201.35105875141389,-11.720069841180512,11.720069841180512,-25.979688107035585,-2.5395484246745603,0,0,244.47722794101483
0.00027549999999999997,14.244772229138931,-233.16773815022628,-13.572027844187099,13.572027844187099,-27.816800073326029,-0.67274438495183198,0,0,283.11564684311651
0.00027599999999999999,14.230161655056673,-245.63913849105137,-14.264524229923595,14.231026775340714,-28.495551005264311,0,0,0.86512028404215158,310.34986068459841
0.0002765,14.216504199297241,-247.01413631303654,-14.299211738023205,14.220273143172038,-28.519484881195243,0,0,3.7689438747974222,328.42021136839134
0.00027700000000000001,14.204679547215036,-247.28072830227686,-14.303257227028134,14.212822794483325,-28.516080021511463,0,0,8.1432472682884338,332.89845087494854
0.00027749999999999997,14.194971781721524,-246.35574882102324,-14.273482399312186,14.207163412747798,-28.480645812059986,0,0,12.191631026273853,323.08146007535186
0.00027799999999999998,14.186780807457215,-244.32982786913936,-14.211358318832971,14.200953930601159,-28.41231224943413,0,0,14.173123143944331,300.45362736821028
0.00027849999999999999,14.178717819313162,-241.45312519890663,-14.122771106708328,14.191387532398775,-28.314158639107102,0,0,12.669713085611889,268.45418328299422
0.00027900000000000001,14.16882183098538,-238.09659796566802,-14.017110242784369,14.175625538860089,-28.192735781644458,0,0,6.8037078747089978,231.94482703259371
0.00027949999999999996,14.154591085481776,-161.1109850003817,-9.377810119772219,9.377810119772219,-23.532401205253997,-4.7767809657095572,0,0,195.65248971151277
0.00027999999999999998,14.139854395127294,200.92844221699016,11.695470540187518,-11.695470540187518,-2.4443838549397761,-25.835324935314812,0,0,156.03780170061157
0.00028049999999999999,14.125133047500926,232.44754152804961,13.530107256514832,-13.530107256514832,-0.59502579098609232,-27.655240304015756,0,0,117.76035330877042
0.000281,14.110667856471665,243.69909618325809,14.11161681405571,-14.1483604452854,0,-28.25997725934111,0.94895758404472774,0,90.835686685031504
0.00028150000000000001,14.097211386869526,245.04155333246277,14.101202965967214,-14.182269639745829,0,-28.283472605713044,3.9915790976889198,0,73.207586665750796
0.00028199999999999997,14.085641521602982,245.27056822801504,14.094084758331759,-14.185386268028886,0,-28.279471026360643,8.4432367287771655,0,69.2292245285348
0.00028249999999999998,14.076210989592722,244.30905658719851,14.088716150887889,-14.154692360401354,0,-28.243408511289239,12.505161295166303,0,79.526431559786417
0.00028299999999999999,14.068289640647782,242.25363466127786,14.082733459885848,-14.091822085921438,0,-28.174555545807287,14.443819238065416,0,102.54064278569216
0.00028350000000000001,14.060464522477025,239.35943278923011,14.073321801729104,-14.002802347436134,0,-28.076124149165235,12.85727925207938,0,134.77296257322422
0.00028399999999999996,14.050760098150954,236.00060063813572,14.057650172887563,-13.897119468341467,0,-27.954769641229028,6.8900747366077297,0,171.32568218719646
0.00028449999999999998,14.036666921694097,158.57149727847278,9.2299937951591051,-9.2299937951591051,-4.8066731265349922,-23.266660716853202,0,0,207.42952777834063
0.00028499999999999999,14.022053005065578,-203.23105920901159,-11.829499296387395,11.829499296387395,-25.851552301452973,-2.192553708678183,0,0,246.760421859715
0.0002855,14.007454303342449,-234.44667175043878,-13.646470914959469,13.646470914959469,-27.653925218301918,-0.36098338838298005,0,0,284.66900206833162
0.00028600000000000001,13.99318722305093,-242.09252259923056,-14.043028268690295,13.994442033313835,-28.037470302004131,0,0,1.2548102629047886,311.48765076642252
0.00028649999999999997,13.980141835727791,-243.36137513949006,-14.075270125042707,13.984983245044786,-28.060253370087494,0,0,4.8414093169951187,328.07991766885272
0.00028699999999999998,13.969212666001713,-243.47551718681626,-14.075548238117321,13.978882399659003,-28.054430637776324,0,0,9.6697336572904078,330.52712806094235
0.0002875,13.960556508149885,-242.37578995252139,-14.041294801276246,13.974449162198097,-28.015743963474343,0,0,13.89265404821144,318.43976864292131
0.00028800000000000001,13.953431506926485,-240.18035788798909,-13.974708398180175,13.969192989682742,-27.943901387862919,0,0,15.761482756258417,293.65206731418812
0.00028849999999999997,13.94631440865014,-237.16620618199903,-13.882407693120149,13.960209003445955,-27.842616696566107,0,0,13.894594795814882,259.93552267139
0.00028899999999999998,13.937137700059694,-233.72628980181685,-13.774407195747052,13.944626796128563,-27.719033991875616,0,0,7.4890960688698058,222.41554027627075
0.00028949999999999999,13.923296645921081,-153.3013194128296,-8.9232317992510577,8.9232317992510577,-22.84652844517214,-5.000064846670023,0,0,186.16914942068252
0.00029,13.908800761854533,208.32139585985504,12.125793249013991,-12.125793249013991,-1.7830075128405412,-26.034594010868524,0,0,147.06030196604542
0.00029050000000000001,13.894327375903023,238.74348526133227,13.894356072785623,-13.895467261544301,0,-27.789823334329924,0.028696882599387102,0,109.71387108467333
0.00029099999999999997,13.880338584439015,240.91918024598644,13.882218609117752,-13.952790832625528,0,-27.835009441743278,1.8800246787371364,0,82.005346354452143
0.00029149999999999998,13.867978194287804,242.06468981413593,13.874465602293238,-13.982291261195195,0,-27.856756863488432,6.4874080054346734,0,67.166081585980564
0.000292,13.858169795025242,241.97152149525115,13.870211598280623,-13.977452123456585,0,-27.847663721737206,12.041803255380792,0,67.482013528242462
0.00029250000000000001,13.850896901268756,240.61268684808013,13.867490745271372,-13.936505237828351,0,-27.803995983099721,16.593844002615732,0,82.915869532827159
0.00029299999999999997,13.845208756272061,238.14647784947493,13.863562552402543,-13.862693406236556,0,-27.726255958639101,18.353796130482227,0,111.11790645774761
0.00029349999999999998,13.839369740518233,234.8917831970283,13.855336086574075,-13.763763165850033,0,-27.61909925242411,15.966346055843054,0,147.7917586691083
0.00029399999999999999,13.831129127953675,231.27879702776195,13.839847204282249,-13.650767121166387,0,-27.490614325448636,8.7180763285729057,0,187.35844008382855
0.0002945,13.817699845446814,144.80006449970165,8.428398040057635,-8.428398040057635,-5.3893018053891808,-22.246097885504447,0,0,224.15206365986262
0.00029499999999999996,13.803313900787318,-216.66633973528261,-12.611528589305841,12.611528589305841,-26.414842490093157,-1.1917853114814765,0,0,263.07500834432238
0.00029549999999999997,13.789107760478611,-237.76729818623801,-13.814780469397551,13.789754102207803,-27.604534571605356,0,0,0.64634172919222788,297.73137020418375
0.00029599999999999998,13.77581142910433,-239.79072332153814,-13.868561950868685,13.779406676856304,-27.647968627724989,0,0,3.5952477519744619,323.33131170510774
0.0002965,13.764605126783186,-240.69376273641765,-13.891950776322284,13.773560537571402,-27.665511313893688,0,0,8.9554107882156941,334.98289627093504
0.00029700000000000001,13.756212965098889,-240.30512538995458,-13.879361352822276,13.771023945264901,-27.65038529808718,0,0,14.810980166011518,330.89174086540606
0.00029749999999999997,13.75038319807474,-238.64315039992766,-13.830209954001212,13.769558558485411,-27.599768512486623,0,0,19.175360410669953,311.67590056680331
0.00029799999999999998,13.745930224440169,-235.91260599060323,-13.74899504296377,13.766226955788119,-27.51522199875189,0,0,20.296731347949269,280.26576038693844
0.00029849999999999999,13.740920052261124,-232.47286693829173,-13.644597062742609,13.757846903606787,-27.402443966349395,0,0,16.92685134566301,241.4490314203037
0.000299,13.73297043257365,-228.78241951660561,-13.528906915557904,13.741482374321489,-27.270389289879397,0,0,8.5119417478387263,201.13149557333608
0.00029949999999999996,13.719284679853898,-135.82131235534027,-7.9057705313119131,7.9057705313119131,-21.625055211165812,-5.8135141485419846,0,0,164.94333257620798
0.00029999999999999997,13.705001197626045,225.3753535792471,13.118455402266319,-13.118455402266319,-0.58654579535972573,-26.823456599892364,0,0,126.35148217431433
0.00030049999999999999,13.691082049837856,237.07809738951445,13.692467408982703,-13.74610849994875,0,-27.438575908931451,1.3853591448458884,0,92.782381824065794
0.000301,13.678588374745084,238.93579419005408,13.684248461947025,-13.796124841351716,0,-27.480373303298741,5.6600872019413373,0,69.508597338981446
0.00030150000000000001,13.668748880756727,239.56166588082928,13.680704436883646,-13.812588614254123,0,-27.493293051137769,11.955556126919703,0,61.521304979137128
0.00030199999999999997,13.662058104951015,238.82705221804784,13.680278626821467,-13.790973923040593,0,-27.471252549862058,18.220521870452664,0,70.049321725313561
0.00030249999999999998,13.657987563533656,236.80346114568695,13.680401637803101,-13.732080690472991,0,-27.412482328276088,22.414074269445706,0,93.791539980141124
0.00030299999999999999,13.655070361109482,233.7511781037378,13.677889681153015,-13.641901744855778,0,-27.319791426008791,22.819320043532748,0,129.12220692463197
0.0003035,13.651129867823839,230.07891106330672,13.669436491781342,-13.530692835627521,0,-27.20012932740886,18.306623957503373,0,170.65276065930442
0.00030399999999999996,13.643617032450205,226.28073157971903,13.652123123040401,-13.41139012721205,0,-27.063513250252448,8.5060905901953276,0,212.06316630327836
0.00030449999999999997,13.629759648301382,125.3960139399465,7.2989436971187427,-7.2989436971187427,-6.3308159511826396,-20.928703345420125,0,0,247.71431498787942
0.00030499999999999999,13.615569372769576,-234.07789289628286,-13.6202922446261,13.615569372769576,-27.235861617395678,0,0,0,285.92207836624237
0.0003055,13.602009602780186,-236.83809698996632,-13.695165135236053,13.604473812355019,-27.29963894759107,0,0,2.4642095748335962,320.29578572283043
0.00030600000000000001,13.59057960768534,-238.4970170528795,-13.74078482225111,13.599046645252923,-27.339831467504037,0,0,8.4670375675820111,340.73502305491235
0.00030649999999999997,13.582544838349694,-238.77599557883252,-13.748664130412113,13.598549399368762,-27.347213529780873,0,0,16.004561019067893,344.10459225058167
0.00030699999999999998,13.578110410580134,-237.59988795620097,-13.715600251022328,13.600952836918095,-27.316553087940427,0,0,22.842426337961925,329.88851002432625
0.00030749999999999999,13.576392986916755,-235.10818567397831,-13.64415653536768,13.603252748003387,-27.247409283371066,0,0,26.859761086632417,300.26360934596994
0.00030800000000000001,13.575560013408206,-231.63315516398558,-13.542257846146867,13.601934927038048,-27.144192773184919,0,0,26.374913629842936,259.75943666240113
0.00030849999999999996,13.573114565797704,-227.64842090095857,-13.421963526636468,13.593517600432525,-27.015481127068995,0,0,20.40303463482136,214.55757047012281
0.00030899999999999998,13.566281744669434,-223.69595297024537,-13.297608205541675,13.575087834501671,-26.872696040043351,0,0,8.8060898322375323,171.5387475356323
0.00030949999999999999,13.552310373192807,-112.35222161542305,-6.5397018138863023,6.5397018138863023,-20.09201218707911,-7.0126085593065044,0,0,136.44490405054435
0.00031,13.538200731992191,234.18973326401886,13.538200731992191,-13.584906279880453,0,-27.123107011872644,0,0,98.796777134383703
0.00031050000000000001,13.525229866908123,236.81684925178988,13.529728553652889,-13.657212156521949,0,-27.186940710174838,4.4986867447654646,0,66.455442346366809
0.00031099999999999997,13.515302192337543,238.16147805463402,13.527427249100548,-13.695236693337677,0,-27.222663942438224,12.125056763003663,0,50.264048130485037
0.00031149999999999998,13.509416172806883,237.99314915464817,13.530048534515288,-13.691641937764061,0,-27.221690472279349,20.632361708403913,0,52.700997411117626
0.00031199999999999999,13.507414092319445,236.30527778362699,13.535058471713631,-13.644970393258353,0,-27.180028864971984,27.64437939418622,0,73.387469897847794
0.00031250000000000001,13.508009877048849,233.31571344468531,13.539030769841789,-13.559857447096825,0,-27.098888216938612,31.020892792940206,0,109.1517747565058
0.00031299999999999996,13.508990278796158,229.43282229756076,13.538176409983793,-13.446307763371291,0,-26.984484173355085,29.186131187633769,0,154.52247293630398
0.00031349999999999998,13.507558146079033,225.1923870280705,13.528927959908044,-13.318148798394672,0,-26.847076758302716,21.369813829011161,0,202.57360829291966
0.00031399999999999999,13.500764756608987,221.17507802626477,13.508488724280388,-13.190900722571122,0,-26.699389446851509,7.7239676714019581,0,245.99147830755041
0.0003145,13.486400591368479,98.843255304357456,5.7533834819657788,-5.7533834819657788,-7.7330171094027023,-19.239784073334256,0,0,279.95728239172456
0.00031499999999999996,13.472359570450866,-234.52711199058865,-13.561848854621722,13.472359570450866,-27.034208425072592,0,0,0,317.05103717094829
0.00031549999999999997,13.459975451656584,-237.01914155728423,-13.631548096529313,13.466548007775506,-27.098096104304819,0,0,6.5725561189219661,347.32850687443079
0.00031599999999999998,13.451565809704684,-238.04327223649145,-13.661820545042326,13.46742039673933,-27.129240941781656,0,0,15.854587034645057,359.18892946756893
0.0003165,13.447857019315757,-237.41810138975885,-13.646497686123913,13.473207734952529,-27.119705421076446,0,0,25.350715636772541,350.82325865754729
0.00031700000000000001,13.448321031326005,-235.2069847673788,-13.585901907484715,13.480860068002388,-27.066761975487101,0,0,32.539036676382736,323.5236304365551
0.00031749999999999997,13.451260278269997,-231.70780054053967,-13.486784309722557,13.48651902376457,-26.973303333487127,0,0,35.258745494572644,281.47824185512047
0.00031799999999999998,13.454072138702957,-227.40672110266084,-13.361275499243831,13.486113610808916,-26.847389110052749,0,0,32.04147210595967,231.1219150531121
0.00031849999999999999,13.453651956570207,-222.90316991632673,-13.225012627776197,13.475987514465062,-26.701000142241259,0,0,22.335557894855739,180.14304391831496
0.000319,13.44687242206469,-218.81755039883507,-13.094732097576186,13.453461485269912,-26.5481935828461,0,0,6.5890632052229563,136.30017380400403
0.00031949999999999996,13.4322927799788,-84.890045258189218,-4.9412069914927423,4.9412069914927423,-18.373499771471543,-8.4910857884860569,0,0,103.09770787614676
0.00031999999999999997,13.418308092024633,235.09678970767234,13.418308092024633,-13.551447897262168,0,-26.969755989286799,0,0,66.510076712394351
0.00032049999999999998,13.406509718244749,237.45494867736346,13.415201260229935,-13.618597960658787,0,-27.033799220888721,8.6915419851854807,0,38.28854181130086
0.000321,13.399638832304131,238.1548210169488,13.419309889370114,-13.641040012869727,0,-27.060349902239842,19.671057065982488,0,30.81251528376465
0.00032150000000000001,13.398146207008942,237.06466350879671,13.428333367594105,-13.613786772357184,0,-27.042120139951287,30.187160585163387,0,45.213084942889701
0.00032199999999999997,13.401126686982469,234.31902898338916,13.438693264820559,-13.538970896090845,0,-26.977664160911402,37.566577838090957,0,79.268118582606547
0.00032249999999999998,13.406462243023535,230.29754795447334,13.446087032953876,-13.425503373895559,0,-26.871590406849435,39.624789930342104,0,127.75077686611934
0.00032299999999999999,13.411151115531325,225.56612103737439,13.446151843462459,-13.287691821911466,0,-26.733843665373925,35.000727931134719,0,183.2387119241431
0.0003235,13.411772094960394,220.78963499159684,13.43513637476739,-13.143033124951712,0,-26.578169499719102,23.364279806995597,0,237.25868054856952
0.00032399999999999996,13.40501234428179,216.62966868065979,13.410477362675461,-13.009521210567202,0,-26.419998573242665,5.4650183936711159,0,281.59006178027732
0.00032449999999999997,13.390358571902059,70.518314408580238,4.1046696008251473,-4.1046696008251473,-9.2856889710769117,-17.495028172727206,0,0,314.35210815294192
0.00032499999999999999,13.376417542675718,-235.89741176513863,-13.553849372731472,13.376417542675718,-26.930266915407191,0,0,0,350.44432445678672
0.0003255,13.365200219599201,-238.12050327000787,-13.618428968974339,13.37604263096453,-26.994471599938869,0,0,10.842411365329468,376.58914799712647
0.00032600000000000001,13.359878004588603,-238.49133846032129,-13.632919621250236,13.383423979481277,-27.016343600731517,0,0,23.545974892673499,379.61604973716265
0.00032649999999999997,13.360622140999791,-236.92849246092584,-13.593530008706212,13.395720420388503,-26.989250429094717,0,0,35.098279388713266,359.08156549475819
0.00032699999999999998,13.366144325575631,-233.63881356811433,-13.504230312525515,13.408815547962302,-26.913045860487816,0,0,42.671222386670792,318.15273348841254
0.00032749999999999999,13.373898826678724,-229.08505662710104,-13.376127084213529,13.417954031938288,-26.794081116151819,0,0,44.055205259564715,263.11293526557876
0.000328,13.380477407656761,-223.91428796297501,-13.225743634002873,13.418474810130872,-26.644218444133745,0,0,37.997402474111318,202.39021714834655
0.00032849999999999996,13.382135987849695,-218.85814183805263,-13.072472393440025,13.406528350721295,-26.479000744161322,0,0,24.39236287159946,145.25834953860249
0.00032899999999999997,13.375371874242314,-214.62030733229307,-12.935592293522618,13.379667864987212,-26.31526015850983,0,0,4.2959907448987806,100.41081558287115
0.00032949999999999999,13.360751613407325,-55.807112046398345,-3.2483725433292863,3.2483725433292863,-16.609124156736613,-10.112379070078038,0,0,67.782514555725015
0.00033,13.346841408708308,236.92635656733401,13.346841408708308,-13.569053568008563,0,-26.915894976716871,0,0,32.151429781431077
0.00033050000000000001,13.336198704714603,239.0151717122595,13.349217555642737,-13.631095304279858,0,-26.980312859922599,13.018850928134476,0,8.075368120117659
0.00033099999999999997,13.332431065013731,239.0546283927882,13.359901300635702,-13.637581167343948,0,-26.997482467979648,27.470235621971145,0,9.5280539388282897
0.00033149999999999998,13.335428135789337,237.01398008510932,13.375504223271461,-13.58592294058834,0,-26.961427163859799,40.076087482123867,0,36.26025774498892
0.00033199999999999999,13.343514347187368,233.17314646118416,13.391364235470229,-13.481947085157941,0,-26.873311320628172,47.849888282862061,0,84.149883903204909
0.0003325,13.353710753437243,228.07907448601344,13.402265709113509,-13.338983068898424,0,-26.741248778011933,48.554955676266658,0,145.84339513216167
0.00033299999999999996,13.362196602421356,222.46118804608196,13.403243183006239,-13.175801539682951,0,-26.579044722689193,41.046580584883202,0,211.89210770070792
0.00033349999999999997,13.364899315883648,217.11899957402034,13.390345038977728,-13.013721480257086,0,-26.40406651923481,25.445723094079504,0,272.20777859937175
0.00033399999999999999,13.358121995664048,212.79920395641852,13.361239952757289,-12.873332411925444,0,-26.23457236468273,3.117957093240932,0,317.61325203229342
0.0003345,13.343619741607348,40.856942977536221,2.3781659165995919,-2.3781659165995919,-10.965453825007756,-15.72178565820694,0,0,350.36967656857746
0.00033500000000000001,13.329727373318326,-238.17308286528549,-13.596827142798499,13.329727373318326,-26.926554516116827,0,0,0,385.55945735137703
0.00033549999999999997,13.319647857080941,-240.1283752047247,-13.656350348120615,13.3348493238614,-26.991199671982017,0,0,15.201466780459157,407.57418381445098
0.00033599999999999998,13.317426525852872,-239.83592948685194,-13.654815247006423,13.348833639124576,-27.003648886131003,0,0,31.407113271705292,401.63356902779827
0.00033649999999999999,13.322671063905261,-237.3156848843513,-13.590835772306715,13.367742306155103,-26.958578078461823,0,0,45.071242249841902,368.68043265015996
0.00033700000000000001,13.333317338966237,-232.92082844643602,-13.472098852762507,13.386364506132947,-26.858463358895456,0,0,53.047167166710842,313.79512996648378
0.00033749999999999996,13.345951145568694,-227.28285766339329,-13.314165666475924,13.399021014154592,-26.713186680630518,0,0,53.069868585897098,245.40641724243619
0.00033799999999999998,13.356336722330608,-221.2140227192628,-13.138066335133095,13.400438927183824,-26.538505262316921,0,0,44.102204853216605,173.98979730716124
0.00033849999999999999,13.360070428878759,-215.58222293936055,-12.967060060375671,13.386562231783158,-26.353622292158832,0,0,26.491802904399407,110.45435419356519
0.000339,13.35325892325957,-211.17762967160181,-12.82306006595863,13.355173867362035,-26.178233933320666,0,0,1.9149441024656824,64.466491107809247
0.00033949999999999996,13.338942964841026,-25.793453593629753,-1.501363238103492,1.501363238103492,-14.840306202944518,-11.837579726737534,0,0,31.337215468829068
0.00033999999999999997,13.325055465658476,239.6266540351227,13.325055465658476,-13.636841497804859,0,-26.961896963463335,0,0,-3.4454273837048994
0.00034049999999999998,13.31552408013574,241.45065556978321,13.332899745431856,-13.69389947355109,0,-27.026799218982944,17.375665296115834,0,-23.431851183944278
0.00034099999999999999,13.314830798689803,240.82854312985404,13.350161913607486,-13.684397194835384,0,-27.03455910844287,35.33111491768399,0,-13.036368808419176
0.00034150000000000001,13.322303252592221,237.83060121962629,13.372355982557705,-13.608141635980687,0,-26.980497618538394,50.052729965485327,0,26.109313929593419
0.00034199999999999996,13.33549038054665,232.88298541585206,13.393723232467918,-13.474671901172821,0,-26.868395133640739,58.232851921267283,0,87.970610225293541
0.00034249999999999998,13.350543848221232,226.70152774970293,13.408120771641553,-13.301774551380021,0,-26.709895323021573,57.576923420321243,0,163.04633471582906
0.00034299999999999999,13.362813357768918,220.18120123669252,13.409967300051813,-13.112735690672189,0,-26.522702990724003,47.15394228289486,0,239.83533083031529
0.0003435,13.367563958856751,214.25831508814318,13.395100707001486,-12.932754559351544,0,-26.32785526635303,27.536748144734972,0,306.60705702985734
0.00034399999999999996,13.360704935822092,209.76666295054281,13.361415989069297,-12.785071230286839,0,-26.146487219356136,0.71105324720448948,0,353.20355696776249
0.00034449999999999997,13.346625768289314,10.76739839737769,0.62673949671593476,-0.62673949671593476,-12.71988627157338,-13.973365265005249,0,0,386.90710255742596
0.00034499999999999998,13.332730270352522,-241.26847022964887,-13.688507092533623,13.332730270352522,-27.021237362886151,0,0,0,421.31240751726614
0.0003455,13.323725995748751,-242.96457095645525,-13.743171780540258,13.343243181221373,-27.086414961761637,0,0,19.517185472623289,439.31707701127272
0.00034600000000000001,13.324525500519057,-242.01843768524259,-13.725837001949809,13.363723524744877,-27.089560526694687,0,0,39.198024225820681,424.54074162100187
0.00034649999999999997,13.33418119421426,-238.54976429658885,-13.637479290018906,13.389144917049943,-27.026624207068853,0,0,54.96372283568342,379.29210457154062
0.00034699999999999998,13.34986084880657,-233.05653380273824,-13.489460057292556,13.413207498596414,-26.902667555888971,0,0,63.346649789844101,310.54577687986421
0.00034749999999999999,13.367287785255538,-226.3377469814038,-13.301759729524665,13.429309607582528,-26.731069337107193,0,0,62.021822326989771,228.86109166474367
0.000348,13.381402071998229,-219.37009172900176,-13.099892170093288,13.43156383384461,-26.531456003937897,0,0,50.161761846380855,146.752737321235
0.00034849999999999996,13.387140713860008,-213.15759313048,-12.910976112910239,13.415701316931276,-26.326677429841517,0,0,28.560603071268645,76.76462369711885
0.00034899999999999997,13.380098316522865,-24.497787603061305,-1.4259462226953326,1.4259462226953326,-14.806044539218197,-11.954152093827533,0,0,29.763632839024964
0.00034949999999999998,13.366167969498896,3.6607977392401949,0.21308457697905964,-0.21308457697905964,-13.153083392519836,-13.579252546477957,0,0,-4.4287490320745029
0.00035,13.352252125699314,243.03388665401641,13.352252125699314,-13.749691013280911,0,-27.101943138980225,0,0,-38.485979521628188
0.00035050000000000001,13.343734283382506,244.60854123647229,13.365279552467525,-13.802073483857868,0,-27.167353036325391,21.545269085018667,0,-54.615474924791883
0.00035099999999999997,13.345934599829622,243.35458271380122,13.388794073373084,-13.777286138613693,0,-27.166080211986777,42.859473543462279,0,-35.684513193597709
0.00035149999999999998,13.357644317488306,239.43862779569082,13.417256170657325,-13.677416244518282,0,-27.094672415175605,59.611853169018936,0,15.355759215274222
0.00035199999999999999,13.375669360289747,233.42687956714491,13.443852081821856,-13.515556030979747,0,-26.959408112801604,68.182721532108857,0,90.63832980818799
0.0003525,13.395326334184928,226.19733084601492,13.461544415930362,-13.313769614232468,0,-26.775314030162832,66.218081745435285,0,178.59912743913873
0.00035299999999999996,13.411166305088896,218.80427754180715,13.46415496662449,-13.099686617797275,0,-26.563841584421763,52.988661535592826,0,265.7609542693836
0.00035349999999999997,13.41781470624295,212.31605265968827,13.447313359763839,-12.90224859826173,0,-26.349561958025568,29.498653520889604,0,338.80735116821791
0.00035399999999999999,13.410425547319555,11.590000237746551,0.67462079955283016,-0.67462079955283016,-12.735804747766725,-14.085046346872385,0,0,385.90824780393962
0.0003545,13.396463625875183,-16.726974276998931,-0.97362938130903132,0.97362938130903132,-14.370093007184217,-12.422834244566152,0,0,420.29319588141129
0.00035500000000000001,13.3825162405281,-244.82810304288489,-13.817079554601365,13.3825162405281,-27.199595795129468,0,0,0,454.06059491354864
0.00035549999999999997,13.374418693677269,-246.29561029533832,-13.867453501749504,13.397772120720207,-27.26522562246971,0,0,23.353427042937717,468.53072619609031
0.00035599999999999998,13.377854907444533,-244.76758527384277,-13.836026993002559,13.423980238806312,-27.260007231808871,0,0,46.125331361778841,445.89902050835218
0.00035649999999999999,13.391383687770007,-240.45233858467719,-13.725873053421001,13.455142724783485,-27.181015778204486,0,0,63.75903701347697,389.68839327460313
0.000357,13.411488103005601,-233.97688883416953,-13.551626044348541,13.483986043165276,-27.035612087513819,0,0,72.497940159674698,308.56210138283888
0.00035749999999999996,13.433121262493309,-226.28978777390435,-13.337210639587097,13.503082229795918,-26.840292869383017,0,0,69.960967302609774,214.98219952608136
0.00035799999999999997,13.45048601112464,-218.51477857542284,-13.1121490905544,13.505991553500722,-26.618140644055124,0,0,55.505542376082524,123.28750184855133
0.00035849999999999999,13.457928292518817,-211.77786786079858,-12.907016963018348,13.488251072185362,-26.39526803520371,0,0,30.322779666544314,47.487479725195655
0.000359,13.450234581731729,-0.19161216897050753,-0.011153196892433328,0.011153196892433328,-13.461387778624163,-13.439081384839296,0,0,0.24940892690630181
0.00035950000000000001,13.43623121412972,28.308280650805631,1.6477441358815363,-1.6477441358815363,-11.788487078248183,-15.083975350011256,0,0,-34.357854824504741
0.00035999999999999997,13.422242425775604,246.62203756348637,13.422242425775604,-13.889186023283013,0,-27.311428449058617,0,0,-67.919991927064785
0.00036049999999999998,13.414498147262565,247.99887967325546,13.439430909404233,-13.937883862022247,0,-27.37731477142648,24.932762141668569,0,-80.980893021635382
0.00036099999999999999,13.419001042399435,246.23353990936411,13.46798298411704,-13.900714264679305,0,-27.368697248796348,48.981941717605118,0,-55.145922824599978
0.0003615,13.43410850751609,241.57044911727459,13.501500404494088,-13.781602591614256,0,-27.283102996108344,67.391896977998215,0,5.5665801743258747
0.00036199999999999996,13.456022326631984,234.68961085443763,13.532306812022039,-13.596525648216687,0,-27.128832460238726,76.284485390054257,0,91.799651217268263
0.00036249999999999998,13.479377846706637,226.60125036187603,13.552630858642972,-13.371033370320356,0,-26.923664228963329,73.253011936336137,0,190.30624093163917
0.00036299999999999999,13.498072572352314,218.48998097096225,13.55580148470505,-13.136305837150672,0,-26.692107321855723,57.728912352736351,0,285.99202684299968
0.0003635,13.506206409651352,211.53252940502705,13.537271761040602,-12.92435432808878,0,-26.461626089129382,31.065351389250267,0,364.23748328377985
0.00036399999999999996,13.498265716884902,-9.6246985152203024,-0.56022620143235713,0.56022620143235713,-14.058491918317259,-12.938039515452544,0,0,411.66850540186044
0.00036449999999999997,13.484212342895434,-38.312308059468819,-2.2300499884043639,2.2300499884043639,-15.7142623312998,-11.25416235449107,0,0,446.50393065833396
0.00036499999999999998,13.47017360021673,-248.38390971420046,-13.964456645895215,13.47017360021673,-27.434630246111944,0,0,0,479.9248849405742
0.00036549999999999999,13.462713027394665,-249.68618100217691,-14.011790540181154,13.488980916580591,-27.500771456761743,0,0,26.267889185925334,491.81800035469604
0.00036600000000000001,13.468103443142484,-247.721413654374,-13.969794908748094,13.519503084594779,-27.489297993342877,0,0,51.399641452295718,463.28772374006979
0.00036649999999999996,13.484532973168653,-242.76431002258104,-13.843107667504784,13.555002777688349,-27.398110445193137,0,0,70.469804519695998,398.7687512291202
0.00036699999999999998,13.507965742247896,-235.53957560508741,-13.648837005917162,13.58746138636895,-27.236298392286113,0,0,79.495644121055562,308.20416659683121
0.00036749999999999999,13.532767693820571,-227.10967476600175,-13.41390850711794,13.608814717315356,-27.022723224433296,0,0,76.047023494784895,205.50655373330383
0.000368,13.552576630607479,-218.71096032926096,-13.170910437424421,13.612193154936222,-26.783103592360646,0,0,59.616524328741477,106.41282565432054
0.00036849999999999996,13.561282331756839,-211.56345494572673,-12.953078508668028,13.592975818197129,-26.546054326865161,0,0,31.693486440289092,26.063524075397144
0.00036899999999999997,13.553126176922811,17.783466619252209,1.0351247820020446,-1.0351247820020446,-12.518001394920766,-14.588250958924856,0,0,-21.577085912420831
0.00036949999999999998,13.539015686369014,46.667985072447706,2.7164100739669736,-2.7164100739669736,-10.82260561240204,-16.255425760335989,0,0,-56.651719493548327
0.00036999999999999999,13.524919886591432,250.08671872474716,13.524919886591432,-14.041410570912667,0,-27.566330457504097,0,0,-90.003393457547247
0.00037050000000000001,13.517673803776853,251.330837904704,13.545028209373466,-14.087700109753097,0,-27.632728319126564,27.354405596612743,0,-100.98241923864256
0.00037099999999999996,13.523770970022472,249.20534838613511,13.577141572687074,-14.041816822779992,0,-27.618958395467065,53.37060266460167,0,-70.282779917142989
0.00037149999999999998,13.541263053136355,244.00935318624374,13.614246270475526,-13.908971460581988,0,-27.523217731057514,72.983217339172086,0,-2.6748037003295337
0.00037199999999999999,13.565921149293262,236.50386909271137,13.64804361700344,-13.707190201262369,0,-27.355233818265809,82.12246771017891,0,91.422379267810243
0.0003725,13.591891394397665,227.79397740144248,13.670228683237781,-13.464519973129969,0,-27.134748656367751,78.337288840114866,0,197.55317177894273
0.00037299999999999996,13.612598839449838,219.15839332832752,13.673767352138929,-13.214701049679077,0,-26.888468401818002,61.168512689090797,0,299.45423941553224
0.00037349999999999997,13.62176023923058,211.85274182280614,13.653975573745035,-12.991974817282919,0,-26.645950391027952,32.21533451445373,0,381.55602375117689
0.00037399999999999998,13.613423121044505,-24.243496724860108,-1.4111446772206051,1.4111446772206051,-15.02456779826511,-12.2022784438239,0,0,429.41950571152756
0.0003745,13.599249853870072,-53.323930019450529,-3.1038336123464454,3.1038336123464454,-16.703083466216519,-10.495416241523627,0,0,464.73222224932857
0.00037500000000000001,13.585091342830125,-251.70176715992017,-14.118517484329322,13.585091342830125,-27.703608827159449,0,0,0,498.07624472728071
0.00037549999999999997,13.577990229335903,-252.90434427026793,-14.164084175971286,13.606175528634356,-27.770259704605646,0,0,28.185299298453188,508.39042436794131
0.00037599999999999998,13.584609825574043,-250.65773225563916,-14.115272906125647,13.639491661342538,-27.754764567468186,0,0,54.881835768495037,476.05184335592497
0.00037649999999999999,13.60289890406589,-245.27933148626693,-13.977721599764214,13.677814025451529,-27.655535625215744,0,0,74.915121385638159,406.08389383781139
0.000377,13.628481262738779,-237.55779113556204,-13.770153421688208,13.712627618058869,-27.482781039747081,0,0,84.146355320091118,309.26896938506809
0.00037749999999999996,13.655334049244074,-228.63089924957313,-13.521474571334325,13.735440121845119,-27.256914693179446,0,0,80.106072601045369,200.48013956921289
0.00037799999999999997,13.676717637511343,-219.81012036595521,-13.266314634178757,13.739087692326779,-27.005402326505536,0,0,62.370054815435822,96.388211469306569
0.00037849999999999998,13.686213706934332,-212.37884254274982,-13.03969774403655,13.718834036778437,-26.758531780814987,0,0,32.620329844106045,12.897665059189624
0.000379,13.677721631226426,28.991291390921813,1.6875002396044418,-1.6875002396044418,-11.990221391621985,-15.365221870830867,0,0,-35.186257720932531
0.00037950000000000001,13.663481421303235,58.266621973677132,3.3915335890249638,-3.3915335890249638,-10.271947832278272,-17.055015010328198,0,0,-70.735652517076176
0.00037999999999999997,13.649256037210261,253.2067130911563,13.649256037210261,-14.19441125839799,0,-27.843667295608249,0,0,-104.13387066547939
0.00038049999999999998,13.642232565431661,254.38366205626647,13.670995946239428,-14.239558829928445,0,-27.910554776167874,28.763380807766673,0,-114.03163032645884
0.00038099999999999999,13.649193549227233,252.05470461831337,13.705131241340624,-14.188757691405396,0,-27.89388893274602,55.937692113390888,0,-80.581931225550434
0.0003815,13.668017791311316,246.54966282689102,13.744287924493706,-14.047933592620607,0,-27.792221517114314,76.270133182390325,0,-8.980233101890434
0.00038199999999999996,13.694226964872817,238.67633607833233,13.779798202511804,-13.836291298944346,0,-27.616089501456152,85.571237638987355,0,89.739214893933962
0.00038249999999999997,13.721679714833641,229.59543278580341,13.803035949287329,-13.583337929520008,0,-27.386373878807337,81.356234453688387,0,200.4105870140871
0.00038299999999999999,13.74351978710067,220.64157812228527,13.806743007344126,-13.324330716891234,0,-27.13107372423536,63.223220243455955,0,306.07448917258409
0.0003835,13.753232026380294,213.1180033243111,13.786142662866745,-13.094851710248349,0,-26.880994373115094,32.91063648645018,0,390.58633747760729
0.00038400000000000001,13.744610799606262,-32.035319033966346,-1.8646843914842286,1.8646843914842286,-15.609295191090489,-11.879926408122033,0,0,438.88068056970076
0.00038449999999999997,13.730300949736813,-61.498151585487676,-3.5796316947867126,3.5796316947867126,-17.309932644523528,-10.150669254950101,0,0,474.65789587170599
0.00038499999999999998,13.71600599820143,-254.57835362155612,-14.267712649885389,13.71600599820143,-27.983718648086821,0,0,0,508.16462814440547
0.00038549999999999999,13.7089946830045,-255.74567684487073,-14.312749079202042,13.738084840302623,-28.050833919504669,0,0,29.090157298123906,517.88640478338823
0.000386,13.716118596172185,-253.37313924646566,-14.260897866741686,13.772659744209754,-28.033557610951444,0,0,56.541148037569471,483.84447820973156
0.00038649999999999996,13.735219417413868,-247.79701489504401,-14.118230342317707,13.812271841871331,-27.930502184189042,0,0,77.052424457463488,411.32556976400912
0.00038699999999999997,13.761761648625962,-239.83572460460513,-13.904215851928264,13.848163526237785,-27.752379378166054,0,0,86.40187761182429,311.50491674940662
0.00038749999999999999,13.789535531641606,-230.66313060892122,-13.648704301272188,13.871627721884579,-27.520332023156769,0,0,82.092190242973345,199.71733659750751
0.000388,13.811615706504179,-221.62752083455973,-13.387321171579705,13.875346614124297,-27.262667785704,0,0,63.730907620117712,93.093227139826425
0.00038849999999999996,13.821427831465469,-214.04419955509763,-13.155985646904671,13.854514264394613,-27.010499911299284,0,0,33.086432929143768,7.923925708280354
0.00038899999999999997,13.812701229352205,33.421330866299698,1.9453601802105449,-1.9453601802105449,-11.867341049141661,-15.75806140956275,0,0,-40.565336558547344
0.00038949999999999998,13.798320488873964,63.063100645321278,3.6707229082765935,-3.6707229082765935,-10.127597580597371,-17.469043397150557,0,0,-76.559775615497756
0.00038999999999999999,13.78395472053573,255.80075940042133,13.78395472053573,-14.337265042820293,0,-28.121219763356024,0,0,-110.22595398033268
0.00039050000000000001,13.776894179685494,256.97307602251635,13.806070451493333,-14.382465373608328,0,-28.18853582510166,29.176271807839242,0,-120.00184676830528
0.00039099999999999996,13.784011205336348,254.59351013898208,13.840721589017383,-14.33044747863249,0,-28.17116906764987,56.710383681033505,0,-85.865874279879336
0.00039149999999999998,13.803141414275393,248.99925866968286,13.880425100974721,-14.187297504227999,0,-28.067722605202718,77.283686699328172,0,-13.119615829994025
0.00039199999999999999,13.829735035648941,241.01131858595753,13.91639432704781,-13.972545337760723,0,-27.888939664808532,86.659291398867992,0,87.026498814137682
0.0003925,13.857562059873048,231.80737943589563,13.939892734319606,-13.71613767521327,0,-27.656030409532875,82.330674446558575,0,199.18761067269409
0.00039299999999999996,13.879674035986431,222.74021533357939,13.943577174526441,-13.453818043331216,0,-27.397395217857657,63.903138540010289,0,306.17617022113768
0.00039349999999999997,13.889474253262286,215.12958486207629,13.92262437609496,-13.221626739102152,0,-27.144251115197111,33.150122832675237,0,391.6453740604374
0.00039399999999999998,13.880665162014061,-33.210336692570309,-1.9330788121982536,1.9330788121982536,-15.813743974212315,-11.947586349815808,0,0,440.30725337316619
0.00039449999999999999,13.86621366262623,-63.018030868094399,-3.6680995253150073,3.6680995253150073,-17.534313187941237,-10.198114137311222,0,0,476.50325568634111
0.00039500000000000001,13.851777209047235,-256.85767169816535,-14.401932948432782,13.851777209047235,-28.253710157480015,0,0,0,510.37266167984029
0.00039549999999999996,13.844609801407621,-258.04937938290971,-14.44757236135516,13.873640977120941,-28.321213338476106,0,0,29.031175713319868,520.41920004950498
0.00039599999999999998,13.851558246704373,-255.69827484016895,-14.396248334246415,13.90802120227829,-28.304269536524707,0,0,56.462955573917142,486.66376943592036
0.00039649999999999999,13.870482165485832,-250.13701457448661,-14.2539318584064,13.947469135896476,-28.201400994302876,0,0,76.986970410643238,414.34884187715687
0.000397,13.896858854198511,-242.18132895876874,-14.040013944726692,13.983227265762917,-28.023241210489612,0,0,86.36841156440596,314.6180835903441
0.00039749999999999996,13.924484261062844,-233.00372833316374,-13.7843001643799,14.00657860844589,-27.790878772825792,0,0,82.094347383047165,202.79224047828816
0.00039799999999999997,13.946430796578055,-223.95269226896585,-13.522412415593964,14.010186997625928,-27.532599413219891,0,0,63.756201047873063,96.007261857487293
0.00039849999999999998,13.956114327681238,-216.34522774511339,-13.290307530224252,13.989222553388306,-27.27953008361256,0,0,33.108225707067461,10.578764855773652
0.00039899999999999999,13.947246189317287,31.501220493365729,1.8335960414316952,-1.8335960414316952,-12.113650147885592,-15.780842230748982,0,0,-38.233604476442302
0.00039950000000000001,13.932725370796396,61.460781058089736,3.5774564631598085,-3.5774564631598085,-10.355268907636587,-17.510181833956203,0,0,-74.613900894335302
0.00039999999999999996,13.918219670254183,257.74057393600668,13.918219670254183,-14.460841999372199,0,-28.379061669626385,0,0,-108.72509366821063
0.00040049999999999998,13.910893527805191,258.96419327447472,13.93956627717184,-14.50715280353052,0,-28.446719080702362,28.672749366649661,0,-119.2411351569815
0.00040099999999999999,13.917525252499006,256.673667082767,13.973355274366575,-14.457298339243534,0,-28.430653613610108,55.830021867569513,0,-86.304670943015026
0.0004015,13.936025775029535,251.19226510921638,14.012226074591425,-14.317020162038585,0,-28.329246236630009,76.200299561890319,0,-15.031898647971964
0.00040199999999999996,13.961937419476849,243.32334285942011,14.047504454359427,-14.105390358529322,0,-28.15289481288875,85.567034882578511,0,83.593895341965919
0.00040249999999999997,13.989124881780624,234.22595164773134,14.070539075907432,-13.851855177674057,0,-27.922394253581487,81.414194126806933,0,194.42178305355404
0.00040299999999999998,14.010722487807746,225.23609531651124,14.074031733142727,-13.591692014156564,0,-27.665723747299289,63.30924533498041,0,300.46899298690909
0.0004035,14.020191700478215,217.66120180620447,14.05315704371737,-13.360580873553188,0,-27.413737917270559,32.965343239155942,0,385.53296126307674
0.00040400000000000001,14.011286981196239,-28.402455761287513,-1.6532257999909419,1.6532257999909419,-15.664512781187184,-12.358061181205297,0,0,434.468974389876
0.00040449999999999997,13.996699488243408,-58.496691320935554,-3.4049252683878848,3.4049252683878848,-17.401624756631293,-10.591774219855523,0,0,471.01282818607172
0.00040499999999999998,13.982127182685634,-258.44084752082779,-14.513164241079675,13.982127182685634,-28.495291423765309,0,0,0,505.39701177284383
0.00040549999999999999,13.974595686374549,-259.70834494189808,-14.560373311489935,14.002712873774081,-28.563086185264019,0,0,28.117187399531872,516.5625061180981
0.000406,13.980775248126275,-257.50849195649749,-14.512718346735181,14.035616663847186,-28.54833501058237,0,0,54.841415720911755,484.84679135770875
0.00040649999999999996,13.998653599187605,-252.15053813875139,-14.375601420890435,14.073616064477246,-28.449217485367683,0,0,74.962465289640306,415.17708456601741
0.00040699999999999997,14.023873321843961,-244.41877841813869,-14.167605826468545,14.10817001159856,-28.275775838067105,0,0,84.296689754598162,318.28940370944304
0.00040749999999999998,14.050407367976886,-235.4511043703952,-13.917615185437819,14.130734947524443,-28.048350132962263,0,0,80.327579547556965,209.06725737623609
0.000408,14.07148966902137,-226.5635170947568,-13.660357061156517,14.134078579145488,-27.794435640302005,0,0,62.588910124117362,104.24698107108546
0.00040849999999999995,14.080657367418109,-219.04766882044439,-13.431058863810561,14.113389557206864,-27.544448421017425,0,0,32.73218978875444,19.843490868757534
0.00040899999999999997,14.071740117515517,24.0562189628561,1.4002437737736741,-1.4002437737736741,-12.671496343741843,-15.471983891289192,0,0,-29.193164145367405
0.00040949999999999998,14.057089685326538,54.26754235769296,3.1587585905202853,-3.1587585905202853,-10.898331094806252,-17.215848275846824,0,0,-65.8790418726811
0.00040999999999999999,14.042454506060192,258.95768484077132,14.042454506060192,-14.558354065542847,0,-28.600808571603039,0,0,-100.56138751588747
0.0004105,14.034678058936045,260.27881812198478,14.062066296616523,-14.606639300122032,0,-28.668705596738555,27.388237680478902,0,-112.53329322055953
0.00041099999999999996,14.04028746859615,258.19547737099901,14.093826381071775,-14.561807505634377,0,-28.655633886706152,53.538912475625871,0,-82.391921576210521
0.00041149999999999997,14.057369248003731,252.99900811100341,14.13069423798467,-14.428830034427847,0,-28.559524272412517,73.324989980939989,0,-14.821443375438115
0.00041199999999999999,14.081697036969304,245.4488906321549,14.164306257611019,-14.225655872353013,0,-28.389962129964033,82.609220641713847,0,79.76534727128643
0.0004125,14.107386939813654,236.65511416231149,14.1862645888343,-13.980428520924566,0,-28.166693109758867,78.877649020646217,0,186.83856696985393
0.00041299999999999996,14.127806135463,227.90697961798085,14.189428587946558,-13.727143445940197,0,-27.916572033886752,61.622452483557232,0,289.99155516552162
0.00041349999999999997,14.136594671274635,220.47473854987948,14.169010530384977,-13.500416376980443,0,-27.66942690736542,32.415859110342453,0,373.46454711970523
0.00041399999999999998,14.127687940693898,-18.608471233801595,-1.0831459434589235,1.0831459434589235,-15.210833884152819,-13.044541997234974,0,0,422.5762365697185
0.00041449999999999999,14.112979259860277,-48.917261571245433,-2.8473340324577094,2.8473340324577094,-16.960313292317984,-11.265645227402567,0,0,459.38043089291898
0.000415,14.098285892593374,-259.29011800219479,-14.595925874394352,14.098285892593374,-28.694211766987728,0,0,0,494.37862379553121
0.00041549999999999996,14.090231158515795,-260.67381786754845,-14.645454812448257,14.116738299395287,-28.762193111843548,0,0,26.507140879492006,507.29094426490144
0.00041599999999999997,14.095168422747673,-258.7300626241398,-14.60400613561729,14.147129921256647,-28.751136056873939,0,0,51.961498508975332,479.03100071679995
0.00041649999999999999,14.111302513686272,-253.72873813253176,-14.476036194595903,14.182640860049258,-28.658677054645164,0,0,71.33834636298549,413.99186604957401
0.000417,14.134565309228822,-246.39934709523382,-14.278728604116157,14.215123703000444,-28.493852307116601,0,0,80.558393771620644,322.19607511424147
0.00041749999999999996,14.159246672449488,-237.81800845010414,-14.039329293870914,14.236359173189022,-28.275688467059936,0,0,77.112500739534141,217.74427494444964
0.00041799999999999997,14.178876335164201,-229.24147211397633,-13.790942147466737,14.239320241549377,-28.030262389016116,0,0,60.443906385176291,116.64093855430497
0.00041849999999999998,14.187220751556316,-221.91375469850789,-13.567434239090941,14.21925054633693,-27.786684785427873,0,0,32.02979478061512,34.332403684782307
0.00041899999999999999,14.178349447478034,12.231836224362358,0.71198023851663461,-0.71198023851663461,-13.4663692089614,-14.890329685994669,0,0,-14.834987544291439
0.00041950000000000001,14.163588021712831,42.618935464933564,2.48072646502674,-2.48072646502674,-11.682861556686092,-16.644314486739571,0,0,-51.734097789732274
0.00041999999999999996,14.148841964428383,259.44469071951607,14.148841964428383,-14.625681024526878,0,-28.774522988955262,0,0,-87.059737930891416
0.00042049999999999998,14.140483351719915,260.89750720909137,14.16598499529468,-14.676569574411124,0,-28.842554569705804,25.501643574765488,0,-101.0202917645934
0.00042099999999999999,14.144666478295223,259.1115938213311,14.194824736500884,-14.638944275892728,0,-28.833769012393613,50.158258205660879,0,-74.892783210809554
0.0004215,14.159730031591875,254.33265251285863,14.228793479301752,-14.516682877513155,0,-28.745476356814905,69.063447709876584,0,-12.740958413156889
0.00042199999999999996,14.18178617313913,247.25610698492054,14.259992117044794,-14.326100171534284,0,-28.586092288579078,78.205943905663901,0,75.857273862049439
0.00042249999999999997,14.205323700026014,238.91935423211976,14.280407675903639,-14.093417019368516,0,-28.373824695272152,75.083975877625875,0,177.2926945024598
0.00042299999999999998,14.224059345257054,230.54173410998152,14.283145831647925,-13.850713695255889,0,-28.133859526903816,59.086486390871009,0,276.02351018802227
0.00042349999999999999,14.231905940700008,223.33690680856964,14.263489097093359,-13.630992295981388,0,-27.894481393074749,31.583156393350713,0,356.96632648223232
0.00042400000000000001,14.223093831256032,-5.0966681710726789,-0.2966624923290766,0.2966624923290766,-14.519756323585106,-13.926431338926955,0,0,406.16909185570262
0.00042449999999999996,14.208285821020471,-35.541864131957709,-2.0687903629380244,2.0687903629380244,-16.277076183958499,-12.139495458082447,0,0,443.13865750807673
0.00042499999999999998,14.193493227765897,-259.42746586672985,-14.647481728651231,14.193493227765897,-28.840974956417131,0,0,0,478.79603614247065
0.00042549999999999999,14.184811858395404,-260.95494933398243,-14.699832137805865,14.209207849842931,-28.909039987648796,0,0,24.395991447527166,493.8874390931025
0.000426,14.18817666194801,-259.34191252476859,-14.666395593337473,14.236350277461622,-28.902745870799098,0,0,48.173615513611111,470.09106656361161
0.00042649999999999996,14.202072898126245,-254.80755018168966,-14.550416336456728,14.268630580575724,-28.819046917032452,0,0,66.557682449479984,411.11006527328999
0.00042699999999999997,14.222810903453636,-248.0097998781585,-14.367253957231977,14.298423750233678,-28.665677707465655,0,0,75.612846780040314,326.03359172211117
0.00042749999999999998,14.245098690398532,-239.94337708907469,-14.141999890669961,14.31794513638526,-28.459945027055223,0,0,72.846445986729435,227.92933171680806
0.000428,14.262859525959986,-231.78631268058624,-13.90560464488366,14.320448001836485,-28.226052646720145,0,0,57.588475876499253,131.82806577034754
0.00042850000000000001,14.27016840038433,-224.7186720536921,-13.690113739029472,14.301259230385096,-27.991372969414567,0,0,31.090830000765074,52.411113838517288
0.00042899999999999997,14.261440889902651,-2.6087946333696594,-0.15185048190949538,0.15185048190949538,-14.413291371812146,-14.109590407993156,0,0,3.1857030363599881
0.00042949999999999998,14.246592955608115,27.875647455244017,1.6225617936627392,-1.6225617936627392,-12.624031161945375,-15.869154749270855,0,0,-33.83134509671396
0.00042999999999999999,14.231760479860476,259.25139015638251,14.231760479860476,-14.66146581885604,0,-28.893226298716517,0,0,-69.819239496649516
0.0004305,14.222745367317403,260.85669689894087,14.245965137660061,-14.715329306332205,0,-28.961294443992266,23.219770342657377,0,-86.096948705002021
0.00043099999999999996,14.225248672691396,259.42654402927849,14.271308778094722,-14.686322382971696,0,-28.957631161066416,46.060105403326318,0,-64.771033290612749
0.00043149999999999997,14.237910764666854,255.15215417534279,14.301797275993174,-14.57702210845456,0,-28.878819384447734,63.886511326320786,0,-9.1630483325122967
0.00043199999999999998,14.257252600297655,248.65168776926876,14.330098355171538,-14.401775432871803,0,-28.731873788043341,72.845754873883891,0,72.157293400456325
0.0004325,14.278215868678902,240.87440957491842,14.348672079973703,-14.184471874891344,0,-28.533143954865047,70.456211294800866,0,166.69956425948482
0.00043299999999999995,14.294944638959759,232.95421658446281,14.350930926512623,-13.954855684307166,0,-28.305786610819787,55.986287552863686,0,259.97930098450678
0.00043349999999999997,14.301687947565425,226.03513140277718,14.332251212323815,-13.743947011927252,0,-28.076198224251069,30.563264758390474,0,337.74673305499891
0.00043399999999999998,14.293068938741573,10.704669921136031,0.62308825133812462,-0.62308825133812462,-13.669980687403452,-14.916157190079698,0,0,386.98186970520516
0.00043449999999999999,14.278188075713212,-19.799954265466567,-1.1524987664949045,1.1524987664949045,-15.430686842208118,-13.125689309218307,0,0,424.02328840333666
0.000435,14.263322705514657,-258.92837542308501,-14.667819989339833,14.263322705514657,-28.931142694854493,0,0,0,460.33370517723887
0.00043549999999999996,14.253969450100065,-260.61360828259802,-14.723232871881514,14.275967453765892,-28.999200325647408,0,0,21.998003665826026,477.82773540689811
0.00043599999999999997,14.255586111153757,-259.37299275955991,-14.698818116394877,14.299449659121972,-28.998267775516851,0,0,43.863547968215322,459.0579914188142
0.00043649999999999998,14.26697376716241,-255.3687396123031,-14.596461223848031,14.328082842975295,-28.92454406682333,0,0,61.109075812885472,406.95066048109186
0.000437,14.284872142173082,-249.17766586056621,-14.429456925230372,14.354839578713992,-28.784296503944365,0,0,69.967436540910001,329.53591844147371
0.00043749999999999995,14.304466009464912,-241.701739980523,-14.220444308053343,14.372435163240564,-28.592879471293909,0,0,67.969153775650767,238.70369115387797
0.00043799999999999997,14.3201294431571,-234.02888800330265,-13.997911494901372,14.374448598009826,-28.372360092911197,0,0,54.319154852725568,148.36935026873016
0.00043849999999999998,14.326293104980861,-227.26554465806225,-13.791809757858708,14.356308644398458,-28.148118402257168,0,0,30.01553941759682,72.332321200779674
0.00043899999999999999,14.317807445913846,-19.002832628832405,-1.1061005935168233,1.1061005935168233,-15.423908039430669,-13.211706852397024,0,0,23.092616446574432
0.0004395,14.302900827021693,11.505086597014529,0.66967821913622416,-0.66967821913622416,-13.633222607885468,-14.972579046157918,0,0,-13.95264709779299
0.00043999999999999996,14.288009727774405,258.47631327671519,14.288009727774405,-14.666980488291378,0,-28.954990216065784,0,0,-50.573151539633521
0.00044049999999999997,14.278321391239134,260.24131831022612,14.299081234929321,-14.723931622096439,0,-29.023012857025758,20.7598436901879,0,-69.287580775250262
0.00044099999999999999,14.279046684238137,259.19201166700623,14.320682529367872,-14.704150917940026,0,-29.024833447307898,41.63584512973484,0,-53.101759106273917
0.0004415,14.289148933509942,255.46138280504334,14.347439159671064,-14.608828404634204,0,-28.956267564305268,58.290226161121296,0,-4.5427285599317528
0.00044199999999999996,14.305589428601957,249.58443196111293,14.372633554396621,-14.450195303244286,0,-28.822828857640907,67.044125794664666,0,68.905772246327771
0.00044249999999999997,14.323799678777297,242.41516185221613,14.389241114324358,-14.2496231990895,0,-28.638864313413858,65.441435547061573,0,155.96334160604437
0.00044299999999999998,14.338387722067294,234.99476145659455,14.391011350098642,-14.034323758325073,0,-28.425335108423717,52.623628031348311,0,243.29349678175819
0.00044349999999999999,14.343969507591789,228.3913312625059,14.373427932553538,-13.833158861472242,0,-28.206586794025778,29.458424961749913,0,317.55623742947978
0.000444,14.335639823393324,27.329300430646299,1.5907604943524021,-1.5907604943524021,-12.74487932904092,-15.926400317745726,0,0,366.79498820215338
0.00044449999999999996,14.320714638777611,-3.1654486747229953,-0.18425172321655481,0.18425172321655481,-14.504966361994164,-14.136462915561056,0,0,403.82408907798629
0.00044499999999999997,14.30580499313599,-257.91131098624135,-14.659408311700385,14.30580499313599,-28.965213304836379,0,0,0,440.73632739402802
0.00044549999999999999,14.295790537674199,-259.75494930916267,-14.717872565514876,14.315319373182886,-29.033191938697765,0,0,19.52883550868733,460.65155102477945
0.000446,14.295636408844638,-258.89556687824376,-14.702693950594933,14.335056530822952,-29.037750481417884,0,0,39.420121978314313,447.02702978487343
0.00044649999999999996,14.304466960907371,-255.43712191853149,-14.61437183873009,14.359952595866964,-28.974324434597055,0,0,55.485634959592581,401.99366484344591
0.00044699999999999997,14.319463800023541,-249.87300552097389,-14.464079420173912,14.383598710613898,-28.847678130787809,0,0,64.134910590355375,332.49183528676116
0.00044749999999999998,14.336304059787921,-243.00945319110053,-14.27192622528425,14.399229704629686,-28.67115592991394,0,0,62.925644841765042,249.19516095338204
0.00044799999999999999,14.349828920243814,-235.84107953296518,-14.06385215153098,14.40076549426735,-28.464617645798331,0,0,50.936574023536828,164.86326494987546
0.00044850000000000001,14.354839204631615,-229.39775425083127,-13.867632951828719,14.383745160086098,-28.251378111914818,0,0,28.905955454483781,92.377743797817701
0.00044899999999999996,14.346687816162159,-35.511531523047729,-2.0670247884379709,2.0670247884379709,-16.413712604600128,-12.279663027724188,0,0,43.138722635336372
0.00044949999999999998,14.331751129211446,-5.0436230222865754,-0.29357488577580931,0.29357488577580931,-14.625326014987255,-14.038176243435636,0,0,6.1423386982919865
0.00044999999999999999,14.316829993210186,257.25434348940496,14.316829993210186,-14.645775219836414,0,-28.962605213046601,0,0,-31.040257939967169
0.0004505,14.306504876377673,259.17348897313548,14.324836356692591,-14.705686047860022,0,-29.030522404552613,18.331480314918554,0,-52.113970072428017
0.00045099999999999996,14.305501570481217,258.4982451800845,14.342765213344764,-14.694968856060214,0,-29.037734069404976,37.263642863546337,0,-40.976084621406031
0.00045149999999999997,14.313100573111191,255.30447989500132,14.36585502856668,-14.613455649411245,0,-28.979310677977924,52.754455455488632,0,0.62661718557160384
0.00045199999999999998,14.326697702420576,250.0451778013215,14.387998010609982,-14.471292807622721,0,-28.859290818232701,61.300308189406451,0,66.282059586809694
0.00045249999999999999,14.342209356225332,243.4800814479492,14.402682552960458,-14.287362000437955,0,-28.690044553398412,60.473196735125349,0,145.90769449593165
0.00045300000000000001,14.354704234896726,236.55837730793237,14.40399578949534,-14.086363158492128,0,-28.490358947987467,49.291554598614347,0,227.30685111184528
0.00045349999999999996,14.359164020107976,230.27254512823029,14.387532165218946,-13.895010380860549,0,-28.282542546079494,28.368145110969913,0,298.04638026970548
0.00045399999999999998,14.351209799786934,43.396177635666277,2.5259675110931745,-2.5259675110931745,-11.825242288693758,-16.877177310880107,0,0,347.28540972353051
0.00045449999999999999,14.336268404888667,12.968014257910852,0.75483105848368481,-0.75483105848368481,-13.581437346404982,-15.091099463372352,0,0,384.23334024820599
0.000455,14.321342565841412,-256.52371315414683,-14.626743213716519,14.321342565841412,-28.948085779557935,0,0,0,421.66004927233274
0.00045549999999999996,14.310726962190797,-258.51443537093746,-14.688022959750271,14.327914692438394,-29.015937652188665,0,0,17.187730247597436,443.82981459799385
0.00045599999999999997,14.308918579196643,-258.0148938690877,-14.681564529701465,14.344121578516976,-29.025686108218441,0,0,35.202999320333831,435.06095074344375
0.00045649999999999998,14.315346854056955,-255.07413374619682,-14.606562910593432,14.365490840497143,-28.972053751090577,0,0,50.143986440188385,396.73384088291613
0.000457,14.327612287234302,-250.10650368338983,-14.472182812928409,14.38620286504786,-28.858385677976273,0,0,58.590577813557026,334.75575741584942
0.00045749999999999995,14.341860128715819,-243.82725835424822,-14.296131154142925,14.399988984361555,-28.69612013850448,0,0,58.128855645734738,258.64389425463082
0.00045799999999999997,14.353376888290697,-237.14209104639028,-14.10192090607157,14.401096814729899,-28.50301772080147,0,0,47.719926439201956,180.05599308149522
0.00045849999999999998,14.357317578832511,-231.00766104758924,-13.91524933803746,14.385174361367067,-28.300423699404529,0,0,27.856782534555293,110.99541602265825
0.00045899999999999999,14.349451723432251,-226.284597908541,-13.760048778520369,14.349937288676372,-28.109986067196743,0,0,0.48556524412172308,61.967023338631165
0.0004595,14.334394888876259,-20.832408376202221,-1.2125949704119421,1.2125949704119421,-15.546989859288201,-13.121799918464317,0,0,25.314508968878325
0.00045999999999999996,14.319471000392266,255.69781365142316,14.319471000392266,-14.601746899554675,0,-28.921217899946942,0,0,-12.312061460478258
0.00046049999999999997,14.308576050645406,257.75569563673827,14.324638016347631,-14.664281429175345,0,-28.988919445522974,16.061965702223965,0,-35.523759991366006
0.00046099999999999998,14.305980647781324,257.42629445456299,14.339150730411152,-14.661933605020263,0,-29.001084335431415,33.170082629827633,0,-29.056705488555966
0.0004615,14.311258801530307,254.73270924003467,14.358820582749146,-14.593284277506543,0,-28.952104860255687,47.561781218838412,0,6.0643386621803117
0.00046199999999999995,14.322211219513838,250.05156955794632,14.378112172772955,-14.466541219415136,0,-28.844653392188089,55.900953259116605,0,64.425842267503526
0.00046249999999999997,14.335208132129932,244.05445347574712,14.390997786317774,-14.298259239635863,0,-28.689257025953637,55.789654187842572,0,137.06638043780995
0.00046299999999999998,14.345751200305285,237.60413878533572,14.391885817428093,-14.110781328951852,0,-28.502667146379945,46.134617122807782,0,212.86054239807672
0.00046349999999999999,14.349167735964164,231.62171844097156,14.376480342594098,-13.928796584786287,0,-28.305276927380387,27.312606629934841,0,280.23216683129976
0.000464,14.341330333523478,226.94505099075099,14.342439988108897,-13.77554544275303,0,-28.117985430861925,1.1096545854188236,0,328.933081340049
0.00046449999999999996,14.326142818143957,28.600356201404907,1.6647450191803479,-1.6647450191803479,-12.661397798963609,-15.990887837324305,0,0,365.25116102176895
0.00046499999999999997,14.311227521092272,-254.78164375734954,-14.57093801593272,14.311227521092272,-28.882165537024996,0,0,0,403.0598953640428
0.00046549999999999998,14.300066565347883,-256.90464697155875,-14.634688007491695,14.315029605050407,-28.949717612542106,0,0,14.963039702523943,427.27959624113413
0.000466,14.296709444445376,-256.74127035749854,-14.636354053557898,14.327894537819887,-28.964248591377789,0,0,31.185093374509762,423.05481408875187
0.00046649999999999996,14.300871169476643,-254.28928095010053,-14.57391759821162,14.345911269172866,-28.919828867384492,0,0,45.040099696223578,391.06347535391114
0.00046699999999999997,14.310548031279517,-249.88843354899205,-14.454651024171799,14.363822502129688,-28.818473526301489,0,0,53.274470850171411,336.23676680694223
0.00046749999999999998,14.32233025238396,-244.16757902398501,-14.293982203901537,14.375836495709194,-28.669818699610737,0,0,53.506243325234792,266.99266091497168
0.00046799999999999999,14.331930041699712,-237.94749165309005,-14.113109172898053,14.37651933125016,-28.489628504148214,0,0,44.589289550447674,193.93562027636364
0.0004685,14.334843490001255,-232.1144344505359,-13.935733951913306,14.36163043851468,-28.29736439042799,0,0,26.786948513426275,128.22332731810081
0.00046899999999999996,14.327044366081251,-227.48394285952398,-13.78441902297013,14.328773188254649,-28.113192211224785,0,0,1.7288221733984912,79.851987539068858
0.00046949999999999997,14.311747885541468,-36.094004385733584,-2.1009288695667356,2.1009288695667356,-16.412676755108205,-12.210819015974732,0,0,43.846472471077305
0.00046999999999999999,14.296847575405559,253.79744204319297,14.296847575405559,-14.535082056389442,0,-28.831929631794999,0,0,5.885476258768314
0.0004705,14.285439955240994,255.98089879155617,14.29935590693824,-14.599947075671729,0,-28.899302982609967,13.915951697245845,0,-19.277330287290642
0.00047099999999999996,14.281363277855172,255.97453679857426,14.310654790016919,-14.605405322468926,0,-28.916060112485845,29.291512161746994,0,-17.177245861683961
0.00047149999999999997,14.284466009443186,253.75221024792469,14.327097567982022,-14.548873631250959,0,-28.875971199232982,42.631558538837233,0,11.8360642322045
0.00047199999999999998,14.292930402360161,249.61866576460079,14.343692658013808,-14.436737187030293,0,-28.7804298450441,50.762255653646498,0,63.290021022362851
0.00047249999999999999,14.30355647895721,244.16204869717643,14.354874544027837,-14.283350955636847,0,-28.638225499664681,51.318065070627199,0,129.28492204889358
0.000473,14.31225781618406,238.16299223091721,14.355361379802368,-14.10881947195953,0,-28.464180851761895,43.103563618307405,0,199.71453572629903
0.00047349999999999996,14.314692531389573,232.4743450403009,14.340967308484093,-13.935898602125828,0,-28.276865910609921,26.274777094518942,0,263.82291008507406
0.00047399999999999997,14.306932272550563,227.890071843285,14.309244845108203,-13.786496991798497,0,-28.095741836906701,2.3125725576399958,0,311.8575815506922
0.00047449999999999999,14.291554459649667,43.145543263625768,2.5113788003949047,-2.5113788003949047,-11.780175659254763,-16.802933260044572,0,0,347.589144056164
0.000475,14.276675173382465,-252.76678001748607,-14.494979305584154,14.276675173382465,-28.771654478966621,0,0,0,385.6740917824506
0.00047549999999999996,14.265045581437631,-255.00555132272396,-14.560859273501997,14.277989131897501,-28.838848405399503,0,0,12.943550459870281,411.69931382746915
0.00047599999999999997,14.260307490297489,-255.14459959323275,-14.569830296960909,14.287839394176494,-28.857669691137406,0,0,27.531903879005149,411.56398564986614
0.00047649999999999998,14.262432932167053,-253.13562068150458,-14.518786463308571,14.302825171646434,-28.821611634955008,0,0,40.392239479380812,385.31383878038599
0.00047699999999999999,14.269776841083985,-249.2508329902285,-14.41328889211778,14.318202340966602,-28.731491233084384,0,0,48.425499882617132,336.99559309567201
0.00047749999999999995,14.279334392955102,-244.04050379924428,-14.266694426911045,14.328616415627863,-28.595310842538908,0,0,49.282022672760725,274.02685879112892
0.00047799999999999996,14.287206755508869,-238.24786865750806,-14.098089128352179,14.328927810443808,-28.427016938795987,0,0,41.721054934939374,206.04972108054767
0.00047849999999999998,14.289203269749503,-232.69460214939133,-13.929346514886463,14.315002459329719,-28.244348974216187,0,0,25.799189580216371,143.44518392526314
0.00047899999999999999,14.281487287726197,-228.15449244441092,-13.781764221265394,14.284346442047495,-28.066110663312891,0,0,2.8591543212974742,95.737349331398264
0.0004795,14.266054381404748,-49.598372531411627,-2.8869795554176667,2.8869795554176667,-17.153033936822414,-11.379074825987082,0,0,60.244617059247929
0.00047999999999999996,14.251201643891575,251.71426908841269,14.251201643891575,-14.451592194850921,0,-28.702793838742497,0,0,22.068927224558244
0.00048049999999999997,14.239379901560612,254.00135157264035,14.25144831045645,-14.518346551943903,0,-28.769794862400353,12.068408895836569,0,-4.7161200325144605
0.00048099999999999998,14.234053653934257,254.27024634190786,14.259999907773604,-14.530451822498918,0,-28.790451730272522,25.94625383934784,0,-6.3386356780696218
0.00048149999999999999,14.235305345872883,252.45290868579809,14.273677024370963,-14.48433755243177,0,-28.758014576802729,38.371678498080023,0,17.427218327153771
0.00048199999999999995,14.241645029778882,248.7923863891983,14.28795906685407,-14.384826662898886,0,-28.672785729752956,46.314037075187926,0,62.917262946342859
0.00048249999999999996,14.250243790540353,243.80484404212135,14.297682898220044,-14.244378035981596,0,-28.54206093420164,47.439107679691254,0,123.14843822693372
0.00048299999999999998,14.257372436471481,238.19972855515462,14.297838779655905,-14.081158200637585,0,-28.37899698029349,40.46634318442365,0,188.89839087826394
0.00048349999999999999,14.258977638949242,232.77042716382661,14.284341168332977,-13.916240796988635,0,-28.200581965321614,25.363529383735361,0,250.12661387972716
0.000484,14.251306742035016,228.27227398630731,14.254656050788094,-13.770365799313366,0,-28.025021850101464,3.3493087530779917,0,297.51814741151799
0.00048449999999999996,14.235845123685344,55.317828115565703,3.2198927236696075,-3.2198927236696075,-11.015952400015735,-17.455737847354953,0,0,332.80855333711941
0.00048499999999999997,14.221023837767921,-250.66176201184734,-14.405855492186083,14.221023837767921,-28.626879329954004,0,0,0,371.04134854264538
0.00048549999999999998,14.209043357816453,-252.98971346237795,-14.473341109143673,14.220350744668048,-28.693691853811725,0,0,11.307386851595538,398.47007516190587
0.000486,14.203213615146595,-253.37088565500017,-14.488156575157328,14.227779459642569,-28.715936034799903,0,0,24.565844495975071,401.61021724830545
0.00048649999999999995,14.203712523311165,-251.72015667831786,-14.446330232676425,14.240323407595257,-28.686653640271683,0,0,36.610884284092798,380.00112899551175
0.00048699999999999997,14.209184930142778,-248.25521173649136,-14.352043603497243,14.253657209546496,-28.605700813043743,0,0,44.472279403718602,336.97456757257532
0.00048749999999999998,14.216955239180095,-243.46248242923508,-14.216973047662011,14.262785321278399,-28.479758368940413,0,0,45.830082098304331,279.13484574706627
0.00048799999999999999,14.223442499532874,-238.02188951848638,-14.058481971086191,14.262812287468002,-28.321294258554197,0,0,39.369787935127839,215.33753052225393
0.0004885,14.224713778709701,-232.70203582370195,-13.896943697098664,14.249696099728213,-28.146639796826879,0,0,24.982321018512437,155.3246176693155
0.00048899999999999996,14.217090534973375,-228.24200880483895,-13.752608019040657,14.2208689979964,-27.973477017037059,0,0,3.7784630230249405,108.22652702339975
0.00048950000000000003,14.201623034176439,-60.191621396757547,-3.5035823054441231,3.5035823054441231,-17.705205339620562,-10.698040728732316,0,0,73.107791986104061
0.00048999999999999998,14.186837377711916,249.63281113396113,14.186837377711916,-14.358802815747216,0,-28.545640193459132,0,0,34.851999683233949
0.00049049999999999994,14.174734925201889,251.99300699250134,14.185411724126176,-14.426851940439285,0,-28.612263664565461,10.676798924287219,0,6.9086132067238744
0.00049100000000000001,14.168496974554639,252.46614969288041,14.191916772832501,-14.44388549148981,0,-28.635802264322312,23.419798277861862,0,2.5224111065364738
0.00049149999999999997,14.168379697925383,250.95317832449913,14.203525952864831,-14.405605636144177,0,-28.60913158900901,35.146254939448852,0,22.346507194994722
0.00049199999999999992,14.173139375910408,247.65086056572204,14.216076664314874,-14.315665796800992,0,-28.531742461115869,42.93728840446591,0,63.323947621633536
0.00049249999999999999,14.180227837931726,243.02095727488879,14.224713912641366,-14.185093785891578,0,-28.409807698532944,44.486074709639738,0,119.16520303329018
0.00049299999999999995,14.186187949566804,237.71876036019594,14.22463902095476,-14.030583819088898,0,-28.255222840043654,38.45107138795467,0,181.32106108385398
0.00049350000000000002,14.187187975789952,232.49206676510775,14.211848209139077,-13.871922162141447,0,-28.083770371280522,24.66023334912504,0,240.30043378086228
0.00049399999999999997,14.179612454078995,228.06616763990561,14.183747634781602,-13.728943643305998,0,-27.9126912780876,4.1351807026059504,0,287.12995078563716
0.00049449999999999993,14.164158227130146,64.136412891895645,3.7331973475432694,-3.7331973475432694,-10.430960879586877,-17.897355574673416,0,0,322.10035226515708
0.000495,14.149411576190918,-248.64661792649792,-14.311377833420321,14.149411576190918,-28.460789409611237,0,0,0,360.34474095993346
0.00049549999999999996,14.137225311300103,-251.03032002858703,-14.379824490657523,14.14741074525244,-28.527235235909963,0,0,10.185433952336787,388.6662401079318
0.00049600000000000002,14.130679952147798,-251.57418764509862,-14.398563265953294,14.153204550885086,-28.551767816838382,0,0,22.524598737287342,394.00871129359746
0.00049649999999999998,14.13009186115268,-250.16844331755689,-14.363046591377945,14.164091506379297,-28.527138097757241,0,0,33.99964522661714,375.57101878851512
0.00049699999999999994,14.134303984916141,-246.99358128160841,-14.276517708142453,14.176036992756009,-28.452554700898464,0,0,41.733007839868357,336.19639118505773
0.0004975,14.140867911499585,-242.49204519607363,-14.149497191159861,14.184297218111025,-28.33379440927089,0,0,43.429306611440651,281.92791931005775
0.00049799999999999996,14.146423994677027,-237.29974077887951,-13.998153111494801,14.18415087891322,-28.182303990408023,0,0,37.726884236193243,221.07360105780845
0.00049850000000000003,14.147220739027393,-232.14798808388272,-13.841807551058809,14.171625925387877,-28.013433476446686,0,0,24.405186360483611,162.92557868132806
0.00049899999999999999,14.139693379964029,-227.75103493319179,-13.699964271535899,14.144109828431318,-27.844074099967219,0,0,4.4164484672896123,116.33100846971492
0.00049949999999999994,14.124266483001758,-67.096934975220023,-3.9055208793790572,3.9055208793790572,-18.029787362380816,-10.2187456036227,0,0,81.492727494153371
0.00050000000000000001,14.109561364331274,247.72292069916108,14.109561364331274,-14.264562638886844,0,-28.374124003218117,0,0,43.291659395888047
0.00050049999999999997,14.097330623820856,250.12084580191862,14.107172020087827,-14.333229608989349,0,-28.440401629077176,9.8413962669702144,0,14.732431518227649
0.00050099999999999993,14.09058345516439,250.7128244068291,14.112478205269436,-14.353126476978225,0,-28.465604682247658,21.894750105046235,0,8.7368195776766591
0.00050149999999999999,14.089677221816833,249.38184854133766,14.122866414731929,-14.319538968628272,0,-28.4424053833602,33.18919291509588,0,26.206775924342224
0.00050199999999999995,14.093515247773343,246.29713023437475,14.134393142995926,-14.235427142445456,0,-28.369820285441381,40.877895222582119,0,64.447964118350441
0.00050250000000000002,14.099719565181617,241.88751856059741,14.142394845452447,-14.110955595071049,0,-28.253350440523498,42.675280270829319,0,117.59131595136219
0.00050299999999999997,14.105000200689499,236.77510328609165,14.142207295295758,-13.961918396744982,0,-28.104125692040743,37.207094606258835,0,177.50122690697734
0.00050349999999999993,14.105663860892495,231.67928821766148,14.129883623893178,-13.807303042676084,0,-27.937186666569264,24.219763000683926,0,235.02985932348463
0.000504,14.098183593138685,227.30613012521107,14.102800774651991,-13.666369400677771,0,-27.769170175329762,4.6171815133052974,0,281.42417436174412
0.00050449999999999996,14.082793354952928,69.046916444838644,4.0190237293499287,-4.0190237293499287,-10.063769625603001,-18.101817084302859,0,0,316.13770900429364
0.00050500000000000002,14.068131414968596,-246.87623771182453,-14.219202101981505,14.068131414968596,-28.287333516950099,0,0,0,354.26401414840473
0.00050549999999999998,14.055894717896727,-249.27940745683759,-14.28792076260001,14.065539650719391,-28.3534604133194,0,0,9.6449328226632218,382.92014379516576
0.00050599999999999994,14.049050753828894,-249.89714735770025,-14.308436338026347,14.070581934467654,-28.379018272494001,0,0,21.531180638760901,389.26421123782251
0.00050650000000000001,14.047978876730168,-248.60860688506438,-14.275948032350215,14.080695666093501,-28.356643698443715,0,0,32.716789363332147,372.34020966395582
0.00050699999999999996,14.051616569491888,-245.57663090874158,-14.193257394732113,14.091991375021726,-28.285248769753839,0,0,40.374805529837722,334.75824133101503
0.00050750000000000003,14.057626904561172,-241.22216193716392,-14.070323072376098,14.099854363212749,-28.170177435588847,0,0,42.227458651576761,282.28598669897679
0.00050799999999999999,14.062761499500915,-236.15906289415511,-13.922717518170295,14.099656563116771,-28.022374081287069,0,0,36.895063615855676,222.95613643058337
0.00050849999999999995,14.063362803579828,-231.09945554830171,-13.7692250366359,14.087469048577702,-27.856694085213601,0,0,24.106244997873567,165.82790834632726
0.00050900000000000001,14.055928275232853,-226.74417591928898,-13.628951902545587,14.060665773261267,-27.689617675806858,0,0,4.7374980284141728,119.59359642526346
0.00050949999999999997,14.040579705046087,-69.986344395756362,-4.0737051462929896,4.0737051462929896,-18.114284851339075,-9.9668745587530978,0,0,85.001184879023825
0.00050999999999999993,14.025961714723291,246.12113215830038,14.025961714723291,-14.176140060947636,0,-28.202101775670926,0,0,46.976679236529066
0.00051049999999999999,14.013756754461623,248.52055274913246,14.023352993559076,-14.244741025188105,0,-28.268094018747181,9.5962390974526741,0,18.360489377835815
0.00051099999999999995,14.006920260135322,249.14158189774221,14.028354454179738,-14.265332038097119,0,-28.293686492276859,21.434194044415552,0,11.969390643564502
0.00051150000000000002,14.005834495974117,247.86298647198115,14.038417151026774,-14.233107977348483,0,-28.271525128375256,32.582655052656364,0,28.766509282509688
0.00051199999999999998,14.009444792186937,244.84623515926316,14.049668487169225,-14.150838726922879,0,-28.200507214092106,40.223694982288578,0,66.161088255744204
0.00051249999999999993,14.01542579565395,240.51011214155295,14.057511261597712,-14.02842879347233,0,-28.08594005507004,42.085465943762472,0,118.41404535904802
0.000513,14.020542643426092,235.46587129099083,14.057332836152302,-13.881382325294023,0,-27.938715161446325,36.790192726209298,0,177.52614914813162
0.00051349999999999996,14.021151168826595,230.42297509677508,14.045215273144587,-13.728411640836647,0,-27.773626913981236,24.064104317991131,0,234.47136512762657
0.00051400000000000003,14.0137600194159,226.0799581543672,14.018537382430624,-13.588558391476063,0,-27.607095773906686,4.777363014724429,0,280.585213780929
0.00051449999999999998,13.998455101191064,69.938137661596045,4.0708991700310424,-4.0708991700310424,-9.9275559311600219,-18.069354271222107,0,0,315.05564265552096
0.00051499999999999994,13.983880967821788,-245.46684571122927,-14.136059683122852,13.983880967821788,-28.119940650944642,0,0,0,352.9524743163625
0.00051550000000000001,13.971742853636309,-247.85419594966163,-14.204388427771882,13.981431279855761,-28.185819707627644,0,0,9.6884262194519266,381.397458108531
0.00051599999999999997,13.965012504220226,-248.45733122987286,-14.224543794285594,13.986604253998642,-28.211148048284237,0,0,21.591749778415398,387.54666511131256
0.00051649999999999992,13.964057071483328,-247.15784186138885,-14.191792032728234,13.99682915237336,-28.188621185101596,0,0,32.772080890032647,370.47418019114679
0.00051699999999999999,13.967804733918687,-244.12050240127203,-14.108990000676444,14.008214681531342,-28.117204682207788,0,0,40.409947612655841,332.8130655224345
0.00051749999999999995,13.973913572577773,-239.76737849697531,-13.986131438714059,14.016150892739994,-28.002282331454055,0,0,42.237320162221046,280.34331893600068
0.00051800000000000001,13.97913527571348,-234.71247875629791,-13.838798322611931,14.016020286528025,-27.854818609139958,0,0,36.885010814544763,221.09743713370878
0.00051849999999999997,13.979817394594786,-229.66707273751516,-13.685757491547816,14.003908677368605,-27.689666168916421,0,0,24.091282773819714,164.12198930349246
0.00051899999999999993,13.972466716749482,-225.33027919770825,-13.546073495943673,13.977206647826414,-27.523280143770087,0,0,4.7399310769314198,118.08613536116167
0.0005195,13.957205746361668,-68.944397966502748,-4.0130564216359348,4.0130564216359348,-17.970262167997603,-9.944149324725732,0,0,83.73584014128636
0.00051999999999999995,13.94267455870278,244.92282315810843,13.94267455870278,-14.099628415851189,0,-28.042302974553973,0,0,45.987090472228076
0.00052050000000000002,13.930636150736161,247.29012729366221,13.940551916181008,-14.167536497057084,0,-28.108088413238093,9.9157654448470467,0,17.835073748752794
0.00052099999999999998,13.924105780234438,247.8549680788218,13.946099245138878,-14.186763187338277,0,-28.132862432477157,21.993464904440664,0,12.201249081402434
0.00052149999999999994,13.923418161292256,246.50489905772113,13.956689895497256,-14.152720540615542,0,-28.1094104361128,33.27173420500047,0,29.931703412572812
0.000522,13.927460288130765,243.41255848408119,13.968379724716094,-14.068468115764086,0,-28.036847840480178,40.919436585327745,0,68.291801256566259
0.00052249999999999996,13.933846662288861,239.00856234925055,13.97651711181595,-13.944227941872906,0,-27.920745053688854,42.670449527087783,0,121.39389712560298
0.00052300000000000003,13.939289700193557,233.91483994698964,13.976460436373751,-13.795800705525044,0,-27.772261141898795,37.1707361801936,0,181.10833717542531
0.00052349999999999999,13.94010801223752,228.84873569217308,13.964292602800741,-13.642128775360275,0,-27.606421378161013,24.184590563221409,0,238.31679564380261
0.00052399999999999994,13.932794195350322,224.51266804751705,13.937422883504107,-13.502382169651179,0,-27.439805053155283,4.6286881537848785,0,284.31472383354532
0.00052450000000000001,13.917577226099851,67.061901454757617,3.9034816782487134,-3.9034816782487134,-10.014095547851138,-17.821058904348565,0,0,318.54835457553241
0.00052499999999999997,13.903087296660914,-244.49354501534435,-14.067348812365953,13.903087296660914,-27.97043610902687,0,0,0,356.13011524698805
0.00052549999999999993,13.891177775398468,-246.83374765209427,-14.134706956228738,13.901444409248803,-28.036151365477544,0,0,10.266633850334905,383.87690192776671
0.00052599999999999999,13.884932384887346,-247.34186783183941,-14.152560550043539,13.907551085159779,-28.06011163520332,0,0,22.618700272434246,388.74365497469205
0.00052649999999999995,13.884637719655222,-245.9142032402535,-14.116532919472755,13.918693629505421,-28.03522654897818,0,0,34.055909850199875,370.0026869693553
0.00052700000000000002,13.889117697073578,-242.73534910099386,-14.0299899114192,13.930843687348318,-27.960833598767518,0,0,41.725990274740425,330.54419596138013
0.00052749999999999997,13.895918492214417,-238.24924991999265,-13.903507667632676,13.939281174564041,-27.842788842196718,0,0,43.362682349624578,276.42460688658264
0.00052799999999999993,13.901689439911205,-233.09048676401832,-13.753234369786863,13.939322231540656,-27.692556601327521,0,0,37.632791629450125,215.92964086218291
0.0005285,13.90270098298725,-227.98643855055167,-13.598399940743626,13.927040177043013,-27.525440117786641,0,0,24.339194055762903,158.29705008754922
0.00052899999999999996,13.895419826213555,-223.64540582554315,-13.458357989535362,13.899868756748841,-27.358226746284203,0,0,4.4489305352863511,112.29590930138332
0.00052950000000000002,13.880247772515347,-64.358574093169679,-3.7461287163231409,3.7461287163231409,-17.626376488838488,-10.134119056192205,0,0,78.167212803308118
0.00052999999999999998,13.865796707681911,244.18414155939237,13.865796707681911,-14.039708748968236,0,-27.905505456650143,0,0,40.76552348149955
0.00053049999999999994,13.854042239930036,246.49071840603284,13.864774033396722,-14.106397035140461,0,-27.971171068537185,10.731793466685318,0,13.523682584439296
0.000531,13.848159634307823,246.92498974008592,13.871610338923604,-14.122463576872855,0,-27.994073915796459,23.450704615780904,0,9.6532042564223275
0.00053149999999999996,13.84837282026956,245.39463453622292,13.883475968781092,-14.083805358475301,0,-27.967281327256391,35.103148511531209,0,29.72759860796285
0.00053200000000000003,13.853422333907343,242.10005764341963,13.896229313184804,-13.994192250747409,0,-27.890421563932211,42.80697927746116,0,70.651031038002372
0.00053249999999999999,13.860763112056365,237.50300194633488,13.905057131720742,-13.864672397939531,0,-27.769729529660275,44.294019664377274,0,126.1416976939137
0.00053299999999999995,13.866959429892763,232.25509628486321,13.905216770203031,-13.711861279393185,0,-27.617078049596216,38.25734031026947,0,187.70343107482313
0.00053350000000000001,13.868215901727242,227.09739920507653,13.89276606402909,-13.555379622352874,0,-27.448145686381963,24.550162301848644,0,245.93526345632009
0.00053399999999999997,13.86096270144786,222.74642889707565,13.865168860118427,-13.414835481191371,0,-27.280004341309798,4.2061586705662108,0,291.97710039637883
0.00053449999999999993,13.84583810690151,60.910506578391733,3.5454265579093871,-3.5454265579093871,-10.300411548992123,-17.391264664810898,0,0,326.01804285671284
0.00053499999999999999,13.831422866811037,-243.99518267373892,-14.01703454514217,13.831422866811037,-27.848457411953209,0,0,0,363.22807704662205
0.00053549999999999995,13.819845439796561,-246.26266349355899,-14.082954609777147,13.831142540710752,-27.914097150487901,0,0,11.297100914192143,389.87671121016001
0.00053600000000000002,13.814392948199838,-246.60830087102227,-14.096877645143591,13.838857210873748,-27.935734856017341,0,0,24.464262673908827,392.5483827363343
0.00053649999999999998,13.815214067957555,-244.95337578972391,-14.055026357239255,13.851595965598172,-27.906622322837432,0,0,36.381897640616494,370.85472028544024
0.00053699999999999993,13.820948231408728,-241.51740685389026,-13.961658108232475,13.86507832569648,-27.826736433928957,0,0,44.130094287751696,328.1409001534264
0.0005375,13.828938993989143,-236.78381716602848,-13.828395142199509,13.874375881742619,-27.70277102394213,0,0,45.436887753477066,270.96386460008495
0.00053799999999999996,13.835646090965167,-231.4251488064177,-13.672425338456083,13.874672143376104,-27.547097481832186,0,0,39.026052410937616,208.07842603373103
0.00053850000000000002,13.837192472727548,-226.19939750478724,-13.513852252086012,13.86200369437382,-27.375855946459833,0,0,24.811221646272863,149.08802943703114
0.00053899999999999998,13.829962015654182,-221.83345026722466,-13.372603246105507,13.833868870898574,-27.206472117004079,0,0,3.906855244391167,102.96810631129735
0.00053949999999999994,13.814889333009267,-56.798905663704438,-3.3061020160966246,3.3061020160966246,-17.120991349105893,-10.508787316912642,0,0,68.987494682951933
0.00054000000000000001,13.800506314442886,243.92829226509244,13.800506314442886,-13.999643501785894,0,-27.800149816228778,0,0,31.974987562534189
0.00054049999999999996,13.789124627538952,246.15179356133015,13.801076277719005,-14.064706985347685,0,-27.865783263066689,11.95165018005369,0,5.994062960747776
0.00054099999999999992,13.784161341705754,246.39553116317393,13.809800893962171,-14.076165754730251,0,-27.88596664869242,25.639552256416035,0,4.6980444345863823
0.00054149999999999999,13.785678618759555,244.59643351867948,13.823545341302637,-14.030616514034289,0,-27.854161855336923,37.866722543082446,0,28.262467564832434
0.00054199999999999995,13.79219894226712,240.99614374911928,13.837867425339772,-13.932880420313019,0,-27.770747845652789,45.668483072650957,0,73.053737790703877
0.00054250000000000001,13.800936521466859,236.10327267315392,13.847704054075935,-13.795246257153083,0,-27.642950311229018,46.767532609076383,0,132.19539495400417
0.00054299999999999997,13.808229247428029,230.61473680688508,13.848151714015492,-13.635568554581443,0,-27.483720268596933,39.922466587462296,0,196.63116594914871
0.00054349999999999993,13.810104428678427,225.30835051304589,13.835220882251106,-13.474515217752735,0,-27.309736100003843,25.116453572679017,0,256.52047072646542
0.000544,13.802891133351821,220.92322967782718,13.806448572560276,-13.332389200875914,0,-27.13883777343619,3.5574392084559179,0,302.75134732873209
0.00054449999999999995,13.787876670365348,52.109906216846923,3.0331687554363249,-3.0331687554363249,-10.754707914929021,-16.821045425801671,0,0,336.70461232942074
0.00054500000000000002,13.773521775341543,-243.98075834459229,-13.987693725401318,13.773521775341543,-27.761215500742864,0,0,0,373.51503618424204
0.00054549999999999998,13.762350221050365,-246.15651687287755,-14.051835132909581,13.775030403878134,-27.826865536787718,0,0,12.680182827768952,398.76594547289289
0.00054599999999999994,13.757924126188248,-246.28760340802188,-14.060570606687437,13.784873468802092,-27.845444075489528,0,0,26.949342613842902,398.5382187944677
0.0005465,13.760209977880178,-244.32819460883411,-14.01090811929039,13.799733488084195,-27.810641607374585,0,0,39.523510204016787,372.89168522792772
0.00054699999999999996,13.76760024658347,-240.54448136354188,-13.908293662627331,13.814987415826913,-27.723281078454246,0,0,47.387169243443651,325.78057513956702
0.00054750000000000003,13.777164821926194,-235.47313823296025,-13.765758059541156,13.825420881279706,-27.591178940820864,0,0,48.256059353512526,264.43785567878439
0.00054799999999999998,13.78510515675101,-229.83834565666777,-13.601900920502166,13.826031832485668,-27.427932752987836,0,0,40.926675734658019,198.25737012182077
0.00054849999999999994,13.787340935668526,-224.44019778616916,-13.438023871588058,13.812799971629804,-27.250823843217866,0,0,25.459035961278957,137.34654157428818
0.00054900000000000001,13.780138883786428,-220.03169549275498,-13.294855155057324,13.783303889920614,-27.078159044977941,0,0,3.1650061341864841,90.972620838066746
0.00054949999999999997,13.765190381428445,-46.931159546424794,-2.7317287081701118,2.7317287081701118,-16.496919089598556,-11.033461673258333,0,0,57.005124554370759
0.00054999999999999992,13.750859105653923,244.15117506796165,13.750859105653923,-13.981338984906598,0,-27.732198090560519,0,0,20.395966410334637
0.00055049999999999999,13.739908779024791,246.27599919653838,13.753379905601342,-14.04450204739276,0,-27.797881952994103,13.47112657655169,0,-4.076624342512126
0.00055099999999999995,13.73605929437834,246.28526443969187,13.764431829368899,-14.050292221367886,0,-27.814724050736782,28.372534990559743,0,-2.2038771209792145
0.00055150000000000002,13.739173688612237,244.15181494611804,13.780498799271827,-13.996162137177711,0,-27.776660936449534,41.325110659590223,0,25.699890128115918
0.00055199999999999997,13.747503341339225,240.16850121336324,13.796760752066646,-13.88823607278715,0,-27.684996824853794,49.257410727420293,0,75.332491218196026
0.00055249999999999993,13.75796117298108,234.902535872633,13.807838139892569,-13.740352034619224,0,-27.548190174511795,49.876966911489468,0,139.073202111283
0.000553,13.766599939555778,229.10781598382556,13.808620874594196,-13.571921425742181,0,-27.380542300336376,42.020935038417321,0,207.16027708384328
0.00055349999999999996,13.769221725132983,223.60876801603035,13.795054227538149,-13.404937564830673,0,-27.19999179236882,25.832502405166274,0,269.19471260104729
0.00055400000000000002,13.762024744711422,219.17361564468393,13.764761084098849,-13.260594314759453,0,-27.025355398858302,2.7363393874272361,0,315.73861247819571
0.00055449999999999998,13.747150854976116,41.35461707138478,2.4071341036765297,-2.4071341036765297,-11.340016751299586,-16.154284958652646,0,0,349.76471379950186
0.00055499999999999994,13.732838360593009,-244.43384155316738,-13.980573054572917,13.732838360593009,-27.713411415165925,0,0,0,386.17453328717045
0.0005555,13.722116095500422,-246.50570263508683,-14.042725404851829,13.736424856913596,-27.779150261765427,0,0,14.308761413174878,409.83293845411305
0.00055599999999999996,13.71887137610198,-246.38657766139721,-14.045412278164941,13.748752460994208,-27.79416473915915,0,0,29.8810848922285,406.22349102824597
0.00055650000000000003,13.722858182207851,-244.06893682598468,-13.986552941141348,13.766094591652244,-27.752647532793592,0,0,43.236409444393452,375.92878481113013
0.00055699999999999999,13.732178594272352,-239.87379559953072,-13.872987650026445,13.78342182637029,-27.656409476396735,0,0,51.243232097938225,323.61920370982961
0.00055749999999999994,13.743578999033936,-234.40072885331239,-13.719409298981891,13.79517854763505,-27.514587846616944,0,0,51.599548601114776,257.32685638100548
0.00055800000000000001,13.752953991463921,-228.43521579775353,-13.546091550085114,13.796138856312943,-27.342230406398059,0,0,43.184864849023249,187.20480861121553
0.00055849999999999997,13.755980137007223,-222.8276374213284,-13.375764947528282,13.782210133765718,-27.157975081294001,0,0,26.229996758495012,123.96327633485858
0.00055899999999999993,13.748781983161964,-218.36257059508469,-13.230122606172127,13.751060958772781,-26.98118356494491,0,0,2.2789756108175325,77.223638310562762
0.00055949999999999999,13.733991518533781,-35.471571001827002,-2.0646988006706302,2.0646988006706302,-15.798690319204411,-11.669292717863151,0,0,43.08982271316097
0.00055999999999999995,13.71969272465712,244.82451412621947,13.71969272465712,-13.985388772110857,0,-27.705081496767978,0,0,6.8724490306473598
0.00056050000000000002,13.70920215771911,246.84191027827612,13.724383420972014,-14.046505886670763,0,-27.770889307642779,15.181263252904856,0,-15.949774250472935
0.00056099999999999998,13.706581759167914,246.58940294729112,13.738035118203737,-14.045968201219557,0,-27.784003319423292,31.453359035822153,0,-10.539063008775322
0.00056149999999999993,13.711472231542698,244.07987004404012,13.756701707819987,-13.982179884393743,0,-27.73888159221373,45.229476277288207,0,22.243334335066073
0.000562,13.721820169614501,239.66368239810387,13.775135138126833,-13.862727220893962,0,-27.637862359020794,53.314968512331582,0,77.343578316054789
0.00056249999999999996,13.734198250573083,233.97418808912317,13.787595644270468,-13.703195064668572,0,-27.490790708939038,53.397393697384082,0,146.30044706806532
0.00056300000000000002,13.744335864146155,227.82985947493393,13.78873587081339,-13.524757624607881,0,-27.31349349542127,44.400006667234315,0,218.55212353441462
0.00056349999999999998,13.747778234700638,222.10822457414821,13.774422947957262,-13.350916233303954,0,-27.125339181261214,26.644713256624666,0,283.06274148438695
0.00056399999999999994,13.740572532138986,217.61100483482969,13.742372406066657,-13.20388694190286,0,-26.946259347969516,1.7998739276709514,0,330.01820188135002
0.00056450000000000001,13.725873880165613,29.378198925994639,1.7100210217709275,-1.7100210217709275,-12.015852858394688,-15.435894901936541,0,0,364.30759024950657
0.00056499999999999996,13.711583537760445,-245.31460829591447,-13.995616626091886,13.711583537760445,-27.707200163852331,0,0,0,400.34035013835279
0.00056549999999999992,13.701324158381674,-247.27724004449621,-14.055698986206554,13.717396865233544,-27.7730958514401,0,0,16.072706851870826,422.31691928729788
0.00056599999999999999,13.69933640244551,-246.88901842426753,-14.051881154282471,13.732397381350706,-27.784278535633177,0,0,33.060978905196265,415.07037233136265
0.00056649999999999995,13.705145686874594,-244.18353780680241,-13.983058731603176,13.752414516705146,-27.735473248308327,0,0,47.268829830552264,379.74554725111534
0.00056700000000000001,13.716539851650232,-239.54109648714061,-13.857578002709831,13.771976192460821,-27.629554195170652,0,0,55.4363408105893,321.78780007394289
0.00056749999999999997,13.729913817429926,-233.62956734643942,-13.691935158192216,13.785153451548691,-27.477088609740907,0,0,55.2396341187643,250.09746387812604
0.00056799999999999993,13.74082755141807,-227.30123459577518,-13.508226848807114,13.78647356443698,-27.294700413244097,0,0,45.646013018910658,175.6555427085305
0.00056849999999999999,13.744691190508812,-221.46153502607882,-13.330746299566579,13.771761231231876,-27.102507530798459,0,0,27.070040723064864,109.8328417871527
0.00056899999999999995,13.737471828876954,-216.92992247147453,-13.182249580009691,13.738778847916846,-26.921028427926537,0,0,1.3070190398924879,62.642892617641927
0.00056950000000000002,13.722872147021157,-23.168130337160306,-1.3485506722679952,1.3485506722679952,-15.071422819289152,-12.374321474753161,0,0,28.149867722018143
0.00056999999999999998,13.70858492979365,245.89713917131769,13.70858492979365,-14.011090147458928,0,-27.719675077252578,0,0,-7.7106417396053857
0.00057049999999999994,13.698553181063723,247.80517475760152,13.715524390541628,-14.070144403860828,0,-27.785668794402454,16.971209477904623,0,-28.845654090373746
0.000571,13.697197893599393,247.28044837691576,13.731880015669713,-14.063026537928838,0,-27.794906553598551,34.682122070319771,0,-19.755733042037551
0.00057149999999999996,13.703928552637002,244.37741248124794,13.753254746813441,-13.989126696503249,0,-27.742381443316692,49.326194176438669,0,18.129106593161687
0.00057200000000000003,13.716372996788261,239.50655321691295,13.77395020744482,-13.85755761586525,0,-27.63150782331007,57.577210656558336,0,78.968916854015603
0.00057249999999999998,13.730746759257004,233.3706025386966,13.78784609796717,-13.685735487782486,0,-27.473581585749656,57.099338710167451,0,153.4202222775985
0.00057299999999999994,13.742438637628092,226.85600972883134,13.789342615312448,-13.496688846577706,0,-27.286031461890154,46.903977684355965,0,230.07850653395042
0.00057350000000000001,13.746722094427515,220.89643650056982,13.774221028799287,-13.315511520470807,0,-27.089732549270096,27.498934371773068,0,297.23408895686032
0.00057399999999999997,13.739482962440613,216.3292999372066,13.740290427323037,-13.16550623702393,0,-26.905796664346969,0.80746488242463954,0,344.67105456507232
0.00057449999999999992,13.724987790883764,16.940537212555057,0.98606026960793969,-0.98606026960793969,-12.738927521275826,-14.711048060491704,0,0,379.41051933034402
0.00057499999999999999,13.71069837100778,-246.560748289819,-14.031479156651447,13.71069837100778,-27.742177527659226,0,0,0,415.11192000937098
0.00057549999999999995,13.700886710940621,-248.41559276196733,-14.089538039357874,13.718747539592709,-27.808285578950581,0,0,17.860828652087314,435.42195538102919
0.00057600000000000001,13.700152649483821,-247.75626748239137,-14.079167073067559,13.736441073672081,-27.815608146739642,0,0,36.288424188260613,424.51116531577122
0.00057649999999999997,13.707791328833139,-244.65774270839682,-14.000242075335825,13.759157505330309,-27.759399580666134,0,0,51.366176497170294,384.09082812298533
0.00057699999999999993,13.721272274150378,-239.56032828735664,-13.862632424856471,13.780973761428374,-27.643606186284849,0,0,59.701487277996947,320.39131970500756
0.0005775,13.736633135986917,-233.2012879535753,-13.684665211750739,13.795579065659524,-27.480244277410268,0,0,58.945929672607328,243.19554123262333
0.00057799999999999995,13.749092617373062,-226.50099930146692,-13.49029395648382,13.79724654189787,-27.287540498381691,0,0,48.153924524807081,164.32886253246733
0.00057850000000000002,13.753787981253499,-220.42124060869187,-13.305409509801517,13.781713180164237,-27.087122689965753,0,0,27.925198910738011,95.838662186688026
0.00057899999999999998,13.746523606133724,-215.81742826687679,-13.153861538764712,13.746833222550947,-26.900694761315659,0,0,0.30961641722214495,48.143711332760915
0.00057949999999999994,13.732136124412754,-10.789741113288786,-0.62804000237278779,0.62804000237278779,-14.360176126785543,-13.104096122039966,0,0,13.118931442137896
0.00058,13.717839262232211,247.29588210031537,13.717839262232211,-14.056463067665021,0,-27.774302329897232,0,0,-22.44055036665759
0.00058049999999999996,13.708237311967796,249.09933325488223,13.726967170439718,-14.113563485039732,0,-27.840530655479448,18.729858471921773,0,-41.955232239494194
0.00058100000000000003,13.70810500570332,248.3087838334709,13.745963302001975,-14.100020100053095,0,-27.845983402055069,37.858296298655198,0,-29.272542602421201
0.00058149999999999999,13.71662603775115,245.01923009544188,13.769986725984337,-14.016182543638328,0,-27.786169269622665,53.360688233187688,0,13.622100018410304
0.00058199999999999994,13.731115288497294,239.70014114021893,13.792894397678369,-13.872659839126541,0,-27.665554236804912,61.77910918107402,0,80.116938124688474
0.00058250000000000001,13.747436427140888,233.12257296175898,13.808188855275102,-13.688670323692495,0,-27.496859178967597,60.752428134213694,0,159.99927988577809
0.00058299999999999997,13.760641613320812,226.24012710299513,13.810018425823923,-13.489073120170184,0,-27.299091545994106,49.376812503109932,0,241.03168571994152
0.00058349999999999993,13.765734573861723,220.04213565924067,13.794076220578873,-13.300539907000244,0,-27.094616127579119,28.341646717150397,0,310.83568103220949
0.00058399999999999999,13.758395356603213,33.985857542105236,1.9782196650758266,-1.9782196650758266,-11.780175691527386,-15.736615021679039,0,0,358.71303917219103
0.00058449999999999995,13.744071155294934,4.9580506622616554,0.28859396319121799,-0.28859396319121799,-13.455477192103714,-14.032665118486152,0,0,393.96070789861693
0.00058500000000000002,13.729761867262354,-248.07215209435572,-14.085033810173268,13.729761867262354,-27.814795677435626,0,0,0,429.39143022814847
0.00058549999999999997,13.72035015785592,-249.82783195694438,-14.14124259452913,13.739891053615843,-27.881133648144974,0,0,19.540895759922229,448.16411642272277
0.00058599999999999993,13.720774033829212,-248.91471841832799,-14.124733071005828,13.760097650695124,-27.884830721700954,0,0,39.323616865913372,433.82456521821604
0.0005865,13.730113166453346,-245.44645347550806,-14.036295546326169,13.78533542841789,-27.82163097474406,0,0,55.222261964543847,388.61407513832978
0.00058699999999999996,13.745537861561839,-239.9197275426655,-13.88722919656036,13.809255319672966,-27.696484516233326,0,0,63.717458111126192,319.50095623245835
0.00058750000000000002,13.762748946315975,-233.13719704240151,-13.697585534280812,13.825184758071137,-27.52277029235195,0,0,62.435811755162078,237.10018067151606
0.00058799999999999998,13.776642516089149,-226.0835824509268,-13.493071674880289,13.827154715640022,-27.320226390520315,0,0,50.512199550873568,154.03533807171209
0.00058849999999999994,13.782096966687478,-219.77407617615142,-13.301091877938786,13.810816610119033,-27.111908488057818,0,0,28.719643431556243,82.995662949885229
0.00058900000000000001,13.774605512760919,-28.869996843356965,-1.6804400305465421,1.6804400305465421,-15.455045543307461,-12.094165482214377,0,0,35.073257366293667
0.00058949999999999996,13.760264434663304,0.22909213233690801,0.013334798474381879,-0.013334798474381879,-13.746929636188922,-13.773599233137686,0,0,-0.26109495325682985
0.00058999999999999992,13.745938287412224,248.84980738902163,13.745938287412224,-14.115769618096518,0,-27.861707905508741,0,0,-35.586993231658035
0.00059049999999999999,13.736686986147983,250.56372499121832,13.756937250410934,-14.171196151988049,0,-27.928133402398984,20.25026426294928,0,-53.714987460339913
0.00059099999999999995,13.737591332368581,249.54311850975083,13.778196532818264,-14.152080760391481,0,-27.930277293209745,40.605200449682748,0,-37.926923247830118
0.00059150000000000001,13.747639884701089,245.91799672302477,13.80448979195033,-14.059600611656029,0,-27.864090403606358,56.849907249241262,0,9.3117723290406573
0.00059199999999999997,13.763876190253253,240.20894850603156,13.829287163702151,-13.905660827247164,0,-27.734947990949312,65.410973448897934,0,80.720166695222005
0.00059249999999999993,13.781858233402181,233.24637148182785,13.845762379264936,-13.711044351584526,0,-27.556806730849463,63.904145862756465,0,165.33040433622853
0.00059299999999999999,13.796345168475376,226.04229972498251,13.84784335332597,-13.502202570615472,0,-27.350045923941444,51.49818485059474,0,250.18005303465776
0.00059349999999999995,13.802105378569577,219.63461724236581,13.83114480606879,-13.307182504133785,0,-27.138327310202573,29.039427499213261,0,322.30709076413279
0.00059400000000000002,13.794470929942205,24.465053383710767,1.4240408573132797,-1.4240408573132797,-12.370430072628928,-15.218511787255485,0,0,370.27382429672542
0.00059449999999999998,13.780109169473761,-4.7140506848153905,-0.27439142164686103,0.27439142164686103,-14.054500591120622,-13.5057177478269,0,0,405.70539953973071
0.00059499999999999993,13.765762361384773,-249.61345346797216,-14.147919225371618,13.765762361384773,-27.913681586756393,0,0,0,440.96293825291491
0.0005955,13.75664077770797,-251.29354249826577,-14.202725558910466,13.777492782873864,-27.980218341784333,0,0,20.85200516589444,458.56093151291384
0.00059599999999999996,13.757946905775855,-250.18294374293077,-14.181432602760115,13.799641470555418,-27.981074073315533,0,0,41.694564779563933,441.55572955977317
0.00059650000000000002,13.768592913888941,-246.42532117725153,-14.085539059459354,13.82682933951935,-27.912368398978707,0,0,58.236425630408213,392.60065883725042
0.00059699999999999998,13.78551522748562,-240.56140608081952,-13.927459914035301,13.85237244820312,-27.779832362238423,0,0,66.8572207174997,319.2408368304628
0.00059749999999999994,13.804150488090039,-233.44512096431029,-13.728597671971169,13.869312780030999,-27.597910452002168,0,0,65.16229194095925,232.74388377065577
0.00059800000000000001,13.819140948861769,-226.11178903746691,-13.51603765089277,13.871489023834707,-27.387526674727475,0,0,52.348074972938619,146.3614842109651
0.00059849999999999997,13.825160479475858,-219.61877244727359,-13.318377818701824,13.854482821601644,-27.172860640303472,0,0,29.322342125786214,73.290008543241015
0.00059899999999999992,13.817408566558077,-20.785771269691043,-1.2098803576908022,1.2098803576908022,-15.027288924248879,-12.607528208867276,0,0,25.25686459946203
0.00059949999999999999,13.803022925156144,8.4744011610275436,0.4932706790086675,-0.4932706790086675,-13.309752246147477,-14.296293604164811,0,0,-10.273234857748857
0.00059999999999999995,13.78865226099669,250.35224615345206,13.78865226099669,-14.180876088053983,0,-27.969528349050673,0,0,-45.490466749825281
0.00060050000000000001,13.779629783287909,252.00530001714378,13.800973793378372,-14.235190037023841,0,-28.036163830402213,21.344010090463492,0,-62.666709591492349
0.00060099999999999997,13.781257676925254,250.82135369072483,13.823843756926276,-14.212120460217703,0,-28.035964217143981,42.586080001023376,0,-44.673161442597831
0.00060149999999999993,13.792385900357218,246.95521744163472,13.851757804870051,-14.11342822667592,0,-27.965186031545972,59.371904512833346,0,5.6838327444604353
0.000602,13.809863236493083,240.96412700896275,13.877905362225475,-13.951945906040946,0,-27.829851268266424,68.042125732392577,0,80.643007445863759
0.00060249999999999995,13.829026783980504,233.72131874343538,13.895219869073777,-13.74958447171157,0,-27.644804340785345,66.193085093272344,0,168.69082793040491
0.00060300000000000002,13.844422679215183,226.28126516465136,13.897466194775616,-13.533950259826247,0,-27.431416454601862,53.043515560432297,0,256.33778006794131
0.00060349999999999998,13.850646862894033,219.71737207775288,13.880198143595049,-13.334094744787821,0,-27.214292888382868,29.551280701016445,0,330.19426261108174
0.00060399999999999994,13.842791044223196,17.859415312949807,1.0395455384659158,-1.0395455384659158,-12.803245505757282,-14.882336582689112,0,0,378.2947852361055
0.0006045,13.828378976504068,-11.48385087428187,-0.66844214838944893,0.66844214838944893,-14.496821124893515,-13.159936828114619,0,0,413.92583156059322
0.00060499999999999996,13.813981913540504,-251.05284486347202,-14.213938833364155,13.813981913540504,-28.027920746904659,0,0,0,449.1329030348623
0.00060549999999999992,13.805027794320399,-252.6865801236109,-14.267913466132052,13.826750920998025,-28.094664387130077,0,0,21.723126677625629,466.00036476499974
0.00060599999999999998,13.806896146488654,-251.44713949011788,-14.24350204335601,13.850171270027401,-28.093673313383412,0,0,43.275123538747081,447.25524280523007
0.00060649999999999994,13.818389792651764,-247.4977118199262,-14.14266124280239,13.878641932805326,-28.021303175607716,0,0,60.252140153562678,395.81981190343043
0.00060700000000000001,13.836290246558233,-241.40814764721728,-13.978541952820157,13.905253838778901,-27.883795791599063,0,0,68.963592220667891,319.62123590221699
0.00060749999999999997,13.855857570257875,-234.06659056846703,-13.773446903667853,13.922855247454136,-27.696302151121991,0,0,66.997677196261264,230.36336257426962
0.00060799999999999993,13.871562944293302,-226.54242038068261,-13.555387363132526,13.925152222644062,-27.48053958577659,0,0,53.589278350760019,141.72117489217604
0.00060849999999999999,13.877940943238302,-219.9216616477118,-13.353770727990698,13.907675127099891,-27.261445855090589,0,0,29.734183861588718,67.2364329364257
0.00060899999999999995,13.870000256206319,-15.682329473699426,-0.91282359200840435,0.91282359200840435,-14.782823848214724,-12.957176664197915,0,0,19.059970855829789
0.00060950000000000002,13.855559860312301,13.743190290286545,0.79995184053960755,-0.79995184053960755,-13.055608019772693,-14.655511700851909,0,0,-16.67100011526761
0.00060999999999999997,13.841134498667,251.70668889432713,13.841134498667,-14.246549965405141,0,-28.087684464072137,0,0,-51.894581934405835
0.00061049999999999993,13.832219212585422,253.32789510312136,13.854210888490883,-14.300313112812228,0,-28.154524001303109,21.991675905461484,0,-68.561527402833889
0.000611,13.834248702194875,252.04974827274711,13.878013459549676,-14.274964948946764,0,-28.152978408496441,43.764757354800771,0,-49.295397268141684
0.00061149999999999996,13.845992939394243,248.04129094691106,13.906872300923551,-14.172598285163366,0,-28.079470586086913,60.879361529307246,0,2.9007429463987435
0.00061200000000000002,13.864185846957605,241.88131484890627,13.933807654819974,-14.006589192596318,0,-27.940396847416292,69.621807862368996,0,79.982360111319252
0.00061249999999999998,13.884032513322021,234.46860985843082,13.951606159167889,-13.799519788112647,0,-27.751125947280535,67.573645845868526,0,170.10979492568563
0.00061299999999999994,13.899950233985361,226.88326671290608,13.953930768183072,-13.579691856221658,0,-27.533622624404728,53.980534197711272,0,259.47472870333615
0.0006135,13.906429067166457,220.22043987501439,13.936293822570516,-13.376769779641716,0,-27.313063602212232,29.864755404059423,0,334.42501960037686
0.00061399999999999996,13.89841762536018,14.251968685054521,0.82956637724649696,-0.82956637724649696,-13.068851248113681,-14.727984002606677,0,0,382.67511582258589
0.00061449999999999992,13.883947643449343,-15.253590987306779,-0.88786794968259386,0.88786794968259386,-14.771815593131933,-12.996079693766749,0,0,418.50330526210081
0.00061499999999999999,13.869492726589948,-252.30309212156288,-14.278089832455706,13.869492726589948,-28.147582559045656,0,0,0,453.76834256193922
0.00061549999999999994,13.860587443842027,-253.91901777235779,-14.331783149089782,13.882737313205409,-28.214520462295191,0,0,22.149869363381121,470.34137010371194
0.00061600000000000001,13.862699711782764,-252.61939933915122,-14.305917265586825,13.906755762423209,-28.212673028010034,0,0,44.056050640446522,450.78286322995814
0.00061649999999999997,13.874581220564222,-248.57646060313408,-14.202657217513597,13.935837206991993,-28.138494424505591,0,0,61.255986427771063,398.14083458615681
0.00061699999999999993,13.892938137747015,-242.37414943662182,-14.035507780733333,13.962958818713561,-27.998466599446896,0,0,70.020680966546109,320.52826418081224
0.00061749999999999999,13.912942596447385,-234.91759339686797,-13.827216448481158,13.980868668478559,-27.80808511695972,0,0,67.92607203117349,229.86622787581871
0.00061799999999999995,13.928978804310074,-227.29342847591508,-13.606261635318727,13.983201566647896,-27.589463201966627,0,0,54.222762337822303,140.04492024025862
0.00061850000000000002,13.935508682284912,-220.6025571324958,-13.402468487993238,13.965456447443513,-27.367924935436751,0,0,29.947765158601577,64.786250013138925
0.00061899999999999998,13.927442845831289,-13.542127673771413,-0.78824856009688027,0.78824856009688027,-14.715691405928169,-13.139194285734408,0,0,16.461265627265352
0.00061949999999999993,13.912942645054788,16.040230936617274,0.93365601358924399,-0.93365601358924399,-12.979286631465543,-14.846598658644032,0,0,-19.460192132700044
0.00062,13.898457540791327,252.83640489340124,13.898457540791327,-14.308094621026447,0,-28.206552161817772,0,0,-54.789454930499616
0.00062049999999999996,13.889535586802049,254.4533026765545,13.911739423194085,-14.361834888058596,0,-28.273574311252681,22.203836392035509,0,-71.368932491052547
0.00062100000000000002,13.891656967938776,253.14795846326166,13.935816140582686,-14.335831295390774,0,-28.27164743597346,44.159172643910082,0,-51.734535872740551
0.00062149999999999998,13.903568490288668,249.09341550504695,13.964962126748969,-14.232265410911493,0,-28.19722753766046,61.393636460299554,0,1.0537305480118988
0.00062199999999999994,13.921967112432117,242.87532018952706,13.992137830384609,-14.064683141599756,0,-28.056820971984365,70.170717952491344,0,78.860177506523968
0.00062250000000000001,13.942012873251802,235.40111225564337,14.01007515688155,-13.855891268689765,0,-27.865966425571315,68.062283629747697,0,169.73384558120432
0.00062299999999999996,13.958076876227725,227.75999534521503,14.012395791479745,-13.63443645608594,0,-27.646832247565687,54.318915252020929,0,259.752108321035
0.00062349999999999992,13.964608948952934,221.05529950881356,13.994590586737534,-13.430210538592778,0,-27.424801125330312,29.981637784599798,0,335.16306952178462
0.00062399999999999999,13.956502529964753,13.525340274598193,0.78727141355500407,-0.78727141355500407,-13.169231116409748,-14.743773943519757,0,0,383.5573472739793
0.00062449999999999995,13.941972074441626,-16.128662479192087,-0.93880336102097317,0.93880336102097317,-14.880775435462596,-13.003168713420653,0,0,419.56580475763911
0.00062500000000000001,13.927456746930496,-253.29902691879528,-14.336057105498064,13.927456746930496,-28.263513852428559,0,0,0,454.97880283047783
0.00062549999999999997,13.918492900803958,-254.92333686074093,-14.389969003002143,13.940649911397255,-28.330618914399402,0,0,22.157010593296533,471.65944718284953
0.00062599999999999993,13.920552874165109,-253.62789350824715,-14.364207477120281,13.964633769047598,-28.328841246167883,0,0,44.080894882489652,452.15616953626488
0.0006265,13.932391802037646,-249.58413458559372,-14.260912731726721,13.99369358672072,-28.254606318447447,0,0,61.301784683075162,399.50845949641689
0.00062699999999999995,13.950715520282435,-243.37595249194283,-14.093583870389775,14.020798415500007,-28.114382285889782,0,0,70.08289521757311,321.83010845009431
0.00062750000000000002,13.97069211812399,-235.90915694311283,-13.884982709512249,14.038685213519319,-27.923667923031569,0,0,67.993095395328737,231.05219337414161
0.00062799999999999998,13.986698682036213,-228.27169748251524,-13.663619746320641,14.040976406456769,-27.704596152777412,0,0,54.277724420556304,141.08254402306272
0.00062849999999999994,13.993188041222988,-221.56621854774104,-13.459365011754928,14.023159184222981,-27.482524195977913,0,0,29.971142999994221,65.665613701938838
0.000629,13.985056115494217,-14.154294401049992,-0.82388103624397413,0.82388103624397413,-14.808937151738192,-13.161175079250242,0,0,17.204686506767811
0.00062949999999999996,13.970495932136078,15.566043573367281,0.90605492199549986,-0.90605492199549986,-13.064441010140579,-14.876550854131578,0,0,-18.884307924213633
0.00062999999999999992,13.955950907740311,253.68852738903075,13.955950907740311,-14.361637027932685,0,-28.317587935672996,0,0,-54.398614221525619
0.00063049999999999998,13.946922830658988,255.32556750184605,13.968941509288689,-14.415818625638385,0,-28.384760134927074,22.01867862970181,0,-71.26676621193451
0.00063099999999999994,13.948857742267649,254.05374208709415,13.992694919599513,-14.390630072997611,0,-28.383324992597124,43.837177331865462,0,-52.083702901945415
0.00063150000000000001,13.960530782933423,250.04083411879506,14.021530327692151,-14.288122041062199,0,-28.30965236875435,60.999544758728376,0,0.16032125698648514
0.00063199999999999997,13.978672929741888,243.86595698426228,14.048448646618425,-14.121670317649917,0,-28.170118964268344,69.775716876536549,0,77.41352173014036
0.00063249999999999992,13.998478691782756,236.4297508471075,14.066211755614528,-13.913898558689796,0,-27.980110314304326,67.733063831773151,0,167.81008226974109
0.00063299999999999999,14.014348804472549,228.81539811212045,14.068456248683813,-13.693185453902375,0,-27.761641702586189,54.107444211262838,0,257.50067950201367
0.00063349999999999995,14.020753354172321,222.12190905465005,14.050670571590647,-13.489295784949551,0,-27.539966356540198,29.917217418325954,0,332.78364835575707
0.00063400000000000001,14.012609226048141,15.3812736691238,0.89529999378349956,-0.89529999378349956,-13.117309232264645,-14.907909219831641,0,0,381.3036510133125
0.00063449999999999997,13.998020356473912,-14.398259763693204,-0.83808156295954106,0.83808156295954106,-14.836101919433453,-13.159938793514371,0,0,417.46450338427513
0.00063499999999999993,13.983446675727976,-254.00056529411168,-14.384461500219821,13.983446675727976,-28.367908175947797,0,0,0,453.09378214687973
0.0006355,13.974334071868213,-255.65565899813822,-14.439015103000933,13.996129032986657,-28.435144135987592,0,0,21.794961118442835,470.22742160701176
0.00063599999999999996,13.976085205083255,-254.42061927961691,-14.414719625311507,14.019524816985285,-28.434244442296794,0,0,43.43961190202976,451.53844498002388
0.00063650000000000002,13.987506351845047,-250.45752708871282,-14.313487384772802,14.048008809400448,-28.361496194173252,0,0,60.502457555401762,399.94048832732631
0.00063699999999999998,14.005368941973455,-244.33778991042016,-14.148496346119991,14.074635335127132,-28.223131681247125,0,0,69.266393153676731,323.38556565226236
0.00063749999999999994,14.024911009403827,-236.95352860175848,-13.942143458750337,14.092209302537002,-28.034352761287341,0,0,67.298293133175648,233.63197530143992
0.000638,14.040573188543801,-229.37990484175282,-13.722586758103155,14.09439337071624,-27.816980128819395,0,0,53.820182172438585,144.43032537410321
0.00063849999999999996,14.046855718393601,-222.70963822532332,-13.51941032598568,14.07668113250981,-27.59609145849549,0,0,29.825414116209288,69.407516149551853
0.00063899999999999992,14.038713585026404,-17.14205684650782,-0.99779015172994434,0.99779015172994434,-15.036503736756348,-13.040923433296459,0,0,20.832722638814325
0.00063949999999999999,14.024097537566721,12.689937924005788,0.73864502959087974,-0.73864502959087974,-13.285452507975842,-14.7627425671576,0,0,-15.391802688604677
0.00063999999999999994,14.009496707230891,254.2359474195257,14.009496707230891,-14.404330586636515,0,-28.413827293867406,0,0,-51.147824579722773
0.00064050000000000001,14.000282660783459,255.91319313883164,14.021780182010415,-14.459330324512596,0,-28.481110506523013,21.497521226957382,0,-68.614773249303099
0.00064099999999999997,14.001799749168145,254.72586901029837,14.04470825316732,-14.436191363605465,0,-28.480899616772785,42.908503999176112,0,-50.571310875154097
0.00064149999999999993,14.012894696456287,250.82873204778437,14.072729928371396,-14.33664972283818,0,-28.409379651209576,59.835231915108849,0,0.16844705693002737
0.00064199999999999999,14.030392463926605,244.78306106913811,14.098971816810224,-14.173624386244121,0,-28.272596203054345,68.579352883618043,0,75.78451055681127
0.00064249999999999995,14.049589465176259,237.4696024632365,14.116298079643558,-13.969210518729735,0,-28.085508598373295,66.708614467297735,0,164.66279515036436
0.00064300000000000002,14.064980595857177,229.95264534257112,14.118408525074031,-13.751267953090624,0,-27.869676478164653,53.427929216852988,0,253.18694376600115
0.00064349999999999997,14.071107917532716,223.31620658316035,14.10080612608758,-13.549131914038766,0,-27.649938040126347,29.69820855486423,0,327.83375530470499
0.00064399999999999993,14.062980376328062,19.374090225444832,1.1277104374796423,-1.1277104374796423,-12.935269938848421,-15.190690813807704,0,0,376.45520772756259
0.0006445,14.048339064119496,-10.50208800773521,-0.61129653696452735,0.61129653696452735,-14.65963560108402,-13.437042527154968,0,0,412.73333701783088
0.00064499999999999996,14.033712995338529,-254.39349461826168,-14.421016131591855,14.033712995338529,-28.454729126930385,0,0,0,448.62373783410163
0.00064550000000000002,14.024383002235608,-256.09687588911436,-14.47653800558933,14.045517396485533,-28.522055402074862,0,0,21.134394249925315,466.48173195217265
0.00064599999999999998,14.025621946804698,-254.96734917090444,-14.454800875406647,14.067880841141628,-28.522681716548274,0,0,42.258894336929494,449.21606130852024
0.00064649999999999994,14.036325515535065,-251.15077367281157,-14.357326961870642,14.095343286666145,-28.452670248536791,0,0,59.017771131079932,399.52037342584282
0.00064700000000000001,14.053383980987672,-245.19604078256285,-14.196718790208703,14.121120299784774,-28.31783908999348,0,0,67.736318797103166,325.05358070028285
0.00064749999999999996,14.072165338584425,-237.9699324380453,-13.994701302882197,14.138149344590103,-28.132850647472303,0,0,65.984006005678197,237.25293779223779
0.00064799999999999992,14.087231321523046,-230.52334612653286,-13.778767375057487,14.140176656980406,-27.918944032037899,0,0,52.945335457361679,149.5694315480622
0.00064849999999999999,14.093175828231933,-223.92953605813344,-13.577944914429303,14.122717701172101,-27.700662615601406,0,0,29.541872940168972,75.397731275402876
0.00064899999999999995,14.085076094840856,-22.001944609156773,-1.2806703330001323,1.2806703330001323,-15.365746427840989,-12.804405761840723,0,0,26.734019027383731
0.00064950000000000001,14.070411778240294,7.9109913884589407,0.46047620588965643,-0.46047620588965643,-13.609935572350636,-14.530887984129951,0,0,-9.5887060147815966
0.00064999999999999997,14.055762729017765,254.47700432693165,14.055762729017765,-14.434462535116582,0,-28.490225264134345,0,0,-45.619364446219798
0.00065049999999999993,14.046305915586238,256.20922945515667,14.067024638203049,-14.490553771827146,0,-28.557578410030192,20.71872261681041,0,-63.914948902367144
0.00065099999999999999,14.047231998034286,255.14514816860088,14.088745809196375,-14.47040250404549,0,-28.559148313241863,41.513811162089247,0,-47.534110472681419
0.00065149999999999995,14.057492151233991,251.42060181806713,14.115570461515018,-14.375291172551224,0,-28.490861634066242,58.078310281027981,0,0.96602080127604495
0.00065200000000000002,14.074051251090239,245.57038654919563,14.140816722322375,-14.217462883313063,0,-28.358279605635438,66.76547123213561,0,74.110524858347318
0.00065249999999999998,14.092359525327009,238.44528254138106,14.157507173492812,-14.018218903373752,0,-28.175726076866564,65.147648165803702,0,160.66528684735812
0.00065299999999999993,14.107055931535145,231.08073876030667,14.159442690403678,-13.80462932693238,0,-27.964072017336058,52.386758868532276,0,247.37038992625213
0.0006535,14.112794738782622,224.53748467095451,14.14215456446715,-13.605365075053816,0,-27.747519639520963,29.35982568452873,0,320.98085499857683
0.00065399999999999996,14.104734333353223,24.954333416657619,1.4525204500881657,-1.4525204500881657,-12.652213883265055,-15.557254783441389,0,0,369.67921109039253
0.00065449999999999992,14.090049550080602,-4.9867176703258451,-0.29026258782489123,0.29026258782489123,-14.380312137905491,-13.799786962255711,0,0,406.03600558550346
0.00065499999999999998,14.075380055494366,-254.48811084120311,-14.444584621447397,14.075380055494366,-28.519964676941765,0,0,0,442.20869690731672
0.00065549999999999994,14.065788085518866,-256.2517082594677,-14.501292993527199,14.086047639243976,-28.587340632771181,0,0,20.259553725109605,460.97752816135375
0.00065600000000000001,14.066373335734419,-255.25971146608646,-14.482889499108959,14.107063452499121,-28.589952951608083,0,0,40.690116764702793,445.56740358437571
0.00065649999999999997,14.076148064939435,-251.63689766156421,-14.390391881305087,14.133187117912868,-28.52357899921796,0,0,57.039052973433307,398.38517015462691
0.00065699999999999992,14.092159561157512,-245.9024596864987,-14.235645457716595,14.157850467277417,-28.393495924994014,0,0,65.690906119905193,326.70249563373164
0.00065749999999999999,14.109949076310146,-238.8894439519128,-14.03948206702643,14.174170623795499,-28.213652690821931,0,0,64.221547485352289,241.52863395502845
0.00065799999999999995,14.124241197542775,-231.61616507818979,-13.828503036161983,14.176009364725125,-28.004512400887108,0,0,51.768167182351249,155.91163317800405
0.00065850000000000001,14.129757286667267,-225.12944847484351,-13.630983196114292,14.158915972824985,-27.789899168939279,0,0,29.158686157717533,82.930112619432279
0.00065899999999999997,14.121748012287842,-28.151031353960267,-1.6385911035958729,1.6385911035958729,-15.760339115883715,-12.483156908691969,0,0,34.200740935631657
0.00065949999999999993,14.107045515658704,1.8107249070653739,0.10539712334054094,-0.10539712334054094,-14.001648392318163,-14.212442638999246,0,0,-2.1811564857347747
0.00066,14.092358326157759,254.43312602619488,14.092358326157759,-14.45146306112567,0,-28.543821387283433,0,0,-38.496206727010787
0.00066049999999999995,14.082626493305728,256.22935993889632,14.102397046938146,-14.508808148617435,0,-28.611205195555581,19.770553632417027,0,-57.762595011257048
0.00066100000000000002,14.08285257182164,255.31360382398142,14.122664413638542,-14.492251990462572,0,-28.614916404101113,39.811841816903168,0,-43.38297286529945
0.00066149999999999998,14.092113465990234,251.79898366734989,14.148043046759808,-14.402534322183186,0,-28.550577368942992,55.929580769573455,0,2.3948528556182787
0.00066199999999999994,14.107544111622431,246.18814630450433,14.172086400001668,-14.251079163224448,0,-28.423165563226114,64.54228837923641,0,72.515377513987801
0.0006625,14.124782911923948,239.29524639421007,14.18801317271649,-14.058218701336887,0,-28.246231874053379,63.230260792541635,0,156.20934390159761
0.00066299999999999996,14.138646175774984,232.12026558397704,14.189751114319286,-13.850053108247026,0,-28.03980422256631,51.104938544301632,0,240.65564654513972
0.00066349999999999992,14.143927485021566,225.69506854833989,14.172869811923579,-13.654431495206412,0,-27.827301307129989,28.942326902013114,0,312.954738064418
0.00066399999999999999,14.135979212940946,31.518413632991724,1.8345968049660648,-1.8345968049660648,-12.301382407974881,-15.97057601790701,0,0,361.70858542467693
0.00066449999999999994,14.121261899861363,1.5442876603880222,0.089888572460729677,-0.089888572460729677,-14.03137332740063,-14.211150472322092,0,0,398.10541366845081
0.00066500000000000001,14.10655990933574,-254.31594035230165,-14.455142453287756,14.10655990933574,-28.561702362623496,0,0,0,434.55926087705382
0.00066549999999999997,14.096685929199268,-256.14588320779296,-14.513144014303126,14.115946770816988,-28.629090785120116,0,0,19.260841617720565,454.336707113768
0.00066599999999999993,14.096541159269334,-255.30949366556956,-14.498511994392084,14.13543712769952,-28.633949122091607,0,0,38.89596843018667,441.02614019633239
0.00066649999999999999,14.10526976586271,-251.90773805827041,-14.411696005116532,14.160041996566719,-28.571738001683251,0,0,54.772230704008074,396.70988981618785
0.00066699999999999995,14.120098067133007,-246.42597896947183,-14.263679976166037,14.183441891162262,-28.447121867328303,0,0,63.343824029255522,328.21808557661177
0.00066750000000000002,14.136765868640003,-239.65863024890439,-14.074274020897922,14.198961717171587,-28.273235738069509,0,0,62.195848531582783,246.06948427917328
0.00066799999999999997,14.150185297236273,-232.58651497119146,-13.869054659043972,14.200598311352007,-28.069652970395982,0,0,50.41301411573334,162.848111454985
0.00066849999999999993,14.155225460853384,-226.22586325893863,-13.675426221641635,14.183942706952111,-27.859368928593746,0,0,28.717246098726747,91.266243154164655
0.000669,14.147347920255161,-34.977920645554917,-2.0359648238616219,2.0359648238616219,-16.183312744116783,-12.111383096393538,0,0,42.490484604556627
0.00066949999999999996,14.132618770936833,-4.9982152022064437,-0.29093182630557368,0.29093182630557368,-14.423550597242407,-13.84168694463126,0,0,6.0869134959892577
0.00067000000000000002,14.117904956495464,254.14472804694924,14.117904956495464,-14.455821060388946,0,-28.573726016884411,0,0,-30.501193808782737
0.00067049999999999998,14.107889938952406,256.00825807788806,14.126633608145685,-14.514472375415986,0,-28.641105983561673,18.743669193279189,0,-50.792564950934434
0.00067099999999999994,14.107371867272057,255.25197308729818,14.145337706787013,-14.501781374372044,0,-28.647119081159055,37.965839514955803,0,-38.564570143039404
0.0006715,14.115562829236765,251.96461360373792,14.169158618198361,-14.417906593187261,0,-28.587065211385625,53.595788961596277,0,4.2675560803350834
0.00067199999999999996,14.129781768679193,246.61406767763194,14.191906205399629,-14.273387471633038,0,-28.465293677032665,62.124436720436726,0,71.102124054008314
0.00067249999999999992,14.145871553159175,239.97471834613037,14.207013865445822,-14.087504741136064,0,-28.294518606581885,61.142312286646714,0,151.67497714590905
0.00067299999999999999,14.158841964283557,233.00788150400993,14.208549449655774,-13.885302075838789,0,-28.093851525494564,49.707485372216574,0,233.643714664714
0.00067349999999999995,14.163639373532156,226.71379754422426,14.192126694608115,-13.693729306873962,0,-27.885856001482079,28.487321075958242,0,304.48763905006615
0.00067400000000000001,14.155840055151151,38.459747120561588,2.2386319948961209,-2.2386319948961209,-11.917208060255028,-16.39447205004727,0,0,353.27988921335822
0.00067449999999999997,14.141102064463853,8.4819603786122002,0.49371067946650626,-0.49371067946650626,-13.647391384997348,-14.634812743930359,0,0,389.68102636538384
0.00067499999999999993,14.126379417858479,-253.92493062511565,-14.453650396218771,14.126379417858479,-28.58002981407725,0,0,0,426.39531861504565
0.00067549999999999999,14.116226561658298,-255.82177158885207,-14.512945435018207,14.134453899314899,-28.647399334333105,0,0,18.227337656600895,447.19355273483001
0.00067599999999999995,14.115338692015962,-255.14540878923006,-14.50219208649594,14.152375636735169,-28.654567723231111,0,0,37.036944719205898,436.04213671764899
0.00067650000000000002,14.122995630056371,-251.97235450583179,-14.421257717532544,14.175416300669779,-28.596674018202325,0,0,52.420670613408561,394.68967246950297
0.00067699999999999998,14.136608826831909,-246.75301174082534,-14.280236979558053,14.197515119272495,-28.47775209883055,0,0,60.906292440586199,329.50970035124953
0.00067749999999999993,14.152124156221163,-240.24172078056344,-14.097880904608321,14.212214041718953,-28.310094946327276,0,0,60.089885497789915,250.51191242653559
0.000678,14.164649052902748,-233.38028242218454,-13.89870013939179,14.213652031650302,-28.112352171042094,0,0,49.002978747553982,169.79708665353311
0.00067849999999999996,14.169207197482464,-227.15294628646205,-13.709190052327244,14.19746566424207,-27.906655716569318,0,0,28.25846675960662,99.694227198129695
0.00067899999999999992,14.161492970394026,-41.892898975407945,-2.4384659553614241,2.4384659553614241,-16.599958925755448,-11.723027015032601,0,0,50.887176591017003
0.00067949999999999998,14.146749094318656,-11.922751986799573,-0.69398932814592662,0.69398932814592662,-14.840738422464582,-13.452759766172729,0,0,14.49533574459042
0.00067999999999999994,14.13202056845263,253.66582661799572,14.13202056845263,-14.448919396852659,0,-28.580939965305287,0,0,-22.3366924541019
0.00068050000000000001,14.12173603135339,255.5946281735844,14.139459875872687,-14.508828307259858,0,-28.648288183132546,17.723844519297256,0,-43.625565578945583
0.00068099999999999996,14.120490105531752,254.99583941402105,14.156620528844412,-14.499954828336245,0,-28.656575357180653,36.13042331265963,0,-33.522460662698364
0.00068149999999999992,14.127628384968382,251.93414773356812,14.17890132625744,-14.421885322811773,0,-28.600786649069217,51.272941289058267,0,6.3858262787483895
0.00068199999999999999,14.140652449568126,246.84296286078867,14.200368018416652,-14.28428256096492,0,-28.484650579381572,59.715568848526139,0,69.948037192629641
0.00068249999999999995,14.155608773658033,240.45708183430003,14.214669045384179,-14.105381398257391,0,-28.32005044364157,59.060271726146972,0,147.40300109334251
0.00068300000000000001,14.167700397800955,233.69921725509462,14.2160135167537,-13.909171408494377,0,-28.125184925248078,48.313118952745505,0,226.88649764080716
0.00068349999999999997,14.172026943342804,227.5379151796985,14.200061105184831,-13.72170199411714,0,-27.92176309930197,28.03416184202753,0,296.2578222756851
0.00068399999999999993,14.164339043854495,222.83874479301289,14.164587379865891,-13.567079314771481,0,-27.731666694637372,0.24833601139525285,0,344.96484690028581
0.0006845,14.149531289553522,15.452719078896394,0.89945862695662271,-0.89945862695662271,-13.250072662596899,-15.048989916510145,0,0,381.21648709883243
0.00068499999999999995,14.134799867076111,-253.35116505136548,-14.441140355617279,14.134799867076111,-28.575940222693394,0,0,0,418.14696691945835
0.00068550000000000002,14.124384110953494,-255.31115243415846,-14.501635763832738,14.141594386417252,-28.643230150249991,0,0,17.210275463756311,439.91615118889376
0.00068599999999999998,14.122775558015629,-254.79031186556804,-14.494645745062115,14.15797932011076,-28.652625065172881,0,0,35.20376209513109,430.86532578300336
0.00068649999999999994,14.12938602501626,-251.84140665267623,-14.419473869378791,14.179482800888298,-28.598956670267093,0,0,50.096775872038094,392.41838879382902
0.000687,14.141808465226898,-246.88059863513462,-14.28534494206745,14.200299772052084,-28.485644714119534,0,0,58.491306825185205,330.50125705160656
0.00068749999999999996,14.156191775428701,-240.62277591708212,-14.109968342822279,14.214187876578753,-28.324156219401033,0,0,57.996101150053327,254.62208854074203
0.00068799999999999992,14.167836703538327,-233.97114612479993,-13.916801597776715,14.215428707491299,-28.132230305268013,0,0,47.59200395297043,176.4033558209054
0.00068849999999999998,14.171920862140862,-227.87814970496495,-13.731437239114705,14.199706654193186,-27.93114389330789,0,0,27.785792052323487,107.79239144953938
0.00068899999999999994,14.164241224734036,-223.19911540626151,-13.577669732720691,14.164770554068733,-27.742440286789428,0,0,0.52932933469686105,59.225914827182805
0.00068950000000000001,14.149367033107483,-19.029378450924952,-1.1076457499756247,1.1076457499756247,-15.257012783083107,-13.041721283131858,0,0,23.124841837525775
0.00068999999999999997,14.134635781641469,252.98682138292216,14.134635781641469,-14.43044372241776,0,-28.565079504059227,0,0,-13.902673116436244
0.00069049999999999992,14.124092150971844,254.97779026155453,14.140789978152949,-14.491521905829053,0,-28.632311883981998,16.69782718110487,0,-36.151877918141039
0.00069099999999999999,14.122124776478843,254.53474888611166,14.156403736591253,-14.486413276015291,0,-28.642817012606546,34.278960112409848,0,-28.153769490303734
0.00069149999999999995,14.128211540039711,251.69860837787715,14.177134501496846,-14.41414069414061,0,-28.591275195637454,48.922961457135827,0,8.8302657431015348
0.00069200000000000002,14.140036701187574,246.86833338737461,14.197306568157769,-14.283492556979656,0,-28.480799125137423,57.269866970194784,0,69.099489768377708
0.00069249999999999997,14.153851636248097,240.73891998752998,14.210787110222986,-14.111653424622887,0,-28.322440534845875,56.935473974889703,0,143.39890269988129
0.00069299999999999993,14.165054989146578,234.19404784064272,14.211930648901843,-13.921548327918117,0,-28.133478976819958,46.875659755266291,0,220.34825112661798
0.0006935,14.168902661374796,228.16999077156598,14.196446768970981,-13.738311390355038,0,-27.934758159326016,27.544107596184251,0,288.19431690342731
0.00069399999999999996,14.161238323020171,223.51174785248276,14.162057989056304,-13.585422990467052,0,-27.747480979523356,0.81966603613319933,0,336.61667950592988
0.00069450000000000002,14.146301283310546,22.583127716053696,1.3144993411294443,-1.3144993411294443,-12.831801942181102,-15.46080062443999,0,0,372.55810799018013
0.00069499999999999998,14.131573223671493,-252.57840922555178,-14.417015475032784,14.131573223671493,-28.548588698704279,0,0,0,409.66863635958714
0.00069549999999999994,14.120906640418847,-254.59924926789242,-14.478650350630481,14.137099640458446,-28.615749991088929,0,0,16.193000039600051,432.37973028548481
0.000696,14.118588574702144,-254.23239732120638,-14.475382889405489,14.151955593493904,-28.627338482899393,0,0,33.367018791759321,425.4100950990786
0.00069649999999999996,14.12416163318653,-251.50712562289118,-14.405960494951106,14.171925911265408,-28.577886406216514,0,0,47.764278078878952,389.86190775986489
0.00069699999999999992,14.135399850224932,-246.80546355064192,-14.278741929845491,14.191462526723432,-28.470204456568926,0,0,56.062676498500615,331.21450697817056
0.00069749999999999999,14.148655570967453,-240.80279013365572,-14.110394320978164,14.204540892899848,-28.314935213878012,0,0,55.88532193239466,258.47346841972558
0.00069799999999999994,14.159424060396908,-234.36350641467783,-13.923317169988785,14.205587862081011,-28.128905032069795,0,0,46.163801684101799,182.7799828436807
0.00069850000000000001,14.163038657520824,-228.40790682288537,-13.742191726467187,14.190338374994706,-27.932530101461893,0,0,27.299717473881522,115.69526787843837
0.00069899999999999997,14.155389434040739,-223.77075695501586,-13.590187541977722,14.156489547837269,-27.746677089814995,0,0,1.100113796530124,67.424186318619292
0.00069949999999999993,14.14039757465763,-26.037741142446308,-1.5155825183556781,1.5155825183556781,-15.655980093013309,-12.624815056301951,0,0,31.635010328201226
0.00069999999999999999,14.125675661513792,252.13651575387786,14.125675661513792,-14.40119575825598,0,-28.526871419769769,0,0,-5.5503953725519928
0.00070049999999999995,14.114894391372573,254.18555154987055,14.130603831751198,-14.463353266469415,0,-28.593957098220613,15.709440378625814,0,-28.701204205737685
0.00070100000000000002,14.11224334881601,253.89143301351277,14.14473627516985,-14.461843417411906,0,-28.606579692581754,32.49292635383916,0,-22.71624381713568
0.00070149999999999998,14.117326937763025,251.27236540494195,14.163979971960945,-14.395152205441725,0,-28.55913217740267,46.653034197920434,0,11.454315076389072
0.00070199999999999993,14.128005173582119,246.69419794606628,14.182909524559205,-14.271228276767737,0,-28.454137801326944,54.904350977086352,0,68.54317713033231
0.0007025,14.14072731786078,240.8135098516091,14.195604736688828,-14.106243171669606,0,-28.301847908358432,54.877418828049834,0,139.78418161318254
0.00070299999999999996,14.151081585048868,234.47617371023674,14.196562503520893,-13.922091574754866,0,-28.118654078275757,45.480918472025948,0,214.26611782491693
0.00070349999999999992,14.154476031136641,228.58707079870246,14.18154280871609,-13.743018202121553,0,-27.924561010837643,27.066777579449717,0,280.61302431001491
0.00070399999999999998,14.146845772551583,223.97102920972134,14.148219047722918,-13.591891241075283,0,-27.740110288798199,1.3732751713361822,0,328.73221374208816
0.00070449999999999994,14.13180627178688,29.325822710450609,1.7069723519104443,-1.7069723519104443,-12.424833919876434,-15.838778623697324,0,0,364.37054435135883
0.00070500000000000001,14.117093303258212,-251.66862520388776,-14.383277641818669,14.117093303258212,-28.500370945076881,0,0,0,401.61574896864789
0.00070549999999999996,14.106207185035078,-253.74371907984354,-14.445914498589213,14.121461254826484,-28.5673757534157,0,0,15.254069791404397,425.17162355939769
0.00070599999999999992,14.103245560124481,-253.51779777841972,-14.44605233079017,14.134914683909768,-28.58096701469994,0,0,31.669123785286708,420.10726583102172
0.00070649999999999999,14.107870777743273,-250.9986622399324,-14.381931513376886,14.15347568347037,-28.53540719684726,0,0,45.60490572709741,387.23031813616211
0.00070699999999999995,14.118023738574772,-246.53691388684547,-14.26111429156852,14.171834623082663,-28.432948914651185,0,0,53.810884507892027,331.60860015509331
0.00070750000000000001,14.130245043297958,-240.77139507771014,-14.099304730132623,14.18416993764504,-28.283474667777664,0,0,53.924894347082095,261.78263567843879
0.00070799999999999997,14.140210637699777,-234.53048349431376,-13.917920978790363,14.185044903628709,-28.102965882419074,0,0,44.834265928932403,188.44656639210189
0.00070849999999999993,14.143399228699257,-228.70449454981352,-13.740795388513934,14.170243513989908,-27.911038902503847,0,0,26.844285290649736,122.80117985307515
0.00070899999999999999,14.135788687825281,-224.10884998723529,-13.590511141137428,14.137417213864811,-27.727928355002241,0,0,1.6285260395305343,74.83269316792402
0.00070949999999999995,14.120710487771762,-32.379262713465174,-1.8847043703716262,1.8847043703716262,-16.005414858143389,-12.236006117400136,0,0,39.33542481137416
0.00071000000000000002,14.106009071334729,251.18609115451676,14.106009071334729,-14.363683263931616,0,-28.469692335266341,0,0,2.0423997243401502
0.00071049999999999998,14.095030661698273,253.28439929973621,14.109869189262929,-14.42674278396955,0,-28.536611973232478,14.838527564656417,0,-21.878439654209604
0.00071099999999999994,14.091788806891769,253.12033774566723,14.122705400660648,-14.428374529381566,0,-28.551079930042214,30.916593768879764,0,-17.652052391385968
0.0007115,14.095998440339724,250.69231154988984,14.14064493712773,-14.366597653307389,0,-28.507242590435119,44.646496788006004,0,14.043257080790038
0.00071199999999999996,14.105674201106215,246.33706122463389,14.15848423205385,-14.24862355853503,0,-28.407107790588878,52.810030947634942,0,68.321518363117576
0.00071249999999999992,14.117440220466712,240.67723918116923,14.170492422006003,-14.089729940833758,0,-28.260222362839759,53.052201539291289,0,136.84855547623118
0.00071299999999999998,14.127052922634276,234.52519371129711,14.171294223813359,-13.910898643038315,0,-28.082192866851674,44.241301179082583,0,209.12935098059114
0.00071349999999999994,14.130056088478597,228.75783175768291,14.156696427783279,-13.73558276478153,0,-27.892279192564811,26.640339304682321,0,274.12446322195643
0.00071400000000000001,14.122467294114147,224.18184099844308,14.124331201065397,-13.586101403342274,0,-27.710432604407671,1.8639069512511526,0,321.94654359691845
0.00071449999999999997,14.107359005057644,35.140703743567315,2.045439962902357,-2.045439962902357,-12.061919042155289,-16.152798967960003,0,0,357.30963219207399
0.00071499999999999992,14.092671489175233,-250.69710599982366,-14.342775432383103,14.092671489175233,-28.435446921558338,0,0,0,394.63434239593721
0.00071549999999999999,14.081614503035528,-252.81559329155877,-14.406198767806584,14.096082987627142,-28.502281755433728,0,0,14.468484591614221,418.8712637626254
0.00071599999999999995,14.078126543294795,-252.70634764359926,-14.409154359725376,14.108372346920104,-28.51752670664548,0,0,30.245803625310053,415.38479347968786
0.00071650000000000001,14.081969133523954,-250.35942451446181,-14.349464937214655,14.125760556808645,-28.475225494023302,0,0,43.791423284692073,384.73864376620389
0.00071699999999999997,14.091222524059242,-246.09920636356313,-14.234029199113545,14.143138812202334,-28.377168011315881,0,0,51.916288143091272,331.65697852333682
0.00071749999999999993,14.102585346772106,-240.53388786941639,-14.07774419184752,14.154857449211358,-28.232601641058881,0,0,52.272102439252812,264.28993232292578
0.000718,14.111885943639582,-234.46148646816584,-13.901201815254375,14.15559637719192,-28.056798192446294,0,0,43.710433552337179,192.95457886721221
0.00071849999999999995,14.114726383945134,-228.7469065689809,-13.727515863890885,14.141183153964135,-27.868699017855018,0,0,26.456770019000899,128.54583798373014
0.00071900000000000002,14.107159978127219,-224.18899979950098,-13.578768768020913,14.109233181424203,-27.688001949445116,0,0,2.0732032969832659,80.862078642299821
0.00071949999999999998,14.092030517824149,-37.556319245167209,-2.1860460394919117,2.1860460394919117,-16.278076557316062,-11.905984478332238,0,0,45.62182836961783
0.00071999999999999994,14.077358960804032,250.21295553963571,14.077358960804032,-14.321022002120248,0,-28.398380962924278,0,0,8.2791975434347975
0.0007205,14.066239110359586,252.34793799227447,14.080392204563386,-14.38473697081837,0,-28.465129175381758,14.153094203801338,0,-16.220521700279463
0.00072099999999999996,14.062545253319517,252.28494375610356,14.092218365046428,-14.388808677286301,0,-28.481027042332727,29.673111726911962,0,-13.361207508529304
0.00072149999999999992,14.066078253758118,250.0070243014089,14.109138442758683,-14.330895762554661,0,-28.440034205313346,43.06018900056489,0,16.390184192488913
0.00072199999999999999,14.074974179317673,245.82808852164879,14.126124885124231,-14.217632376056294,0,-28.343757261180524,51.150705806557568,0,68.447141315017817
0.00072249999999999994,14.085995356321712,240.34400162394269,14.137598045063891,-14.06359133339908,0,-28.201189378462971,51.602688742178721,0,134.8168760242649
0.00072300000000000001,14.095031904498509,234.34049138364293,14.138285881923551,-13.889030491388827,0,-28.027316373312377,43.253977425042095,0,205.33516975979012
0.00072349999999999997,14.097736271553503,228.67209864057526,14.124034696048536,-13.716771077133332,0,-27.84080577318187,26.298424495033956,0,269.23201156294874
0.00072399999999999993,14.090193030608027,224.13082487005249,14.092446495043921,-13.568689260469181,0,-27.661135755513101,2.2534644358933207,0,316.7868711371849
0.00072449999999999999,14.07505082921123,39.584704150929554,2.3041125294708884,-2.3041125294708884,-11.770938299740344,-16.379163358682121,0,0,351.91337926166182
0.00072499999999999995,14.060396950159475,-249.74149659552407,-14.298814434908293,14.060396950159475,-28.359211385067766,0,0,0,389.25757573027522
0.00072550000000000002,14.049230452741231,-251.88931533539107,-14.362751525771563,14.063126186824292,-28.425877712595856,0,0,13.895734083059899,413.96127242476103
0.00072599999999999997,14.045373020349325,-251.86372234546849,-14.367725878898979,14.074577980600912,-28.442303859499891,0,0,29.204960251585931,411.60662073445178
0.00072649999999999993,14.048657322579976,-249.64208685718708,-14.311263291430212,14.091118801132083,-28.402382092562295,0,0,42.461478552107287,382.58235538798868
0.000727,14.057264918405551,-245.52976053786341,-14.199781940688855,14.107787827824458,-28.307569768513314,0,0,50.522909418907879,331.36280173503604
0.00072749999999999996,14.068010281394532,-240.11249895654765,-14.047588948183675,14.119063147264463,-28.166652095448139,0,0,51.052865869930805,265.81192526853232
0.00072799999999999991,14.076834300294088,-234.16592544579731,-13.874667712433487,14.119712602900893,-27.994380315334382,0,0,42.878302606806095,195.96832673541573
0.00072849999999999998,14.079431012481393,-228.53603425623811,-13.703598433421877,14.105598444692083,-27.809196878113962,0,0,26.167432210690357,132.49889865439008
0.00072899999999999994,14.071911031465959,-224.00914725560921,-13.55608663053378,14.074312304451748,-27.630398934985532,0,0,2.4012729857896602,85.059338261603088
0.00072950000000000001,14.056764047564807,-41.190575714961724,-2.397585725008736,2.397585725008736,-16.454349772573543,-11.65917832255607,0,0,50.034816436060268
0.00072999999999999996,14.042129207327884,249.29311107366831,14.042129207327884,-14.276626891156099,0,-28.318756098483981,0,0,12.702933289763628
0.00073049999999999992,14.030933486796847,251.44960402948348,14.044636151952124,-14.340705662936212,0,-28.385341814888339,13.702665155276186,0,-12.143737859449821
0.00073099999999999999,14.026958778271723,251.45144697284786,14.055811221234841,-14.346341106970378,0,-28.402152328205219,28.852442963117493,0,-10.16198427133962
0.00073149999999999995,14.030061116141004,249.27188381141161,14.07207014943503,-14.290963441312275,0,-28.363033590747303,42.009033294025883,0,18.316915275549999
0.00073200000000000001,14.038456050114817,245.20991335371022,14.088502830145735,-14.180831091920986,0,-28.269333922066721,50.046780030918711,0,68.902458703331376
0.00073249999999999997,14.048997435693966,239.84368896159842,14.099631726075067,-14.030051865058898,0,-28.129683591133968,50.634290381101579,0,133.82796827230575
0.00073299999999999993,14.057664880382591,233.94115084599053,14.100255915247811,-13.858400922689041,0,-27.95865683793685,42.591034865219996,0,203.1506458405423
0.00073349999999999999,14.060184533467309,228.34170831256634,14.086250963886474,-13.688273272293983,0,-27.774524236180458,26.06643041916502,0,266.28321712462315
0.00073399999999999995,14.052687592475728,223.82720525325578,14.055201881685946,-13.541240665667983,0,-27.596442547353927,2.5142892102178109,0,313.62122525750863
0.00073450000000000002,14.0375431177661,42.351731759174925,2.4651733007536905,-2.4651733007536905,-11.572369817012408,-16.502716418519789,0,0,348.55346567637071
0.00073499999999999998,14.022928288908458,-248.87447731382122,-14.254840021068421,14.022928288908458,-28.277768309976882,0,0,0,385.85756304062994
0.00073549999999999993,14.011720526201254,-251.03570358892205,-14.31898664457086,14.025294993737244,-28.344281638308104,0,0,13.574467535990905,410.78373199186211
0.000736,14.007674956179887,-251.05518107051216,-14.325046882995265,14.036291949146719,-28.361338832141985,0,0,28.616992966831589,409.03951337747054
0.00073649999999999996,14.010662630822663,-248.90349427293907,-14.270389951224507,14.052367873066522,-28.322757824291031,0,0,41.705242243859537,380.91926216674102
0.00073699999999999992,14.018921570529097,-244.87542932200631,-14.161168723982644,14.068647054197116,-28.229815778179763,0,0,49.725483668020352,330.75806671558837
0.00073749999999999998,14.029332074168616,-239.5440260933353,-14.011357272809027,14.079682466818458,-28.091039739627483,0,0,50.350392649841019,266.25727840471632
0.00073799999999999994,14.037900084909541,-233.67199942252029,-13.840589487147319,14.080295135554813,-27.920884622702136,0,0,42.395050645271873,197.29453053922947
0.00073850000000000001,14.040373928843463,-228.09422497923953,-13.671133303495186,14.066370658129193,-27.73750396162438,0,0,25.99672928572933,134.40211165547211
0.00073899999999999997,14.032899422235237,-223.58939950745435,-13.524467091583483,14.035490652664686,-27.559957744248173,0,0,2.5912304294485295,87.148093056512977
0.00073949999999999992,14.017763996723129,-43.052978778211354,-2.5059908861688878,2.5059908861688878,-16.523754882892018,-11.511773110554241,0,0,52.296256257352887
0.00073999999999999999,14.0031697603913,248.49441779885814,14.0031697603913,-14.233898444538999,0,-28.237068204930299,0,0,15.03256782528468
0.00074049999999999995,13.991967562250018,250.65610405743149,14.005481972440386,-14.2980312508637,0,-28.303513223304087,13.514410190366839,0,-9.9100255144399796
0.00074100000000000001,13.98789938954528,250.68274106513917,14.016403678018865,-14.304262486721742,0,-28.320666164740604,28.504288473584321,0,-8.2646264699684835
0.00074149999999999997,13.990842435902037,248.54388634951047,14.032399378325156,-14.249939330548298,0,-28.282338708873457,41.556942423119679,0,19.689498707825596
0.00074199999999999993,13.999045021100336,244.53244227231252,14.048610685005826,-14.141168428580091,0,-28.189779113585917,49.565663905490524,0,69.642657955497867
0.0007425,14.009400319248016,239.21899707597194,14.059606775725628,-13.991860520543918,0,-28.051467296269546,50.206456477612235,0,133.92530835096207
0.00074299999999999995,14.01792774760732,233.36362207392668,14.060221271372869,-13.821578771943496,0,-27.881800043316364,42.293523765549267,0,202.69315869522774
0.00074350000000000002,14.020387636314377,227.79876290949898,14.046346824426884,-13.652523847370432,0,-27.698870671797312,25.959188112506592,0,265.44368281995622
0.00074399999999999998,14.012934492122735,223.30127241076534,14.015565481677902,-13.506120610594106,0,-27.521686092272006,2.6309895551659395,0,312.63042802039513
0.00074449999999999994,13.997814018458158,43.291724260047829,2.5198875785366397,-2.5198875785366397,-11.477926439921518,-16.517701596994797,0,0,347.41210564816845
0.000745,13.983240552535767,-248.1578605370334,-14.214138997800232,13.983240552535767,-28.197379550335999,0,0,0,384.62184025142551
0.00074549999999999996,13.972060561491661,-250.31613133459243,-14.278186306325249,13.985580807969457,-28.263767114294708,0,0,13.520246477795702,409.51808699163325
0.00074599999999999992,13.968016167323832,-250.34005147637765,-14.284350539174484,13.996526837359751,-28.280877376534235,0,0,28.510670035918544,407.83511334805939
0.00074649999999999998,13.970982291496002,-248.19962732780209,-14.229991563005221,14.012542364937964,-28.242533927943185,0,0,41.560073441961478,379.85779203834852
0.00074699999999999994,13.979205869670539,-244.18804700881049,-14.121224681522619,14.028769667595817,-28.149994349118437,0,0,49.563797925278983,329.8992312708254
0.00074750000000000001,13.989579777851736,-238.87598007189698,-13.97196399882723,14.039779916083587,-28.011743914910816,0,0,50.200138231850381,265.62970691327473
0.00074799999999999997,13.998124254537522,-233.02336431814638,-13.801770293405294,14.040409739782957,-27.842180033188253,0,0,42.285485245434735,196.89147337374538
0.00074849999999999992,14.000601435605637,-227.46231894054193,-13.632836498292715,14.026555353153791,-27.659391851446507,0,0,25.953917548153591,134.18257940976315
0.00074899999999999999,13.993168336766155,-222.96922794581332,-13.486575604196721,13.99580237755251,-27.482377981749231,0,0,2.634040786354845,87.043251452396348
0.00074949999999999995,13.978068031870759,-43.071797079842383,-2.5070862457402541,2.5070862457402541,-16.485154277611013,-11.470981786130505,0,0,52.319049700191769
0.00075000000000000002,13.963515123977089,247.8716704066583,13.963515123977089,-14.195948715647198,0,-28.159463839624287,0,0,15.17358902191242
0.00075049999999999997,13.95237372128812,250.0224752454929,13.965966212293205,-14.259833872339973,0,-28.225800084633175,13.592491005084398,0,-9.6163748840961105
0.00075099999999999993,13.948399399307645,250.03353771541333,13.977036231048556,-14.26568544429303,0,-28.242721675341585,28.636831740911624,0,-7.7615983374765776
0.0007515,13.951456213523047,247.87689238670953,13.993171337837136,-14.210913613026104,0,-28.204084950863244,41.715124314089152,0,20.426299058693438
0.00075199999999999996,13.959777866106224,243.84827968976504,14.009497756457401,-14.101700022224506,0,-28.111197778681905,49.719890351177696,0,70.601569586365173
0.00075249999999999991,13.970243679039818,238.52105025925766,14.020574585308733,-13.952030855876391,0,-27.97260544118512,50.330906268914319,0,135.06045766634773
0.00075299999999999998,13.978862105076109,232.65753798506142,14.021232206669259,-13.781533579055997,0,-27.802765785725253,42.37010159314989,0,203.93155267973799
0.00075349999999999994,13.981387071131728,227.09160480389139,14.007367352878148,-13.612452156026038,0,-27.619819508904186,25.980281746420516,0,266.69645179620545
0.000754,13.973972211191418,222.60045779894605,13.97657282152193,-13.466227141150037,0,-27.44279996267197,2.6006103305117776,0,313.80648233936449
0.00075449999999999996,13.958896856800942,42.408335012040027,2.4684680143793898,-2.4684680143793898,-11.490428842421551,-16.42736487118033,0,0,348.48485805509637
0.00075499999999999992,13.944363908485689,-247.63872639497868,-14.179596498811637,13.944363908485689,-28.123960407297329,0,0,0,385.55524519668319
0.00075549999999999999,13.933275902768257,-249.7785628381171,-14.243255658437791,13.94700229617197,-28.190257954609763,0,0,13.726393403712855,410.18161586513042
0.00075599999999999994,13.929414331805406,-249.76760507981706,-14.24857389328535,13.958288925872312,-28.206862819157664,0,0,28.874594066906326,408.02826189108521
0.00075650000000000001,13.932624575677979,-247.58128086088684,-14.193043715725276,13.974636871491951,-28.16768058721723,0,0,42.012295813971292,379.45275758418836
0.00075699999999999997,13.941116187685509,-243.51990606053764,-14.082964223728847,13.991140633158661,-28.074104856887512,0,0,50.024445473152774,328.86040817183999
0.00075749999999999993,13.951742576023747,-238.16188599098638,-13.932456124415364,14.002333806327934,-27.934789930743296,0,0,50.591230304186247,264.01898066928476
0.00075799999999999999,13.960488488913445,-232.27431282538342,-13.761277826304324,14.003031391553334,-27.764309217857658,0,0,42.542902639889427,194.85853111983786
0.00075849999999999995,13.963089988125605,-226.69478120454195,-13.591780584104539,13.989127204161518,-27.580907788266057,0,0,26.037216035912792,131.94175721521043
0.00075900000000000002,13.955691411851264,-222.20263432856265,-13.445472168431966,13.958224018634604,-27.403696187066569,0,0,2.5326067833404622,84.840503194484668
0.00075949999999999998,13.940645309010737,-41.321326299724724,-2.405196342974691,2.405196342974691,-16.345841651985427,-11.535448966036046,0,0,50.193417508895365
0.00075999999999999993,13.926131362827489,247.4637761749764,13.926131362827489,-14.165392714674795,0,-28.091524077502282,0,0,13.205415012520113
0.0007605,13.915110762682982,249.58909015061693,13.92903094986643,-14.228759245762214,0,-28.157790195628646,13.920187183447318,0,-11.204870331552478
0.00076099999999999996,13.911402962194039,249.5470200203624,13.940623476648303,-14.233323852678593,0,-28.173947329326896,29.220514454265086,0,-8.6328941912591617
0.00076149999999999992,13.914826962339662,247.31780435671828,13.957273760810661,-14.17669510190836,0,-28.133968862719023,42.446798471000051,0,20.498864106829902
0.00076199999999999998,13.923557488260668,243.20837915487616,13.974029427745778,-14.065341546714398,0,-28.039370974460176,50.471939485109353,0,71.699204143195345
0.00076249999999999994,13.934410048301865,237.8045563023897,13.985385781349381,-13.913580549117137,0,-27.898966330466518,50.975733047515725,0,137.10673746342491
0.00076300000000000001,13.943334253583542,231.88048011733559,13.986133975624986,-13.741364061702136,0,-27.727498037327123,42.799722041444198,0,206.7044751390263
0.00076349999999999996,13.946039184793396,226.27935972862329,13.972162048921316,-13.571204024432525,0,-27.543366073353841,26.122864127920693,0,269.86282149821625
0.00076399999999999992,13.93865447922013,221.78385597864104,13.94108590459917,-13.424711420731278,0,-27.365797325330451,2.4314253790398723,0,316.97329824745231
0.00076449999999999999,13.923641709823618,39.840475623562156,2.3190002561171994,-2.3190002561171994,-11.604641453706421,-16.24264196594082,0,0,351.60303947594889
0.00076499999999999995,13.909145466502617,-247.34756372643591,-14.153522858155576,13.909145466502617,-28.062668324658198,0,0,0,388.50113079558679
0.00076550000000000001,13.898204253875555,-249.45546846886197,-14.216545189396298,13.912371381951429,-28.128916571347727,0,0,14.167128075873443,412.64724521222257
0.00076599999999999997,13.894686275294299,-249.37447464382717,-14.220168195876589,13.924349088162501,-28.144517284039093,0,0,29.662812868201613,409.54809296394217
0.00076649999999999993,13.898377489654461,-247.09078830873585,-14.162143504650496,13.941381750403879,-28.103525255054375,0,0,43.004260749417931,379.70744555830538
0.000767,13.907408403745997,-242.91969958879116,-14.049152849856826,13.958456519973966,-28.007609369830796,0,0,51.048116227968379,327.72555515155244
0.00076749999999999995,13.91854593505783,-237.45647521442461,-13.89576406461318,13.970018682283035,-27.865782746896219,0,0,51.472747225205147,261.58384114890788
0.00076800000000000002,13.927694194588884,-231.48436235722306,-13.722178364935468,13.970827485757985,-27.693005850693456,0,0,43.133291169100687,191.41186545413942
0.00076849999999999998,13.930526830015165,-225.85392473477145,-13.551117497846541,13.956762041019104,-27.507879538865645,0,0,26.235211003938822,127.92707667039357
0.00076899999999999994,13.923153532509637,-221.35230383157256,-13.404330666853744,13.925453632238844,-27.329784299092591,0,0,2.3000997292062593,80.787645965993505
0.0007695,13.908177843576564,-37.998313093898133,-2.2117732385869702,2.2117732385869702,-16.119951082163535,-11.696404604989594,0,0,46.158270843320196
0.00076999999999999996,13.893697700064251,247.29272688229025,13.893697700064251,-14.144209368515165,0,-28.037907068579415,0,0,9.3540087398396139
0.00077049999999999992,13.882846683214225,249.38036660436487,13.89731041661261,-14.206834505347134,0,-28.104144921959744,14.463733398384022,0,-14.486098757429119
0.00077099999999999998,13.879551764274906,249.25295306589771,13.909746685218177,-14.209334178221741,0,-28.119080863439919,30.194920943272376,0,-10.761346700282566
0.00077149999999999994,13.883559512658927,246.90383268419177,13.927235400412011,-14.149630942284373,0,-28.076866342696384,43.675887753084226,0,19.927587575167276
0.00077200000000000001,13.892947363767602,242.65834925101331,13.944690603108434,-14.034662914713646,0,-27.979353517822076,51.743239340831323,0,72.849566313591069
0.00077249999999999997,13.90442367308883,237.12318393884729,13.956496860693028,-13.879300145845336,0,-27.835797006538364,52.073187604197017,0,139.87850642681781
0.00077299999999999992,13.91383751269284,231.09260150859151,13.957374394308388,-13.704045341275576,0,-27.661419735583966,43.536881615547799,0,210.7486709244439
0.00077349999999999999,13.916819463179806,225.42609432156266,13.943190918878523,-13.531874680411624,0,-27.475065599290147,26.371455698716733,0,274.63582923620243
0.00077399999999999995,13.909454707484464,220.9162768636422,13.911595633526593,-13.384705763690363,0,-27.296301397216958,2.140926042128136,0,321.82075476590165
0.00077450000000000001,13.894519717179785,35.835617999272699,2.0858889362576676,-2.0858889362576676,-11.808630780922115,-15.980408653437452,0,0,356.46614351775048
0.00077499999999999997,13.88005379347632,-247.29792071544387,-14.137545790549435,13.88005379347632,-28.017599584025756,0,0,0,393.17257029950451
0.00077549999999999993,13.869301457866102,-249.36319607552139,-14.19973752609037,13.884103272198866,-28.083840798289238,0,0,14.801814332763648,416.67048779905252
0.000776,13.866256921541856,-249.18336998265644,-14.200969876087758,13.897059375202531,-28.098029251290288,0,0,30.802453660674821,412.23610208156316
0.00077649999999999996,13.870622245135545,-246.75980624907737,-14.13935664271445,13.915066250780194,-28.054422893494646,0,0,44.444005644648847,380.57958579958051
0.00077699999999999991,13.880414487164806,-242.4292418104942,-14.022125995671134,13.93295410949616,-27.955080105167298,0,0,52.539622331354074,326.58097758800113
0.00077749999999999998,13.892275054231011,-236.8113719898505,-13.86449214741361,13.945037470042379,-27.809529617455993,0,0,52.762415811369713,258.53174198199486
0.00077799999999999994,13.901989785639136,-230.71309628090657,-13.687303153646162,13.945991013876661,-27.633294167522827,0,0,44.001228237525162,186.8540642786466
0.0007785,13.905139444604703,-225.00422373698478,-13.513828722135631,13.93166837145912,-27.445497093594753,0,0,26.528926854416319,122.49569297218315
0.00077899999999999996,13.897780434767267,-220.48378812135735,-13.366183198676291,13.899738218311793,-27.265921416988082,0,0,1.9577835445254763,75.247542225148649
0.00077949999999999992,13.882889404135115,-33.393885965985156,-1.9437626909772359,1.9437626909772359,-15.826652095112351,-11.939126713157879,0,0,40.567127029424455
0.00077999999999999999,13.868435589034506,247.36377474836104,13.868435589034506,-14.133661270929892,0,-28.002096859964396,0,0,3.9589477761445835
0.00078049999999999994,13.85778902636843,249.40466113824826,13.872965743652877,-14.195382555011319,0,-28.068348298664198,15.17671728444774,0,-19.167745252271647
0.00078100000000000001,13.8550186249983,249.16690312056073,13.886495318173678,-14.195213573312037,0,-28.081708891485711,31.476693175377243,0,-13.95209656161596
0.00078149999999999997,13.859777269760244,246.66075246055618,13.905074313746715,-14.131480042013925,0,-28.036554355760636,45.297043986471245,0,18.774745936687086
0.00078199999999999993,13.870015077324469,242.23560705499045,13.923439664317984,-14.011732401283473,0,-27.935172065601456,53.424586993513941,0,73.967651575695427
0.00078249999999999999,13.882299077599752,236.52564136783926,13.935827812863453,-13.851567696919572,0,-27.787395509783021,53.528735263700135,0,143.15142426905166
0.00078299999999999995,13.892344745796002,230.35182294279775,13.936862524616044,-13.672218407061461,0,-27.609080931677504,44.517778820041627,0,215.72978470690626
0.00078350000000000002,13.895677295613043,224.59545729392232,13.922381428647423,-13.497281181381219,0,-27.419662610028638,26.704133034381066,0,280.61725299458959
0.00078399999999999997,13.888320894186702,220.06274311630196,13.890074485009039,-13.34908973782488,0,-27.239164222833917,1.7535908223369603,0,327.94261689890783
0.00078449999999999993,13.873476876096545,30.721716077209237,1.7882233165226964,-1.7882233165226964,-12.08525355957385,-15.661700192619241,0,0,362.67593613684789
0.000785,13.859032860608679,-247.48697300568091,-14.132553991798984,13.859032860608679,-27.991586852407664,0,0,0,399.18539372637576
0.00078549999999999996,13.848496683759912,-249.5022650979852,-14.193785844633949,13.864075996248943,-28.057861840882893,0,0,15.579312489031508,421.91825894566745
0.00078599999999999991,13.846017676652984,-249.20270888179454,-14.19212297080373,13.878219240653765,-28.070342211457497,0,0,32.201564000781481,415.86598119228063
0.00078649999999999998,13.851196234434349,-246.60799464154036,-14.126115535508717,13.897411430540457,-28.023526966049175,0,0,46.215196106107335,381.98883176601879
0.00078699999999999994,13.861910684914358,-242.08105584495965,-14.003658087222812,13.916288930143592,-27.919947017366407,0,0,54.378245229234317,325.50898557027097
0.00078750000000000001,13.874648026628973,-236.27161430745426,-13.840758398766747,13.929003645573912,-27.769762044340663,0,0,54.355618944938307,255.09933872024502
0.00078799999999999996,13.885047762518594,-230.01580642512607,-13.659063123979516,13.930123786692858,-27.589186910672378,0,0,45.07602417426429,181.54414038333863
0.00078849999999999992,13.888574849038712,-224.20740025891448,-13.48252295294499,13.915468884718985,-27.397991837663977,0,0,26.89403568027349,116.0782734152325
0.00078899999999999999,13.881218133256917,-219.66044263071763,-13.333711272143434,13.882750969829242,-27.216462241972678,0,0,1.5328365723245412,68.66092241226761
0.00078949999999999995,13.866423634014133,-27.866382554352988,-1.6220225102530179,1.6220225102530179,-15.488446144267151,-12.244401123761115,0,0,33.855113902627302
0.00079000000000000001,13.8519869618288,247.66628982690523,13.8519869618288,-14.134258848818044,0,-27.986245810646842,0,0,-2.5586156641588786
0.00079049999999999997,13.841564300575696,249.65486746362544,13.857568554026612,-14.194981360656858,0,-28.052549914683468,16.004253450916238,0,-24.882634946865455
0.00079099999999999993,13.839389964170115,249.29020279259075,13.872357019815086,-14.191743914138632,0,-28.064100933953714,32.967055644970415,0,-17.952054907086353
0.00079149999999999999,13.845009069353685,246.60195795941337,13.892194265762829,-14.12333378182807,0,-28.015528047590898,47.185196409143352,0,17.136870225149629
0.00079199999999999995,13.856224166317807,241.96738423590264,13.911610260339456,-13.998009499830475,0,-27.909619760169928,55.386094021649875,0,74.975083422860038
0.00079249999999999991,13.869437671717915,236.05265663603814,13.9246673947926,-13.832213472235097,0,-27.756880867027697,55.229723074684856,0,146.68074607599493
0.00079299999999999998,13.880208720769595,229.70996702901667,13.925874957219314,-13.64803067765814,0,-27.573905634877452,45.666236449719186,0,221.27076242804813
0.00079349999999999993,13.883938454829968,223.84627551709559,13.911033127904231,-13.469786473567758,0,-27.380819601471988,27.094673074263731,0,287.35202400502419
0.000794,13.876578223062776,219.28393789594151,13.877877032665348,-13.320307853377908,0,-27.198184886043258,1.2988096025722626,0,334.87194969044475
0.00079449999999999996,13.861835338581402,24.881420146623725,1.4482763769631184,-1.4482763769631184,-12.413558961618286,-15.310111715544521,0,0,369.76776702284741
0.00079499999999999992,13.847403443382463,-247.89660311086274,-14.138679337009274,13.847403443382463,-27.986082780391737,0,0,0,406.08865025023414
0.00079549999999999998,13.837094910606151,-249.85820558057654,-14.198891568271428,13.853536817738378,-28.052428386009808,0,0,16.44190713222752,427.99561742178105
0.00079599999999999994,13.835231766559769,-249.42686236641327,-14.194042527020944,13.868987963819437,-28.063030490840383,0,0,33.756197259669285,420.16231405397912
0.00079650000000000001,13.841302484933507,-246.64240599465126,-14.123160753214121,13.889488607526069,-28.012649360740188,0,0,48.186122592560558,383.82433034207293
0.00079699999999999997,13.853031661474926,-241.89677556779131,-13.994877779142108,13.909458774519718,-27.904336553661828,0,0,56.427113044792932,324.58297245059754
0.00079749999999999992,13.866734455302202,-235.87308830095319,-13.826083232887214,13.9228680303098,-27.748951263197018,0,0,56.133575007597841,251.53563089773536
0.00079799999999999999,13.877886855302766,-229.44012764317696,-13.639314754671274,13.924164174694511,-27.563478929365786,0,0,46.277319391745181,175.87112293877772
0.00079849999999999995,13.881823726143391,-223.51854828466838,-13.459286302851089,13.909126620492154,-27.368412923343243,0,0,27.302894348762507,109.14688508434773
0.00079900000000000001,13.874457155095488,-218.9394066644843,-13.309089874851015,13.875513561724354,-27.184603436575372,0,0,1.0564066288661849,61.513282590414477
0.00079949999999999997,13.859767151493367,-21.817061337606543,-1.2699088060011121,1.2699088060011121,-15.129675957494479,-12.589858345492255,0,0,26.509476730719438
0.00079999999999999993,13.845337409534499,248.17502784075577,13.845337409534499,-14.145758928808139,0,-27.991096338342636,0,0,-9.7246933645006273
0.0008005,13.835142155579906,250.10946210274014,13.852028805522181,-14.205458372013428,0,-28.057487177535609,16.886649942274651,0,-31.214026624558134
0.00080099999999999995,13.833592626797937,249.61044369446356,13.868151059191074,-14.198972909197213,0,-28.067123968388287,34.558432393136627,0,-22.46770400371847
0.00080149999999999991,13.840119832236986,246.72815627667259,13.889323789223029,-14.125576651454223,0,-28.014900440677252,49.203956986042684,0,15.137327569554852
0.00080199999999999998,13.852369137889982,241.86949796718878,13.909855088870346,-13.994281034099309,0,-27.904136122969653,57.485950980364699,0,75.804366638676143
0.00080249999999999994,13.866566936641469,235.73484325000703,13.923619964155655,-13.822431222316263,0,-27.74605118647192,57.053027514186233,0,150.21674240173152
0.000803,13.87810457792245,229.20987413779864,13.925003514520862,-13.633025856101433,0,-27.558029370622297,46.898936598411161,0,226.97622025757605
0.00080349999999999996,13.882249408910981,223.229189948228,13.909763867072597,-13.451174520419256,0,-27.360938387491853,27.514458161614854,0,294.35795786268579
0.00080399999999999992,13.874873453669109,218.63270286557912,13.875682513837038,-13.300238850174841,0,-27.175921364011877,0.80906016792891933,0,342.11180979670024
0.00080449999999999999,13.860236951567774,18.729123443304786,1.0901687638535051,-1.0901687638535051,-12.770068187714269,-14.950405715421279,0,0,377.23844172329086
0.00080499999999999994,13.845806720488579,-248.4948513222848,-14.155310979522151,13.845806720488579,-28.001117700010727,0,0,0,413.39180610663345
0.00080550000000000001,13.835721442229632,-250.40280285145124,-14.214514628879529,13.853050179532842,-28.067564808412371,0,0,17.328737303208896,434.46976246711029
0.00080599999999999997,13.834481214022023,-249.83688278709869,-14.206412422791496,13.869837819422235,-28.076250242213735,0,0,35.35660540021145,424.81757411904107
0.00080649999999999993,13.841460204810556,-246.85746557582161,-14.130519682739152,13.891677773853708,-28.02219745659286,0,0,50.217569043152949,385.95200451360665
0.00080699999999999999,13.854225112713539,-241.88626112687535,-13.996223615734181,13.912766519693825,-27.908990135428009,0,0,58.54140698028602,323.8637632222177
0.00080749999999999995,13.868913954205802,-235.64079444051526,-13.821321788709922,13.92688445291731,-27.748206241627237,0,0,57.970498711509372,248.0878380282098
0.00080800000000000002,13.880833581276597,-229.02359962926295,-13.629272284122193,13.928353564880521,-27.557625849002715,0,0,47.519983603923912,170.23152949263411
0.00080849999999999997,13.885183689794632,-222.98324318907106,-13.445580627187194,13.912910009577567,-27.35849063676476,0,0,27.726319782935114,102.18741660273831
0.00080899999999999993,13.877795855918393,-218.36858067333623,-13.29388022568607,13.878357741350733,-27.172237967036807,0,0,0.56188543234072341,54.306377274236723
0.0008095,13.863212363824163,-15.668147522421435,-0.91199810114437341,0.91199810114437341,-14.775210464968536,-12.951214262679789,0,0,19.042919548362242
0.00080999999999999996,13.848779034970624,248.85177930038833,13.848779034970624,-14.167194227754202,0,-28.015973262724827,0,0,-17.038506253923913
0.00081049999999999991,13.838799084204233,250.73395943399964,13.856561735553614,-14.225916403018109,0,-28.082478138571727,17.76265134938172,0,-37.718645432765754
0.00081099999999999998,13.837859896276671,250.10244306129746,13.874000199426373,-14.2162282096703,0,-28.090228409096675,36.140303149702198,0,-27.181515413643769
0.00081149999999999994,13.845279935508787,247.02762588289718,13.896492997270428,-14.137882200480838,0,-28.034375197751267,51.21306176164245,0,12.919096999782472
0.000812,13.858548670335663,241.94579007687972,13.918126857477031,-14.000635308969603,0,-27.918762166446633,59.578187141368048,0,76.402019849301112
0.00081249999999999996,13.873717284074548,235.59133377497977,13.932589105960398,-13.822730191774182,0,-27.75531929773458,58.871821885850338,0,153.51775919648529
0.00081299999999999992,13.886009559105908,228.88336710750397,13.934139601602112,-13.628076817821215,0,-27.562216419423326,48.13004249620402,0,232.45347974741586
0.00081349999999999999,13.890558640475774,222.78418967838854,13.918492773874826,-13.44256995741395,0,-27.361062731288776,27.934133399051184,0,301.15159306096695
0.00081399999999999994,13.883156257696662,218.15144460543377,13.883474499219014,-13.29010998221408,0,-27.173584481433092,0.31824152235206782,0,349.16198559682425
0.00081450000000000001,13.868624459417866,12.689598298379167,0.738625260953512,-0.738625260953512,-13.129999198464354,-14.607249720371378,0,0,384.57216355617658
0.00081499999999999997,13.854185495899472,-249.23779035780248,-14.181140587110994,13.854185495899472,-28.035326083010467,0,0,0,420.59011694580693
0.00081549999999999993,13.844303927454369,-251.09578624402323,-14.23941524146713,13.862482839972603,-28.101898081439735,0,0,18.178912518234412,440.8925210960125
0.00081599999999999999,13.843651062239113,-250.40172285280437,-14.22821581281117,13.880543928421707,-28.108759741232877,0,0,36.892866182593309,429.50825469307188
0.00081649999999999995,13.851492215707188,-247.23550877437054,-14.147519477212613,13.903662178559275,-28.051181655771892,0,0,52.16996285208689,388.22183711743304
0.00081699999999999991,13.8652428605824,-242.04734684128314,-14.007435961148076,13.925818675306767,-27.933254636454844,0,0,60.575814724365912,323.39692560040584
0.00081749999999999998,13.880870737298233,-235.58781869810821,-13.826634497313625,13.940610832766112,-27.767245330079739,0,0,59.740095467878938,244.9891447879568
0.00081799999999999993,13.893519567770062,-228.7919923984999,-13.62945979783048,13.942238107325052,-27.571697905155535,0,0,48.718539554990279,165.00941927876235
0.0008185,13.898258106387354,-222.63545052551359,-13.442182791240178,13.926393258122689,-27.368576049362868,0,0,28.135151735334652,95.674989879979009
0.00081899999999999996,13.890839221654009,-217.98440991745559,-13.28896378387825,13.890922483752043,-27.179886267630295,0,0,0.083262098033983989,47.532745233864141
0.00081949999999999992,13.876356488661244,-9.841653164605388,-0.57285451170263779,0.57285451170263779,-14.449211000363881,-13.303501976958607,0,0,11.967886660273743
0.00081999999999999998,13.861909475138432,249.64750170398639,13.861909475138432,-14.196934983321999,0,-28.058844458460428,0,0,-23.997662267220647
0.00082049999999999994,13.852118207405056,251.48286220467753,13.870690694143507,-14.25479187247279,0,-28.125482566616299,18.572486738451317,0,-43.949044273854796
0.00082100000000000001,13.851733416600508,250.7297340717443,13.889338124193877,-14.242164537366993,0,-28.131502661560873,37.604707593368317,0,-31.768087575020633
0.00082149999999999996,13.859970255326585,247.47703850528293,13.913045618620703,-14.159242994180621,0,-28.072288612801323,53.075363294117892,0,10.637300832058195
0.00082199999999999992,13.874174218215902,242.18817432629777,13.935694174132257,-14.016471424905367,0,-27.952165599037624,61.519955916355016,0,76.730885426644079
0.00082249999999999999,13.890234057033176,235.62906450803646,13.950795973626008,-13.832923440246091,0,-27.783719413872099,60.561916592832148,0,156.36191267669591
0.00082299999999999995,13.903217655782816,228.74990137000069,13.952493158590242,-13.633355750199236,0,-27.58584890878948,49.275502807426285,0,237.33181471874076
0.00082350000000000001,13.908132727833955,222.53885170831691,13.936457826530278,-13.444395587739349,0,-27.380853414269627,28.325098696322918,0,307.27200216486972
0.00082399999999999997,13.900660646883649,36.64686919114132,2.133109550275794,-2.133109550275794,-11.767551096607853,-16.033770197159441,0,0,355.48162239678288
0.00082449999999999993,13.886188329708341,7.287038377477927,0.42415768384334385,-0.42415768384334385,-13.462030645864999,-14.310346013551685,0,0,391.13241403392482
0.000825,13.871731080015778,-250.05912256486323,-14.213832738180464,13.871731080015778,-28.085563818196242,0,0,0,427.05224462885957
0.00082549999999999995,13.862015830647136,-251.87467484584073,-14.271322909649806,13.880933472569778,-28.152256382219583,0,0,18.917641922642083,446.69399162578173
0.00082599999999999991,13.861862970653426,-251.06962855788726,-14.257438276168276,13.900091969591985,-28.157530245760263,0,0,38.228998938559073,433.81059911733763
0.00082649999999999998,13.870443606617151,-247.74077730999369,-14.172554434486006,13.924312790236138,-28.096867224722146,0,0,53.869183618986497,390.41831881555566
0.00082699999999999994,13.885041674176705,-242.36309267014997,-14.027408647701062,13.947388688464253,-27.97479733616532,0,0,62.347014287547296,323.20520580842339
0.0008275,13.90147633553909,-235.71598794914007,-13.841429938146666,13.962756545887988,-27.804186484034652,0,0,61.280210348897732,242.49392869065295
0.00082799999999999996,13.914748553724785,-228.76298931452402,-13.639738096628029,13.964507684637958,-27.604245781265991,0,0,49.759130913173493,160.64864148228747
0.00082849999999999992,13.919812061084954,-222.50339439160751,-13.449275360524654,13.948295627559975,-27.397570988084631,0,0,28.483566475021767,90.171782905394522
0.00082899999999999998,13.912265307959009,-34.522271562287969,-2.009442792579176,2.009442792579176,-15.921708100538185,-11.902822515379833,0,0,41.936861582859912
0.00082949999999999994,13.897780908887736,-5.1196247270960002,-0.29799872786503784,0.29799872786503784,-14.195779636752773,-13.599782181022698,0,0,6.2340015142008198
0.00083000000000000001,13.883311589877962,250.45983736985534,13.883311589877962,-14.231291301768088,0,-28.114602891646051,0,0,-29.657877063942184
0.00083049999999999997,13.873656006097811,252.25931086895494,13.892860686802152,-14.288486211784116,0,-28.181346898586266,19.204680704340863,0,-49.050227006799886
0.00083099999999999992,13.873692605813202,251.41127547427135,13.912441300245238,-14.273559986799626,0,-28.186001287044864,38.748694432035549,0,-35.588274289731089
0.00083149999999999999,13.882556044120244,248.01906956078503,13.937086620937068,-14.187042420321687,0,-28.124129041258758,54.530576816823675,0,8.6220671061255061
0.00083199999999999995,13.897479082375323,242.56731277533726,13.960515731759013,-14.039915062163464,0,-28.000430793922476,63.036649383689991,0,76.766533191150984
0.00083250000000000002,13.914222891609251,235.84667894617399,13.9761025249404,-13.851903532981522,0,-27.828006057921922,61.879633331148,0,158.37919185745869
0.00083299999999999997,13.927732558622454,228.83183264137,13.977895667198766,-13.648430820650356,0,-27.62632648784912,50.163108576311252,0,240.95763020191396
0.00083349999999999993,13.932916637101032,222.53137671688404,13.961532861596789,-13.456702356546117,0,-27.418235218142907,28.616224495756875,0,311.88738525162387
0.000834,13.925305246921349,32.8010984924735,1.9092582258226187,-1.9092582258226187,-12.016047021098728,-15.834563472743968,0,0,360.15139349190201
0.00083449999999999996,13.91080727165126,3.3553407521592931,0.19530479849532867,-0.19530479849532867,-13.715502473155929,-14.106112070146589,0,0,395.90660135439816
0.00083499999999999991,13.896324390577183,-250.84156843261221,-14.248912203204103,13.896324390577183,-28.145236593781291,0,0,0,431.78569146654274
0.00083549999999999998,13.886711631325902,-252.62915429946179,-14.3058948596678,13.906141919366405,-28.212036779034211,0,0,19.430288040503733,450.98875218479753
0.00083599999999999994,13.886893333832182,-251.74783579617824,-14.290163304698298,13.926051532827545,-28.216214837525843,0,0,39.158198995362632,437.07565756699023
0.0008365,13.89597589623606,-248.30597385989211,-14.202364938685083,13.951028924418845,-28.153393863103926,0,0,55.053028182784651,392.22182192325948
0.00083699999999999996,13.91115197217893,-242.79570757410235,-14.053671204169687,13.974734764160159,-28.028405968329846,0,0,63.58279198122888,323.3404234351774
0.00083749999999999992,13.92813694945553,-236.0165694493152,-13.864040654409692,13.990492585167434,-27.854533239577126,0,0,62.35563571190518,241.01049864040041
0.00083799999999999999,13.941831493715474,-228.95206046192052,-13.659136439923827,13.992316469299956,-27.651452909223785,0,0,50.48497558448102,157.84437536722058
0.00083849999999999994,13.947107918171891,-222.61824145336274,-13.466374516670442,13.975830597521174,-27.442205114191616,0,0,28.722679349283567,86.546376716115802
0.00083900000000000001,13.939442090496428,-31.484716177230151,-1.832635372344632,1.832635372344632,-15.772077462841059,-12.106806718151796,0,0,38.248479725136228
0.00083949999999999997,13.924929397013351,-1.9950552099987811,-0.1161264636162862,0.1161264636162862,-14.041055860629637,-13.808802933397065,0,0,2.4399046200283792
0.00083999999999999993,13.910431813049778,251.20026647023158,13.910431813049778,-14.266408812126093,0,-28.176840625175871,0,0,-33.442331136506098
0.00084049999999999999,13.900845938055934,252.97962667654633,13.920442600062021,-14.32324835386145,0,-28.243690953923473,19.596662006088025,0,-52.51573820262476
0.00084099999999999995,13.901130134323084,252.07403204089053,13.940591040869716,-14.306928835680155,0,-28.247519876549873,39.460906546631719,0,-38.276561828897513
0.00084149999999999991,13.910370209729342,248.59552853336615,13.965810230524509,-14.218183739417379,0,-28.183993969941888,55.440020795167243,0,7.0491423114717229
0.00084199999999999998,13.925729267740955,243.04181956104631,13.989717352903638,-14.068324896320981,0,-28.05804224922462,63.98808516268285,0,76.475318336199933
0.00084249999999999993,13.942888758257226,236.21902014928062,14.005598256047112,-13.877483809555036,0,-27.883082065602146,62.709497789885042,0,159.33908673485288
0.000843,13.956716253542835,229.11721711581177,14.007440914003302,-13.671502459100344,0,-27.678943373103646,50.724660460468044,0,242.94623212186738
0.00084349999999999996,13.962056903958207,222.75804830457164,13.990858955904013,-13.477954009119278,0,-27.468812965023293,28.802051945806909,0,314.52507852467738
0.00084399999999999992,13.954346128491011,30.572445536504063,1.779534704835509,-1.779534704835509,-12.174811423655502,-15.73388083332652,0,0,362.8575371997614
0.00084449999999999998,13.939817918050105,1.0402761436515675,0.060551502104402743,-0.060551502104402743,-13.8792664159457,-14.000369420154508,0,0,398.71771812328006
0.00084499999999999994,13.925304833283786,-251.52930058891252,-14.283423604373368,13.925304833283786,-28.208728437657154,0,0,0,434.61631003982671
0.00084550000000000001,13.915729949565122,-253.30446362153049,-14.340199281534723,13.935432570488063,-28.275631852022787,0,0,19.702620922939815,453.61786141388342
0.00084599999999999996,13.91607365366591,-252.3840835334114,-14.323522813124052,13.95572877331951,-28.279251586443564,0,0,39.655119653600678,439.17708697113466
0.00084649999999999992,13.925409176024871,-248.88240316484348,-14.234178047140652,13.981099235035639,-28.215277282176295,0,0,55.690059010768621,393.55096935804607
0.00084699999999999999,13.94088094337598,-243.30059902869368,-14.083563806590611,14.005132724851725,-28.088696531442341,0,0,64.251781475745219,323.77162382084072
0.00084749999999999995,13.958148500526177,-236.44900193114896,-13.891921846335887,14.021089925659345,-27.91301177199523,0,0,62.941425133168508,240.55604629512277
0.00084800000000000001,13.972057651014007,-229.3220099473462,-13.685210731438122,14.022940757314535,-27.708151488752659,0,0,50.883106300527466,156.65231827818877
0.00084849999999999997,13.977435254838634,-222.94500618228548,-13.491108656117538,14.006290674057137,-27.497399330174673,0,0,28.855419218502824,84.877467396492534
0.00084899999999999993,13.969689458639687,-30.051327899802988,-1.7492019361106752,1.7492019361106752,-15.718891394750361,-12.220487522529012,0,0,36.507999052437754
0.00084949999999999999,13.955145273883165,-0.47751395079734299,-0.027794722750339628,0.027794722750339628,-13.982939996633505,-13.927350551132825,0,0,0.59721183616170492
0.00084999999999999995,13.940616231432481,251.82622616238351,13.940616231432481,-14.29972191835359,0,-28.240338149786069,0,0,-35.331209020315754
0.00085049999999999991,13.931037837273422,253.60055064581007,13.950790206613656,-14.356496260546397,0,-28.307286467160051,19.752369340233365,0,-54.316213659411943
0.00085099999999999998,13.931401199109077,252.6738543399444,13.971149025103921,-14.339667052837752,0,-28.310816077941674,39.747825994844845,0,-39.791718167835938
0.00085149999999999993,13.940774184106967,249.16132331391077,13.99658533015204,-14.250039054763054,0,-28.246624384915094,55.811146045072945,0,5.9721128295204977
0.000852,13.956292541112912,243.56575921331975,14.020673712102489,-14.099051353342714,0,-28.119725065445206,64.381170989577882,0,75.921763089132568
0.00085249999999999996,13.973605176474361,236.69954630879172,14.036661833842219,-13.906999025168979,0,-27.943660859011196,63.056657367857397,0,159.3139520597222
0.00085299999999999992,13.987546942969894,229.55924641418716,14.03850975183301,-13.69989874640261,0,-27.738408498235621,50.962808863114844,0,243.37349812198511
0.00085349999999999998,13.992935124979699,223.17218336577355,14.021817715130691,-13.505482652027712,0,-27.527300367158404,28.882590150992876,0,315.25962930795623
0.00085399999999999994,13.985163284790318,29.907834959800653,1.7408496220529663,-1.7408496220529663,-12.244313662737351,-15.726012906843284,0,0,363.66450579906541
0.00085450000000000001,13.970602989855607,0.29518491202952646,0.017181870343776495,-0.017181870343776495,-13.95342111951183,-13.987784860199383,0,0,399.6224270774137
0.00085499999999999997,13.956057853999434,-252.08607349508807,-14.315005051198957,13.956057853999434,-28.271062905198391,0,0,0,435.5912508872878
0.00085549999999999992,13.94646193789464,-253.8631902909014,-14.371849102744429,13.966208523041903,-28.338057625786334,0,0,19.74658514726331,454.61160536691114
0.00085599999999999999,13.9468060178191,-252.93886382986196,-14.355078640898732,13.986546727277412,-28.341625368176146,0,0,39.740709458312708,440.11700775470905
0.00085649999999999995,13.956159929161403,-249.42785936268157,-14.265486631807736,14.011966044128512,-28.277452675936246,0,0,55.806114967107497,394.37276686378118
0.00085700000000000001,13.971660732841379,-243.83268021303439,-14.114503335597162,14.036040792306672,-28.150544127903835,0,0,64.380059465292192,324.42916056713102
0.00085749999999999997,13.988957779899271,-236.96558295635646,-13.922419390638639,14.052017197233763,-27.974436587872404,0,0,63.059417334490803,241.0283733675831
0.00085799999999999993,14.002885427101385,-229.82319341824646,-13.715252150830052,14.05385293858993,-27.769105089419984,0,0,50.967511488545746,156.94681782871277
0.0008585,14.008259598944564,-223.43308172882627,-13.520739458892352,14.037145326966327,-27.557884785858683,0,0,28.885728021762787,85.028637495884936
0.00085899999999999995,14.000471195259287,-30.116878586618004,-1.7530174543025008,1.7530174543025008,-15.753488649561788,-12.247453740956786,0,0,36.587640089972538
0.00085949999999999991,13.985894962885254,-0.46753447016162358,-0.027213845695336216,0.027213845695336216,-14.01310880858059,-13.958681117189919,0,0,0.58513816653493933
0.00085999999999999998,13.971333906182617,252.30812872592048,13.971333906182617,-14.329104461154433,0,-28.300438367337048,0,0,-35.434628968880801
0.00086049999999999994,13.96170823654527,254.09089395985933,13.981399395793227,-14.386070526902323,0,-28.367469922695548,19.691159247957049,0,-54.538165320781957
0.000861,13.961998378311119,253.17634175192981,14.001642174907499,-14.369537161929376,0,-28.371179336836875,39.64379659638049,0,-40.177000723010423
0.00086149999999999996,13.971282448032362,249.677726869347,14.026969265375833,-14.280260041681291,0,-28.307229307057124,55.686817343470452,0,5.403939236514983
0.00086199999999999992,13.986707630907636,244.09563151433221,14.050967357729714,-14.129619636435907,0,-28.180586994165619,64.259726822077027,0,75.17934673955385
0.00086249999999999999,14.003933700138671,237.24027389726618,14.066892086347071,-13.937851899079332,0,-28.004743985426401,62.958386208400775,0,158.43278048178374
0.00086299999999999994,14.017804140968012,230.10643574543974,14.06870613857928,-13.730922959366032,0,-27.79962909794531,50.901997611268015,0,242.41041002333699
0.00086350000000000001,14.023141318016389,223.72031938082586,14.052006664971506,-13.536530730778583,0,-27.588537395750091,28.865346955117239,0,314.28405937300874
0.00086399999999999997,14.015344725139405,30.654270404783915,1.7842974966327461,-1.7842974966327461,-12.231047228506661,-15.799642221772151,0,0,362.75808232342547
0.00086449999999999993,14.000753007570287,0.97209577631753064,0.056582917722941772,-0.056582917722941772,-13.944170089847347,-14.057335925293229,0,0,398.80041232760971
0.00086499999999999999,13.986176481794578,-252.48915548909918,-14.341792046473262,13.986176481794578,-28.327968528267839,0,0,0,434.87863615502829
0.00086549999999999995,13.976509646295655,-254.28061798673298,-14.398939534647536,13.99609790040015,-28.395037435047691,0,0,19.588254104495256,454.10851272274613
0.00086599999999999991,13.97671310583727,-253.38324359475021,-14.382823654343721,14.016174570632836,-28.398998224976559,0,0,39.461464795565966,439.97710350168182
0.00086649999999999997,13.985879502877049,-249.90760963934127,-14.294134820652987,14.04133902750875,-28.335473848161737,0,0,55.459524631700084,394.69358692361317
0.00086699999999999993,14.0011746886299,-244.35072804667456,-14.144161630135114,14.065202269908573,-28.209363900043687,0,0,64.027581278672528,325.23723313677596
0.0008675,14.018278355102691,-237.5189067185074,-13.953035787942808,14.081039300222955,-28.034075088165764,0,0,62.760945120263329,242.27527874594313
0.00086799999999999996,14.032052089883317,-230.40328012856347,-13.746622893198328,14.082824272312608,-27.829447165510935,0,0,50.772182429291746,158.51676687907394
0.00086849999999999991,14.037331765340708,-224.02722676938262,-13.552539505391291,14.066156167772695,-27.618695673163984,0,0,28.824402431986243,86.756379986062115
0.00086899999999999998,14.029535818736763,-31.485616365265034,-1.8326877697181767,1.8326877697181767,-15.86222358845494,-12.196848049018586,0,0,38.249703380396625
0.00086949999999999994,14.014929326473634,-1.7736292995829466,-0.10323789401643879,0.10323789401643879,-14.118167220490074,-13.911691432457195,0,0,2.1711589010475265
0.00087000000000000001,14.000338041386209,252.63015752170452,14.000338041386209,-14.352973408080572,0,-28.35331144946678,0,0,-33.97287130293288
0.00087049999999999996,13.990620673611508,254.43252258976062,14.010065699835607,-14.410341748538377,0,-28.420407448373982,19.445026224099159,0,-53.367077750724391
0.00087099999999999992,13.990709829212861,253.55826000327875,14.029915863941717,-14.394786064543148,0,-28.424701928484865,39.206034728856046,0,-39.549107126826101
0.00087149999999999999,13.999717743070162,250.11440541407433,14.054856754546094,-14.30691141359145,0,-28.361768168137544,55.139011475931824,0,5.3200701055903217
0.00087199999999999995,14.014836071064515,244.59309426299356,14.078534025345435,-14.157881631709266,0,-28.236415657054703,63.697954280920946,0,74.32482569117488
0.00087250000000000001,14.031772558683722,237.7951724171611,14.09425098952493,-13.967683435575447,0,-28.061934425100379,62.478430841208827,0,156.86722258645403
0.00087299999999999997,14.045414791702402,230.70656506777149,14.09599943324922,-13.762039465719852,0,-27.85803889896907,50.584641546817259,0,240.30254098846129
0.00087349999999999993,14.050618601042325,224.34649286007397,14.079382599756748,-13.568447276815792,0,-27.647829876572541,28.763998714422925,0,311.88558573164545
0.00087399999999999999,14.042830889470931,32.57891560529788,1.8963255947683706,-1.8963255947683706,-12.14650529470256,-15.939156484239302,0,0,360.42099647878223
0.00087449999999999995,14.028210555385069,2.8416448776978314,0.16540402934542442,-0.16540402934542442,-13.862806526039648,-14.193614584730494,0,0,396.53019162464892
0.00087499999999999991,14.013605442885972,-252.72956492636828,-14.362496348324482,14.013605442885972,-28.376101791210452,0,0,0,432.74430361521814
0.00087549999999999998,14.003829196705079,-254.54517304169434,-14.420131014472391,14.023093867480652,-28.443224881953046,0,0,19.26467077557426,452.33530310104527
0.00087599999999999993,14.003779007082459,-253.69980123681569,-14.405276536076052,14.04266276157429,-28.447939297650343,0,0,38.883754491831667,438.90519548979216
0.0008765,14.012591569070324,-250.29602576132751,-14.318430606037563,14.067325501230261,-28.385756107267824,0,0,54.73393215993736,394.55476710616131
0.00087699999999999996,14.027491028110669,-244.81980772550511,-14.170599171924414,14.090771770856232,-28.261370942780648,0,0,63.280742745564325,326.11951618977082
0.00087749999999999992,14.0442206294404,-238.06505821152001,-13.98158496634,14.106341024633654,-28.087925990973655,0,0,62.120395193253565,244.10968382349375
0.00087799999999999998,14.057701002294021,-231.01107563761033,-13.776928915638168,14.108047768581365,-27.884976684219534,0,0,50.346766287343414,161.08823309298845
0.00087849999999999994,14.062813492774399,-224.67177973538799,-13.583977060127758,14.091501093606627,-27.675478153734385,0,0,28.687600832228448,89.73709245141373
0.00087900000000000001,14.055041951050297,-33.893737350721473,-1.9728576119359231,1.9728576119359231,-16.027899562986221,-12.082184339114374,0,0,41.173856418400895
0.00087949999999999996,14.0404089037301,-4.1346745083932683,-0.24066758977783387,0.24066758977783387,-14.281076493507934,-13.799741313952266,0,0,5.0381910778225318
0.00087999999999999992,14.025791091232724,252.78995511179107,14.025791091232724,-14.370342256167609,0,-28.396133347400333,0,0,-31.250128848385465
0.00088049999999999999,14.015949799514448,254.62027113153451,14.03500492616373,-14.428268265089004,0,-28.463273191252732,19.055126649280609,0,-51.064611036726589
0.00088099999999999995,14.015740836544181,253.80799075439003,14.05424921350561,-14.414215726666738,0,-28.46846494017235,38.508376961429093,0,-38.082621880213395
0.00088150000000000001,14.024328953798857,250.45063166832679,14.078589857919342,-14.328561196356882,0,-28.407151054276227,54.260904120485286,0,5.6640801595905117
0.00088199999999999997,14.038975930668274,245.02705110615003,14.101768152534749,-14.182129437221986,0,-28.283897589756737,62.792221866476211,0,73.432812726245501
0.00088249999999999993,14.055466435838623,238.323103834812,14.117166322917091,-13.994509835238205,0,-28.111676158155294,61.69988707846872,0,154.81566373330506
0.000883,14.068759950191625,231.31031702283087,14.11882625882939,-13.791030589284205,0,-27.909856848113595,50.066308637764585,0,237.3457974839699
0.00088349999999999995,14.07376814197489,224.99631626002437,14.102364867328857,-13.598858272125421,0,-27.701223139454278,28.596725353967912,0,308.41647006459044
0.00088399999999999991,14.066019316045267,35.393497748762115,2.0601543796761597,-2.0601543796761597,-12.005864936369107,-16.126173695721427,0,0,357.00329221311466
0.00088449999999999998,14.051374839922369,5.6174541019681214,0.32697595340670205,-0.32697595340670205,-13.724398886515665,-14.378350793329071,0,0,393.15951385523022
0.00088499999999999994,14.036745610521098,-252.81123351187875,-14.376433765890011,14.036745610521098,-28.413179376411112,0,0,0,429.5231341263061
0.0008855,14.026834194881257,-254.65782552683544,-14.434681551551304,14.045654323583143,-28.480335875134447,0,0,18.820128701886937,449.58185911615948
0.00088599999999999996,14.026449922936003,-253.88259897831102,-14.421527933679164,14.064537048365217,-28.486064982044383,0,0,38.087125429213771,437.09793748654516
0.00088649999999999992,14.034788930513795,-250.57737362759258,-14.337212965614773,14.088518749673767,-28.425731715288542,0,0,53.729819159971619,394.0259118999507
0.00088699999999999998,14.049155224530633,-245.21300039727282,-14.192357165906389,14.111398798427684,-28.303755964334076,0,0,62.24357389705083,327.00431846415609
0.00088749999999999994,14.065380023158975,-238.5662564331048,-14.006309517012907,14.126607592207979,-28.132917109220887,0,0,61.227569049004224,246.3260756457251
0.00088800000000000001,14.078466511921979,-231.59991818045566,-13.804158706357088,14.128217911539741,-27.932376617896828,0,0,49.751399617761528,164.34988262427592
0.00088849999999999997,14.083360509788372,-225.31453139676825,-13.612869496012774,14.111855574598078,-27.724725070610852,0,0,28.495064809705177,93.597804113407093
0.00088899999999999992,14.075641127748089,-37.035184787859357,-2.1557122916876139,2.1557122916876139,-16.231353419435703,-11.919928836060475,0,0,44.988460925811282
0.00088949999999999999,14.060986634122116,-7.2457505885983471,-0.42175443961777087,0.42175443961777087,-14.482741073739888,-13.639232194504345,0,0,8.8159719064887696
0.00088999999999999995,14.046347397647237,252.79729690116383,14.046347397647237,-14.380823666281312,0,-28.427171063928551,0,0,-27.624031400104364
0.00089049999999999991,14.036362959524723,254.66086075709305,14.054930853612104,-14.439403444041462,0,-28.494334297653566,18.567894087381703,0,-47.941879682404647
0.00089099999999999997,14.035792589192479,253.92504381227417,14.073426871169271,-14.427204819817943,0,-28.500631690987216,37.634281976793218,0,-35.991329779634924
0.00089149999999999993,14.043865837726818,250.67565035482482,14.097023838276794,-14.344324272781732,0,-28.441348111058527,53.158000549975021,0,6.3552842902279139
0.000892,14.057931946254207,245.37499878029234,14.119583791863752,-14.201165038065321,0,-28.32074882992907,61.651845609543777,0,72.570986452059628
0.00089249999999999996,14.073872225453808,238.79012997252005,14.13458942200039,-14.01681856408093,0,-28.15140798608132,60.717196546581754,0,152.48660382314281
0.00089299999999999991,14.086737116177089,231.87437642002919,14.136147418652019,-13.816115338117159,0,-27.952262756769176,49.410302474931143,0,233.86035879759001
0.00089349999999999998,14.091509607390531,225.62058111550621,14.119893950443469,-13.625800882158707,0,-27.745694832602176,28.384343052937183,0,304.26235111365179
0.00089399999999999994,14.083824870321356,38.78095317659006,2.2573284816859456,-2.2573284816859456,-11.826496388635412,-16.341153352007304,0,0,352.88997255026135
0.0008945,14.069161856401189,8.9828777156136539,0.52286764646096984,-0.52286764646096984,-13.546294209940221,-14.592029502862159,0,0,389.07288078667932
0.00089499999999999996,14.054514108502802,-252.74923580811168,-14.383502599012818,14.054514108502802,-28.438016707515622,0,0,0,425.58743776382414
0.00089549999999999992,14.044454779875025,-254.63056500013428,-14.442429832496771,14.062756983881362,-28.505186816378135,0,0,18.302204006338052,446.17340431426976
0.00089599999999999999,14.043690376108771,-253.93626377497384,-14.431238186511154,14.080847526112375,-28.512085712623531,0,0,37.157150003604912,434.78117562086896
0.00089649999999999994,14.051485618081212,-250.74576576082825,-14.349871969500086,14.104041052621929,-28.453913022122016,0,0,52.555434540715616,393.19655980592756
0.00089700000000000001,14.065237426640721,-245.51236034673593,-14.208504400274018,14.126265732681203,-28.334770132955224,0,0,61.028306040482363,327.82894027075287
0.00089749999999999997,14.080879939662269,-238.99279591837754,-14.025954627178891,14.141059430221103,-28.167014057399996,0,0,60.179490558834736,248.71698719478664
0.00089799999999999993,14.093513439539082,-232.13043415819521,-13.826780515703167,14.142564601360833,-27.969345117064005,0,0,49.051161821751286,167.97915613859192
0.00089849999999999999,14.098160119307508,-225.91000032788384,-13.637496540268762,14.12642832980705,-27.763924870075812,0,0,28.268210499542114,97.948137815495699
0.00089899999999999995,14.090515224116482,-40.588565264509306,-2.3625444167177596,2.3625444167177596,-16.45305964083424,-11.727970807398723,0,0,49.303256491831831
0.00089949999999999991,14.075845244705638,-10.785215666184156,-0.62777658902667632,0.62777658902667632,-14.703621833732315,-13.448068655678961,0,0,13.113933531195308
0.00089999999999999998,14.061190538568518,252.67193160866142,14.061190538568518,-14.3845852028815,0,-28.445775741450017,0,0,-23.473579368346321
0.00090049999999999993,14.051056511088648,254.57098270752172,14.069087582522611,-14.443856004132675,0,-28.512943586655286,18.031071433962609,0,-44.331135776642682
0.000901,14.050095680661666,253.91874394571283,14.086765354585918,-14.433683621399883,0,-28.520448975985801,36.669673924252237,0,-33.508055806225585
0.00090149999999999996,14.057608433723377,250.78823644542297,14.109547488950929,-14.353859666200737,0,-28.463407155151664,51.939055227551869,0,7.2975947233064922
0.00090199999999999992,14.071040269803831,245.6235917154867,14.131429910363769,-14.214324397183967,0,-28.345754307547736,60.389640559938222,0,71.79624072777986
0.00090249999999999998,14.086379341418823,239.17106476002803,14.146007278175562,-14.033619620095497,0,-28.179626898271056,59.627936756739146,0,150.08264760732021
0.00090299999999999994,14.098777082077248,232.36380097704765,14.147459183836487,-13.836024110813302,0,-27.983483294649787,48.682101759238023,0,230.16492179263949
0.00090350000000000001,14.103296125684105,226.17815394646556,14.131444517535122,-13.647814342911987,0,-27.779258860447111,28.148391851017315,0,299.81064770011989
0.00090399999999999996,14.09567037980562,221.48368163078382,14.095766851327095,-13.493226670790369,0,-27.588993522117462,0.096471521475891109,0,348.42595493238241
0.00090449999999999992,14.080971137987943,12.692951803585856,0.73882045891015125,-0.73882045891015125,-13.34215067907779,-14.819791596898094,0,0,384.56775345012159
0.00090499999999999999,14.066311095158181,-252.55853913920953,-14.383839290611604,14.066311095158181,-28.450150385769785,0,0,0,421.22104051838323
0.00090549999999999995,14.056100583655674,-254.47565283946858,-14.443455887105511,14.073846895309835,-28.517302782415346,0,0,17.746311654160309,442.35395129524147
0.00090600000000000001,14.054935230213438,-253.86717561720488,-14.43434241096066,14.091092162735894,-28.525434573696554,0,0,36.156932522456557,432.12042080127247
0.00090649999999999997,14.062152559398259,-250.79941896980628,-14.356130799586264,14.113442209843432,-28.469573009429698,0,0,51.28965044517323,392.12715476500995
0.00090699999999999993,14.075248900958007,-245.70690190962853,-14.218516848152955,14.134964203127566,-28.353481051280522,0,0,59.715302169558996,328.53837022520992
0.0009075,14.090269080699937,-239.32484902984129,-14.039750903874227,14.149312659959881,-28.189063563834111,0,0,59.043579259944721,251.11930109545929
0.00090799999999999995,14.102418322884601,-232.57565623103224,-13.843818202766087,14.150706477787443,-27.994524680553532,0,0,48.2881549028424,171.72875064513056
0.00090849999999999991,14.106801910623428,-226.42685957588193,-13.656744709333337,14.134817315495699,-27.791562024829037,0,0,28.015404872271539,102.49338735638479
0.00090899999999999998,14.09917873461912,-221.7424812096622,-13.502597677429614,14.099433085407199,-27.602030762836815,0,0,0.25435078807921485,53.944853506414901
0.00090949999999999994,14.084437369778771,-14.711324161827211,-0.85630414710521374,0.85630414710521374,-14.940741516883984,-13.228133222673558,0,0,17.88137893343854
0.00091,14.069773718170465,252.40864493715861,14.069773718170465,-14.381201839270688,0,-28.450975557441154,0,0,-18.836381224000679
0.00091049999999999996,14.059485527336779,254.34409772337361,14.07693538743017,-14.441165849146079,0,-28.518101236576253,17.449860093391525,0,-40.253178556172955
0.00091099999999999992,14.058109033577669,253.78083033969946,14.09373152044974,-14.433145167604303,0,-28.526876688054045,35.622486872070795,0,-30.632226307916984
0.00091149999999999998,14.065020165862018,250.77826460075553,14.11563206062617,-14.356608287053023,0,-28.472240347679193,50.611894764152566,0,8.5142410748235697
0.00091199999999999994,14.077768075267079,245.7609724910937,14.136778626958845,-14.220998396769218,0,-28.357777023728065,59.010551691766686,0,71.152273317663841
0.00091250000000000001,14.092456693383905,239.45270599683954,14.150888582427458,-14.044262994878244,0,-28.195151577305701,58.431889043552808,0,147.66264542883042
0.00091299999999999997,14.104347551119082,232.76462622697176,14.152222435192277,-13.85008079028923,0,-28.002303225481505,47.87488407319497,0,226.32586879857047
0.00091349999999999992,14.108590800164402,226.65499625078357,14.13646586717099,-13.664214595255059,0,-27.800680462426051,27.875067006589461,0,295.12652345986413
0.00091399999999999999,14.100971892702944,221.98194704490885,14.10139111812733,-13.510552203980319,0,-27.611943322107649,0.41922542438587129,0,343.59912070988821
0.00091449999999999995,14.086189338190923,16.802980419475148,0.97805348170216533,-0.97805348170216533,-13.108135856488758,-15.064242819893089,0,0,379.5769783388692
0.00091499999999999991,14.071523862565531,-252.22384022412291,-14.376691962719002,14.071523862565531,-28.448215825284535,0,0,0,416.35514922869521
0.00091549999999999997,14.06115780505475,-254.17799393355673,-14.437009895583637,14.078303328485825,-28.515313224069462,0,0,17.145523431076192,438.05859198316853
0.00091599999999999993,14.059566393805483,-253.66112377026695,-14.43011147694609,14.094640067458295,-28.524751544404385,0,0,35.073673652811593,429.06296587012332
0.0009165,14.066164944528541,-250.72554840024324,-14.355296580840855,14.116080747389493,-28.47137732823035,0,0,49.915802860950755,390.78361722669564
0.00091699999999999995,14.078556855748012,-245.78559046032376,-14.221748029405664,14.136843534848843,-28.358591564254507,0,0,58.286679100831371,329.12071145716692
0.00091749999999999991,14.092906790611023,-239.55318963658542,-14.047101455156175,14.150710400225478,-28.197811855381655,0,0,57.803609614455276,253.54344727216255
0.00091799999999999998,14.104534145030343,-232.92795098790128,-13.854720259507525,14.151984621709083,-28.00670488121661,0,0,47.450476678741104,175.62814167699736
0.00091849999999999994,14.10863518383815,-226.85861277618241,-13.670096963107328,14.136366298492442,-27.806463261599774,0,0,27.731114654292362,107.27587911619202
0.000919,14.101022664596393,-222.19727056919172,-13.516935496326193,14.101611593492638,-27.618547089818833,0,0,0.58892889624639366,58.884140885064276
0.00091949999999999996,14.086200516963386,-18.92334989298061,-1.1014741305564213,1.1014741305564213,-15.187674647519806,-12.984726386406965,0,0,22.996000634088091
0.00091999999999999992,14.071535029699501,252.00956434825957,14.071535029699501,-14.370454893627324,0,-28.441989923326826,0,0,-13.838850613827937
0.00092049999999999999,14.061092976607316,253.9819686331621,14.077934405918379,-14.431114684914922,0,-28.509049090833297,16.841429311062868,0,-35.82617645755262
0.00092099999999999994,14.05928847350199,253.51113041011621,14.093813159790678,-14.425328590967759,0,-28.519141750758433,34.524686288687086,0,-27.454332095205974
0.00092150000000000001,14.065575948245899,250.64236140630774,14.114794628478148,-14.352230642795798,0,-28.467025271273943,49.218680232249056,0,9.9575451253407579
0.00092199999999999997,14.077612912110304,245.77980080423714,14.135173730794746,-14.220745317346021,0,-28.355919048140766,57.560818684442168,0,70.642740771957406
0.00092249999999999993,14.091624809016587,239.62359668034728,14.14879748987628,-14.048197206750704,0,-28.19699469662698,57.172680859692626,0,145.28220323962532
0.00092299999999999999,14.102989141611918,233.06176689472352,14.150012570197356,-13.857633805263832,0,-28.007646375461189,47.02342858543917,0,222.44338469655531
0.00092349999999999995,14.10694869146686,227.03344507248076,14.134534166120096,-13.674275354798727,0,-27.808809520918825,27.585474653236695,0,290.34053554086432
0.00092399999999999991,14.099344020837716,222.3845755712577,14.100102973485201,-13.521638852743854,0,-27.621741826229055,0.7589526474852164,0,338.64541999067791
0.00092449999999999997,14.084484984120261,21.032950618758321,1.2242679613733003,-1.2242679613733003,-12.860217022746959,-15.308752945493561,0,0,374.44057056568136
0.00092499999999999993,14.069821282939502,-251.76869350982361,-14.362581450728156,14.069821282939502,-28.432402733667658,0,0,0,411.32574829886084
0.0009255,14.059306079251318,-253.75897148881512,-14.423575638705314,14.075847613169813,-28.499423251875129,0,0,16.541533918495418,433.58840402453677
0.00092599999999999996,14.05729318260293,-253.33351222560736,-14.41888680592305,14.091276310553074,-28.510163116476129,0,0,33.983127950144791,425.82828979077351
0.00092649999999999991,14.063275553468669,-250.53068861013875,-14.347484647747896,14.11180642718163,-28.459291074929528,0,0,48.530873712960691,389.26975922115696
0.00092699999999999998,14.074964088197223,-245.74456069119077,-14.218037861606877,14.131808685985284,-28.349846547592165,0,0,56.844597788060263,329.54786935270789
0.00092749999999999994,14.088644223986647,-239.66361416780666,-14.047563359926309,14.145194353339994,-28.192757713266303,0,0,56.550129353347216,255.83346890140533
0.00092800000000000001,14.099750827123232,-233.16441748443529,-13.858796470880506,14.146352933339376,-28.005149404219882,0,0,46.602106216143035,179.41717395647541
0.00092849999999999996,14.103572603890141,-227.17662653166963,-13.676688761397386,14.131014528556241,-27.807703289953629,0,0,27.441924666098927,111.97086603073021
0.00092899999999999992,14.095977574086024,-222.54013070158032,-13.5245732123854,14.096904593074239,-27.621477805459637,0,0,0.92701898821479034,63.754398928215494
0.00092949999999999999,14.081084840145522,-23.087446614663829,-1.3438543033063968,1.3438543033063968,-15.424939143451919,-12.737230536839125,0,0,28.052412512571848
0.00092999999999999995,14.066424678937667,251.50772421464339,14.066424678937667,-14.353281907771095,0,-28.419706586708763,0,0,-8.8773277920630633
0.00093050000000000001,14.055841119058607,253.51472336336653,14.072094933288191,-14.4145853914243,0,-28.486680324712491,16.253814229584798,0,-31.401570935138256
0.00093099999999999997,14.053629962382958,253.13248037361456,14.087092919537113,-14.410940475440352,0,-28.498033394977465,33.462957154154381,0,-24.227276558601989
0.00093149999999999993,14.059320899506183,250.39279898615649,14.107190338473853,-14.341161758389923,0,-28.448352096863776,47.869438967669382,0,11.511548054373673
0.00093199999999999999,14.070675955656469,245.68012529128765,14.12683090140486,-14.213674304038332,0,-28.340505205443193,56.154945748390894,0,70.305937437370574
0.00093249999999999995,14.084038222277584,239.67176686518789,14.13998799755101,-14.045200394126875,0,-28.185188391677883,55.949775273425402,0,143.1274668955048
0.00093299999999999991,14.094897883385039,233.23326812514765,14.141092869428228,-13.858175033857568,0,-27.999267903285798,46.194986043188138,0,218.82238952742287
0.00093349999999999998,14.098588137925633,227.28510678035556,14.125890599255881,-13.677289877941488,0,-27.803180477197369,27.302461330248121,0,285.82913990592039
0.00093399999999999993,14.091003860337992,222.66124551008645,14.092092605320222,-13.52569822963935,0,-27.617790834959571,1.0887449822304234,0,333.95473942829801
0.0009345,14.076081463512965,25.049065416817257,1.4580345291545989,-1.4580345291545989,-12.618046934358368,-15.534115992667564,0,0,369.56385610827755
0.00093499999999999996,14.061426511442678,-251.23040679064229,-14.34270613045647,14.061426511442678,-28.40413264189915,0,0,0,406.52999490516567
0.00093549999999999992,14.050780193668732,-253.25306812371286,-14.404298711578228,14.066762019875259,-28.471060731453491,0,0,15.981826206527671,429.29677154011438
0.00093599999999999998,14.048383431567888,-252.91164648855192,-14.401640519631036,14.081354481177225,-28.482995000808266,0,0,32.971049609336795,422.67276640740585
0.00093649999999999994,14.053800587405416,-250.23171078841671,-14.333398864631359,14.101044377852377,-28.434443242483738,0,0,47.243790446960418,387.70670356774491
0.00093700000000000001,14.064842035424082,-245.58858465071393,-14.207767564230094,14.120344542516008,-28.328112106746104,0,0,55.502507091925914,329.78831159005335
0.00093749999999999997,14.077905425124335,-239.648975112117,-14.0411894550562,14.133287200709566,-28.174476655765769,0,0,55.381775585229683,257.81123860105214
0.00093799999999999992,14.088533305212183,-233.26798086663015,-13.855814967252359,14.134343130666537,-27.990158097918894,0,0,45.809825454353287,182.79966771003322
0.00093849999999999999,14.092101003130063,-227.35739343086155,-13.676089792112714,14.119271624156273,-27.795361416268989,0,0,27.170621026209645,116.2107089631307
0.00093899999999999995,14.084528837322004,-222.74557884157934,-13.524997571782656,14.085770865231167,-27.610768437013824,0,0,1.2420279091628927,68.173977811058151
0.00093949999999999991,14.069581050196149,-26.877494749164594,-1.5644621765067304,1.5644621765067304,-15.634043226702879,-12.505118873689419,0,0,32.654611695926199
0.00093999999999999997,14.054932865864869,250.94383997035806,14.054932865864869,-14.331113918868496,0,-28.386046784733367,0,0,-4.3407026963898687
0.00094049999999999993,14.044231099849567,252.98039689261944,14.059963960716924,-14.392959280497427,0,-28.45292324121435,15.732860867358418,0,-27.326597317826288
0.000941,14.041666283966658,252.67601577393816,14.074186445783941,-14.39119541878453,0,-28.465381864568471,32.520161817282997,0,-21.205023201150258
0.00094149999999999995,14.046834273390829,250.05064623336833,14.093503778764719,-14.32435738827596,0,-28.417861167040677,46.669505373889919,0,13.052756303766731
0.00094199999999999991,14.057589610715601,245.4713164771893,14.112492337732688,-14.200429070246001,0,-28.312921407978688,54.902727017085923,0,70.165937735984869
0.00094249999999999998,14.070379988316791,239.59503936709723,14.12523870836911,-14.035598026180004,0,-28.160836734549115,54.858720052318589,0,141.3644949296517
0.00094299999999999994,14.080796180607621,233.26731068140654,14.126250513403876,-13.85175332103824,0,-27.978003834442116,45.454332796256203,0,215.74356728187942
0.0009435,14.084252523006986,227.39188390380082,14.111300744607385,-13.673113311469425,0,-27.784414056076809,27.048221600399167,0,281.94276174679476
0.00094399999999999996,14.076693150107113,222.79188301635352,14.078076073726205,-13.522503169027944,0,-27.600579242754151,1.3829236190922316,0,329.89176698577717
0.00094449999999999992,14.061724773568645,28.540322911815963,1.6612506529170616,-1.6612506529170616,-12.400474120651584,-15.722975426485707,0,0,365.3244802163299
0.00094499999999999998,14.047084768598769,-250.6521611930539,-14.31869625210445,14.047084768598769,-28.365781020703221,0,0,0,402.33963701231551
0.00094549999999999994,14.036335378647861,-252.70099059655467,-14.38076383692643,14.051844944150989,-28.432608781077423,0,0,15.509565503127973,425.51685309332549
0.00094600000000000001,14.033621881396785,-252.42976892165552,-14.37980119057357,14.065737404514442,-28.445538595088014,0,0,32.115523117656906,419.84214307319985
0.00094649999999999997,14.038568304168678,-249.85338762802314,-14.31422427261411,14.084722201691845,-28.398946474305955,0,0,46.153897523167821,386.21747761112545
0.00094699999999999993,14.049068813059083,-245.33140369610189,-14.191827844377736,14.103432861758428,-28.295260706136165,0,0,54.364048699344643,329.82594247275642
0.00094749999999999999,14.061616051971718,-239.51210059868097,-14.0285695803964,14.116004885725058,-28.144574466121462,0,0,54.38883375333878,259.32651802694494
0.00094799999999999995,14.07184414969473,-233.23233160789101,-13.846103333331364,14.116979082253573,-27.963082415584939,0,0,45.134932558843495,185.51679412921931
0.00094849999999999991,14.075202538369558,-227.38862252886614,-13.668443083469892,14.102140841110156,-27.770583924580048,0,0,26.938302740598111,119.67014344056417
0.00094899999999999997,14.067656818720716,-222.79939129871121,-13.518271783379468,14.069166594378682,-27.587438377758151,0,0,1.5097756579673813,71.803424492213892
0.00094949999999999993,14.052672628608516,-30.004574022798,-1.7464805265127208,1.7464805265127208,-15.799153155121237,-12.306192102095794,0,0,36.451766795824128
0.00095,14.038042048047759,250.36257338943409,14.038042048047759,-14.305742809613735,0,-28.34378485766149,0,0,-0.57524364350580015
0.00095049999999999996,14.027254227978602,252.42143659225951,14.042572314943692,-14.36798788066602,0,-28.410560195609715,15.318086965090181,0,-23.912850841383875
0.00095099999999999991,14.02441546911362,252.17829807195804,14.056183325224204,-14.367702820815405,0,-28.42388614603961,31.767856110583892,0,-18.619563134062009
0.00095149999999999998,14.029173689629525,249.64380312579297,14.074883692996604,-14.303204139176874,0,-28.378087832173481,45.710003367078265,0,14.461407329401748
0.00095199999999999994,14.039456942145042,245.17115682933212,14.09335626265622,-14.182126176295489,0,-28.275482438951705,53.899320511177798,0,70.23054267713259
0.0009525,14.051796536622698,239.40116270943287,14.105779038769571,-14.020229918064441,0,-28.12600895683401,53.982502146873472,0,140.1243805913283
0.00095299999999999996,14.061864105334649,233.16321543882498,14.106722004372992,-13.838966492715814,0,-27.945688497088806,44.857899038342886,0,213.43812502552004
0.00095349999999999992,14.065139666107552,227.34754802241793,14.091981934684652,-13.662172234882497,0,-27.754154169567148,26.842268577100111,0,278.97423771425821
0.00095399999999999999,14.057607802083245,222.76841530458009,14.059227134634304,-13.512404751508139,0,-27.571631886142441,1.6193325510592729,0,326.76312291368509
0.00095449999999999994,14.042612809958053,31.246163774103593,1.8187499185369305,-1.8187499185369305,-12.22386289142112,-15.861362728494983,0,0,362.03883547408526
0.0009549999999999999,14.027992702920097,-250.07910142979381,-14.292464752796093,14.027992702920097,-28.320457455716191,0,0,0,399.06792541272597
0.00095549999999999997,14.017175785773244,-252.14597667509145,-14.35484963204472,14.032335551537278,-28.387185183582002,0,0,15.159765764034802,422.53188324846042
0.00095599999999999993,14.014236039643706,-251.92593696420332,-14.355122396097432,14.0457160639978,-28.400838460095237,0,0,31.480024354093317,417.54957304628346
0.00095649999999999999,14.018841015170636,-249.42611057762463,-14.291517210740299,14.064183136788456,-28.355700347528753,0,0,45.342121617819259,384.91592259112059
0.00095699999999999995,14.028946780514346,-244.99442453832137,-14.171535124762181,14.082460611512372,-28.253995736274554,0,0,53.513830998027046,329.66135969744306
0.00095749999999999991,14.041116710514926,-239.26545993977999,-14.010773526154498,14.094761898458858,-28.105535424613358,0,0,53.645187943932207,260.27013460579303
0.00095799999999999998,14.051053608458529,-233.06240399713698,-13.830514877615531,14.095681367120203,-27.926196244735738,0,0,44.627758661674363,187.36991657642426
0.00095849999999999993,14.054262978395931,-227.27025138398704,-13.654447721695261,14.081025442373139,-27.735473164068402,0,0,26.76246397720805,122.0950521698293
0.000959,14.046745302267182,-222.69979002397591,-13.505025400462072,14.048455901026358,-27.553481301488432,0,0,1.710598759177401,74.375552268205439
0.00095949999999999996,14.031744278061884,-32.241844613201167,-1.8767056553784025,1.8767056553784025,-15.908449933440288,-12.155038622683481,0,0,39.168430670050427
0.00095999999999999992,14.017135486517834,249.8085760005726,14.017135486517834,-14.279160358560334,0,-28.296295845078166,0,0,2.1452806801370485
0.00096049999999999998,14.00629976877363,251.8809314754553,14.021339054578672,-14.341635328907406,0,-28.362974383486076,15.039285805041921,0,-21.409334699107607
0.00096099999999999994,14.003286297505309,251.67804585713378,14.03454643093173,-14.342321376502834,0,-28.376867807434561,31.260133426421724,0,-16.660759014885905
0.00096150000000000001,14.007777234664841,249.20447360161054,14.052837232235232,-14.279393026318628,0,-28.33223025855386,45.059997570390998,0,15.632010662992524
0.00096199999999999996,14.017749865089179,244.80418199171191,14.070966904007292,-14.160251750907673,0,-28.231218654914965,53.217038918112358,0,70.490868118645935
0.00096249999999999992,14.029792122752482,239.10701525602045,14.083176493628912,-14.000370740154571,0,-28.083547233783484,53.384370876429529,0,139.49223299067137
0.00096299999999999999,14.039630940167093,232.93137399132513,14.084079803663521,-13.820902711384157,0,-27.904982515047678,44.448863496426995,0,212.0681392913107
0.00096349999999999995,14.042791818058859,227.15815075479108,14.069491513542463,-13.645420820365306,0,-27.714912333907769,26.699695483603907,0,277.13382010631364
0.0009639999999999999,14.035288037462342,222.59534435669883,14.037069219291663,-13.496295063774941,0,-27.533364283066604,1.7811818293202748,0,324.79112588983946
0.00096449999999999997,14.020285770881577,32.977773627881277,1.9195419806686047,-1.9195419806686047,-12.100743790212974,-15.939827751550181,0,0,359.93619473729376
0.00096499999999999993,14.005688909069104,-249.55445879017108,-14.266039620711913,14.005688909069104,-28.271728529781019,0,0,0,396.94392437417821
0.0009655,13.9948444086276,-251.63006731463111,-14.32856359887797,14.00980085127345,-28.33836445015142,0,0,14.95644264585016,420.55185277787069
0.00096599999999999995,13.991784212949399,-251.43871160507794,-14.329527733287428,14.0228924638857,-28.352420197173132,0,0,31.1082509363005,415.95793594287437
0.00096649999999999991,13.996200292580427,-248.98319840289702,-14.267066269345504,14.041064661221423,-28.308130930566929,0,0,44.864368640995735,383.89705295829458
0.00096699999999999998,14.006084488787538,-244.60475728781009,-14.148511963507522,14.059094998269497,-28.207606961777021,0,0,53.010509481959097,329.31141267454018
0.00096749999999999994,14.018041781260388,-238.92992963874053,-13.989251529190328,14.071244038065762,-28.060495567256091,0,0,53.202256805373167,260.58248511558713
0.000968,14.027816004529704,-232.77375821742015,-13.81034681439478,14.072139511188659,-27.882486325583443,0,0,44.323506658955147,188.23641389270705
0.00096849999999999996,14.030946816655684,-227.01423944331,-13.635289705149777,14.057602314378116,-27.692892019527893,0,0,26.655497722431264,123.32286343450568
0.00096899999999999992,14.023456742297196,-222.45738138804694,-13.486390990604693,14.025287621221961,-27.511678611826657,0,0,1.8308789247662531,75.716974516065761
0.00096949999999999998,14.008457647206484,-33.441646971108867,-1.9465427226254726,1.9465427226254726,-15.955000369831957,-12.061914924581011,0,0,40.625304348536375
0.00096999999999999994,13.993873099942345,249.32280795641924,13.993873099942345,-14.253388986523348,0,-28.247262086465692,0,0,3.6403456859870005
0.00097050000000000001,13.983030374054739,251.39903958729076,13.997944686075138,-14.315910960924034,0,-28.313855646999173,14.914312020399997,0,-19.983462940136452
0.00097099999999999997,13.979952297055764,251.21288095899908,14.010981890937607,-14.316999329763844,0,-28.327981220701453,31.029593881844175,0,-15.461670260129083
0.00097149999999999992,13.98433529535443,248.76639220272307,14.02909662715143,-14.254772080400064,0,-28.283868707551495,44.761331797000665,0,16.481793801799455
0.00097199999999999999,13.994178467161312,244.39947672083696,14.047078392930409,-14.136529298281323,0,-28.18360769121173,52.899925769096271,0,70.922614806427248
0.00097249999999999995,14.006095739653885,238.73697276210765,14.059198808452605,-13.977613601208727,0,-28.036812409661334,53.103068798720116,0,139.50142722681585
0.00097299999999999991,14.015840214455352,232.59210361693343,14.060094078100224,-13.799038061787121,0,-27.859132139887343,44.25386364487256,0,211.71501870095813
0.00097349999999999997,14.018959714828227,226.84120861746572,14.045589685860863,-13.624248580228134,0,-27.669838266088998,26.629971032635435,0,276.53396916921167
0.00097399999999999993,14.011482574517187,222.28905526627548,14.013340797009853,-13.475519799174966,0,-27.488860596184821,1.8582224926665134,0,324.0975898209058
0.0009745,13.996490964788471,33.630583617158948,1.9575401849730589,-1.9575401849730589,-12.038950779815412,-15.95403114976153,0,0,359.14353206764974
0.00097499999999999996,13.981918876329557,-249.11616541370478,-14.241397800503302,13.981918876329557,-28.223316676832862,0,0,0,396.0972003872734
0.00097549999999999991,13.971087789328383,-251.19078683765377,-14.303877063991219,13.985998871877138,-28.289875935868363,0,0,14.911082548755616,419.6992893807589
0.00097599999999999998,13.968019272368247,-251.00405190828107,-14.304950899858511,13.999040595024143,-28.303991494882656,0,0,31.021322655895091,415.16852999645033
0.00097649999999999994,13.972409277287804,-248.55812206823612,-14.242740867428235,14.017157200455253,-28.259898067883491,0,0,44.747923167448377,383.2300294817822
0.000977,13.982257282351256,-244.19283661826728,-14.124546224414608,14.03514026810352,-28.15968649251813,0,0,52.882985752264133,328.80716630675761
0.00097749999999999985,13.994178376829183,-238.53281675203152,-13.965704559560557,14.047264009945248,-28.012968569505809,0,0,53.085633116065701,260.25643297709155
0.00097799999999999992,14.003927416892106,-232.39095112462846,-13.787220545280187,14.048167331097984,-27.835387876378174,0,0,44.239914205877632,188.076697592041
0.00097849999999999999,14.007054296844027,-226.64317939282742,-13.612529635925409,14.033678114349444,-27.646207750274854,0,0,26.623817505417442,123.29224480460263
0.00097900000000000005,13.999589418789219,-222.09386580510139,-13.46389559420868,14.001453263472129,-27.465348857680812,0,0,1.8638446829105462,75.758624872687747
0.0009794999999999999,13.984609178011699,-33.543256050811983,-1.9524570968433343,1.9524570968433343,-15.937066274855033,-12.032152081168364,0,0,40.748652684420755
0.00097999999999999997,13.970049459971083,248.93952492591458,13.970049459971083,-14.230323044787282,0,-28.200372504758363,0,0,3.8323573277192295
0.00098050000000000003,13.959240017007785,251.00999843266962,13.974188264898293,-14.292710838402629,0,-28.266899103300922,14.948247890509307,0,-19.711810866832995
0.00098099999999999988,13.956209233207669,250.81644754026718,13.987295036054643,-14.293618590464614,0,-28.280913626519254,31.085802846973454,0,-15.090785343645116
0.00098149999999999995,13.960647310858119,248.3621206859535,14.005473936413079,-14.231195037256338,0,-28.236668973669417,44.826625554959492,0,16.956172200562058
0.00098200000000000002,13.970546874637751,243.98819114744651,14.023508492087764,-14.112774277421003,0,-28.136282769508771,52.96161745001352,0,71.488778792955713
0.00098249999999999987,13.982516121533818,238.32065338074395,14.035667039576754,-13.953730973201505,0,-27.98939801277826,53.150918042936794,0,140.13351738160875
0.00098299999999999993,13.992304042525454,232.17359585403233,14.03658568379085,-13.775103353339684,0,-27.811689037130535,44.281641265395251,0,212.3770104934699
0.0009835,13.995456595125825,226.42379976181371,14.022092998923684,-13.600351734631838,0,-27.622444733555522,26.636403797859131,0,277.18521186598497
0.00098399999999999985,13.988002771225808,221.87598416079007,13.989849945507773,-13.451752242944181,0,-27.441602188451956,1.8471742819650316,0,324.69904389284039
0.00098449999999999992,13.973037639997212,33.187375032093712,1.9317422795466577,-1.9317422795466577,-12.041295360450555,-15.90477991954387,0,0,359.68175306785935
0.00098499999999999998,13.958489969367337,-248.79426602090157,-14.220317352878212,13.958489969367337,-28.17880732224555,0,0,0,396.55366157924107
0.00098550000000000005,13.947711110890307,-250.85853807773523,-14.282576831940059,13.962733595899385,-28.245310427839449,0,0,15.022485009079006,420.00491077955968
0.0009859999999999999,13.944743777205799,-250.65271706354446,-14.283187483248193,13.975961238475552,-28.259148721723751,0,0,31.217461269753201,415.21682967539846
0.00098649999999999996,13.949267760784529,-248.18193646052163,-14.220343819769623,13.994258757867172,-28.214602577636796,0,0,44.990997082642728,382.95429593205279
0.00098700000000000003,13.959262289321051,-243.78990180421488,-14.101444971784906,14.012392177322216,-28.113837149107123,0,0,53.129888001163771,328.19063295449098
0.00098749999999999988,13.971321227621248,-238.10539899740081,-13.941939921509382,14.024615808481164,-27.966555729990549,0,0,53.29458085991655,259.33476040964501
0.00098799999999999995,13.981180493396302,-231.94513960391592,-13.762939121470747,14.025557354222048,-27.788496475692796,0,0,44.376860825746192,186.93239891592339
0.00098850000000000001,13.984376230046033,-226.18795798649731,-13.58796195739982,14.011043892326381,-27.599005849726201,0,0,26.667662280347216,122.0419276737601
0.00098899999999999986,13.976932374697119,-221.63974230660887,-13.43932142956016,13.978742017280995,-27.418063446841153,0,0,1.8096425838756431,74.535025011772618
0.00098949999999999993,13.961985653948132,-32.571650471790953,-1.8959027121044607,1.8959027121044607,-15.857888366052592,-12.066082941843671,0,0,39.568809539152227
0.00098999999999999999,13.947449489810758,248.68414150119605,13.947449489810758,-14.211594492219202,0,-28.15904398202996,0,0,2.7456461297025641
0.00099050000000000006,13.936709957500085,250.73993564651761,13.951843827105948,-14.273682255836521,0,-28.225526082942466,15.133869605862742,0,-20.58037053805457
0.00099099999999999991,13.933831542589729,250.51613641758027,13.965247641467629,-14.273857130150327,0,-28.239104771617956,31.41609887789939,0,-15.551118723112403
0.00099149999999999998,13.938478803533554,248.02066589960245,13.983719061652039,-14.210381018764835,0,-28.194100080416877,45.240258118485251,0,17.031040032828358
0.00099200000000000004,13.948610922777064,243.6010487835288,14.001997245229092,-14.090750899111043,0,-28.092748144340135,53.386322452027137,0,72.143345108010678
0.00099249999999999989,13.960800008404723,237.89032962865446,14.014314634569951,-13.930528900463116,0,-27.944843535033066,53.51462616522749,0,141.32313246368534
0.00099299999999999996,13.970761862613228,231.70926144134188,14.01528540717997,-13.750936461793428,0,-27.7662218689734,44.523544566741684,0,213.9749134352887
0.00099350000000000003,13.974017243406147,225.93988169526293,14.00073351181528,-13.575584724379254,0,-27.576318236194538,26.716268409134365,0,279.00216125372401
0.00099399999999999987,13.966581783386026,221.38995326007097,13.968333256202218,-13.426845158279521,0,-27.395178414481737,1.751472816192603,0,326.51250130179238
0.00099449999999999994,13.951656622115209,31.71319679508008,1.8459345763079114,-1.8459345763079114,-12.105722045807298,-15.79759119842312,0,0,361.47186675514047
0.00099500000000000001,13.937131211785054,-248.60923681274085,-14.20425844227027,13.937131211785054,-28.141389654055324,0,0,0,398.24116688267463
0.00099549999999999986,13.92643838013816,-250.65483761039192,-14.266144441326121,13.941716156867091,-28.207860598193214,0,0,15.277776728931634,421.41199817148754
0.00099599999999999992,13.923671006532226,-250.40833396917668,-14.265770148691992,13.955344796601789,-28.221114945293781,0,0,31.673790069562337,416.07459872910988
0.00099649999999999999,13.928474372551074,-247.88112227514586,-14.201480750597987,13.97403934942999,-28.175520100027978,0,0,45.564976878916468,383.07875639237113
0.00099700000000000006,13.938781888554557,-243.42558974188535,-14.080897299244141,13.992503759566873,-28.073401058811015,0,0,53.72187101231679,327.51079109170558
0.00099749999999999991,13.951137355822233,-237.68028419549009,-13.919727710899503,14.004941352306409,-27.924669063205911,0,0,53.803996484175329,257.90329126666842
0.00099799999999999997,13.961230079234829,-231.47125783230669,-13.739338537466809,14.005947741890729,-27.745286279357536,0,0,44.717662655900014,184.91730311579738
0.00099850000000000004,13.964560190156302,-225.68483076330278,-13.563463103846887,13.991341700914186,-27.554804804761073,0,0,26.781510757883346,119.70049519972007
0.00099899999999999989,13.957131720893589,-221.13137637923992,-13.414553423291755,13.958806524566201,-27.373359947857956,0,0,1.6748036726115316,72.174142706823446
0.00099949999999999995,13.942230818970744,-30.629172545599083,-1.7828366219577636,1.7828366219577636,-15.725067440928507,-12.159394197012981,0,0,37.210050450509016
0.001,13.927715222074367,248.57199059825112,13.927715222074367,-14.198470199900862,0,-28.126185421975226,0,0,0.49695231129319239
0.0010004999999999999,13.917076006085306,250.6055197087037,13.93252912385439,-14.260118866046847,0,-28.192647989901236,15.453117769084216,0,-22.492435234091463
0.0010009999999999999,13.914440759054688,250.3315009115702,13.946428979757165,-14.259078423145686,0,-28.205507402902853,31.988220702476937,0,-16.784923458762709
0.0010015,13.919431423607998,247.76557077699593,13.965393094832631,-14.193795655661996,0,-28.159188750494625,45.961671224632838,0,16.712280552270716
0.0010019999999999999,13.929950011861596,243.26607268299205,13.984082238308577,-14.07204357568852,0,-28.056125813997095,54.132226446980518,0,72.835421483358402
0.0010024999999999999,13.942505718437884,237.47830586962138,13.996663934400843,-13.909708911079553,0,-27.906372845480398,54.15821596295816,0,142.96642296684109
0.001003,13.952755362992423,231.23482889441044,13.997710852500596,-13.728336307492555,0,-27.726047159993147,44.955489508171922,0,216.36386491537058
0.0010035000000000001,13.956173701096626,225.42722359044669,13.983035166222109,-13.551809087132431,0,-27.534844253354542,26.861465125483249,0,281.81716072041263
0.0010039999999999999,13.948750378990708,220.86907512070053,13.95033088394173,-13.402678185076274,0,-27.353009069018004,1.5805049510226468,0,329.36919497361612
0.0010045,13.933876268211538,29.344409890848453,1.7080542585751708,-1.7080542585751708,-12.225822009636367,-15.641930526786709,0,0,364.34828898599005
0.001005,13.919369369441927,-248.5711570424952,-14.194277307447742,13.919369369441927,-28.113646676889669,0,0,0,401.0021897716581
0.0010054999999999999,13.908789097238325,-250.59135972368276,-14.255667624641601,13.924443338562822,-28.180110963204424,0,0,15.654241324498514,423.78712856603846
0.0010059999999999999,13.906303033696807,-250.28615396329994,-14.253873156482618,13.938652646812344,-28.192525803294963,0,0,32.349613115537785,417.65673989872516
0.0010065,13.911506634360096,-247.67594004000608,-14.187454295321981,13.957925194039497,-28.145379489361478,0,0,46.418559679400104,383.5833913180652
0.0010069999999999999,13.922265991538232,-243.12583268504787,-14.064356422258705,13.976871886875324,-28.041228309134034,0,0,54.60589533709274,326.81942315671353
0.0010074999999999999,13.935050473008241,-237.28886819759782,-13.900670860779574,13.989618579518989,-27.890289440298567,0,0,54.568106510748848,256.08129455416957
0.001008,13.945479281394348,-231.00511933625577,-13.718147638992242,13.99071084541637,-27.708858484408612,0,0,45.231564022021168,182.20349629645122
0.0010084999999999998,13.948997533659231,-225.17230667270323,-13.540844734486154,13.975952472061433,-27.516797206547587,0,0,26.954938402202089,116.47010132918643
0.0010089999999999999,13.941577751637142,-220.6078387970598,-13.39143025813231,13.943049050324282,-27.334479308456594,0,0,1.4712986871392459,68.880880899057985
0.0010095,13.926732472850574,-27.882587205672852,-1.6229657367073433,1.6229657367073433,-15.549698209557917,-12.303766736143231,0,0,33.874878278368534
0.00101,13.912233011660726,248.6078713895964,13.912233011660726,-14.191782445539159,0,-28.104015457199889,0,0,-2.7196412008210871
0.0010104999999999999,13.901716377619969,250.61336709793079,13.917595569351274,-14.252888439308931,0,-28.170484008660203,15.879191731303727,0,-25.281523189614564
0.001011,13.899394947039504,250.27333867765165,13.93214901491271,-14.250251349169568,0,-28.18240036408228,32.754067873207219,0,-18.682215287659933
0.0010115,13.90483462480414,247.61353626686008,13.951764746264148,-14.182559206888252,0,-28.1343239531524,46.930121460008593,0,16.033217908136056
0.0010119999999999999,13.915861314219217,243.00668349199313,13.97099773362581,-14.057951129493446,0,-28.028948863119258,55.136419406592623,0,73.513321452405151
0.0010124999999999999,13.9288997627668,237.1145088467984,13.983927056460923,-13.892748313006441,0,-27.876675369467364,55.027293694122513,0,144.93141108655522
0.001013,13.93952699231939,230.78552160802113,13.985067839242049,-13.708931363705432,0,-27.693999202947477,45.540846922658396,0,219.34863261636167
0.0010134999999999999,13.943154855364707,224.92432722522409,13.970214381139314,-13.530754101823415,0,-27.50096848296273,27.059525774608176,0,285.39843555501375
0.0010139999999999999,13.935736613804051,220.35261364270482,13.937085145680925,-13.381015741276507,0,-27.318100886957431,1.3485318768731247,0,333.033072824361
0.0010145,13.920921995614329,26.274333035219627,1.5293538564571776,-1.5293538564571776,-12.391568139157151,-15.450275852071506,0,0,368.07627291462541
0.0010150000000000001,13.90642858385419,-248.67959529765665,-14.190972817119636,13.90642858385419,-28.097401400973826,0,0,0,404.61060958042651
0.0010154999999999999,13.895978561689939,-250.6696738288627,-14.251783998261921,13.912100154586147,-28.16388415284807,0,0,16.121592896208895,426.93468983251591
0.001016,13.89383272565418,-250.29243963980144,-14.248247589865992,13.927023228796898,-28.175270818662892,0,0,33.190503142718583,419.831066741271
0.0010165,13.899525375594177,-247.57931841302599,-14.179186553354903,13.947008301589038,-28.12619485494394,0,0,47.482925994860828,384.42255247732515
0.0010169999999999999,13.910839191662397,-242.91117656413763,-14.05294698971889,13.966549789455533,-28.019496779174425,0,0,55.710597793136081,326.16719796523932
0.0010175,13.924150732433745,-236.95909910242244,-13.886097255247291,13.979675860067863,-27.865773115315154,0,0,55.525127634117169,254.0107275685728
0.001018,13.934991268920442,-230.58072775410687,-13.700867299739054,13.980868166402594,-27.681735466141649,0,0,45.876897482151712,179.00519177152123
0.0010184999999999999,13.938736358638081,-224.68817522583672,-13.521724202320582,13.965910085917233,-27.487634288237818,0,0,27.173727279151336,112.60713144047092
0.0010189999999999999,13.931317979920532,-220.10786202934895,-13.371611681611844,13.932533350976509,-27.304145032588355,0,0,1.2153710559773643,64.917304838401506
0.0010195,13.91653527867212,-24.547795170653593,-1.4288570203261151,1.4288570203261151,-15.345392298998235,-12.487678258346005,0,0,29.825460454280911
0.0010199999999999999,13.902046434030089,248.78623813637228,13.902046434030089,-14.191890909048889,0,-28.093937343078981,0,0,-6.6506522662891641
0.0010204999999999999,13.89166527524945,250.76007825026488,13.908044206187885,-14.252391937105335,0,-28.160436143293218,16.3789309384359,0,-28.726976263310878
0.001021,13.889704041455492,250.34336238628427,13.923358028084351,-14.24790045350014,0,-28.171258481584491,33.653986628860061,0,-21.091428484552896
0.0010215000000000001,13.895663519677562,247.57357034392714,13.943733628356007,-14.177383448700134,0,-28.121117077056141,48.070108678444356,0,15.050737900914473
0.0010219999999999999,13.907280481131728,242.84025036209493,13.963601018271627,-14.049407787955008,0,-28.013008806226637,56.320537139898441,0,74.128251332064991
0.0010225,13.920880269176536,236.82445565228468,13.976934219112335,-13.880805192886244,0,-27.85773941199858,56.05394993579953,0,147.06887028748912
0.001023,13.931945519332047,230.3935471460488,13.97817929041101,-13.694070991300396,0,-27.672250281711406,46.233771078963315,0,222.70020962766247
0.0010234999999999999,13.935813201445448,224.46761481545389,13.963107989488375,-13.513898865443638,0,-27.477006854932011,27.29478804292669,0,289.4700523406006
0.001024,13.928392657649592,219.87809330590648,13.929466123296349,-13.36338564416139,0,-27.292851767457741,1.0734656467573274,0,337.22125887744585
0.0010245,13.913642849814314,22.737398895778711,1.3234790257264351,-1.3234790257264351,-12.590163824087881,-15.237121875540749,0,0,372.37114802699017
0.0010249999999999999,13.899157016550584,-248.92407007976911,-14.194463248459986,13.899157016550584,-28.093620265010568,0,0,0,408.79035901237671
0.0010254999999999999,13.888845201132641,-250.88155129236156,-14.254654919133664,13.905489610747706,-28.160144529881372,0,0,16.64440961506574,430.61316382374162
0.001026,13.887072850754013,-250.42439990028851,-14.249186242799238,13.921205535565859,-28.170391778365101,0,0,34.132684811845806,422.42955530904032
0.0010264999999999999,13.893306398324121,-247.59625639271809,-14.177170315249377,13.941983693894949,-28.119154009144328,0,0,48.677295570828178,385.52929399752242
0.0010269999999999999,13.905235332485873,-242.79557092161576,-14.047400034398997,13.962187402167897,-28.009587436566896,0,0,56.952069682024479,325.60025829924825
0.0010275,13.919132064448945,-236.71366917758763,-13.876978262749114,13.975734354696158,-27.852712617445274,0,0,56.60229024721189,251.84544767206467
0.0010280000000000001,13.930428782124748,-230.22797635274691,-13.688674891465666,13.977033281011101,-27.665708172476769,0,0,46.604498886352665,175.56206514832135
0.0010284999999999999,13.934422231866824,-224.26689419276332,-13.507419445195527,13.96184330489459,-27.46926275009012,0,0,27.421073027765821,108.40205871176444
0.001029,13.926997914262936,-219.66714383026357,-13.356469741850391,13.927924196124051,-27.284393937974443,0,0,0.92628186111542732,60.581946394819923
0.0010295,13.912281299554476,-20.873700159090646,-1.2149984471173547,1.2149984471173547,-15.12727974667183,-12.697282852437121,0,0,25.364039044107784
0.0010299999999999999,13.897796883833962,249.09190831948089,13.897796883833962,-14.198673633076714,0,-28.096470516910674,0,0,-11.002229827169831
0.0010304999999999999,13.887554162122242,251.03279314107178,13.904469423287766,-14.258551586374109,0,-28.163021009661875,16.915261165523866,0,-32.570639827433553
0.001031,13.885972893394191,250.53438272193978,13.920594072015447,-14.252085032815094,0,-28.172679104830543,34.62117862125676,0,-23.831053603733952
0.0010314999999999999,13.89248448331506,247.64663544837458,13.94178145057875,-14.178537026014141,0,-28.120318476592892,49.296967263690277,0,13.840604587832004
0.0010319999999999999,13.90473015401483,242.7771218517934,13.962326733377983,-14.046932138433801,0,-28.009258871811785,57.596579363153111,0,74.637421825493504
0.0010325,13.91892826512926,236.62768140471499,13.976090085263703,-13.874650802872228,0,-27.850740888135931,57.161820134442905,0,149.22287419063625
0.0010329999999999998,13.930459490964804,230.08602708822451,13.97744213199773,-13.684743599578466,0,-27.662185731576194,46.982641032926026,0,226.17230204057515
0.0010334999999999999,13.934579512744476,224.08904215390288,13.962129123421292,-13.502380720451985,0,-27.464509843873277,27.54961067681657,0,293.73193839845203
0.001034,13.927149497890259,219.47882450994959,13.927925096568723,-13.350983754961787,0,-27.278908851530506,0.77559867846363062,0,341.62466097967223
0.0010345,13.912466027974029,18.992906382508465,1.1055228150790128,-1.1055228150790128,-12.806943212895014,-15.017988843053041,0,0,376.91804962245163
0.0010349999999999999,13.897981419928247,-249.28498788781394,-14.204390925872596,13.897981419928247,-28.102372345800845,0,0,0,413.23462754145629
0.0010355,13.887805797514627,-251.2097534687442,-14.263967294737652,13.904990364563151,-28.168957659300801,0,0,17.184567048523746,434.55201406345179
0.001036,13.886413055898919,-250.67060824204955,-14.25651650865434,13.92152047833217,-28.178036986986509,0,0,35.10742243325145,425.26022846550796
0.0010364999999999999,13.893199986671915,-247.72370874867775,-14.181448281171892,13.943114481169337,-28.124562762341231,0,0,49.91449449742278,386.8203391756914
0.0010369999999999999,13.905759898323952,-242.78563990881366,-14.048015843702252,13.963999550195076,-28.012015393897329,0,0,58.239651871124401,325.15742191747808
0.0010375,13.920257314041901,-236.56868376141443,-13.873875061354646,13.977978194235,-27.851853255589646,0,0,57.720880193098182,249.74099304653967
0.0010379999999999999,13.932021422763192,-229.97081901657492,-13.682356372406042,13.97938255815693,-27.661738930562972,0,0,47.36113539373784,172.12309858543728
0.0010384999999999999,13.93626667111147,-223.93744253328666,-13.498871293920068,13.963945462639749,-27.462816756559818,0,0,27.678791528279305,104.15974355801249
0.001039,13.928829556321014,-219.31610988098316,-13.34700723247458,13.929454589438055,-27.276461821912637,0,0,0.62503311704125508,56.189489029641543
0.0010395000000000001,13.914178407934404,-17.125944021950062,-0.99685227024907908,0.99685227024907908,-14.911030678183483,-12.917326137685325,0,0,20.813180458602027
0.0010399999999999999,13.899692017088039,249.50121895592608,13.899692017088039,-14.211544948178151,0,-28.11123696526619,0,0,-15.45941130214932
0.0010405,13.889580837620802,251.41020063509143,13.907030438199154,-14.270826041502895,0,-28.177856479702051,17.449600578353305,0,-36.533849502491449
0.001041,13.888372064293646,250.83095274682648,13.923958105618993,-14.262405488038834,0,-28.186363593657827,35.586041325346301,0,-26.701686335135353
0.0010414999999999999,13.895428438964315,247.82576565735161,13.945950814036754,-14.185838274304349,0,-28.131789088341105,50.522375072438919,0,12.492253121325344
0.001042,13.908296087589818,242.82013432124347,13.967168733116376,-14.050603744832296,0,-28.017772477948675,58.872645526558451,0,75.006532230578074
0.0010425,13.923086505916077,236.53665027586447,13.981357580764357,-13.874629752385466,0,-27.85598733314982,58.271074848279234,0,151.24063946820033
0.0010429999999999999,13.935078176713811,229.88341315459542,13.982811628145271,-13.681522677824923,0,-27.664334305970193,47.733451431460246,0,229.51706912565078
0.0010434999999999999,13.939444948902112,223.81419744018226,13.96725050940222,-13.496931522860544,0,-27.464182032262766,27.805560500106736,0,297.87915598770655
0.001044,13.931999043056326,219.18191043821435,13.93247536748965,-13.344606333525439,0,-27.277081701015089,0.47632443332307162,0,345.9278787799206
0.0010444999999999999,13.917379005604095,15.308786010164454,0.89108069426307068,-0.89108069426307068,-13.026298311341023,-14.808459699867166,0,0,381.39163238801763
0.0010449999999999999,13.902889282537355,-249.73501019227172,-14.219953127870165,13.902889282537355,-28.122842410407522,0,0,0,417.6251142754665
0.0010455,13.89283824366775,-251.62925504159031,-14.278961795525396,13.910541853868919,-28.189503649394318,0,0,17.703610201169262,438.46871712861844
0.0010460000000000001,13.891804303384239,-251.01186674957194,-14.269619916072219,13.927849604022047,-28.197469520094266,0,0,36.045300637807607,428.11932680650085
0.0010464999999999999,13.89911778741817,-247.95092985574996,-14.191619239662984,13.950224177271918,-28.141843416934904,0,0,51.106389853748439,388.20150336024432
0.001047,13.912279680547806,-242.88042464877097,-14.054654118939522,13.9717612746042,-28.026415393543722,0,0,59.48159405639263,324.86800848863214
0.0010475,13.927350562073382,-236.53281265906153,-13.876912539314999,13.986151723791419,-27.86306426310642,0,0,58.801161718037832,247.84513341622841
0.0010479999999999999,13.939560048379626,-229.8259311973334,-13.682266145043897,13.987652895658334,-27.669919040702233,0,0,48.092847278708021,168.93129107044842
0.0010485,13.944042670532747,-223.72166581372957,-13.496593613283132,13.971971150864256,-27.468564764147388,0,0,27.928480331509007,100.18063235639394
0.001049,13.936586901059693,-219.07816596577644,-13.343803884607244,13.936919987776774,-27.280723872384019,0,0,0.3330867170814642,52.051317408550297
0.0010494999999999999,13.921995928333304,-13.570721605132695,-0.7899129311444737,0.7899129311444737,-14.711908859477777,-13.132082997188832,0,0,16.496122008777931
0.0010499999999999999,13.907501398475592,249.98359901712521,13.907501398475592,-14.229499109068687,0,-28.137000507544279,0,0,-19.705346175914375
0.0010505,13.897505672744119,251.8639705953035,13.915449867883265,-14.288251393077894,0,-28.203701260961161,17.944195139145521,0,-40.334483165768205
0.0010509999999999999,13.896635702233874,251.21044655037355,13.933116086251616,-14.278035794436246,0,-28.211151880687858,36.480384017741756,0,-29.498300385879407
0.0010514999999999999,13.904191127717672,248.09663269069057,13.955850834864181,-14.198674518225443,0,-28.154525353089625,51.65970714650927,0,11.10316471516639
0.001052,13.917630150124687,242.96458440454649,13.977688660268402,-14.060066628958994,0,-28.037755289227395,60.058510143716035,0,75.211637765810579
0.0010525000000000001,13.93296507641135,236.5561440872012,13.992268344802898,-13.88064741546842,0,-27.872915760271319,59.303268391549516,0,152.98157835992251
0.0010529999999999999,13.945379197460992,229.79839045189522,13.993812297171909,-13.684540295192281,0,-27.678352592364188,48.433099710916785,0,232.49995186043137
0.0010535,13.949969781026363,223.66089124695256,13.978014325948775,-13.497841486517485,0,-27.475855812466261,28.044544922412022,0,301.62021445913524
0.001054,13.942502801315332,219.00674277388083,13.942699655428669,-13.344609906732595,0,-27.287309562161266,0.19685411333802705,0,349.82817788300957
0.0010544999999999999,13.927938474981305,11.945479800569501,0.69531224924886104,-0.69531224924886104,-13.232626225732446,-14.623250724230166,0,0,385.4756448569126
0.0010549999999999999,13.913437758193195,-250.24082626313333,-14.239958196031264,13.913437758193195,-28.153395954224461,0,0,0,421.65120293545664
0.0010555,13.903491037067393,-252.10887994347769,-14.298486404569386,13.921656087554304,-28.220142492123692,0,0,18.165050486909635,442.08581694511031
0.0010559999999999999,13.902769965176812,-251.42249469601882,-14.287477283928464,13.939650337548914,-28.227127621477383,0,0,36.880372372101348,430.80366833824479
0.0010564999999999999,13.910546245638738,-248.26025754872802,-14.206870246627076,13.962715403886866,-28.169585650513941,0,0,52.169158248127957,389.57351080230944
0.001057,13.924238886693614,-243.0715819515186,-14.066750551469433,13.984829428357347,-28.051579979826784,0,0,60.590541663734612,324.75027339095413
0.0010574999999999998,13.939815780585176,-236.6069125323381,-13.885779994578312,13.999582928377851,-27.885362922956162,0,0,59.767147792674407,246.28921540322068
0.0010579999999999999,13.95241740716118,-229.80185244400056,-13.688313994784767,14.001165584813657,-27.689479579598427,0,0,48.748177652477601,166.20929706542836
0.0010585,13.957106396514151,-223.63310798164184,-13.500650654636914,13.985259017531217,-27.48590967216813,0,0,28.152621017064931,96.742943684421306
0.001059,13.949627564383409,-218.96843460020509,-13.346989721031022,13.949698643928578,-27.2966883649596,0,0,0.071079545168288405,48.457030005834447
0.0010594999999999999,13.935086631547135,-10.458754255489712,-0.60877420305704044,0.60877420305704044,-14.543860834604175,-13.326312428490095,0,0,12.717311127934986
0.00106,13.920578472638706,250.50353603851127,13.920578472638706,-14.251178563494665,0,-28.171757036133371,0,0,-23.44038799039367
0.0010605,13.910674121968048,252.36058716557642,13.929038495524177,-14.309506948761525,0,-28.238545444285705,18.364373556128484,0,-43.70398629856976
0.0010609999999999999,13.910085611645133,251.64455188091441,13.947327112909031,-14.297781044516524,0,-28.245108157425555,37.241501263897817,0,-32.022670054601093
0.0010614999999999999,13.918059464088893,248.43854248968233,13.970688674841142,-14.216046854622636,0,-28.186735529463778,52.629210752249456,0,9.7728714489156445
0.001062,13.931979291400776,243.19864979128079,13.993050303969987,-14.074558690541267,0,-28.06760899451125,61.071012569211383,0,75.24041618594768
0.0010624999999999999,13.947772846128235,236.68311527270893,14.00795886942204,-13.892183698107083,0,-27.900142567529123,60.186023293806429,0,154.32554537753825
0.0010629999999999999,13.960541909683402,229.83525688648632,14.009574463018193,-13.693487277520108,0,-27.703061740538299,49.032553334792041,0,234.91354754915972
0.0010635,13.965317800089505,223.63822826095989,13.993567682774477,-13.504949860711564,0,-27.498517543486042,28.249882684973194,0,304.6943601628904
0.0010640000000000001,13.957815486715731,38.662207923731955,2.2504166597892272,-2.2504166597892272,-11.707398826926504,-16.208232146504958,0,0,353.03436215315759
0.0010644999999999999,13.943283664241275,9.1738661963345862,0.53398454024236131,-0.53398454024236131,-13.409299123998913,-14.477268204483636,0,0,388.84116443212645
0.001065,13.928766971201982,-250.76137129638732,-14.262780268178686,13.928766971201982,-28.191547239380668,0,0,0,424.98666662473141
0.0010655,13.918895827008399,-252.60951785642644,-14.320949237106998,13.937427214397001,-28.258376451503999,0,0,18.531387388602418,445.10828344534525
0.0010659999999999999,13.918416204152731,-251.86882359397734,-14.308627245950769,13.955960725406374,-28.264587971357145,0,0,37.544521253643182,433.09214300990692
0.0010665,13.926553674847961,-248.62612228452986,-14.225947508713109,13.979569390289818,-28.20551689900293,0,0,53.015715441857886,390.82046312342004
0.001067,13.940662192383746,-243.34306245452399,-14.083304733799835,14.002137246808422,-28.085441980608255,0,0,61.47505442467547,324.80860978916991
0.0010674999999999999,13.956635705067113,-236.78442458281268,-13.899738045151455,14.017174071995592,-27.916912117147046,0,0,60.538366928479114,245.19451159357124
0.0010679999999999999,13.96954323846221,-229.90004235188138,-13.69998997682643,14.018814544579802,-27.718804521406231,0,0,49.271306117593213,164.17392907564437
0.0010685,13.974389429875838,-223.67856211701081,-13.510696065867212,14.002719415805124,-27.51341548167234,0,0,28.329985929285584,94.123079655707045
0.0010689999999999999,13.966848129090845,-37.671355480419756,-2.1927419700710042,2.1927419700710042,-16.15959009916185,-11.774106159019841,0,0,45.760788028522441
0.0010694999999999999,13.952306902511888,-8.1546754955945993,-0.47466036152571711,0.47466036152571711,-14.426967264037605,-13.47764654098617,0,0,9.9195143507970371
0.00107,13.937780815158936,251.00576511052603,13.937780815158936,-14.274402619647628,0,-28.212183434806562,0,0,-26.222830724991503
0.0010705000000000001,13.92793220883404,252.84721586169067,13.946591352334433,-14.332451584181017,0,-28.279042936515452,18.659143500394137,0,-46.240411121593098
0.0010709999999999999,13.927533050197709,252.08761622467549,13.965309491441634,-14.319671028224551,0,-28.284980519666185,37.776441243924282,0,-33.970886136568069
0.0010715,13.935792895020985,248.81667763081842,13.989104428789361,-14.236261674553218,0,-28.22536610334258,53.311533768375817,0,8.6641313362929218
0.001072,13.950042926093509,243.50034503812921,14.011827007909218,-14.092726822538106,0,-28.104553830447326,61.78408181570898,0,75.093116635420955
0.0010724999999999999,13.96615109251241,236.90844878295408,14.026958413911061,-13.908238435933651,0,-27.935196849844708,60.807321398650096,0,155.11391000451619
0.001073,13.979161201726182,229.99584691464662,14.028613717795608,-13.70767563342546,0,-27.736289351221064,49.452516069426146,0,236.46834972207699
0.0010735,13.984057330150758,223.75541232188067,14.012446033054371,-13.517793271644161,0,-27.530239304698529,28.388702903611453,0,306.72923454757648
0.0010739999999999999,13.976481039720003,36.952158808719958,2.1508795866589949,-2.1508795866589949,-11.825601453061008,-16.127360626378998,0,0,355.11079686095201
0.0010744999999999999,13.961929784082606,7.407025914516737,0.43114181555283793,-0.43114181555283793,-13.530787968529765,-14.393071599635444,0,0,390.98659399049166
0.001075,13.947393678112714,-251.23153146084746,-14.285781483911913,13.947393678112714,-28.233175162024626,0,0,0,427.13585999789211
0.0010754999999999999,13.93755682102368,-253.06917237139004,-14.343768814722118,13.956303039540741,-28.30007185426286,0,0,18.746218517060008,447.08944155242739
0.0010759999999999999,13.937209157568617,-252.29722119897212,-14.330690116897037,13.97514471435337,-28.305834831250404,0,0,37.935556784751952,434.65126422197238
0.0010765,13.945549735442215,-249.00722946908351,-14.246788569656562,13.999065571178962,-28.245854140835526,0,0,53.515835736747221,391.76878136673815
0.001077,13.959894364019597,-243.6680030265575,-14.10263929795607,14.021893384466246,-28.12453268242232,0,0,61.999020446649574,325.05143052219847
0.0010774999999999999,13.976093114248986,-237.05281483736238,-13.917504437195856,14.037089068632948,-27.954593505828804,0,0,60.99595438396193,244.74553852058301
0.001078,13.989172154813735,-230.12001918366349,-13.716357790314913,14.038753331999311,-27.755111122314226,0,0,49.581177185576557,163.15291275772239
0.0010785,13.994100869403759,-223.86550258873191,-13.526038889468408,14.022533036045395,-27.548571925513809,0,0,28.432166641636229,92.73718519709648
0.0010789999999999999,13.986498160332168,-36.494303599399139,-2.1242291430821685,2.1242291430821685,-16.110727303414336,-11.86226901725,0,0,44.331554293263657
0.0010794999999999999,13.971936475625942,-6.9213867496375876,-0.40287414730569077,0.40287414730569077,-14.374810622931632,-13.569062328320252,0,0,8.4219714729313182
0.00108,13.957389951445176,251.43742310991792,13.957389951445176,-14.296772831597048,0,-28.254162783042222,0,0,-27.743150220731764
0.0010804999999999999,13.947555052582759,253.27340893624708,13.966350759224808,-14.354737640253104,0,-28.321088399477912,18.795706642049463,0,-47.669612221843039
0.0010809999999999999,13.947232109713934,252.49467515301401,13.98525877151803,-14.341494474364197,0,-28.326753245882227,38.026661804096207,0,-35.14152574389864
0.0010815,13.95561442386094,249.19380046822613,14.009247948923145,-14.257309991430979,0,-28.266557940354126,53.633525062205429,0,7.8795259326814602
0.0010819999999999998,13.970009072887159,243.84123667557901,14.03213252621471,-14.112800506141046,0,-28.144933032355752,62.123453327550564,0,74.762571152435711
0.0010824999999999999,13.986255772242039,237.21226486698029,14.047361334761359,-13.927280622740337,0,-27.974641957501692,61.105562519320031,0,155.23569826012317
0.001083,13.999370314646606,230.26729867929021,14.049026309426573,-13.725779758579826,0,-27.774806068006399,49.65599477996664,0,236.97142309339418
0.0010835,14.004313285493616,224.00401805697445,14.032770181601977,-13.535187631884117,0,-27.567957813486093,28.456896108360432,0,307.4842965466359
0.0010839999999999999,13.996689654287353,36.292369707975581,2.1124751482163759,-2.1124751482163759,-11.884214506070975,-16.109164802503727,0,0,355.91192793592586
0.0010845,13.982117358967951,6.6931897372936646,0.38959145120861294,-0.38959145120861294,-13.592525907759338,-14.371708810176564,0,0,391.85336714929508
0.001085,13.967560235220979,-251.61938814177185,-14.307154023823273,13.967560235220979,-28.274714259044252,0,0,0,428.04192069932031
0.0010854999999999999,13.957717631413169,-253.45629884557485,-14.365147693289844,13.97652487840408,-28.341672571693927,0,0,18.807246990910244,447.97699993027209
0.0010859999999999999,13.957392747496135,-252.67681013751258,-14.351887305759526,13.995442444793143,-28.347329750552671,0,0,38.049697297008755,435.43677538372168
0.0010865,13.965778210991013,-249.37357067048208,-14.267639930928265,14.019443640503697,-28.287083571431964,0,0,53.665429512683801,392.38447750429793
0.0010869999999999999,13.98017923266262,-244.01734459897045,-14.123028952909985,14.042338634510632,-28.165367587420622,0,0,62.159401848012202,325.45568078590031
0.0010874999999999999,13.996432745290591,-237.38392181615168,-13.937381673440646,14.05757200224186,-27.994953675682506,0,0,61.139256951269942,244.92917257140078
0.001088,14.009551265377988,-230.43434445253538,-13.735743927289969,14.05923188879853,-27.794975816088503,0,0,49.680623420542446,163.14054559350649
0.0010885000000000001,14.014492110728568,-224.16694469700477,-13.545023069802413,14.04295829241056,-27.587981362212975,0,0,28.466181681991522,92.583350605349636
0.0010889999999999999,14.006854913431857,-36.32949259344857,-2.1146359653143745,2.1146359653143745,-16.121490878746233,-11.892218948117483,0,0,44.131458273832713
0.0010895,13.992272034812981,-6.7052282347203773,-0.39029217774811686,0.39029217774811686,-14.382564212561098,-13.601979857064864,0,0,8.1595215053844399
0.00109,13.977704338785067,251.77730452194035,13.977704338785067,-14.316821513533915,0,-28.294525852318984,0,0,-28.059973656548816
0.0010904999999999999,13.967845672837443,253.6170213111225,13.986630904904491,-14.374877915791716,0,-28.361508820696205,18.785232067047051,0,-48.036365980789938
0.001091,13.9674953142245,252.84172839638453,14.005507274762055,-14.361719190252893,0,-28.367226465014948,38.011960537554579,0,-35.554343062240605
0.0010915,13.975849449490868,249.54342731895062,14.029469331609857,-14.277596139752179,0,-28.307065471362037,53.619882118989217,0,7.4316271368989035
0.0010919999999999999,13.990217355974726,244.19211375443948,14.052331738969214,-14.133112004726177,0,-28.185443743695387,62.114382994487109,0,74.295999694679367
0.0010924999999999999,14.00643992803624,237.56280354730157,14.067542202629486,-13.947573099576484,0,-28.015115302205967,61.102274593246413,0,154.76977132757986
0.001093,14.019532939885654,230.61587631865166,14.069190156164893,-13.746006601299522,0,-27.815196757464417,49.657216279239016,0,236.52540665716234
0.0010934999999999999,14.024455768602902,224.3492139946911,14.052914843668669,-13.555306370748356,0,-27.608221214417025,28.459075065766186,0,307.07446001672804
0.0010939999999999999,14.016810664972883,36.591834569635523,2.1299061421997152,-2.1299061421997152,-11.886904522773168,-16.146716807172599,0,0,355.54826417325427
0.0010945,14.002217421178015,6.9449754898375318,0.40424718047632879,-0.40424718047632879,-13.597970240701684,-14.406464601654344,0,0,391.54759403362448
0.0010950000000000001,13.987639370765546,-251.90827892918071,-14.325599656553699,13.987639370765546,-28.313239027319245,0,0,0,427.80333406814867
0.0010954999999999999,13.977756624388261,-253.75299135174234,-14.383762112776008,13.99648688053569,-28.380248993311699,0,0,18.730256147429138,447.85100381641388
0.001096,13.977357990515539,-252.98710100614625,-14.370832250755894,14.0152730209916,-28.386105271747496,0,0,37.915030476060274,435.49392998735271
0.0010965,13.985647595828564,-249.70113098001249,-14.287024579925214,14.039147248242813,-28.326171828168029,0,0,53.499652414249468,392.66703839628815
0.0010969999999999999,13.999944738704921,-244.36314752389353,-14.142892497526967,14.061936975159709,-28.204829472686676,0,0,61.992236454788049,325.97115756921835
0.0010975,14.016100860279275,-237.74608588458426,-13.957686679447805,14.077099871786455,-28.034786551234259,0,0,60.999011507179794,245.64923758758482
0.001098,14.029141178711747,-230.80841557630123,-13.756381479704638,14.07873102851568,-27.83511250822032,0,0,49.589849803933802,164.00544870410158
0.0010984999999999999,14.034031961801196,-224.54657271626098,-13.565828886620594,14.062470188397789,-27.628299075018386,0,0,28.438226596593346,93.511150149278166
0.0010989999999999999,14.026385518716642,-37.05666016320432,-2.1569623119282286,2.1569623119282286,-16.18334783064487,-11.869423206788413,0,0,45.014466516039164
0.0010995,14.011782306307778,-7.3888949666691959,-0.43008646488133767,0.43008646488133767,-14.441868771189116,-13.581695841426439,0,0,8.989719898417313
0.0010999999999999998,13.997194297659879,252.01332349358233,13.997194297659879,-14.333432511713672,0,-28.330626809373552,0,0,-27.307825823742579
0.0011004999999999999,13.987280959941497,253.86450795475321,14.005928599187961,-14.391726976757258,0,-28.397655575945219,18.647639246463775,0,-47.45331681549186
0.001101,13.986815012575708,253.11204702443598,14.024582950475491,-14.379122536762759,0,-28.403705487238248,37.767937899783789,0,-35.279036657778434
0.0011015,13.99501197007098,249.84441016593809,14.048327335032795,-14.295784124587353,0,-28.344111459620148,53.315364961814133,0,7.3081098225232033
0.0011019999999999999,14.009206029257054,244.52685312946491,14.071009021871463,-14.152193175025383,0,-28.223202196896846,61.802992614408986,0,73.744037994060207
0.0011025,14.025264757388255,237.92917455814415,14.086101824770818,-13.967517046639784,0,-28.053618871410603,60.83706738256209,0,153.82563315961147
0.001103,14.038228256088635,231.00686188269083,14.087710793952333,-13.766648189112919,0,-27.85435898306525,49.482537863697452,0,235.28554843323622
0.0011034999999999999,14.043074154776694,224.75398048612686,14.071477925021195,-13.576370647645337,0,-27.647848572666529,28.403770244501722,0,305.68059551289906
0.0011039999999999999,14.03543162050469,37.704331348078654,2.1946614011106647,-2.1946614011106647,-11.840770219394024,-16.230093021615353,0,0,354.19736113118148
0.0011045,14.020818989978398,8.0187224395165799,0.46674692256872063,-0.46674692256872063,-13.554072067409678,-14.487565912547119,0,0,390.2437228830143
0.0011049999999999999,14.006221573018506,-252.09065618203272,-14.340194464934667,14.006221573018506,-28.346416037953173,0,0,0,426.5861371274018
0.0011054999999999999,13.996271610539608,-253.95003661277582,-14.398654990915462,14.014810288089759,-28.413465279005223,0,0,18.538677550151107,446.85241995965782
0.001106,13.995720492824468,-253.21516254144302,-14.386477686936734,14.033293994629096,-28.419771681565834,0,0,37.573501804627597,434.91355378153145
0.0011064999999999998,14.003798615252506,-249.97177936698864,-14.303761738949785,14.056869934635188,-28.360631673584976,0,0,53.071319382681004,392.63982778747373
0.0011069999999999999,14.017859835675084,-244.68139702167591,-14.16089267653636,14.079411853088812,-28.240304529625174,0,0,61.552017413727988,326.54683553703978
0.0011075,14.033793120701548,-238.1096265483624,-13.976926658465631,14.094415187052785,-28.071341845518418,0,0,60.622066351238146,246.78482825374792
0.001108,14.046658411386987,-231.20797186073736,-13.77664680376582,14.095998448469354,-27.872645252235177,0,0,49.340037082367289,165.57206576010378
0.0011084999999999999,14.051448570323743,-224.96733106300798,-13.586746510894606,14.07980689186696,-27.666553402761568,0,0,28.358321543217691,95.313964261545436
0.001109,14.04381571076518,-38.508018872828075,-2.2414417556762571,2.2414417556762571,-16.285257466441436,-11.802373955088923,0,0,46.776837464670287
0.0011095,14.029194351357825,-8.8065888281631004,-0.51260637400500786,0.51260637400500786,-14.541800725362833,-13.516587977352817,0,0,10.711237719431573
0.0011099999999999999,14.014588214604721,252.14233813196847,14.014588214604721,-14.345879142446236,0,-28.360467357050958,0,0,-25.679501831158333
0.0011104999999999999,14.004597205657992,254.01091210068779,14.023006472829952,-14.404522369886749,0,-28.427528842716701,18.409267171960195,0,-46.085812703021332
0.001111,14.003947194617737,253.29653274211046,14.041289017451994,-14.392841675639325,0,-28.434130693091319,37.341822834256547,0,-34.425077357563737
0.0011114999999999999,14.011885955911067,250.08181745406662,14.064665497313722,-14.310861302094832,0,-28.375526799408554,52.779541402656058,0,7.4751735448739538
0.0011119999999999999,14.02579059869014,244.8238924107643,14.087041454559188,-14.168854945916793,0,-28.255896400475983,61.25085586904833,0,73.156690645834303
0.0011125,14.0415756418453,238.28340260880174,14.101938638264672,-13.985747229015606,0,-28.087685867280278,60.362996419372209,0,152.5323446918668
0.0011130000000000001,14.054324959044756,231.40706575560154,14.103492357675051,-13.786190220531047,0,-27.889682578206099,49.167398630295146,0,233.44309006114307
0.0011134999999999999,14.059050057386717,225.18190741551075,14.087352583408496,-13.596766853150713,0,-27.684119436559207,28.302526021778256,0,303.52973996330218
0.001114,14.051431377235044,39.444657647462407,2.2959608226369355,-2.2959608226369355,-11.755470554598109,-16.34739219987198,0,0,352.08410659106806
0.0011145,14.036802088971395,9.7307430841560176,0.56639875280562535,-0.56639875280562535,-13.470403336165774,-14.603200841777021,0,0,388.16480558811151
0.0011149999999999999,14.022188031616924,-252.1675768391556,-14.350410415221733,14.022188031616924,-28.372598446838659,0,0,0,424.60476420687212
0.0011155,14.012152086750078,-254.04655932709574,-14.409260427495216,14.03041318252928,-28.439673610024499,0,0,18.261095779202833,445.16638113656438
0.001116,14.011390869724208,-253.35564623891736,-14.398149290415509,14.048467287000843,-28.446616577416354,0,0,37.076417276635411,433.82042610912606
0.0011164999999999999,14.019172022449926,-250.17383823253311,-14.317014472245353,14.071617222101523,-28.388631694346877,0,0,52.445199651596319,392.34554818653766
0.0011169999999999999,14.032899306892956,-244.95319981602239,-14.176000450889665,14.093805060282945,-28.26980551117261,0,0,60.905753389988526,327.13426213130674
0.0011175,14.048516559877466,-238.44865234184451,-13.993880190514206,14.108582768147956,-28.102462958662162,0,0,60.066208270488865,248.20127142494795
0.0011179999999999999,14.061135121411654,-231.60141012479536,-13.795155055486431,14.110104933613929,-27.905259989100362,0,0,48.969812202275051,167.63766281759317
0.0011184999999999999,14.065787895912015,-225.39406112276035,-13.60628139719366,14.094026937997269,-27.700308335190929,0,0,28.239042085253047,97.749566526399974
0.001119,14.058188208245218,-40.485476339874154,-2.356543904954532,2.356543904954532,-16.414732113199751,-11.701644303290685,0,0,49.178031554334154
0.0011195000000000001,14.043551885279841,-10.761214599353849,-0.62637955550096081,0.62637955550096081,-14.669931440780802,-13.417172329778881,0,0,13.084742714871453
0.0011199999999999999,14.028930800547641,252.16932355307932,14.028930800547641,-14.353829198978792,0,-28.382759999526431,0,0,-23.405849942873779
0.0011205,14.018847655706486,254.05920596332584,14.036947948125718,-14.412892872167255,0,-28.44984082029297,18.100292419232282,0,-44.134246011068328
0.001121,14.017967178373453,253.39345842887843,14.054755007526422,-14.402391505815196,0,-28.45714651334162,36.787829152969294,0,-33.129444980593007
0.0011214999999999999,14.025578350734055,250.24724547839108,14.077659264209121,-14.322170990871944,0,-28.399830255081064,52.080913475066033,0,7.8824060514763268
0.001122,14.039113779350178,245.06719592809216,14.099642688943945,-14.1822373719972,0,-28.281880060941145,60.528909593766286,0,72.579931017792248
0.0011225,14.054549215776321,238.60203164841138,14.114290516460303,-14.001199616420159,0,-28.115490132880463,59.741300683981038,0,151.02726654871546
0.0011229999999999999,14.067026085115719,231.78695562400281,14.115778876999514,-13.803394716296426,0,-27.919173593295938,48.752791883794522,0,231.20776380862344
0.0011234999999999999,14.071600934097004,225.59965457440796,14.099769677761703,-13.615139491421353,0,-27.714909169183056,28.168743664697857,0,300.87391453086127
0.001124,14.064006427181846,220.91009192183981,14.064075504525849,-13.460686610928844,0,-27.524762115454692,0.069077344002209884,0,349.42871516396701
0.0011244999999999998,14.0493469063052,11.928899979370044,0.69434718522776251,-0.69434718522776251,-13.354999721077434,-14.743694091532962,0,0,385.49558444414976
0.0011249999999999999,14.034719788235128,-252.14130760362588,-14.355904489432062,14.034719788235128,-28.39062427766719,0,0,0,422.03368758230857
0.0011255,14.024585648990438,-254.04298481715293,-14.41519642952751,14.04250597833923,-28.457702407866741,0,0,17.920329348791377,442.94047788988627
0.001126,14.023573390298267,-253.40511814111369,-14.405369804479788,14.060037690845975,-28.465407495325763,0,0,36.46430054770871,432.3106882431739
0.0011264999999999999,14.030995650824751,-250.29858363180688,-14.326168142829266,14.082667411218649,-28.408835554047918,0,0,51.671760393897245,391.81226859810096
0.001127,14.044317192951267,-245.16391742953286,-14.187442326926613,14.104421836154632,-28.291864163081247,0,0,60.104643203365093,327.6872918358236
0.0011275,14.059549454140347,-238.74288656501517,-14.007617373264374,14.118923577874746,-28.12654095113912,0,0,59.374123734398445,249.78346671091754
0.0011279999999999999,14.07186757865181,-231.96394875226397,-13.810845899380535,14.120373071781575,-27.93121897116211,0,0,48.505493129765107,170.03401428212663
0.0011284999999999999,14.076354687784862,-225.79929129088572,-13.62328827069407,14.104439760909049,-27.727728031603121,0,0,28.085073124186501,100.62055247852646
0.001129,14.068758812156133,-221.11546566809611,-13.469092588737205,14.0689258896419,-27.538018478379108,0,0,0.16707748576572357,52.101807896480196
0.0011294999999999999,14.054070286832099,-13.224854893112047,-0.76978101802835763,0.76978101802835763,-14.823851304860456,-13.284289268803741,0,0,16.076330806701531
0.0011299999999999999,14.039438251135241,252.08428089272897,14.039438251135241,-14.35659988089404,0,-28.396038132029283,0,0,-20.511175000441874
0.0011305,14.029250422460059,253.99841997173434,14.046975542495986,-14.416130560528275,0,-28.463106103024263,17.725120035926533,0,-41.610400705944869
0.0011309999999999998,14.028096725649602,253.39055789931948,14.06420962493041,-14.40702941925991,0,-28.471239044190316,36.112899280807127,0,-31.387604381593935
0.0011314999999999999,14.035315282323525,250.32699878838662,14.086542051421679,-14.328931296419819,0,-28.415473347841495,51.226769098152964,0,8.5519519894778604
0.001132,14.048405688746868,245.24172005345449,14.108048297365142,-14.191520358586112,0,-28.299568655951255,59.642608618274473,0,72.052102544494232
0.0011325,14.06341820879322,238.86895231024815,14.12239198014689,-14.013022540040444,0,-28.135414520187332,58.973771353670237,0,149.3610511114826
0.0011329999999999999,14.075564842077304,232.12979689036675,14.123800485215948,-13.817389600836604,0,-27.941190086052551,48.235643138644818,0,228.6367642619559
0.0011335,14.079957941315246,225.99039324878282,14.107952034260439,-13.630610095149304,0,-27.73856212940974,27.994092945192676,0,297.77010152454136
0.001134,14.072362669370351,221.31347973657432,14.072638156584503,-13.476715681789734,0,-27.549353838374241,0.27548721415227817,0,346.24500852387337
0.0011344999999999999,14.057644133445537,14.626735154469714,0.85138046266981249,-0.85138046266981249,-13.206263670775726,-14.90902459611535,0,0,382.21961674860364
0.0011349999999999999,14.043008376929718,-251.99782555672215,-14.35586433355784,14.043008376929718,-28.398872710487559,0,0,0,418.85447748213642
0.0011355,14.032764602073826,-253.92518802169636,-14.415647910354043,14.050280696356513,-28.465928606710555,0,0,17.516094282686971,440.1549944689778
0.0011359999999999999,14.031460960907983,-253.34942641870083,-14.407323468283897,14.067197438551464,-28.474520906835362,0,0,35.736477643481138,430.36427188594718
0.0011364999999999999,14.038462817227558,-250.33191854552712,-14.330408605834924,14.089212772733484,-28.419621378568408,0,0,50.749955505925961,391.02055599683376
0.001137,14.051307069444462,-245.29958342684628,-14.194407976801937,14.110454476736717,-28.304862453538657,0,0,59.147407292254869,328.18801781791882
0.0011375000000000001,14.066085580315935,-238.97855224392734,-14.017333501273153,14.12463011786323,-28.141963619136384,0,0,58.544537547294766,251.5156914127756
0.0011379999999999999,14.078049838130202,-232.28203373675396,-13.822921416917641,14.125995947295072,-27.948917364212715,0,0,47.946109164869725,172.74790654287261
0.0011385,14.082343510020859,-226.16969410128513,-13.636976377053124,14.110239574560602,-27.747215951613729,0,0,27.896064539743335,103.91616090743369
0.001139,14.074750108925675,-221.50020859519586,-13.483405934900706,14.075141051711336,-27.558546986612043,0,0,0.3909427856604637,55.490802698137699
0.0011394999999999999,14.060001537677122,-16.103734058725987,-0.93735234888970043,0.93735234888970043,-14.997353886566822,-13.122649188787422,0,0,19.572132515585999
0.00114,14.045363326810202,251.88543385545751,14.045363326810202,-14.353766205018806,0,-28.399129531829008,0,0,-17.109587129249551
0.0011405,14.035063018324927,253.82614759161785,14.05236267260285,-14.413802408035457,0,-28.466165080638309,17.299654277923512,0,-38.617277154330495
0.0011409999999999999,14.033605389763343,253.28336576651319,14.068951613755933,-14.406275057675272,0,-28.475226671431205,35.346223992591135,0,-29.273849905134956
0.0011414999999999999,14.040383823341708,250.31344565619892,14.090638811189871,-14.330582703758262,0,-28.42122151494813,50.254987848162322,0,9.4513707861351115
0.001142,14.052973776706379,245.33605019852712,14.111606430650333,-14.196045769311002,0,-28.307652199961336,58.632653943954018,0,71.589307703843886
0.0011424999999999999,14.067510279139837,239.06893566836189,14.125607976712724,-14.020455127364354,0,-28.146063104077079,58.09769757288737,0,147.59756097289093
0.0011429999999999999,14.079285960941274,232.41710387729725,14.126930149407633,-13.827323126151216,0,-27.954253275558848,47.644188466358933,0,225.83359497107833
0.0011435,14.083477295361636,226.33344120536236,14.111270868027356,-13.642262047483056,0,-27.753532915510412,27.793572665720902,0,294.34725242239369
0.0011440000000000001,14.075887242652325,221.67230849739406,14.076398801936884,-13.489048064362574,0,-27.565446866299457,0.51155928455895605,0,342.71661981758473
0.0011444999999999999,14.061109172842304,17.629648941724724,1.0261714944722478,-1.0261714944722478,-13.034937678370056,-15.087280667314552,0,0,378.57320295032326
0.001145,14.046469808789372,-251.74784633849001,-14.35031044145059,14.046469808789372,-28.396780250239964,0,0,0,415.29824013930931
0.0011455,14.036112924105465,-253.70217248559987,-14.410604174012116,14.053190766063366,-28.463794940075488,0,0,17.077841957901796,437.01422242970125
0.0011459999999999999,14.034498825671751,-253.19320027821988,-14.403894657690378,14.069445031124351,-28.473339688814733,0,0,34.946205452601269,428.12605277204733
0.0011464999999999999,14.041049594817306,-250.2721063701299,-14.32945744619016,14.090797191822935,-28.420254638013098,0,0,49.747597005629203,390.03245760766333
0.001147,14.053380225167675,-245.3510794241727,-14.196423079349335,14.111485211688493,-28.30790829103783,0,0,58.104986520816816,328.60501062183442
0.0011474999999999999,14.067670010695428,-239.1392630066118,-14.022355032008649,14.125309687610335,-28.147664719618984,0,0,57.639676914906673,253.27676376927644
0.0011479999999999999,14.079253757523253,-232.53323469791397,-13.830535793744284,14.126588492436762,-27.957124286181045,0,0,47.334734913508051,175.58589975384982
0.0011485,14.083341548675039,-226.47893930532865,-13.646380660535424,14.111030051923249,-27.757410712458675,0,0,27.688503248211383,107.39924185794912
0.0011489999999999998,14.075756245856802,-221.82634139761115,-13.49353187319069,14.076391318407579,-27.569923191598267,0,0,0.63507255077613678,59.089136548032755
0.0011494999999999999,14.060949821703854,-19.171589299168637,-1.1159234371351801,1.1159234371351801,-15.176873258839034,-12.945026384568674,0,0,23.297398640290314
0.00115,14.046310623555282,251.58950031101674,14.046310623555282,-14.345617727169486,0,-28.391928350724768,0,0,-13.468517996198148
0.0011505,14.035898764916903,253.55702798402669,14.052755933256028,-14.406158387732797,0,-28.458914320988828,16.857168339126062,0,-35.390370820694713
0.0011509999999999999,14.034130189980976,253.0814275389292,14.068677948887505,-14.400255161180574,0,-28.468933110068079,34.547758906528585,0,-26.954871687858603
0.0011515,14.040455339050288,250.20880120782812,14.08969689627315,-14.327063554788527,0,-28.41676045106168,49.241557222862184,0,10.509010670221553
0.001152,14.052528465807447,245.3439546226399,14.110106465206668,-14.195526847759945,0,-28.305633312966613,57.577999399221902,0,71.226524192521296
0.0011524999999999999,14.066572983075476,239.18747612856427,14.123754514100202,-14.022982876086424,0,-28.146737390186626,57.181531024725487,0,145.87360392271489
0.0011529999999999999,14.077965895728724,232.62753050141046,14.124990471314497,-13.832484794732007,0,-27.957475266046504,47.02457558577251,0,223.01647636249547
0.0011535,14.081951091332279,226.60308294949184,14.109533791883763,-13.64925006713861,0,-27.758783859022373,27.582700551484585,0,290.87213399451338
0.0011539999999999999,14.074371665648645,221.9596205719549,14.075130268106326,-13.496784914659404,0,-27.571915182765729,0.75860245768146228,0,339.11862120991884
0.0011544999999999999,14.059538709536081,20.70206461270385,1.2050080323494576,-1.2050080323494576,-12.854530677186624,-15.264546741885539,0,0,374.84240183949828
0.001155,14.044900980530839,-251.41205333784822,-14.339743949995961,14.044900980530839,-28.384644930526804,0,0,0,411.6441779220055
0.0011554999999999998,14.034436279695257,-253.39252639081496,-14.400526799756431,14.051076095645062,-28.451602895401493,0,0,16.639815949805786,433.76505029669283
0.0011559999999999999,14.032516841213987,-252.94981664476444,-14.39541895885084,14.066672090340994,-28.462091049191837,0,0,34.155249127006314,425.77249332007773
0.0011565,14.038621030639806,-250.12499251416551,-14.323456695477553,14.087364076449104,-28.410820771926655,0,0,48.743045809296824,388.92678424902016
0.001157,14.05044179569494,-245.31554954414983,-14.193397764223821,14.107500690994369,-28.300898455218189,0,0,57.058895299428436,328.90724842489539
0.0011574999999999999,14.06424603323743,-239.21361966090763,-14.022356891315667,14.120976354418234,-28.143333245733903,0,0,56.73032118080458,254.93053098541802
0.001158,14.075452324145186,-232.69906780319658,-13.833160932323008,14.122171538173284,-27.955332470496295,0,0,46.719214028097078,178.32753606055627
0.0011585,14.079337838169916,-226.70399107716398,-13.650832649836826,14.106816493078894,-27.757649142915721,0,0,27.478654908977049,110.7987494806398
0.0011589999999999999,14.071765566458902,-222.06949170361031,-13.49874499592789,14.072645956798844,-27.571390952726734,0,0,0.88039033994287053,62.616577969705958
0.0011594999999999999,14.056908265186191,-22.188636636659552,-1.2915371425152764,1.2915371425152764,-15.348445407701467,-12.765371122670915,0,0,26.960961956158648
0.00116,14.042273274800783,251.22065843656691,14.042273274800783,-14.33285541712544,0,-28.375128691926225,0,0,-9.8727114511675609
0.0011604999999999999,14.031759408299987,253.21315883035632,14.048191510386589,-14.393860360855195,0,-28.442051871241787,16.432102086602598,0,-32.182279018844255
0.0011609999999999999,14.02969700673833,252.80161457068408,14.063476665936426,-14.389505226824832,0,-28.452981892761258,33.779659198095416,0,-24.612641479469236
0.0011615,14.035590927608942,250.02236220929763,14.08385630175651,-14.318714623711729,0,-28.40257092546824,48.265374147568956,0,11.641086669834557
0.0011620000000000001,14.047171021613615,245.26596367330308,14.103731777545612,-14.190070638283453,0,-28.293802415829067,56.560755931997001,0,70.990588265372509
0.0011624999999999999,14.060745820122984,239.21648270675743,14.117042418315405,-14.020475369901225,0,-28.137517788216634,56.296598192422159,0,144.32206837834659
0.001163,14.071773872777914,232.74582123434141,14.118198901232082,-13.832538769381044,0,-27.950737670613126,46.42502845416773,0,220.40351505183517
0.0011635,14.07556452002418,226.77944029454622,14.102942368873412,-13.651095706421316,0,-27.754038075294726,27.377848849231739,0,287.61420705911013
0.0011639999999999999,14.068000198919709,222.15414935039138,14.068997492150388,-13.499389041052087,0,-27.568386533202474,0.99729323067860776,0,335.73016261255441
0.0011645,14.053121342087902,23.605187155191231,1.373990500911809,-1.373990500911809,-12.679130841176093,-15.427111842999711,0,0,371.31717949526654
0.001165,14.038490294360587,-251.0175881896227,-14.325049698779035,14.038490294360587,-28.363539993139621,0,0,0,408.17651969608573
0.0011654999999999999,14.027931349017942,-253.02137989200384,-14.386263099549701,14.044167279404402,-28.430430378954107,0,0,16.235930386460154,430.6605227074507
0.0011659999999999999,14.025735263468871,-252.63928400783476,-14.382619903956096,14.05916012966213,-28.44178003361823,0,0,33.42486619325912,423.4874060308282
0.0011665,14.031431903256452,-249.90313477812342,-14.312938337260709,14.079246027810864,-28.392184365071575,0,0,47.814124554411066,387.79077078200652
0.0011669999999999999,14.042785995972892,-245.19690885519933,-14.185633538424302,14.098876196240969,-28.284509734665274,0,0,56.090200268077737,329.07292160624235
0.0011674999999999999,14.056145428101431,-239.19701992358242,-14.017405928814137,14.112032396814321,-28.12943832562846,0,0,55.88696871289045,256.35043302579351
0.001168,14.067006519261492,-232.76783395520243,-13.830660148576923,14.113153815079174,-27.943813963656101,0,0,46.147295817683094,180.76186412793916
0.0011685000000000001,14.070708992550495,-226.82854808219778,-13.650053689872649,14.097991830538426,-27.748045520411079,0,0,27.282837987930705,113.85260377087153
0.0011689999999999999,14.063153630377709,-222.21193897706397,-13.498707149305115,14.064261557496398,-27.562968706801513,0,0,1.1079271186889628,65.800948093195274
0.0011695,14.048256166837534,-24.922271110037158,-1.4506541948263771,1.4506541948263771,-15.498910361663912,-12.597601972011157,0,0,30.280373237928185
0.00117,14.033630184362952,250.80840514470574,14.033630184362952,-14.316527884636649,0,-28.350158068999598,0,0,-6.5996119955150832
0.0011704999999999999,14.023031612697002,252.8221318643545,14.03908870477707,-14.377921609843602,0,-28.417010314620672,16.057092080067605,0,-29.240833860290497
0.0011709999999999999,14.020714996753412,252.4666082771642,14.053815913002001,-14.374919879740641,0,-28.428735792742646,33.100916248589343,0,-22.428612558877152
0.0011715,14.026232798520978,249.76964306182228,14.073634230582801,-14.306246236132607,0,-28.379880466715406,47.401432061823741,0,12.759029162654798
0.0011719999999999999,14.037381464367309,245.10926113733629,14.09304055873849,-14.180165237806994,0,-28.273205796545486,55.659094371180792,0,70.898009274310724
0.0011724999999999999,14.050544841175656,239.15491410776627,14.106055767174402,-14.013194008725245,0,-28.119249775899647,55.510925998746643,0,143.06058693228493
0.001173,14.06125392567689,232.76406511735854,14.107145585114017,-13.827549342297244,0,-27.934694927411261,45.891659437126741,0,218.19400291103088
0.0011734999999999998,14.064876514280501,226.85012677201857,14.092071314341053,-13.647725162096862,0,-27.739796476437913,27.194800060552552,0,284.82247366053343
0.0011739999999999999,14.057330558889744,222.24209553235204,14.058539868668593,-13.496727837205235,0,-27.555267705873828,1.2093097788497431,0,332.81045589879488
0.0011745,14.042417882519736,26.117618067276453,1.5202319259302506,-1.5202319259302506,-12.522185956589485,-15.562649808449986,0,0,368.26637697312572
0.001175,14.027797978425495,-250.5956553372269,-14.307416612564912,14.027797978425495,-28.335214590990407,0,0,0,405.15998675350761
0.0011754999999999999,14.017165439541145,-252.61818340993156,-14.368969750292738,14.033062291124503,-28.402032041417243,0,0,15.896851583358526,427.9379966404739
0.001176,14.014742334525049,-252.28646223799322,-14.366543280504812,14.047552870739944,-28.41409615124476,0,0,32.810536214894967,421.44607571162436
0.0011765,14.020101343464066,-249.62466516740383,-14.298775127587438,14.067132767334384,-28.365907894921822,0,0,47.03142387031631,386.71251778886972
0.0011769999999999999,14.031067353365868,-245.00544970926205,-14.173793967586029,14.086339903887819,-28.260133871473847,0,0,55.272550521950116,329.09126567910243
0.0011774999999999999,14.044056475790468,-239.09199834925212,-14.00795181683343,14.099230256277655,-28.10718207311109,0,0,55.173780487187358,257.43035512902418
0.001178,14.054630823159934,-232.73556985685192,-13.823296605237958,14.100293364023422,-27.923589969261382,0,0,45.662540863486967,182.70555631062288
0.0011784999999999999,14.058183377288749,-226.84439076521375,-13.644175605815306,14.085299415858119,-27.729475021673423,0,0,27.116038569368676,116.33020673216083
0.0011789999999999999,14.05064749005313,-222.24408387750324,-13.493493224991918,14.051947966848244,-27.545441191840165,0,0,1.3004767951145553,68.401501921933061
0.0011795,14.035722970862585,-27.166994016048534,-1.581313101691282,1.581313101691282,-15.617036072553867,-12.454409869171302,0,0,33.006098639130698
0.0011799999999999998,14.021110037004322,250.38497218660012,14.021110037004322,-14.297938124876394,0,-28.319048161880712,0,0,-3.8955662203555335
0.0011804999999999999,14.010450310794445,252.41460968945404,14.026210490012849,-14.359616541477362,0,-28.385827031490209,15.760179218403223,0,-26.787809764130206
0.001181,14.007938021793006,252.10289508743773,14.040500328928397,-14.357672670409643,0,-28.398172999338041,32.562307135390512,0,-20.568083316988538
0.0011815,14.013162874082363,249.47098256668093,14.05987726963747,-14.290673791767658,0,-28.350551061405127,46.714395555107039,0,13.777188645902829
0.0011819999999999999,14.023973932844106,244.88700317414401,14.078914474017058,-14.166634310209849,0,-28.245548784226909,54.940541172952436,0,70.953689187399888
0.0011825,14.036814923562799,239.00880167915727,14.091698322048796,-14.001765921017066,0,-28.09346424306586,54.883398485996381,0,142.181598114915
0.001183,14.047274766994109,232.68230759765279,14.092739262422009,-13.817971737044225,0,-27.910710999466232,45.464495427899614,0,216.55147634970911
0.0011834999999999999,14.050768334667188,226.81124416285536,14.077815699726727,-13.639471937241609,0,-27.717287636968337,27.047365059539857,0,282.70425981050545
0.0011839999999999999,14.043242595648296,222.21824669385285,14.044621463951337,-13.489081032024801,0,-27.53370249597614,1.3788683030409743,0,330.57665673013207
0.0011845,14.028309876498579,28.053989354100565,1.6329425660468928,-1.6329425660468928,-12.395367310451686,-15.661252442545472,0,0,365.91508331876292
0.0011849999999999999,14.013704660593845,-250.17882805991488,-14.288233529432725,14.013704660593845,-28.301938190026572,0,0,0,402.81749123785551
0.0011854999999999999,14.003024470209002,-252.21415942639175,-14.350011288599973,14.018671894358796,-28.368683182958769,0,0,15.64742414979456,425.7991187417004
0.001186,14.000440513791096,-251.91889853390035,-14.34846490098901,14.032797816019674,-28.381262717008688,0,0,32.357302228578142,419.80043288680207
0.0011865000000000001,14.005556475607401,-249.31168986633304,-14.282102868075608,14.052008847705288,-28.334111715780899,0,0,46.452372097887206,385.77347496166027
0.0011869999999999999,14.016241378929008,-244.75689964784897,-14.158844503400026,14.070907365647829,-28.229751869047856,0,0,54.665986718819902,328.96334239736058
0.0011875,14.028961794480251,-238.90793590527466,-13.994784843884894,14.083604976577671,-28.078389820462569,0,0,54.643182097420656,258.09341899826842
0.001188,14.03932885111111,-232.60630403887271,-13.811706788515501,14.084629501048767,-27.896336289564267,0,0,45.30064993765729,184.0181938873113
0.0011884999999999999,14.042775576906253,-226.7519960700194,-13.633725244080265,14.0697662143742,-27.703491458454469,0,0,26.990637467946861,118.05171272568096
0.001189,14.035260266153323,-222.16518041700999,-13.483580527048911,14.036704293680025,-27.520284820728936,0,0,1.4440275267012908,70.229069469734398
0.0011895,14.020322815612978,-28.761211441053412,-1.6741079430938874,1.6741079430938874,-15.694430758706865,-12.346214872519091,0,0,34.941917865080946
0.0011899999999999999,14.005725915232331,249.98259823203739,14.005725915232331,-14.278531386298628,0,-28.284257301530957,0,0,-1.955643592080051
0.0011904999999999999,13.99503281770663,252.02172261330921,14.010595341630777,-14.340370796907473,0,-28.350966138538251,15.562523924147278,0,-25.000708916075101
0.001191,13.992397225415967,251.73850093273865,14.024599478252338,-14.339114326456919,0,-28.363713804709256,32.202252836370093,0,-19.166553524854056
0.0011914999999999999,13.99743308184523,249.14977757122202,14.043686401199372,-14.273228848562894,0,-28.316915249762264,46.253319354141126,0,14.620009211253226
0.0011919999999999999,14.008024349686735,244.61713658200168,14.06248080468097,-14.150563769301831,0,-28.213044573982799,54.456454994233539,0,71.15072317255229
0.0011925,14.020654925148458,238.79064880583752,14.075113853823686,-13.98712667013092,0,-28.062240523954603,54.458928675227739,0,141.74500467850669
0.001193,14.030952989727126,232.50843937944268,14.076127169189217,-13.804608863349342,0,-27.880736032538561,45.17417946209148,0,215.59055819973005
0.0011934999999999999,14.034365735525206,226.66759526838962,14.061311953266374,-13.627043581272082,0,-27.688355534538452,26.946217741167999,0,281.40845613706102
0.001194,14.026860560585808,222.0863002037527,14.02835453120394,-13.477111894594255,0,-27.505466425798197,1.4939706181318257,0,329.1862662318004
0.0011945,14.011921974545629,29.279455552083334,1.704273452099482,-1.704273452099482,-12.307648522446147,-15.716195426645111,0,0,364.42703818647703
0.0011949999999999999,13.997333820485718,-249.79836395576217,-14.268972257030825,13.997333820485718,-28.266306077516543,0,0,0,401.3126626593525
0.0011954999999999999,13.986635022372468,-251.8397195611486,-14.330844963340606,14.002139765008753,-28.332984728349363,0,0,15.504742636284902,424.39396255143271
0.001196,13.983967253534605,-251.56452716593247,-14.329782268184083,14.016063523621671,-28.345845791805754,0,0,32.09627008706628,418.66701867714357
0.0011964999999999999,13.988951284056878,-248.9884097514387,-14.2642228922291,14.035068049678877,-28.29929094190798,0,0,46.116765621999789,385.04185878602806
0.0011969999999999999,13.999481231792798,-244.4710367558865,-14.141968180822129,14.053793491522491,-28.19576167234462,0,0,54.312259729692386,328.70169535876323
0.0011975,14.012052897387987,-238.66016902157892,-13.978965233844434,14.066384662808172,-28.045349896652606,0,0,54.331765420185711,258.29770269853589
0.0011979999999999998,14.022306274655573,-232.39158363712863,-13.796841825820813,14.067392933247493,-27.86423475906831,0,0,45.086658591920909,184.61294767723544
0.0011984999999999999,14.025698457003555,-226.56034303333337,-13.619574387471994,14.052613870994517,-27.672188258466512,0,0,26.915413990960474,118.90180782562325
0.001199,14.018203316248801,-221.98324003900655,-13.469802634941434,14.01973213459976,-27.489534769541198,0,0,1.5288183509597459,71.160601114319263
0.0011995,14.003266908544969,-29.599060753076429,-1.7228767576915702,1.7228767576915702,-15.726143666236538,-12.2803901508534,0,0,35.959284816380055
0.0011999999999999999,13.988687765485579,249.63095757800212,13.988687765485579,-14.259776537817491,0,-28.24846430330307,0,0,-0.9092938934914514
0.0012005,13.977991006948356,251.6725727008787,13.993467886908693,-14.321643906641063,0,-28.315111793549757,15.47687996033757,0,-23.999629131351217
0.001201,13.975312225011997,251.40071560935857,14.007356265706134,-14.320660709586457,0,-28.328016975292591,32.044040694136172,0,-18.319578212949413
0.0012014999999999999,13.980275056748862,248.83053917227846,14.026323149839182,-14.255255614739124,0,-28.28157876457831,46.04809309032045,0,15.227874765178218
0.0012019999999999999,13.99077839627698,244.32084794235604,14.045016689326268,-14.133208766837521,0,-28.178225456163791,54.23829304928713,0,71.471294460505206
0.0012025,14.003324002647362,238.51827445085482,14.057589181744028,-13.970438131987249,0,-28.028027313731275,54.265179096665115,0,141.77422662266133
0.0012029999999999999,14.01355809984107,232.25737613728836,14.058597813899416,-13.788538857372432,0,-27.847136671271844,45.039714058344956,0,215.36902087004671
0.0012034999999999999,14.016943328522627,226.43209102271013,14.043841407166264,-13.611456240435759,0,-27.655297647602023,26.898078643637369,0,281.01505307329478
0.001204,14.009457572018391,221.858355285296,14.011004802567264,-13.461805131068481,0,-27.472809933635745,1.5472305488731237,0,328.72598416529394
0.0012044999999999998,13.99452668161552,29.718615092100208,1.7298356741823184,-1.7298356741823184,-12.2646910074332,-15.724362355797838,0,0,363.89379888416642
0.0012049999999999999,13.979956638219774,-249.48180903680475,-14.251070244635754,13.979956638219774,-28.231026882855527,0,0,0,400.73893745454467
0.0012055,13.969269014569868,-251.52211707840368,-14.312904185425035,13.984746073413552,-28.297650258838591,0,0,15.477058843684205,423.81091376041081
0.001206,13.966599001095291,-251.24947620659648,-14.311901730840788,13.998641613385937,-28.310543344226723,0,0,32.042612290645003,418.11896242628495
0.0012064999999999999,13.971569575832987,-248.67916383357655,-14.246495314365815,14.017613780361724,-28.264109094727544,0,0,46.044204528737254,384.56769566409776
0.001207,13.982079466677225,-244.17001642522925,-14.124466445039062,14.036311594363999,-28.160778039403063,0,0,54.232127686773147,328.32895951943874
0.0012075,13.994630771521225,-238.36860339074221,-13.961731910921115,14.048888676206694,-28.010620587127807,0,0,54.257904685468539,258.03836938768529
0.0012079999999999999,14.004870496012087,-232.10933563591479,-13.779883374765831,14.049903783597422,-27.829787158363253,0,0,45.033287585335209,184.46163923593843
0.0012084999999999999,14.008262379546473,-226.28594480707198,-13.602860911579885,14.035157319589423,-27.638018231169308,0,0,26.894940042951028,118.83666849179345
0.001209,14.000785552002164,-221.71413260140494,-13.453273219138348,14.002335484972701,-27.45560870411105,0,0,1.5499329705369789,71.146700502451864
0.0012094999999999999,13.985863168085727,-29.6363212465006,-1.7250455845552386,1.7250455845552386,-15.710908752640965,-12.260817583530489,0,0,36.004504665233043
0.0012099999999999999,13.971302144485431,249.35498954101303,13.971302144485431,-14.243052756047485,0,-28.214354900532914,0,0,-0.81299994537755538
0.0012105,13.960630998872913,251.39208429574731,13.976137943804835,-14.304816240006787,0,-28.28095418381162,15.506944931921346,0,-23.840291608224778
0.0012109999999999998,13.957990443294989,251.11403005363366,13.990085070722547,-14.303681840751613,0,-28.293766911474162,32.094627427556887,0,-18.076975575355579
0.0012114999999999999,13.962998890891688,248.53696935602758,14.00910678163048,-14.238103567012484,0,-28.247210348642966,46.10789073879296,0,15.561098389066991
0.001212,13.973549568622342,244.02081123793386,14.027845531430152,-14.115890896560485,0,-28.143736427990635,54.295962807809694,0,71.88851606733877
0.0012125,13.98613899504377,238.21323762473264,14.040450089095971,-13.952990605748495,0,-27.993440694844466,54.311094052201568,0,142.25588035893239
0.0012129999999999999,13.996409382614289,231.94963918975819,14.041476814630943,-13.771021703962072,0,-27.812498518593017,45.067432016655502,0,215.88561952348203
0.0012135,13.999821201104165,226.12444349858814,14.026726523429762,-13.593944746860833,0,-27.620671270290597,26.905322325596945,0,281.53172670423356
0.001214,13.992352331061007,221.55365811109397,13.993888556754779,-13.444378911739461,0,-27.438267468494242,1.5362256937728915,0,329.20783557487221
0.0012144999999999999,13.977441405020494,29.35843108958403,1.7088703924930044,-1.7088703924930044,-12.268571012527488,-15.686311797513499,0,0,364.33119386132421
0.0012149999999999999,13.962889149523336,-249.25109003739297,-14.235823635826113,13.962889149523336,-28.19871278534945,0,0,0,401.11576248652392
0.0012155,13.952240911358247,-251.28353429579502,-14.297491357924068,13.96780447965806,-28.26529583758213,0,0,15.563568299813362,424.07284496204926
0.0012159999999999999,13.949648359013883,-250.99617596197737,-14.296131803960883,13.981843517316547,-28.277975321277431,0,0,32.195158302662861,418.18244701850688
0.0012164999999999999,13.954722007947945,-248.40658166558649,-14.230233494552262,14.000955550312693,-28.231189044864955,0,0,46.233542364746995,384.37985211508271
0.001217,13.965344879635541,-243.87658427376539,-14.107655260977763,14.01976963003697,-28.127424891014734,0,0,54.424750401429783,327.87564363586119
0.0012175,13.978002539758556,-238.05599505776789,-13.944400526629128,14.032423736972925,-27.976824263602055,0,0,54.421197214368718,257.34627388220309
0.0012179999999999999,13.988327175432103,-231.78221382233619,-13.762143576025817,14.033467707818565,-27.795611283844384,0,0,45.140532386462276,183.59411722955056
0.0012185,13.99177169183598,-225.95124964921411,-13.584890410749107,14.01870109770517,-27.603591508454279,0,0,26.929405869189594,117.88393592123641
0.001219,13.984310022616921,-221.38002195817961,-13.435288869540427,13.985817443443267,-27.421106312983699,0,0,1.5074208263464897,70.211934242276101
0.0012194999999999999,13.969413113399641,-28.890482173143965,-1.6816324230639299,1.6816324230639299,-15.65104553646357,-12.287780690335712,0,0,35.098816309571276
0.0012199999999999999,13.954869216352897,249.17327784786298,13.954869216352897,-14.229550862831658,0,-28.184420079184555,0,0,-1.6498758591044052
0.0012205,13.944250314432603,251.19935431558366,13.959897872440553,-14.291089672029644,0,-28.250987544470195,15.647558007950437,0,-24.513234130383172
0.0012209999999999999,13.941724501861978,250.89844587223544,13.974069474438803,-14.289401566956563,0,-28.263471041395366,32.344972576825356,0,-18.441474427520706
0.0012214999999999999,13.946890815816154,248.29022456182668,13.993312380967859,-14.22302595294946,0,-28.216338333917317,46.421565151705217,0,15.601877019552553
0.001222,13.957617159657472,243.73940756993022,14.012235361486599,-14.099895561654801,0,-28.1121309231414,54.618201829127621,0,72.368951159909955
0.0012224999999999998,13.970372681933167,237.89902242307352,14.024959881376796,-13.936099268842078,0,-27.961059150218876,54.587199443628748,0,143.14274119390427
0.0012229999999999999,13.980774385548949,231.60952071605163,14.026025556959032,-13.75339516403487,0,-27.779420720993901,45.251171410083465,0,217.08330509372641
0.0012235,13.984263556971785,225.76932962622658,14.011229566966625,-13.575858509892532,0,-27.587088076859157,26.966009994839624,0,282.89707222025925
0.001224,13.976807851466761,221.19678305711997,13.978271251552734,-13.426181252955466,0,-27.4044525045082,1.4634000859723528,0,330.57219141956159
0.0012244999999999999,13.961927440401064,28.245676691109907,1.6441001382561033,-1.6441001382561033,-12.317827302144963,-15.606027578657168,0,0,365.68242496202043
0.001225,13.947391336871236,-249.12119300382068,-14.224298368705819,13.947391336871236,-28.171689705577059,0,0,0,402.39132341054159
0.0012255,13.936807062359753,-251.13971064862187,-14.285687913676902,13.952562044312213,-28.238249957989119,0,0,15.754981952460284,425.13910389347308
0.0012259999999999999,13.93436392410028,-250.82189050707561,-14.283590862848939,13.966901328665049,-28.250492191513988,0,0,32.53740456476838,418.83739606544367
0.0012264999999999999,13.939646596903563,-248.18998732727624,-14.216608474257708,13.986310738804013,-28.202919213061719,0,0,46.664141900449629,384.48506105810458
0.001227,13.950503754603279,-243.61234133815512,-14.092765885396279,14.005372723400663,-28.098138608796944,0,0,54.868968797384191,327.37739176921343
0.0012274999999999999,13.963383401185268,-237.74608710767859,-13.928260737810637,14.018186950290398,-27.946447688101035,0,0,54.803549105128425,256.28362694834044
0.0012279999999999999,13.973882722954107,-231.43563722403081,-13.744959558032811,14.019279098682947,-27.764238656715762,0,0,45.396375728839999,182.09273726276311
0.0012285,13.977427554180817,-225.58262671089975,-13.567029093393192,14.004442399769511,-27.571471493162704,0,0,27.014845588694264,116.13660549549616
0.0012289999999999998,13.96997682693274,-221.00735306822781,-13.417221812694322,13.971382831479053,-27.388604644173373,0,0,1.406004546312225,68.448814822140051
0.0012294999999999999,13.955114965993641,-27.43586254323866,-1.5969631704632272,1.5969631704632272,-15.552078136456867,-12.358151795530414,0,0,33.332466259760672
0.00123,13.940585955097241,249.0970298323976,13.940585955097241,-14.220195236807806,0,-28.160781191905048,0,0,-3.3351777675206904
0.0012305,13.930041403008573,251.10656255751439,13.945927001649951,-14.281408099333532,0,-28.227335100983481,15.885598641377435,0,-25.948293533269084
0.0012309999999999999,13.927696474358775,250.76824058889531,13.960468115029379,-14.278814564717415,0,-28.23928267974679,32.771640670602736,0,-19.371238222620011
0.0012315,13.933118457970147,248.10748208913179,13.980078116187382,-14.211091705904922,0,-28.191169822092302,46.959658217234058,0,15.354353338900367
0.001232,13.94413263238166,243.49706960354365,13.9993072782487,-14.086378010331664,0,-28.085685288580361,55.174645867040297,0,72.87548981426805
0.0012324999999999999,13.957161214485305,237.59917159564534,14.012228592547151,-13.921004451047086,0,-27.933233043594235,55.06737806184654,0,144.35923106085826
0.0012329999999999999,13.967777185362808,231.26305002598926,14.013350645810648,-13.736970297296391,0,-27.750320943107038,45.573460447840446,0,218.85671842884307
0.0012335,13.971387473482627,225.3942595334332,13.998461758553324,-13.558554036464539,0,-27.557015795017861,27.074285070696128,0,284.98919289599058
0.0012339999999999999,13.963940295030175,220.81548762721317,13.9652758956674,-13.408581756492159,0,-27.373857652159558,1.335600637224843,0,332.69637439388981
0.0012344999999999999,13.949098924788712,26.480064360337735,1.5413288890885184,-1.5413288890885184,-12.407770035700196,-15.490427813877231,0,0,367.82641060303041
0.001235,13.934576177339688,-249.09943630060343,-14.217263566883142,13.934576177339688,-28.15183974422283,0,0,0,404.45044487754558
0.0012354999999999998,13.924075138176704,-251.09913181529177,-14.278286042777371,13.940109838432095,-28.218395881209467,0,0,16.034700255390497,426.91214868097961
0.0012359999999999999,13.921840636089806,-250.73772121089775,-14.275134382465749,13.954880252016542,-28.230014634482291,0,0,33.039615926735337,420.02160115779708
0.0012365,13.927420347187585,-248.04414419624106,-14.206569589026284,13.97471886936712,-28.181288458393404,0,0,47.29852217953399,384.868685728066
0.001237,13.938612928682783,-243.39619673331154,-14.080857730796183,13.994138968475434,-28.074996699271619,0,0,55.52603979265141,326.87204679569828
0.0012374999999999999,13.951811059779015,-237.46178174854927,-13.914481389737048,14.007182594347249,-27.921663984084297,0,0,55.371534568233699,254.93759031259097
0.001238,13.962559801998127,-231.09573623237216,-13.729592187660415,14.008338175601704,-27.737930363262119,0,0,45.778373603577592,180.08325248401599
0.0012385,13.966244063031063,-225.20817547548506,-13.550598338251499,13.993387741611366,-27.543986079862869,0,0,27.143678580304233,113.7423908261657
0.0012389999999999999,13.958799307597694,-220.62463495772673,-13.400413158784472,13.960053780972727,-27.360466939757202,0,0,1.254473375033001,66.007047970010063
0.0012394999999999999,13.943979894001442,-25.395095050741123,-1.47817592548921,1.47817592548921,-15.422155819490651,-12.465803968512233,0,0,30.854367544941915
0.00124,13.929462476100349,249.12963066360192,13.929462476100349,-14.215589035462882,0,-28.145051511563231,0,0,-5.726186227633395
0.0012404999999999998,13.919008409984251,251.11843030853626,13.93520979319919,-14.276400791919135,0,-28.211610585118326,16.20138321493971,0,-28.023036881747206
0.0012409999999999999,13.91689571572822,250.73120811113088,13.95023502241772,-14.272624420632795,0,-28.222859443050513,33.339306689500802,0,-20.785347161105225
0.0012415,13.922650169900333,248.0008734150596,13.970327733827666,-14.203115655861506,0,-28.173443389689172,47.67756392733402,0,14.843124674010982
0.001242,13.934040643899779,243.31086590092644,13.989959748498977,-14.076284281279751,0,-28.06624402977873,55.919104599198825,0,73.370275881999333
0.0012424999999999999,13.947426748250328,237.33553360507946,14.003138451453628,-13.908783336623683,0,-27.911921788077315,55.7117032033008,0,145.80851104181824
0.001243,13.958322287160858,230.93596673929179,14.004329716756779,-13.72293535750898,0,-27.727265074265759,46.007429595921245,0,221.0625570557732
0.0012435,13.962087522769661,225.02738113005714,13.989308556046307,-13.543293649811764,0,-27.532602205858069,27.221033276646192,0,287.63794881335957
0.0012439999999999999,13.954643655423345,220.4384794102732,13.955807009382667,-13.392868572450441,0,-27.34867558183311,1.1633539593230537,0,335.40711130670275
0.0012444999999999999,13.939847516109621,24.204416888300955,1.4088699515911713,-1.4088699515911713,-12.530977564518452,-15.348717467700792,0,0,370.58972112571911
0.001245,13.92533440052804,-249.18529016690343,-14.215148700377183,13.92533440052804,-28.140483100905225,0,0,0,407.126062343179
0.0012454999999999999,13.91492935867163,-251.16274501963699,-14.275743834749676,13.931309740744318,-28.207053575493997,0,0,16.380382072688278,429.24742988821129
0.0012459999999999999,13.912946180121903,-250.74807897990561,-14.271304209189196,13.946607824556121,-28.217912033745318,0,0,33.661644434217777,421.63731693527473
0.0012465,13.918887325233419,-247.97838263319647,-14.200784909065964,13.966973247714751,-28.167758156780717,0,0,48.085922481332418,385.49683869278306
0.0012469999999999998,13.930489755197902,-243.24310214040537,-14.072748360573405,13.986833088158726,-28.059581448732132,0,0,56.343332960823325,326.39679399927599
0.0012474999999999999,13.944077484503737,-237.22349322596216,-13.904030045838171,14.000157083848958,-27.904187129687131,0,0,56.079599345221375,253.41271040834872
0.001248,13.955130502394992,-230.78739396222491,-13.717136711245082,14.001386324587497,-27.718523035832582,0,0,46.255822192504624,177.72352562186407
0.0012485,13.958982223225036,-224.85557314563539,-13.536779377309728,13.986287685864413,-27.523067063174143,0,0,27.30546263937746,110.89027150717376
0.0012489999999999999,13.951538076762553,-220.26024116680119,-13.386075460748906,13.952602945564879,-27.33867840631379,0,0,1.0648688023258757,63.079802474256482
0.0012495,13.936765997960036,-22.928285543844929,-1.3345899921199451,1.3345899921199451,-15.27135599007998,-12.602176005840091,0,0,27.858936087309438
0.00125,13.922256090622234,249.26671114234676,13.922256090622234,-14.215983231677487,0,-28.138239322299722,0,0,-8.634909995161987
0.0012504999999999999,13.911901723615243,251.23217792634057,13.928472084366936,-14.27634931161724,0,-28.204821395984176,16.570360751692846,0,-30.573778883632247
0.0012509999999999999,13.91005466302753,250.78835512348931,13.944058469063823,-14.271204243233193,0,-28.215262712297019,34.003806036291635,0,-22.571282954055238
0.0012515,13.916192624590028,247.97680848066048,13.964712013319591,-14.199609601033671,0,-28.164321614353263,48.51938872956238,0,14.110591031578803
0.0012519999999999999,13.928018670897115,243.19339922198361,13.984812240928164,-14.070290953207616,0,-28.055103194135778,56.793570031048098,0,73.817443306395873
0.0012524999999999999,13.941819002032341,237.12674629637834,13.998288918360798,-13.900278334716983,0,-27.898567253077783,56.469916328456094,0,147.38033304817804
0.001253,13.953037701793132,230.6518645666817,13.999556869307465,-13.712274458868459,0,-27.711831328175926,46.519167514333809,0,223.53148457857429
0.0012534999999999998,13.95697970234313,224.69541055745347,13.984374406620734,-13.531157600533565,0,-27.515532007154299,27.394704277604362,0,290.63924568828662
0.0012539999999999999,13.94953373162406,220.09329206177631,13.950493714124264,-13.380158092990433,0,-27.330651807114695,0.95998250020298315,0,338.49516145110675
0.0012545,13.934786313151452,21.593076210919094,1.2568712717341413,-1.2568712717341413,-12.677915041417311,-15.191657584885593,0,0,373.76065392848045
0.001255,13.920278466911837,-249.37067600096361,-14.218024323041668,13.920278466911837,-28.138302789953507,0,0,0,410.21284803642516
0.0012554999999999999,13.909974975280027,-251.32414444472045,-14.278163841029542,13.926740703424018,-28.204904544453562,0,0,16.765728143991318,431.96526928673717
0.001256,13.90826677471728,-250.85059619545817,-14.272300520899771,13.942622914634786,-28.214923435534558,0,0,34.356139917506219,423.5594405873847
0.0012565,13.914606322283921,-247.99612073980686,-14.19960316705447,13.963572691585064,-28.163175858639534,0,0,48.966369301142073,386.31948190391375
0.0012569999999999999,13.926661893307015,-243.16312360444567,-14.068963478845099,13.983920450214057,-28.052883929059156,0,0,57.258556907041914,325.9855841424914
0.0012574999999999999,13.94068072422365,-237.04778158096099,-13.897610949439708,13.997554454769666,-27.895165404209379,0,0,56.873730546016205,251.82293969388999
0.001258,13.952069744231615,-230.5325198011061,-13.708450425661992,13.998861990526734,-27.707312416188728,0,0,46.792246295120172,175.19125241460523
0.0012584999999999999,13.956104239262896,-224.55012066191298,-13.526533972442341,13.983592002225176,-27.51012597466752,0,0,27.487762962280208,107.79567987559048
0.0012589999999999999,13.948655338503736,-219.9403953032745,-13.375210743969919,13.949506888291824,-27.324717632261745,0,0,0.8515497880881,59.888506985554777
0.0012595,13.933932588396093,-20.220886401500476,-1.1770000234701956,1.1770000234701956,-15.110932611866289,-12.756932564925897,0,0,24.571365415043477
0.0012599999999999998,13.919425630990164,249.49666311570419,13.919425630990164,-14.221268815874817,0,-28.14069444686498,0,0,-11.842377786467718
0.0012604999999999999,13.909172807296436,251.43792453293531,13.926137759267945,-14.281177514720175,0,-28.207315273988122,16.964951971510082,0,-33.408094303099986
0.001261,13.907605002053652,250.93401974629452,13.942320449547145,-14.274579880706145,0,-28.216900330253292,34.715447493493969,0,-24.593639828998167
0.0012615,13.914148904813274,248.03569103033098,13.963571055664239,-14.200755178506524,0,-28.164326234170765,49.422150850964897,0,13.21347986464675
0.0012619999999999999,13.926437282969559,243.15205800367363,13.984169865968274,-14.068765675886933,0,-28.052935541855209,57.73258299871641,0,74.185504298499012
0.0012625,13.940677611541208,236.9870349102398,13.997962832192647,-13.896045152187428,0,-27.894007984380075,57.285220651439538,0,148.95901764958026
0.001263,13.952238929618844,230.43061546389794,13.999309224072025,-13.705704961680686,0,-27.705014185752709,47.070294453181454,0,226.08056697934026
0.0012634999999999999,13.956366323736829,224.42181895457685,13.983948533366739,-13.522974151401018,0,-27.506922684767758,27.582209629910579,0,293.77011659069524
0.0012639999999999999,13.948913034811502,219.80440696416395,13.949653668143927,-13.371322215871006,0,-27.320975884014931,0.74063333242544616,0,341.73082870719247
0.0012645,13.934214746198949,18.839414306427216,1.0965884798791095,-1.0965884798791095,-12.837626266319837,-15.030803226078058,0,0,377.10439890325023
0.0012649999999999998,13.919707495031643,-249.64068424958947,-14.225605469076609,13.919707495031643,-28.145312964108253,0,0,0,413.48196226426819
0.0012654999999999999,13.909503701725878,-251.57017301177979,-14.285294273792699,13.926666051829397,-28.211960325622098,0,0,17.162350103519003,434.86382238495247
0.001266,13.908073947292422,-251.03644368779121,-14.277976149277606,13.94314586622386,-28.221122015501468,0,0,35.071918931438312,425.64462211743677
0.0012665,13.914819573874817,-248.09477140771943,-14.203037560126344,13.964694522775385,-28.167732082901729,0,0,49.87494890056783,387.27421674787217
0.0012669999999999999,13.927338238237258,-243.16087625443248,-14.069708161982421,13.985542442228349,-28.055250604210773,0,0,58.204203991090196,325.66695506909542
0.0012675,13.941797944044406,-236.94632482217136,-13.895623540952519,13.999493263661657,-27.89511680461418,0,0,57.695319617250732,250.28375908506621
0.001268,13.953529962323787,-230.34863936153937,-13.704100262735537,14.000877982295654,-27.704978245031192,0,0,47.348019971867288,172.67152834769681
0.0012684999999999999,13.957749108928045,-224.313088843039,-13.520544497525353,13.985426173438315,-27.50597067096367,0,0,27.677064510269552,104.6853522471022
0.0012689999999999999,13.950290486930971,-219.68744849744917,-13.36854763632032,13.950920683590438,-27.319468319910762,0,0,0.63019665946742265,56.667238570585937
0.0012695,13.935615812130402,-17.470980526367669,-1.0169358593526436,1.0169358593526436,-14.952551671483047,-12.918679952777758,0,0,21.232185720395304
0.0012699999999999999,13.921107102279148,249.80154788876123,13.921107102279148,-14.230991099847435,0,-28.152098202126584,0,0,-15.11368691395765
0.0012704999999999999,13.910950346086926,251.71948099546739,13.928306774335462,-14.290463678550553,0,-28.218770452886016,17.356428248537298,0,-36.318085681502282
0.001271,13.909655154902039,251.15637884390841,13.945077556707677,-14.282435148623531,0,-28.227512705331208,35.422401805637776,0,-26.703528838586141
0.0012714999999999998,13.916597935109152,248.17201368244753,13.966918014736159,-14.20639850806374,0,-28.173316522799897,50.320079627007161,0,12.21879040231121
0.0012719999999999999,13.929341788236982,243.18863566028958,13.988009495544928,-14.071749146023283,0,-28.059758641568212,58.667707307945406,0,74.449303450644706
0.0012725,13.944015883883473,236.92536474645564,14.002114054311741,-13.896321935852265,0,-27.898435990164007,58.098170428267679,0,150.43115527562682
0.001273,13.955914362829636,230.28713591132714,14.003534962866667,-13.703635555777389,0,-27.707170518644052,47.620600037029369,0,228.52557670495207
0.0012734999999999999,13.960222317720428,224.22535126141585,13.987992155331037,-13.519270041269341,0,-27.507262196600376,27.769837610609898,0,296.80378082383993
0.001274,13.952757083461409,219.59170067028822,13.953278349233841,-13.366935761721283,0,-27.320214110955124,0.52126577243229377,0,344.87950856369912
0.0012745,13.938104955541393,16.142999236039486,0.93963786267489979,-0.93963786267489979,-12.998467092866491,-14.877742818216293,0,0,380.37862259899862
0.0012749999999999999,13.923593654182163,-249.97466248883518,-14.237276556218815,13.923593654182163,-28.160870210400979,0,0,0,416.69626907233123
0.0012754999999999999,13.91348058889942,-251.88189659971957,-14.29655176835537,13.93102223244153,-28.227574000796899,0,0,17.541643542109519,437.73253481948325
0.001276,13.912312735171666,-251.29102075078072,-14.287852477115988,13.948070079477018,-28.23592255659301,0,0,35.75734430535325,427.74087770211099
0.0012764999999999999,13.919442889406893,-248.26602120403592,-14.21077108728254,13.970188986260315,-28.180960073542856,0,0,50.746096853421037,388.29056471070294
0.0012769999999999999,13.932401248693433,-243.23532795887286,-14.074859536361828,13.991513264273873,-28.066372800635701,0,0,59.112015580440065,325.462311606914
0.0012775,13.947279846426637,-236.92525578957193,-13.89814229068145,14.005764890727177,-27.903907181408627,0,0,58.485044300539009,248.90471145249384
0.0012779999999999998,13.959337160675624,-230.24784408416798,-13.704331531003346,14.007220158802484,-27.71155168980583,0,0,47.882998126859917,170.34477147489292
0.0012784999999999999,13.963729566367556,-224.16041899153939,-13.519175009092715,13.991589246689763,-27.51076425578248,0,0,27.859680322206742,101.78248184630604
0.001279,13.95625702418233,-219.51850665193001,-13.366499325284673,13.956673813849529,-27.323173139134205,0,0,0.41678966719940291,53.647367377531367
0.0012795,13.941625714109326,-14.876420682797889,-0.86591394388657139,0.86591394388657139,-14.807539657995898,-13.075711770222755,0,0,18.08164729033534
0.0012799999999999999,13.927110747202395,250.15835358381094,13.927110747202395,-14.244384882233758,0,-28.171495629436151,0,0,-18.213276622645733
0.0012805,13.917037777925708,252.05549568772841,13.934754543579647,-14.303473574668784,0,-28.238228118248433,17.716765653938197,0,-39.093930346364019
0.001281,13.91598911325973,251.4383129540974,13.952063161631841,-14.294138117390338,0,-28.246201279022181,36.074048372110255,0,-28.748328309405426
0.0012814999999999999,13.923295214302648,248.37481566448304,13.974444079117953,-14.216066016039949,0,-28.190510095157901,51.148864815304535,0,11.199323074541645
0.0012819999999999999,13.936455132400301,243.2993169469012,13.995987086531235,-14.078958367910435,0,-28.074945454441671,59.531954130934395,0,74.591496905096136
0.0012825,13.95152576024441,236.94496388361199,14.010376277682921,-13.901019767573084,0,-27.911396045256005,58.850517438510906,0,151.692790445974
0.0012829999999999999,13.963731855201225,230.23052428022206,14.011862504288807,-13.706145711850654,0,-27.718008216139459,48.130649087581666,0,230.69276228491827
0.0012834999999999999,13.968202671780753,224.11891490784114,13.996146819275824,-13.520242270051931,0,-27.516389089327756,27.944147495070567,0,299.52417811566994
0.001284,13.960721800575989,219.46925886041956,13.961039427579266,-13.367245103360904,0,-27.32828453094017,0.31762700327729476,0,347.71674607845614
0.0012844999999999998,13.946109392828189,13.696793267309658,0.79725120239504221,-0.79725120239504221,-13.148858190433145,-14.743360595223232,0,0,383.34901340018223
0.0012849999999999999,13.931589757853876,-250.34763114716151,-14.252136423772818,13.931589757853876,-28.1837261816267,0,0,0,419.62556516353516
0.0012855,13.921552065914947,-252.2359111414147,-14.311064390655593,13.939428676958743,-28.250493067614336,0,0,17.876611043795982,440.36568863273732
0.001286,13.920610996411098,-251.59498658608442,-14.301155783074448,13.956974613731742,-28.258130396806191,0,0,36.363617320643705,429.69741012664673
0.0012864999999999999,13.928076820736669,-248.49646118594234,-14.222182594478257,13.979594600337364,-28.201777194815623,0,0,51.517779600695079,389.29459473382911
0.0012869999999999999,13.941420236810062,-243.37996567646317,-14.083980438043183,14.001337573706158,-28.085318011749344,0,0,59.917336896095733,325.38469264832815
0.0012875,13.95666598145713,-236.9848710135729,-13.904917755077815,14.015852636104022,-27.92077039118184,0,0,59.186654646891732,247.78254199917311
0.0012879999999999999,13.969007793256257,-230.23611915340601,-13.70905804728304,14.017366872836524,-27.726424920119566,0,0,48.359079580267704,168.37533260816949
0.0012884999999999999,13.973549804193667,-224.10180407681469,-13.522453766395421,14.001572430024387,-27.524026196419811,0,0,28.022625830721303,99.292587997546974
0.001289,13.966060227471115,-219.4444360229048,-13.369142901379384,13.966286815649484,-27.33542971702887,0,0,0.22658817836988021,51.042890412060089
0.0012894999999999998,13.951464163869133,-12.622173984264734,-0.73470068426980939,0.73470068426980939,-14.686164848138942,-13.216763479599324,0,0,15.344353072369257
0.0012899999999999999,13.936938953911957,250.54055700605571,13.936938953911957,-14.260428896063067,0,-28.197367849975024,0,0,-20.920008020349428
0.0012905,13.926931627528417,252.42091138822855,13.944952052372248,-14.319212960174303,0,-28.264165012546549,18.020424843831382,0,-41.537332367996555
0.001291,13.92608600145819,251.75859452881016,13.962710192393839,-14.308787107666982,0,-28.271497300060823,36.624190935649203,0,-30.581505396929334
0.0012914999999999999,13.933694182620203,248.62847965620091,13.985543925049427,-14.229000363607499,0,-28.214544288656924,51.849742429223696,0,10.228929573849072
0.001292,13.94720132801551,243.47502036072999,14.007465366148002,-14.089810457220551,0,-28.097275823368552,60.264038132493653,0,74.603533933193589
0.0012925,13.962603208805369,237.04321732891358,14.022092119950685,-13.909734111934627,0,-27.931826231885314,59.488911145316216,0,152.65591381938034
0.0012929999999999999,13.975065638591747,230.26358104110204,14.023629923357348,-13.712986397950791,0,-27.736616321308137,48.564284765600114,0,232.42978472644822
0.0012934999999999999,13.979670156087035,224.10885693712473,14.007762974208159,-13.525751311140592,0,-27.533514285348755,28.092818121124147,0,301.73960373540513
0.001294,13.972171170398136,219.44457755167304,13.972315412284917,-13.372158203558715,0,-27.344473615843636,0.14424188678145811,0,350.04241416094573
0.0012944999999999999,13.957588783540018,11.674742379471581,0.67955339750223942,-0.67955339750223942,-13.278035386037779,-14.637142181042258,0,0,385.80435142761638
0.0012949999999999999,13.943057197091774,-250.73197705887668,-14.26906162429707,13.943057197091774,-28.212118821388845,0,0,0,422.06139345167679
0.0012955,13.933074274988211,-252.60593571044026,-14.327733063283349,13.951217860474124,-28.278950923757471,0,0,18.143585485911935,442.57565514788769
0.0012959999999999998,13.932308924118594,-251.9255938076183,-14.316872389355799,13.969156816819019,-28.28602920617482,0,0,36.847892700426193,431.37435450022247
0.0012964999999999999,13.940037913462078,-248.76854124003444,-14.236392165206325,13.992173367380545,-28.22856553258687,0,0,52.135453918467235,390.21375742937221
0.001297,13.953684607130038,-243.58330883869132,-14.096353032484171,14.014247849801311,-28.110600882285482,0,0,60.563242671272874,325.43804614325205
0.0012975,13.96921987837209,-237.11970848480198,-13.9153981816668,14.028970438347148,-27.94436862001395,0,0,59.750559975056802,246.99512074400496
0.0012979999999999999,13.981785361178014,-230.31305714767407,-13.717873285192763,14.03052799334238,-27.748401278535145,0,0,48.742632164365808,166.90109282625258
0.0012985,13.986442842748948,-224.14016476584345,-13.530077039790504,14.01459727895983,-27.544674318750335,0,0,28.15443621088113,97.390477416760504
0.001299,13.978934436082117,-219.4692635721741,-13.376220017466952,13.97900757586814,-27.355227593335091,0,0,0.073139786023368458,49.036845795190338
0.0012994999999999999,13.964362482473021,-10.868270213754721,-0.63261095694205149,0.63261095694205149,-14.596973439415073,-13.331751525530969,0,0,13.214624492154995
0.0012999999999999999,13.949823843761441,250.91993161178152,13.949823843761441,-14.277917255971515,0,-28.227741099732956,0,0,-23.041575789539806
0.0013005,13.939859467616046,252.78867821083239,13.958105469933159,-14.33649726744169,0,-28.294602737374849,18.246002317112382,0,-43.474455386463589
0.0013009999999999999,13.939159156990408,252.09335272123772,13.976193200972007,-14.325274376712384,0,-28.301467577684392,37.034043981598309,0,-32.072196999728121
0.0013014999999999999,13.94698695666942,248.91383308609088,13.999360249140652,-14.244214774918927,0,-28.243575024059577,52.373292471232602,0,9.377638735098909
0.001302,13.960748085108133,243.7020759642952,14.021560421062114,-14.103465658935857,0,-28.125026079997969,60.812335953980806,0,74.486119420830676
0.0013024999999999998,13.976392660153421,237.21192581466664,14.036361000933212,-13.921776269914835,0,-27.958137270848045,59.968340779790879,0,153.25407090418969
0.0013029999999999999,13.989042153369287,230.38271656031733,14.037933107981129,-13.723601446576525,0,-27.761534554557652,48.89095461184219,0,233.61549292044722
0.0013035,13.993741882260494,224.19464179811507,14.021947309954372,-13.535335369095394,0,-27.557282679049763,28.205427693878129,0,303.29503408511044
0.001304,13.98622370331992,219.51816612742746,13.986237154833704,-13.381255777999419,0,-27.367492932833123,0.013451513784005442,0,351.69358552056394
0.0013044999999999999,13.971658951755717,10.220216723450619,0.59488961485284975,-0.59488961485284975,-13.376769336902868,-14.566548566608567,0,0,387.57054510777198
0.001305,13.95711271651183,-251.09935515078578,-14.286785190557501,13.95711271651183,-28.243897907069332,0,0,0,423.83089439243429
0.0013055,13.947160188865235,-252.96462573496646,-14.345308705248391,13.965483980165054,-28.310792685413446,0,0,18.323791299819071,444.20536627963997
0.0013059999999999999,13.946507210942514,-252.25826774599255,-14.333820141273343,13.983683315034737,-28.317503456308081,0,0,37.176104092224243,432.6520902841541
0.0013064999999999999,13.954408425580676,-249.0618055997667,-14.252323744981309,14.006964087617185,-28.259287832598496,0,0,52.555662036509332,390.98174691615122
0.001307,13.968255358579706,-243.82974352652622,-14.111030714096596,14.029259644756308,-28.140290358852905,0,0,61.004286176602456,325.61703534765695
0.0013074999999999999,13.983982245482139,-237.31898395299766,-13.92877042124355,14.044119335257056,-27.97288975650061,0,0,60.13708977491811,246.59636476011349
0.0013079999999999999,13.996694922531701,-230.47196024401711,-13.730081679887871,14.045701618388385,-27.775783298276259,0,0,49.006695856684374,166.02442219023706
0.0013085,14.001425717452264,-224.27153167949399,-13.541433612892323,14.029671619277803,-27.571105232170126,0,0,28.245901825538283,96.208765787356953
0.0013089999999999998,13.993890010955599,-39.337309478874779,-2.289712392452504,2.289712392452504,-16.283602403408103,-11.704177618503095,0,0,47.783750268950115
0.0013094999999999999,13.979320630413222,-9.7644625075692684,-0.56836146410129973,0.56836146410129973,-14.547682094514521,-13.410959166311923,0,0,11.874303069614733
0.00131,13.964766418408628,251.26554189851089,13.964766418408628,-14.295449714372202,0,-28.26021613278083,0,0,-24.39564823473658
0.0013105,13.954818407201275,253.12876306995312,13.973192164091879,-14.353940734932499,0,-28.327132899024377,18.373756890603872,0,-44.73780345653725
0.0013109999999999999,13.954192796589419,252.41532829850354,13.99146037059262,-14.342280398351727,0,-28.333740768944345,37.267574003199833,0,-33.090690814186829
0.0013114999999999999,13.962138238317078,249.20783972118315,14.014811454213897,-14.260497880575718,0,-28.275309334789615,52.673215896818597,0,8.7202759103928891
0.001312,13.97603739822979,243.96247643783107,14.037165354559962,-14.118846477777586,0,-28.156011832337548,61.12795633017187,0,74.250546288606017
0.0013124999999999999,13.991814163068758,237.43815192837423,14.05205962351382,-13.936208259624758,0,-27.98826788313858,60.245460445062392,0,153.43614322108192
0.0013129999999999999,14.00456413338657,230.57933545423367,14.053644342330365,-13.73717716809035,0,-27.790821510420717,49.080208943795093,0,234.1470504970859
0.0013135,14.009311090447483,224.37063351553513,14.03758094979699,-13.548271387746151,0,-27.585852337543141,28.269859349506923,0,304.05451720139087
0.0013139999999999998,14.001756637271162,39.105753785734692,2.2762341971425109,-2.2762341971425109,-11.72552244012865,-16.277990834413671,0,0,352.49570711740898
0.0013144999999999999,13.987179066592068,9.5121697075247766,0.55367622104728298,-0.55367622104728298,-13.433502845544787,-14.540855287639351,0,0,388.43029600062948
0.001315,13.972616672977709,-251.41362248454976,-14.303684913523783,13.972616672977709,-28.276301586501493,0,0,0,424.71607484500203
0.0013155,13.962665416291426,-253.27691035324887,-14.362186106315422,13.981058893898929,-28.343245000214353,0,0,18.393477607503989,445.0545312945049
0.0013159999999999999,13.962045884869879,-252.5612584859922,-14.350472996836267,13.999350763453601,-28.349823760289869,0,0,37.304878583721639,433.37561101124157
0.0013165,13.970004820876357,-249.34956818940563,-14.268580859996295,14.022727458622185,-28.29130831861848,0,0,52.722637745828237,391.50941763225399
0.001317,13.983921523526337,-244.09861863930192,-14.12677753939748,14.045103042931265,-28.171880582328747,0,0,61.181519404927421,325.90880291844354
0.0013174999999999999,13.999715564708602,-237.56813398346117,-13.943965918209317,14.060009453966551,-28.003975372175869,0,0,60.29388925794867,246.64840427578613
0.0013179999999999999,14.012477939127193,-230.70348159535669,-13.744763861559024,14.061592284009931,-27.806356145568959,0,0,49.114344882738649,165.8696357786732
0.0013185,14.017228236851489,-224.4901162607766,-13.555712935198603,14.045510304065886,-27.601223239264492,0,0,28.282067214397358,95.911640060840796
0.0013189999999999999,14.009661311333947,-39.063663037684982,-2.2737842149578205,2.2737842149578205,-16.283445526291768,-11.735877096376125,0,0,47.451491671683641
0.0013194999999999999,13.995075510905698,-9.450086676356193,-0.55006254518304731,0.55006254518304731,-14.545138056088746,-13.44501296572265,0,0,11.492582105692563
0.00132,13.980504896110379,251.54371291727315,13.980504896110379,-14.311414957766392,0,-28.29191985387677,0,0,-24.815224939584191
0.0013204999999999998,13.97054372563969,253.4085239308167,13.98893039505224,-14.369952173050139,0,-28.358882568102377,18.386669412549097,0,-45.17607995796142
0.0013209999999999999,13.969911594957784,252.69453477995191,14.007205684735521,-14.3582792232777,0,-28.365484908013219,37.294089777736751,0,-33.521202123389671
0.0013215,13.977856661092977,249.48439150140013,14.03056735305611,-14.276424651132521,0,-28.306992004188633,52.710691963133939,0,8.322790881474571
0.001322,13.991759533324476,244.23462915136804,14.052930364025706,-14.134649637888336,0,-28.187580001914039,61.170830701228851,0,73.906278317313706
0.0013224999999999999,14.007540800694674,237.70477391075653,14.067826915170103,-13.951851429044551,0,-28.019678344214654,60.286114475430196,0,153.15713338835104
0.001323,14.020292035708927,230.84006986790001,14.069402179699679,-13.75264408865848,0,-27.822046268358157,49.110143990751851,0,233.93536902869056
0.0013235,14.025032883229736,224.62594116670894,14.053313889570001,-13.563567770784358,0,-27.616881660354359,28.281006340265598,0,303.90197748586047
0.0013239999999999999,14.01745787079075,39.201856871596362,2.2818280831902769,-2.2818280831902769,-11.735629787600473,-16.299285953981027,0,0,352.37898685356004
0.0013244999999999999,14.002863953174103,9.570188866190108,0.55705335050416593,-0.55705335050416593,-13.445810602669937,-14.559917303678269,0,0,388.35981899181837
0.001325,13.988285229641388,-251.65304949402486,-14.318486476633559,13.988285229641388,-28.306771706274947,0,0,0,424.69398314130081
0.0013254999999999999,13.978307599272268,-253.52119808498793,-14.377095995826659,13.996660812856017,-28.373756808682678,0,0,18.353213583749977,445.10144774258936
0.0013259999999999999,13.977644388490669,-252.81312157140869,-14.365567230017332,14.014879898421688,-28.380447128439023,0,0,37.235509931019365,433.52448218522443
0.0013265,13.985548738839451,-249.61052553600481,-14.283905422955522,14.03818728265216,-28.322092705607684,0,0,52.638543812708292,391.77743464264688
0.0013269999999999998,13.999407398100464,-244.3687524630968,-14.142340784849441,14.060505483283757,-28.2028462681332,0,0,61.098085183293058,326.29478506367849
0.0013274999999999999,14.015147290928926,-237.84607002660562,-13.959736760688928,14.075372432661625,-28.035109193350557,0,0,60.225141732698802,247.13300981424109
0.001328,14.027865541351803,-230.9865930914012,-13.760676034869439,14.076936344711195,-27.837612379580634,0,0,49.07080335939191,166.41836134173872
0.0013285,14.032585708156425,-224.77491984251782,-13.57167464530237,14.06085484545199,-27.632529490754365,0,0,28.269137295565429,96.480142047190853
0.0013289999999999999,14.025008088601112,-39.502860025669442,-2.2993486167798589,2.2993486167798589,-16.324356705380971,-11.725659471821253,0,0,47.984818977739216
0.0013295,14.010406310268369,-9.8542043983566607,-0.57358508315863155,0.57358508315863155,-14.583991393427,-13.436821227109737,0,0,11.983320689791768
0.00133,13.995819734203542,251.74262927660445,13.995819734203542,-14.324859619905132,0,-28.320679354108673,0,0,-24.381994948549405
0.0013304999999999999,13.98582036596841,253.61527659967746,14.004117976569903,-14.383561573358183,0,-28.387679549928087,18.297610601494149,0,-44.857660669493043
0.0013309999999999999,13.985110751374775,252.91631364860368,14.022247455559869,-14.372253562328597,0,-28.394501017888466,37.136704185094182,0,-33.405261701455814
0.0013315,13.9929517631158,249.7260555468325,14.045466736133321,-14.290907198556157,0,-28.336373934689476,52.514973017520724,0,8.1798776876130681
0.0013319999999999999,14.006740185307462,244.49795529089747,14.067711592615799,-14.149704265933382,0,-28.217415858549181,60.971407308337177,0,73.488029967712706
0.0013324999999999999,14.022413750346923,237.9881808286199,14.0825306738957,-13.967452389407974,0,-28.049983063303678,60.116923548777699,0,152.48941612049606
0.001333,14.035079508773983,231.1388581998757,14.084078729889942,-13.768679576178927,0,-27.852758306068868,48.999221115959188,0,233.0823425717775
0.0013334999999999998,14.039768545941046,224.93301203897437,14.068014740273989,-13.579856696946621,0,-27.647871437220608,28.24619433294346,0,302.95616867176312
0.0013339999999999999,14.032192492398092,39.952527536890841,2.3255224778437373,-2.3255224778437373,-11.706670014554355,-16.35771497024183,0,0,351.46744518676178
0.0013345,14.017583234207153,10.289310943347914,0.59891139198101939,-0.59891139198101939,-13.418671842226132,-14.616494626188173,0,0,387.48657188943594
0.001335,14.002989186071593,-251.81056136573676,-14.330419748535988,14.002989186071593,-28.333408934607583,0,0,0,423.88558031065344
0.0013354999999999999,13.992963038857752,-253.68916525709753,-14.389243253671159,14.01118335047099,-28.400426604142151,0,0,18.220311613237428,444.44832350293251
0.0013359999999999999,13.992192256141056,-253.0027737151388,-14.378240752630772,14.029191220525609,-28.407431973156381,0,0,36.998964384552508,433.16370665286769
0.0013365,13.99994834183355,-249.8297476394942,-14.297336572709609,14.052290679798078,-28.349627252507691,0,0,52.342337964528852,391.80089409762928
0.0013369999999999999,14.013642049782758,-244.62087159896271,-14.156644090810122,14.074436190264265,-28.231080281074387,0,0,60.794140481506687,326.73515873076769
0.0013374999999999999,14.029226256066856,-238.12934473606003,-13.974892022878155,14.089191583025595,-28.064083605903754,0,0,59.965326958738558,247.95886966148788
0.001338,14.041821992537949,-231.29448228559139,-13.776531159141131,14.090720961981507,-27.86725212112264,0,0,48.898969443557597,167.53912771785261
0.0013384999999999998,14.046471015868663,-225.09708824167313,-13.587968728785951,14.074685416848812,-27.662654145634765,0,0,28.214400980147971,97.76011279102687
0.0013389999999999999,14.038899062650035,-220.40877145536868,-13.4335105844517,14.038908036458951,-27.472418620910652,0,0,0.0089738089162949564,49.236112421392619
0.0013395,14.02428058353285,-10.860686391857103,-0.63216952433745377,0.63216952433745377,-14.656450107870304,-13.392111059195395,0,0,13.20550241653372
0.00134,14.009679562623395,251.85784877408275,14.009679562623395,-14.335139131673746,0,-28.344818694297143,0,0,-23.230122060095908
0.0013404999999999999,13.999622692334805,253.74323288912674,14.017747924211601,-14.394097333430794,0,-28.411845257642398,18.125231876795752,0,-43.896535479530939
0.001341,13.998778693412763,253.07189317703981,14.035607468734772,-14.383459261714275,0,-28.41906673044905,36.828775322009704,0,-32.816690263160226
0.0013415,14.006431841643424,249.919896269059,14.058559847858755,-14.303094275068608,0,-28.361654122927362,52.128006215329556,0,8.2716722540843932
0.0013419999999999999,14.020009957148186,244.73481325210051,14.080582833366048,-14.163033772654217,0,-28.243616606020264,60.572876217860966,0,73.035368891209941
0.0013424999999999999,14.035484658652319,238.26620360690237,14.095259535567232,-13.981910063268948,0,-28.077169598836178,59.77487691491379,0,151.52833004682003
0.001343,14.047994523533502,231.44987482366514,14.096766354439531,-13.784077885273813,0,-27.880844239713344,48.771830906029599,0,231.72686550786784
0.0013434999999999999,14.052594968472629,225.26379265258555,14.080767812098115,-13.59586349376117,0,-27.676631305859285,28.17284362548596,0,301.38066502864814
0.0013439999999999999,14.045019413217688,220.57783188313894,14.04508104520095,-13.44151924875097,0,-27.48660029395192,0.061631983262167012,0,349.89458363275179
0.0013445,14.030381500078873,11.586416394388777,0.67441219427053056,-0.67441219427053056,-13.355969305808344,-14.704793694349403,0,0,385.91148906069355
0.0013449999999999998,14.015774127356252,-251.87937655338763,-14.338810444154992,14.015774127356252,-28.354584571511246,0,0,0,422.38370372162922
0.0013454999999999999,14.005681642345614,-253.772807158386,-14.397926771999549,14.023689735156607,-28.421616507156156,0,0,18.008092810993524,443.17047545629293
0.001346,14.004749572129256,-253.11984192518511,-14.387733602214857,14.041368263482987,-28.429101865697849,0,0,36.618691353731094,432.33717130249141
0.0013465,14.012277775483909,-249.993708865613,-14.308032248967386,14.064140704522977,-28.372172953490367,0,0,51.862929039068604,391.58319487139221
0.0013469999999999999,14.025715043738765,-244.83799446138286,-14.16875243159183,14.086013672759163,-28.254766104350995,0,0,60.298629020397911,327.19000945142449
0.0013475,14.04105611055712,-238.39774447940923,-13.98840690048252,14.100594188714922,-28.089001089197446,0,0,59.538078157801507,249.04658441449044
0.001348,14.053461249096729,-231.60441971109938,-13.791231409315486,14.10207396959664,-27.893305378912132,0,0,48.612720499910353,169.12293100270819
0.0013484999999999999,14.058002820507609,-225.4324742419555,-13.603452102296064,14.086121935796225,-27.689574038092292,0,0,28.119115288616513,99.627346501122616
0.0013489999999999999,14.05042384801739,-220.74964348921296,-13.449255435852638,14.050548064993984,-27.499803500846625,0,0,0.12421697659465991,51.131050597079522
0.0013495,14.035764895854804,-12.448590592892128,-0.7245968910105568,0.7245968910105568,-14.76036178686536,-13.311168004844248,0,0,15.133694608446465
0.0013499999999999999,14.021151918347408,251.87661244812125,14.021151918347408,-14.341416028419983,0,-28.362567946767395,0,0,-21.378391217433261
0.0013504999999999999,14.011020286561664,253.77893400793889,14.028894118178908,-14.400704768326039,0,-28.429598886504948,17.873831617244203,0,-42.30214059801915
0.001351,14.009988828187771,253.1467937720407,14.046366265397349,-14.391015223785429,0,-28.437381489182776,36.377437209578837,0,-31.751753438399465
0.0013514999999999998,14.017375086870365,250.05024709673108,14.068933025880863,-14.31207309722442,0,-28.381006123105283,51.557939010498913,0,8.6168730983576189
0.0013519999999999999,14.030651848593319,244.92836390852813,14.090634345923521,-14.173693172718862,0,-28.264327518642382,59.982497330201745,0,72.581451376722598
0.0013525,14.045840464676969,238.52102359749367,14.105105124000678,-13.994251609593933,0,-28.099356733594608,59.264659323708898,0,150.31876504543422
0.001353,14.058126363658632,231.75466379845821,14.106555231153935,-13.797846885964795,0,-27.904402117118728,48.428867495302974,0,229.92104187174678
0.0013534999999999999,14.062601742991681,225.59962893418748,14.090659243050762,-13.610588241109348,0,-27.70124748416011,28.057500059080354,0,299.22916740852185
0.001354,14.055021106111644,220.9210876407559,14.05521943946804,-13.456583506681508,0,-27.511802946149547,0.19833335639626881,0,347.70051864957497
0.0013545,14.040339274473466,13.433511577662557,0.78192632747408908,-0.78192632747408908,-13.258412946999378,-14.822265601947555,0,0,383.66856381044664
0.0013549999999999999,14.02572153446881,-251.84803959635488,-14.342866039413863,14.02572153446881,-28.368587573882674,0,0,0,420.21990206189861
0.0013554999999999999,14.015547367318542,-253.76025246379629,-14.402346187161552,14.03327000892952,-28.435616196091072,0,0,17.722641610978108,441.29303349843838
0.001356,14.014405497503537,-253.15153509978941,-14.393223634662565,14.050511111767589,-28.443734746430152,0,0,36.105614264051368,431.05741042673998
0.0013564999999999998,14.021633338624921,-250.08833817185678,-14.31513804391283,14.072847503088338,-28.387985547001172,0,0,51.214164463417525,391.1200479704483
0.0013569999999999999,14.034730698433398,-245.00460924777767,-14.177773747535653,14.094356731614422,-28.272130479150075,0,0,59.62603318102385,327.63659203641708
0.0013575,14.049748924051453,-238.63438008001341,-13.999352240368008,14.108705125889495,-28.108057366257505,0,0,58.956201838042098,250.35616030928742
0.0013579999999999998,14.061901792113206,-231.8984167816977,-13.803816979872574,14.110123001514184,-27.913939981386761,0,0,48.221209400978843,171.11638600104899
0.0013584999999999999,14.066303846776693,-225.76243982894295,-13.617145664558373,14.094291284444013,-27.71143694900239,0,0,27.987437667320876,102.02097572131973
0.001359,14.058722519704517,-221.08874911321146,-13.463358215564464,14.059003578678661,-27.522361794243125,0,0,0.28105897414377523,53.580348189669287
0.0013595,14.044016845580323,-14.518565907525989,-0.8450842398602092,0.8450842398602092,-14.889101085440533,-13.198932605720113,0,0,17.647256123407534
0.0013599999999999999,14.029395276766602,251.79599926312042,14.029395276766602,-14.343184882726993,0,-28.372580159493594,0,0,-18.944517816634178
0.0013604999999999999,14.019176596154482,253.71853954376391,14.036736398441251,-14.402862337024551,0,-28.4395987354658,17.559802286768573,0,-40.177563783545168
0.001361,14.017916990767199,253.13480012264432,14.053729378570715,-14.39434355119584,0,-28.448072929766553,35.812387803514795,0,-30.281061162658265
0.0013614999999999999,14.024975093155282,250.10742912058419,14.075817806745599,-14.317177848585493,0,-28.392995655331092,50.8427135903177,0,9.1901728813184214
0.0013619999999999999,14.03787975209614,245.06490980265156,14.097119955196856,-14.180910707199597,0,-28.278030662396453,59.240203100716165,0,72.152112868576523
0.0013625,14.052714712389237,238.73498818915607,14.111336422261916,-14.003597612469576,0,-28.114934034731494,58.621709872679013,0,148.93567267126193
0.0013629999999999998,14.064724530137113,232.03228854735102,14.112720089677858,-13.809014358617722,0,-27.921734448295577,47.995559540745397,0,227.7793735804085
0.0013634999999999999,14.069048190301572,225.91747545254529,14.096959297919572,-13.622995050531003,0,-27.719954348450578,27.911107618000258,0,296.64010814421817
0.001364,14.061467484500053,221.24965314558793,14.061838794665139,-13.469462084676824,0,-27.531300879341963,0.37131016508539716,0,345.04322391431504
0.0013645,14.046737396493389,15.685426028485324,0.91300383361519266,-0.91300383361519266,-13.133733562878199,-14.959741230108582,0,0,380.93407630465765
0.0013649999999999999,14.032112995247692,-251.72001186591481,-14.342328542478567,14.032112995247692,-28.374441537726263,0,0,0,417.56449672353722
0.0013655,14.021848126292261,-253.65350952364616,-14.402215482229932,14.039234402807077,-28.441449885037013,0,0,17.386276514817148,438.96412244180294
0.001366,14.020464292006372,-253.0964135394776,-14.394341444033225,14.055964162552781,-28.450305606586006,0,0,35.499870546410293,429.42595979405058
0.0013664999999999999,14.027342733263833,-250.10728083730461,-14.318158384449283,14.077789559049908,-28.395947943499195,0,0,50.446825786074825,390.44920948324267
0.0013669999999999999,14.040043268600984,-245.10873189305428,-14.183062674562654,14.098872305000729,-28.281934979563385,0,0,58.829036399744673,328.04151899927888
0.0013675,14.054684187101902,-238.82178497410519,-14.006932030729136,14.112949506905206,-28.119881537634342,0,0,58.265319803304941,251.7866392336114
0.0013679999999999999,14.066542841815549,-232.15450848058853,-13.813363230167367,14.114298030510406,-27.927661260677773,0,0,47.755188694857011,173.36490185312971
0.0013684999999999999,14.070784230229945,-226.06219029038496,-13.628037635839231,14.098614026592763,-27.726651662431994,0,0,27.82979636281781,104.75491718755285
0.001369,14.063205393240603,-221.40056007686871,-13.474774577770189,14.063672727302647,-27.538447305072836,0,0,0.46733406204377559,56.393354862788243
0.0013694999999999998,14.0484508531187,-16.908181251469582,-0.98417692155875425,0.98417692155875425,-15.032627774677454,-13.064273931559946,0,0,20.548947670033431
0.0013699999999999999,14.033824667951476,251.62329299730072,14.033824667951476,-14.340365715647259,0,-28.374190383598734,0,0,-16.119546011377317
0.0013705,14.023513380111323,253.56775396179304,14.040721016350837,-14.400459643849004,0,-28.441180660199841,17.207636239512851,0,-37.689709002472739
0.001371,14.022002672875466,253.03783633772238,14.057180366136235,-14.393242346501131,0,-28.450422712637366,35.177693260769303,0,-28.520467079927148
0.0013714999999999999,14.028696880985441,250.08796331579589,14.078734977568441,-14.318067813840344,0,-28.396802791408785,50.038096583000346,0,9.9457871255953201
0.001372,14.041187635680863,245.13477257980338,14.099591483955937,-14.184180553201148,0,-28.283772037157085,58.403848275074367,0,71.779861580761533
0.0013725,14.055628864212567,238.89237091904701,14.113524964439078,-14.009275890753518,0,-28.122800855192597,57.896100226511585,0,147.48604218289796
0.0013729999999999999,14.067331909438805,232.26204821585316,14.114837491729009,-13.816765710920777,0,-27.931603202649786,47.505582290205126,0,225.46809524176948
0.0013734999999999999,14.071488896647633,226.19348663403554,14.099233806538747,-13.632172352054143,0,-27.731406158592886,27.744909891113636,0,293.81467167898478
0.001374,14.063912978631855,221.5388414617461,14.064479817251121,-13.479206352089744,0,-27.543686169340866,0.56683861926544665,0,342.12922882257817
0.0013744999999999999,14.049134561317743,18.165698743094481,1.0573734218391202,-1.0573734218391202,-12.991761139478626,-15.106507983156863,0,0,377.92230208263402
0.0013749999999999999,14.034507664325222,-251.50626573436313,-14.337297424463003,14.034507664325222,-28.371805088788225,0,0,0,414.62575548222566
0.0013755,14.024150088773659,-253.46190028055577,-14.39760265407249,14.041175323553031,-28.438777977625524,0,0,17.025234779370621,436.3666689168636
0.0013759999999999998,14.022510942275927,-252.9597788407807,-14.391057800422205,14.057359665320313,-28.448417465742519,0,0,34.848723044384656,427.57142351737031
0.0013764999999999999,14.029018151846909,-250.05006283756876,-14.316915670319489,14.078638952699201,-28.39555462301869,0,0,49.620800852291985,389.6243769253029
0.001377,14.041295861662075,-245.14324061087757,-14.184264545239408,14.099265720931923,-28.283530266171336,0,0,57.969859269848001,328.37453775569452
0.0013775,14.055534407318909,-238.94633289277422,-14.010612660600415,14.113053793736771,-28.123666454337187,0,0,57.519386417862741,253.22767973245155
0.0013779999999999999,14.067079826367861,-232.35369881565765,-13.819182795222009,14.114330895799318,-27.933513691021332,0,0,47.251069431456344,175.69419356497815
0.0013785,14.071151896202101,-226.30930999729483,-13.63533524088259,14.098810422196291,-27.734145663078881,0,0,27.658525994188942,107.61686599328931
0.001379,14.063580148645352,-221.66170554356546,-13.482670375869223,14.064248657517588,-27.546919033386814,0,0,0.66850887223527877,59.351445635355361
0.0013794999999999999,14.048778778680356,-19.430619577458739,-1.1310008495479373,1.1310008495479373,-15.179779628228294,-12.917777929132418,0,0,23.611918796691292
0.0013799999999999999,14.034152252101824,251.37290505320036,14.034152252101824,-14.333234613548312,0,-28.367386865650136,0,0,-13.124438118623306
0.0013805,14.023749944941148,253.33928609166603,14.040594679208938,-14.393740428611325,0,-28.434335107820267,16.844734267790869,0,-35.03335453850849
0.0013809999999999998,14.021984660187941,252.86442334999492,14.056507400668002,-14.387854051804732,0,-28.444361452472734,34.522740480061124,0,-26.608171274961084
0.0013814999999999999,14.028307492659533,249.9943371697203,14.077514190717599,-14.314730377001268,0,-28.392244567718866,49.206698058066983,0,10.823742023715212
0.001382,14.040374688919677,245.13348270260005,14.097913197113808,-14.183304699298525,0,-28.281217896412329,57.538508194130479,0,71.492546219040008
0.0013824999999999998,14.05441268292534,238.98188360776248,14.111556957778538,-14.010900740632861,0,-28.122457698411399,57.144274853196592,0,146.08164145427156
0.0013829999999999999,14.065802061463124,232.42701292909723,14.112799081478535,-13.82055359130513,0,-27.933352672783663,46.99702001541057,0,223.1661195531575
0.0013835,14.069790302087213,226.40712357700724,14.097362061992218,-13.637461480690698,0,-27.734823542682918,27.571759905004761,0,290.97187405215914
0.001384,14.062223545763507,221.76707919197528,14.062993122746692,-13.485113181315359,0,-27.548106304062049,0.76957698318565804,0,339.18451911215675
0.0013844999999999999,14.047400779096083,20.681054510796969,1.2037850943463191,-1.2037850943463191,-12.843615684749764,-15.251185873442402,0,0,374.86793350973619
0.0013849999999999999,14.032775687186563,-251.22434604651892,-14.328218971365757,14.032775687186563,-28.360994658552322,0,0,0,411.63285177393351
0.0013855,14.022330536539974,-253.20126054463498,-14.388921757643992,14.038998071919712,-28.427919829563706,0,0,16.667535379738176,433.70347553277867
0.0013859999999999999,14.020442488631582,-252.75320592763268,-14.383683743868177,14.054645205420714,-28.438328949288895,0,0,34.202716789132026,425.63902129701347
0.0013864999999999999,14.026585396849926,-249.92209692646821,-14.31156256871698,14.075385621028921,-28.386948189745905,0,0,48.800224178995443,388.71087642204117
0.001387,14.038447054924948,-245.10642589868814,-14.181342192980043,14.095562280653898,-28.276904473633941,0,0,57.115225728948943,328.61107875239065
0.0013874999999999998,14.05228935586422,-238.99931864877107,-14.010164348583633,14.109065701414837,-28.119230049998468,0,0,56.776345550615851,254.56863253520203
0.0013879999999999999,14.063526793916502,-232.48147840993011,-13.820879545898324,14.110274817553725,-27.931154363452048,0,0,46.748023637222353,177.92455031687567
0.0013885,14.067433993865402,-226.48555657096836,-13.638527224487191,14.094920938331658,-27.733448162818849,0,0,27.48694446625511,110.38562810089347
0.001389,14.05987332976213,-221.8528410881853,-13.48648748797576,14.060742285807009,-27.547229773782771,0,0,0.8689560448787006,62.225823647560219
0.0013894999999999999,14.04503092972829,-21.890248243003665,-1.2741688066588348,1.2741688066588348,-15.319199736387125,-12.770862123069454,0,0,26.598614852515549
0.00139,14.030408305126803,251.06512486275824,14.030408305126803,-14.322397804733546,0,-28.352806109860349,0,0,-10.191632663660872
0.0013905,14.019923538516828,253.05173928391594,14.036422663417847,-14.383279279978568,0,-28.419701943396415,16.499124901018874,0,-32.414866896355761
0.0013909999999999999,14.017919807231682,252.62891594513073,14.051817930827042,-14.37865054371127,0,-28.430468474538312,33.898123595361191,0,-24.693123517401563
0.0013914999999999999,14.023892415715812,249.83474270425879,14.072305168188111,-14.307478985418914,0,-28.379784153607023,48.412752472298671,0,11.754973307472554
0.001392,14.03555906831021,245.06209602183529,14.092270116807214,-14.178406321652986,0,-28.2706764384602,56.711048497003453,0,71.311149536767687
0.0013924999999999999,14.049215426995678,238.99756071335037,14.10563976010576,-14.0084019354784,0,-28.114041695584159,56.424333110082245,0,144.82982074745854
0.0013929999999999999,14.060308426141027,232.51537867669072,14.106817597639701,-13.820140364673271,0,-27.926957962312972,46.509171498672551,0,221.05023889685884
0.0013935,14.064138825178977,226.54281084006701,14.091543848272345,-13.638508454985358,0,-27.730052303257704,27.405023093367738,0,288.33040658399295
0.0013939999999999998,14.056584824593971,221.91765120699893,14.057548640097599,-13.486780475509869,0,-27.544329115607468,0.96381550362861645,0,336.4357770569801
0.0013944999999999999,14.041725100280633,23.03765428024974,1.3409560337839679,-1.3409560337839679,-12.700769066496665,-15.382681134064601,0,0,372.00634709528487
0.001395,14.027105917458895,-250.89684682624139,-14.315845759561848,14.027105917458895,-28.342951677020746,0,0,0,408.81660954358779
0.0013955,14.016584986941748,-252.89256131337959,-14.376895126613329,14.032925620923987,-28.409820747537317,0,0,16.340633982238728,431.18019071019785
0.0013959999999999999,14.01447349855753,-252.49352265349034,-14.372841478491722,14.048084949549871,-28.420926428041597,0,0,33.61145099234156,423.77839608440439
0.0013965,14.020286952598894,-249.73417951687958,-14.302566213242811,14.068335068711916,-28.370901281954726,0,0,48.04811611302172,387.78017324797804
0.001397,14.031771232599555,-245.00208471984783,-14.174576081493209,14.088102024375001,-28.262678105868215,0,0,56.330791775446762,328.73430131613418
0.0013974999999999999,14.04525380536216,-238.97763854767706,-14.005677423791749,14.101347106799549,-28.107024530591296,0,0,56.093301437389144,255.70779592846426
0.0013979999999999999,14.056212133975452,-232.52899086959312,-13.818378808794213,14.102496867698177,-27.920875676492393,0,0,46.284733722726003,179.8858688879686
0.0013985,14.059971539970375,-226.57833932523388,-13.637423709155804,14.087299812881389,-27.724723522037195,0,0,27.328272911012824,112.84961688541402
0.0013989999999999999,14.052425060436526,-221.96021858071848,-13.485987587367948,14.053478362307631,-27.539465949675581,0,0,1.0533018711045372,64.796638852075631
0.0013994999999999999,14.037550391825302,-24.099128171925088,-1.4027413962358397,1.4027413962358397,-15.440291788061142,-12.634808995589463,0,0,29.280823878703991
0.0014,14.02293555539446,250.72435820971018,14.02293555539446,-14.308737506578655,0,-28.331673061973113,0,0,-7.5454103475031609
0.0014004999999999998,14.012383102847631,252.72799040143502,14.028580206531648,-14.369930109992668,0,-28.39851031652432,16.19710368401865,0,-30.034746377584884
0.0014009999999999999,14.010175141538056,252.35023848237734,14.043526522291542,-14.366390226960299,0,-28.409916749251842,33.351380753485685,0,-22.9223916377987
0.0014015,14.015845276923999,249.62233055096209,14.063561980252741,-14.296923565697945,0,-28.360485545950688,47.716703328742646,0,12.667237450536589
0.001402,14.027164839397324,244.92704870016971,14.083149323704216,-14.169916217732954,0,-28.25306554143717,55.984484306891751,0,71.248116865677332
0.0014024999999999999,14.040490170943448,238.939205975932,14.09628129409259,-14.002027456035796,0,-28.098308750128389,55.791123149142337,0,143.82456185800123
0.001403,14.05132660337051,232.52140653583845,14.097405828209428,-13.81561496369434,0,-27.913020791903769,46.079224838918286,0,219.28031481118586
0.0014035,14.05502204518686,226.59119451368372,14.082279480631163,-13.63529065978674,0,-27.717570140417902,27.25743544430313,0,286.09028134981889
0.0014039999999999999,14.047483378618566,221.98005609618255,14.048618163200679,-13.484137942661089,0,-27.532756105861768,1.1347845821131841,0,334.09133701082681
0.0014044999999999999,14.032596560459833,25.057399562708895,1.4585196359751045,-1.4585196359751045,-12.574076924484729,-15.491116196434938,0,0,369.55380524769004
0.001405,14.01798688158377,-250.54946187683075,-14.301170354785349,14.01798688158377,-28.319157236369122,0,0,0,406.39008289418194
0.0014054999999999998,14.007407602154682,-252.56009535727731,-14.362489606788802,14.023476722946114,-28.38596632973492,0,0,16.06912079143224,428.9879974567657
0.0014059999999999999,14.005114881905039,-252.20134386143752,-14.359409005474875,14.03823430195682,-28.397643307431697,0,0,33.119420051781724,422.13099918017002
0.0014065,14.010658462932778,-249.501530727996,-14.290665848525331,14.05807956146036,-28.348745409985693,0,0,47.421098527582735,386.9038144602776
0.0014069999999999998,14.021832392065983,-244.83914786077196,-14.164537615432181,14.077508032685801,-28.242045648117987,0,0,55.675640619817912,328.73644480316767
0.0014074999999999999,14.035018791879228,-238.88399688088282,-13.997551596713938,14.090540523812271,-28.088092120526209,0,0,55.521731933042318,256.56088768047789
0.001408,14.045747863590677,-232.49372220600378,-13.811930492116215,14.091644015702324,-27.90357450781854,0,0,45.896152111646821,181.43186656035641
0.0014085,14.049387651689971,-226.58172235799321,-13.632169000743819,14.076582184299001,-27.708751185042821,0,0,27.194532609031178,114.82454944581578
0.0014089999999999999,14.041857359015291,-221.97678680164009,-13.481269029200456,14.043065082813168,-27.524334112013623,0,0,1.2077237978773638,66.871381000430901
0.0014094999999999999,14.026961126506853,-25.892662933549939,-1.507137930324989,1.507137930324989,-15.534099056831842,-12.519823196181864,0,0,31.458679069861187
0.00141,14.012357314818663,250.37704187418689,14.012357314818663,-14.293335253467889,0,-28.305692568286553,0,0,-5.3831970733476169
0.0014104999999999999,14.001756892392491,252.39322991261696,14.017717940619491,-14.35475178931974,0,-28.372469729939233,15.961048227000632,0,-28.070886756314568
0.0014109999999999999,13.999393982156539,252.05025207698966,14.032317023974368,-14.352051567111019,0,-28.384368591085387,32.923041817829358,0,-21.428845264017912
0.0014115,14.004831752038687,249.37405601211236,14.052001926695686,-14.283916367091706,0,-28.335918293787394,47.170174656999322,0,13.491220412646161
0.0014119999999999998,14.015883356593717,244.73956091112913,14.071296089966484,-14.15853352304503,0,-28.229829613011514,55.412733372767917,0,71.306430219350233
0.0014124999999999999,14.028952771761046,238.812347570584,14.084244440991661,-13.992319404328954,0,-28.076563845320614,55.291669230614978,0,143.1387717192101
0.001413,14.039591442849963,232.44583930823529,14.085330591755451,-13.807382041429221,0,-27.892712633184669,45.739148905487667,0,217.9860851012277
0.0014135,14.043184790470693,226.54986060736167,14.070324815867538,-13.628115303939106,0,-27.698440119806641,27.140025396844873,0,284.41628466240525
0.0014139999999999999,14.035662862810241,221.95082151258723,14.036932726049255,-13.47744955922642,0,-27.514382285275673,1.2698632390129987,0,332.32392759101884
0.0014145,14.020760228871124,26.592486795230968,1.5478726778166951,-1.5478726778166951,-12.472887551054427,-15.568632906687819,0,0,367.68978313309839
0.001415,14.006162873088854,-250.20882203547876,-14.285340373225758,14.006162873088854,-28.291503246314615,0,0,0,404.53112536995059
0.0014154999999999999,13.99554682870747,-252.22942724395378,-14.346833675079701,14.011419546394004,-28.358253221473706,0,0,15.872717686533832,427.28794751021587
0.0014159999999999999,13.993128170136798,-251.89931991767369,-14.344444448565213,14.025890557748497,-28.370335006313709,0,0,32.762387611699147,420.81846226931538
0.0014165,13.998480998418612,-249.24248171169711,-14.276808439452855,14.045445776368661,-28.32225421582152,0,0,46.964777950048813,386.1474876172349
0.0014169999999999999,14.009434102556346,-244.63087946362319,-14.152038417078847,14.064631564284257,-28.216669981363104,0,0,55.197461727909861,328.61934672083981
0.0014174999999999999,14.022409370468676,-238.72661310953566,-13.986459233040531,14.077512654292219,-28.063971887332748,0,0,55.103283823542711,257.06780247015445
0.001418,14.032975671864021,-232.37963404658004,-13.802084587942359,14.078586312460049,-27.880670900402411,0,0,45.610640596027984,182.45190092315553
0.0014184999999999998,14.036532684408012,-226.49683782841316,-13.623225730043973,14.063628236396847,-27.686853966440822,0,0,27.095551988834082,116.16837786143574
0.0014189999999999999,14.029019363505403,-221.90269707392468,-13.472754778812352,14.030340428005951,-27.503095206818305,0,0,1.3210645005475712,68.300498754693933
0.0014195,14.014113168174811,-27.142667500790836,-1.5798971247424607,1.5798971247424607,-15.594010292917272,-12.43421604343235,0,0,32.976527942059505
0.00142,13.999522732809716,250.04946095390108,13.999522732809716,-14.277380962609492,0,-28.276903695419207,0,0,-3.8598570898286582
0.0014204999999999999,13.988897342999877,252.07287546839956,14.004704992251789,-14.338918941486066,0,-28.343623933737856,15.80764925191221,0,-26.664384848222443
0.001421,13.986439622629124,251.75192950327875,14.019083043905921,-14.336750187475159,0,-28.35583323138108,32.643421276796076,0,-20.320502438546388
0.0014215,13.991731484194778,249.10924059625066,14.038543365653144,-14.269479000314309,0,-28.308022365967457,46.811881458366159,0,14.166180204336083
0.0014219999999999999,14.002613151412627,244.51465143092759,14.05764949014983,-14.14516484132524,0,-28.202814331475071,55.036338737203216,0,71.479538230454907
0.0014224999999999999,14.015519816834262,238.62770326169655,14.070481250134103,-13.980065560424055,0,-28.05054681055816,54.961433299841715,0,142.81867592890703
0.001423,14.026033484685426,232.29574639613384,14.071546625501732,-13.796124430249233,0,-27.867671055750961,45.513140816305011,0,217.25704619331211
0.0014234999999999999,14.029564782951226,226.42343152483718,14.05662599825569,-13.617589637689672,0,-27.674215635945362,27.061215304463495,0,283.42506318413183
0.0014239999999999999,14.022059753717867,221.83368668095548,14.023419305931357,-13.467287271614845,0,-27.490706577546199,1.3595522134895219,0,331.25710126806928
0.0014245,14.007152996312195,27.536656798762351,1.6028301160936742,-1.6028301160936742,-12.404322880218523,-15.609983112405869,0,0,366.54330868348245
0.0014249999999999998,13.992569807351954,-249.90034969681818,-14.269563936455667,13.992569807351954,-28.262133743807624,0,0,0,403.3688166947565
0.0014254999999999999,13.981940947121512,-251.92532581099806,-14.331124269537499,13.997705736938221,-28.328830006475719,0,0,15.764789816709225,426.19862503392358
0.001426,13.979460085859582,-251.61028714932422,-14.329098138221262,14.012024769813861,-28.341122908035125,0,0,32.564683954278181,419.93321234616133
0.0014265,13.984714156319093,-248.97694995023369,-14.262069111685229,14.031424450540724,-28.293493562225954,0,0,46.710294221630903,385.56584492229848
0.0014269999999999999,13.995550909046305,-244.39373465761432,-14.138060976615067,14.050479844619689,-28.188540821234756,0,0,54.92893557338391,328.39408563403697
0.0014274999999999999,14.008414396281667,-238.51846120654878,-13.973286538880073,14.063281004035826,-28.0365675429159,0,0,54.866607754159368,257.19694248896172
0.001428,14.018895442109653,-232.19672623308813,-13.789641645306078,14.06434324649741,-27.853984891803492,0,0,45.447804387757564,182.87913826640838
0.0014284999999999999,14.022412095387249,-226.33166467127785,-13.611331991875057,14.04945029481299,-27.66078228668805,0,0,27.038199425741773,116.7918587592772
0.0014289999999999999,14.014915283730714,-221.74515887002585,-13.461152628345065,14.016300936385326,-27.477453564730393,0,0,1.385652654611242,68.988569033968986
0.0014295,14.000010702575882,-27.766544731961886,-1.6162112358625531,1.6162112358625531,-15.616221938438434,-12.383799466713329,0,0,33.734075124792049
0.0014299999999999998,13.985434949632024,249.7656926064669,13.985434949632024,-14.2620771415171,0,-28.247512091149122,0,0,-3.0765566265822386
0.0014304999999999999,13.974809006359793,251.7905733383619,13.990555741512516,-14.323627134740898,0,-28.314182876253415,15.746735152723289,0,-25.909331626667782
0.001431,13.972322512134452,251.47752622963313,14.004852990743894,-14.321648144159651,0,-28.326501134903545,32.53047860944146,0,-19.672618838253204
0.0014314999999999998,13.977564121832071,248.84799883392117,14.024229012500529,-14.254718294009928,0,-28.278947306510457,46.664890668458668,0,14.644544275806581
0.0014319999999999999,13.988384644248693,244.26986756297578,14.043264236509387,-14.130848200651316,0,-28.174112437160701,54.879592260693236,0,71.752135297352027
0.0014325,14.001232064203698,238.40021477528578,14.056053853238961,-13.966231748208369,0,-28.022285601447329,54.821789035262888,0,142.88086161525032
0.001433,14.01170141430579,232.08381791519153,14.057117303759114,-13.782742976977042,0,-27.839860280736158,45.415889453324375,0,217.13641458503434
0.0014334999999999999,14.015214583841082,226.22303617795026,14.042240780858396,-13.6045662165181,0,-27.646806997376494,27.026197017313063,0,283.17712986833612
0.0014339999999999999,14.00772538150178,221.63913873375623,14.009123500055047,-13.45447886626744,0,-27.463602366322487,1.3981185532663929,0,330.95670776778627
0.0014345,13.992825784740107,27.832129660905196,1.6200287471908297,-1.6200287471908297,-12.372797037549276,-15.612854531930937,0,0,366.18454177183747
0.0014349999999999999,13.978257512189625,-249.64633805695965,-14.255014898226214,13.978257512189625,-28.233272410415843,0,0,0,402.97497398292467
0.0014354999999999999,13.967640233235388,-251.66988027177626,-14.316532605383408,13.983391737721405,-28.299924343104813,0,0,15.751504486017097,425.78826475406299
0.001436,13.965164190943382,-251.35550252350021,-14.314521278145083,13.997701859839713,-28.312223137984795,0,0,32.537668896331176,419.53219808645844
0.0014364999999999998,13.970416912697843,-248.72485630174882,-14.247564514839226,14.017089258118606,-28.264653772957832,0,0,46.672345420762504,385.19859046053494
0.0014369999999999999,13.981248253014391,-244.14599514015796,-14.123677863444641,14.036133904621712,-28.159811768066355,0,0,54.88565160732098,328.07981822186957
0.0014375,13.99410554970869,-238.27612687581575,-13.959058904772974,14.048931071967569,-28.007989976740543,0,0,54.82552225887914,256.94677070522448
0.001438,14.004583585416173,-231.96008536168756,-13.775583625760417,14.05000080835206,-27.825584434112479,0,0,45.417222935887601,182.69437299972722
0.0014384999999999999,14.008104429496749,-226.10020950094281,-13.597436285753242,14.035130349580898,-27.632566635334143,0,0,27.025920084149867,116.66384246196446
0.001439,14.000622472663707,-221.5176746508445,-13.447392214610407,14.002020239626884,-27.44941245423729,0,0,1.3977669631758545,68.900036205810764
0.0014395,13.985730344018394,-27.731902204075649,-1.6141947932929459,1.6141947932929459,-15.59992513731134,-12.371535550725449,0,0,33.691988407223
0.0014399999999999999,13.971169458704477,249.54585878743484,13.971169458704477,-14.248547207214022,0,-28.219716665918501,0,0,-3.0750188171889761
0.0014404999999999999,13.960566872407023,251.56646703004071,13.976347644573687,-14.310001394357396,0,-28.286349038931085,15.780772166664356,0,-25.847350469488621
0.001441,13.958118307744808,251.2469156818772,13.990707204387926,-14.30786403433253,0,-28.298571238720456,32.588896643118389,0,-19.5231320986524
0.0014414999999999999,13.963406927564236,248.60968096616821,14.010142354439052,-14.240739175065819,0,-28.25088152950487,46.73542687481671,0,14.895076498130933
0.0014419999999999999,13.974277223359955,244.02385986428976,14.02922648831577,-14.116669478185216,0,-28.145895966500987,54.94926495581381,0,72.10167114885536
0.0014425,13.987171008243493,238.14775931736625,14.042049899971003,-13.951882058701644,0,-27.993931958672647,54.878891727510265,0,143.31211550836804
0.0014429999999999998,13.997678234967676,231.82719726732225,14.043130019393583,-13.768280265944899,0,-27.811410285338482,45.451784425908016,0,217.61953554738898
0.0014434999999999999,14.001217581199768,225.96522990024724,14.028254214652568,-13.590069322422517,0,-27.618323537075085,27.03663345280048,0,283.67430382215559
0.001444,13.993741999898605,221.3833735458573,13.995125873701774,-13.440035912298045,0,-27.435161785999821,1.3838738031682496,0,331.42797277861894
0.0014445,13.978859830517692,27.471913914897073,1.5990616178035424,-1.5990616178035424,-12.379798212714149,-15.577921448321234,0,0,366.62197033899707
0.0014449999999999999,13.964306098263119,-249.46440683038242,-14.242746082277822,13.964306098263119,-28.207052180540945,0,0,0,403.3611464106682
0.0014455,13.953723374824104,-251.48095165835858,-14.304117229716502,13.969555042470304,-28.273672272186808,0,0,15.831667646200628,426.07171757543728
0.001446,13.951317270744759,-251.1531109546097,-14.301779370624963,13.98399668812611,-28.285776058751079,0,0,32.679417381351413,419.6340744635437
0.0014464999999999999,13.956663909459582,-248.50462608819169,-14.234367129240482,14.003512674396282,-28.237879803636766,0,0,46.848764936698679,385.0680979604864
0.0014469999999999999,13.967598624554698,-243.90631704825043,-14.109967307077534,14.022664266944325,-28.132631574021865,0,0,55.065642389627556,327.7019776616815
0.0014475,13.980553351894846,-238.01840836558097,-13.94485797857301,14.03553193548341,-27.980389914056421,0,0,54.978583588563772,256.3446482287373
0.0014479999999999999,13.99110895743155,-231.68853697656374,-13.760992481423044,14.036627092467558,-27.797619573890604,0,0,45.518135036009305,181.92546452348185
0.0014484999999999999,13.994677212044019,-225.82120121470535,-13.582617409216901,14.021735816644288,-27.604353225861189,0,0,27.058604600268389,115.81117838771618
0.001449,13.987207398692838,-221.23876194787314,-13.432545867578076,13.988565133626883,-27.421111001204963,0,0,1.3577349340449061,68.059383900884811
0.0014494999999999998,13.97233730836191,-27.056643415048576,-1.5748899084945061,1.5748899084945061,-15.547227216856417,-12.397447399867403,0,0,32.872009359159009
0.0014499999999999999,13.957790366864398,249.40480532111974,13.957790366864398,-14.237755176154273,0,-28.195545543018667,0,0,-3.8371572262878431
0.0014505,13.947232755773873,251.41585323417928,13.963137776250605,-14.299015359819789,0,-28.262153136070395,15.905020476731622,0,-26.466908627471685
0.001451,13.944884452668365,251.07621298758519,13.977694797287183,-14.296391364499625,0,-28.274086161786808,32.810344618818746,0,-19.871541807235364
0.0014514999999999999,13.950311586748331,248.41146053070869,13.997324770198157,-14.22856212252232,0,-28.225886892720474,47.01318344982581,0,14.904471406992915
0.0014519999999999999,13.961336292656274,243.79493538616572,14.016571199253642,-14.103678967202324,0,-28.120250166455968,55.234906597368145,0,72.500388954747635
0.0014525,13.97437614788298,237.88967581567485,14.029500063110216,-13.938094709310043,0,-27.967594772420259,55.123915227236665,0,144.07180718285656
0.0014529999999999999,13.98499871615498,231.54599217846501,14.030613771649156,-13.753836076585204,0,-27.784449848234356,45.615055494175742,0,218.65645965647019
0.0014534999999999999,13.988605566269216,225.67050475781463,14.015696253487034,-13.575210408890388,0,-27.590906662377424,27.090687217817703,0,284.86229855624055
0.001454,13.981140437558791,221.08682030280391,13.982459539673913,-13.425069609094178,0,-27.407529148768091,1.3191021151224618,0,332.61791451432248
0.0014544999999999998,13.966284509146536,26.497833847441655,1.5423632001628711,-1.5423632001628711,-12.423921308983665,-15.508647709309408,0,0,367.804805945765
0.0014549999999999999,13.951743869366062,-249.36641670866982,-14.233616654137569,13.951743869366062,-28.185360523503633,0,0,0,404.4807108191975
0.0014555,13.94121557983882,-251.37104720153212,-14.29475054940078,13.957212753915694,-28.251963303316472,0,0,15.997174076874458,427.01195944870625
0.0014559999999999998,13.938937838726668,-251.01694353627059,-14.291776896139019,13.971913353156527,-28.26369024929555,0,0,32.975514429859103,420.21968509310176
0.0014564999999999999,13.944464489311814,-248.33188693612948,-14.223427382064324,13.991685998739285,-28.215113380803615,0,0,47.221509427470764,385.17858548278849
0.001457,13.955601179927001,-243.69231974267709,-14.097932436181289,14.011051569771185,-28.108984005952475,0,0,55.450389844184059,327.29006106628214
0.0014575,13.968747330742485,-237.76480445862217,-13.931738165776093,14.02405727022412,-27.955795436000216,0,0,55.309939481634423,255.44336828136858
0.0014579999999999999,13.979453460903187,-231.40305670459054,-13.746964487852711,14.025193460380287,-27.772157948232998,0,0,45.739999477099474,180.64294394368775
0.0014584999999999999,13.983107818681225,-225.51646122935219,-13.56799754188514,14.010240586315405,-27.578238128200546,0,0,27.132767634180425,114.31386268619727
0.001459,13.975646585731846,-220.93032518288166,-13.417741572904948,13.976916291309347,-27.394657864214295,0,0,1.2697055775005452,66.546361558510313
0.0014594999999999999,13.960806489522751,-25.805133022039485,-1.5020430642614269,1.5020430642614269,-15.462849553784178,-12.458763425261324,0,0,31.352296707275549
0.0014599999999999999,13.94627155304225,249.35125628613744,13.94627155304225,-14.230441648485611,0,-28.176713201527861,0,0,-5.2893981403393653
0.0014605,13.935776714438473,251.34828133308653,13.951884960580612,-14.291426155760888,0,-28.243311116341498,16.10824614213908,0,-27.706820991258684
0.0014609999999999998,13.933582171626183,250.97675940204601,13.966756918580849,-14.288030634861643,0,-28.25478755344249,33.174746954666368,0,-20.680859524628065
0.0014614999999999999,13.939226998736048,248.26716126584381,13.986699912659098,-14.219051221394107,0,-28.205751134053205,47.472913923049454,0,14.67745297786688
0.001462,13.950496949950717,243.59970891209309,14.006207432446102,-14.092814778831949,0,-28.099022211278051,55.710482495385449,0,72.917652219725554
0.0014625,13.963769504277328,237.64524942807446,14.019303960868024,-13.925880891452564,0,-27.945184852320587,55.534456590695022,0,145.09628075945676
0.0014629999999999999,13.974574575014932,231.26162711414725,14.020465284873172,-13.740482480807986,0,-27.760947765681156,45.890709858240477,0,220.15791913104846
0.0014635,13.978284305222926,225.36156488460443,14.00546763886382,-13.561100835793301,0,-27.566568474657117,27.183333640893032,0,286.63756030395598
0.001464,13.970825734080387,220.7724067024225,13.972035428451214,-13.410702918984716,0,-27.382738347435932,1.2096943708259857,0,334.42219033410174
0.0014644999999999999,13.956003067641806,24.995063986883906,1.4548912602079795,-1.4548912602079795,-12.501111807433826,-15.410894327849785,0,0,369.62962060297298
0.0014649999999999999,13.941473132121097,-249.35786218517566,-14.228237375098239,13.941473132121097,-28.169710507219335,0,0,0,406.23514991524104
0.0014655,13.931014697615833,-251.34664585924358,-14.289062748352784,13.947248642573388,-28.236311390926176,0,0,16.233944957554954,428.52535547127491
0.0014659999999999999,13.928912988056114,-250.9556946443048,-14.28519764094726,13.962313720871498,-28.247511361818759,0,0,33.400732815384153,421.23532086502746
0.0014664999999999999,13.934690570622662,-248.21843917199291,-14.215508681161728,13.982449342154045,-28.197958023315774,0,0,47.758771531381988,385.51668722305845
0.001467,13.94611076466591,-243.51932300909559,-14.088430126822725,14.002117772089365,-28.090547898912089,0,0,56.007007423454283,326.87524712418195
0.0014674999999999998,13.959526133377867,-237.53402783517024,-13.920649350617522,14.015317344339831,-27.935966694957354,0,0,55.791210961962868,254.31600657530745
0.0014679999999999999,13.970443016990769,-231.1251035117368,-13.734527838467624,14.016506776210351,-27.751034614677977,0,0,46.06375921958098,178.95270868561943
0.0014685,13.974214942029175,-225.20912799546792,-13.554656502798641,14.001456920377839,-27.55611342317648,0,0,27.241978348663899,112.29651840076841
0.001469,13.966758137531471,-220.61585946522834,-13.404076197180036,13.967899301774413,-27.371975498954448,0,0,1.1411642429418762,64.487376039551634
0.0014694999999999999,13.951954042751657,-24.081343676473089,-1.4017062115684229,1.4017062115684229,-15.353660254320079,-12.550247831183235,0,0,29.259104515121642
0.00147,13.937428322769616,249.3874392521335,13.937428322769616,-14.227078752430881,0,-28.164507075200497,0,0,-7.310628469748881
0.0014705,13.927009056659934,251.36710127032748,13.943382903428343,-14.287727820639946,0,-28.231110724068291,16.373846768410488,0,-29.463024632794959
0.0014709999999999999,13.925009334318229,250.95449412102175,13.958661636497531,-14.28333851279568,0,-28.242000149293212,33.652302179302431,0,-21.882003574980747
0.0014714999999999999,13.93093335143679,248.18638123001051,13.979010331660383,-14.212856989237149,0,-28.191867320897533,48.076980223592294,0,14.2355980906515
0.001472,13.942519426103376,243.45194578777881,13.998856437832655,-14.08483820015609,0,-28.083694637988746,56.337011729279176,0,73.32232910292538
0.0014724999999999999,13.956092356380859,237.43228264722197,14.012169173641684,-13.916112681499719,0,-27.928281855141403,56.076817260825393,0,146.30459519317631
0.0014729999999999999,13.967132232103122,230.9951938645269,14.013388302290684,-13.729185467755906,0,-27.74257377004659,46.256070187562557,0,222.00370432620218
0.0014735,13.970971876175584,225.06154148441001,13.998278765836776,-13.548769330390485,0,-27.547048096227261,27.306889661192315,0,288.85715769086312
0.0014739999999999998,13.963515527061753,220.46374396731647,13.964580089701975,-13.397986622896267,0,-27.362566712598241,1.0645626402217374,0,336.69514659100048
0.0014744999999999999,13.948731041046491,23.084128720850742,1.343661178187233,-1.343661178187233,-12.60506986285926,-15.292392219233724,0,0,371.95006164555303
0.001475,13.934208676610213,-249.43772013472784,-14.226935462933696,13.934208676610213,-28.161144139543911,0,0,0,408.48338627650344
0.0014755,13.923830082659512,-251.40796174625282,-14.287404996778086,13.940353287605182,-28.22775828438327,0,0,16.523204945670905,430.48969641085358
0.0014759999999999999,13.921938211357935,-250.97248725886121,-14.282463120181674,13.95585953848515,-28.238322658666828,0,0,33.92132712721579,422.59807789040883
0.0014764999999999999,13.92801782764238,-248.17154048309729,-14.211138643586729,13.976435707400857,-28.187574350987589,0,0,48.417879758475834,386.05316586974601
0.001477,13.93978063098989,-243.39931155952371,-14.082113724853373,13.996471878076939,-28.078585602930314,0,0,56.691247087047763,326.48805758972725
0.0014774999999999999,13.953521705344871,-237.34265898328681,-13.912371098911322,14.009905802211774,-27.922276901123098,0,0,56.384096866902787,253.04974945556043
0.0014779999999999999,13.964692893146443,-230.87502012090411,-13.724569614145702,14.011156494566013,-27.735726108711717,0,0,46.463601419569279,176.98682289419176
0.0014785,13.968604568350182,-224.92189971863829,-13.543553874728197,13.995982037457017,-27.539535912185212,0,0,27.377469106833843,109.91743686473042
0.0014789999999999998,13.961147755931666,-220.31865535300685,-13.392535889700723,13.962130021159684,-27.354665910860408,0,0,0.98226522801768112,62.044310080883292
0.0014794999999999999,13.946383414183675,-22.019933940750079,-1.2817174405940885,1.2817174405940885,-15.228100854777763,-12.664665973589587,0,0,26.755948120280493
0.00148,13.931863493919039,249.50914643144128,13.931863493919039,-14.227844996628354,0,-28.159708490547395,0,0,-9.7426489380781156
0.0014804999999999998,13.921526831229125,251.46943381867843,13.938208076980187,-14.288124409751992,0,-28.226332486732176,16.681245751061702,0,-31.597642421780112
0.0014809999999999999,13.91974797627695,251.00970952952267,13.953953966566159,-14.282595742311454,0,-28.236549708877615,34.205990289209616,0,-23.379955078357174
0.0014815,13.925991116142997,248.1739418639138,13.97476964176051,-14.21037643392715,0,-28.185146075687658,48.778525617513424,0,13.615156593519639
0.001482,13.937939748762252,243.36166056027605,13.995005609590311,-14.08028443677599,0,-28.075290046366298,57.065860828058682,0,73.68504443714383
0.0014824999999999999,13.951857492716339,237.26585293686708,14.008566351957706,-13.90946442333529,0,-27.918030775292994,56.708859241366092,0,147.6049827414036
0.0014829999999999999,13.963166309479011,230.76592972519086,14.009849016876229,-13.720738346093249,0,-27.730587362969477,46.682707397218643,0,224.05245785459081
0.0014835,13.967152866126488,224.79229569922964,13.994604550268349,-13.539090000603879,0,-27.533694550872227,27.451684141861257,0,291.35053052171736
0.0014839999999999999,13.959694281160662,220.18338508726967,13.960589188712339,-13.387825348804885,0,-27.348414537517222,0.8949075516777043,0,339.26184406198763
0.0014844999999999999,13.944950487898426,20.911262671146744,1.2171848536226797,-1.2171848536226797,-12.727765634275748,-15.162135341521106,0,0,374.58855709639403
0.001485,13.93043205948833,-249.59871203022786,-14.229739396448139,13.93043205948833,-28.160171455936474,0,0,0,411.05311279223196
0.0014854999999999998,13.920137295329269,-251.54911158160229,-14.289832442888784,13.936980258182222,-28.226812701071012,0,0,16.842962852953534,432.75407602095078
0.0014859999999999999,13.918473184484727,-251.06481310253898,-14.283710079816119,13.95297088341988,-28.236680963236001,0,0,34.497698935153664,424.20266074077352
0.0014865,13.924883029679078,-248.1935210287273,-14.210578260009884,13.974031703634168,-28.184609963644057,0,0,49.148673955090267,386.74549604666481
0.001487,13.937021541061259,-243.34017718100935,-14.079392291277907,13.994472547157267,-28.073864838435178,0,0,57.451006096008378,326.15622539300034
0.0014874999999999999,13.951120073170681,-237.2040245142621,-13.907461911001519,14.008163490542003,-27.915625401543522,0,0,57.043417371322278,251.73927604982683
0.001488,13.96256980207292,-230.67061219057084,-13.717776488170824,14.009478820883974,-27.727255309054797,0,0,46.909018811052988,174.8933311400676
0.0014885,13.966632809856785,-224.67542463763633,-13.535463899868269,13.994161660956038,-27.529625560824307,0,0,27.528851099252741,107.35628625705424
0.0014889999999999999,13.959171595039704,-220.06013900721652,-13.383928780269379,13.959976643848995,-27.343905424118375,0,0,0.80504880928981493,59.401908895263745
0.0014894999999999999,13.944448209943678,-19.776069496530134,-1.1511085023373149,1.1511085023373149,-15.095556712280993,-12.793339707606362,0,0,24.03124408766503
0.00149,13.929930304467423,249.70618645900598,13.929930304467423,-14.232619905222311,0,-28.162550209689734,0,0,-12.402169804125833
0.0014904999999999999,13.919677158737409,251.64652524727663,13.936684591365688,-14.292522781977805,0,-28.229207373343492,17.00743262827978,0,-33.949486423470617
0.0014909999999999999,13.918128746482456,251.13717023899167,13.952923093803564,-14.285794240097822,0,-28.238717333901384,34.794347321109321,0,-25.061074827131723
0.0014915,13.924707104072324,248.22966895101447,13.97423209513267,-14.211731474421693,0,-28.185963569554364,49.524991060346629,0,12.864122520505326
0.0014919999999999998,13.93703762625681,243.33450916276553,13.99488002545592,-14.079430689299793,0,-28.074310714755711,57.842399199109288,0,73.980164504808698
0.0014924999999999999,13.951318835260588,237.15732488586218,14.008702014704751,-13.906370361949305,0,-27.915072376654056,57.383179444161698,0,148.9015174013152
0.001493,13.962910616846395,230.58991635983409,14.010049208437346,-13.715710419516453,0,-27.725759627953803,47.138591590950718,0,226.15207834937729
0.0014935,13.967050111210513,224.57291856188829,13.994656915259476,-13.53272489055461,0,-27.527381805814088,27.606804048963511,0,293.93210926957153
0.0014939999999999999,13.959585039132911,219.95127023821874,13.960298436670081,-13.380917761238328,0,-27.341216197908409,0.71339753717114718,0,341.93103688775534
0.0014945,13.944881776831643,18.637846784784585,1.0848558103514989,-1.0848558103514989,-12.860025966480144,-15.029737587183142,0,0,377.34914335248254
0.001495,13.930363419958317,-249.82793403505269,-14.236383194963475,13.930363419958317,-28.166746614921792,0,0,0,413.75327048453352
0.0014954999999999999,13.920150341240124,-251.75864666723879,-14.296106633227531,13.937319930036512,-28.233426563264043,0,0,17.169588796388517,435.14985810431131
0.0014959999999999999,13.91871513918924,-251.22482408466098,-14.288787107470579,13.953802378606877,-28.242589486077456,0,0,35.087239417636148,425.92909673256446
0.0014965,13.925459052467328,-248.28172872297947,-14.213809619666391,13.975356162394661,-28.189165782061053,0,0,49.897109927331996,387.54108665240977
0.0014969999999999998,13.937978641839701,-243.34526518195975,-14.080407710554356,13.996208717931662,-28.076616428486016,0,0,58.230076091960591,325.9028779563219
0.0014974999999999999,13.952439993912282,-237.12735304095031,-13.906225592036467,14.010160364935132,-27.916385956971599,0,0,57.720371022849811,250.48013010968668
0.001498,13.964171938880002,-230.52598145228444,-13.714591862655855,14.01153895592134,-27.726130818577193,0,0,47.367017041337874,172.82578435486744
0.0014984999999999998,13.968386705175867,-224.48692827828305,-13.530926278601278,13.996071583826435,-27.526997862427713,0,0,27.684878650567533,104.80134535702382
0.0014989999999999999,13.96091706085523,-219.85844141377666,-13.378833281706118,13.961539654434679,-27.340372936140799,0,0,0.62259357944925142,56.754623759708622
0.0014995,13.946233061608709,-17.514605695395897,-1.0194751557984367,1.0194751557984367,-14.965708217407146,-12.926757905810272,0,0,21.285174671103881
0.0015,13.93171329787981,249.96318189917312,13.93171329787981,-14.240997704760771,0,-28.172711002640579,0,0,-15.093613938560786
0.0015004999999999999,13.921538535282712,251.88444680132397,13.93886709288007,-14.300544436168829,0,-28.239411529048898,17.328557597358113,0,-36.345349126891932
0.0015009999999999999,13.920213347453165,251.32656998978274,13.955587688293313,-14.292643072165422,0,-28.248230760458732,35.374340840148719,0,-26.801114509209487
0.0015015,13.927118554767491,248.3484994728197,13.977380317980934,-14.216765928402806,0,-28.194146246383742,50.261763213443359,0,12.038763958710494
0.0015019999999999999,13.939822412529875,243.37149176745379,13.998432207381166,-14.082282381976768,0,-28.080714589357935,58.609794851291198,0,74.187429429953369
0.0015024999999999999,13.954459191609581,237.11365679879623,14.012509599752402,-13.906999971804812,0,-27.919509571557214,58.050408142820437,0,150.10062689563892
0.001503,13.966327299153905,230.47905825223199,14.013917626377461,-13.714412921131137,0,-27.728330547508595,47.590327223556308,0,228.15014067484742
0.0015034999999999998,13.970614606889646,224.41849923420421,13.998375472913299,-13.53008344049938,0,-27.528458913412678,27.760866023653662,0,296.41407449409252
0.0015039999999999999,13.963139319067645,219.78343432539205,13.963672622435061,-13.377713428799428,0,-27.34138605123449,0.53330336741571216,0,344.50834677889304
0.0015045,13.948473586382152,16.429452752154532,0.95631150340933857,-0.95631150340933857,-12.992162082972811,-14.90478508979149,0,0,380.03076845005376
0.0015049999999999998,13.93395148998821,-250.10781105355113,-14.2463292236081,13.93395148998821,-28.180280713596311,0,0,0,416.38703931566857
0.0015054999999999999,13.923812090447957,-252.02040997859586,-14.305716494153316,13.941291499746175,-28.247007993899491,0,0,17.479409298218435,437.50216947758076
0.001506,13.922590409979822,-251.43994728087029,-14.297269764353439,13.958237617351619,-28.255507381705062,0,0,35.647207371796654,427.65095550562228
0.0015065,13.929648065679165,-248.42879393364115,-14.220542043805915,13.980256977929027,-28.200799021734944,0,0,50.6089122498622,388.3809575409411
0.0015069999999999999,13.94252652242966,-243.41323415849206,-14.085030035357828,14.00149846757366,-28.08652850293149,0,0,58.971945144000898,325.74510137171956
0.0015074999999999999,13.957329793390274,-237.11723715967284,-13.908695648866836,14.015695632746681,-27.924391281613516,0,0,58.365839356405985,249.3623879541712
0.001508,13.969327207736084,-230.45065762940351,-13.715190810604959,14.017131561181932,-27.732322371786893,0,0,47.804353445847845,170.93297877656656
0.0015084999999999999,13.973683199630965,-224.36913307712032,-13.53021456938408,14.001517418779994,-27.531731988164079,0,0,27.834219149027831,102.43688153221893
0.0015089999999999999,13.966201766367561,-219.72725533760433,-13.377563829760218,13.966649907844076,-27.344213737604296,0,0,0.4481414765136833,54.293555786974551
0.0015095,13.951552723506685,-15.399097803447175,-0.89633748571636451,0.89633748571636451,-14.847890209223049,-13.055215237790321,0,0,18.716343068060027
0.0015099999999999998,13.937027421347908,250.26066868577192,13.937027421347908,-14.252318904527598,0,-28.189346325875505,0,0,-17.622171270381592
0.0015104999999999999,13.926920326621167,252.1650990847981,13.944541838855798,-14.311555309401051,0,-28.256097148256849,17.621512234631474,0,-38.61158739904198
0.001511,13.925795137884565,251.56329659986753,13.961699361254572,-14.302592465871092,0,-28.264291827125664,35.904223370007458,0,-28.473564043022652
0.0015115,13.932995356386543,248.52089929351723,13.983931153887506,-14.225060599621569,0,-28.208991753509075,50.935797500962295,0,11.199778106343874
0.0015119999999999999,13.946037172974908,243.4689684016945,14.005349959596897,-14.088577532629024,0,-28.093927492225919,59.31278662198978,0,74.29318274744989
0.0015125,13.960996078502701,237.1370207648938,14.019658566599123,-13.911251434657034,0,-27.930910001256155,58.662488096422571,0,151.11718885954784
0.001513,13.973114028279042,230.44037393916122,14.021119402010445,-13.716883065738966,0,-27.738002467749411,48.005373731402898,0,229.90390444623193
0.0015134999999999999,13.977533436996714,224.33920392835512,14.005436213688649,-13.531299992591904,0,-27.536736206280551,27.902776691934662,0,298.618725191865
0.0015139999999999999,13.970045006042474,219.69102192661032,13.970412627289907,-13.378387629575547,0,-27.348800256865456,0.36762124743351166,0,346.80908019891507
0.0015145,13.955410977878033,14.444919023443731,0.84079746515745057,-0.84079746515745057,-13.114613512720581,-14.796208443035484,0,0,382.44055693598119
0.0015149999999999999,13.940881658796433,-250.4173295304152,-14.258808137381049,13.940881658796433,-28.199689796177481,0,0,0,418.76483715483994
0.0015154999999999999,13.930802721397669,-252.31467665154048,-14.317916551358227,13.94855298092801,-28.266469532286241,0,0,17.750259530341438,439.64146863603139
0.001516,13.929763957621066,-251.69379079712354,-14.308493133492822,13.965901490232264,-28.274394623725087,0,0,36.137532611197933,429.24374651212759
0.0015164999999999998,13.93709263677561,-248.6231941972292,-14.230235862752712,13.988325772020907,-28.218561634773618,0,0,51.233135245297923,389.20371518014662
0.0015169999999999999,13.950282122855615,-243.5382250939405,-14.092870713233218,14.009905629346234,-28.10277634257945,0,0,59.6235064906177,325.69292479466253
0.0015175,13.965381993897417,-237.17341277191451,-13.914637777668865,14.024315605150568,-27.938953382819431,0,0,58.933611253150822,248.4648493546679
0.001518,13.977609185396313,-230.44905308901551,-13.719473251612015,14.025798905095607,-27.745272156707625,0,0,48.189719699295274,169.34928623585168
0.0015184999999999999,13.982085823403825,-224.32950260790605,-13.533322872286194,14.010052020336239,-27.543374892622435,0,0,27.966196932414519,100.43114362335602
0.001519,13.974590160586155,-219.67501484637663,-13.3801548504614,13.974884387349707,-27.355039237811109,0,0,0.29422676355260791,52.193989685671845
0.0015195,13.959968918119989,-13.58104311414575,-0.79051371669409798,0.79051371669409798,-14.750482634814087,-13.16945520142589,0,0,16.508710251219838
0.0015199999999999999,13.945434853655524,250.5764489457259,13.945434853655524,-14.265718114511255,0,-28.211152968166779,0,0,-19.806622592107736
0.0015204999999999999,13.93537995575984,252.46747612048551,13.95324539503005,-14.324711942716888,0,-28.277957337746937,17.865439270210629,0,-40.585568900327104
0.001521,13.934417361253315,251.82946831120759,13.970763621700778,-14.314874469997184,0,-28.285638091697962,36.346260447463457,0,-29.958020783426097
0.0015214999999999998,13.941859803213381,248.73356754730551,13.993358888032152,-14.235965399392777,0,-28.229324287424927,51.499084818770797,0,10.408223398318114
0.0015219999999999999,13.95518019005519,243.61897775655325,14.015081485922963,-14.097808586379722,0,-28.112890072302683,59.901295867773307,0,74.291166336416623
0.0015225,13.970404892193484,237.22474100556701,14.029580707133569,-13.91876298515669,0,-27.948343692290255,59.175814940084251,0,151.88000263514243
0.0015229999999999998,13.98272846491596,230.47561682601801,14.031082635359752,-13.722886282440225,0,-27.753968917799977,48.354170443792938,0,231.28955950635316
0.0015234999999999999,13.987254921210209,224.33969012871097,14.015277374664505,-13.536229645750712,0,-27.551507020415215,28.022453454296368,0,300.39001781734095
0.001524,13.979751439363998,219.67963671380321,13.979979655109382,-13.382834499934104,0,-27.362814155043484,0.22821574538484413,0,348.67023240714775
0.0015245,13.965140727562735,12.825865526367238,0.74655698695976014,-0.74655698695976014,-13.218583740602973,-14.711697714522495,0,0,384.40654200518753
0.0015249999999999999,13.950601278601193,-250.73349508565144,-14.272873987217634,13.950601278601193,-28.223475265818827,0,0,0,420.71684155607903
0.0015254999999999999,13.940565363311897,-252.61952729825833,-14.331780473150365,13.958528299325364,-28.290308772475729,0,0,17.962936013466717,441.41475660948635
0.001526,13.939666004062662,-251.96729852306396,-14.321600077472954,13.976189446400948,-28.297789523873902,0,0,36.523442338285847,430.59317667477274
0.0015264999999999999,13.947203828785788,-248.85008944861772,-14.24214245137709,13.998929330825106,-28.241071782202198,0,0,51.7255020393184,389.94967134803602
0.0015269999999999999,13.960634506461723,-243.71032480017462,-14.103312697339623,14.020773044991238,-28.124085742330863,0,0,60.138538529513788,325.74875202279662
0.0015275,13.975964681372947,-237.2908550722062,-13.923569839457755,14.03534809079631,-27.958917930254067,0,0,59.383409423362792,247.84995423492887
0.0015279999999999998,13.988369723480041,-230.52025150434415,-13.727075101626451,14.036865512495158,-27.763940614121609,0,0,48.495789015117573,168.18592058297617
0.0015284999999999999,13.992937944167602,-224.36982946679271,-13.539970777027959,14.021009428876994,-27.560980205904951,0,0,28.071484709391122,98.925400774081055
0.001529,13.98542671091449,-219.7044189057093,-13.386363038112199,13.985598552890732,-27.371961591002936,0,0,0.17184197624165876,50.60396602856725
0.0015294999999999998,13.97082378292443,-12.189783092973052,-0.70953244589026709,0.70953244589026709,-14.680356228814697,-13.261291337034164,0,0,14.819333290665304
0.0015299999999999999,13.956278417195202,250.88713604267335,13.956278417195202,-14.28018574694606,0,-28.236464164141264,0,0,-21.491422400202836
0.0015305,13.946256625003729,252.76913144081968,13.964299737575743,-14.33902172661332,0,-28.303321464189061,18.043112572015001,0,-42.126524903253085
0.001531,13.945407801356652,252.10519284369144,13.982077028417908,-14.328558192403788,0,-28.310635220821695,36.669227061256784,0,-31.14824531603681
0.0015314999999999999,13.953022632371507,248.97039207187697,14.004934459439935,-14.248646767731739,0,-28.253581227171672,51.91182706842806,0,9.7213953635366188
0.0015319999999999999,13.966542583288412,243.80983865734967,14.026876320753562,-14.109260383022852,0,-28.136136703776412,60.333737465150342,0,74.182856894071989
0.0015325,13.981958036288239,237.36954488788686,14.041512153779841,-13.928941206134812,0,-27.970453359914654,59.554117491603314,0,152.33642976707483
0.0015329999999999999,13.994428552109088,230.58123241874387,14.043040636626706,-13.731936067519037,0,-27.774976704145743,48.612084517618442,0,232.21035384819126
0.0015334999999999999,13.999029517105299,224.418871044897,14.027140996883384,-13.544462150476319,0,-27.571603147359703,28.111479778085325,0,301.60383190020241
0.001534,13.991510235584091,219.74904282646074,13.99163525420594,-13.390678324643529,0,-27.38231357884947,0.12501862184934964,0,349.96121636458361
0.0015344999999999998,13.976912423197348,11.68710920019123,0.6802732348025593,-0.6802732348025593,-13.296639188394792,-14.657185657999907,0,0,385.78930376349808
0.0015349999999999999,13.962360718436081,-251.0329450135535,-14.28747170369939,13.962360718436081,-28.249832422135473,0,0,0,422.10448353782658
0.0015355,13.952347429672411,-252.91238796330438,-14.346267224893065,13.970449916592953,-28.31671714148602,0,0,18.102486920542574,442.69593742206018
0.001536,13.95153422897101,-252.24009719178073,-14.335602726437633,13.988312026033702,-28.323914752471339,0,0,36.777797062692152,431.60290503171262
0.0015364999999999999,13.959204679512421,-249.09238515143562,-14.255358404207408,14.011256057341383,-28.266614461548791,0,0,52.051377828961471,390.56492227306194
0.001537,13.97278981183832,-243.91629729402698,-14.115555756166593,14.033270618503266,-28.148826374669863,0,0,60.48080666494667,325.90726162398289
0.0015375,13.988267860115176,-237.46018077706361,-13.934798080234426,14.047951450040889,-27.982749530275321,0,0,59.683589925712845,247.55964253435357
0.0015379999999999999,14.000786385650507,-230.65813343606237,-13.73739653757422,14.049487427544788,-27.78688396511901,0,0,48.701041894281481,167.52351556381828
0.0015384999999999999,14.005410764071891,-224.48617840058424,-13.549625985584148,14.03355347992507,-27.583179465509218,0,0,28.142715853179254,98.024498307632243
0.001539,13.997883813960163,-219.81231335966871,-13.395687469358352,13.997973494697636,-27.393660964055989,0,0,0.089680737471994121,49.634382213442322
0.0015394999999999999,13.983288052345072,-11.323568623028658,-0.65911257649328947,0.65911257649328947,-14.642400628838361,-13.324175475851783,0,0,13.767516037112307
0.0015399999999999999,13.968729709760643,251.16981196829161,13.968729709760643,-14.294640343228016,0,-28.263370052988659,0,0,-22.557440897674567
0.0015405,13.958719693069531,253.04777042564353,13.976861812560973,-14.353414045802218,0,-28.330275858363191,18.142119491441314,0,-43.125272497514885
0.0015409999999999998,13.957927939809794,252.369983760439,13.994778489847899,-14.342616687373487,0,-28.337395177221389,36.850550038105112,0,-31.959506676743548
0.0015414999999999999,13.965633347381699,249.21360560151373,14.017778513646196,-14.262147856406489,0,-28.279926370052685,52.145166264496432,0,9.1888481393500179
0.001542,13.979259974255255,244.02700144353921,14.039839843238388,-14.122062189743691,0,-28.161902032982077,60.579868983132521,0,73.977325324037665
0.0015425,13.994777864847247,237.56011114575395,14.054548803730208,-13.941004683746279,0,-27.995553487476485,59.770938882961346,0,152.45597259966013
0.0015429999999999999,14.007326442615483,230.74865094887488,14.056087532112672,-13.743330283879498,0,-27.799417815992168,48.761089497189182,0,232.60320248722738
0.0015435,14.011964251136899,224.57003867475945,14.040127918004018,-13.555352962000834,0,-27.59548088000485,28.163666867118323,0,302.17645706286595
0.001544,14.004429627925202,219.89322954951905,14.004494955459338,-13.40130221248941,0,-27.405797167948748,0.065327534135590781,0,350.59279054431295
0.0015444999999999999,13.989833060306792,11.108525253959215,0.6465955163893824,-0.6465955163893824,-13.343237543917411,-14.636428576696174,0,0,386.49185194134083
0.0015449999999999999,13.975267903554782,-251.29362534241773,-14.30151319747333,13.975267903554782,-28.276781101028114,0,0,0,422.83026307422034
0.0015455,13.96525536444247,-253.17165079266039,-14.360296156786664,13.983414631468218,-28.343710788254885,0,0,18.159267025748463,443.3947451746854
0.0015459999999999998,13.964469200749308,-252.49196098365283,-14.349453790131051,14.001352205128391,-28.350805995259442,0,0,36.883004379082443,432.20136167440143
0.0015464999999999999,13.972186662839469,-249.3319648261739,-14.268890863938324,14.024374873203508,-28.29326573714183,0,0,52.188210364037651,391.00516556533876
0.001547,13.985828902409891,-244.14054348791225,-14.128674501692803,14.046455516088471,-28.175130017781278,0,0,60.62661367858162,326.15579040515195
0.0015474999999999998,14.001362235063048,-237.66833561171768,-13.947467631070198,14.061175600200162,-28.008643231270362,0,0,59.81336513711387,247.61240038837934
0.0015479999999999999,14.01392210020941,-230.85183342032406,-13.749645861181795,14.062713371356224,-27.812359232538018,0,0,48.791271146814651,167.4064415676566
0.0015485,14.018563412016979,-224.66918942689546,-13.561543409558547,14.046738399584246,-27.608281809142792,0,0,28.174987567266299,97.789470085607931
0.001549,14.011021792912235,-219.98993929034162,-13.407406490507483,14.011075298102924,-27.418481788610407,0,0,0.053505190687872073,49.351184305264596
0.0015494999999999999,13.996421285770177,-11.042370068759913,-0.64274481207374667,0.64274481207374667,-14.639166097843924,-13.35367647369643,0,0,13.426078537374185
0.0015499999999999999,13.98184926985579,251.40369643481094,13.98184926985579,-14.30800725226125,0,-28.289856522117041,0,0,-22.930670115818806
0.0015505,13.971829004479556,253.28287283589566,13.989984772712818,-14.366818136299299,0,-28.356802909012117,18.155768233262627,0,-43.512181921327794
0.0015509999999999999,13.971033861310518,252.60424990274851,14.007911818038165,-14.356001592954259,0,-28.363913410992424,36.877956727646954,0,-32.334751697464469
0.0015514999999999999,13.978741998077723,249.44507570965979,14.03092528812595,-14.275458019382707,0,-28.306383307508654,52.183290048226482,0,8.8488043682159905
0.001552,13.992375278858809,244.25410228328292,14.052998272928539,-14.135250881384412,0,-28.188249154312949,60.622994069730161,0,73.690609857356662
0.0015524999999999998,14.007900440363731,237.78188813200208,14.067712000062061,-13.954040652745613,0,-28.021752652807677,59.811559698330996,0,152.23253926239985
0.0015529999999999999,14.020452996801266,230.96490477867113,14.069244065847162,-13.756202015101293,0,-27.825446080948453,48.791069045895313,0,232.44332959724329
0.0015535,14.025087584130027,224.78134570219612,14.053263073942778,-13.568069896781322,0,-27.621332970724101,28.175489812751927,0,302.07073428672646
0.0015539999999999998,14.017539235619251,220.10084302790642,14.017592490971206,-13.413892749810548,0,-27.431485240781754,0.053255351954064167,0,350.52359367185278
0.0015544999999999999,14.002932004848748,11.128962122706696,0.64778508812812419,-0.64778508812812419,-13.355146916720628,-14.650717092976873,0,0,386.46701480469278
0.001555,13.988353210465773,-251.49642220171603,-14.313957300935503,13.988353210465773,-28.302310511401277,0,0,0,422.84515873688758
0.0015555,13.978319654288855,-253.37826986100012,-14.372826337988558,13.996449331382747,-28.369275669371309,0,0,18.129677093892795,443.46358274616017
0.0015559999999999999,13.977499842329161,-252.70430032114092,-14.362123303667186,14.014332208014443,-28.37645551168163,0,0,36.832365685280763,432.34714025617973
0.0015564999999999999,13.985175853576033,-249.55101647754654,-14.2817300743089,14.037303107244705,-28.319033181553607,0,0,52.127253668672566,391.2389948361037
0.001557,13.998774344797265,-244.36623449171339,-14.14168576410718,14.059340952260133,-28.201026716367313,0,0,60.566607462867758,326.47520155765346
0.0015574999999999999,14.014266967226318,-237.89953293231002,-13.960624486089598,14.074031352213039,-28.034655838302641,0,0,59.764384986721254,248.00174604632087
0.0015579999999999999,14.026793508559322,-231.08651169303297,-13.76289665768344,14.075554164895841,-27.838450822579283,0,0,48.76065633651892,167.83931875094405
0.0015585,14.031411579527578,-224.90473540506363,-13.574818790179004,14.059577800997594,-27.6343965911766,0,0,28.166221470016396,98.23278974665331
0.0015589999999999998,14.023857438248553,-220.22354594562333,-13.420629581768397,14.023923128782801,-27.4445527105512,0,0,0.065690534247423216,49.770258902080769
0.0015594999999999999,14.009240554172855,-11.363050935633346,-0.66141072910340104,0.66141072910340104,-14.670651283276257,-13.347829825069454,0,0,13.81549655412101
0.00156,13.99465519180516,251.57170919693914,13.99465519180516,-14.319298418711648,0,-28.313953610516805,0,0,-22.58815216817986
0.0015604999999999998,13.984603571043145,253.45723171900292,14.002687210417676,-14.378242500093071,0,-28.380929710510745,18.083639374531732,0,-43.262719052364304
0.0015609999999999999,13.983745253473611,252.79075631127441,14.020495737205346,-14.367720661040901,0,-28.388216398246243,36.750483731735564,0,-32.249093373439322
0.0015615,13.991368684508059,249.64764489633239,14.0433934122849,-14.287587217875823,0,-28.33098063016072,52.024727776840521,0,8.7252263564640806
0.001562,14.004908803619578,244.47415780481961,14.065370130389081,-14.147841437794021,0,-28.213211568183098,60.461326769502101,0,73.344611964593284
0.0015624999999999999,14.020346197302347,238.01814029471061,14.080020393182501,-13.967071377741998,0,-28.047091770924499,59.674195880153917,0,151.68514922257265
0.0015629999999999999,14.032828876182307,231.21354626791518,14.081529510558418,-13.769582224562384,0,-27.851111735120806,48.700634376111367,0,231.7464912252714
0.0015635,14.03742070409602,225.03663344918618,14.065567068000336,-13.581653001328451,0,-27.647220069328785,28.146363904316345,0,301.2992715102518
0.0015639999999999999,14.029861264721388,220.35597611850238,14.029950647420243,-13.427498401816624,0,-27.457449049236867,0.089382698854485909,0,349.76367818977326
0.0015644999999999999,14.015232284055163,11.742820015851123,0.68351600220836062,-0.68351600220836062,-13.331716281846802,-14.698748286263523,0,0,385.72159367955521
0.001565,14.000640683551202,-251.62662283557563,-14.323887904404005,14.000640683551202,-28.324528587955207,0,0,0,422.15289825064019
0.0015654999999999998,13.990566057276354,-253.51721190524952,-14.382934571679023,14.008582566220348,-28.391517137899374,0,0,18.016508943994431,442.90160754734092
0.0015659999999999999,13.989654831109192,-252.86156644220156,-14.372675529158791,14.026285544347353,-28.398961073506143,0,0,36.630713238160254,432.03245904539563
0.0015665,13.997204618522261,-249.73336198538917,-14.292924330954808,14.049079012123105,-28.342003343077913,0,0,51.874393600844421,391.25039272979325
0.001567,14.010662450454992,-244.57654805146885,-14.153621035003285,14.070969107645443,-28.224590142648733,0,0,60.306657190450316,326.84121539668575
0.0015674999999999999,14.02602205308181,-238.13639335270307,-13.97328524372114,14.085563565780991,-28.058848809502134,0,0,59.541512699179528,248.69638256041895
0.0015679999999999999,14.038443596603152,-231.34440757070354,-13.776155029721409,14.087055894759512,-27.863210924480921,0,0,48.612298156360701,168.78615641893256
0.0015685,14.043000255983797,-225.17491246182041,-13.5884539748353,14.071117603376237,-27.659571578211537,0,0,28.117347392439591,99.316816286756591
0.0015689999999999999,14.035436656310774,-220.49535057420164,-13.434361493830833,14.035561653793513,-27.469923147624346,0,0,0.12499748273928901,50.855609733879163
0.0015694999999999999,14.020793116235154,-12.257483034186492,-0.71347306603989802,0.71347306603989802,-14.734266182275052,-13.307320050195257,0,0,14.901612932941815
0.00157,14.006195726213047,251.66179738824303,14.006195726213047,-14.327687315876888,0,-28.333883042089933,0,0,-21.560432454451671
0.0015704999999999998,13.996094127276937,253.55828443303037,14.014025835393927,-14.386849984019934,0,-28.400875819413862,17.931708116989594,0,-42.399928013238622
0.0015709999999999999,13.995117976142028,252.91594331321295,14.031596688700857,-14.376912552062898,0,-28.408509240763756,36.478712558829322,0,-31.712130615341071
0.0015715,14.002576188800289,249.80642374905071,14.05425885638479,-14.29764013161677,0,-28.351898988001558,51.682667584501047,0,8.8258262358164785
0.0015719999999999998,14.015930968174404,244.67082207405355,14.076039307996721,-14.158900061812982,0,-28.234939369809705,60.108339822317056,0,72.965552743285997
0.0015724999999999999,14.031192755609702,238.25116396577124,14.090563073286457,-13.979126101994053,0,-28.069689175280509,59.370317676755512,0,150.85688375854184
0.001573,14.043537417773928,231.47582332875947,14.092034769948624,-13.782470517001283,0,-27.874505286949908,48.497352174696161,0,230.56839210462596
0.0015735,14.04805040256076,225.31657390596342,14.076129130825754,-13.595084265989385,0,-27.671213396815137,28.078728264993337,0,299.92422790232513
0.0015739999999999999,14.040483305140143,220.63928826819256,14.040653965750387,-13.441098450994826,0,-27.481752416745213,0.17066061024364387,0,348.37450736575249
0.0015744999999999999,14.025823344329538,12.899813295257559,0.75086127530752833,-0.75086127530752833,-13.27496206902201,-14.776684619637066,0,0,384.31665137754754
0.001575,14.011220717214153,-251.67507768886097,-14.330584115439807,14.011220717214153,-28.34180483265396,0,0,0,420.81045929327468
0.0015754999999999999,14.001088180921458,-253.57863668022375,-14.389885977833064,14.018917012621792,-28.408802990454856,0,0,17.828831700333474,441.75548583116762
0.0015759999999999999,14.000035025598603,-252.95245594029413,-14.380340129457016,14.036329245953754,-28.41666937541077,0,0,36.294220355150671,431.28423985806171
0.0015765,14.007383864748526,-249.86568787051215,-14.30165181390327,14.058833790347958,-28.360485604251227,0,0,51.449925599431758,391.04015543721272
0.0015769999999999998,14.02061534024449,-244.75592335624333,-14.163598913681314,14.080482981639307,-28.244081895320623,0,0,59.8676413948169,327.22614710029717
0.0015774999999999999,14.035760219645857,-238.36121747820593,-13.984510013464332,14.094922878272941,-28.079432891737277,0,0,59.16265862708444,249.64216811978091
0.001578,14.048013449011645,-231.60612096745783,-13.788432723829482,14.096371569657414,-27.884804293486894,0,0,48.358120645769027,170.1724394870308
0.0015784999999999998,14.052475378006372,-225.45931948190648,-13.601429969498103,14.080507658395797,-27.681937627893902,0,0,28.032280389425765,100.95586226029273
0.0015789999999999999,14.044906048607135,-220.78480503049735,-13.447574921859506,14.0451326619262,-27.492707583785709,0,0,0.22661331906500948,52.521275925302419
0.0015795,14.030227890230483,-13.654038453162526,-0.794762566820153,0.794762566820153,-14.824990457050635,-13.235465323410331,0,0,16.597449395581844
0.00158,14.015620677434825,251.66790261898799,14.015620677434825,-14.332572782607079,0,-28.348193460041902,0,0,-19.930006087094934
0.0015804999999999999,14.005454363889001,253.57911292481197,14.023166349375124,-14.392022322225598,0,-28.41518867160072,17.711985486123822,0,-40.99336084447792
0.0015809999999999999,14.00431497316632,252.97098834585202,14.040399110908332,-14.38291287340587,0,-28.423311984314203,36.084137742012203,0,-30.767706817525667
0.0015815,14.011540459566998,249.9099331089601,14.062724632912554,-14.304884248984253,0,-28.367608881896807,51.18417334555626,0,9.1412609525217938
0.0015819999999999999,14.024632322030525,244.82961541978295,14.084224291834067,-14.167614554615591,0,-28.251838846449662,59.591969803542227,0,72.582065197074684
0.0015824999999999999,14.039644498203774,238.46359569158881,14.098568476468706,-13.989313581312238,0,-28.087882057780945,58.923978264933119,0,149.81198887935204
0.001583,14.051793862096112,231.73204771948798,14.099991169317814,-13.793909361680347,0,-27.893900530998163,48.197307221701536,0,229.00106445418047
0.0015834999999999998,14.056198087580327,225.60006903839565,14.08417599885731,-13.607362795515225,0,-27.691538794372534,27.977911276982127,0,298.0533446522461
0.0015839999999999999,14.04862728436909,220.9294018984769,14.048917879772045,-13.453678212471793,0,-27.502596092243838,0.29059540295534703,0,346.46506710112135
0.0015845,14.033929830589662,14.508239284427702,0.84448315663429696,-0.84448315663429696,-13.189446673955366,-14.878412987223959,0,0,382.36354279967122
0.0015849999999999998,14.019318763613516,-251.63894570279771,-14.333576290374019,14.019318763613516,-28.352895053987538,0,0,0,418.9244009003844
0.0015854999999999999,14.009115966512949,-253.55869033542621,-14.393191010332528,14.026697350465117,-28.419888360797643,0,0,17.581383952166924,440.11643763569305
0.001586,14.007881456320749,-252.97080349091868,-14.384571596647875,14.04373077623068,-28.428302372878555,0,0,35.84931990993023,430.16249228922396
0.0015865,14.014970351198526,-249.93857331286969,-14.307283482299567,14.065857552065362,-28.373141034364934,0,0,50.887200866836011,390.62603497352831
0.0015869999999999999,14.027907500691693,-244.89123943197461,-14.170891988181257,14.087191559988966,-28.258083548170227,0,0,59.284059297272314,327.60095489287505
0.0015874999999999999,14.042772767978118,-238.55730658538533,-13.993473187207011,14.101430361719597,-28.094903548926609,0,0,58.657593741479658,250.76592493270198
0.001588,14.054807531764505,-231.85204534539074,-13.798821093380212,14.102825618793036,-27.90164671217325,0,0,48.018087028530282,171.89028267896205
0.0015884999999999999,14.059148785842947,-225.73655600056901,-13.612782898002616,14.087066457456531,-27.699849355459147,0,0,27.917671613583948,103.02207206663806
0.0015889999999999999,14.051577820997929,-221.07010122950612,-13.459286951221792,14.051940303768522,-27.511227254990317,0,0,0.36248277059261369,54.637203104308838
0.0015895,14.036860126213568,-15.442641250241332,-0.89887202534440436,0.89887202534440436,-14.935732151557973,-13.137988100869164,0,0,18.769340854571389
0.0015899999999999998,14.022246008435106,251.5904616897262,14.022246008435106,-14.33362587993947,0,-28.355871888374576,0,0,-17.825522326211424
0.0015904999999999999,14.012005251746228,253.51900704567916,14.02944691511609,-14.393408249292806,0,-28.422855164408897,17.441663369862312,0,-39.154220548899929
0.001591,14.010669933965554,252.95250595897164,14.046267572776557,-14.385305607680825,0,-28.431573180457384,35.597638811003094,0,-29.490896346858438
0.0015915,14.017613345346925,249.95099383275553,14.068181608893303,-14.30880616374275,0,-28.376987772636049,50.568263546377679,0,9.6456824264606702
0.0015919999999999999,14.030385238068526,244.93902786977389,14.089337875790664,-14.173356289026646,0,-28.262694164817312,58.952637722137567,0,72.223040687400129
0.0015924999999999999,14.045093280991715,238.6397204488139,14.103463395210365,-13.996889671919387,0,-28.100353067129753,58.370114218651096,0,148.6311933963303
0.001593,14.057005292935827,231.9630677319918,14.104829265189297,-13.803056371588442,0,-27.907885636777735,47.823972253469599,0,227.16622089382076
0.0015934999999999999,14.061279287709588,225.86582244286603,14.089131054094169,-13.617580136451634,0,-27.706711190545803,27.851766384580749,0,295.83219655311319
0.0015939999999999999,14.053708937273019,221.20449240009191,14.05414866127753,-13.464305297963733,0,-27.518453959241263,0.43972400451075089,0,344.18404733491013
0.0015945,14.03897076388488,16.441771933342636,0.95702856774864031,-0.95702856774864031,-13.081942196136239,-14.99599933163352,0,0,380.01566535566337
0.0015949999999999998,14.024354448670008,-251.52193281649414,-14.332682510151663,14.024354448670008,-28.357036958821674,0,0,0,416.64298453657534
0.0015954999999999999,14.014074470326138,-253.4598202281519,-14.392643442617032,14.031367950531891,-28.424011393148923,0,0,17.29348020575371,438.11350993614622
0.001596,14.012633282949935,-252.91606918812155,-14.385091419777703,14.047964027725355,-28.433055447503058,0,0,35.330744775419937,428.75591446648252
0.0015964999999999998,14.019423478688955,-249.94721975915377,-14.309431462493697,14.069653635123027,-28.379085097616723,0,0,50.230156434072001,390.04148329146096
0.0015969999999999999,14.032021260158801,-244.97281961187835,-14.174982534168402,14.090622739476716,-28.265605273645118,0,0,58.601479317913721,327.93745897458155
0.0015975,14.046563805079716,-238.71023242853312,-13.999526423874057,14.104629557664701,-28.10415598153876,0,0,58.065752584986143,251.98093023357782
0.001598,14.05834695219797,-232.06385272843835,-13.806560232535373,14.105965685496999,-27.912525918032376,0,0,47.618733299028939,173.80648892994159
0.0015984999999999999,14.062550942354225,-225.9858394429657,-13.621677212139801,14.090333373627194,-27.712010585766997,0,0,27.782431272969902,105.35495039457719
0.0015989999999999999,14.054982482049022,-221.32981755406891,-13.468633652063049,14.055504404189406,-27.524138056252458,0,0,0.52192214038388585,57.038921195949662
0.0015995,14.040223767450305,-17.483211832460757,-1.0176478087337337,1.0176478087337337,-15.05787157618404,-13.022575958716571,0,0,21.247189419499879
0.0015999999999999999,14.025606147702831,251.43637137907209,14.025606147702831,-14.330814991628678,0,-28.356421139331509,0,0,-15.411925792585986
0.0016004999999999999,14.015286965377548,253.38351813756452,14.032428763395323,-14.390950338717744,0,-28.423379102113071,17.141798017775244,0,-37.026849626933014
0.001601,14.013738243511183,252.86280719271122,14.048795360546457,-14.383954937581601,0,-28.432750298128056,35.05711703527399,0,-27.982270218994945
0.0016014999999999998,14.020372155444004,249.92727743226877,14.070255082804502,-14.309150881562054,0,-28.379405964366555,49.882927360498257,0,10.298694178396769
0.0016019999999999999,14.0327919046048,244.99140190818207,14.09103206567924,-14.175728356325536,0,-28.266760422004776,58.240161074440408,0,71.915389332547875
0.0016025,14.047164937650919,238.76667655139858,14.104916818848986,-14.001314331389535,0,-28.106231150238525,57.751881198067601,0,147.4054996315916
0.0016029999999999998,14.058815982443136,232.15173606420328,14.106222407330792,-13.809248826451107,0,-27.915471233781901,47.406424887656243,0,225.20591091265126
0.0016034999999999999,14.062948358321716,226.0939709468303,14.09065844599164,-13.62498984980073,0,-27.71564829579237,27.710087669924306,0,293.43302900118783
0.001604,14.055382505487655,221.44395946569711,14.055988862447755,-13.472201005554279,0,-27.528189868002034,0.60635696010075435,0,341.70845074569877
0.0016045,14.040603872119634,18.549412458963161,1.0797083009149304,-1.0797083009149304,-12.960895571204702,-15.120312173034565,0,0,377.45637592234448
0.0016049999999999999,14.025985856635909,-251.33397857624576,-14.328021569474959,14.025985856635909,-28.354007426110869,0,0,0,414.14450224823651
0.0016054999999999999,14.015627723168086,-253.29056112890942,-14.388335288689769,14.032615217588043,-28.420950506277812,0,0,16.987494419957706,435.90342230745563
0.001606,14.01397054815873,-252.79336010363653,-14.381908706221068,14.048749350099939,-28.430658056321011,0,0,34.778801941208833,427.1749156824394
0.0016064999999999999,14.020446456994598,-249.89180757946136,-14.307978279624074,14.06997632582426,-28.377954605448338,0,0,49.529868829662696,389.33302027921332
0.0016069999999999999,14.032686159553398,-244.99517175318479,-14.175601961316048,14.090559127243402,-28.266161088559453,0,0,57.87296769000497,328.21055381468443
0.0016075,14.046887910057395,-238.80895083872304,-14.002248364715699,14.10432105702839,-28.106569421744091,0,0,57.433146970995523,253.19372713331848
0.0016079999999999998,14.058405797530725,-232.22591352817966,-13.811097457503742,14.105596895677182,-27.916694353180926,0,0,47.191098146457229,175.77300770943162
0.0016084999999999999,14.062466545766705,-226.18861745246909,-13.627470111472336,14.09010359127937,-27.717573702751711,0,0,27.637045512664436,107.77395914607273
0.001609,14.054904462296504,-221.54458093113055,-13.474936721261695,14.055596939169831,-27.530533660431526,0,0,0.69247687332691754,59.54044619165785
0.0016094999999999998,14.040106684430301,-19.61692724345664,-1.1418452864780584,1.1418452864780584,-15.18195197090836,-12.898261397952242,0,0,23.838137704425257
0.0016099999999999999,14.025489186580817,251.21840003104396,14.025489186580817,-14.324406261967379,0,-28.349895448548196,0,0,-12.8772008208723
0.0016105,14.015093622326242,253.18397894380004,14.031929246159832,-14.384887525609848,0,-28.416816771769678,16.835623833589011,0,-34.777130671088287
0.001611,14.013330505996395,252.70967963918821,14.047834967110749,-14.379014067171928,0,-28.426849034282675,34.504461114353063,0,-26.359809158536979
0.0016114999999999999,14.0196514309115,249.84145833717628,14.068832715159454,-14.305940206831307,0,-28.374772921990758,49.181284247953862,0,11.048612524146641
0.0016119999999999999,14.031714108148632,244.98351206981985,14.089223877722249,-14.174595337860055,0,-28.263819215582302,57.509769573616367,0,71.681905648977349
0.0016125,14.045747174356981,238.83545242287298,14.102864380621972,-14.002292869174164,0,-28.105157249796136,57.117206264990337,0,146.22891308774345
0.0016129999999999999,14.057133816406017,232.28425001256298,14.104110847067926,-13.812054759164379,0,-27.916165606232305,46.977030661908096,0,223.27116189366029
0.0016134999999999999,14.061124108160037,226.26764230335505,14.088687948523717,-13.629065308079838,0,-27.717753256603554,27.563840363679546,0,291.04098291789086
0.001614,14.053566383323234,221.63004363758441,14.054343915469598,-13.476800701739007,0,-27.531144617208607,0.77753214636420864,0,339.22944113549499
0.0016144999999999998,14.03875085057839,20.667812308134785,1.2030143035642205,-1.2030143035642205,-12.835736547014172,-15.241765154142611,0,0,374.88402714666017
0.0016149999999999999,14.024134764320632,-251.09040390245144,-14.32000075216488,14.024134764320632,-28.344135516485512,0,0,0,411.62272679047874
0.0016155,14.013703483835291,-253.06479755313296,-14.380646767514948,14.030390524910919,-28.411037292425867,0,0,16.687041075626752,433.6577745744853
0.001616,14.011837632166717,-252.61297176130412,-14.375316901836353,14.046073728408457,-28.421390630244812,0,0,34.236096241740228,425.54259396413215
0.0016164999999999999,14.018007879233171,-249.77743861085912,-14.30308388658961,14.066848282739326,-28.369932169328937,0,0,48.840403506155752,388.55641090532617
0.0016169999999999999,14.029898390104044,-244.95739247800219,-14.172750146183057,14.087053168142505,-28.259803314325563,0,0,57.154778038460229,328.40021347567949
0.0016175,14.043767541497411,-238.84665779906445,-14.001476403338192,14.100576173056588,-28.102052576394779,0,0,56.808631559177051,254.31169085445455
0.0016179999999999999,14.055026962756481,-232.32652575211057,-13.812129767840682,14.101795171450769,-27.913924939291455,0,0,46.768208694288717,177.63894199492034
0.0016184999999999999,14.058949502869666,-226.3300349128574,-13.629761342213159,14.086442238931506,-27.716203581144665,0,0,27.492736061839899,110.09316593157526
0.001619,14.051397118639086,-221.69860062023591,-13.47775617504198,14.052258067783068,-27.53001424282505,0,0,0.86094914398312028,61.949369671108329
0.0016194999999999998,14.036565310713737,-21.679316329760624,-1.2618910626515665,1.2618910626515665,-15.298456373365303,-12.774674248062171,0,0,26.342470177515033
0.0016199999999999999,14.02195149987489,250.95409067132118,14.02195149987489,-14.314938942255084,0,-28.336890442129974,0,0,-10.416869549911421
0.0016205,14.011487411596182,252.93652478376532,14.028034056213579,-14.375732693419058,0,-28.403766749632638,16.54664461739825,0,-32.578801052475612
0.0016209999999999998,14.009525321820258,252.50570012444697,14.043507427960439,-14.370909860917138,0,-28.414417288877576,33.982106140181394,0,-24.749156068302415
0.0016214999999999999,14.015553758225035,249.70094701734806,14.064070979120723,-14.299468189497262,0,-28.363539168617987,48.51722089568829,0,11.836763848760413
0.001622,14.027281812387638,244.91678320889773,14.084099382247803,-14.170091683775828,0,-28.254191066023633,56.817569860165506,0,71.539442770671158
0.0016225,14.040996023701329,238.84158068528441,14.097510877921104,-13.999797426797171,0,-28.097308304718275,56.514854219775316,0,145.19076199935563
0.0016229999999999999,14.052135095632341,232.35123960821733,14.098703885635222,-13.811305730280997,0,-27.910009615916223,46.568790002880959,0,221.50961031780565
0.0016234999999999999,14.055993709841374,226.37429586266677,14.08341797835269,-13.629540261553512,0,-27.7129582399062,27.424268511316164,0,288.83892080383862
0.001624,14.048447070133184,221.7492401181027,14.049387161080716,-13.477797522610166,0,-27.52718468369088,0.9400909475322976,0,336.93667365069149
0.0016244999999999999,14.033600978751718,22.634813984651942,1.3175078511494931,-1.3175078511494931,-12.716093127602225,-15.351108829901211,0,0,372.49552494658263
0.0016249999999999999,14.018990254151248,-250.81059639387612,-14.309279333884215,14.018990254151248,-28.328269588035464,0,0,0,409.27084358015605
0.0016255,14.008496360903054,-252.80056760347995,-14.37021203929252,14.024911385024968,-28.395123424317489,0,0,16.415024121913888,431.54880854651088
0.0016259999999999998,14.006445004173349,-252.38948852701395,-14.365866698527206,14.040189014309853,-28.406055712837059,0,0,33.744010136503071,423.98450482846511
0.0016264999999999999,14.012341475663176,-249.61366584459842,-14.295169607848587,14.060555823318969,-28.35572543116756,0,0,48.214347655794413,387.77199881947018
0.001627,14.023918269872798,-244.86319335857726,-14.16669261319033,14.080419973525354,-28.247112586715684,0,0,56.501703652555463,328.49309056649014
0.0016274999999999998,14.037488346887692,-238.82130360137214,-13.997317306379248,14.093728215079622,-28.09104552145887,0,0,56.23986819193054,255.25063050031341
0.0016279999999999999,14.048515775261563,-232.35883435074078,-13.809626084135189,14.094898129152924,-27.904524213288116,0,0,46.38235389135977,179.26296967818249
0.0016285,14.052315648334886,-226.40011432377889,-13.628423488306378,14.079676185535975,-27.708099673842359,0,0,27.360537201088242,112.1365649881977
0.001629,14.044775504723987,-221.78092634603837,-13.476923939916043,14.045789999648171,-27.522713939564216,0,0,1.0144949241847527,64.082718635673288
0.0016294999999999999,14.029917125207989,-23.513896382409623,-1.3686767258589714,1.3686767258589714,-15.398593851066961,-12.661240399349017,0,0,28.570171982594665
0.0016299999999999999,14.015310235957383,250.66426210772829,14.015310235957383,-14.30317797126235,0,-28.318488207219737,0,0,-8.2177725966970918
0.0016305,14.004790606097984,252.66071060317154,14.021087296747996,-14.364227423411519,0,-28.385314720159514,16.296690650012337,0,-30.599028985992366
0.0016309999999999999,14.00265994622703,252.26714567503404,14.036189471410539,-14.360304697884002,0,-28.396494169294545,33.529525183508539,0,-23.273164516355397
0.0016314999999999999,14.008438447615006,249.51722799651125,14.056379382970563,-14.290273958358808,0,-28.346653341329368,47.940935355556533,0,12.602400760513621
0.001632,14.0198795755036,244.79712351429779,14.076095480917239,-14.162607746177933,0,-28.238703227095169,56.215905413638467,0,71.497583086722173
0.0016324999999999998,14.033320108888296,238.78545866704559,14.089310503022581,-13.994066441025366,0,-28.083376944047949,55.99039413428612,0,144.36837228044462
0.0016329999999999999,14.04424712656637,232.34849396891747,14.090459734884909,-13.807107930096377,0,-27.897567664981288,46.212608318538678,0,220.05335037477687
0.0016335,14.047994394055024,226.40671168696628,14.075296358859058,-13.626428046765906,0,-27.701724405624962,27.301964804032774,0,286.99235630945475
0.0016339999999999998,14.040460923309649,221.79336824719246,14.041542690768617,-13.475164961660836,0,-27.516707652429449,1.0817674589678532,0,335.00265603387322
0.0016344999999999999,14.025592643994576,24.302822726136469,1.4145978742520455,-1.4145978742520455,-12.610994769742533,-15.440190518246622,0,0,370.47009144907213
0.001635,14.010990257066942,-250.51636650644622,-14.296711472558187,14.010990257066942,-28.307701729625126,0,0,0,407.26550901553031
0.0016355,14.000448904238763,-252.51852940904109,-14.357864142004182,14.016640657845425,-28.374504799849607,0,0,16.191753606662942,429.73517966778616
0.0016359999999999999,13.998249012447369,-252.14053352936818,-14.35431782017103,14.031588312334891,-28.385906132505923,0,0,33.339299887522543,422.61826552538736
0.0016364999999999999,14.003923993174798,-249.41365683044998,-14.284880556350291,14.051622476625365,-28.336503032975656,0,0,47.698483450566385,387.03966997225587
0.001637,14.015245938267613,-244.72054473184502,-14.157935764853274,14.071208505878804,-28.229144270732082,0,0,55.962567611191211,328.48354036626421
0.0016374999999999998,14.02857277486255,-238.73571079447748,-13.990135509181208,14.084342175950123,-28.074477685131335,0,0,55.769401087574352,255.94164327812561
0.0016379999999999999,14.039411988884783,-232.3213449566847,-13.803826897396968,14.085474412143951,-27.889301309540922,0,0,46.06242325916805,180.52490336371844
0.0016385,14.043113874852253,-226.39452712247518,-13.623609566885637,14.070364257679076,-27.693973824564715,0,0,27.250382826822836,113.75249855556672
0.0016389999999999998,14.035587565980128,-221.78630049786352,-13.472554818463287,14.036729242333207,-27.509284060796496,0,0,1.1416763530795748,65.781959750039846
0.0016394999999999999,14.020711684135257,-24.984924807927868,-1.45430108757003,1.45430108757003,-15.475012771705288,-12.566410596565227,0,0,30.356413115039256
0.00164,14.006114378894097,250.37126349207026,14.006114378894097,-14.290048670213759,0,-28.296163049107854,0,0,-6.4428285109640662
0.0016405,13.995556211710433,252.37786721267321,14.011660356706193,-14.351278559622347,0,-28.362938916328538,16.104144995759427,0,-28.984758901349725
0.0016409999999999999,13.993299724004228,252.01261529450329,14.026479744716381,-14.348039449538984,0,-28.374519194255367,33.18002071215269,0,-22.041835092715875
0.0016414999999999999,13.998889177803907,249.30487056872724,14.046384032502568,-14.279094699637591,0,-28.325478732140159,47.494854698661371,0,13.287724833124003
0.001642,14.01011214425543,244.63438826700019,14.065861241450477,-14.152754843775517,0,-28.218616085225992,55.749097195047078,0,71.557946763910039
0.0016424999999999999,14.023344282010633,238.67226030688346,14.078926770057777,-13.985582061525927,0,-28.064508831583701,55.582488047143862,0,143.82086680354914
0.0016429999999999999,14.034110340079062,232.27724838204898,14.080045114768319,-13.799830362082817,0,-27.879875476851137,45.934774689257814,0,219.00827386388585
0.0016435,14.037774760176386,226.36352314647746,14.06498075983529,-13.62001734334549,0,-27.684998103180778,27.205999658904183,0,285.63606642656009
0.0016439999999999998,14.030255538427051,221.7601833036783,14.031447714892886,-13.46915589734706,0,-27.500603612239946,1.1921764658357361,0,333.56877913987933
0.0016444999999999999,14.015374627663427,25.550603282967472,1.4872276153778721,-1.4872276153778721,-12.528147012285554,-15.502602243041299,0,0,368.95494034694468
0.001645,14.00078287896206,-250.23014613265954,-14.283274409578436,14.00078287896206,-28.284057288540495,0,0,0,405.75271165188337
0.0016454999999999998,13.990212567579045,-252.24025013619135,-14.344564837630355,14.00624589589394,-28.350810733524298,0,0,16.033328314896153,428.34923533428127
0.0016459999999999999,13.987911751571486,-251.88529829575697,-14.341574676943349,14.020962918224583,-28.362537595167932,0,0,33.051166653097788,421.54408861908286
0.0016465,13.993433440342535,-249.19307749688559,-14.27303039592983,14.040763497923452,-28.313793893853283,0,0,47.330057580916332,386.41397632971245
0.001647,14.004577738785258,-244.54097329488835,-14.147182685784378,14.060154064931748,-28.207336750716127,0,0,55.576326146489741,328.37396240085513
0.0016474999999999999,14.017734680169244,-238.59728217093794,-13.980520236142119,14.073165937098187,-28.053686173240305,0,0,55.431256928942283,256.33649967964192
0.0016479999999999999,14.028443008248813,-232.21797658652289,-13.795221284696893,14.07427460048901,-27.869495885185906,0,0,45.83159224019802,181.3351714319748
0.0016485,14.032078626536537,-226.31487338051713,-13.615737045839602,14.059248927519704,-27.674985973359306,0,0,27.17030098316787,114.82565988159587
0.0016489999999999999,14.024566705670388,-221.71551327500367,-13.465033592257013,14.025800065664718,-27.49083365792173,0,0,1.2333599943303426,66.925567229561835
0.0016494999999999999,14.009683160136881,-25.987942730276099,-1.5126838950644281,1.5126838950644281,-15.522367055201309,-12.496999265072452,0,0,31.574351332881317
0.00165,13.99509733696131,250.09716284298096,13.99509733696131,-14.276560286565415,0,-28.271657623526725,0,0,-5.2183549601200596
0.0016504999999999998,13.984520250338431,252.10936678874364,14.00050277382045,-14.337883133440153,0,-28.338385907260601,15.982523482019516,0,-27.85124586842139
0.0016509999999999999,13.98218942402122,251.76150515285394,14.015147573758597,-14.335063462746339,0,-28.350211036504938,32.958149737376736,0,-21.143687564925973
0.0016515,13.987663917344786,249.08031449207235,14.03487426869618,-14.266803626203178,0,-28.301677894899356,47.210351351393527,0,13.842490958498352
0.0016519999999999998,13.998752748783003,244.4415295786028,14.054202757905573,-14.141312949298529,0,-28.195515707204098,55.450009122569824,0,71.714206691326609
0.0016524999999999999,14.011856364527306,238.51144811584791,14.067176254034671,-13.975027831140993,0,-28.042204085175666,55.319889507365204,0,143.58473039689702
0.001653,14.022523825630001,232.14400173943747,14.068278739262906,-13.790071296297507,0,-27.858350035560409,45.754913632905691,0,218.44600710086357
0.0016535,14.02613967583596,226.24923701415437,14.053282878654938,-13.610844878905043,0,-27.664127757559982,27.143202818977922,0,284.86377682956532
0.0016539999999999999,14.018634723308498,221.65346630638757,14.019898323711223,-13.460278117903796,0,-27.480176441615015,1.2636004027252028,0,332.73446927006222
0.0016544999999999999,14.003751112570557,26.292320605997929,1.5304008615591229,-1.5304008615591229,-12.473350251011432,-15.53415197412968,0,0,368.05429897755585
0.001655,13.989171465394534,-249.9732114634304,-14.269989255990968,13.989171465394534,-28.259160721385506,0,0,0,404.83685473784948
0.0016554999999999999,13.978592533311117,-251.98649062196827,-14.331326484194108,13.994542979974748,-28.325869464168857,0,0,15.950446663630764,427.48707905666362
0.0016559999999999999,13.976245107871261,-251.64300124112313,-14.328612428279992,14.009144204533996,-28.337756632813992,0,0,32.899096662735715,420.83720010552275
0.0016565,13.981691962054976,-248.96881017124073,-14.260534081329027,14.028825984356112,-28.289360065685141,0,0,47.134022301137051,385.93991633448081
0.0016569999999999998,13.992747741436418,-244.33858586201362,-14.135274048749475,14.04811691937665,-28.183390968126123,0,0,55.369177940231403,328.17443366008956
0.0016574999999999999,14.005819552184128,-238.41733002307853,-13.969234840322745,14.061067965763112,-28.03030280608586,0,0,55.248413578982955,256.41102773324593
0.001658,14.016463114136917,-232.05764988882535,-13.784503692138781,14.062168703923918,-27.846672396062701,0,0,45.705589787002168,181.64127641101842
0.0016584999999999998,14.02006860148205,-226.16844354734155,-13.605449979236905,14.047194402149785,-27.652644381386693,0,0,27.12580066773549,115.28547884215747
0.0016589999999999999,14.012570562533659,-221.57522669117921,-13.454979643771015,14.013853937664052,-27.468833581435071,0,0,1.2833751303930541,67.437896063279538
0.0016595,13.99768920303547,-26.457122834960593,-1.5399935284435275,1.5399935284435275,-15.537682731478998,-12.457695674591942,0,0,32.14405447199114
0.00166,13.983115867061462,249.86204525776449,13.983115867061462,-14.263725908447139,0,-28.246841775508603,0,0,-4.6251436297281394
0.0016604999999999999,13.972540514666122,251.87496650546288,13.988480055880025,-14.325049050296702,0,-28.313529106176727,15.939541213903468,0,-27.273861640142275
0.0016609999999999999,13.970191399785243,251.53248674489507,14.003069423869594,-14.322358486196611,0,-28.325427910066203,32.878024084349811,0,-20.639389442962301
0.0016615,13.975632181033134,248.86055138922333,14.022737747733713,-14.254339135507097,0,-28.277076883240809,47.105566700578933,0,14.227746676388662
0.0016619999999999998,13.986679309351114,244.23351889169987,14.042017071527415,-14.129166292573952,0,-28.171183364101367,55.337762176299954,0,71.952791595083553
0.0016624999999999999,13.9997423477051,238.3159380713995,14.054961784063604,-13.963230987352025,0,-28.018192771415631,55.219436358504502,0,143.67153924800004
0.001663,14.010379753055428,231.95988847721236,14.056064359141486,-13.778606527703889,0,-27.834670886845373,45.684606086056966,0,218.39918507499203
0.0016634999999999998,14.013984299077086,226.07374601052805,14.041101968852931,-13.599648026359139,0,-27.640749995212072,27.117669775845847,0,284.72187455878884
0.0016639999999999999,14.006492594854544,221.48258994210045,14.007784101717553,-13.449249016226245,0,-27.457033117943798,1.29150686300801,0,332.5504703473789
0.0016645,13.991615899238989,26.483069918670537,1.5415038340517633,-1.5415038340517633,-12.450112065187227,-15.533119733290752,0,0,367.82269332343867
0.001665,13.97704888632984,-249.76409279619509,-14.257841840714118,13.97704888632984,-28.234890727043958,0,0,0,404.57397751072955
0.0016654999999999999,13.966481900026045,-251.77564366735021,-14.319133334265789,13.982429643949107,-28.3015629782149,0,0,15.947743923061793,427.20226257682157
0.0016659999999999999,13.964144547048747,-251.43141910230031,-14.316400520869493,13.997036196314568,-28.313436717184064,0,0,32.891649265820071,420.54279468373824
0.0016665,13.969599003932792,-248.75762874925766,-14.248335099547873,14.016720481267701,-28.265055580815577,0,0,47.121477334908199,385.64975034714388
0.0016669999999999999,13.980660176848119,-244.12891710663607,-14.123119976414225,14.036013097801138,-28.159133074215365,0,0,55.352920953019158,327.90169468670899
0.0016674999999999999,13.993736246625508,-238.21009919986426,-13.957153518731589,14.048967597330948,-28.006121116062538,0,0,55.231350705439894,256.16624666267569
0.001668,14.004384653810829,-231.85346184330564,-13.77251502119042,14.050076350389251,-27.822591371579673,0,0,45.691696578420746,181.43072388119401
0.0016684999999999998,14.007997672349127,-225.96749843999226,-13.593563344791077,14.035117179770063,-27.62868052456114,0,0,27.119507420936166,115.11021938539773
0.0016689999999999999,14.000512004614418,-221.3772980351599,-13.44319296357313,14.001800888081648,-27.444993851654779,0,0,1.2888834672304696,67.293643792003479
0.0016695,13.985642074662854,-26.368924298843854,-1.5348597436519897,1.5348597436519897,-15.520501818314845,-12.450782331010863,0,0,32.036938484285926
0.0016699999999999998,13.971081281248319,249.68256466878003,13.971081281248319,-14.252485910840928,0,-28.223567192089245,0,0,-4.6939018285944485
0.0016704999999999999,13.96052774965364,251.69137187418065,13.976504475422628,-14.313718667605286,0,-28.290223143027916,15.976725768989041,0,-27.283746169077165
0.001671,13.958216567483227,251.3421214347197,13.991159163693286,-14.310863474988865,0,-28.30202263868215,32.942596210058909,0,-20.558103511996439
0.0016715,13.963705669858893,248.6618224661712,14.010890154479288,-14.242631762431939,0,-28.253521916911229,47.184484620395168,0,14.418410166760825
0.0016719999999999999,13.974804670688151,244.02614734304362,14.030221419260918,-14.117233071544131,0,-28.14745449080505,55.416748572767531,0,72.254176584913637
0.0016724999999999999,13.987916233886439,238.10100667880232,14.043201406658014,-13.951095139352631,0,-27.994296546010645,55.285172771575112,0,144.06794882321887
0.001673,13.998592913995394,231.73968042930119,14.044319689051047,-13.766324796795953,0,-27.810644485847,45.72677505565381,0,218.86032120663452
0.0016734999999999999,14.002223482079733,225.8513994917904,14.029354013519924,-13.587302352984288,0,-27.616656366504213,27.130531440191035,0,285.2075149196038
0.0016739999999999999,13.994743053760544,221.26162214144713,13.996017822659923,-13.436934357615248,0,-27.432952180275173,1.2747688993777757,0,333.01665911819782
0.0016745,13.979882028699762,26.120663344931302,1.5204091828417496,-1.5204091828417496,-12.459472845858013,-15.500291211541512,0,0,368.26277864425731
0.0016749999999999998,13.965327232209706,-249.6172921616635,-14.247710234686162,13.965327232209706,-28.213037466895869,0,0,0,404.96941449139854
0.0016754999999999999,13.954791423082192,-251.62244689935031,-14.308868885151638,13.970815100437324,-28.279683985588964,0,0,16.023677355133223,427.50340191244663
0.001676,13.952518843409049,-251.26560989164713,-14.305830273040991,13.985545077083193,-28.291375350124184,0,0,33.026233674144059,420.67379166295149
0.0016764999999999998,13.958060983222994,-248.57494522576087,-14.237333672158556,14.00535035011011,-28.242684022268666,0,0,47.289366887114994,385.56105786548983
0.0016769999999999999,13.969219020637754,-243.92770976231492,-14.111629164740446,14.024743636751053,-28.1363728014915,0,0,55.524616113298727,327.57762319303873
0.0016775,13.982386481081512,-237.99158618312833,-13.945191535736594,14.037764218205163,-27.982955753941759,0,0,55.377737123650618,255.62730809467845
0.001678,13.993107474288628,-231.62154328612257,-13.760173982331263,14.038895989067123,-27.799069971398385,0,0,45.788514778495099,180.73041089813944
0.0016784999999999999,13.996764311513864,-225.72815928416381,-13.58099540764495,14.023915378523395,-27.604910786168347,0,0,27.151067009530948,114.32672655539646
0.0016789999999999999,13.989288622302332,-221.13769195607762,-13.43058727529821,13.990539075392123,-27.421126350690333,0,0,1.2504530897907671,66.517813081324277
0.0016795,13.974438284317545,-25.742075870446634,-1.4983726876304972,1.4983726876304972,-15.472810971948043,-12.476065596687047,0,0,31.275746788322841
0.0016799999999999999,13.959889155442671,249.57084467426188,13.959889155442671,-14.243640823455989,0,-28.203529978898661,0,0,-5.4050576834023083
0.0016804999999999999,13.949375470612322,251.57111749387624,13.965465032595199,-14.304701204558889,0,-28.270166237154086,16.08956198287693,0,-27.867331528380763
0.001681,13.947154394738645,251.20371224350373,13.980298299813871,-14.30140629238597,0,-28.281704592199844,33.143905075226513,0,-20.8966231228971
0.0016814999999999998,13.952768467385681,248.49843704835581,14.000205692194687,-14.232535039714527,0,-28.232740731909217,47.437224809005698,0,14.404570903775426
0.0016819999999999999,13.964007015675701,243.83481204685307,14.019683932949821,-14.106395477679181,0,-28.126079410629,55.676917274119219,0,72.594599841695029
0.0016825,13.977250651239357,237.88305116961632,14.032759229692598,-13.939529605818832,0,-27.972288835511431,55.508578453240958,0,144.73774261040577
0.0016829999999999998,13.988031500805185,231.50053136579663,14.033907325098678,-13.75415670790701,0,-27.788064033005689,45.875824293493302,0,219.78405308892792
0.0016834999999999999,13.991722665127554,225.59974544504672,14.018902652635889,-13.574750469506249,0,-27.59365312214214,27.179987508335817,0,286.27089889544482
0.001684,13.984250742517327,221.00807936579162,13.985466342500668,-13.424277440662527,0,-27.409743783163194,1.2155999833418605,0,334.08418404714678
0.0016845,13.969412867489016,25.2439220542052,1.4693765772837004,-1.4693765772837004,-12.500036290205315,-15.438789444772716,0,0,369.32741341810879
0.0016849999999999999,13.954868970698294,-249.542378445347,-14.240304002411511,13.954868970698294,-28.195172973109809,0,0,0,405.97961734594742
0.0016854999999999999,13.944380839320898,-251.53704388782097,-14.301254416145893,13.960551750915515,-28.261806167061412,0,0,16.170911594617394,428.35550078400553
0.001686,13.942221742518585,-251.15690903956926,-14.297651835501888,13.975511532426875,-28.273163367928767,0,0,33.289789908289428,421.21128229719608
0.0016864999999999998,13.947923404351856,-248.43371998222671,-14.228321523844009,13.995544730832625,-28.223866254676633,0,0,47.621326480768488,385.67606651493315
0.0016869999999999999,13.959260606927014,-243.74973149343759,-14.101641186838355,14.015128057437035,-28.116769244275392,0,0,55.867450510022046,327.22737481706747
0.0016875,13.972597917561625,-237.77826947553015,-13.934235176682492,14.028271081516062,-27.962506258198555,0,0,55.673163954437058,254.8405614578547
0.0016879999999999998,13.983452378283737,-231.37972319384332,-13.748405184041474,14.029438828667422,-27.777844012708897,0,0,45.986450383685202,179.60289399333882
0.0016884999999999999,13.987185275507109,-225.46903660337171,-13.568694728737331,14.014402575795643,-27.583097304532977,0,0,27.21730028853424,113.00629713560254
0.001689,13.979716472153431,-220.87511030348657,-13.418116927365245,13.980888337091134,-27.399005264456381,0,0,1.1718649377031198,65.181645475879563
0.0016895,13.964892438159513,-24.634325752143489,-1.4338937182444091,1.4338937182444091,-15.398786156403922,-12.530998719915104,0,0,29.930603590831314
0.0016899999999999999,13.95035324769813,249.53377344418396,13.95035324769813,-14.237797782060737,0,-28.188151029758867,0,0,-6.6924259129154677
0.0016904999999999999,13.939894100673598,251.52181567135389,13.956162194551235,-14.298618255130735,0,-28.254780449681967,16.268093877636723,0,-28.969317059806588
0.001691,13.93780752513525,251.12645524462769,13.971271674157986,-14.294646868796743,0,-28.265918542954729,33.464149022735981,0,-21.621034628556675
0.0016914999999999999,13.943612336713263,248.38179081911628,13.991453725381428,-14.22476524981367,0,-28.216218975195094,47.841388668164377,0,14.191559102579838
0.0016919999999999999,13.955065911916286,243.6733857811966,14.01116107041152,-14.09743551368342,0,-28.108596584094943,56.095158495234024,0,72.948016228388525
0.0016925,13.968513609802626,237.6783181393298,14.02438336685633,-13.929381379768408,0,-27.953764746624739,55.869757053704554,0,145.62553243447041
0.0016929999999999998,13.979454423608203,231.26059382453897,14.025572855179739,-13.74300351959806,0,-27.768576374777798,46.118431571535289,0,221.09218400396966
0.0016934999999999999,13.983235523424607,225.33808200042517,14.010497095174999,-13.562928818482007,0,-27.573425913657005,27.261571750392278,0,287.82104512978674
0.001694,13.975768746193042,220.74146939626013,13.976887991078087,-13.412225371544817,0,-27.389113362622904,1.1192448850450916,0,335.66124599477774
0.0016944999999999998,13.96095989066238,23.928056339946181,1.3927837936730079,-1.3927837936730079,-12.568176096989372,-15.353743684335388,0,0,370.92526936146606
0.0016949999999999999,13.946424794472208,-249.54348286668557,-14.236118459460762,13.946424794472208,-28.18254325393297,0,0,0,407.51746286601389
0.0016955,13.935996977279414,-251.52442285112767,-14.296802118312341,13.952374087199392,-28.249176205511731,0,0,16.377109919976597,429.68440307939329
0.001696,13.933990687361531,-251.11224283117741,-14.292424291221284,13.967650892071354,-28.260075183292642,0,0,33.66020470982339,422.1072897507068
0.0016964999999999999,13.939910448205216,-248.34360073961219,-14.221927513429666,13.9879999142359,-28.209927427665566,0,0,48.089466030683042,385.98214415990839
0.0016969999999999999,13.95149418622554,-243.60771698654659,-14.093866901752936,14.007846765264544,-28.101713667017478,0,0,56.352579039003089,326.87738148796393
0.0016975,13.965065639238357,-237.58586270836548,-13.925076983163892,14.021158371887001,-27.946235355050892,0,0,56.092732648643654,253.86921614880254
0.0016979999999999999,13.976103325176171,-231.14612970595559,-13.738070038544544,14.022372104954639,-27.760442143499183,0,0,46.268779778468136,178.14023114151951
0.0016984999999999999,13.979938223270725,-225.20973938504173,-13.557568251254375,14.007250789096402,-27.56481904035078,0,0,27.312565825676153,111.25749589258443
0.001699,13.972472742912927,-220.60948373622043,-13.406704105593557,13.97353244516894,-27.380236550762497,0,0,1.0597022560121871,63.395362295729804
0.0016994999999999998,13.957679966049307,-23.136635812726269,-1.3467174659850454,1.3467174659850454,-15.304397432034353,-12.610962500064261,0,0,28.111963901008028
0.0016999999999999999,13.943148284668725,249.57269688085924,13.943148284668725,-14.235333011956858,0,-28.178481296625584,0,0,-8.4499419048785924
0.0017005,13.932754054702535,251.54578413655668,13.94925193137813,-14.295864988969086,0,-28.245116920347218,16.49787667559599,0,-30.498411054730216
0.0017009999999999998,13.930835585906294,251.11491833752905,13.964712979130335,-14.291034802295153,0,-28.255747781425487,33.877393224040233,0,-22.670446029050456
0.0017014999999999999,13.936881551779431,248.31963504012666,13.985245766084777,-14.219853655188107,0,-28.205099421272884,48.364214305345484,0,13.798939556621612
0.001702,13.948608296380742,243.55324822250475,14.005245830997637,-14.090980904357515,0,-28.096226735355152,56.637534616895145,0,73.288103549318294
0.0017025,13.962315581713936,237.50170487601423,14.018654946509173,-13.921374737654713,0,-27.940029684163886,56.339364795237515,0,146.66160391755622
0.0017029999999999999,13.973459252280882,231.03763384286563,14.019894100657583,-13.733671433786279,0,-27.753565534443862,46.434848376700394,0,222.68075877283496
0.0017034999999999999,13.977352399403907,225.08595741259262,14.004720997126974,-13.552698438689575,0,-27.557419435816549,27.368597723066884,0,289.73414617094647
0.001704,13.969887065521185,220.48176589006877,13.970880547819153,-13.401658636996704,0,-27.372539184815857,0.99348229796798648,0,337.62159027621391
0.0017044999999999999,13.955111199434842,22.277859605960259,1.2967305566354987,-1.2967305566354987,-12.658380642799344,-15.251841756070341,0,0,372.92909597941889
0.0017049999999999999,13.940582192459898,-249.61918420121478,-14.235405640799542,13.940582192459898,-28.175987833259441,0,0,0,409.46019441317009
0.0017055,13.930222652893931,-251.58422955065166,-14.295784659266294,13.946848671391212,-28.242633330657508,0,0,16.626018497280889,431.38363247243137
0.0017059999999999998,13.928396524816776,-251.13377303024521,-14.290481154072028,13.962504783964436,-28.252985938036467,0,0,34.108259147659602,423.28933386235678
0.0017064999999999999,13.934575832740268,-248.31032878976146,-14.218577020562446,13.983232664364818,-28.201809684927262,0,0,48.656831624550335,386.45326745286019
0.001707,13.946454090088663,-243.51150223364394,-14.088840614888099,14.003395766863578,-28.092236381751679,0,0,56.941676774915571,326.55337947714816
0.0017074999999999998,13.960305554930988,-237.42818509435082,-13.918360675456004,14.016908820119163,-27.935269495575167,0,0,56.603265188173914,252.78811375561074
0.0017079999999999999,13.971561809220265,-230.93784523355455,-13.729905538386635,14.018174951531174,-27.748080489917811,0,0,46.613142310909168,176.45618230789776
0.0017084999999999999,13.975516643331666,-224.9693961992561,-13.548415959176445,14.002945917575842,-27.551361876752289,0,0,27.429274244175645,109.21686196379727
0.001709,13.968050715740313,-220.36046054053995,-13.397172025675379,13.968973496462119,-27.366145522137501,0,0,0.92278072180691595,61.298681449906468
0.0017094999999999999,13.95329211747266,-21.365553928756636,-1.2436278497531272,1.2436278497531272,-15.196919967225787,-12.709664267719534,0,0,25.961351284761783
0.0017099999999999999,13.938765004388358,249.68348847955542,13.938765004388358,-14.23637140792888,0,-28.17513641231724,0,0,-10.540599510060016
0.0017105,13.928441126038869,251.64003834587353,13.9452022920793,-14.296588237624247,0,-28.241790529703547,16.761166040430219,0,-32.335083054993149
0.0017109999999999998,13.926711452655992,251.16885005667385,13.96106316095633,-14.290783011715032,0,-28.25184617267136,34.351708300338174,0,-23.96225835268277
0.0017114999999999999,13.933030418173466,248.31562405854578,13.981995700840582,-14.21811344956353,0,-28.200109150404113,48.965282667116028,0,13.25863306879306
0.001712,13.945067418446431,243.48253438917035,14.002329507364122,-14.087464096663453,0,-28.089793604027573,57.26208891769123,0,73.590165912975536
0.0017124999999999998,13.95906979723331,237.36571676481341,14.015950842662464,-13.916062249486965,0,-27.932013092149429,56.881045429153772,0,147.767409467579
0.0017129999999999999,13.970443573655615,230.84774983001307,14.017244120105026,-13.726815792784908,0,-27.744059912889934,46.800546449411712,0,224.4284034049646
0.0017135,13.974462253697777,224.86173925857301,14.001954981223998,-13.544784559838158,0,-27.546739541062156,27.492727526220975,0,291.86357642489679
0.001714,13.966994592447334,220.24793941480232,13.967842588348804,-13.393329001224251,0,-27.361171589573054,0.84799590146960924,0,339.81475104862858
0.0017144999999999999,13.952253532161992,20.419426024100574,1.1885564476456842,-1.1885564476456842,-12.763697084516309,-15.140809979807676,0,0,375.18577778488475
0.0017149999999999999,13.937727500374214,-249.76275468968876,-14.238162509931174,13.937727500374214,-28.175890010305388,0,0,0,411.65915846415305
0.0017155,13.927439076631561,-251.71093194704318,-14.298221837088905,13.944337812029705,-28.242559649118611,0,0,16.898735398144296,433.32288343501159
0.0017159999999999999,13.925806839752344,-251.21886662358833,-14.291912314273365,13.960406752496462,-28.252319066769829,0,0,34.599912744117702,424.66628663483317
0.0017164999999999999,13.932267478781824,-248.335430022629,-14.218466740218753,13.981547776985904,-28.200014517204661,0,0,49.280298204080083,387.05225923884547
0.001717,13.944465907307668,-243.46739571981203,-14.086886364831688,14.002055851094648,-28.088942215926338,0,0,57.589943786979951,326.27860362359689
0.0017174999999999998,13.958622012759918,-237.31622058246086,-13.91453886801094,14.015787923948738,-27.930326791959679,0,0,57.165911188819884,251.67807557767611
0.0017179999999999999,13.970115599237127,-230.76970903616336,-13.724474638415732,14.017108903982141,-27.741583542397876,0,0,46.99330474501312,174.67749681098712
0.0017185,13.974199219337422,-224.76529570425427,-13.541876273476644,14.001757717532278,-27.543633991008928,0,0,27.558498194857442,107.0383906404975
0.0017189999999999998,13.966729145235131,-220.14600404815982,-13.390188439682584,13.967500618057304,-27.35768905773989,0,0,0.77147282217316615,59.05002258590212
0.0017194999999999999,13.952005386386533,-19.454428622414301,-1.1323867060289581,1.1323867060289581,-15.084392092415492,-12.819618680357575,0,0,23.640689852183051
0.00172,13.93747961294938,249.85696207363392,13.93747961294938,-14.240783303176388,0,-28.178262916125767,0,0,-12.806806418303122
0.0017205,13.927226306305091,251.79662061530291,13.944264550393044,-14.30068167125156,0,-28.244946221644604,17.0382440879523,0,-34.340634677432789
0.0017209999999999999,13.925692028720857,251.28330577609341,13.960543587493939,-14.29385801124365,0,-28.254401598737591,34.851558773081884,0,-25.398492618341781
0.0017214999999999999,13.932295436036176,248.36915032464961,13.981894980409272,-14.219622559092102,0,-28.201517539501374,49.599544373095661,0,12.612368476102713
0.001722,13.944656574224004,243.46563477750857,14.00257856595692,-14.087096149046339,0,-28.089674715003259,57.921991732916027,0,73.832817616681993
0.0017224999999999999,13.958967475028846,237.27964004308615,14.016421636617899,-13.913789670358121,0,-27.930211306976023,57.454161589053456,0,148.86128633934345
0.0017229999999999999,13.970581392190942,230.70427539339607,14.017769459390314,-13.722898250881602,0,-27.740667710271918,47.188067199371602,0,226.20526084759135
0.0017235,13.974729712145065,224.68134582526926,14.002354322896212,-13.539728497729621,0,-27.542082820625833,27.624610751146278,0,294.05073701534724
0.0017239999999999998,13.96725616295827,220.0566417294892,13.967949826033065,-13.387809357171326,0,-27.355759183204395,0.69366307479536005,0,342.07720662696522
0.0017244999999999999,13.952549377122851,18.490999183311487,1.0763082310343215,-1.0763082310343215,-12.876241146088532,-15.028857608157173,0,0,377.52744672355954
0.001725,13.938023037323662,-249.96272996474917,-14.244136143099302,13.938023037323662,-28.182159180422964,0,0,0,413.95061612622777
0.0017254999999999998,13.927803354388818,-251.89430537063396,-14.30388415783915,13.94497842763217,-28.248862585471322,0,0,17.175073243352529,435.35752790585144
0.0017259999999999999,13.926364433512923,-251.36037310425831,-14.296562593783808,13.961463192990779,-28.258025786774592,0,0,35.098759477856589,426.13506801796484
0.0017265,13.933107402752439,-248.41619298463326,-14.22155555574156,13.983021086558198,-28.204576642299759,0,0,49.913683805758978,387.73360195124468
0.001727,13.945627984986,-243.47781168406527,-14.088099616682126,14.003877328838932,-28.091976945521061,0,0,58.249343852932277,326.07224500526922
0.0017274999999999999,13.960090832617666,-237.25741342674272,-13.913845476826067,14.017829793494734,-27.931675270320799,0,0,57.738960877067775,250.62020081401593
0.0017279999999999999,13.971822967663236,-230.65333369038834,-13.722130676147762,14.019204034052358,-27.741334710200121,0,0,47.381066389122083,172.93488627485323
0.0017285,13.976034715765588,-224.61172499716608,-13.538384987912538,14.003725345293009,-27.542110333205549,0,0,27.690629527421358,104.88252385196154
0.0017289999999999999,13.96855714094642,-219.98118065527194,-13.3862224070694,13.969174111843808,-27.35539651891321,0,0,0.61697089738888167,56.815159094221237
0.0017294999999999999,13.953866474877277,-17.544014622929488,-1.0211869654446601,1.0211869654446601,-14.975053440321936,-12.932679509432617,0,0,21.32089667046948
0.00173,13.939338763815458,250.07958897530435,13.939338763815458,-14.24819785969887,0,-28.187536623514326,0,0,-15.081505590479939
0.0017304999999999998,13.929151125464527,252.00323240007739,13.946459925996795,-14.307797586722808,0,-28.254257512719601,17.308800532267824,0,-36.367012362961376
0.0017309999999999999,13.92780456796174,251.44906983544786,13.963144861779623,-14.299986621072698,0,-28.263131482852319,35.340293817884387,0,-26.872761339810129
0.0017315,13.934683049013751,248.47546318977177,13.984903528605939,-14.224222562493923,0,-28.209126091099861,50.220479592188283,0,11.908645715103397
0.0017319999999999998,13.947358479294254,243.50296402242381,14.005927307341379,-14.089856325628544,0,-28.095783632969923,58.568828047124804,0,73.999367908689337
0.0017324999999999999,13.96196874116634,237.24896697627645,14.019985392316844,-13.914676084592537,0,-27.93466147690938,58.016651150504401,0,149.86407051931994
0.0017329999999999999,13.973815255513289,230.61692001440011,14.02138421174366,-13.722158772160421,0,-27.743542983904078,47.568956230371654,0,227.88199275896471
0.0017335,13.978087849234623,224.55720443843518,14.005842399357805,-13.537854034470682,0,-27.543696433828487,27.754550123182881,0,296.13608614137701
0.0017339999999999999,13.970605326027307,219.92111131526286,13.97114712718999,-13.385457852326549,0,-27.35660497951654,0.54180116268327083,0,344.24377092105306
0.0017344999999999999,13.955929849695265,16.633447329462854,0.96818544491280534,-0.96818544491280534,-12.987744404782461,-14.92411529460807,0,0,379.78304800350452
0.001735,13.941399990403548,-250.20376293110525,-14.252845051945441,13.941399990403548,-28.194245042348989,0,0,0,416.16704031994624
0.0017354999999999998,13.931241725127284,-252.12020240897803,-14.312312578452794,13.948676667596251,-28.260989246049046,0,0,17.434942468967478,437.33861490361056
0.0017359999999999999,13.929981537885723,-251.54718440390397,-14.304046415838265,13.965550061581784,-28.269596477420048,0,0,35.568523696059664,427.58780714960301
0.0017365,13.936987351877407,-248.54592495737518,-14.22757140152855,13.987498269335088,-28.215069670863638,0,0,50.510917457679824,388.4466584577392
0.0017369999999999998,13.949808683729945,-243.54117486394247,-14.092344762833594,14.00868058542326,-28.101025348256854,0,0,58.871901693314925,325.94823644389191
0.0017374999999999999,13.964558104101213,-237.25522772865014,-13.916283718147298,14.02283881470095,-27.939122532848252,0,0,58.280710599737525,249.69040355829117
0.001738,13.976512690617719,-230.59637811965922,-13.722997161733126,14.024260890239663,-27.747258051972789,0,0,47.748199621943577,171.35415155992942
0.0017385,13.980842629209745,-224.51905825493043,-13.538149375587615,14.00865867420554,-27.546808049793157,0,0,27.81604499579565,102.90522692233104
0.0017389999999999999,13.973354793894076,-219.87719385830172,-13.385516084850085,13.973825318933736,-27.359341403783827,0,0,0.47052503966040149,54.755916057801684
0.0017394999999999999,13.958693055408945,-15.772922948294996,-0.91809677932611367,0.91809677932611367,-14.876789834735058,-13.040596276082832,0,0,19.170285399520989
0.00174,13.944160319276298,250.33447746504072,13.944160319276298,-14.258031984769811,0,-28.202192304046108,0,0,-17.199522857889079
0.0017404999999999999,13.934028754871122,252.24413152276824,13.951582057821556,-14.317374282568853,0,-28.268956340390407,17.553302950433789,0,-38.266882198275525
0.0017409999999999999,13.932848737158453,251.65334526222006,13.9686313581324,-14.308678327255553,0,-28.277309685387952,35.782620973947125,0,-28.277538485217409
0.0017415,13.93997310747255,248.62605754610414,13.990756346597971,-14.231533312299911,0,-28.222289658897882,50.783239125421311,0,11.199369203967009
0.0017419999999999998,13.95293033037459,243.59100084630421,14.012086198352838,-14.09549742183235,0,-28.107583620185189,59.155867978247862,0,74.078854831256962
0.0017424999999999999,13.967809213047978,237.2750926848442,14.026337083145409,-13.918609781720631,0,-27.94494686486604,58.527870097430075,0,150.70435175180171
0.001743,13.979864022792608,230.5911805270523,14.027779710915025,-13.724603326267326,0,-27.752383037182351,47.915688122417961,0,229.33842904420084
0.0017434999999999998,13.984246593746718,224.49747858381679,14.012119753225191,-13.539249428779312,0,-27.551369182004503,27.87315947847263,0,297.96983741594977
0.0017439999999999999,13.976752714376502,219.85034474161989,13.977156119309081,-13.386397547737928,0,-27.363553667047011,0.40340493257879473,0,346.1586836292567
0.0017445,13.962103225317472,14.980790741899909,0.87198902682672852,-0.87198902682672852,-13.090114198490745,-14.834092252144201,0,0,381.78984259395736
0.001745,13.947566938773676,-250.46771670151458,-14.2636152823949,13.947566938773676,-28.211182221168578,0,0,0,418.14839177016216
0.0017454999999999999,13.937458411601741,-252.37156618102108,-14.322853118646805,13.955118105727276,-28.277971224374085,0,0,17.659694125535673,439.12291178340172
0.0017459999999999999,13.93634959817191,-251.76504530363297,-14.313777513122462,13.972325083680742,-28.286102596803204,0,0,35.975485508832058,428.91914175144996
0.0017465,13.943579952981269,-248.71446723982052,-14.236033382695549,13.994609073274772,-28.230642455970322,0,0,51.029120293503695,389.13914632170912
0.0017469999999999999,13.9566590866024,-243.65209341505422,-14.099268111610089,14.016071998792555,-28.115340110402645,0,0,59.412912190154159,325.91440764971492
0.0017474999999999999,13.97165438131564,-237.30898294069812,-13.921629799811981,14.030406634369935,-27.952036434181917,0,0,58.752253054296233,248.95441871774852
0.001748,13.98379939706299,-230.60210192978269,-13.726963404141623,14.031867735703047,-27.758831139844673,0,0,48.068338640056353,170.04784568656095
0.0017484999999999998,13.988229154252934,-224.49312869445822,-13.541138187847871,14.016154903854559,-27.55729309170243,0,0,27.925749601624169,101.24762586958349
0.0017489999999999999,13.980729097951532,-219.8406999054535,-13.388072365409593,13.981071786169716,-27.369144151579313,0,0,0.34268821818438511,53.019407011297659
0.0017495,13.966089877501449,-14.268327752824231,-0.83051859184117616,0.83051859184117616,-14.796608469342626,-13.135571285660273,0,0,17.343281734942646
0.0017499999999999998,13.951549440356732,250.6025657472718,13.951549440356732,-14.269533122766713,0,-28.221082563123446,0,0,-19.00864944310268
0.0017504999999999999,13.941460405523577,252.50124889031952,13.959214703369859,-14.328677433567995,0,-28.287892136937852,17.754297846283595,0,-39.903528737491911
0.001751,13.940413909800659,251.88067441035639,13.976560867219623,-14.319261915675678,0,-28.295822782895304,36.14695741896378,0,-29.511408534156491
0.0017515,13.947737478491499,248.80930842656744,13.998985111228162,-14.240982211073408,0,-28.23996732230157,51.247632736662474,0,10.536304994245722
0.0017519999999999999,13.960923920661136,243.72259027749516,14.020565101184584,-14.103566171643683,0,-28.124131272828269,59.641180523448135,0,74.066694063649919
0.0017524999999999999,13.976021548450378,237.35528926665239,14.03497284881121,-13.925259618455627,0,-27.960232467266835,58.951300360832334,0,151.32315528710075
0.001753,13.988245525859856,230.62804127758392,14.036449024875077,-13.730007387128586,0,-27.766456412003663,48.203499015221048,0,230.4715052494285
0.0017534999999999999,13.992715979582831,224.50558965162509,14.02068796526251,-13.543765406656844,0,-27.564453371919356,27.97198567968006,0,299.42187789385974
0.0017539999999999999,13.985209241845487,219.84856218281334,13.985497649427735,-13.39051206410085,0,-27.376009713528585,0.28840758224889385,0,347.68593303517832
0.0017545,13.970578339918024,13.651193808962091,0.7945969882088022,-0.7945969882088022,-13.175981351709225,-14.765175328126826,0,0,383.404345424089
0.0017549999999999998,13.956033229725502,-250.73494251774491,-14.27562932114763,13.956033229725502,-28.231662550873132,0,0,0,419.75288200350252
0.0017554999999999999,13.945959283127504,-252.62963632370554,-14.334704436653794,13.963792647803949,-28.298497084457743,0,0,17.833364676445235,440.5825479646827
0.001756,13.944963784797507,-251.99757234813265,-14.325011979928028,13.981254516525913,-28.306266496453944,0,0,36.290731728406705,430.03333399327755
0.0017564999999999998,13.952364476222963,-248.90894033503946,-14.246287783320348,14.003795944073502,-28.250083727393854,0,0,51.431467850538795,389.76070797313247
0.0017569999999999999,13.965640196781424,-243.80178542808579,-14.108325388357773,14.025474120900157,-28.133799509257933,0,0,59.83392411873249,325.97203808434506
0.0017574999999999999,13.980823246313017,-237.41396527880565,-13.929451730477554,14.039943319160436,-27.969395049637995,0,0,59.120072847418911,248.46348339806303
0.001758,13.993113189933343,-230.6692131199996,-13.733695746961248,14.041431925809404,-27.775127672770651,0,0,48.318735876059748,169.10782326917146
0.0017584999999999999,13.997617361079927,-224.53490380982265,-13.547087562675374,14.025629331771476,-27.572716894446849,0,0,28.011970691549365,100.02664324088272
0.0017589999999999999,13.990104066018317,-219.87342749879218,-13.393658482772791,13.990346668053443,-27.384005150826237,0,0,0.2426020351255147,51.728265194734462
0.0017595,13.975479097721305,-13.137353908201877,-0.76468783569955068,0.76468783569955068,-14.740166933420856,-13.210791262021754,0,0,15.969965476988159
0.0017599999999999998,13.960928885230185,250.86396800525847,13.960928885230185,-14.281833604245572,0,-28.242762489475759,0,0,-20.379953808005613
0.0017604999999999999,13.950865888158402,252.75546779475187,13.968763472315821,-14.340853211875727,0,-28.30961668419155,17.897584157419406,0,-41.160125742690894
0.001761,13.949910518173317,252.11404246648175,13.986318071588743,-14.330934341698836,0,-28.317252413287576,36.407553415425255,0,-30.485962034522306
0.0017614999999999998,13.957372570980967,249.01131641942396,14.008953401898538,-14.25184643667156,0,-28.260799838570097,51.580830917571539,0,9.9675273054820082
0.0017619999999999999,13.970719510262223,243.88748797851625,14.030709961638921,-14.113437431043319,0,-28.144147392682239,59.990451376698928,0,73.964919614005694
0.0017625,13.98597059750413,237.48295184254988,14.045227599486232,-13.934100969523019,0,-27.979328569009251,59.257001982101443,0,151.67784566748696
0.001763,13.998312711944084,230.72396993854832,14.046724757949812,-13.737934692507807,0,-27.784659450457617,48.412046005727213,0,231.20213666384194
0.0017634999999999999,14.002842805336137,224.58004831917995,14.030886873559611,-13.551028839272769,0,-27.58191571283238,28.044068223474298,0,300.39046562937847
0.0017639999999999999,13.995322694659512,219.91498463846884,13.995527695187858,-13.397457028319357,0,-27.392984723507215,0.20500052834715632,0,348.71835321148882
0.0017645,13.980701397646664,12.738864685789736,0.74149291660357264,-0.74149291660357264,-13.239208481043093,-14.722194314250237,0,0,384.51216149420065
0.0017649999999999999,13.966145748091593,-250.98567512443006,-14.287985113746174,13.966145748091593,-28.254130861837769,0,0,0,420.86669490848453
0.0017654999999999999,13.956088858199788,-252.87528373938386,-14.346975740205728,13.974032620729005,-28.321008360934737,0,0,17.943762529217288,441.61378796068817
0.001766,13.955160720556723,-252.22742647913196,-14.336902262200038,13.991652844077652,-28.328555106277694,0,0,36.492123520929518,430.85085324448806
0.0017664999999999998,13.962665640727655,-249.11467761915907,-14.257555901777385,14.014355336143126,-28.271911237920509,0,0,51.68969541547068,390.26640001045467
0.0017669999999999999,13.976062982123747,-243.97873314294671,-14.118822102651611,14.036168336923573,-28.154990439575187,0,0,60.105354799827353,326.11582616263496
0.0017675,13.991362534140853,-237.56180446574547,-13.939142023862944,14.050720857234998,-27.989862881097942,0,0,59.358323094145113,248.25090034309889
0.0017679999999999998,14.003741782159658,-230.79201139234561,-13.742663559428458,14.052223585133023,-27.794887144561482,0,0,48.481802973364864,168.59903476541507
0.0017684999999999999,14.00828980224221,-224.64047445767304,-13.555522247041042,14.036358478733222,-27.591880725774267,0,0,28.068676491011317,99.327083060902609
0.001769,14.000763263039131,-219.97211477371684,-13.401825103343231,14.000940623621807,-27.40276572696504,0,0,0.17736058267621502,50.972338696906952
0.0017695,13.986143022903137,-12.459610498552639,-0.72523832823361034,0.72523832823361034,-14.711381351136747,-13.260904694669527,0,0,15.147004087892764
0.0017699999999999999,13.971581707939158,251.09939833355557,13.971581707939158,-14.294013457613911,0,-28.265595165553069,0,0,-21.216767343726513
0.0017704999999999999,13.961526513208909,252.98799429063703,13.979499709748634,-14.352990130092003,0,-28.332489839840637,17.97319653972389,0,-41.947880676616379
0.001771,13.960613599723757,252.33610185727079,13.997159874478699,-14.342819042628591,0,-28.339978917107288,36.546274754942047,0,-31.131968036698556
0.0017714999999999999,13.968143849686832,249.21691584854034,14.019903486137126,-14.263305682831247,0,-28.283209168968369,51.759636450293279,0,9.5340441614740925
0.0017719999999999999,13.981571454300283,244.07311481241851,14.041750809853767,-14.124360136835142,0,-28.166110946688907,60.179355553482551,0,73.782002525803975
0.0017725,13.996900092718315,237.64810063326053,14.056323773226572,-13.944454708494071,0,-28.000778481720641,59.423680508257149,0,151.74504279427651
0.0017729999999999998,14.009301151507044,230.87120644656855,14.057827958745838,-13.747770090484714,0,-27.805598049230554,48.52680723879385,0,231.48066112073198
0.0017734999999999999,14.013858560057203,224.71460177069673,14.041942969751464,-13.560471205088271,0,-27.602414174839737,28.084409694261225,0,300.8092423600508
0.001774,14.006325579505367,220.04393186071619,14.006484631227847,-13.406686535223646,0,-27.413171166451491,0.15905172247983757,0,349.18501132471511
0.0017744999999999998,13.991704013807061,12.307348993088965,0.71637562103344266,-0.71637562103344266,-13.275328392773616,-14.708079634840503,0,0,385.03612919943816
0.0017749999999999999,13.977136909159684,-251.20146258404634,-14.299761691985486,13.977136909159684,-28.276898601145174,0,0,0,421.41208533637564
0.0017755,13.967078463163361,-253.09039491512044,-14.358751602501279,13.985061794537069,-28.34381339703835,0,0,17.98333137370868,442.1444112186548
0.001776,13.966167196429568,-252.43757007537036,-14.348558895177939,14.002733059911506,-28.351291955089447,0,0,36.565863481937782,431.31403625826152
0.0017764999999999999,13.973703170866001,-249.31629261014206,-14.268990895430457,14.025489268394992,-28.294480163825451,0,0,51.786097528990744,390.61989865955763
0.0017769999999999999,13.987138901903499,-244.1695267689355,-14.129964413453301,14.047347482842769,-28.177311896296072,0,0,60.20858093926951,326.33428302380986
0.0017775,14.002475785137365,-237.74109431676303,-13.949962389199715,14.061926434398226,-28.011888823597943,0,0,59.450649260861006,248.32969513202721
0.0017779999999999998,14.014882660049178,-230.96081946968144,-13.753178474553454,14.063429007196365,-27.81660748174982,0,0,48.546347147188108,168.55494178731701
0.0017784999999999999,14.019441034452676,-224.80135930582694,-13.565790907817744,14.047533025949688,-27.613323933767433,0,0,28.091991497011485,99.195641608333375
0.001779,14.011902247884244,-220.128768031167,-13.411939799611416,14.012053741951705,-27.423993541563121,0,0,0.15149406746060379,50.802347343236391
0.0017794999999999998,13.997276722551527,-12.281372629995074,-0.71486361115592745,0.71486361115592745,-14.712140333707454,-13.2824131113956,0,0,14.930587794994148
0.0017799999999999999,13.982703816021022,251.29158211636008,13.982703816021022,-14.305167779407505,0,-28.287871595428527,0,0,-21.461742475730652
0.0017805,13.972637775274956,253.18173208646564,13.990613907272554,-14.364185774833063,0,-28.354799682105615,17.976131997597591,0,-42.212511355916504
0.0017809999999999998,13.97171593841534,252.53044107688874,14.008269862549463,-14.354030106515244,0,-28.362299969064708,36.553924134123314,0,-31.404417610377397
0.0017814999999999999,13.979239673389728,249.41078400375483,14.031011846677746,-14.2745022099508,0,-28.305514056628546,51.77217328801855,0,9.266817151243572
0.0017819999999999999,13.992662849055389,244.26547713758021,14.052858175351776,-14.135512296562739,0,-28.188370471914514,60.195326296386611,0,73.53224625795616
0.0017825,14.007988066402159,237.83811159242754,14.067428298900055,-13.955536945811531,0,-28.022965244711589,59.440232497895934,0,151.52234022591938
0.0017829999999999999,14.020385046353192,231.05833187392679,14.068925177644328,-13.75876461200707,0,-27.827689789651398,48.540131291135246,0,231.29047139081359
0.0017834999999999999,14.024935723484589,224.89869295223033,14.053026052322863,-13.571370266985314,0,-27.624396319308175,28.090328838273841,0,300.65207864308161
0.001784,14.017391343354804,220.22524028622698,14.017545008719972,-13.417493184378886,0,-27.435038193098862,0.15366536516908269,0,349.05638001197002
0.0017844999999999998,14.002759572548431,12.384726481362918,0.72087954354732986,-0.72087954354732986,-13.281880029001101,-14.723639116095761,0,0,384.94215288720159
0.0017849999999999999,13.988180957688934,-251.36653355017188,-14.310087128004971,13.988180957688934,-28.298268085693909,0,0,0,421.35324440124032
0.0017855,13.978102615923518,-253.25921264808039,-14.369159471634518,13.99605233964021,-28.365211811274733,0,0,17.949723716692446,442.13914763066896
0.0017859999999999998,13.977156901269449,-252.61252530300612,-14.359116021747077,14.013664442930633,-28.37278046467771,0,0,36.507541661184618,431.39140930387282
0.0017864999999999999,13.98464906321502,-249.49881153632111,-14.27974004996865,14.036363931762128,-28.31610398173078,0,0,51.71486854710804,390.79619705059906
0.001787,13.998037800869056,-244.35984688615423,-14.140917370303629,14.058175147238268,-28.199092517541899,0,0,60.137346369212317,326.61054372787271
0.0017875,14.013330738604353,-237.93822327635036,-13.961097760363177,14.072722160966892,-28.033819921330071,0,0,59.391422362539949,248.69156986086983
0.0017879999999999999,14.025702034020956,-231.16268293209754,-13.764444642231499,14.07421044493446,-27.838655087165957,0,0,48.508410913504086,168.97492657289939
0.0017884999999999999,14.030236788662707,-225.00511465825574,-13.57711359436874,14.058317268863462,-27.635430863232205,0,0,28.08048020075443,99.637321953198295
0.001789,14.022687664367933,-220.33123543661512,-13.423233102449819,14.022854279598556,-27.446087382048376,0,0,0.16661523062432337,51.226002642956573
0.0017894999999999999,14.008047217658884,-12.611913968975831,-0.73410347809417176,0.73410347809417176,-14.742150695753056,-13.273943739564713,0,0,15.331976312624677
0.0017899999999999999,13.993463097702968,251.42655268697285,13.993463097702968,-14.31447404376793,0,-28.307937141470898,0,0,-21.101379246480164
0.0017905,13.983368519961074,253.32256342566279,14.001275274863625,-14.373613878625429,0,-28.374889153489054,17.906754902550503,0,-41.938507512929334
0.0017909999999999998,13.982387456748532,252.68280917619222,14.018818440613954,-14.363737982294554,0,-28.382556422908507,36.430983865422213,0,-31.286022787664439
0.0017914999999999999,13.989831049701117,249.57857707499591,14.041449892867798,-14.284604263331973,0,-28.326054156199771,51.6188431666816,0,9.1844048037488868
0.001792,14.003165715796035,244.45019535513228,14.063204280270472,-14.146061518842638,0,-28.209265799113112,60.038564474438125,0,73.234776161385113
0.0017924999999999998,14.018407446086425,238.03863489110915,14.077714080194129,-13.96651649782206,0,-28.04423057801619,59.306634107705065,0,151.0286377506394
0.0017929999999999999,14.030738136011907,231.27109066597765,14.079189981568828,-13.770090151254497,0,-27.849280132823324,48.451845556920134,0,230.64948200481646
0.0017935,14.035248812873446,225.11821467333419,14.063310480906187,-13.582902637484292,0,-27.646213118390481,28.061668032741146,0,299.93529280044953
0.001794,14.027695344354305,220.44498702185487,14.027884269239221,-13.429059497977311,0,-27.456943767216529,0.18892488491613335,0,348.34681213947198
0.0017944999999999999,14.013044249472399,12.96119044216141,0.75443386366552545,-0.75443386366552545,-13.258610385806875,-14.767478113137924,0,0,384.24214205890098
0.0017949999999999999,13.998454926984662,-251.46899650976172,-14.318203920635973,13.998454926984662,-28.316658847620637,0,0,0,420.69935297708599
0.0017955,13.988339977195887,-253.36953100293996,-14.37743503942488,14.006186000757827,-28.38362104018271,0,0,17.846023561940896,441.60264214146503
0.0017959999999999999,13.987311468758156,-252.73954070978252,-14.367796078458341,14.023634018624358,-28.391430097082701,0,0,36.322549866202827,431.08026845146418
0.0017964999999999999,13.994688808571048,-249.64879165924523,-14.289008209653222,14.046171451867512,-28.335179661520733,0,0,51.482643296463181,390.78356516869241
0.001797,14.007949346941048,-244.53552176709556,-14.15086669257477,14.067847686615229,-28.218714379190004,0,0,59.898339674181258,326.92356635990592
0.0017974999999999998,14.023120979528814,-238.13836708585481,-13.971716264585956,14.082307233385837,-28.054023497971794,0,0,59.186253857023679,249.30731771905701
0.0017979999999999999,14.035396639126327,-231.38230415614277,-13.775616985177676,14.083768268698217,-27.859385253875892,0,0,48.371629571888981,169.8240185284842
0.0017985,14.039875826787439,-225.23622419903009,-13.588638618840758,14.067911098830649,-27.656549717671407,0,0,28.035272043210824,100.6146740143336
0.0017989999999999998,14.032319026911201,-220.56407341888189,-13.434854527638295,14.032540294641572,-27.467394822279868,0,0,0.22126773037120984,52.207036747198799
0.0017994999999999999,14.017655267582315,-13.422428643781133,-0.78128122155837465,0.78128122155837465,-14.79893648914069,-13.23637404602394,0,0,16.316189807061537
0.0018,14.003061144451049,251.49472676474096,14.003061144451049,-14.321254263225995,0,-28.324315407677048,0,0,-20.167489242327616
0.0018005,13.992922609370263,253.40043228064528,14.010693435200904,-14.380586692588427,0,-28.391280127789329,17.770825830641925,0,-41.150690812899001
0.0018009999999999999,13.991836840484698,252.78220028654812,14.028024521298988,-14.371231888878372,0,-28.399256410177362,36.187680814290943,0,-30.788793060015823
0.0018014999999999999,13.999133236308438,249.70800921829519,14.050445659782419,-14.292868327986261,0,-28.343313987768681,51.31242347398134,0,9.2914517504996255
0.001802,14.012302591758374,244.61357137178254,14.072024748059265,-14.155226934913399,0,-28.227251682972664,59.722156300891633,0,72.912166390045925
0.0018024999999999998,14.027387639929191,238.23464617593834,14.086421697627578,-13.976576332884456,0,-28.062998030512034,59.03405769838669,0,150.30295707586487
0.0018029999999999999,14.039595270624872,231.49342329986163,14.087864616772858,-13.780900350284465,0,-27.868764967057324,48.269346147986113,0,229.60915594188566
0.0018035,14.044035923465794,225.35652380083633,14.072036753669178,-13.594204082782548,0,-27.666240836451724,28.0008302033836,0,298.71687870785303
0.0018039999999999998,14.036476327709261,220.686488170887,14.036738181669692,-13.44051769242917,0,-27.477255874098862,0.26185396043081255,0,347.11392930474778
0.0018044999999999999,14.021798435781589,13.989387181714335,0.8142822581699285,-0.8142822581699285,-13.207516177611659,-14.836080693951518,0,0,382.99359905197377
0.001805,14.007199999096757,-251.50176619004498,-14.32352663340229,14.007199999096757,-28.330726632499047,0,0,0,419.5043636003652
0.0018054999999999998,13.99703460347471,-253.41364186354684,-14.382980326100945,14.01471517640854,-28.397695502509485,0,0,17.680572933830717,440.57952346173488
0.0018059999999999999,13.995881548309118,-252.80956998791086,-14.373968664537916,14.031907330029135,-28.405875994567051,0,0,36.025781720018017,430.40718163228922
0.0018064999999999999,14.003082233153082,-249.75533924500849,-14.296117641450776,14.054190365353625,-28.350308006804401,0,0,51.108132200542848,390.58456483260659
0.001807,14.016143627142498,-244.68358538049699,-14.159079678212494,14.075654458108565,-28.234734136321059,0,0,59.510830966066528,327.24966041846318
0.0018074999999999999,14.031126305659951,-238.32658131741286,-13.981031054369913,14.089978001123697,-28.071009055493612,0,0,58.851695463745926,250.12878625377897
0.0018079999999999999,14.043253916709924,-231.6031583685095,-13.785863678307971,14.091400957575999,-27.877264635883972,0,0,48.147040866075315,171.03514700180673
0.0018085,14.047649999296146,-225.47722371041033,-13.599505293377655,14.075610005266638,-27.675115298644293,0,0,27.9600059704917,102.05014706976924
0.0018089999999999998,14.040088721482014,-220.80966360215595,-13.445935125080753,14.04039972658995,-27.486334851670705,0,0,0.31100510793591951,53.667449721001248
0.0018094999999999999,14.025395265963944,-14.647837568978273,-0.85260877392574252,0.85260877392574252,-14.878004039889687,-13.172786492038201,0,0,17.804202386224702
0.00181,14.010793084531395,251.49165860667119,14.010793084531395,-14.325026845741611,0,-28.335819930273004,0,0,-18.735233376340219
0.0018104999999999998,14.000598598293704,253.41013113264432,14.018177719348829,-14.38460752539304,0,-28.402785244741867,17.579121055124297,0,-39.912732116800939
0.0018109999999999999,13.999370889317596,252.82170409063275,14.035214202123887,-14.375973900684871,0,-28.411188102808758,35.843312806291138,0,-29.953410977887348
0.0018115,14.006464651887427,249.78978791346512,14.057341880071302,-14.298695384930392,0,-28.356037265001696,50.877228183875417,0,9.5782085907594876
0.001812,14.019404956074675,244.74361690068676,14.078676172989704,-14.162337911800908,0,-28.24101408479061,59.271216915029541,0,72.588779251994922
0.0018124999999999999,14.034272505933927,238.41156148226028,14.092916649835086,-13.984974643926831,0,-28.077891293761915,58.64414390115936,0,149.40170624357145
0.0018129999999999999,14.046310018414005,231.70864805638138,14.094317138025545,-13.790393563439741,0,-27.884710701465288,48.007119611540254,0,228.25096467592664
0.0018135,14.050656118821856,225.59565973732688,14.078568746960956,-13.604433611733878,0,-27.683002358694832,27.912628139100519,0,297.09255515601438
0.0018139999999999999,14.04309376852861,220.9315180819128,14.04346038481517,-13.451013941111819,0,-27.494474325926991,0.36661628655900813,0,345.45471662615768
0.0018144999999999999,14.028383924796966,15.38770760963547,0.89567449507799779,-0.89567449507799779,-13.132709429718972,-14.924058419874964,0,0,381.2956220020842
0.001815,14.01377863179874,-251.46312508778607,-14.325686787869593,14.01377863179874,-28.339465419668333,0,0,0,417.86326842363098
0.0018154999999999998,14.003552867652102,-253.38894137863929,-14.385409485543025,14.021019251689408,-28.406428737232435,0,0,17.466384037305232,439.15134176947419
0.0018159999999999999,14.002243257658156,-252.8179734977991,-14.377198653449247,14.037883842239454,-28.415082495688701,0,0,35.640584581297936,429.42620853638476
0.0018165,14.009219302035927,-249.81094168027153,-14.300559493823625,14.059840108631731,-28.36039960245536,0,0,50.620806595804027,390.21596606326398
0.0018169999999999998,14.022026226735122,-244.79325550732042,-14.164960535882214,14.081031547121036,-28.245992083003252,0,0,59.005320385914217,327.56425252485104
0.0018174999999999999,14.03676712231894,-238.48891843129516,-13.988359442477915,14.095181203745495,-28.083540646223412,0,0,58.414081426554702,251.09236093684268
0.001818,14.048705871397406,-231.80872121566028,-13.794428429382558,14.096558188354953,-27.890986617737514,0,0,47.852316957547316,172.51394764046864
0.0018185,14.052997792501765,-225.70999373059931,-13.608908212572002,14.080858375928102,-27.689766588500103,0,0,27.860583426336568,103.83162146311436
0.0018189999999999999,14.045435515537774,-221.04951510869483,-13.455652307133084,14.045864226980548,-27.501516534113634,0,0,0.42871144277395246,55.49305892911525
0.0018194999999999999,14.030708547363615,-16.191548774487028,-0.94246379259496282,0.94246379259496282,-14.973172339958577,-13.088244754768652,0,0,19.678722599112035
0.00182,14.01610083414408,251.41839224696341,14.01610083414408,-14.325543454754095,0,-28.341644288898177,0,0,-16.917635699285377
0.0018204999999999999,14.005842732383343,253.35170991645114,14.023189374437321,-14.385408734157346,0,-28.408598108594667,17.346642053978055,0,-38.32251811109208
0.0018209999999999999,14.004446908927465,252.79904037754994,14.039871743136034,-14.37763998364178,0,-28.417511726777811,35.424834208568932,0,-28.846293341142445
0.0018215,14.011298415335864,249.81832373937141,14.061645742853106,-14.301676443259213,0,-28.363322186112317,50.347327517242476,0,10.021196320288382
0.0018219999999999998,14.023963811573902,244.83096116026059,14.082684865314866,-14.166884844291268,0,-28.249569709606131,58.721053740964066,0,72.288925869855916
0.0018224999999999999,14.038570027528733,238.5563351911089,14.096737449771886,-13.991100859200262,0,-28.087838308972149,58.167422243153538,0,148.39449206955922
0.001823,14.050403631852047,231.90071241003253,14.098089322025855,-13.79787324687242,0,-27.895962568898277,47.685690173808183,0,226.68036818632433
0.0018234999999999998,14.054637997434876,225.81768894401051,14.082441939653393,-13.612836733977959,0,-27.695278673631353,27.803942218517534,0,295.18870951132152
0.0018239999999999999,14.047076411928863,221.16167250663275,14.047571366039133,-13.459772552163203,0,-27.507343918202334,0.49495411027001524,0,343.49838358697451
0.0018244999999999999,14.032332208377346,17.046461053216717,0.99222579373330788,-0.99222579373330788,-13.040106414644036,-15.024558002110654,0,0,379.28140795999127
0.001825,14.01772280472469,-251.35685427896067,-14.324560772718259,14.01772280472469,-28.342283577442949,0,0,0,415.90492047897789
0.0018254999999999999,14.007431409292787,-253.29812841559198,-14.384578046288198,14.024651565511039,-28.409229611799237,0,0,17.220156218251965,437.4304135011667
0.0018259999999999999,14.005945397101108,-252.76487116569103,-14.377279176279462,14.041142393796129,-28.418421570075591,0,0,35.196996695020523,428.21482959982859
0.0018265,14.012666288115788,-249.81203793245913,-14.302032366239011,14.06272496315702,-28.364757329396035,0,0,50.058675041232156,389.70749878826769
0.0018269999999999998,14.025183220016679,-244.85675152824996,-14.168095533911604,14.083604459054278,-28.251699992965882,0,0,58.421239037598717,327.84376446706926
0.0018274999999999999,14.039648316689007,-238.61348477197754,-13.993174620684307,14.097555863375524,-28.090730484059833,0,0,57.907546686516874,252.12379255230374
0.001828,14.051372073395806,-231.98372026445367,-13.800687756852343,14.098882512682493,-27.899570269534838,0,0,47.510439286688374,174.14590970026788
0.0018284999999999998,14.055546846488118,-225.91713118355995,-13.616158234197448,14.083291580653771,-27.699449814851221,0,0,27.744734165653732,105.82089159316936
0.0018289999999999999,14.047987060647527,-221.26566372689567,-13.463292115612107,14.048552212092703,-27.511844327704811,0,0,0.56515144517590699,57.542130541552694
0.0018295,14.033225614573372,-17.932949107808128,-1.0438257305680601,1.0438257305680601,-15.077051345141431,-12.989399884005312,0,0,21.793290598204578
0.0018299999999999998,14.018615280773712,251.2813639434919,14.018615280773712,-14.322807236936505,0,-28.341422517710217,0,0,-14.856821798906577
0.0018304999999999999,14.008290797779852,253.23045588075209,14.025382253468059,-14.382971461552666,0,-28.408353715020723,17.091455688207297,0,-36.504566374891155
0.0018309999999999999,14.006713706722794,252.71671963693083,14.041678479524057,-14.376144110056977,0,-28.417822589581032,34.96477280126291,0,-27.554445774147144
0.0018315,14.013302120739862,249.792147343805,14.063066036980748,-14.301623240430033,0,-28.364689277410779,49.763916240885656,0,10.585026489995553
0.0018319999999999999,14.025668079814873,244.86956060102497,14.083782521125173,-14.168557648363638,0,-28.252340169488811,58.114441310300485,0,72.034987634037307
0.0018324999999999999,14.039989399674763,238.65845410504221,14.097630357552958,-13.994521951823408,0,-28.092152309376367,57.640957878195984,0,147.35873803654664
0.001833,14.051601113056787,232.0554196186954,14.098931155608204,-13.802800919884866,0,-27.901732075493069,47.330042551417037,0,225.01866184438222
0.0018334999999999998,14.055715196529707,226.00607681030365,14.083398396848269,-13.618802901315389,0,-27.702201298163654,27.683200318560544,0,293.15262991677298
0.0018339999999999999,14.048157772821627,221.35977656382681,14.048794613023558,-13.466155044840521,0,-27.514949657864079,0.63684020193096558,0,341.39638316620466
0.0018345,14.033379680269343,18.836547678215027,1.0964216216412481,-1.0964216216412481,-12.936958058628093,-15.129801301910591,0,0,377.10772199614951
0.0018349999999999998,14.018769186068127,-251.19190638690924,-14.320277881252087,14.018769186068127,-28.339047067320212,0,0,0,413.78184843754985
0.0018354999999999999,14.008411936108363,-253.148963183577,-14.380592605176872,14.0253728969405,-28.405965502117372,0,0,16.960960832136379,435.55094311756949
0.001836,14.006743295187654,-252.65510470528463,-14.374246245185706,14.04147267740454,-28.415718922590244,0,0,34.729382216886478,426.8678166020664
0.0018365,14.013198244181709,-249.759271164231,-14.300464393866154,14.06266353614806,-28.363127930014215,0,0,49.465291966350541,389.09948920244801
0.0018369999999999999,14.025412086173166,-244.86987979282873,-14.168283947054046,14.083215933694214,-28.251499880748263,0,0,57.803847521048908,328.06745208430715
0.0018374999999999999,14.039588696360912,-238.69135019001604,-13.995145524833548,14.09696004122112,-28.092105566054673,0,0,57.371344860208524,253.14402935236149
0.001838,14.051087946196862,-232.11531090514544,-13.804198477856801,14.098235843685776,-27.902434321542579,0,0,47.147897488913614,175.80537971767174
0.0018384999999999999,14.055141614039515,-226.08329311011352,-13.620735143788071,14.082763032838365,-27.703498176626436,0,0,27.621418798850243,107.86453434899428
0.0018389999999999999,14.047587558441428,-221.44205972174308,-13.468303842508288,14.04829726969289,-27.51660111220118,0,0,0.70971125146192549,59.656522688881125
0.0018395,14.032793498863581,-19.737080692111331,-1.1488390754286801,1.1488390754286801,-15.181632574292262,-12.883954423434901,0,0,23.984028206132514
0.0018399999999999998,14.018183614950138,251.09185069325446,14.018183614950138,-14.317070407153818,0,-28.335254022103957,0,0,-12.712616571198165
0.0018404999999999999,14.007795063723696,253.05643419459963,14.024628314398493,-14.377524988322953,0,-28.402153302721445,16.833250674796744,0,-34.60003296477359
0.001841,14.006037496420102,252.5818059149891,14.040536127697886,-14.371642990721089,0,-28.412179118418976,34.498631277783616,0,-26.178471537862467
0.0018414999999999998,14.012362243625454,249.71399073030182,14.061534267294167,-14.298581157647776,0,-28.360115424941945,49.172023668713422,0,11.225263677872093
0.0018419999999999999,14.024427306631974,244.85714611365185,14.081925513219046,-14.167268425464288,0,-28.249193938683337,57.49820658707204,0,71.845658557412264
0.0018425,14.038462118816751,238.71074217327833,14.095567513938471,-13.995014941754793,0,-28.090582455693266,57.105395121719873,0,146.3735253202791
0.001843,14.049851046094522,232.16152806273965,14.096818679177442,-13.804837105218802,0,-27.901655784396244,46.967633082920472,0,223.39330996484517
0.0018434999999999999,14.053845540980099,226.14697396692122,14.081405255329217,-13.621912215915014,0,-27.703317471244233,27.559714349118011,0,291.14076156754197
0.0018439999999999999,14.046295302391689,221.51122226085232,14.047076593779288,-13.46970909612342,0,-27.516785689902708,0.78129138759809535,0,339.31033659337845
0.0018445,14.031486500105885,20.619925218184051,1.2002269328784401,-1.2002269328784401,-12.831259567227448,-15.231713432984325,0,0,374.94218752184963
0.0018449999999999999,14.016877976940757,-250.98164101146125,-14.3132074490563,14.016877976940757,-28.330085425997058,0,0,0,411.65788854634235
0.0018454999999999999,14.006459663882488,-252.95359908289367,-14.373799802847206,14.023168365067791,-28.396968167914999,0,0,16.708701185303397,433.65813583204414
0.001846,14.00461615130269,-252.49780539691727,-14.368373437576073,14.038889807746489,-28.407263245322564,0,0,34.273656443799936,425.48953215552149
0.0018464999999999998,14.010814755489935,-249.65739590756067,-14.296016655015297,14.059700996850934,-28.355717651866232,0,0,48.886241360998731,388.43955938563744
0.0018469999999999999,14.02273565405385,-244.83233178681388,-14.165551883757191,14.079936236968392,-28.245488120725586,0,0,57.200582914541044,328.21904048964274
0.0018475,14.036633215629886,-238.71722911184668,-13.994161202191201,14.093479897497991,-28.087641099689193,0,0,56.846681868105385,254.07556469137566
0.0018479999999999998,14.047915655832487,-232.19407390457147,-13.804731143907768,14.09470821159033,-27.899439355498103,0,0,46.792555757843395,177.36567559776213
0.0018484999999999999,14.051853526573192,-226.19639627286875,-13.622327323737483,14.079353639574839,-27.701680963312324,0,0,27.500113001647534,109.80626775738764
0.0018489999999999999,14.044307953837585,-221.56582471402123,-13.470342172096418,14.045159219644365,-27.515501391740781,0,0,0.8512658067796508,61.674425796155774
0.0018495,14.029485666489384,-21.465653515234759,-1.2494543606832005,1.2494543606832005,-15.278940027172585,-12.780031305806183,0,0,26.083011404988529
0.0018499999999999999,14.014879226440984,250.86501007586,14.014879226440984,-14.308811218536709,0,-28.323690444977689,0,0,-10.649498685565973
0.0018504999999999999,14.004433768492701,252.84362626634052,14.021025505439008,-14.369525567904317,0,-28.390551073343325,16.591736946307378,0,-32.75518362745126
0.001851,14.00251025295365,252.40529921230129,14.036572253895811,-14.364520813349948,0,-28.40109306724576,34.062000942160537,0,-24.824340228170517
0.0018514999999999998,14.00859085128506,249.59052206928331,14.057207704302371,-14.292823017198046,0,-28.350030721500413,48.616853017310405,0,11.892088305606663
0.0018519999999999999,14.020376499713288,244.79536475817602,14.077295922390128,-14.163156106711458,0,-28.240452029101586,56.919422676840334,0,71.734472436819601
0.0018525,14.034145039104821,238.70990155563663,14.090746693866642,-13.992582535875741,0,-28.083329229742382,56.601654761820399,0,145.51320653519556
0.0018529999999999998,14.045327267804284,232.21162326693204,14.091953428479705,-13.803866455445258,0,-27.895819883924961,46.626160675422064,0,221.92762194625683
0.0018534999999999999,14.049211967521744,226.23030072353589,14.076654895789751,-13.621967110009109,0,-27.698622005798864,27.442928268007879,0,289.3060231388323
0.001854,14.041671348408407,221.6051149482665,14.042588617261897,-13.470202870512418,0,-27.512791487774319,0.91726885349074649,0,337.39892641480549
0.0018544999999999998,14.026837294371404,22.260898810721642,1.2957433172040744,-1.2957433172040744,-12.73109397716733,-15.322580611575479,0,0,372.94957715151662
0.0018549999999999999,14.012233611607874,-250.74269227026062,-14.303926211053302,14.012233611607874,-28.316159822661177,0,0,0,409.69477943260898
0.0018554999999999999,14.001763610625312,-252.72754832986789,-14.364755525210152,14.018246100908048,-28.383001626118201,0,0,16.482490282735554,431.8963077957676
0.001856,13.99976619263512,-252.3056059541278,-14.360147051493103,14.033630550815069,-28.393777602308173,0,0,33.864358179949527,424.18536747076217
0.0018564999999999999,14.005737437555167,-249.51484675238697,-14.28906749953709,14.054102858284965,-28.343170357822057,0,0,48.365420729798387,387.77869045774122
0.0018569999999999999,14.017397707735466,-244.7476657463076,-14.160147623956414,14.074054899279545,-28.234202523235957,0,0,56.657191544080085,328.28799783944118
0.0018575,14.03104677999991,-238.68986820904686,-13.990337333340168,14.087420136863049,-28.07775747020322,0,0,56.373356863139684,254.84870571538556
0.0018579999999999998,14.042136515100761,-232.21474047911443,-13.802286236771753,14.088607897172485,-27.89089413394424,0,0,46.471382071724243,178.70936846929038
0.0018584999999999999,14.045972646355144,-226.24855987831839,-13.620854663856411,14.073362683387312,-27.694217347243725,0,0,27.390037032167974,111.49965061842504
0.001859,14.038437630992389,-221.62825969663359,-13.469292855335746,14.039416720587003,-27.508709575922751,0,0,0.97908959461280176,63.443517321460959
0.0018594999999999998,14.023593492731546,-22.988330152751526,-1.3380850172483729,1.3380850172483729,-15.361678509979919,-12.685508475483173,0,0,27.931973245729857
0.0018599999999999999,14.008993187169098,250.61860375175746,14.008993187169098,-14.298692519140751,0,-28.307685706309847,0,0,-8.8231708916385898
0.0018605,13.99850221057471,252.60874848714587,14.014887252942447,-14.359616761449605,0,-28.374504014392052,16.385042367737533,0,-31.109440106213146
0.001861,13.996439688757567,252.2011964759802,14.030127354744865,-14.355355432787068,0,-28.385482787531931,33.687665987297152,0,-23.594708407042308
0.0018614999999999999,14.002313946802778,249.43175899324217,14.050454049737068,-14.284824330282458,0,-28.335278380019528,48.140102934290532,0,12.534409535497883
0.0018619999999999999,14.013862608267484,244.68960165404167,14.070284185681745,-14.156572597000837,0,-28.226856782682582,56.421577414261492,0,71.708760642688077
0.0018625,14.027405076360729,238.65673711606007,14.08357267899575,-13.987450364224459,0,-28.071023043220208,56.167602635020813,0,144.8414121582432
0.0018629999999999999,14.038412191628193,232.20267778548771,14.084743502704669,-13.800004608329049,0,-27.884748111033716,46.331311076474762,0,220.73077043141231
0.0018634999999999999,14.042205109953963,226.25052437492369,14.069546758225524,-13.619005908794881,0,-27.688552667020407,27.341648271561258,0,287.78540958441124
0.001864,14.034675790636193,221.63511755252654,14.035710366969772,-13.467641390961726,0,-27.503351757931494,1.0345763335790181,0,335.80502374419035
0.0018644999999999998,14.019823614936019,23.63711405687684,1.3758488746392104,-1.3758488746392104,-12.643974740296809,-15.395672489575229,0,0,371.27846397038365
0.0018649999999999999,14.005227234285384,-250.4935805812338,-14.293169105069426,14.005227234285384,-28.298396339354809,0,0,0,408.039048877026
0.0018655,13.994718705911264,-252.4883837083824,-14.354177373598315,14.011017813123527,-28.365195186721841,0,0,16.299107212262854,430.39717197258773
0.0018659999999999998,13.992599719219466,-252.09357436554126,-14.350224183101281,14.026131578625696,-28.37635576172698,0,0,33.531859406228833,423.05316615469701
0.0018664999999999999,13.998389417270676,-249.34301102205271,-14.280179338391088,14.046330910770303,-28.326510249161391,0,0,47.941493499626617,387.16703803112046
0.001867,14.009840678437136,-244.62297322897066,-14.152518915252523,14.066054708969405,-28.218573624221932,0,0,56.21403053226863,328.27031960167147
0.0018675,14.023290232772933,-238.61210191562043,-13.984004247312399,14.079276775648864,-28.063281022961263,0,0,55.986542875932216,255.4071398781773
0.0018679999999999999,14.034225645129016,-232.1765726996228,-13.797091504308099,14.080433909756376,-27.877525414064479,0,0,46.208264627359547,179.73771146711798
0.0018684999999999999,14.037981621508449,-226.23669768085645,-13.61647242806518,14.065281027537649,-27.681753455602831,0,0,27.299406029200199,112.81986304412072
0.001869,14.030458423687508,-221.6255040210857,-13.465279358178183,14.031542143135365,-27.496821501313551,0,0,1.0837194478564598,64.833226277185076
0.0018694999999999999,14.015600145160546,-24.193149066701949,-1.4082140838896728,1.4082140838896728,-15.423814229050219,-12.607386061270873,0,0,29.394960710764863
0.0018699999999999999,14.001008161667407,250.37153261782424,14.001008161667407,-14.287506044350874,0,-28.288514206018281,0,0,-7.3680952372057114
0.0018705,13.990486325265911,252.36986983737211,14.006714593174362,-14.348575243906136,0,-28.355289837080498,16.228267908451173,0,-29.784202368063081
0.0018709999999999998,13.988321843652903,251.98532528972061,14.021724832977661,-14.344869395485285,0,-28.366594228462944,33.402989324757627,0,-22.580664059542773
0.0018714999999999999,13.994042603044239,249.25021908612482,14.041819243882108,-14.275222467962189,0,-28.317041711844297,47.776640837869571,0,13.104015129907456
0.001872,14.005413988410455,244.54849969050935,14.061455090269638,-14.148051796934826,0,-28.209506887204462,56.041101859183186,0,71.769145356343842
0.0018724999999999998,14.018787081889458,238.55604155492586,14.07462210617607,-13.980046075900951,0,-28.054668182077023,55.835024286612622,0,144.40605193892353
0.0018729999999999999,14.029663445286962,232.13624246057191,14.075768146521977,-13.793586068239245,0,-27.86935421476122,46.104701235015376,0,219.8891545387111
0.0018734999999999999,14.033389280462833,226.20705103862818,14.060652613109944,-13.613296899669024,0,-27.673949512778968,27.263332647111454,0,286.68912708039164
0.001874,14.025872081520724,221.5999075224818,14.026996747609303,-13.462263291903794,0,-27.489260039513095,1.1246660885781097,0,334.64434330504997
0.0018744999999999999,14.01100990370387,24.649151273873201,1.434756669505667,-1.434756669505667,-12.576253234198205,-15.445766573209537,0,0,370.04957138797772
0.0018749999999999999,13.99642269922318,-250.25320776206939,-14.281768446164488,13.99642269922318,-28.27819114538767,0,0,0,406.81050786803939
0.0018755,13.985891499012837,-252.25430656239058,-14.342885162556202,14.002063186084454,-28.34494834864066,0,0,16.171687071617932,429.26947539703059
0.0018759999999999998,13.983691927504783,-251.87797659999791,-14.339377924479839,14.016991919872854,-28.356369844352695,0,0,33.299992368072481,422.17549556789106
0.0018764999999999999,13.989358844861707,-249.15527837337129,-14.270051219984461,14.037003711030426,-28.307054931014886,0,0,47.644866168718394,386.64992133925432
0.001877,14.000667650052044,-244.46826408553781,-14.143274499918249,14.056570559842402,-28.199845059760651,0,0,55.902909790357761,328.16874638493022
0.0018774999999999998,14.013980922455943,-238.49057021544692,-13.975677627330773,14.069694953473903,-28.045372580804678,0,0,55.714031017958973,255.71224245356382
0.0018779999999999999,14.024811426432809,-232.08336103389234,-13.789580698242199,14.070833562049165,-27.860414260291368,0,0,46.02213561635557,180.37827074319097
0.0018785,14.028514547438308,-226.16269999564776,-13.609555683189583,14.055749324956173,-27.665305008145758,0,0,27.23477751786541,113.67338666208911
0.0018789999999999998,14.021003538851929,-221.5587791203744,-13.458649809553581,14.022161223001648,-27.480811032555231,0,0,1.1576841497188184,65.74487702171848
0.0018794999999999999,14.006139480236781,-24.995061111532522,-1.4548910928419894,1.4548910928419894,-15.461030573078771,-12.551248387394791,0,0,30.368700440196232
0.0018799999999999999,13.99155734647287,250.14232838690856,13.99155734647287,-14.276107961970881,0,-28.26766530844375,0,0,-6.3872208958655214
0.0018805,13.981021380949318,252.1449651309772,13.997153724537236,-14.33724745276341,0,-28.334401177300649,16.132343587917688,0,-28.873549209624333
0.0018809999999999999,13.978799019801407,251.77406587441291,14.012026857456739,-14.333870659520839,0,-28.34589751697758,33.227837655331527,0,-21.854710885086551
0.0018814999999999999,13.984429761628835,249.05989207103656,14.031981617911189,-14.264763817085415,0,-28.296745434996602,47.551856282354159,0,13.559345636312681
0.001882,13.995695893993888,244.38322525058658,14.051500495620955,-14.138264596193984,0,-28.189765091814941,55.80460162706617,0,71.909613765900161
0.0018824999999999998,14.008968083204016,238.4161533903808,14.064595288369949,-13.970962396821848,0,-28.035557685191794,55.627205165933162,0,144.23579930974429
0.0018829999999999999,14.01976714192668,232.01825107576474,14.065729370037086,-13.785134349995172,0,-27.850863720032258,45.96222811040608,0,219.45995517361268
0.0018835,14.023455232323791,226.1041942137434,14.050668745748178,-13.605313533147456,0,-27.655982278895635,27.213513424387919,0,286.09232772033852
0.0018839999999999998,14.015950072654798,221.50320216450146,14.017131348273143,-13.454518313023861,0,-27.471649661297004,1.1812756183449551,0,333.99674255506017
0.0018844999999999999,14.001086336142183,25.227814172270598,1.4684389834988103,-1.4684389834988103,-12.532647352643373,-15.469525319640994,0,0,369.34692265098545
0.001885,13.986509463329959,-250.03938028198519,-14.27058737419431,13.986509463329959,-28.257096837524269,0,0,0,406.09344177605311
0.0018854999999999998,13.975972862525236,-252.04271917001654,-14.331735228270633,13.992081630818532,-28.323816859089167,0,0,16.108768293296492,428.59097191028832
0.0018859999999999999,13.973738992682337,-251.67498808606845,-14.328435025682714,14.006923311382462,-28.335358337065177,0,0,33.184318700123534,421.61350286849546
0.0018864999999999999,13.979350041011292,-248.96596024441027,-14.259461843915595,14.02684551778051,-28.28630736169611,0,0,47.495476769217809,386.26437316311609
0.001887,13.990592425447106,-244.29563112098484,-14.133133679795998,14.04633719989293,-28.179470879688928,0,0,55.74477444582292,327.99240332874194
0.0018874999999999999,14.003841734819044,-238.33512852489378,-13.966014847161082,14.05941593569486,-28.025430782855942,0,0,55.574200875814945,255.74572615649066
0.0018879999999999999,14.014623729874163,-231.94304233304808,-13.780355893269503,14.060549312270265,-27.840905205539769,0,0,45.925582396100808,180.59004449764765
0.0018885,14.018304782089587,-226.03319135780967,-13.600665928291329,14.045505342955096,-27.646171271246427,0,0,27.200560865509047,114.0046747342944
0.0018889999999999998,14.010805436156287,-221.43419670530551,-13.449945645206665,14.012001471178925,-27.461947116385588,0,0,1.196035022636984,66.118756520577278
0.0018894999999999999,13.995943976335411,-25.341826535304012,-1.475075317401374,1.475075317401374,-15.471019293736784,-12.520868658934038,0,0,30.789759318792925
0.00189,13.98137245735953,249.94774103105047,13.98137245735953,-14.265351739762172,0,-28.246724197121701,0,0,-5.9448138612697825
0.0018904999999999998,13.970839834879197,251.95053819255233,13.986943120566684,-14.326483059983531,0,-28.313426180550213,16.10328568748649,0,-28.437644310997232
0.0018909999999999999,13.968607168093534,251.58308110653738,14.001780396519585,-14.323188639939954,0,-28.324969036459539,33.173228426050642,0,-21.465621653639605
0.0018915,13.974216902969699,248.87513159321722,14.021696830863021,-14.25424399081539,0,-28.275940821678407,47.479927893321495,0,13.868546564373165
0.001892,13.985456314180682,244.20655213316681,14.041183350333684,-14.127964222196102,0,-28.169147572529784,55.727036153000796,0,72.118151257102042
0.0018924999999999999,13.998702323505743,238.24823426929026,14.054259655148156,-13.960907824635774,0,-28.01516747978393,55.557331642412933,0,144.33835281868892
0.0018929999999999999,14.009482302848228,231.85846308682056,14.055395273213991,-13.775317435094433,0,-27.830712708308422,45.912970365761765,0,219.46743558337175
0.0018935,14.013164268114492,225.95073013736959,14.04035967250328,-13.595693355994396,0,-27.636053028497674,27.195404388787836,0,286.03015980138395
0.0018939999999999999,14.005670186995465,221.35335720169184,14.006871029912043,-13.445027926216939,0,-27.451898956128982,1.2008429165778409,0,333.90092222527466
0.0018944999999999999,13.990813073945077,25.33854062831972,1.4748840541441268,-1.4748840541441268,-12.51592901980095,-15.465697128089204,0,0,369.21248498018355
0.001895,13.976246896876942,-249.86748978008251,-14.260453596609169,13.976246896876942,-28.236700493486111,0,0,0,405.93119534031473
0.0018954999999999998,13.965722230695313,-251.86892718455132,-14.321554513332337,13.981836001651235,-28.303390514983573,0,0,16.113770955922469,428.40337114764361
0.0018959999999999999,13.963501996183798,-251.49946920599359,-14.318211736304617,13.996693170987806,-28.314904907292426,0,0,33.191174804008789,421.40285460770576
0.0018965,13.969126937365949,-248.78917851447173,-14.249208319693945,14.016628504235436,-28.265836823929384,0,0,47.501566869486837,386.03654346854825
0.0018969999999999998,13.980382395263391,-244.11827491739888,-14.122868722582604,14.036130804426639,-28.158999527009247,0,0,55.748409163248908,327.75591570457755
0.0018974999999999999,13.993643411766472,-238.15801110178882,-13.95576121638635,14.049218289046856,-28.004979505433209,0,0,55.574877280383667,255.51045356785522
0.0018979999999999999,14.004435812512959,-231.76698338570395,-13.770137197710724,14.050359869935761,-27.820497067646485,0,0,45.924057422802655,180.36569695714189
0.0018985,14.008126633315753,-225.8588978308845,-13.590503392835984,14.035325364199593,-27.625828757035578,0,0,27.198730883840049,113.79931516208512
0.0018989999999999999,14.000637578128586,-221.26216115078631,-13.439855249323749,14.001834218603255,-27.441689467927006,0,0,1.1966404746691879,65.937572740953712
0.0018994999999999999,13.985786581287174,-25.216895663084681,-1.4678034482748363,1.4678034482748363,-15.45359002956201,-12.517983133012338,0,0,30.638042372093377
0.0019,13.971225637423263,249.80153682633264,13.971225637423263,-14.256024112156423,0,-28.227249749579688,0,0,-6.062853880770561
0.0019004999999999998,13.960713227599594,251.80042805399037,13.976855127607047,-14.317071021162437,0,-28.293926148769483,16.141900007451973,0,-28.499284592891673
0.0019009999999999999,13.958517631765408,251.42616158546838,13.991758412711551,-14.313611189102263,0,-28.305369601813815,33.240780946142344,0,-21.435514914753359
0.0019015,13.964175535198038,248.70956408372382,14.011738645413585,-14.244446458334236,0,-28.256185103747818,47.563110215547105,0,14.011568111550794
0.0019019999999999998,13.975467155222116,244.03184956913941,14.031278114041251,-14.117926999051512,0,-28.149205113092762,55.810958819134569,0,72.377849196059628
0.0019024999999999999,13.988762145543273,238.06533962323309,14.044389959052024,-13.950649687623711,0,-27.995039646675735,55.627813508751082,0,144.70053597193558
0.001903,13.999581515104882,231.66960806506415,14.045540229135579,-13.7648929687736,0,-27.81043319790918,45.95871403069625,0,219.90217173063149
0.0019034999999999998,14.003288796283483,225.75909624759461,14.030498520115916,-13.585184880001119,0,-27.615683400117035,27.209723832432779,0,286.49640002859832
0.0019039999999999999,13.995804036142491,221.16259167098579,13.996986715146972,-13.434533179523459,0,-27.43151989467043,1.1826790044810025,0,334.35282249325246
0.0019044999999999999,13.980960986997019,24.982757350850306,1.4541749260862815,-1.4541749260862815,-12.526786060910737,-15.4351359130833,0,0,369.64452470916325
0.001905,13.966405067177138,-249.74944828229084,-14.252098789874774,13.966405067177138,-28.218503857051914,0,0,0,406.32438107354204
0.0019054999999999999,13.955908426039693,-251.74506966119588,-14.313079800988236,13.972093347934109,-28.285173148922347,0,0,16.184921894415062,428.71049179312394
0.0019059999999999999,13.953747758114185,-251.36390064177934,-14.309453160895789,13.987065281568048,-28.296518442463842,0,0,33.31752345386387,421.55196451744206
0.0019065,13.959453882380627,-248.6378160115477,-14.240045922534922,14.007113359410225,-28.247159281945144,0,0,47.659477029598037,385.98011985588636
0.0019069999999999998,13.970799296790945,-243.94947720641537,-14.113245247552172,14.026709504859221,-28.139954752411395,0,0,55.910208068276773,327.47811052492875
0.0019074999999999999,13.984145260312124,-237.97283170870332,-13.945691143088339,14.03985837415585,-27.985549517244191,0,0,55.713113843727207,255.02946528139864
0.001908,13.995004993940704,-231.56900938654604,-13.759704737554381,14.041020710974321,-27.800725448528706,0,0,46.015717033617655,179.73090848207545
0.0019084999999999998,13.998736039636126,-225.65369985204097,-13.57984977955617,14.025964799204148,-27.60581457876032,0,0,27.228759568020998,113.0836488703267
0.0019089999999999999,13.991255168780352,-221.05643991958971,-13.429157298843508,13.992415407473429,-27.421572706316937,0,0,1.160238693075776,65.226246912655199
0.0019095,13.976421554517586,-24.639284940526572,-1.4341823784310788,1.4341823784310788,-15.410603932948664,-12.542239176086508,0,0,29.936642160515166
0.0019099999999999998,13.961870360811686,249.71358545439472,13.961870360811686,-14.248788966597672,0,-28.210659327409356,0,0,-6.7210021238051887
0.0019104999999999999,13.951393182605218,251.70487831131211,13.967637102161454,-14.309683061592946,0,-28.2773201637544,16.243919556236222,0,-29.043617704675103
0.0019109999999999999,13.949278300777452,251.31426831489961,13.982701252833865,-14.305827431809226,0,-28.28852868464309,33.422952056412882,0,-21.759214118379962
0.0019115,13.955048539558565,248.57510005227101,14.002840556877297,-14.236084584858983,0,-28.238925141736281,47.792017318732988,0,13.981217223924027
0.0019119999999999999,13.966465787465147,243.87206238349333,14.022512583287371,-14.108893578960895,0,-28.131406162248268,56.046795822224773,0,72.668357583933982
0.0019124999999999999,13.979879725856373,237.8813729170958,14.035710236751793,-13.940954688712408,0,-27.976664925464199,55.830510895420453,0,145.29007821726762
0.001913,13.990792818198702,231.46632343571957,14.036886911139383,-13.754648355971234,0,-27.791535267110618,46.094092940680554,0,220.72303885617958
0.0019134999999999998,13.994554322786952,225.54432458615977,14.021809054742985,-13.57458755258558,0,-27.596396607328565,27.254731956033357,0,287.44549134552091
0.0019139999999999999,13.98707646628718,220.94593009877724,13.988205372475955,-13.423834900925138,0,-27.412040273401093,1.1289061887760141,0,335.3075499358356
0.0019145,13.972253795274524,24.196360895490329,1.4084010352667882,-1.4084010352667882,-12.563852760007734,-15.380654830541312,0,0,370.59945186562226
0.0019149999999999998,13.957706940724526,-249.69293718065927,-14.24610785044406,13.957706940724526,-28.20381479116859,0,0,0,407.23251055812085
0.0019154999999999999,13.94725200558716,-251.67933879835357,-14.306906354050035,13.963567596175841,-28.270473950225878,0,0,16.315590588680742,429.47946355379207
0.001916,13.945191475881135,-251.27754674779794,-14.302780530628826,13.978743023721407,-28.281523554350237,0,0,33.551547840271724,422.04243525920884
0.0019165,13.951038672872368,-248.52260513395595,-14.232633456150259,13.998993059140259,-28.231626515290522,0,0,47.954386267890818,386.09579567977659
0.0019169999999999999,13.962542678142007,-243.80160794786482,-14.104965436315318,14.018757607433953,-28.123723043749273,0,0,56.214929291944564,327.18044768738827
0.0019174999999999999,13.976039024497503,-237.79351500247952,-13.936549286810127,14.032014859174696,-27.968564145984825,0,0,55.975834677192466,254.34347022391216
0.001918,13.987016852691346,-231.36427724769626,-13.749838170251945,14.033208697200331,-27.783046867452278,0,0,46.191844508986151,178.74116563962227
0.0019184999999999998,13.990814964650772,-225.4334741407468,-13.56950681931272,14.018102717598946,-27.587609536911668,0,0,27.287752948175168,111.9212074135864
0.0019189999999999999,13.983339598042317,-220.83300572939925,-13.418659198385122,13.984429867332597,-27.403089065717722,0,0,1.0902692902804461,64.048400046918758
0.0019195,13.968528995993932,-23.660774457732806,-1.3772260789718904,1.3772260789718904,-15.345755074965822,-12.591302917022041,0,0,28.748435682767354
0.0019199999999999998,13.953986019423404,249.68927655516066,13.953986019423404,-14.244142667592776,0,-28.19812868701618,0,0,-7.8597667704612668
0.0019204999999999999,13.94355617962443,251.66991420432444,13.959956700009878,-14.304828201165032,0,-28.264784901174906,16.400520385447152,0,-30.020718251593241
0.001921,13.941558801288959,251.25482658083192,13.975262757105195,-14.300380275830182,0,-28.275643032935378,33.703955816235606,0,-22.405700432904954
0.0019214999999999998,13.947495935107408,248.4811138752433,13.995642711932458,-14.229751222668735,0,-28.22539393460119,48.14677682504901,0,13.783188582321245
0.0019219999999999999,13.95910145158974,243.73876339699945,14.015515485249631,-14.101515159158424,0,-28.117030644408054,56.414033659890556,0,72.967531582962948
0.0019224999999999999,13.972694088297924,237.7100169996514,14.028841842178867,-13.932531815229202,0,-27.961373657408068,56.147753880942417,0,146.05876031553078
0.001923,13.983747197665757,231.26398976443724,14.03005446726856,-13.745340942968683,0,-27.775395410237245,46.307269602803608,0,221.86150899556077
0.0019234999999999999,13.987587226410531,225.322820817674,14.01491368517031,-13.56469021362823,0,-27.579603898798538,27.326458759778209,0,288.7974695971613
0.0019239999999999999,13.980113378569108,220.71997375098883,13.981157571370673,-13.413731705010727,0,-27.394889276381402,1.0441928015652522,0,336.68431470698766
0.0019245,13.965315961064551,23.045762720484618,1.3414280029230667,-1.3414280029230667,-12.623887958141484,-15.306743963987618,0,0,371.99662270074953
0.0019249999999999998,13.950776329663132,-249.7009933340413,-14.242880836511727,13.950776329663132,-28.193657166174859,0,0,0,408.57854134325657
0.0019254999999999999,13.940373430187597,-251.67551771702009,-14.303448897293503,13.956868394285141,-28.260317291578644,0,0,16.494964097545108,430.64454573606389
0.001926,13.938445417923466,-251.24588652695149,-14.298649602259571,13.972319277369625,-28.270968879629194,0,0,33.87385944615815,422.83143405456906
0.0019264999999999998,13.944481983087789,-248.45140997706631,-14.227487838982269,13.992843816384356,-28.220331655366628,0,0,48.361833296567504,386.37171116054947
0.0019269999999999999,13.95620015270431,-243.68523945169761,-14.098618161733299,14.01283741899006,-28.111455580723362,0,0,56.637266285750009,326.88533308963764
0.0019275,13.969899922820574,-237.63324931252058,-13.928996269944513,14.026241112157216,-27.955237382101728,0,0,56.34118933664196,253.50716449456735
0.0019279999999999998,13.981036880558793,-231.16809846562651,-13.741258697133327,14.027474640515406,-27.768733337648733,0,0,46.437759956611643,177.47652547601135
0.0019284999999999999,13.984923406236252,-225.21483801022165,-13.560235871988207,14.012294166253621,-27.572530038241826,0,0,27.370760017368909,110.40660022166716
0.0019289999999999999,13.977450490326161,-220.60876569159333,-13.409135928974386,13.978443012286265,-27.387578941260653,0,0,0.99252196010455407,62.500173993463477
0.0019295,13.962666955279118,-22.360942424796693,-1.3015665701404875,1.3015665701404875,-15.264233525419606,-12.661100385138631,0,0,27.170054725184691
0.0019299999999999999,13.948130081822296,249.72927430777148,13.948130081822296,-14.242383010960166,0,-28.190513092782464,0,0,-9.3862647481492871
0.0019304999999999999,13.937755966191933,251.69704145010354,13.954355099603841,-14.302820616175065,0,-28.257175715778907,16.599133411908198,0,-31.350504161546869
0.001931,13.935903523458025,251.25129778284727,13.969964743047253,-14.297631203261888,0,-28.26759594630914,34.061219589228614,0,-23.321312748569657
0.0019314999999999998,13.942048778458263,248.4338368799776,13.990647646165636,-14.225878921085522,0,-28.216526567251154,48.598867707371937,0,13.435186626513655
0.0019319999999999999,13.953890140938448,243.6413434634859,14.010773262567218,-14.096308299483892,0,-28.107081562051111,56.883121628770546,0,73.253123434336075
0.0019325,13.967706919632073,237.56372794134231,14.024260906653987,-13.925981777759823,0,-27.950242684413809,56.553987021913883,0,146.94652890010042
0.0019329999999999998,13.978935134401594,231.0775653018909,14.025516177403665,-13.737642913849474,0,-27.763159091253137,46.581043002070196,0,223.22766925068814
0.0019334999999999999,13.982871724829183,225.11110074347863,14.010290807827529,-13.556212980037525,0,-27.566503787865056,27.419082998346497,0,290.44507537679846
0.001934,13.975398728165189,220.50161530402369,13.976334055287934,-13.404960855574634,0,-27.381294910862572,0.93532712274515006,0,338.37365963244679
0.0019344999999999998,13.96062974052726,21.622059079984012,1.2585582817342136,-1.2585582817342136,-12.702071458793046,-15.219188022261473,0,0,373.72541919342314
0.0019349999999999999,13.946094988064452,-249.77192864533785,-14.242609195341075,13.946094988064452,-28.18870418340553,0,0,0,410.25568172618887
0.0019354999999999999,13.93575043688058,-251.73283829262493,-14.30291664642465,13.952459410113729,-28.255376056538385,0,0,16.708973233149109,432.11299147015262
0.001936,13.93397698759445,-251.27032770423907,-14.29732221266997,13.968236149351096,-28.265558362021068,0,0,34.259161756645589,423.85561365669383
0.0019364999999999999,13.940236413413952,-248.42873669122753,-14.224950435039673,13.989086232854081,-28.214036667893758,0,0,48.849819440128471,386.78472880902996
0.0019369999999999999,13.952207560702147,-243.6084243056948,-14.094639141639366,14.009351588694207,-28.103990730333575,0,0,57.144027992058938,326.61445384779222
0.0019375,13.966147867678259,-237.50353903583638,-13.923562643099077,14.022928308066438,-27.946490951165519,0,0,56.780440388179734,252.58478374905627
0.0019379999999999998,13.977472532401281,-230.99480738398881,-13.734577772619977,14.024206626738684,-27.758784399358664,0,0,46.73409433740332,176.03496935207767
0.0019384999999999999,13.981461913558958,-225.01390299580461,-13.552703111586371,14.008933123948006,-27.56163623553438,0,0,27.471210389047783,108.65759045829651
0.001939,13.973988247627783,-220.40028719341794,-13.401273974765386,13.974862894683168,-27.376136869448555,0,0,0.87464705538567955,60.702144103952435
0.0019394999999999998,13.959234023870899,-20.840614241418905,-1.2130726103808762,1.2130726103808762,-15.172306634251775,-12.746161413490022,0,0,25.32393108524688
0.0019399999999999999,13.944700724522779,249.82959673584745,13.944700724522779,-14.243592869263177,0,-28.188293593785954,0,0,-11.181899894161337
0.0019405,13.93438648233839,251.7832591531093,13.951210945281787,-14.30376200570975,0,-28.254972950991537,16.824462943397442,0,-32.929400083507588
0.001941,13.932695296903903,251.30303515662723,13.967162512595969,-14.297738838596459,0,-28.264901351192428,34.467215692065821,0,-24.434286102505542
0.0019414999999999999,13.939073913848812,248.43598917940926,13.988187351792115,-14.224712751359567,0,-28.212900103151682,49.113437943303687,0,12.965293808924901
0.0019419999999999999,13.951180568414776,243.58638702293661,14.008598445573368,-14.093620932421898,0,-28.102219377995265,57.41787715859229,0,73.504391232112951
0.0019425,13.965249693818146,237.45286114245141,14.022267547986013,-13.921756170936604,0,-27.944023718922615,57.017854167867078,0,147.88618142761754
0.0019429999999999998,13.97667463615646,230.92050760222534,14.023568893695959,-13.732094609294952,0,-27.75566350299091,46.894257539499037,0,224.71734668545602
0.0019434999999999999,13.980718412626015,224.92458354084999,14.008243829816355,-13.549756615897939,0,-27.558000445714296,27.525417190340733,0,292.26230945490954
0.001944,13.973243080874134,220.30679923764902,13.974053756454392,-13.398146175230361,0,-27.372199931684754,0.81067558025739572,0,340.24621938614405
0.0019444999999999998,13.958503791784427,20.033897492437973,1.1661159333276991,-1.1661159333276991,-12.792387858456728,-15.124619725112126,0,0,375.65391127148638
0.0019449999999999999,13.943971252698759,-249.89956247110689,-14.245266870825414,13.943971252698759,-28.189238123524174,0,0,0,412.13577890805709
0.0019455,13.933686984662621,-251.84614380694825,-14.305303080096156,13.950628367179242,-28.255931447275401,0,0,16.941382516620827,433.77236666752043
0.0019459999999999998,13.932078463816092,-251.34820193145021,-14.298852005060215,13.966756675931011,-28.265608680991228,0,0,34.678212114919063,425.03616744584298
0.0019464999999999999,13.938577373545307,-248.45548919181854,-14.225166634441164,13.987958666675084,-28.21312530111625,0,0,49.381293129776417,387.30237996566012
0.0019469999999999999,13.950821148290695,-243.57617621398461,-14.093283206653918,14.008517867729623,-28.101801074383541,0,0,57.696719438928547,326.38725053983086
0.0019475,13.965020877587534,-237.41341727061177,-13.920613784196927,14.022281079556542,-27.94289486375347,0,0,57.260201969008065,251.64526951487963
0.0019479999999999999,13.976547603724153,-230.8567532368767,-13.730255697049165,14.023605907304349,-27.753861604353517,0,0,47.058303580196252,174.52493881238365
0.0019484999999999999,13.980646499996141,-224.84512748900636,-13.547433829196878,14.008227935886643,-27.555661765083521,0,0,27.58143589050264,106.80607822667108
0.001949,13.973168973039162,-220.22261334982647,-13.395623995946526,13.973914544889562,-27.369538540836089,0,0,0.74557185039980567,58.790063486979477
0.0019494999999999998,13.958444317976841,-19.214276002189319,-1.1184081081560056,1.1184081081560056,-15.076852426132847,-12.840036209820836,0,0,23.349084337681248
0.0019499999999999999,13.943911840810808,249.98199364030631,13.943911840810808,-14.247638719729247,0,-28.191550560540058,0,0,-13.111307499045836
0.0019505,13.933657180756214,251.92136577539134,13.950716809332762,-14.307538748898281,0,-28.258255558231042,17.059628576548228,0,-34.638176452614701
0.0019509999999999998,13.932131535841004,251.40541495894706,13.967023054096524,-14.300651882900819,0,-28.267674936997341,34.891518255520367,0,-25.660227713996807
0.0019514999999999999,13.938751308363424,248.48665999507378,13.988403219456332,-14.226296801315749,0,-28.214700020772082,49.651911092909351,0,12.4097498331681
0.001952,13.95113285353991,243.57726387186082,14.00911104849024,-14.093611177590127,0,-28.102722226080363,57.978194950329218,0,73.70352412427772
0.0019524999999999998,13.96546364575544,237.38498096636528,14.022968195707419,-13.920128532271427,0,-27.943096727978848,57.504549951979413,0,148.80826754862451
0.0019529999999999999,13.977092217313595,230.80385047501659,14.024315611642294,-13.729068929344836,0,-27.753384540987128,47.223394328698348,0,226.21978286800714
0.0019534999999999999,13.981245795398868,224.7765208563595,14.008883250937741,-13.545762383293129,0,-27.554645634230866,27.637455538872494,0,294.11375339380237
0.001954,13.973765149428743,220.14941017124193,13.974444716144426,-13.393756128555065,0,-27.368200844699487,0.67956671568154547,0,342.16230997438919
0.0019545000000000001,13.959054783102527,18.399558535058077,1.0709857321584906,-1.0709857321584906,-12.88806905094404,-15.030040515261017,0,0,377.63847183505152
0.0019549999999999997,13.944521670366345,-250.07373667535958,-14.250616132077791,13.944521670366345,-28.195137802444137,0,0,0,414.07867613537496
0.0019554999999999998,13.93429519475213,-252.00633092266537,-14.310390383042407,13.951470160764257,-28.261860543806666,0,0,17.174966012127697,435.49878213103426
0.0019559999999999998,13.932849783517616,-251.473027355944,-14.303084537260464,13.967949724605496,-28.271034261865964,0,0,35.099941087879429,426.28463603147708
0.0019564999999999999,13.939587083907668,-248.52897342808996,-14.228079329070168,13.989503921187127,-28.217583250257295,0,0,49.91683727945999,387.88532037534844
0.001957,13.952102955426335,-243.59017657146151,-14.094609848983117,14.010357291803489,-28.104967140786606,0,0,58.254336377152718,326.21961252723787
0.0019575,13.966561784967077,-237.36886077659534,-13.92032742706421,14.024306651628711,-27.944634078692925,0,0,57.744866661634362,250.7573730679822
0.0019580000000000001,13.978289969190614,-230.76347402901791,-13.728572244908321,14.025676280577615,-27.754248525485938,0,0,47.386311387001435,173.05756769544786
0.0019584999999999997,13.982496946067482,-224.72033667871443,-13.544778319974542,14.010190181594734,-27.554968501569277,0,0,27.693235527252654,104.9886197578025
0.0019589999999999998,13.975012767295272,-220.08823930328884,-13.39256483960974,13.975627628582018,-27.368192468191761,0,0,0.61486128674519591,56.905088377506154
0.0019594999999999999,13.960315863203883,-17.601937179114127,-1.0245584719471501,1.0245584719471501,-14.984874335151034,-12.935757391256733,0,0,21.391240760187028
0.0019599999999999999,13.945781437526421,250.17458968382672,13.945781437526421,-14.25418358406831,0,-28.199965021594728,0,0,-15.031990237911042
0.0019605,13.935581733803422,252.10052899047628,13.952869092185029,-14.313833462178982,0,-28.266702554364013,17.287358381607135,0,-36.35045605535359
0.0019610000000000001,13.934213793672191,251.5502247716141,13.96951674878123,-14.306116284073426,0,-28.275633032854657,35.302955109038329,0,-26.908169250913506
0.0019614999999999997,13.941064837242443,248.5814338331225,13.991239553562149,-14.230474612347013,0,-28.221714165909162,50.174716319705922,0,11.810299204078706
0.0019619999999999998,13.953710709208066,243.61395269534731,14.012233596472612,-14.096239716671981,0,-28.108473313144593,58.522887264546462,0,73.836811392470239
0.0019624999999999998,13.968293292412946,237.36438731498657,14.026271579637967,-13.921178545908194,0,-27.947450125546162,57.978287225021546,0,149.6459139919308
0.0019629999999999999,13.980117460695251,230.73548452728886,14.027661702335077,-13.728748491006122,0,-27.7564101933412,47.544241639827298,0,227.62538811562797
0.0019635,13.984375417878034,224.67711956136188,14.012122365133031,-13.544484337881316,0,-27.556606703014346,27.746947254996257,0,295.86407876280941
0.001964,13.976886906505007,220.04034977625057,13.977438543600364,-13.392074161470852,0,-27.369512705071216,0.55163709535760574,0,343.98175190592838
0.0019645000000000001,13.962202612475711,16.838705846754692,0.98013295675145784,-0.98013295675145784,-12.982069655724253,-14.942335569227168,0,0,379.53379465125266
0.0019649999999999997,13.947666222457517,-250.28107685681297,-14.258227365540536,13.947666222457517,-28.205893587998055,0,0,0,415.94200090939762
0.0019654999999999998,13.937490878739597,-252.20103845567996,-14.317767875877323,13.954883581162072,-28.272651457039395,0,0,17.392702422475651,437.16556227815113
0.0019659999999999999,13.936194911911059,-251.63501603114997,-14.309671328634872,13.97168852090495,-28.281359849539825,0,0,35.493608993889936,427.50912432278824
0.0019664999999999999,13.943152172521868,-248.64314221764187,-14.233436212393512,13.993569579063786,-28.227005791457302,0,0,50.417406541917828,388.49014243429383
0.001967,13.955919811078381,-243.6487156148614,-14.098482429102351,14.014696025395017,-28.113178454497366,0,0,58.776214316635169,326.12285676713776
0.0019675000000000001,13.970618562922651,-237.37243267017385,-13.922684651684667,14.028817644262265,-27.951502295946938,0,0,58.199081339613961,249.98496145034494
0.0019679999999999997,13.982532946534665,-230.72109143580104,-13.729610554516981,14.030227131954469,-27.75983768647145,0,0,47.694185419803119,171.73903930553186
0.0019684999999999998,13.986838724167416,-224.6479578740695,-13.544890853317632,14.014637173592581,-27.559528026910215,0,0,27.798449425164165,103.33701059776273
0.0019689999999999998,13.979345629801257,-220.00630011709845,-13.392280499561739,13.979837686982222,-27.372118186543961,0,0,0.49205718096450823,55.18403171184373
0.0019694999999999999,13.964672621013678,-16.120869356540844,-0.9383497456175095,0.9383497456175095,-14.903022366631188,-13.026322875396168,0,0,19.592801768569434
0.00197,13.950133659409293,250.39275302722507,13.950133659409293,-14.262713346180767,0,-28.21284700559006,0,0,-16.804137890788116
0.0019705,13.939980351199004,252.30708348125972,13.957471522546617,-14.322149990354719,0,-28.279621512901333,17.491171347612688,0,-37.941437415552386
0.0019710000000000001,13.938750907160079,251.72628230234218,13.974422649778342,-14.313695901569817,0,-28.288118551348159,35.67174261826257,0,-28.086870803208573
0.0019714999999999997,13.945806635605427,248.71274944273921,13.996450634982644,-14.236903164897907,0,-28.23335379988055,50.643999377217284,0,11.211255727612436
0.0019719999999999998,13.958687171608643,243.69309900423926,14.017699678342648,-14.101275753282181,0,-28.118975431624829,59.012506734004184,0,73.895505532480044
0.0019724999999999999,13.973493475239305,237.391877267665,14.031898226042211,-13.924789841450504,0,-27.956688067492717,58.404750802904715,0,150.33933245474256
0.0019729999999999999,13.985491080823028,230.71967230137503,14.033324636846801,-13.731116359590507,0,-27.764440996437308,47.833556023772687,0,228.83318143001412
0.0019735,13.989840475585552,224.63289751223238,14.017686439354392,-13.545975144499703,0,-27.563661583854099,27.845963768840591,0,297.38725803789305
0.0019740000000000001,13.98234216430413,219.98684414521108,13.982778335909362,-13.393182478189081,0,-27.375960814098445,0.4361716052313227,0,345.57342194541388
0.0019745000000000001,13.967679130206944,15.464213145658732,0.90012766374266562,-0.90012766374266562,-13.06755146646428,-14.86780679394961,0,0,381.20281871181572
0.0019749999999999998,13.953137038452436,-250.50595658434423,-14.267511518963063,13.953137038452436,-28.220648557415501,0,0,0,417.59089768120123
0.0019754999999999998,13.943002531801165,-252.41554323326747,-14.326863183974831,13.960581462634103,-28.287444646608936,0,0,17.578930832937637,438.65191755985893
0.0019759999999999999,13.941831636801348,-251.82179527476916,-14.318096810805919,13.977662530487065,-28.295759341292985,0,0,35.830893685715814,428.62061545670082
0.0019765,13.948974643574527,-248.7890625890405,-14.240810198371488,13.999821623398965,-28.240631821770453,0,0,50.84697982443911,389.07239700099615
0.001977,13.961955643572583,-243.74686498788449,-14.104580732123729,14.021180435171928,-28.125761167295657,0,0,59.224791599344023,326.10303105435037
0.0019775000000000001,13.976857913503965,-237.42316437284879,-13.927474432045376,14.035448063207385,-27.962922495252762,0,0,58.590149703419307,249.38274725346221
0.0019779999999999997,13.988929877376487,-230.73195047553872,-13.73325472556375,14.036889641060819,-27.770144366624571,0,0,47.959763684331783,170.66343588213468
0.0019784999999999998,13.993318108966632,-224.63250289424363,-13.5477224169765,14.021207621614419,-27.568930038590921,0,0,27.889512647788052,101.96938830091634
0.0019789999999999999,13.985814529097784,-219.98200439079602,-13.394750817880366,13.986200556637236,-27.380951374517604,0,0,0.3860275394520869,53.750117934189959
0.0019794999999999999,13.971159716798022,-14.877620357704528,-0.86598377353524425,0.86598377353524425,-14.837143490333267,-13.105175943262777,0,0,18.083146774083072
0.00198,13.956614001319837,250.62014217591863,13.956614001319837,-14.272574848896795,0,-28.22918885021663,0,0,-18.300155141769988
0.0019805000000000001,13.946495255071419,252.52551266798969,13.964151747695222,-14.331850294511943,0,-28.296002042207167,17.656492623803402,0,-39.296410936354945
0.0019810000000000001,13.945375237710241,251.92024918253466,13.981346739168353,-14.322805334416058,0,-28.304152073584412,35.971501458111639,0,-29.111067588904508
0.0019814999999999998,13.952594466750618,248.8704684585006,14.003620651671637,-14.24507940010769,0,-28.248700051779327,51.026184921018327,0,10.656432192061516
0.0019819999999999998,13.965663257903858,243.8082987760931,14.025075274522157,-14.108315929404808,0,-28.133391203926966,59.412016618298772,0,73.876345935067633
0.0019824999999999999,13.98064924596712,237.46474728083098,14.039402665984934,-13.930661150731508,0,-27.970063816716443,58.75342001781393,0,150.83980249542699
0.001983,13.992785762193998,230.75681534720428,14.040856396684031,-13.73596045630177,0,-27.776816852985803,48.070634490032958,0,229.75756732382072
0.0019835,13.997207157648992,224.6462973467055,14.025134590228596,-13.550085752639031,0,-27.575220342867627,27.927432579603945,0,298.57504292463034
0.0019840000000000001,13.989697870188895,219.99200904265271,13.990039339910224,-13.396959695627386,0,-27.38699903553761,0.34146972132954545,0,346.82408204368727
0.0019844999999999997,13.975049602424276,14.37446604792666,0.83669659874681912,-0.83669659874681912,-13.138353003677459,-14.811746201171095,0,0,382.52607602596765
0.0019849999999999998,13.960499837091197,-250.73161247194776,-14.277763297140361,13.960499837091197,-28.238263134231559,0,0,0,418.9072307978696
0.0019854999999999999,13.950393016636498,-252.63381414059154,-14.336984306390629,13.968113428262965,-28.3050977346536,0,0,17.720411626467353,439.85119704247478
0.0019859999999999999,13.949313974492371,-252.01930246153782,-14.327716546041449,13.985401783854243,-28.313118329895694,0,0,36.08780936187177,429.53907129364791
0.0019865,13.956595349244125,-248.95557733971779,-14.249631637809284,14.00777034998038,-28.257401987789667,0,0,51.175000736254525,389.5896727616306
0.0019870000000000001,13.969736173574345,-243.87686762094802,-14.112425931092112,14.029304327498172,-28.141730258590286,0,0,59.568153923827808,326.16056861721597
0.0019875000000000001,13.984791124006168,-237.51667671903562,-13.934311185109847,14.043681370346254,-27.977992555456101,0,0,58.890246340086343,248.99264117754782
0.0019879999999999997,13.996980884349778,-230.7945155499894,-13.739200903753728,14.045145037734866,-27.784345941488596,0,0,48.16415338508795,169.90641822553332
0.0019884999999999998,14.001429408060989,-224.67431672958762,-13.553027249450125,14.029389370963271,-27.582416620413394,0,0,27.959962902281418,100.98227687069866
0.0019889999999999999,13.993914579990411,-220.01633519375255,-13.399756042606279,13.994218938114255,-27.393974980720536,0,0,0.30435812384384775,52.704678377360516
0.0019894999999999999,13.979270789612292,-13.960706234018049,-0.81261282215009345,0.81261282215009345,-14.791883611762385,-13.166657967462198,0,0,16.969759178440444
0.00199,13.964716629498172,250.83987346747418,13.964716629498172,-14.283023553688873,0,-28.247740183187044,0,0,-19.413417247769395
0.0019905000000000001,13.954618220802274,252.73956006332841,13.972389866956801,-14.342201081869373,0,-28.314590948826172,17.77164615452633,0,-40.318638149050685
0.0019909999999999997,13.953570880491855,252.11759384834261,13.989751933723335,-14.33275296083044,0,-28.322504894553774,36.181053231480419,0,-29.907342963007327
0.0019914999999999998,13.96090092215792,249.04262004931391,14.012195185179554,-14.254377641147196,0,-28.266572826326748,51.294263021633668,0,10.186093281534831
0.0019919999999999998,13.974098303201114,243.95058834195967,14.03379147940508,-14.116814941857399,0,-28.150606421262481,59.693176203967127,0,73.781722077335232
0.0019924999999999999,13.989207286918091,237.57703052943992,14.048206932228107,-13.938329953561967,0,-27.986536885790073,58.999645310015097,0,151.11293596806527
0.001993,14.001438417083412,230.84347953852887,14.049677137651345,-13.74289111030407,0,-27.792568247955415,48.238720567933299,0,230.33411690785647
0.0019935,14.005907341102132,224.71557227348532,14.033892953605294,-13.556478636684648,0,-27.590371590289944,27.985612503162976,0,299.3442927800852
0.0019940000000000001,13.998386742109901,220.05468942317867,13.998661012977829,-13.403092181782144,0,-27.401753194759973,0.27427086792764044,0,347.64605076416206
0.0019944999999999997,13.983745517524044,13.646549609269641,0.79432666261384099,-0.79432666261384099,-13.189418854910201,-14.778072180137885,0,0,383.40996387230837
0.0019949999999999998,13.969186698661449,-250.94134673225685,-14.288212565920494,13.969186698661449,-28.257399264581942,0,0,0,419.79776695202241
0.0019954999999999999,13.959092529067977,-252.83966428026361,-14.34737010289253,13.976899765751854,-28.324269868644386,0,0,17.807236683876773,440.67828124702106
0.0019959999999999999,13.958065740498704,-252.21280164608402,-14.337804436795299,13.994312095932665,-28.332116532727966,0,0,36.246355433961945,430.19899382708564
0.0019965,13.96542846222648,-249.13012157314222,-14.259230374508549,14.016806939959302,-28.276037314467853,0,0,51.37847773282224,390.00456749710162
0.0019970000000000001,13.978664423344608,-244.02872007316031,-14.121416384161625,14.038446650262562,-28.159863034424188,0,0,59.782226917954056,326.29030952044769
0.0019974999999999997,13.993810564358521,-237.64552958265469,-13.942664140537842,14.052888891053927,-27.995553031591768,0,0,59.078326695407007,248.84091719789581
0.0019979999999999998,14.006070131019696,-230.90352409796498,-13.746981014218045,14.054363155751027,-27.801344169969074,0,0,48.293024731330085,169.52006622219994
0.0019984999999999998,14.010552615495985,-224.76960148594031,-13.560382562970119,14.038557492725046,-27.59894005569517,0,0,28.004877229060163,100.4439895986763
0.0019989999999999999,14.00302663407126,-220.10602982271257,-13.4068947481198,14.003279454579891,-27.410174202699693,0,0,0.25282050863154382,52.120221725093153
0.0019995,13.988385745272382,-13.434401354151436,-0.78197811882128609,0.78197811882128609,-14.770363864093667,-13.206407626451096,0,0,16.330685794374808
0.002,13.97382209535539,251.03573991555018,13.97382209535539,-14.293277887474305,0,-28.267099982829691,0,0,-20.065751147571859
