"Time / s","Vmout:Measured voltage","VD1:Measured voltage","VD2:Measured voltage","VD3:Measured voltage","VD4:Measured voltage","Am1:Measured current","Am2:Measured current","Am3:Measured current","Am4:Measured current","Vc:Measured voltage","AMLr:Measured current","AMIo:Measured current"
0,0,0,0,0,0,0,0,0,0,0,0,0
3.3333333333333335e-07,0.064095968421793215,0,-0.064095968421793215,-0.064095968421793215,0,378.22011833934488,0,0,378.22011833934488,58.276071281499839,20.624358402069333,0.25638387368717286
6.6666666666666671e-07,0.24350430934112244,0,-0.24350430934112244,-0.24350430934112244,0,681.16041148906777,0,0,681.16041148906777,221.52734278286519,37.154491572982295,0.97401723736448975
1.0000000000000002e-06,0.5023638274306742,0,-0.5023638274306742,-0.5023638274306742,0,848.62345259327208,0,0,848.62345259327208,457.36731209880713,46.316457604062606,2.0094553097226968
1.3333333333333334e-06,0.78901844498034412,0,-0.78901844498034412,-0.78901844498034412,0,847.28251804530851,0,0,847.28251804530851,719.03841264474795,46.297699883683947,3.1560737799213765
1.6666666666666667e-06,1.0462600531387054,0,-1.0462600531387054,-1.0462600531387054,0,677.27561646135473,0,0,677.27561646135473,954.68334062854115,37.105674384194458,4.1850402125548216
2.0000000000000003e-06,1.2226676883648686,0,-1.2226676883648686,-1.2226676883648686,0,372.16537607663628,0,0,372.16537607663628,1117.6234184055852,20.565672613473936,4.8906707534594744
2.3333333333333336e-06,1.2827297854591488,-1.2827297854591488,0,0,-1.2827297854591488,0,7.0353289035546167,7.0353289035546167,0,1173.3809234757443,-0.0084209665446295379,5.1309191418365954
2.6666666666666668e-06,1.3417714356559003,-1.3417714356559003,0,0,-1.3417714356559003,0,351.64795823042198,351.64795823042198,0,1119.9302569869997,-18.908162487902302,5.3670857426236012
3.0000000000000001e-06,1.5058175563568295,-1.5058175563568295,0,0,-1.5058175563568295,0,627.24603575361925,627.24603575361925,0,970.28723598112276,-34.054420309548604,6.0232702254273178
3.3333333333333333e-06,1.741999003874777,-1.741999003874777,0,0,-1.741999003874777,0,778.6805529683586,778.6805529683586,0,754.1372367463523,-42.447765253474586,6.9679960154991081
3.666666666666667e-06,2.0029780420899796,-2.0029780420899796,0,0,-2.0029780420899796,0,775.42943156244814,775.42943156244814,0,514.33029226224335,-42.428124099801749,8.0119121683599186
4.0000000000000007e-06,2.2363351807387972,-2.2363351807387972,0,0,-2.2363351807387972,0,617.63681130810528,617.63681130810528,0,298.38457783127296,-34.00323638223206,8.9453407229551889
4.3333333333333339e-06,2.394959535669908,-2.394959535669908,0,0,-2.394959535669908,0,336.07298242100319,336.07298242100319,0,149.06809158208816,-18.84647943400806,9.5798381426796322
4.6666666666666672e-06,2.4461305983719384,0,-2.4461305983719384,-2.4461305983719384,0,11.405381328785749,0,0,11.405381328785749,99.665331327006726,-0.088255968759486159,9.7845223934877534
5.0000000000000004e-06,2.4947154968048402,0,-2.4947154968048402,-2.4947154968048402,0,294.90072729120533,0,0,294.90072729120533,143.42951711278096,15.576682774796048,9.9788619872193607
5.3333333333333337e-06,2.5299176348146211,-2.5299176348146211,0,0,-2.5299176348146211,0,194.05571306847042,194.05571306847042,0,116.19499706638035,-11.060210212307716,10.119670539258484
5.6666666666666669e-06,2.6598298156017197,-2.6598298156017197,0,0,-2.6598298156017197,0,592.19190238382123,592.19190238382123,0,-8.2556423005311537,-32.986177384222799,10.639319262406879
6.0000000000000002e-06,2.9041203221945846,-2.9041203221945846,0,0,-2.9041203221945846,0,870.10133995248327,870.10133995248327,0,-238.12719402315528,-48.372783017521755,11.616481288778338
6.3333333333333334e-06,3.2124121585321634,-3.2124121585321634,0,0,-3.2124121585321634,0,971.78827263469157,971.78827263469157,0,-527.86156075077395,-54.174482965443616,12.849648634128654
6.6666666666666666e-06,3.5213448638511404,-3.5213448638511404,0,0,-3.5213448638511404,0,876.20308547488276,876.20308547488276,0,-820.06119680593872,-49.246311046548556,14.085379455404562
7.0000000000000007e-06,3.7671370055943725,-3.7671370055943725,0,0,-3.7671370055943725,0,601.40069521341456,601.40069521341456,0,-1056.867931613458,-34.570042709408696,15.06854802237749
7.333333333333334e-06,3.8982274258216121,-3.8982274258216121,0,0,-3.8982274258216121,0,200.94811375844239,200.94811375844239,0,-1191.4286981070682,-13.058821680239276,15.592909703286448
7.6666666666666672e-06,3.9201183780697018,0,-3.9201183780697018,-3.9201183780697018,0,180.48340313844534,0,0,180.48340313844534,-1172.6941945590991,7.7726478897247659,15.680473512278807
8.0000000000000013e-06,4.0259094418169044,0,-4.0259094418169044,-4.0259094418169044,0,475.8638162353709,0,0,475.8638162353709,-1082.3194877750511,24.212076292915881,16.103637767267617
8.3333333333333337e-06,4.2166997727462068,0,-4.2166997727462068,-4.2166997727462068,0,682.84884437003393,0,0,682.84884437003393,-912.63264071317769,35.844414612043693,16.866799090984827
8.6666666666666678e-06,4.4552542920452716,0,-4.4552542920452716,-4.4552542920452716,0,759.11849198761229,0,0,759.11849198761229,-697.30157557401412,40.367841007958532,17.821017168181086
9.0000000000000002e-06,4.6944408590311983,0,-4.6944408590311983,-4.6944408590311983,0,688.27189285498093,0,0,688.27189285498093,-479.01825403190276,36.890168998540815,18.777763436124793
9.3333333333333343e-06,4.8865746136302279,0,-4.8865746136302279,-4.8865746136302279,0,483.06813546844739,0,0,483.06813546844739,-301.03507866531862,26.105106965896255,19.546298454520912
9.6666666666666667e-06,4.9928684826094525,0,-4.9928684826094525,-4.9928684826094525,0,182.88730002094999,0,0,182.88730002094999,-198.59349007478315,10.15417782906308,19.97147393043781
1.0000000000000001e-05,5.0226151543220992,0,-5.0226151543220992,-5.0226151543220992,0,198.92137879250762,0,0,198.92137879250762,-162.73226351278277,11.449864781859937,20.090460617288397
1.0333333333333333e-05,5.1501968409676229,0,-5.1501968409676229,-5.1501968409676229,0,593.04449318926174,0,0,593.04449318926174,-36.106879769466445,33.366752333933221,20.600787363870491
1.0666666666666667e-05,5.3905988130278697,0,-5.3905988130278697,-5.3905988130278697,0,865.62561074685311,0,0,865.62561074685311,195.68434986362135,48.672305603935001,21.562395252111479
1.1000000000000001e-05,5.6930534668658028,0,-5.6930534668658028,-5.6930534668658028,0,960.98173539200434,0,0,960.98173539200434,486.72439284803102,54.337885277649178,22.772213867463211
1.1333333333333334e-05,5.9939501836111369,0,-5.9939501836111369,-5.9939501836111369,0,858.57647370680479,0,0,858.57647370680479,779.38310167841178,49.246332944924802,23.975800734444547
1.1666666666666668e-05,6.2294483717829197,0,-6.2294483717829197,-6.2294483717829197,0,577.07701914942322,0,0,577.07701914942322,1015.7420638194596,34.412619585436516,24.917793487131679
1.2e-05,6.3481315163011249,0,-6.3481315163011249,-6.3481315163011249,0,170.64071409100433,0,0,170.64071409100433,1149.072180642801,12.781891482723502,25.3925260652045
1.2333333333333334e-05,6.3610616442040397,-6.3610616442040397,0,0,-6.3610616442040397,0,168.58201690686647,168.58201690686647,0,1136.6208675256228,-5.845733662373874,25.444246576816159
1.2666666666666667e-05,6.4507636183142552,-6.4507636183142552,0,0,-6.4507636183142552,0,412.73021432486053,412.73021432486053,0,1064.4476966099232,-19.696622027995758,25.803054473257021
1.3000000000000001e-05,6.6109314238736996,-6.6109314238736996,0,0,-6.6109314238736996,0,584.90803021595627,584.90803021595627,0,925.06517718576117,-29.633993115583849,26.443725695494798
1.3333333333333333e-05,6.8109627705109146,-6.8109627705109146,0,0,-6.8109627705109146,0,648.98127651879918,648.98127651879918,0,746.14151561557617,-33.692349159425532,27.243851082043658
1.3666666666666667e-05,7.0116855186139491,-7.0116855186139491,0,0,-7.0116855186139491,0,590.25111385039804,590.25111385039804,0,563.15749759175355,-31.07197318596171,28.046742074455796
1.4000000000000001e-05,7.1731242471606524,-7.1731242471606524,0,0,-7.1731242471606524,0,418.35967121024555,418.35967121024555,0,412.37237524960028,-22.296957429762429,28.69249698864261
1.4333333333333334e-05,7.2624233633944009,-7.2624233633944009,0,0,-7.2624233633944009,0,165.37097005235026,165.37097005235026,0,323.63819733290785,-9.1108356623465454,29.049693453577603
1.4666666666666668e-05,7.2630907205903545,0,-7.2630907205903545,-7.2630907205903545,0,35.111626140595888,0,0,35.111626140595888,323.41547655797109,1.7244390308434401,29.052362882361418
1.5e-05,7.2782116697862183,0,-7.2782116697862183,-7.2782116697862183,0,111.1924657667924,0,0,111.1924657667924,346.60698446160984,6.4845952764571493,29.112846679144873
1.5333333333333334e-05,7.3263395491854872,-7.3263395491854872,0,0,-7.3263395491854872,0,417.25582944903971,417.25582944903971,0,272.25977379768017,-22.749295722795907,29.305358196741949
1.5666666666666667e-05,7.5278612580373059,-7.5278612580373059,0,0,-7.5278612580373059,0,829.57257546967082,829.57257546967082,0,78.424074906889217,-45.855181800529493,30.111445032149224
1.6000000000000003e-05,7.8405789543958653,-7.8405789543958653,0,0,-7.8405789543958653,0,1074.8462312065935,1074.8462312065935,0,-220.30335208517269,-59.875037263812459,31.362315817583461
1.6333333333333335e-05,8.1991100378213186,-8.1991100378213186,0,0,-8.1991100378213186,0,1102.1123379669873,1102.1123379669873,0,-564.74629324222076,-62.036739191716919,32.796440151285275
1.6666666666666667e-05,8.5282164325011163,-8.5282164325011163,0,0,-8.5282164325011163,0,903.63357637873969,903.63357637873969,0,-886.7067114034852,-51.919115461270735,34.112865730004465
1.7e-05,8.7577212317261441,-8.7577212317261441,0,0,-8.7577212317261441,0,516.41764761879585,516.41764761879585,0,-1122.4827588498572,-31.534502410361725,35.030884926904577
1.7333333333333336e-05,8.8364170515793585,-8.8364170515793585,0,0,-8.8364170515793585,0,14.867577724301839,14.867577724301839,0,-1225.4905912034146,-4.92902959719782,35.345668206317434
1.7666666666666668e-05,8.8688366118413384,0,-8.8688366118413384,-8.8688366118413384,0,276.93945903154935,0,0,276.93945903154935,-1202.0656767812327,11.683730847073512,35.475346447365354
1.8e-05,8.9915319176387563,0,-8.9915319176387563,-8.9915319176387563,0,518.82731290144829,0,0,518.82731290144829,-1096.6521663695157,25.623859787606634,35.966127670555025
1.8333333333333333e-05,9.180254791477612,0,-9.180254791477612,-9.180254791477612,0,667.20462451534422,0,0,667.20462451534422,-926.83659373361195,34.478629659237214,36.721019165910448
1.8666666666666669e-05,9.3977833347684481,0,-9.3977833347684481,-9.3977833347684481,0,689.90740241626054,0,0,689.90740241626054,-726.29919235387536,36.49835709479288,37.591133339073792
1.9000000000000001e-05,9.600269841026476,0,-9.600269841026476,-9.600269841026476,0,579.68889190440541,0,0,579.68889190440541,-534.7781742159832,31.288506810324364,38.401079364105904
1.9333333333333333e-05,9.7459340972685435,0,-9.7459340972685435,-9.7459340972685435,0,355.64747645096406,0,0,355.64747645096406,-390.19262685392073,19.887353177886652,38.983736389074174
1.9666666666666669e-05,9.8033441023501684,0,-9.8033441023501684,-9.8033441023501684,0,59.433289443922206,0,0,59.433289443922206,-321.12893659922383,4.5596763008331234,39.213376409400674
2.0000000000000002e-05,9.84628571780455,0,-9.84628571780455,-9.84628571780455,0,366.14750721810657,0,0,366.14750721810657,-259.89493446364355,22.109012987838199,39.3851428712182
2.0333333333333334e-05,10.020662517295694,0,-10.020662517295694,-10.020662517295694,0,738.92954111791164,0,0,738.92954111791164,-75.177187969804805,43.270325584511227,40.082650069182776
2.0666666666666666e-05,10.294535427361897,0,-10.294535427361897,-10.294535427361897,0,954.33522786578578,0,0,954.33522786578578,204.9249389630713,55.869889039566374,41.178141709447587
2.1000000000000002e-05,10.606691701016558,0,-10.606691701016558,-10.606691701016558,0,966.58783234037651,0,0,966.58783234037651,524.99477826009854,57.417620901045723,42.426766804066233
2.1333333333333335e-05,10.887317021934541,0,-10.887317021934541,-10.887317021934541,0,770.1976049918236,0,0,770.1976049918236,821.735770685999,47.614487571055122,43.549268087738163
2.1666666666666667e-05,11.071839065549508,0,-11.071839065549508,-11.071839065549508,0,401.03575534871419,0,0,401.03575534871419,1036.5176876468047,28.41091920310852,44.287356262198031
2.2000000000000003e-05,11.109979949877797,-11.109979949877797,0,0,-11.109979949877797,0,28.702649812620585,28.702649812620585,0,1114.8211905520645,5.6335583726619216,44.439919799511188
2.2333333333333335e-05,11.136243380967699,-11.136243380967699,0,0,-11.136243380967699,0,217.75278379359898,217.75278379359898,0,1114.8765553734818,-5.6102933701025677,44.544973523870794
2.2666666666666668e-05,11.223095618135261,-11.223095618135261,0,0,-11.223095618135261,0,385.97603201083916,385.97603201083916,0,1054.5922127678755,-15.72336412967671,44.892382472541044
2.3e-05,11.357169773464065,-11.357169773464065,0,0,-11.357169773464065,0,496.61032489671152,496.61032489671152,0,946.00873354760972,-22.705816382147603,45.42867909385626
2.3333333333333336e-05,11.514596393864494,-11.514596393864494,0,0,-11.514596393864494,0,524.31487960982361,524.31487960982361,0,810.71221586972297,-25.178967061732749,46.058385575457976
2.3666666666666668e-05,11.665737768004716,-11.665737768004716,0,0,-11.665737768004716,0,460.18925895921245,460.18925895921245,0,675.55296612770201,-22.658256488803019,46.662951072018863
2.4000000000000001e-05,11.781064071929006,-11.781064071929006,0,0,-11.781064071929006,0,313.53256621241337,313.53256621241337,0,567.32264317118143,-15.648926610757698,47.124256287716022
2.4333333333333336e-05,11.837006455026874,-11.837006455026874,0,0,-11.837006455026874,0,109.99541321002735,109.99541321002735,0,507.44508069615665,-5.5455164135972446,47.348025820107495
2.4666666666666669e-05,11.820940965863185,-3.6892408101235397,-8.1317001557396438,-8.1317001557396438,-3.6892408101235397,0,0,0,0,508.00815990050182,0.15203165385072331,47.283763863452741
2.5000000000000001e-05,11.805190214076669,-11.805190214076669,0,0,-11.805190214076669,0,0,0,0,509.88637185693756,0.5228491033454058,47.220760856306676
2.5333333333333334e-05,11.881978413461772,-11.881978413461772,0,0,-11.881978413461772,0,545.98387878920187,545.98387878920187,0,425.91467689475871,-30.24271417206964,47.527913653847087
2.5666666666666669e-05,12.125100419542868,-12.125100419542868,0,0,-12.125100419542868,0,981.82439544123861,981.82439544123861,0,185.0258463360843,-55.016407095695826,48.500401678171471
2.6000000000000002e-05,12.481740489377069,-12.481740489377069,0,0,-12.481740489377069,0,1217.3829262213662,1217.3829262213662,0,-165.06778703394079,-68.895387673021759,49.926961957508276
2.6333333333333334e-05,12.875345245178407,-12.875345245178407,0,0,-12.875345245178407,0,1202.2525516306976,1202.2525516306976,0,-555.05464393442401,-69.13765684060337,51.501380980713627
2.6666666666666667e-05,13.220807743226947,-13.220807743226947,0,0,-13.220807743226947,0,935.73368539506305,935.73368539506305,0,-907.76738550464222,-55.704599844939906,52.883230972907789
2.7000000000000002e-05,13.441341370553932,-13.441341370553932,0,0,-13.441341370553932,0,466.95550711425722,466.95550711425722,0,-1153.4778598430564,-31.26759745370984,53.765365482215728
2.7333333333333335e-05,13.479363834677454,0,-13.479363834677454,-13.479363834677454,0,45.429912576637641,0,0,45.429912576637641,-1225.7571339590627,-4.0161517257838666,53.917455338709814
2.7666666666666667e-05,13.514316159724915,0,-13.514316159724915,-13.514316159724915,0,270.4555783902797,0,0,270.4555783902797,-1210.568411574418,9.3889994171835838,54.05726463889966
2.8000000000000003e-05,13.61974008564245,0,-13.61974008564245,-13.61974008564245,0,460.98806140491024,0,0,460.98806140491024,-1124.9295019444128,20.919390771206636,54.478960342569799
2.8333333333333335e-05,13.776753580622747,0,-13.776753580622747,-13.776753580622747,0,575.12275111312124,0,0,575.12275111312124,-985.87561200543553,28.295398245535083,55.10701432249099
2.8666666666666668e-05,13.954869443178993,0,-13.954869443178993,-13.954869443178993,0,586.10852464855191,0,0,586.10852464855191,-820.99495021689359,30.061531994431704,55.81947777271597
2.9e-05,14.118042808328035,0,-14.118042808328035,-14.118042808328035,0,487.64521541970794,0,0,487.64521541970794,-662.95762475836852,25.874547522215266,56.472171233312139
2.9333333333333336e-05,14.231818372982216,0,-14.231818372982216,-14.231818372982216,0,295.12633764293662,0,0,295.12633764293662,-543.03959198994926,16.571035699635679,56.927273491928865
2.9666666666666668e-05,14.270160571377541,0,-14.270160571377541,-14.270160571377541,0,42.582356873742981,0,0,42.582356873742981,-484.92538133955861,4.0011823231880204,57.080642285510166
3.0000000000000001e-05,14.317021616532596,0,-14.317021616532596,-14.317021616532596,0,416.21617905659991,0,0,416.21617905659991,-411.48130330199297,25.575366686890305,57.268086466130384
3.0333333333333337e-05,14.507702623458734,0,-14.507702623458734,-14.507702623458734,0,819.70272193580752,0,0,819.70272193580752,-201.3839022260037,48.78778924227197,58.030810493834935
3.0666666666666669e-05,14.804920306767922,0,-14.804920306767922,-14.804920306767922,0,1045.866424628588,0,0,1045.866424628588,112.61931329079684,62.352590681003107,59.219681227071689
3.1000000000000001e-05,15.140104634876558,0,-15.140104634876558,-15.140104634876558,0,1045.4519791561306,0,0,1045.4519791561306,468.44052913674193,63.590309566188239,60.56041853950623
3.1333333333333334e-05,15.43570280188934,0,-15.43570280188934,-15.43570280188934,0,814.13890735487121,0,0,814.13890735487121,795.75615267866363,52.265311944160572,61.742811207557359
3.1666666666666666e-05,15.620558632749786,0,-15.620558632749786,-15.620558632749786,0,393.3827118240103,0,0,393.3827118240103,1029.945657606989,30.631544646295794,62.482234530999143
3.2000000000000005e-05,15.637931483240367,-15.637931483240367,0,0,-15.637931483240367,0,33.398005173701939,33.398005173701939,0,1109.0393859027749,7.9951265244852205,62.551725932961467
3.2333333333333338e-05,15.649549071289204,-15.649549071289204,0,0,-15.649549071289204,0,163.72196810275992,163.72196810275992,0,1130.4088844537291,-0.42732777920501519,62.598196285156817
3.266666666666667e-05,15.705101588087739,-15.705101588087739,0,0,-15.705101588087739,0,292.0200799822577,292.0200799822577,0,1104.4914849585709,-8.742154257697905,62.820406352350957
3.3000000000000003e-05,15.798728886988988,-15.798728886988988,0,0,-15.798728886988988,0,388.10580848346149,388.10580848346149,0,1036.536169206923,-15.306946961789322,63.194915547955951
3.3333333333333335e-05,15.915433274681543,-15.915433274681543,0,0,-15.915433274681543,0,428.18091818102448,428.18091818102448,0,940.09111095118806,-18.826730511387794,63.661733098726174
3.3666666666666667e-05,16.034055354021167,-16.034055354021167,0,0,-16.034055354021167,0,399.55145446471681,399.55145446471681,0,834.31569028890806,-18.610445366740748,64.136221416084666
3.4e-05,16.131470573164794,-16.131470573164794,0,0,-16.131470573164794,0,303.14141163304146,303.14141163304146,0,740.1815995950293,-14.707658320704496,64.525882292659176
3.4333333333333332e-05,16.187174392555683,-16.187174392555683,0,0,-16.187174392555683,0,153.30680410332562,153.30680410332562,0,676.31628350507947,-7.8984527273273599,64.748697570222731
3.4666666666666671e-05,16.184297697998971,-9.4831480968940376,-6.701149601104933,-6.701149601104933,-9.4831480968940376,0,0,0,0,657.61447068995562,-0.74311306862473347,64.737190791995886
3.5000000000000004e-05,16.162733014052371,-16.162733014052371,0,0,-16.162733014052371,0,0,0,0,652.85233206284147,-0.9680276845538347,64.650932056209484
3.5333333333333336e-05,16.239035710955875,-16.239035710955875,0,0,-16.239035710955875,0,576.3788253651976,576.3788253651976,0,554.74195716328757,-33.75758783842582,64.9561428438235
3.5666666666666669e-05,16.489875569340828,-16.489875569340828,0,0,-16.489875569340828,0,1030.0227429017175,1030.0227429017175,0,290.21695006190691,-59.86905444667866,65.959502277363313
3.6000000000000001e-05,16.857339322236033,-16.857339322236033,0,0,-16.857339322236033,0,1265.9533614601653,1265.9533614601653,0,-88.388382807269039,-74.136183254274187,67.429357288944132
3.6333333333333333e-05,17.258729672386259,-17.258729672386259,0,0,-17.258729672386259,0,1232.385853620952,1232.385853620952,0,-506.18405590843065,-73.741850443564232,69.034918689545037
3.6666666666666666e-05,17.602969866053023,-17.602969866053023,0,0,-17.602969866053023,0,930.97696356366873,930.97696356366873,0,-880.57366789614582,-58.775408201065773,70.411879464212092
3.7000000000000005e-05,17.808663336323974,-17.808663336323974,0,0,-17.808663336323974,0,416.47870688466486,416.47870688466486,0,-1137.625100650474,-32.213858347806834,71.234653345295897
3.7333333333333337e-05,17.817188894760754,0,-17.817188894760754,-17.817188894760754,0,54.823538488055071,0,0,54.823538488055071,-1206.7172776773045,-6.9981167062839216,71.268755579043017
3.766666666666667e-05,17.838441716756353,0,-17.838441716756353,-17.838441716756353,0,216.35383439405476,0,0,216.35383439405476,-1217.1265249532732,3.309642340535369,71.353766867025413
3.8000000000000002e-05,17.912434314198588,0,-17.912434314198588,-17.912434314198588,0,365.38390090973553,0,0,365.38390090973553,-1171.2061091617313,12.939861720131987,71.649737256794353
3.8333333333333334e-05,18.028936893806836,0,-18.028936893806836,-18.028936893806836,0,466.95360566848751,0,0,466.95360566848751,-1078.1593136480108,19.99042213284892,72.115747575227346
3.8666666666666667e-05,18.167483098637518,0,-18.167483098637518,-18.167483098637518,0,495.51582220964474,0,0,495.51582220964474,-956.4913819661748,23.07113669302197,72.669932394550074
3.8999999999999999e-05,18.301430742516043,0,-18.301430742516043,-18.301430742516043,0,439.99815918920444,0,0,439.99815918920444,-830.3388330138938,21.579040400083628,73.205722970064173
3.9333333333333338e-05,18.40324574345712,0,-18.40324574345712,-18.40324574345712,0,305.99432670548765,0,0,305.99432670548765,-724.68427037613799,15.817572388744402,73.61298297382848
3.9666666666666671e-05,18.449961682348729,0,-18.449961682348729,-18.449961682348729,0,114.65198482191548,0,0,114.65198482191548,-660.40538123242152,6.9360929559164504,73.799846729394915
4.0000000000000003e-05,18.470269983202098,0,-18.470269983202098,-18.470269983202098,0,256.86162162417907,0,0,256.86162162417907,-609.32863586902533,16.243173236755354,73.88107993280839
4.0333333333333336e-05,18.616177300863928,0,-18.616177300863928,-18.616177300863928,0,747.7135919836951,0,0,747.7135919836951,-437.52430875447561,44.566727947710092,74.464709203455712
4.0666666666666668e-05,18.900928009021719,0,-18.900928009021719,-18.900928009021719,0,1076.6377066608661,0,0,1076.6377066608661,-130.56794154389846,64.079632043306617,75.603712036086876
4.1e-05,19.257456338544355,0,-19.257456338544355,-19.257456338544355,0,1172.7287816496828,0,0,1172.7287816496828,250.85467366836187,70.924792667032989,77.029825354177419
4.1333333333333333e-05,19.60258802827396,0,-19.60258802827396,-19.60258802827396,0,1011.2660272204108,0,0,1011.2660272204108,631.35943356277505,63.756900978973704,78.41035211309584
4.1666666666666672e-05,19.853537705614151,0,-19.853537705614151,-19.853537705614151,0,618.59703031496815,0,0,618.59703031496815,935.80805539222126,44.008059634487594,79.414150822456605
4.2000000000000004e-05,19.944323809369294,0,-19.944323809369294,-19.944323809369294,0,66.89977674346602,0,0,66.89977674346602,1104.1977349289291,15.602916770878593,79.777295237477176
4.2333333333333337e-05,19.919858986408393,-19.919858986408393,0,0,-19.919858986408393,0,69.82241736093566,69.82241736093566,0,1150.1798986470922,6.8405180562728942,79.679435945633571
4.2666666666666669e-05,19.932573371576897,-19.932573371576897,0,0,-19.932573371576897,0,167.86447130020329,167.86447130020329,0,1168.9802579511243,-0.18231047394630906,79.730293486307588
4.3000000000000002e-05,19.978479177486893,-19.978479177486893,0,0,-19.978479177486893,0,264.82025075508238,264.82025075508238,0,1148.2596517879094,-7.1483796743824684,79.913916709947571
4.3333333333333334e-05,20.052886544344187,-20.052886544344187,0,0,-20.052886544344187,0,335.4462817389192,335.4462817389192,0,1092.2204993716307,-12.683938433840595,80.211546177376746
4.3666666666666666e-05,20.143443672901881,-20.143443672901881,0,0,-20.143443672901881,0,359.72115649612954,359.72115649612954,0,1012.0255147563587,-15.699240552616089,80.573774691607525
4.4000000000000006e-05,20.232588909071314,-20.232588909071314,0,0,-20.232588909071314,0,326.81415916099536,326.81415916099536,0,923.58297618888071,-15.604384030097009,80.930355636285256
4.4333333333333338e-05,20.301035321168467,-20.301035321168467,0,0,-20.301035321168467,0,237.23107120330147,237.23107120330147,0,844.39245075648898,-12.426014766081437,81.204141284673867
4.466666666666667e-05,20.331596842085748,-20.331596842085748,0,0,-20.331596842085748,0,102.71262769559567,102.71262769559567,0,790.07640877252061,-6.8018059466343672,81.326387368342992
4.5000000000000003e-05,20.345675857438216,-20.345675857438216,0,0,-20.345675857438216,0,211.36436733208893,211.36436733208893,0,739.04806655589982,-14.437442199987146,81.382703429752866
4.5333333333333335e-05,20.484004443883435,-20.484004443883435,0,0,-20.484004443883435,0,762.75780680011974,762.75780680011974,0,567.67758094432827,-46.219437150879372,81.936017775533742
4.5666666666666668e-05,20.780709072944923,-20.780709072944923,0,0,-20.780709072944923,0,1146.2798193364222,1146.2798193364222,0,242.52758240240905,-68.866905041500786,83.122836291779691
4.6e-05,21.164751233826625,-21.164751233826625,0,0,-21.164751233826625,0,1279.6194197369944,1279.6194197369944,0,-172.13297005133708,-77.902352503980723,84.659004935306498
4.6333333333333339e-05,21.545708469136951,-21.545708469136951,0,0,-21.545708469136951,0,1130.095020858816,1130.095020858816,0,-594.36045564601238,-71.547429512138137,86.182833876547804
4.6666666666666672e-05,21.831710522750164,-21.831710522750164,0,0,-21.831710522750164,0,721.11495189904167,721.11495189904167,0,-940.78172639877005,-51.074299035404067,87.326842091000657
4.7000000000000004e-05,21.947656543360523,-21.947656543360523,0,0,-21.947656543360523,0,127.52030512827088,127.52030512827088,0,-1143.1162648077438,-20.552360535427965,87.790626173442092
4.7333333333333336e-05,21.915569943481984,0,-21.915569943481984,-21.915569943481984,0,66.631170652189482,0,0,66.631170652189482,-1195.9383855335132,-8.8268445308322576,87.662279773927935
4.7666666666666669e-05,21.92542781574333,0,-21.92542781574333,-21.92542781574333,0,170.94218816458547,0,0,170.94218816458547,-1224.5204950078992,-1.2943450279604676,87.701711262973319
4.8000000000000001e-05,21.971516830827515,0,-21.971516830827515,-21.971516830827515,0,279.4454745489345,0,0,279.4454745489345,-1209.8890189908643,6.4690841884734382,87.886067323310058
4.8333333333333334e-05,22.050441293207392,0,-22.050441293207392,-22.050441293207392,0,364.00409035789971,0,0,364.00409035789971,-1155.0655977270123,12.93224221044882,88.201765172829568
4.8666666666666673e-05,22.150081241547003,0,-22.150081241547003,-22.150081241547003,0,401.22975288310442,0,0,401.22975288310442,-1070.9946346250949,16.822185595173352,88.600324966188012
4.9000000000000005e-05,22.251998695152604,0,-22.251998695152604,-22.251998695152604,0,377.11915479136849,0,0,377.11915479136849,-974.37145214198881,17.376380863361646,89.007994780610417
4.9333333333333338e-05,22.335096115230911,0,-22.335096115230911,-22.335096115230911,0,289.82870576456287,0,0,289.82870576456287,-884.3316601696539,14.493613670067646,89.340384460923644
4.966666666666667e-05,22.379801610693029,0,-22.379801610693029,-22.379801610693029,0,150.03854848802578,0,0,150.03854848802578,-818.65823259298429,8.7537883321804877,89.519206442772116
5.0000000000000002e-05,22.381461008807815,0,-22.381461008807815,-22.381461008807815,0,71.906266617106667,0,0,71.906266617106667,-780.48069672253735,6.3775945284849378,89.525844035231259
5.0333333333333335e-05,22.472186882167669,0,-22.472186882167669,-22.472186882167669,0,637.47572525108023,0,0,637.47572525108023,-651.99234183907174,39.101865657757557,89.888747528670677
5.0666666666666667e-05,22.730568602109983,0,-22.730568602109983,-22.730568602109983,0,1061.1127996193898,0,0,1061.1127996193898,-360.41422675492026,64.10226541768958,90.922274408439932
5.1000000000000006e-05,23.09289179981652,0,-23.09289179981652,-23.09289179981652,0,1251.9370182893531,0,0,1251.9370182893531,36.638873207804266,76.435156600042234,92.371567199266082
5.1333333333333339e-05,23.472562217771461,0,-23.472562217771461,-23.472562217771461,0,1165.2590681809952,0,0,1165.2590681809952,460.71506804596299,73.66905185640303,93.890248871085845
5.1666666666666671e-05,23.777285079435682,0,-23.777285079435682,-23.777285079435682,0,811.42247621950969,0,0,811.42247621950969,828.07974771725333,56.365485170359051,95.109140317742728
5.2000000000000004e-05,23.927368655754353,0,-23.927368655754353,-23.927368655754353,0,253.73618124894364,0,0,253.73618124894364,1066.3108393600446,27.966580360449839,95.709474623017414
5.2333333333333336e-05,23.887857471137977,-23.887857471137977,0,0,-23.887857471137977,0,14.088368466047077,14.088368466047077,0,1135.9476730153579,12.89631832315423,95.551429884551908
5.2666666666666668e-05,23.867634965190973,-23.867634965190973,0,0,-23.867634965190973,0,62.147378399199681,62.147378399199681,0,1195.7248533048726,8.2660906298050651,95.470539860763893
5.3000000000000001e-05,23.868939785322077,-23.868939785322077,0,0,-23.868939785322077,0,139.76950204167966,139.76950204167966,0,1224.789144171473,2.024792033490062,95.475759141288307
5.3333333333333333e-05,23.897932434065471,-23.897932434065471,0,0,-23.897932434065471,0,224.36707513648642,224.36707513648642,0,1217.5107301155915,-4.5981037661248152,95.591729736261883
5.3666666666666672e-05,23.952877763231722,-23.952877763231722,0,0,-23.952877763231722,0,291.97071332496,291.97071332496,0,1175.4196377831809,-10.297973847862153,95.811511052926889
5.4000000000000005e-05,24.024492973476427,-24.024492973476427,0,0,-24.024492973476427,0,321.98342601882041,321.98342601882041,0,1106.8998042678679,-13.953604207811829,96.097971893905708
5.4333333333333337e-05,24.097792386804542,-24.097792386804542,0,0,-24.097792386804542,0,301.26460348410706,301.26460348410706,0,1025.5250660542611,-14.849302941084574,96.391169547218169
5.466666666666667e-05,24.155062840940069,-24.155062840940069,0,0,-24.155062840940069,0,226.73482117173435,226.73482117173435,0,947.36734260665992,-12.816566960796287,96.620251363760275
5.5000000000000002e-05,24.179379642598324,-24.179379642598324,0,0,-24.179379642598324,0,105.98584152489209,105.98584152489209,0,887.810838826392,-8.2672594958721852,96.717518570393295
5.5333333333333334e-05,24.286158058733523,-24.286158058733523,0,0,-24.286158058733523,0,712.21593245054544,712.21593245054544,0,741.95163366468842,-43.360482178531299,97.144632234934093
5.5666666666666667e-05,24.571739709104776,-24.571739709104776,0,0,-24.571739709104776,0,1161.028704810519,1161.028704810519,0,421.99698076140737,-69.887370368263475,98.286958836419103
5.6000000000000006e-05,24.966209328148384,-24.966209328148384,0,0,-24.966209328148384,0,1356.0003530894203,1356.0003530894203,0,-8.8256658144640348,-82.60272546173735,99.864837312593536
5.6333333333333338e-05,25.375608564845713,-25.375608564845713,0,0,-25.375608564845713,0,1251.0688161523769,1251.0688161523769,0,-465.38858554092383,-79.000320258760439,101.50243425938285
5.6666666666666671e-05,25.700575862047632,-25.700575862047632,0,0,-25.700575862047632,0,859.64616957630574,859.64616957630574,0,-857.54151061139953,-59.808493938964205,102.80230344819053
5.7000000000000003e-05,25.856051145832517,-25.856051145832517,0,0,-25.856051145832517,0,251.94168437403249,251.94168437403249,0,-1107.9781397794059,-28.844572144118423,103.42420458333007
5.7333333333333336e-05,25.811523021127975,0,-25.811523021127975,-25.811523021127975,0,15.537733903564975,0,0,15.537733903564975,-1180.0167406570374,-13.617998423329224,103.2460920845119
5.7666666666666668e-05,25.789810544452525,0,-25.789810544452525,-25.789810544452525,0,67.47327591799754,0,0,67.47327591799754,-1242.8168431525528,-8.6145489721147577,103.1592421778101
5.8e-05,25.791169218822031,0,-25.791169218822031,-25.791169218822031,0,150.22125057468693,0,0,150.22125057468693,-1272.6030647012751,-1.9319725454963255,103.16467687528812
5.833333333333334e-05,25.821910485517783,0,-25.821910485517783,-25.821910485517783,0,239.59888666954421,0,0,239.59888666954421,-1263.6063764989076,5.1134235957232548,103.28764194207113
5.8666666666666672e-05,25.87992116530954,0,-25.87992116530954,-25.87992116530954,0,310.11071498488855,0,0,310.11071498488855,-1217.6976636809713,11.133936691103351,103.51968466123816
5.9000000000000004e-05,25.955086842294264,0,-25.955086842294264,-25.955086842294264,0,340.00536733722811,0,0,340.00536733722811,-1144.0140671480324,14.945488542275328,103.82034736917706
5.9333333333333337e-05,26.031301974231255,0,-26.031301974231255,-26.031301974231255,0,315.58847191626899,0,0,315.58847191626899,-1057.145560585421,15.802188217771892,104.12520789692502
5.9666666666666669e-05,26.089667778915107,0,-26.089667778915107,-26.089667778915107,0,233.93725508254798,0,0,233.93725508254798,-974.24167658663362,13.543970352103152,104.35867111566043
6.0000000000000002e-05,26.112243720718247,0,-26.112243720718247,-26.112243720718247,0,103.47951724159694,0,0,103.47951724159694,-911.61214832861822,8.6280853998556886,104.44897488287299
6.0333333333333334e-05,26.213800896025212,0,-26.213800896025212,-26.213800896025212,0,698.76330427144887,0,0,698.76330427144887,-764.94315943903109,43.286962955157264,104.85520358410085
6.0666666666666673e-05,26.490536684600038,0,-26.490536684600038,-26.490536684600038,0,1136.9883542336152,0,0,1136.9883542336152,-446.57984800109011,69.398464838027309,105.96214673840015
6.1000000000000005e-05,26.87292074600267,0,-26.87292074600267,-26.87292074600267,0,1323.2572305213541,0,0,1323.2572305213541,-19.408197435145578,81.800325615955046,107.49168298401068
6.1333333333333338e-05,27.267833273925824,0,-27.267833273925824,-27.267833273925824,0,1212.6623190301316,0,0,1212.6623190301316,432.19702779291868,78.049024495100895,109.0713330957033
6.166666666666667e-05,27.577039560218626,0,-27.577039560218626,-27.577039560218626,0,819.16987419891893,0,0,819.16987419891893,819.10061316749636,58.902961417693149,110.3081582408745
6.2000000000000003e-05,27.716672393074823,0,-27.716672393074823,-27.716672393074823,0,212.83377094289557,0,0,212.83377094289557,1065.0721364588003,28.170932330531649,110.86668957229929
6.2333333333333335e-05,27.665951734363247,-27.000795117299102,-0.66515661706414697,-0.66515661706414697,-27.000795117299102,0,0,0,0,1145.1762624369001,15.766610331866055,110.66380693745299
6.2666666666666668e-05,27.631017521971739,-27.631017521971739,0,0,-27.631017521971739,0,16.918514131005811,16.918514131005811,0,1221.5977164107935,12.497725811751559,110.52407008788695
6.3e-05,27.607527133085508,-27.607527133085508,0,0,-27.607527133085508,0,69.233854559035905,69.233854559035905,0,1277.5791985545827,7.3204874068317416,110.43010853234203
6.3333333333333332e-05,27.60647740875703,-27.60647740875703,0,0,-27.60647740875703,0,147.77517950791517,147.77517950791517,0,1300.272127019718,0.71436470560922416,110.42590963502812
6.3666666666666665e-05,27.632676139981413,-27.632676139981413,0,0,-27.632676139981413,0,228.65231402309965,228.65231402309965,0,1285.2767919922167,-6.0201718580264796,110.53070455992565
6.4000000000000011e-05,27.682752334484739,-27.682752334484739,0,0,-27.682752334484739,0,287.51629091175573,287.51629091175573,0,1235.6126821013793,-11.557697554485635,110.73100933793896
6.4333333333333343e-05,27.745830083326773,-27.745830083326773,0,0,-27.745830083326773,0,304.3888906620075,304.3888906620075,0,1161.1173199833245,-14.810493830026815,110.98332033330709
6.4666666666666675e-05,27.805690790627754,-27.805690790627754,0,0,-27.805690790627754,0,267.6241822152042,267.6241822152042,0,1076.4942448522581,-15.144002321019528,111.22276316251101
6.5000000000000008e-05,27.843994707887237,-27.843994707887237,0,0,-27.843994707887237,0,176.21734921289706,176.21734921289706,0,998.39748665799323,-12.502394668584664,111.37597883154895
6.533333333333334e-05,27.972114896131572,-27.972114896131572,0,0,-27.972114896131572,0,796.44413814103916,796.44413814103916,0,825.57852059594177,-48.668125682475534,111.88845958452629
6.5666666666666673e-05,28.28052678040126,-28.28052678040126,0,0,-28.28052678040126,0,1240.0314260635271,1240.0314260635271,0,475.5602925290392,-75.221332055163657,113.12210712160504
6.6000000000000005e-05,28.692789403437075,-28.692789403437075,0,0,-28.692789403437075,0,1410.4920878305272,1410.4920878305272,0,17.492235662342548,-86.913213389490295,114.7711576137483
6.6333333333333337e-05,29.109054143596726,-29.109054143596726,0,0,-29.109054143596726,0,1265.5257932641425,1265.5257932641425,0,-458.14341017130994,-81.441971015984279,116.4362165743869
6.666666666666667e-05,29.425873277267087,-29.425873277267087,0,0,-29.425873277267087,0,825.38503009263968,825.38503009263968,0,-857.47015816975716,-59.907811425880908,117.70349310906835
6.7000000000000002e-05,29.556715569304579,-29.556715569304579,0,0,-29.556715569304579,0,168.84198429187421,168.84198429187421,0,-1101.8215424299196,-26.593609563786117,118.22686227721832
6.7333333333333335e-05,29.502028462543453,-0.65328305536931985,-28.848745407174132,-28.848745407174132,-0.65328305536931985,0,0,0,0,-1183.6835949013264,-16.183763604608711,118.00811385017381
6.7666666666666667e-05,29.464737185074632,0,-29.464737185074632,-29.464737185074632,0,17.693025546200282,0,0,17.693025546200282,-1261.7746475660726,-12.717023243915914,117.85894874029853
6.7999999999999999e-05,29.439334900346054,0,-29.439334900346054,-29.439334900346054,0,71.712710009752783,0,0,71.712710009752783,-1318.2972552485442,-7.2925860486125735,117.75733960138422
6.8333333333333332e-05,29.436955676768182,0,-29.436955676768182,-29.436955676768182,0,151.87886638687567,0,0,151.87886638687567,-1340.147366176787,-0.4437362315604112,117.74782270707273
6.8666666666666664e-05,29.462231825886775,0,-29.462231825886775,-29.462231825886775,0,233.42947105244278,0,0,233.42947105244278,-1323.0847380725902,6.481561685895997,117.8489273035471
6.900000000000001e-05,29.511353839017644,0,-29.511353839017644,-29.511353839017644,0,291.33335910955361,0,0,291.33335910955361,-1270.5275615354608,12.120703364446392,118.04541535607058
6.9333333333333343e-05,29.572831805834795,0,-29.572831805834795,-29.572831805834795,0,305.25515627239383,0,0,305.25515627239383,-1192.8722042252275,15.366468626285659,118.29132722333918
6.9666666666666675e-05,29.629780028748623,0,-29.629780028748623,-29.629780028748623,0,263.58774587864559,0,0,263.58774587864559,-1105.4303990432495,15.586332954747682,118.51912011499449
7.0000000000000007e-05,29.663271508108735,0,-29.663271508108735,-29.663271508108735,0,165.75352504586547,0,0,165.75352504586547,-1025.3931888628636,12.74762569276853,118.65308603243494
7.033333333333334e-05,29.784289070435811,0,-29.784289070435811,-29.784289070435811,0,778.75931656565513,0,0,778.75931656565513,-851.87150526799724,48.672485698530409,119.13715628174324
7.0666666666666672e-05,30.083193091270413,0,-30.083193091270413,-30.083193091270413,0,1215.2222159682835,0,0,1215.2222159682835,-502.49904658293724,74.989389342631483,120.33277236508165
7.1000000000000005e-05,30.483726443513987,0,-30.483726443513987,-30.483726443513987,0,1379.5282555040512,0,0,1379.5282555040512,-46.265461053988389,86.496948584880101,121.93490577405595
7.1333333333333337e-05,30.886487761106949,0,-30.886487761106949,-30.886487761106949,0,1230.0604451813626,0,0,1230.0604451813626,426.74554574210777,80.930454290024272,123.5459510444278
7.1666666666666669e-05,31.188652446236485,0,-31.188652446236485,-31.188652446236485,0,787.42971975040564,0,0,787.42971975040564,823.21568079512724,59.409533415363939,124.75460978494594
7.2000000000000002e-05,31.304365973476955,0,-31.304365973476955,-31.304365973476955,0,130.37117628093614,0,0,130.37117628093614,1065.0856313046172,26.214970310573783,125.21746389390782
7.2333333333333334e-05,31.248622308985357,-29.080300742195998,-2.1683215667893574,-2.1683215667893574,-29.080300742195998,0,0,0,0,1157.0902408002512,17.801485210854466,124.99448923594143
7.2666666666666667e-05,31.207091978948057,-31.207091978948057,0,0,-31.207091978948057,0,0.92352281843014894,0.92352281843014894,0,1248.7524514618194,15.287822738276189,124.82836791579223
7.2999999999999999e-05,31.16905003274502,-31.16905003274502,0,0,-31.16905003274502,0,28.551283178679739,28.551283178679739,0,1323.4528581478301,11.156219211789725,124.67620013098008
7.3333333333333331e-05,31.147491872077442,-31.147491872077442,0,0,-31.147491872077442,0,96.319200707943111,96.319200707943111,0,1368.6344870084442,4.8385659020786616,124.58996748830977
7.3666666666666677e-05,31.152129015541139,-31.152129015541139,0,0,-31.152129015541139,0,181.40714158787594,181.40714158787594,0,1375.4550250197044,-2.4227135232207857,124.60851606216455
7.400000000000001e-05,31.184346765517915,-31.184346765517915,0,0,-31.184346765517915,0,257.56536400727748,257.56536400727748,0,1342.6198834883257,-9.1986701564032245,124.73738706207166
7.4333333333333342e-05,31.236935809717771,-31.236935809717771,0,0,-31.236935809717771,0,300.32240654348675,300.32240654348675,0,1276.6358962309255,-14.157066901953534,124.94774323887108
7.4666666666666675e-05,31.295528668343,-31.295528668343,0,0,-31.295528668343,0,291.83857313515023,291.83857313515023,0,1190.5189643250121,-16.326341602034454,125.182114673372
7.5000000000000007e-05,31.341455670903812,-31.341455670903812,0,0,-31.341455670903812,0,224.44334768033733,224.44334768033733,0,1101.2123437102446,-15.287994851623964,125.36582268361525
7.5333333333333339e-05,31.483645888419392,-31.483645888419392,0,0,-31.483645888419392,0,858.59647931942231,858.59647931942231,0,909.67553879321292,-52.508021890689321,125.93458355367757
7.5666666666666672e-05,31.808502747430722,-31.808502747430722,0,0,-31.808502747430722,0,1302.2112951408144,1302.2112951408144,0,537.12004895605673,-79.359004834563564,127.23401098972289
7.6000000000000004e-05,32.234693949952124,-32.234693949952124,0,0,-32.234693949952124,0,1457.7450487654362,1457.7450487654362,0,57.132886849180892,-90.534581747008758,128.9387757998085
7.6333333333333337e-05,32.657631088626154,-32.657631088626154,0,0,-32.657631088626154,0,1284.8083761988164,1284.8083761988164,0,-435.4967486323352,-83.836734038547178,130.63052435450462
7.6666666666666669e-05,32.970218874291028,-32.970218874291028,0,0,-32.970218874291028,0,808.15201532527954,808.15201532527954,0,-843.5694524167485,-60.610161530222854,131.88087549716411
7.7000000000000001e-05,33.084094761314802,-33.084094761314802,0,0,-33.084094761314802,0,112.7418118311727,112.7418118311727,0,-1086.7379659279086,-25.474440578504861,132.33637904525921
7.7333333333333334e-05,33.026711769021084,-2.5063210942836722,-30.52039067473741,-30.52039067473741,-2.5063210942836722,0,0,0,0,-1179.9110060517994,-17.831354345473684,132.10684707608434
7.7666666666666666e-05,32.982705497362943,-0.2597806784666119,-32.722924818896331,-32.722924818896331,-0.2597806784666119,0,0,0,0,-1272.0638089427491,-15.2812146957201,131.93082198945177
7.7999999999999999e-05,32.941227567287115,0,-32.941227567287115,-32.941227567287115,0,21.659675496385063,0,0,21.659675496385063,-1345.0729488626812,-11.309552497862931,131.76491026914846
7.8333333333333345e-05,32.913428500607253,0,-32.913428500607253,-32.913428500607253,0,80.139276779149355,0,0,80.139276779149355,-1392.1325122923529,-5.3494147376842829,131.65371400242901
7.8666666666666677e-05,32.909027351271021,0,-32.909027351271021,-32.909027351271021,0,157.86407289901209,0,0,157.86407289901209,-1402.556732308213,1.6586719919371582,131.63610940508408
7.9000000000000009e-05,32.930223628299046,0,-32.930223628299046,-32.930223628299046,0,229.51805874380435,0,0,229.51805874380435,-1374.3182287825273,8.3364676277317429,131.72089451319619
7.9333333333333342e-05,32.970841707145176,0,-32.970841707145176,-32.970841707145176,0,270.99820656335248,0,0,270.99820656335248,-1312.9913698446951,13.371699730079236,131.88336682858071
7.9666666666666674e-05,33.017563156106803,0,-33.017563156106803,-33.017563156106803,0,264.195418326256,0,0,264.195418326256,-1230.6447921723184,15.778081801343838,132.07025262442721
8.0000000000000007e-05,33.052575712756251,0,-33.052575712756251,-33.052575712756251,0,200.58583230270577,0,0,200.58583230270577,-1143.4474272819873,15.09063202743085,132.21030285102501
8.0333333333333339e-05,33.185305357326946,0,-33.185305357326946,-33.185305357326946,0,839.36149660390038,0,0,839.36149660390038,-951.91079224078192,52.70632837477433,132.74122142930779
8.0666666666666671e-05,33.502194656471367,0,-33.502194656471367,-33.502194656471367,0,1287.0053150224742,0,0,1287.0053150224742,-577.21340663327192,79.919886150732395,134.00877862588547
8.1000000000000004e-05,33.921486249120377,0,-33.921486249120377,-33.921486249120377,0,1444.6651765778599,0,0,1444.6651765778599,-93.330707963443189,91.353660835826076,135.68594499648151
8.1333333333333336e-05,34.337788103138266,0,-34.337788103138266,-34.337788103138266,0,1271.0230916397261,0,0,1271.0230916397261,404.21538770079644,84.759058536157369,137.35115241255306
8.1666666666666669e-05,34.64298345254717,0,-34.64298345254717,-34.64298345254717,0,790.46604006760504,0,0,790.46604006760504,817.29377436700463,61.460925176081787,138.57193381018868
8.2000000000000001e-05,34.747674323699663,0,-34.747674323699663,-34.747674323699663,0,88.233094833142502,0,0,88.233094833142502,1064.6111920377914,26.093626935654012,138.99069729479865
8.2333333333333333e-05,34.690018412262511,-31.111091337852539,-3.5789270744099682,-3.5789270744099682,-31.111091337852539,0,0,0,0,1169.9134350324559,19.703708933469457,138.76007364905004
8.2666666666666666e-05,34.643795876251282,-33.565462853921204,-1.0783330223300744,-1.0783330223300744,-33.565462853921204,0,0,0,0,1272.5415657105416,17.172878200213205,138.57518350500513
8.3000000000000012e-05,34.599141997391627,-34.599141997391627,0,0,-34.599141997391627,0,13.120491913348747,13.120491913348747,0,1354.5231903576559,13.542391719461564,138.39656798956651
8.3333333333333344e-05,34.564075386440486,-34.564075386440486,0,0,-34.564075386440486,0,59.857417072052954,59.857417072052954,0,1415.6131484694461,8.0832496729586385,138.25630154576194
8.3666666666666677e-05,34.550122922619018,-34.550122922619018,0,0,-34.550122922619018,0,135.70057703529088,135.70057703529088,0,1441.3818539759113,1.0392139838609928,138.20049169047607
8.4000000000000009e-05,34.562807442727646,-34.562807442727646,0,0,-34.562807442727646,0,215.2105641719568,215.2105641719568,0,1426.7869235313144,-6.2046946875264766,138.25122977091058
8.4333333333333341e-05,34.598903058829002,-34.598903058829002,0,0,-34.598903058829002,0,272.22926596785669,272.22926596785669,0,1374.7228875186649,-12.224366388356103,138.39561223531601
8.4666666666666674e-05,34.647082668035999,-34.647082668035999,0,0,-34.647082668035999,0,285.06906173602647,285.06906173602647,0,1295.4446293634303,-15.838822793940146,138.588330672144
8.5000000000000006e-05,34.690172346487813,-34.690172346487813,0,0,-34.690172346487813,0,240.81411243355583,240.81411243355583,0,1204.5324989682467,-16.344149013808355,138.76068938595125
8.5333333333333339e-05,34.836757194640342,-34.836757194640342,0,0,-34.836757194640342,0,894.32194495113981,894.32194495113981,0,1003.2507654854509,-54.90151407211917,139.34702877856137
8.5666666666666671e-05,35.171126718426592,-35.171126718426592,0,0,-35.171126718426592,0,1348.6575884373988,1348.6575884373988,0,614.72234512397733,-82.61967654895642,140.68450687370637
8.6000000000000003e-05,35.60848540398112,-35.60848540398112,0,0,-35.60848540398112,0,1503.1449151971428,1503.1449151971428,0,115.67294179267597,-94.021718470212818,142.43394161592448
8.6333333333333336e-05,36.040120379678889,-36.040120379678889,0,0,-36.040120379678889,0,1316.5968778680058,1316.5968778680058,0,-395.36471404332849,-86.866094895963954,144.16048151871556
8.6666666666666668e-05,36.354969630881385,-36.354969630881385,0,0,-36.354969630881385,0,815.45991133494158,815.45991133494158,0,-817.5848967010121,-62.589585104685654,145.41987852352554
8.7000000000000001e-05,36.46164920523082,-36.46164920523082,0,0,-36.46164920523082,0,88.552452422778458,88.552452422778458,0,-1067.8858103128539,-26.021150943630492,145.84659682092328
8.7333333333333333e-05,36.401573273762821,-4.3703087819900794,-32.031264491772745,-32.031264491772745,-4.3703087819900794,0,0,0,0,-1172.5813110418121,-19.60546658086411,145.60629309505129
8.7666666666666665e-05,36.353070185309079,-1.882431863716608,-34.470638321592475,-34.470638321592475,-1.882431863716608,0,0,0,0,-1274.6356459096028,-17.064943025097893,145.41228074123632
8.8000000000000011e-05,36.304948468799097,0,-36.304948468799097,-36.304948468799097,0,2.72289293692879,0,0,2.72289293692879,-1359.5187295689616,-13.976881502773077,145.21979387519639
8.8333333333333344e-05,36.260989766598001,0,-36.260989766598001,-36.260989766598001,0,31.07139965154937,0,0,31.07139965154937,-1425.4932354134553,-9.3771174239604225,145.04395906639201
8.8666666666666676e-05,36.232749833585842,0,-36.232749833585842,-36.232749833585842,0,93.298568385181085,0,0,93.298568385181085,-1460.2704341653653,-2.9332287234360432,144.93099933434337
8.9000000000000008e-05,36.227747845467285,0,-36.227747845467285,-36.227747845467285,0,166.16127744909593,0,0,166.16127744909593,-1457.0057657728266,4.0891417158169432,144.91099138186914
8.9333333333333341e-05,36.245261805733058,0,-36.245261805733058,-36.245261805733058,0,224.31726551633668,0,0,224.31726551633668,-1416.3291398602071,10.310185811882256,144.98104722293223
8.9666666666666673e-05,36.2764803926516,0,-36.2764803926516,-36.2764803926516,0,245.35343358574099,0,0,245.35343358574099,-1346.2173392272889,14.509400612565614,145.1059215706064
9.0000000000000006e-05,36.306259606766638,0,-36.306259606766638,-36.306259606766638,0,214.23174145147814,0,0,214.23174145147814,-1260.4105977093145,15.867384523432278,145.22503842706655
9.0333333333333338e-05,36.444327423265676,0,-36.444327423265676,-36.444327423265676,0,882.71212624572536,0,0,882.71212624572536,-1059.1355512726561,55.376772370074036,145.7773096930627
9.066666666666667e-05,36.775003999334409,0,-36.775003999334409,-36.775003999334409,0,1350.4010995849644,0,0,1350.4010995849644,-665.48529989665667,83.958159082612667,147.10001599733764
9.1000000000000003e-05,37.212407647984293,0,-37.212407647984293,-37.212407647984293,0,1513.4888356337788,0,0,1513.4888356337788,-157.16908875106256,95.964128698956586,148.84963059193717
9.1333333333333335e-05,37.645839298453545,0,-37.645839298453545,-37.645839298453545,0,1328.6005217842001,0,0,1328.6005217842001,365.47872713827257,89.03408398445049,150.58335719381418
9.1666666666666668e-05,37.961745860530002,0,-37.961745860530002,-37.961745860530002,0,821.37418089967582,0,0,821.37418089967582,799.39002907451152,64.560769827185368,151.84698344212001
9.2e-05,38.066242555762898,0,-38.066242555762898,-38.066242555762898,0,81.359100547006335,0,0,81.359100547006335,1059.1883449404118,27.41282866673675,152.26497022305159
9.2333333333333332e-05,38.004675346990659,-32.873158145454326,-5.1315172015363331,-5.1315172015363331,-32.873158145454326,0,0,0,0,1174.2345351385668,21.358541731080564,152.01870138796264
9.2666666666666678e-05,37.954036213452454,-35.545287338828075,-2.4087488746243881,-2.4087488746243881,-35.545287338828075,0,0,0,0,1285.9727300226959,18.791494313770631,151.81614485380982
9.3000000000000011e-05,37.903464553766405,-37.84388135854779,-0.059583195218614549,-0.059583195218614549,-37.84388135854779,0,0,0,0,1382.2441238940501,15.800979104892569,151.61385821506562
9.3333333333333343e-05,37.855873257796141,-37.855873257796141,0,0,-37.855873257796141,0,25.56193360242213,25.56193360242213,0,1457.9556172464688,11.21397247375257,151.42349303118456
9.3666666666666676e-05,37.823976885878253,-37.823976885878253,0,0,-37.823976885878253,0,90.663339098174589,90.663339098174589,0,1502.2886780917158,4.4792765280878992,151.29590754351301
9.4000000000000008e-05,37.817250739509689,-37.817250739509689,0,0,-37.817250739509689,0,171.94566306199536,171.94566306199536,0,1506.0831536267249,-3.1360248531273598,151.26900295803875
9.433333333333334e-05,37.836484598236659,-37.836484598236659,0,0,-37.836484598236659,0,241.91514334336401,241.91514334336401,0,1468.592537322133,-10.135043801575691,151.34593839294664
9.4666666666666673e-05,37.873533806726115,-37.873533806726115,0,0,-37.873533806726115,0,275.33379026107582,275.33379026107582,0,1397.1822730689996,-15.14357408344982,151.49413522690446
9.5000000000000005e-05,37.91294383884803,-37.91294383884803,0,0,-37.91294383884803,0,254.22558748360805,254.22558748360805,0,1305.8671808008676,-17.18236005492669,151.65177535539212
9.5333333333333338e-05,38.063216647058859,-38.063216647058859,0,0,-38.063216647058859,0,927.88190986474319,927.88190986474319,0,1095.9796492800756,-57.10971162087418,152.25286658823543
9.566666666666667e-05,38.406774046418775,-38.406774046418775,0,0,-38.406774046418775,0,1394.3993739466982,1394.3993739466982,0,692.33025237524384,-85.764036609516666,153.6270961856751
9.6000000000000002e-05,38.85554008534691,-38.85554008534691,0,0,-38.85554008534691,0,1549.7160152611295,1549.7160152611295,0,174.61684751383305,-97.484136242991497,155.42216034138764
9.6333333333333335e-05,39.296760482470191,-39.296760482470191,0,0,-39.296760482470191,0,1351.512367449428,1351.512367449428,0,-354.96064067438363,-89.966739498217805,157.18704192988076
9.6666666666666667e-05,39.615373326281251,-39.615373326281251,0,0,-39.615373326281251,0,827.57989331620365,827.57989331620365,0,-791.96121157793289,-64.721638738556607,158.461493305125
9.7e-05,39.716830390590104,-39.716830390590104,0,0,-39.716830390590104,0,70.292497126660635,70.292497126660635,0,-1050.4000658699867,-26.771026969289174,158.86732156236042
9.7333333333333346e-05,39.654186649572594,-6.1546635413526012,-33.499523108219989,-33.499523108219989,-6.1546635413526012,0,0,0,0,-1166.0190382642215,-21.290226182041021,158.61674659829038
9.7666666666666678e-05,39.601349633211775,-3.4376819383067883,-36.163667694904987,-36.163667694904987,-3.4376819383067883,0,0,0,0,-1277.4717288047934,-18.757221567431692,158.4053985328471
9.800000000000001e-05,39.548583019260732,-1.0896771084722605,-38.458905910788474,-38.458905910788474,-1.0896771084722605,0,0,0,0,-1373.6492478751984,-15.801520306666479,158.19433207704293
9.8333333333333343e-05,39.497053675335962,0,-39.497053675335962,-39.497053675335962,0,10.062035754096801,0,0,10.062035754096801,-1446.7381811981529,-11.935663067761134,157.98821470134385
9.8666666666666675e-05,39.453121661315535,0,-39.453121661315535,-39.453121661315535,0,47.925856501390513,0,0,47.925856501390513,-1498.9576958343362,-6.5483995944975959,157.81248664526214
9.9000000000000008e-05,39.42644850976918,0,-39.42644850976918,-39.42644850976918,0,109.56852047091118,0,0,109.56852047091118,-1517.0862025786714,0.1323841063570157,157.70579403907672
9.933333333333334e-05,39.420987217511893,0,-39.420987217511893,-39.420987217511893,0,170.90925953857302,0,0,170.90925953857302,-1497.5195958021654,6.7953537441664267,157.68394887004757
9.9666666666666672e-05,39.432538756600351,0,-39.432538756600351,-39.432538756600351,0,207.94107123000791,0,0,207.94107123000791,-1444.0525108123545,12.133186510598392,157.73015502640141
0.0001,39.449595128664477,0,-39.449595128664477,-39.449595128664477,0,201.49405459638436,0,0,201.49405459638436,-1367.1236527349452,15.101631289071648,157.79838051465791
0.00010033333333333334,39.583824404490699,0,-39.583824404490699,-39.583824404490699,0,897.47858497591267,0,0,897.47858497591267,-1165.1926734723204,56.375053996761551,158.33529761796279
0.00010066666666666667,39.919407827482246,0,-39.919407827482246,-39.919407827482246,0,1389.0942429487868,0,0,1389.0942429487868,-761.46981490741439,86.525467051102851,159.67763130992898
0.000101,40.368274981168071,0,-40.368274981168071,-40.368274981168071,0,1566.8372393423138,0,0,1566.8372393423138,-235.64166831086814,99.595647063464412,161.47309992467228
0.00010133333333333333,40.815923796547793,0,-40.815923796547793,-40.815923796547793,0,1383.4803265499227,0,0,1383.4803265499227,308.5124018270991,93.01534265698416,163.26369518619117
0.00010166666666666667,41.144139348687894,0,-41.144139348687894,-41.144139348687894,0,863.41381582824442,0,0,863.41381582824442,763.69483357763227,68.109305394908517,164.57655739475157
0.00010200000000000001,41.254441680021984,0,-41.254441680021984,-41.254441680021984,0,97.790736054545903,0,0,97.790736054545903,1040.3536908960177,29.83326428836034,165.01776672008793
0.00010233333333333335,41.186940921559987,-34.196811944928569,-6.9901289766314187,-6.9901289766314187,-34.196811944928569,0,0,0,0,1163.1403136431209,23.039428626459753,164.74776368623995
0.00010266666666666668,41.132061594679428,-37.094478977959042,-4.0375826167203854,-4.0375826167203854,-37.094478977959042,0,0,0,0,1284.3065073397386,20.498296873867897,164.52824637871771
0.00010300000000000001,41.077255391474758,-39.619501998968957,-1.4577533925058024,-1.4577533925058024,-39.619501998968957,0,0,0,0,1390.0430744608038,17.495223868567614,164.30902156589903
0.00010333333333333334,41.023469254492653,-41.023469254492653,0,0,-41.023469254492653,0,8.1578551459518387,8.1578551459518387,0,1472.8982883711371,13.635404836321804,164.09387701797061
0.00010366666666666667,40.976623066327377,-40.976623066327377,0,0,-40.976623066327377,0,45.566653129378665,45.566653129378665,0,1534.4278225593068,8.144587067847068,163.90649226530951
0.00010400000000000001,40.947868437813639,-40.947868437813639,0,0,-40.947868437813639,0,112.47708322516715,112.47708322516715,0,1560.4003692183333,1.0484362345486069,163.79147375125456
0.00010433333333333334,40.942841266287928,-40.942841266287928,0,0,-40.942841266287928,0,183.30330573857694,183.30330573857694,0,1545.6813073193157,-6.2597934345927868,163.77136506515171
0.00010466666666666667,40.958371376857187,-40.958371376857187,0,0,-40.958371376857187,0,231.69619441437183,231.69619441437183,0,1493.1263034572328,-12.345334798124426,163.83348550742875
0.000105,40.98312158316255,-40.98312158316255,0,0,-40.98312158316255,0,235.77136036838877,235.77136036838877,0,1413.0124794478604,-16.016240512864805,163.9324863326502
0.00010533333333333334,41.128038925969889,-41.128038925969889,0,0,-41.128038925969889,0,938.89062712553255,938.89062712553255,0,1204.4470058635118,-57.808204422922245,164.51215570387956
0.00010566666666666667,41.475834801090549,-41.475834801090549,0,0,-41.475834801090549,0,1432.3761702882698,1432.3761702882698,0,791.96811372420291,-88.19106753275878,165.9033392043622
0.000106,41.936511566115975,-41.936511566115975,0,0,-41.936511566115975,0,1605.8899601742141,1605.8899601742141,0,257.00742644951845,-101.16216842049766,167.7460462644639
0.00010633333333333333,42.393564591028017,-42.393564591028017,0,0,-42.393564591028017,0,1412.5788271167999,1412.5788271167999,0,-294.83958526639128,-94.171533314024259,169.57425836411207
0.00010666666666666667,42.727097958816003,-42.727097958816003,0,0,-42.727097958816003,0,878.34112039332445,878.34112039332445,0,-754.7480983292952,-68.625863152221285,170.90839183526401
0.00010700000000000001,42.837605394425609,-42.837605394425609,0,0,-42.837605394425609,0,96.672823564665748,96.672823564665748,0,-1032.2303003353688,-29.608244467423383,171.35042157770243
0.00010733333333333334,42.768028151079839,-7.995594565607349,-34.772433585472498,-34.772433585472498,-7.995594565607349,0,0,0,0,-1154.2408499588855,-22.90489373118481,171.07211260431936
0.00010766666666666668,42.711042112679706,-5.0575430372591956,-37.653499075420513,-37.653499075420513,-5.0575430372591956,0,0,0,0,-1274.7627532105305,-20.401323624418648,170.84416845071883
0.00010800000000000001,42.654132005032359,-2.4870144730797588,-40.167117531952599,-40.167117531952599,-2.4870144730797588,0,0,0,0,-1380.0701783240288,-17.437996576242732,170.61652802012944
0.00010833333333333334,42.59729772696425,-0.34129382550885801,-42.256003901455401,-42.256003901455401,-0.34129382550885801,0,0,0,0,-1467.7900479435925,-14.081726540139776,170.389190907857
0.00010866666666666667,42.542555640901099,0,-42.542555640901099,-42.542555640901099,0,17.489700742534858,0,0,17.489700742534858,-1530.9080803595093,-9.5271670977817031,170.1702225636044
0.00010900000000000001,42.498800564528004,0,-42.498800564528004,-42.498800564528004,0,64.209514422035824,0,0,64.209514422035824,-1567.4342328712121,-3.4006863450296088,169.99520225811202
0.00010933333333333334,42.473427046861964,0,-42.473427046861964,-42.473427046861964,0,123.47226790914718,0,0,123.47226790914718,-1567.4235241693525,3.4067626817483365,169.89370818744786
0.00010966666666666667,42.466505473898238,0,-42.466505473898238,-42.466505473898238,0,170.76057247147961,0,0,170.76057247147961,-1530.8007103276386,9.5599709225218277,169.86602189559295
0.00011,42.470204404138542,0,-42.470204404138542,-42.470204404138542,0,183.94976931668023,0,0,183.94976931668023,-1464.6678325048927,13.853861186221962,169.88081761655417
0.00011033333333333334,42.598547655021214,0,-42.598547655021214,-42.598547655021214,0,904.1380421711001,0,0,904.1380421711001,-1265.3421130482334,56.700954499714214,170.39419062008486
0.00011066666666666667,42.936285627577959,0,-42.936285627577959,-42.936285627577959,0,1418.8101399644829,0,0,1418.8101399644829,-855.50970873446613,88.362326916126278,171.74514251031184
0.000111,43.394019070271973,0,-43.394019070271973,-43.394019070271973,0,1612.9781012279732,0,0,1612.9781012279732,-316.0547175074372,102.58236290922798,173.57607628108789
0.00011133333333333333,43.854283997606487,0,-43.854283997606487,-43.854283997606487,0,1435.2483190460798,0,0,1435.2483190460798,246.56234999104854,96.564089355491092,175.41713599042595
0.00011166666666666668,44.194859070993253,0,-44.194859070993253,-44.194859070993253,0,907.98814570520381,0,0,907.98814570520381,721.41101272100707,71.522107197477339,176.77943628397301
0.00011200000000000001,44.313008916238857,0,-44.313008916238857,-44.313008916238857,0,122.87156860220301,0,0,122.87156860220301,1015.0749119507587,32.440348878385379,177.25203566495543
0.00011233333333333334,44.239234439371032,-35.25941084919188,-8.979823590179155,-8.979823590179155,-35.25941084919188,0,0,0,0,1143.9281215826948,24.514994231613283,176.95693775748413
0.00011266666666666668,44.180288099744409,-38.35748103672087,-5.8228070630235429,-5.8228070630235429,-38.35748103672087,0,0,0,0,1273.4774446483084,22.034975653514998,176.72115239897764
0.00011300000000000001,44.121420302863825,-41.088787303358686,-3.0326329995051413,-3.0326329995051413,-41.088787303358686,0,0,0,0,1387.8408942528072,19.058375628140652,176.4856812114553
0.00011333333333333334,44.062630944075401,-43.391115681543099,-0.67151526253229399,-0.67151526253229399,-43.391115681543099,0,0,0,0,1484.4412633663915,15.652308787279608,176.25052377630161
0.00011366666666666667,44.005678135366018,-44.005678135366018,0,0,-44.005678135366018,0,15.200840871584269,15.200840871584269,0,1554.7268939428518,11.099408505431228,176.02271254146407
0.00011400000000000001,43.958829740306967,-43.958829740306967,0,0,-43.958829740306967,0,60.591506747107246,60.591506747107246,0,1599.9925797329436,4.9223685363407714,175.83531896122787
0.00011433333333333334,43.930854942652559,-43.930854942652559,0,0,-43.930854942652559,0,123.98729989643758,123.98729989643758,0,1607.595109729358,-2.2332143765908405,175.72341977061023
0.00011466666666666667,43.923460631691349,-43.923460631691349,0,0,-43.923460631691349,0,179.61037598989279,179.61037598989279,0,1575.9715823343595,-8.9635177806636932,175.69384252676539
0.000115,43.929881323508511,-43.929881323508511,0,0,-43.929881323508511,0,203.24186390183436,203.24186390183436,0,1511.2522285901327,-13.949505985913738,175.71952529403404
0.00011533333333333334,44.064424931959252,-44.064424931959252,0,0,-44.064424931959252,0,933.46752689345112,933.46752689345112,0,1309.4906853316634,-57.466996410191626,176.25769972783701
0.00011566666666666667,44.411287873384346,-44.411287873384346,0,0,-44.411287873384346,0,1455.3397496787002,1455.3397496787002,0,893.86970615329892,-89.644715029800295,177.64515149353738
0.000116,44.879788787374274,-44.879788787374274,0,0,-44.879788787374274,0,1652.0004714990864,1652.0004714990864,0,346.43146420000164,-104.12527527580846,179.5191551494971
0.00011633333333333335,45.350707735446797,-45.350707735446797,0,0,-45.350707735446797,0,1471.1188522348853,1471.1188522348853,0,-224.77372415207,-98.060667683070676,181.40283094178719
0.00011666666666666668,45.699941739673193,-45.699941739673193,0,0,-45.699941739673193,0,935.24347253431802,935.24347253431802,0,-707.10905453904059,-72.675285529319495,182.79976695869277
0.00011700000000000001,45.823121106039721,-45.823121106039721,0,0,-45.823121106039721,0,137.31189159839658,137.31189159839658,0,-1005.6735076930954,-33.021718127553939,183.29248442415889
0.00011733333333333334,45.746223748561256,-9.9969736300264849,-35.749250118534775,-35.749250118534775,-9.9969736300264849,0,0,0,0,-1133.0098480984914,-24.436201708427706,182.98489499424502
0.00011766666666666668,45.685269428806613,-6.8465007115028751,-38.838768717303736,-38.838768717303736,-6.8465007115028751,0,0,0,0,-1262.2461427776341,-22.001289804035306,182.74107771522645
0.00011800000000000001,45.624396327320767,-4.0567582010168035,-41.567638126303962,-41.567638126303962,-4.0567582010168035,0,0,0,0,-1376.5497373581704,-19.070553918976177,182.49758530928307
0.00011833333333333334,45.563604335884847,-1.6899278803265485,-43.873676455558297,-43.873676455558297,-1.6899278803265485,0,0,0,0,-1473.3447636881415,-15.710074847559415,182.25441734353939
0.00011866666666666667,45.503148104504284,0,-45.503148104504284,-45.503148104504284,0,2.1475446012434705,0,0,2.1475446012434705,-1548.2131844979092,-11.866407659197352,182.01259241801714
0.00011900000000000001,45.44609985832416,0,-45.44609985832416,-45.44609985832416,0,25.223123974702844,0,0,25.223123974702844,-1600.8965504559264,-6.7804308071526007,181.78439943329664
0.00011933333333333334,45.401544432605029,0,-45.401544432605029,-45.401544432605029,0,73.113035494617208,0,0,73.113035494617208,-1621.036518874643,-0.34578055802516339,181.60617773042011
0.00011966666666666667,45.373950689751368,0,-45.373950689751368,-45.373950689751368,0,122.67359990240394,0,0,122.67359990240394,-1604.5740251825523,6.1769221407589683,181.49580275900547
0.00012,45.359886801772475,0,-45.359886801772475,-45.359886801772475,0,150.44862819751054,0,0,150.44862819751054,-1554.6215318292991,11.510060970582462,181.4395472070899
0.00012033333333333334,45.476905707383402,0,-45.476905707383402,-45.476905707383402,0,893.76488167955699,0,0,893.76488167955699,-1364.2915338649077,55.860921507916885,181.90762282953361
0.00012066666666666667,45.811717792178982,0,-45.811717792178982,-45.811717792178982,0,1434.644545913794,0,0,1434.644545913794,-954.48508884946693,89.19336944381422,183.24687116871593
0.00012100000000000001,46.274927374291181,0,-46.274927374291181,-46.274927374291181,0,1652.0295464070455,0,0,1652.0295464070455,-406.07403551162508,104.92153613855419,185.09970949716472
0.00012133333333333335,46.747118336781398,0,-46.747118336781398,-46.747118336781398,0,1489.0521838537779,0,0,1489.0521838537779,172.71877431518678,99.950610102931591,186.98847334712559
0.00012166666666666668,47.102549923178586,0,-47.102549923178586,-47.102549923178586,0,964.28673379658494,0,0,964.28673379658494,667.77582290726707,75.288777473141408,188.41019969271434
0.00012200000000000001,47.234099049942003,0,-47.234099049942003,-47.234099049942003,0,168.04657735496306,0,0,168.04657735496306,981.70111483743506,35.845848445612006,188.93639619976801
0.00012233333333333334,47.153607098846507,-36.021683417582139,-11.131923681264366,-11.131923681264366,-36.021683417582139,0,0,0,0,1115.1355702307862,25.84445111475037,188.61442839538603
0.00012266666666666668,47.090777518409752,-39.303339735927935,-7.7874377824818142,-7.7874377824818142,-39.303339735927935,0,0,0,0,1252.3673501903843,23.465995673234843,188.36311007363901
0.00012300000000000001,47.028031654923211,-42.229709060625964,-4.7983225942972432,-4.7983225942972432,-42.229709060625964,0,0,0,0,1374.8887792363519,20.558698560647535,188.11212661969284
0.00012333333333333334,46.965369396838668,-44.734136402651586,-2.2312329941870761,-2.2312329941870761,-44.734136402651586,0,0,0,0,1479.9387449989829,17.188113588824553,187.86147758735467
0.00012366666666666667,46.902790632756528,-46.75948126377898,-0.14330936897754398,-0.14330936897754398,-46.75948126377898,0,0,0,0,1565.1500651715598,13.430234705583617,187.61116253102611
0.00012400000000000001,46.84252661127794,-46.84252661127794,0,0,-46.84252661127794,0,19.348381121144076,19.348381121144076,0,1624.8821332763296,8.4196825949041614,187.37010644511176
0.00012433333333333334,46.793952113038422,-46.793952113038422,0,0,-46.793952113038422,0,67.015367872890266,67.015367872890266,0,1653.9860546466373,1.879811724703508,187.17580845215369
0.00012466666666666667,46.763215868863711,-46.763215868863711,0,0,-46.763215868863711,0,121.86862285269595,121.86862285269595,0,1645.0442716417131,-5.0485375703516944,187.05286347545484
0.000125,46.748504544536004,-46.748504544536004,0,0,-46.748504544536004,0,158.9814575315477,158.9814575315477,0,1599.6977469636026,-11.007714983263437,186.99401817814402
0.00012533333333333334,46.868353188082899,-46.868353188082899,0,0,-46.868353188082899,0,913.40767853337923,913.40767853337923,0,1410.1630486782849,-56.081329361899122,187.4734127523316
0.00012566666666666667,47.209623286537472,-47.209623286537472,0,0,-47.209623286537472,0,1464.5450087129675,1464.5450087129675,0,997.19819762022723,-90.090452114857499,188.83849314614989
0.000126,47.682209453027738,-47.682209453027738,0,0,-47.682209453027738,0,1688.8798342824002,1688.8798342824002,0,442.31293868317027,-106.31560699681279,190.72883781211095
0.00012633333333333333,48.16526592719493,-48.16526592719493,0,0,-48.16526592719493,0,1527.7445966715434,1527.7445966715434,0,-144.97774122012024,-101.56403444688414,192.66106370877972
0.00012666666666666666,48.531185924323438,-48.531185924323438,0,0,-48.531185924323438,0,998.926027678644,998.926027678644,0,-648.86627094840048,-76.801028202986117,194.12474369729375
0.000127,48.670913941072556,-48.670913941072556,0,0,-48.670913941072556,0,193.11817105924791,193.11817105924791,0,-970.20374838302803,-36.957040202477046,194.68365576429022
0.00012733333333333333,48.587450373301223,-12.160531000935222,-36.426919372366001,-36.426919372366001,-12.160531000935222,0,0,0,0,-1102.2279700343356,-25.784977811997798,194.34980149320489
0.00012766666666666666,48.522710275792953,-8.8195123702129266,-39.703197905580026,-39.703197905580026,-8.8195123702129266,0,0,0,0,-1239.2760654092492,-23.45946665342359,194.09084110317181
0.00012800000000000002,48.458056440893507,-5.8267402644672988,-42.631316176426211,-42.631316176426211,-5.8267402644672988,0,0,0,0,-1361.9089031642877,-20.605258839675372,193.83222576357403
0.00012833333333333335,48.393488753662716,-3.2489307749394225,-45.144557978723284,-45.144557978723284,-3.2489307749394225,0,0,0,0,-1467.3628477107241,-17.286711510370779,193.57395501465086
0.00012866666666666669,48.329007099313564,-1.1434447322321226,-47.185562367081445,-47.185562367081445,-1.1434447322321226,0,0,0,0,-1553.2615989111443,-13.578645694754744,193.31602839725426
0.00012900000000000002,48.265179299414079,0,-48.265179299414079,-48.265179299414079,0,4.7524054268981724,0,0,4.7524054268981724,-1612.609533020403,-9.2922582765968258,193.06071719765632
0.00012933333333333335,48.205562822870803,0,-48.205562822870803,-48.205562822870803,0,27.645949051931098,0,0,27.645949051931098,-1650.1242765100717,-3.9838204732314342,192.82225129148321
0.00012966666666666668,48.156722719989311,0,-48.156722719989311,-48.156722719989311,0,65.428402947391561,0,0,65.428402947391561,-1655.3689009556199,2.1318394406221106,192.62689087995724
0.00013000000000000002,48.119967762628079,0,-48.119967762628079,-48.119967762628079,0,96.140695791245804,0,0,96.140695791245804,-1627.1622501923116,7.8584112715786674,192.47987105051232
0.00013033333333333335,48.217598050673281,0,-48.217598050673281,-48.217598050673281,0,855.68941822220484,0,0,855.68941822220484,-1454.3120667988535,53.325826998689962,192.87039220269313
0.00013066666666666668,48.540137195729365,0,-48.540137195729365,-48.540137195729365,0,1422.0422693018797,0,0,1422.0422693018797,-1054.2565907384621,88.277328435736479,194.16054878291746
0.00013100000000000001,49.000313886539097,0,-49.000313886539097,-49.000313886539097,0,1668.2572700807132,0,0,1668.2572700807132,-505.93267774189042,105.80692776398445,196.00125554615639
0.00013133333333333335,49.478727706010808,0,-49.478727706010808,-49.478727706010808,0,1530.9205171071023,0,0,1530.9205171071023,82.461096526565683,102.46367386067442,197.91491082404323
0.00013166666666666668,49.847543280615191,0,-49.847543280615191,-49.847543280615191,0,1022.695696936119,0,0,1022.695696936119,594.91669516477907,78.934181296937851,199.39017312246077
0.00013200000000000001,49.995849280930784,0,-49.995849280930784,-49.995849280930784,0,229.79267386573923,0,0,229.79267386573923,930.60816806752007,39.904967918859931,199.98339712372314
0.00013233333333333334,49.910201003262571,-36.288921331754608,-13.621279671507962,-13.621279671507962,-36.288921331754608,0,0,0,0,1069.1095920460969,27.086657517206341,199.64080401305029
0.00013266666666666667,49.843698413503624,-39.747315779102152,-10.096382634401479,-10.096382634401479,-39.747315779102152,0,0,0,0,1213.7351637392212,24.880541872185404,199.3747936540145
0.00013300000000000001,49.777284434777208,-42.871437207652335,-6.9058472271248723,-6.9058472271248723,-42.871437207652335,0,0,0,0,1344.5208778204424,22.11369278535312,199.10913773910883
0.00013333333333333334,49.710958949014007,-45.590130972819424,-4.1208279761945761,-4.1208279761945761,-45.590130972819424,0,0,0,0,1458.5193043282716,18.848499577837341,198.84383579605603
0.00013366666666666667,49.644721838302033,-47.84138491564255,-1.8033369226594846,-1.8033369226594846,-47.84138491564255,0,0,0,0,1553.1615291859582,15.158582025664863,198.57888735320813
0.000134,49.578572984886399,-49.573726783014578,-0.004846201871824718,-0.004846201871824718,-49.573726783014578,0,0,0,0,1626.3150437593974,11.127130466967767,198.3142919395456
0.00013433333333333334,49.51455702086303,-49.51455702086303,0,0,-49.51455702086303,0,17.652330297830659,17.652330297830659,0,1674.593179281899,5.9936744046393526,198.05822808345212
0.00013466666666666667,49.460762863703799,-49.460762863703799,0,0,-49.460762863703799,0,57.333034404193711,57.333034404193711,0,1690.5897518819388,-0.33545975275907658,197.8430514548152
0.000135,49.42080912745574,-49.42080912745574,0,0,-49.42080912745574,0,96.400319825602452,96.400319825602452,0,1670.9352026456786,-6.6272030722638426,197.68323650982296
0.00013533333333333333,49.518833461539479,-49.518833461539479,0,0,-49.518833461539479,0,868.70809744430858,868.70809744430858,0,1502.7655071427382,-52.899794573109659,198.07533384615792
0.00013566666666666667,49.846351025440129,-49.846351025440129,0,0,-49.846351025440129,0,1449.2977031786463,1449.2977031786463,0,1102.6125556873983,-88.737266413087923,199.38540410176051
0.000136,50.316039521400278,-50.316039521400278,0,0,-50.316039521400278,0,1708.0075580247831,1708.0075580247831,0,549.45157949279985,-107.05847256443155,201.26415808560111
0.00013633333333333333,50.80741521806366,-50.80741521806366,0,0,-50.80741521806366,0,1578.5492553810843,1578.5492553810843,0,-47.543718439716343,-104.25607163145816,203.22966087225464
0.00013666666666666666,51.190741943829899,-51.190741943829899,0,0,-51.190741943829899,0,1071.6267776362595,1071.6267776362595,0,-570.64702432851652,-80.910039809772911,204.76296777531959
0.000137,51.352766915093909,-51.352766915093909,0,0,-51.352766915093909,0,272.79328434246662,272.79328434246662,0,-916.91175605953083,-41.671121335142722,205.41106766037564
0.00013733333333333333,51.265615069256555,-14.666087118238625,-36.599527951017933,-36.599527951017933,-14.666087118238625,0,0,0,0,-1053.9091437680079,-26.81664057049408,205.06246027702622
0.00013766666666666669,51.197306465020162,-11.172219711056501,-40.025086753963663,-40.025086753963663,-11.172219711056501,0,0,0,0,-1197.2116065998459,-24.675135934272593,204.78922586008065
0.00013800000000000002,51.129088878230966,-8.0037193817938714,-43.125369496437088,-43.125369496437088,-8.0037193817938714,0,0,0,0,-1327.0467170208233,-21.977525209182911,204.51635551292387
0.00013833333333333335,51.060962187613242,-5.2312240092598241,-45.829738178353423,-45.829738178353423,-5.2312240092598241,0,0,0,0,-1440.4884571329146,-18.784636851838563,204.24384875045297
0.00013866666666666669,50.992926272052856,-2.916443423331998,-48.076482848720858,-48.076482848720858,-2.916443423331998,0,0,0,0,-1534.9804449084615,-15.168460716619752,203.97170508821142
0.00013900000000000002,50.924981010597051,-1.1107687880046129,-49.814212222592445,-49.814212222592445,-1.1107687880046129,0,0,0,0,-1608.3935416287773,-11.210524905150294,203.6999240423882
0.00013933333333333335,50.857289592221925,0,-50.857289592221925,-50.857289592221925,0,1.3021920516004801,0,0,1.3021920516004801,-1656.5001433386838,-6.9211293433167196,203.4291583688877
0.00013966666666666668,50.791542310312124,0,-50.791542310312124,-50.791542310312124,0,13.688966155557921,0,0,13.688966155557921,-1681.6251088346596,-1.9676181613213828,203.1661692412485
0.00014000000000000001,50.731843356114496,0,-50.731843356114496,-50.731843356114496,0,33.892559685095193,0,0,33.892559685095193,-1677.5775215019266,3.4068090848624291,202.92737342445798
0.00014033333333333335,50.805764439903292,0,-50.805764439903292,-50.805764439903292,0,799.11486675484377,0,0,799.11486675484377,-1528.3892116992304,49.402421856072039,203.22305775961317
0.00014066666666666668,51.108988959428146,0,-51.108988959428146,-51.108988959428146,0,1385.4106804051085,0,0,1385.4106804051085,-1146.8180620930407,85.658317572277667,204.43595583771258
0.00014100000000000001,51.558271217743524,0,-51.558271217743524,-51.558271217743524,0,1661.0976095327815,0,0,1661.0976095327815,-608.14358391834651,105.01058674829494,206.2330848709741
0.00014133333333333334,52.036305172584498,0,-52.036305172584498,-52.036305172584498,0,1556.1347077497499,0,0,1556.1347077497499,-18.654397602156362,103.64774955744156,208.14522069033799
0.00014166666666666668,52.415004663727153,0,-52.415004663727153,-52.415004663727153,0,1075.9863692677952,0,0,1075.9863692677952,505.426200401144,81.864768734990832,209.66001865490861
0.00014200000000000001,52.580913515221937,0,-52.580913515221937,-52.580913515221937,0,300.51819322886348,0,0,300.51819322886348,860.97525043951521,44.003011174549989,210.32365406088775
0.00014233333333333334,52.493759266710576,-36.044274998539436,-16.44948426817114,-16.44948426817114,-36.044274998539436,0,0,0,0,1005.4707170949175,28.000004907253416,209.9750370668423
0.00014266666666666667,52.423814228076274,-39.640385647280894,-12.783428580795379,-12.783428580795379,-39.640385647280894,0,0,0,0,1155.8684961999156,26.041275256227649,209.6952569123051
0.00014300000000000001,52.353962387347742,-42.933708894780551,-9.4202534925671912,-9.4202534925671912,-42.933708894780551,0,0,0,0,1293.7305342674633,23.495638442952487,209.41584954939097
0.00014333333333333334,52.284203620343909,-45.849236151867316,-6.434967468476593,-6.434967468476593,-45.849236151867316,0,0,0,0,1415.9498435085718,20.420498588242616,209.13681448137564
0.00014366666666666667,52.214537803049176,-48.320478687940167,-3.894059115109,-3.894059115109,-48.320478687940167,0,0,0,0,1519.7721594284828,16.885192812225363,208.8581512121967
0.000144,52.144964811613178,-50.290965981191704,-1.8539988304214763,-1.8539988304214763,-50.290965981191704,0,0,0,0,1602.8580093485925,12.969427846755192,208.57985924645271
0.00014433333333333334,52.075484522350578,-51.715518191168314,-0.35996633118227983,-0.35996633118227983,-51.715518191168314,0,0,0,0,1663.3354287356292,8.761482973787265,208.30193808940231
0.00014466666666666667,52.006865861339953,-52.006865861339953,0,0,-52.006865861339953,0,6.2776536942248988,6.2776536942248988,0,1693.3252629296098,4.0303056226491236,208.02746344535981
0.000145,51.942051267733611,-51.942051267733611,0,0,-51.942051267733611,0,21.6458166666024,21.6458166666024,0,1701.3874509306381,-1.1825644840599905,207.76820507093444
0.00014533333333333333,52.01059132433754,-52.01059132433754,0,0,-52.01059132433754,0,790.03278970372685,790.03278970372685,0,1563.9907876035336,-47.452366849013089,208.04236529735016
0.00014566666666666667,52.310712058354106,-52.310712058354106,0,0,-52.310712058354106,0,1386.4996560523055,1386.4996560523055,0,1191.5836939001481,-84.364103645144155,209.24284823341642
0.000146,52.761134733697759,-52.761134733697759,0,0,-52.761134733697759,0,1676.980111508931,1676.980111508931,0,657.65553938102619,-104.62416200726551,211.04453893479103
0.00014633333333333333,53.245554514106139,-53.245554514106139,0,0,-53.245554514106139,0,1588.1322276514118,1588.1322276514118,0,67.578660789344809,-104.24148237830974,212.98221805642456
0.00014666666666666666,53.635722198079918,-53.635722198079918,0,0,-53.635722198079918,0,1121.857033862324,1121.857033862324,0,-462.28483810520731,-83.317177155370587,214.54288879231967
0.00014700000000000002,53.816886683716547,-53.816886683716547,0,0,-53.816886683716547,0,354.90081248066389,354.90081248066389,0,-827.64601907725216,-46.022912309446212,215.26754673486619
0.00014733333333333335,53.732017431917185,-17.87058273191154,-35.861434700005645,-35.861434700005645,-17.87058273191154,0,0,0,0,-972.26279979728088,-27.504398648590474,214.92806972766874
0.00014766666666666669,53.660422482580842,-14.26086356379486,-39.399558918785985,-39.399558918785985,-14.26086356379486,0,0,0,0,-1120.291884639101,-25.685756021010654,214.64168993032337
0.00014800000000000002,53.588922929565271,-10.934658418207743,-42.654264511357525,-42.654264511357525,-10.934658418207743,0,0,0,0,-1256.58724402964,-23.288214164336971,214.35569171826108
0.00014833333333333335,53.517518645760134,-7.9661246499329472,-45.551393995827183,-45.551393995827183,-7.9661246499329472,0,0,0,0,-1378.0771715025294,-20.365838719991643,214.07007458304054
0.00014866666666666668,53.446209504224463,-5.4213555341233395,-48.02485397010112,-48.02485397010112,-5.4213555341233395,0,0,0,0,-1482.0238092502482,-16.98452321199127,213.78483801689785
0.00014900000000000002,53.374995378186426,-3.3568908085367699,-50.018104569649665,-50.018104569649665,-3.3568908085367699,0,0,0,0,-1566.0848475962605,-13.220503284465668,213.49998151274571
0.00014933333333333335,53.303876141043119,-1.8184426190894918,-51.485433521953638,-51.485433521953638,-1.8184426190894918,0,0,0,0,-1628.3663060542285,-9.1586378816584677,213.21550456417248
0.00014966666666666668,53.232851666360325,-0.83986557796351313,-52.39298608839681,-52.39298608839681,-0.83986557796351313,0,0,0,0,-1667.4652066184476,-4.8904961231720367,212.9314066654413
0.00015000000000000001,53.161921827872291,0,-53.161921827872291,-53.161921827872291,0,0,0,0,0,-1682.5011778135006,-0.51229300539602085,212.64768731148916
0.00015033333333333335,53.217250855935127,0,-53.217250855935127,-53.217250855935127,0,743.585365871048,0,0,743.585365871048,-1558.2137798100596,44.50738019424071,212.86900342374051
0.00015066666666666668,53.497602664560453,0,-53.497602664560453,-53.497602664560453,0,1325.9768957516596,0,0,1325.9768957516596,-1204.3317879343467,80.752427169396753,213.99041065824181
0.00015100000000000001,53.925753876778138,0,-53.925753876778138,-53.925753876778138,0,1615.541427339562,0,0,1615.541427339562,-690.67390291580671,101.06151573178596,215.70301550711255
0.00015133333333333334,54.389831915002532,0,-54.389831915002532,-54.389831915002532,0,1538.7613519825422,0,0,1538.7613519825422,-118.5952087689042,101.43398366289648,217.55932766001013
0.00015166666666666668,54.765518407940625,0,-54.765518407940625,-54.765518407940625,0,1094.7891909323575,0,0,1094.7891909323575,399.10980440438982,81.821414620301596,219.0620736317625
0.00015200000000000001,54.940713090471327,0,-54.940713090471327,-54.940713090471327,0,355.59572034250226,0,0,355.59572034250226,760.56335856948169,46.1357050036939,219.76285236188531
0.00015233333333333334,54.855841485537525,-34.869004472365475,-19.98683701317205,-19.98683701317205,-34.869004472365475,0,0,0,0,907.8876457704522,27.844808153285673,219.4233659421501
0.00015266666666666667,54.782749102640572,-38.469453049813481,-16.313296052827084,-16.313296052827084,-38.469453049813481,0,0,0,0,1058.5262793970726,26.283013648429133,219.13099641056229
0.00015300000000000001,54.709754111312009,-41.820095583652531,-12.889658527659476,-12.889658527659476,-41.820095583652531,0,0,0,0,1198.8233172358189,24.128846908783363,218.83901644524803
0.00015333333333333334,54.636856381782941,-44.844593890951074,-9.7922624908318561,-9.7922624908318561,-44.844593890951074,0,0,0,0,1325.6167958669971,21.430888294649883,218.54742552713176
0.00015366666666666667,54.564055784457388,-47.473965485226771,-7.090090299230619,-7.090090299230619,-47.473965485226771,0,0,0,0,1436.0492591659038,18.249973603673972,218.25622313782955
0.000154,54.491352189912043,-49.648138184765784,-4.8432140051462653,-4.8432140051462653,-49.648138184765784,0,0,0,0,1527.6321547893699,14.657822295328771,217.96540875964817
0.00015433333333333334,54.418745468896056,-51.31730381384854,-3.1014416550475108,-3.1014416550475108,-51.31730381384854,0,0,0,0,1598.3019127202024,10.735420446554919,217.67498187558422
0.00015466666666666667,54.346235492330784,-52.443040491768556,-1.9031950005622349,-1.9031950005622349,-52.443040491768556,0,0,0,0,1646.4664421618604,6.5711948977276924,217.38494196932314
0.000155,54.273822131309593,-54.273822131309593,0,0,-54.273822131309593,0,0,0,0,1671.0409991035192,2.2590197533433192,217.09528852523837
0.00015533333333333333,54.324331977868731,-54.324331977868731,0,0,-54.324331977868731,0,724.92351389148132,724.92351389148132,0,1559.232389773008,-41.83654644554403,217.29732791147492
0.00015566666666666666,54.595187991751843,-54.595187991751843,0,0,-54.595187991751843,0,1298.2757550176618,1298.2757550176618,0,1221.570545945764,-77.681534006475545,218.38075196700737
0.000156,55.012681112583898,-55.012681112583898,0,0,-55.012681112583898,0,1589.8851446231595,1589.8851446231595,0,724.6884069073102,-98.194054813511571,220.05072445033559
0.00015633333333333333,55.468570884778842,-55.468570884778842,0,0,-55.468570884778842,0,1525.4961908745322,1525.4961908745322,0,166.64437408559425,-99.333270178998362,221.87428353911537
0.00015666666666666669,55.841568431544857,-55.841568431544857,0,0,-55.841568431544857,0,1101.471303131902,1101.471303131902,0,-342.52134107729933,-80.898974182464116,223.36627372617943
0.00015700000000000002,56.021399676787546,-56.021399676787546,0,0,-56.021399676787546,0,385.49278338520793,385.49278338520793,0,-702.59724681126556,-46.56978293146436,224.08559870715018
0.00015733333333333335,55.939761025539227,-21.95163862170272,-33.988122403836513,-33.988122403836513,-21.95163862170272,0,0,0,0,-848.96971787851771,-27.060286263649942,223.75904410215691
0.00015766666666666669,55.8652243796449,-18.366124860343842,-37.499099519301055,-37.499099519301055,-18.366124860343842,0,0,0,0,-995.93039946097258,-25.745963864655334,223.4608975185796
0.00015800000000000002,55.790787049719739,-14.996439668895814,-40.794347380823922,-40.794347380823922,-14.996439668895814,0,0,0,0,-1133.9605854392628,-23.851364611731356,223.16314819887896
0.00015833333333333335,55.716448903430695,-11.917690109230298,-43.798758794200396,-43.798758794200396,-11.917690109230298,0,0,0,0,-1259.9493513010696,-21.419217558394109,222.86579561372278
0.00015866666666666668,55.64220980862104,-9.1984234349507403,-46.443786373670306,-46.443786373670306,-9.1984234349507403,0,0,0,0,-1371.0573202156966,-18.504366688002399,222.56883923448416
0.00015900000000000002,55.568069633310145,-6.8990822581915321,-48.668987375118618,-48.668987375118618,-6.8990822581915321,0,0,0,0,-1464.7806533418113,-15.172534203231836,222.27227853324058
0.00015933333333333335,55.494028245693237,-5.0706424629579203,-50.423385782735309,-50.423385782735309,-5.0706424629579203,0,0,0,0,-1539.0074742956201,-11.498838663891373,221.97611298277295
0.00015966666666666668,55.420085514141157,-3.7534645598711158,-51.666620954270044,-51.666620954270044,-3.7534645598711158,0,0,0,0,-1592.065456243904,-7.5661013851578174,221.68034205656463
0.00016000000000000001,55.346241307200145,0,-55.346241307200145,-55.346241307200145,0,0,0,0,0,-1622.7594993380499,-3.462979279689459,221.38496522880058
0.00016033333333333335,55.38802984368175,0,-55.38802984368175,-55.38802984368175,0,682.59749746141176,0,0,682.59749746141176,-1524.0191658627812,38.414753299398711,221.552119374727
0.00016066666666666668,55.637946910713296,0,-55.637946910713296,-55.637946910713296,0,1226.0340162859791,0,0,1226.0340162859791,-1210.0498707084057,72.71730409877577,222.55178764285318
0.00016100000000000001,56.027457419497452,0,-56.027457419497452,-56.027457419497452,0,1505.7603479057157,0,0,1505.7603479057157,-742.80413128182397,92.668522356552216,224.10982967798981
0.00016133333333333334,56.454786787815749,0,-56.454786787815749,-56.454786787815749,0,1449.5662559624736,0,0,1449.5662559624736,-214.48197612645541,94.338761953482503,225.819147151263
0.00016166666666666668,56.805121764986424,0,-56.805121764986424,-56.805121764986424,0,1051.878517467266,0,0,1051.878517467266,270.75132413199691,77.422504639012402,227.2204870599457
0.00016200000000000001,56.973390116741172,0,-56.973390116741172,-56.973390116741172,0,374.84817753726605,0,0,374.84817753726605,617.41156553346116,45.297501754383504,227.89356046696469
0.00016233333333333334,56.891976515935994,-32.369529901429729,-24.522446614506265,-24.522446614506265,-32.369529901429729,0,0,0,0,762.22358089012948,26.652757646738074,227.56790606374398
0.00016266666666666667,56.816171095425517,-35.849103724721829,-20.967067370703685,-20.967067370703685,-35.849103724721829,0,0,0,0,907.9064356635605,25.6943384290106,227.26468438170207
0.000163,56.740466681456397,-39.160859807187691,-17.579606874268705,-17.579606874268705,-39.160859807187691,0,0,0,0,1046.6429625135422,24.156791558824029,226.96186672582559
0.00016333333333333334,56.664863139442986,-42.229302619631952,-14.435560519811034,-14.435560519811034,-42.229302619631952,0,0,0,0,1175.3062348965118,22.074797856781089,226.65945255777194
0.00016366666666666667,56.58936033497897,-44.984425273672969,-11.604935061306,-11.604935061306,-44.984425273672969,0,0,0,0,1290.9965109043671,19.495308909035874,226.35744133991588
0.000164,56.513958133837122,-47.363287296574782,-9.1506708372623446,-9.1506708372623446,-47.363287296574782,0,0,0,0,1391.1065860426559,16.476488250050025,226.05583253534849
0.00016433333333333333,56.438656401969062,-49.311433060468829,-7.1272233415002368,-7.1272233415002368,-49.311433060468829,0,0,0,0,1473.3805493739419,13.086399863997329,225.75462560787625
0.00016466666666666667,56.363455005505024,-50.784118900153018,-5.5793361053520112,-5.5793361053520112,-50.784118900153018,0,0,0,0,1535.9646188939469,9.401473577095441,225.4538200220201
0.000165,56.28835381075362,-56.28835381075362,0,0,-56.28835381075362,0,0,0,0,1577.4489106009828,5.5047819409607177,225.15341524301448
0.00016533333333333333,56.322368501786677,-56.322368501786677,0,0,-56.322368501786677,0,645.348263172521,645.348263172521,0,1495.7584378433303,-34.42098924559042,225.28947400714671
0.00016566666666666666,56.554352693343318,-56.554352693343318,0,0,-56.554352693343318,0,1165.9567841703538,1165.9567841703538,0,1207.6505935568691,-67.556784346281916,226.21741077337327
0.00016600000000000002,56.921391699762722,-56.921391699762722,0,0,-56.921391699762722,0,1441.5283675463784,1441.5283675463784,0,769.98754220489025,-87.357666180124568,227.68556679905089
0.00016633333333333336,57.328136651501495,-57.328136651501495,0,0,-57.328136651501495,0,1400.3996741198866,1400.3996741198866,0,269.14179845049705,-89.923695518108673,229.31254660600598
0.00016666666666666669,57.66573077279665,-57.66573077279665,0,0,-57.66573077279665,0,1033.7324486950561,1033.7324486950561,0,-196.13095345182077,-74.771744661861305,230.6629230911866
0.00016700000000000002,57.833408044425816,-57.833408044425816,0,0,-57.833408044425816,0,397.24940248158322,397.24940248158322,0,-534.26634242797797,-44.929915017172689,231.33363217770327
0.00016733333333333335,57.757437152885963,-26.99601117346527,-30.761425979420697,-30.761425979420697,-26.99601117346527,0,0,0,0,-677.71534596032029,-25.536466804970811,231.02974861154385
0.00016766666666666669,57.680478553816101,-23.566151989625638,-34.114326564190463,-34.114326564190463,-23.566151989625638,0,0,0,0,-818.17246769879694,-24.932904724235541,230.72191421526441
0.00016800000000000002,57.603622497834415,-20.255363204518339,-37.348259293316076,-37.348259293316076,-20.255363204518339,0,0,0,0,-953.7061342617302,-23.767363761685381,230.41448999133766
0.00016833333333333335,57.526868848307899,-17.13740098941885,-40.389467858889049,-40.389467858889049,-17.13740098941885,0,0,0,0,-1081.2615313637286,-22.066138792688026,230.1074753932316
0.00016866666666666668,57.450217468785596,-14.281673238787754,-43.168544229997849,-43.168544229997849,-14.281673238787754,0,0,0,0,-1197.9638041382225,-19.867598279455777,229.80086987514238
0.00016900000000000002,57.373668222998369,-11.75167524772819,-45.621992975270174,-45.621992975270174,-11.75167524772819,0,0,0,0,-1301.1828508658539,-17.221318930851744,229.49467289199347
0.00016933333333333335,57.297220974858647,-9.6035587267629126,-47.693662248095734,-47.693662248095734,-9.6035587267629126,0,0,0,0,-1388.5925971783176,-14.186967756416726,229.18888389943459
0.00016966666666666668,57.220875588460196,-7.884866403820987,-49.336009184639209,-49.336009184639209,-7.884866403820987,0,0,0,0,-1458.2234148840455,-10.832956724094075,228.88350235384078
0.00017000000000000001,57.144631928077857,0,-57.144631928077857,-57.144631928077857,0,0,0,0,0,-1508.5065041409923,-7.2349003557614333,228.57852771231143
0.00017033333333333334,57.168590364407159,0,-57.168590364407159,-57.168590364407159,0,593.76914684928647,0,0,593.76914684928647,-1444.3335184331704,29.950281422442913,228.67436145762863
0.00017066666666666668,57.37580536849574,0,-57.37580536849574,-57.37580536849574,0,1078.9859184090217,0,0,1078.9859184090217,-1186.740100559859,61.226603542969258,229.50322147398296
0.00017100000000000001,57.710014592816357,0,-57.710014592816357,-57.710014592816357,0,1342.1277112118087,0,0,1342.1277112118087,-786.56842079198861,80.41754085354313,230.84005837126543
0.00017133333333333334,58.084036041531142,0,-58.084036041531142,-58.084036041531142,0,1313.7502950551213,0,0,1313.7502950551213,-322.78923674434861,83.74381169943166,232.33614416612457
0.00017166666666666667,58.397074630005413,0,-58.397074630005413,-58.397074630005413,0,982.24115901589039,0,0,982.24115901589039,113.15798533436609,70.571376219134095,233.58829852002165
0.00017200000000000001,58.554722637356427,0,-58.554722637356427,-58.554722637356427,0,396.10720185541385,0,0,396.10720185541385,435.48976555781871,43.535863958753396,234.21889054942571
0.00017233333333333334,58.482591567059558,-28.693209032630495,-29.789382534429066,-29.789382534429066,-28.693209032630495,0,0,0,0,577.05542105796451,24.603673307523891,233.93036626823823
0.00017266666666666667,58.404666739732782,-31.948463100494305,-26.456203639238481,-26.456203639238481,-31.948463100494305,0,0,0,0,713.48442198638361,24.418301941872173,233.61866695893113
0.000173,58.326845742940037,-35.141735666199466,-23.185110076740571,-23.185110076740571,-35.141735666199466,0,0,0,0,847.34986615724131,23.682534165492498,233.30738297176015
0.00017333333333333334,58.24912843833286,-38.200173734926381,-20.048954703406476,-20.048954703406476,-38.200173734926381,0,0,0,0,975.63444613497154,22.412977023863277,232.99651375333144
0.00017366666666666667,58.171514687747141,-41.053967696978432,-17.117546990768702,-17.117546990768702,-41.053967696978432,0,0,0,0,1095.4467733493091,20.638268836735595,232.68605875098856
0.000174,58.094004353202848,-43.637924755191889,-14.456079598010964,-14.456079598010964,-43.637924755191889,0,0,0,0,1204.086546700702,18.39843318321546,232.37601741281139
0.00017433333333333333,58.016597296903818,-45.892938222513493,-12.123659074390323,-12.123659074390323,-45.892938222513493,0,0,0,0,1299.1054112841732,15.743976282172385,232.06638918761527
0.00017466666666666667,57.939293381237484,-47.767319575083818,-10.171973806153657,-10.171973806153657,-47.767319575083818,0,0,0,0,1378.3621356127683,12.734748124021621,231.75717352494993
0.000175,57.862092468774648,-57.862092468774648,0,0,-57.862092468774648,0,0,0,0,1440.0708638420981,9.4385930342930848,231.44836987509859
0.00017533333333333333,57.876636120661516,-57.876636120661516,0,0,-57.876636120661516,0,545.17379913230309,545.17379913230309,0,1395.6637353819176,-25.157025095244194,231.50654448264606
0.00017566666666666669,58.060924259074355,-58.060924259074355,0,0,-58.060924259074355,0,999.11490989552726,999.11490989552726,0,1169.8049378815458,-54.786741923144945,232.24369703629742
0.00017600000000000002,58.365597300551833,-58.365597300551833,0,0,-58.365597300551833,0,1254.2984129573592,1254.2984129573592,0,807.08656736381215,-73.600196676167968,233.46238920220733
0.00017633333333333335,58.711614938499622,-58.711614938499622,0,0,-58.711614938499622,0,1242.6512065298969,1242.6512065298969,0,379.09719979964188,-77.892652010109884,234.84645975399849
0.00017666666666666669,59.005947748858247,-59.005947748858247,0,0,-59.005947748858247,0,949.03552174029869,949.03552174029869,0,-29.774666955267865,-66.83831665578748,236.02379099543299
0.00017700000000000002,59.160037862194798,-59.160037862194798,0,0,-59.160037862194798,0,414.23719009452697,414.23719009452697,0,-339.06818473625242,-42.652874057841146,236.64015144877919
0.00017733333333333335,59.096991716462455,-32.430006420708736,-26.666985295753715,-26.666985295753715,-32.430006420708736,0,0,0,0,-480.43232702710321,-23.238705211106002,236.38796686584982
0.00017766666666666668,59.01824823482729,-29.252438447718013,-29.76580978710928,-29.76580978710928,-29.252438447718013,0,0,0,0,-610.39581597389144,-23.46006498671191,236.07299293930916
0.00017800000000000002,58.93960967453787,-26.080836368884977,-32.858773305652889,-32.858773305652889,-26.080836368884977,0,0,0,0,-740.11969328688986,-23.152611082962093,235.75843869815148
0.00017833333333333335,58.861075895792283,-22.985803506314998,-35.875272389477288,-35.875272389477288,-22.985803506314998,0,0,0,0,-866.67991058820155,-22.32329520275616,235.44430358316913
0.00017866666666666668,58.782646758974899,-20.036215574413745,-38.74643118456116,-38.74643118456116,-20.036215574413745,0,0,0,0,-987.22384926521136,-20.99083186490699,235.13058703589959
0.00017900000000000001,58.704322124656123,-17.297668246446023,-41.406653878210108,-41.406653878210108,-17.297668246446023,0,0,0,0,-1099.0346173918017,-19.185276088876858,234.81728849862449
0.00017933333333333335,58.626101853592147,-14.830998718406169,-43.795103135185983,-43.795103135185983,-14.830998718406169,0,0,0,0,-1199.5922846704921,-16.947345474635348,234.50440741436859
0.00017966666666666668,58.547985806724682,-12.690914592075886,-45.857071214648798,-45.857071214648798,-12.690914592075886,0,0,0,0,-1286.6306752457108,-14.327501968778321,234.19194322689873
0.00018000000000000001,58.469973845180739,0,-58.469973845180739,-58.469973845180739,0,0,0,0,0,-1358.1884384229093,-11.384814024248811,233.87989538072296
0.00018033333333333334,58.474003433793797,0,-58.474003433793797,-58.474003433793797,0,489.07671634069914,0,0,489.07671634069914,-1333.2745885873517,20.202953946818155,233.89601373517519
0.00018066666666666668,58.631826926025624,0,-58.631826926025624,-58.631826926025624,0,904.84733317122993,0,0,904.84733317122993,-1141.148515258817,47.800673843395543,234.5273077041025
0.00018100000000000001,58.901434150604295,0,-58.901434150604295,-58.901434150604295,0,1147.1877637781561,0,0,1147.1877637781561,-819.75071507549592,65.960466546457155,235.60573660241718
0.00018133333333333334,59.212780432886902,0,-59.212780432886902,-59.212780432886902,0,1150.4006960839349,0,0,1150.4006960839349,-432.51604053201243,71.106784360520948,236.85112173154761
0.00018166666666666667,59.481693972497098,0,-59.481693972497098,-59.481693972497098,0,896.23032038714496,0,0,896.23032038714496,-55.793500865077846,62.24423745481019,237.92677588998839
0.00018200000000000001,59.626580351410354,0,-59.626580351410354,-59.626580351410354,0,417.47068694825538,0,0,417.47068694825538,236.28820876504753,41.153846070960313,238.50632140564142
0.00018233333333333334,59.572139024091861,-24.419656705181954,-35.152482318909911,-35.152482318909911,-24.419656705181954,0,0,0,0,377.53450523931775,22.011589055791958,238.28855609636744
0.00018266666666666667,59.492762434878706,-27.382280183218906,-32.110482251659803,-32.110482251659803,-27.382280183218906,0,0,0,0,501.86615013794545,22.663531353104098,237.97104973951483
0.000183,59.413491610592217,-30.398122821718776,-29.015368788873445,-29.015368788873445,-30.398122821718776,0,0,0,0,628.4047395602372,22.804596837820124,237.65396644236887
0.00018333333333333334,59.33432641030646,-33.398309983983253,-25.936016426323217,-25.936016426323217,-33.398309983983253,0,0,0,0,754.29792406965055,22.431626573388087,237.33730564122584
0.00018366666666666667,59.255266693283282,-36.314323908087218,-22.940942785196071,-22.940942785196071,-36.314323908087218,0,0,0,0,876.70801801989069,21.553048442088851,237.02106677313313
0.000184,59.176312318972052,-39.079548124409129,-20.096764194562919,-20.096764194562919,-39.079548124409129,0,0,0,0,992.87596218532906,20.188686704210713,236.70524927588821
0.00018433333333333333,59.097463147009421,-41.630768954049429,-17.466694192959999,-17.466694192959999,-41.630768954049429,0,0,0,0,1100.1835115019874,18.369314683408572,236.38985258803768
0.00018466666666666666,59.018719037219057,-43.909600245159055,-15.109118792060004,-15.109118792060004,-43.909600245159055,0,0,0,0,1196.212246240286,16.135960671444714,236.07487614887623
0.00018500000000000002,58.940079849611415,-58.940079849611415,0,0,-58.940079849611415,0,0,0,0,1278.7980765895923,13.538982707689142,235.76031939844566
0.00018533333333333336,58.934392032866846,-58.934392032866846,0,0,-58.934392032866846,0,436.72640123484734,436.72640123484734,0,1274.0075632941814,-15.233656053492453,235.73756813146738
0.00018566666666666669,59.06782058316859,-59.06782058316859,0,0,-59.06782058316859,0,818.10722624597759,818.10722624597759,0,1115.1496568059933,-40.994070821603231,236.27128233267436
0.00018600000000000002,59.305594191764598,-59.305594191764598,0,0,-59.305594191764598,0,1050.7089433033361,1050.7089433033361,0,833.61125381573765,-58.658240235675976,237.22237676705839
0.00018633333333333335,59.58633543720434,-59.58633543720434,0,0,-59.58633543720434,0,1070.6335917296335,1070.6335917296335,0,484.96917129741496,-64.748461186244185,238.34534174881736
0.00018666666666666669,59.834248918629825,-59.834248918629825,0,0,-59.834248918629825,0,856.17888286130005,856.17888286130005,0,137.96763156646048,-58.081887832954578,239.3369956745193
0.00018700000000000002,59.974164841504049,-59.974164841504049,0,0,-59.974164841504049,0,432.13161954101355,432.13161954101355,0,-139.10930806252392,-40.004040975371041,239.89665936601619
0.00018733333333333335,59.934025325352302,-37.610966699937435,-22.32305862541487,-22.32305862541487,-37.610966699937435,0,0,0,0,-283.22655372618192,-20.56528114821155,239.73610130140921
0.00018766666666666668,59.854166542604595,-34.736248060653139,-25.11791848195146,-25.11791848195146,-34.736248060653139,0,0,0,0,-400.6164143395398,-21.615499037508211,239.41666617041838
0.00018800000000000002,59.774414167279836,-31.753296255660612,-28.021117911619225,-28.021117911619225,-31.753296255660612,0,0,0,0,-522.49573466620245,-22.178447233454971,239.09765666911935
0.00018833333333333335,59.694768057596008,-28.728454399256826,-30.966313658339185,-30.966313658339185,-28.728454399256826,0,0,0,0,-646.11709534692068,-22.241456337063465,238.77907223038403
0.00018866666666666668,59.615228071960004,-25.729008334659433,-33.886219737300564,-33.886219737300564,-25.729008334659433,0,0,0,0,-768.6939220229408,-21.803126407257928,238.46091228784002
0.00018900000000000001,59.535794068967384,-22.821669928687378,-36.714124140280006,-36.714124140280006,-22.821669928687378,0,0,0,0,-887.46329807360769,-20.873358058296407,238.14317627586954
0.00018933333333333335,59.456465907402119,-20.071073365892374,-39.385392541509745,-39.385392541509745,-20.071073365892374,0,0,0,0,-999.74824154009775,-19.473128834273961,237.82586362960848
0.00018966666666666668,59.377243446236349,-17.538318336092743,-41.838925110143606,-41.838925110143606,-17.538318336092743,0,0,0,0,-1103.0180424958753,-17.634019911722891,237.5089737849454
0.00019000000000000001,59.298126544630122,0,-59.298126544630122,-59.298126544630122,0,0,0,0,0,-1194.9453009002843,-15.397503808882288,237.19250617852049
0.00019033333333333334,59.282582967056037,0,-59.282582967056037,-59.282582967056037,0,382.50203684708788,0,0,382.50203684708788,-1208.9233687951255,10.448388704694651,237.13033186822415
0.00019066666666666668,59.390732537972518,0,-59.390732537972518,-59.390732537972518,0,726.97051343727378,0,0,726.97051343727378,-1082.7096104637542,34.22447976531177,237.56293015189007
0.00019100000000000001,59.594914744265374,0,-59.594914744265374,-59.594914744265374,0,947.19756884507319,0,0,947.19756884507319,-841.25512162366454,51.239713680797337,238.3796589770615
0.00019133333333333334,59.842476680254968,0,-59.842476680254968,-59.842476680254968,0,981.64242554182442,0,0,981.64242554182442,-532.22850871557682,58.144575398660749,239.36990672101987
0.00019166666666666667,60.066230648900778,0,-60.066230648900778,-60.066230648900778,0,805.62629253049454,0,0,805.62629253049454,-216.56106812792839,53.594328570247114,240.26492259560311
0.000192,60.19779104608488,0,-60.19779104608488,-60.19779104608488,0,436.21772798520891,0,0,436.21772798520891,43.632574380838008,38.514717702006649,240.79116418433952
0.00019233333333333334,60.172234393276092,-20.221904060689798,-39.950330332586297,-39.950330332586297,-20.221904060689798,0,0,0,0,191.28910855917454,19.297368943334565,240.68893757310437
0.00019266666666666667,60.092058210085135,-22.87227545322445,-37.219782756860681,-37.219782756860681,-22.87227545322445,0,0,0,0,302.69780934509271,20.73424482986297,240.36823284034054
0.000193,60.011988857235714,-25.684291824016899,-34.327697033218811,-34.327697033218811,-25.684291824016899,0,0,0,0,420.80336018988578,21.703699330697042,240.04795542894286
0.00019333333333333333,59.932026192382288,-28.593659500997173,-31.338366691385119,-31.338366691385119,-28.593659500997173,0,0,0,0,542.9433151451201,22.18389933112773,239.72810476952915
0.00019366666666666667,59.852170073368988,-31.533894268389378,-28.318275804979613,-28.318275804979613,-31.533894268389378,0,0,0,0,666.36439848169368,22.164040709439249,239.40868029347595
0.000194,59.772420358229361,-34.4378200503713,-25.334600307858054,-25.334600307858054,-34.4378200503713,0,0,0,0,788.2845689560213,21.644591420276459,239.08968143291744
0.00019433333333333333,59.692776905186115,-37.239083128772876,-22.453693776413242,-22.453693776413242,-37.239083128772876,0,0,0,0,905.95572994599706,20.637280488410475,238.77110762074446
0.00019466666666666669,59.613239572650862,-39.873647762758679,-19.739591809892183,-19.739591809892183,-39.873647762758679,0,0,0,0,1016.7256719044111,19.164833171319348,238.45295829060345
0.00019500000000000002,59.533808219223886,-59.533808219223886,0,0,-59.533808219223886,0,0,0,0,1118.09785093901,17.260458270505556,238.13523287689554
0.00019533333333333336,59.509592244963805,-59.509592244963805,0,0,-59.509592244963805,0,334.30386510177482,334.30386510177482,0,1149.9700538693323,-5.9770032651444183,238.03836897985522
0.00019566666666666669,59.595490738385656,-59.595490738385656,0,0,-59.595490738385656,0,646.73710972523656,646.73710972523656,0,1053.9037724059988,-28.024612174426636,238.38196295354263
0.00019600000000000002,59.770404167399953,-59.770404167399953,0,0,-59.770404167399953,0,857.38501418226917,857.38501418226917,0,848.9106200156981,-44.533566329944932,239.08161666959981
0.00019633333333333335,59.989609049265603,-59.989609049265603,0,0,-59.989609049265603,0,906.54423398706967,906.54423398706967,0,575.47044190631425,-52.254275961860429,239.95843619706241
0.00019666666666666669,60.193642629438131,-60.193642629438131,0,0,-60.193642629438131,0,766.5553271420348,766.5553271420348,0,287.50153068627606,-49.679892910282888,240.77457051775252
0.00019700000000000002,60.32010798107288,-60.32010798107288,0,0,-60.32010798107288,0,447.28066724651825,447.28066724651825,0,41.670925474542656,-37.344238654014006,241.28043192429152
0.00019733333333333335,60.315072852046676,-41.90805161875052,-18.407021233296152,-18.407021233296152,-41.90805161875052,0,0,0,0,-113.18258461601647,-17.991750336287925,241.2602914081867
0.00019766666666666668,60.234706344488465,-39.330555052517944,-20.904151291970518,-20.904151291970518,-39.330555052517944,0,0,0,0,-218.24555745355141,-19.759699975950276,240.93882537795386
0.00019800000000000002,60.154446920868509,-36.54554378831444,-23.608903132554072,-23.608903132554072,-36.54554378831444,0,0,0,0,-331.90924541293134,-21.082181627310081,240.61778768347403
0.00019833333333333335,60.074294438503365,-33.614897556681228,-26.459396881822141,-26.459396881822141,-33.614897556681228,0,0,0,0,-451.61124754291791,-21.929403828272719,240.29717775401346
0.00019866666666666668,59.994248754899715,-30.603777482068917,-29.390471272830805,-29.390471272830805,-30.603777482068917,0,0,0,0,-574.65315964621834,-22.282288976000327,239.97699501959886
0.00019900000000000001,59.914309727754095,-27.579157174937521,-32.335152552816567,-32.335152552816567,-27.579157174937521,0,0,0,0,-698.26140354311713,-22.132902912579699,239.65723891101638
0.00019933333333333334,59.834477214952656,-24.608313028994555,-35.226164185958098,-35.226164185958098,-24.608313028994555,0,0,0,0,-819.64974833126723,-21.484633312940304,239.33790885981063
0.00019966666666666668,59.754751074570919,-21.757307754883211,-37.997443319687704,-37.997443319687704,-21.757307754883211,0,0,0,0,-936.08211430417782,-20.352112864258064,239.01900429828368
0.00020000000000000001,59.675131164873498,0,-59.675131164873498,-59.675131164873498,0,0,0,0,0,-1044.9342438769213,-18.760888978804495,238.70052465949399
0.00020033333333333334,59.642898484771123,0,-59.642898484771123,-59.642898484771123,0,289.01544514933789,0,0,289.01544514933789,-1092.2267630594467,2.0188746548063392,238.57159393908449
0.00020066666666666667,59.707873358281788,0,-59.707873358281788,-59.707873358281788,0,570.47931918884967,0,0,570.47931918884967,-1023.2661977875938,22.388283696755266,238.83149343312715
0.00020100000000000001,59.854860533366256,0,-59.854860533366256,-59.854860533366256,0,770.58688211248602,0,0,770.58688211248602,-851.72044193119018,38.33083198468313,239.41944213346503
0.00020133333333333334,60.046416248793754,0,-60.046416248793754,-60.046416248793754,0,831.69141489952187,0,0,831.69141489952187,-611.47077898717191,46.708779956748742,240.18566499517502
0.00020166666666666667,60.230288918021465,0,-60.230288918021465,-60.230288918021465,0,723.73076476516701,0,0,723.73076476516701,-349.89018153692314,45.884603572933941,240.92115567208586
0.000202,60.349794380287484,0,-60.349794380287484,-60.349794380287484,0,450.18312704958737,0,0,450.18312704958737,-118.45064084286653,36.044911175179067,241.39917752114994
0.00020233333333333334,60.355068546829088,0,-60.355068546829088,-60.355068546829088,0,47.373921868685159,0,0,47.373921868685159,37.478129442656638,19.162752982828604,241.42027418731635
0.00020266666666666667,60.268449982102375,-18.868251148526785,-41.400198833575587,-41.400198833575587,-18.868251148526785,0,0,0,0,133.23989262187465,18.94734958015907,241.0737999284095
0.000203,60.188145596946619,-21.487637267061292,-38.700508329885331,-38.700508329885331,-21.487637267061292,0,0,0,0,243.3656291808025,20.623264960880256,240.75258238778648
0.00020333333333333333,60.10794821295444,-24.300963260639531,-35.806984952314906,-35.806984952314906,-24.300963260639531,0,0,0,0,361.52565276544243,21.834250794621944,240.43179285181776
0.00020366666666666667,60.027857687552697,-27.243903181527973,-32.783954506024727,-32.783954506024727,-27.243903181527973,0,0,0,0,485.05623520687919,22.553029596597622,240.11143075021079
0.00020400000000000003,59.947873878358209,-30.249213321667245,-29.698660556690964,-29.698660556690964,-30.249213321667245,0,0,0,0,611.17270083585447,22.763419648264303,239.79149551343284
0.00020433333333333336,59.867996643177513,-33.248248045328225,-26.619748597849281,-26.619748597849281,-33.248248045328225,0,0,0,0,737.03219974780166,22.46069929240398,239.47198657271005
0.00020466666666666669,59.788225840006618,-36.172507160482567,-23.615718679524051,-23.615718679524051,-36.172507160482567,0,0,0,0,859.79778979997525,21.651712896375891,239.15290336002647
0.00020500000000000002,59.708561327030743,-59.708561327030743,0,0,-59.708561327030743,0,0,0,0,976.70238283878768,20.354716105562826,238.83424530812297
0.00020533333333333336,59.669240264563442,-59.669240264563442,0,0,-59.669240264563442,0,248.41561657975424,248.41561657975424,0,1039.2459815522075,1.7860575478771992,238.67696105825377
0.00020566666666666669,59.715709744657147,-59.715709744657147,0,0,-59.715709744657147,0,503.02868714276974,503.02868714276974,0,995.915855344345,-17.120805935337444,238.86283897862859
0.00020600000000000002,59.838350445461181,-59.838350445461181,0,0,-59.838350445461181,0,695.3582241308111,695.3582241308111,0,855.33181701554406,-32.638908342838562,239.35340178184472
0.00020633333333333335,60.006449580773747,-60.006449580773747,0,0,-60.006449580773747,0,769.29673755196814,769.29673755196814,0,645.27251921208369,-41.714225036311291,240.02579832309499
0.00020666666666666668,60.174306323306844,-60.174306323306844,0,0,-60.174306323306844,0,692.23321125792359,692.23321125792359,0,407.16348183162347,-42.570611213913764,240.69722529322738
0.00020700000000000002,60.290308023020458,-60.290308023020458,0,0,-60.290308023020458,0,461.51555916455538,461.51555916455538,0,187.86293351566403,-35.061274272005207,241.16123209208183
0.00020733333333333335,60.307177460480951,-60.307177460480951,0,0,-60.307177460480951,0,104.97370201054383,104.97370201054383,0,30.374280985163093,-20.69722722500352,241.2287098419238
0.00020766666666666668,60.218184300875627,-43.17858136617464,-17.039602934700984,-17.039602934700984,-43.17858136617464,0,0,0,0,-58.558777377832456,-17.954803104627299,240.87273720350251
0.00020800000000000001,60.137946891967417,-40.591168179841645,-19.546778712125775,-19.546778712125775,-40.591168179841645,0,0,0,0,-164.03289551165744,-19.944379321610686,240.55178756786967
0.00020833333333333335,60.057816394980634,-37.766735089707325,-22.291081305273305,-22.291081305273305,-37.766735089707325,0,0,0,0,-279.32969969006376,-21.484315751474913,240.23126557992254
0.00020866666666666668,59.977792667461038,-34.76805307178882,-25.209739595672222,-25.209739595672222,-34.76805307178882,0,0,0,0,-401.84992781437001,-22.539919533684483,239.91117066984415
0.00020900000000000001,59.897875567144204,-31.661819434581659,-28.236056132562542,-28.236056132562542,-31.661819434581659,0,0,0,0,-528.83160291558409,-23.087416381812275,239.59150226857682
0.00020933333333333334,59.818064951955265,-28.51715425838535,-31.300910693569922,-31.300910693569922,-28.51715425838535,0,0,0,0,-657.41229647435887,-23.114486027099371,239.27225980782106
0.00020966666666666668,59.738360680008661,-25.404042284948467,-34.334318395060194,-34.334318395060194,-25.404042284948467,0,0,0,0,-784.69365345115341,-22.62053945945587,238.95344272003464
0.00021000000000000001,59.658762609607891,0,-59.658762609607891,-59.658762609607891,0,0,0,0,0,-907.80672449972656,-21.616731727212056,238.63505043843156
0.00021033333333333334,59.61251107675708,0,-59.61251107675708,-59.61251107675708,0,207.894088090309,0,0,207.894088090309,-983.73470437368735,-5.2619082458132169,238.45004430702832
0.00021066666666666667,59.64045971209746,0,-59.64045971209746,-59.64045971209746,0,434.56058909668991,0,0,434.56058909668991,-964.36459165836027,12.115672172972737,238.56183884838984
0.00021100000000000001,59.73820872127294,0,-59.73820872127294,-59.73820872127294,0,617.08528024984412,0,0,617.08528024984412,-853.59245602974943,27.091803831660343,238.95283488509176
0.00021133333333333334,59.881534045093275,0,-59.881534045093275,-59.881534045093275,0,701.32786165913717,0,0,701.32786165913717,-673.31553084680775,36.719455905870291,239.5261361803731
0.00021166666666666667,60.031205648752717,0,-60.031205648752717,-60.031205648752717,0,652.65647097599413,0,0,652.65647097599413,-459.08617432432004,39.11258351160015,240.12482259501087
0.000212,60.140780651831328,0,-60.140780651831328,-60.140780651831328,0,462.81212586287711,0,0,462.81212586287711,-253.06156029500789,33.819462001232537,240.56312260732531
0.00021233333333333334,60.165825803710469,0,-60.165825803710469,-60.165825803710469,0,151.54427067670923,0,0,151.54427067670923,-95.647276553069929,21.911642822838306,240.66330321484187
0.00021266666666666667,60.080653570135006,-15.367102077364034,-44.713551492770975,-44.713551492770975,-15.367102077364034,0,0,0,0,-7.8505762914871475,17.157324518186346,240.32261428054002
0.000213,60.000599413339231,-17.785934695067386,-42.214664718271848,-42.214664718271848,-17.785934695067386,0,0,0,0,93.958311553232861,19.424857233133736,240.00239765335692
0.00021333333333333333,59.920651924291548,-20.480040188237961,-39.440611736053583,-39.440611736053583,-20.480040188237961,0,0,0,0,207.16955982073657,21.254449217225474,239.68260769716619
0.00021366666666666669,59.840810960863067,-23.387779424710491,-36.453031536152572,-36.453031536152572,-23.387779424710491,0,0,0,0,329.2308519415119,22.604878115209349,239.36324384345227
0.00021400000000000002,59.761076381114279,-26.442701539301137,-33.318374841813139,-33.318374841813139,-26.442701539301137,0,0,0,0,457.39048952730354,23.44572388620162,239.04430552445712
0.00021433333333333336,59.681448043294793,-29.575041972284719,-30.10640607101007,-30.10640607101007,-29.575041972284719,0,0,0,0,588.75942549598051,23.758054051475561,238.72579217317917
0.00021466666666666669,59.601925805843102,-32.713295139742343,-26.888630666100759,-26.888630666100759,-32.713295139742343,0,0,0,0,720.37639060088429,23.534849977487045,238.40770322337241
0.00021500000000000002,59.522509527386319,-59.522509527386319,0,0,-59.522509527386319,0,0,0,0,849.27464524580148,22.781164595976229,238.09003810954528
0.00021533333333333335,59.470721806013032,-59.470721806013032,0,0,-59.470721806013032,0,174.86308357107868,174.86308357107868,0,936.90213787555206,8.2389896597299241,237.88288722405213
0.00021566666666666669,59.483771918971229,-59.483771918971229,0,0,-59.483771918971229,0,379.25945612197739,379.25945612197739,0,937.81901796912541,-7.911796313694083,237.93508767588492
0.00021600000000000002,59.561675231671927,-59.561675231671927,0,0,-59.561675231671927,0,554.73966608048397,554.73966608048397,0,851.92467291087098,-22.489817720732674,238.24670092668771
0.00021633333333333335,59.685617756214043,-59.685617756214043,0,0,-59.685617756214043,0,648.60702837677968,648.60702837677968,0,696.21174338842638,-32.626565134059717,238.74247102485617
0.00021666666666666668,59.821701195545593,-59.821701195545593,0,0,-59.821701195545593,0,624.36719916722677,624.36719916722677,0,501.39234804788816,-36.334709182103211,239.28680478218237
0.00021700000000000002,59.92767875717017,-59.92767875717017,0,0,-59.92767875717017,0,468.96294836844538,468.96294836844538,0,305.80691131630272,-32.901575212541388,239.71071502868068
0.00021733333333333335,59.961345760554011,-59.961345760554011,0,0,-59.961345760554011,0,195.36166739061338,195.36166739061338,0,147.82370807683978,-23.029872221973847,239.84538304221604
0.00021766666666666668,59.885581542672583,-45.80956412145261,-14.076017421219969,-14.076017421219969,-45.80956412145261,0,0,0,0,57.272272885126263,-16.347757727854002,239.54232617069033
0.00021800000000000001,59.805787308593104,-43.4054971314781,-16.400290177115007,-16.400290177115007,-43.4054971314781,0,0,0,0,-40.613024245150918,-18.824589177501839,239.22314923437241
0.00021833333333333335,59.726099395929033,-40.697222202642394,-19.028877193286643,-19.028877193286643,-40.697222202642394,0,0,0,0,-151.10327776798005,-20.87700180877907,238.90439758371613
0.00021866666666666668,59.646517663012958,-37.744899752476485,-21.901617910536469,-21.901617910536469,-37.744899752476485,0,0,0,0,-271.70745516491229,-22.458750198625403,238.58607065205183
0.00021900000000000001,59.567041968366212,-34.614189934847637,-24.952852033518578,-24.952852033518578,-34.614189934847637,0,0,0,0,-399.70665095354479,-23.534199873224374,238.26816787346485
0.00021933333333333334,59.487672170698652,-31.374772393450829,-28.112899777247822,-28.112899777247822,-31.374772393450829,0,0,0,0,-532.21538179782476,-24.079130100182784,237.95068868279461
0.00021966666666666668,59.408408128908398,-28.098775473639432,-31.309632655268967,-31.309632655268967,-28.098775473639432,0,0,0,0,-666.24663389655711,-24.081279375134649,237.63363251563359
0.00022000000000000001,59.329249702081576,0,-59.329249702081576,-59.329249702081576,0,0,0,0,0,-798.77919628835866,-23.540621317617244,237.3169988083263
0.00022033333333333334,59.272905458887401,0,-59.272905458887401,-59.272905458887401,0,146.92068235140019,0,0,146.92068235140019,-895.04799613754108,-10.538406788963595,237.0916218355496
0.00022066666666666667,59.273345741494772,0,-59.273345741494772,-59.273345741494772,0,331.69618986583731,0,0,331.69618986583731,-912.02816749588499,4.5254105466394918,237.09338296597909
0.00022100000000000001,59.334086566294779,0,-59.334086566294779,-59.334086566294779,0,499.83291428783195,0,0,499.83291428783195,-846.45139575612382,18.684608641196476,237.33634626517912
0.00022133333333333334,59.440737448801201,0,-59.440737448801201,-59.440737448801201,0,600.15399545673154,0,0,600.15399545673154,-711.30118309528996,29.153346336460615,237.7629497952048
0.00022166666666666667,59.563868957335288,0,-59.563868957335288,-59.563868957335288,0,594.94862001829006,0,0,594.94862001829006,-533.23386563559677,33.878146063626829,238.25547582934115
0.000222,59.664862374111344,0,-59.664862374111344,-59.664862374111344,0,467.44887755270747,0,0,467.44887755270747,-347.29117146110798,31.944534121592,238.65944949644538
0.00022233333333333333,59.70358109774731,0,-59.70358109774731,-59.70358109774731,0,225.1535301081372,0,0,225.1535301081372,-189.9531569074127,23.75781168960134,238.81432439098924
0.00022266666666666667,59.639418356719077,-13.062356005410884,-46.5770623513082,-46.5770623513082,-13.062356005410884,0,0,0,0,-94.14939242899824,15.799839779133254,238.55767342687631
0.00022300000000000003,59.559952121506363,-15.323642652654385,-44.236309468851978,-44.236309468851978,-15.323642652654385,0,0,0,0,1.1190418168101299,18.432209020945486,238.23980848602545
0.00022333333333333336,59.480591770668667,-17.910743583830577,-41.569848186838087,-41.569848186838087,-17.910743583830577,0,0,0,0,109.88275814336268,20.648997617871689,237.92236708267467
0.00022366666666666669,59.401337163120893,-20.764436180268294,-38.636900982852595,-38.636900982852595,-20.764436180268294,0,0,0,0,229.68960507675959,22.400254649481685,237.60534865248357
0.00022400000000000002,59.322188157965947,-23.819492278216739,-35.502695879749204,-35.502695879749204,-23.819492278216739,0,0,0,0,357.83861169194944,23.64652460146683,237.28875263186379
0.00022433333333333336,59.243144614494462,-27.006148695403741,-32.236995919090724,-32.236995919090724,-27.006148695403741,0,0,0,0,491.4408793183174,24.35973629118239,236.97257845797785
0.00022466666666666669,59.16420639218456,-30.251679919996651,-28.91252647218791,-28.91252647218791,-30.251679919996651,0,0,0,0,627.48470677992282,24.523835147027391,236.65682556873824
0.00022500000000000002,59.085373350701602,-59.085373350701602,0,0,-59.085373350701602,0,0,0,0,762.90348103423867,24.135144600118814,236.34149340280641
0.00022533333333333335,59.026180905853913,-59.026180905853913,0,0,-59.026180905853913,0,128.56206313067764,128.56206313067764,0,865.4172319416009,12.154543563155132,236.10472362341565
0.00022566666666666669,59.018543904155877,-59.018543904155877,0,0,-59.018543904155877,0,300.81972553423128,300.81972553423128,0,893.5167063373184,-2.2056563826421325,236.07417561662351
0.00022600000000000002,59.068398119027172,-59.068398119027172,0,0,-59.068398119027172,0,464.83910564571602,464.83910564571602,0,841.74326330707424,-16.11845863523466,236.27359247610869
0.00022633333333333335,59.164354409883323,-59.164354409883323,0,0,-59.164354409883323,0,570.33612995165572,570.33612995165572,0,720.35950936880943,-26.846589232823021,236.65741763953329
0.00022666666666666668,59.279970826316905,-59.279970826316905,0,0,-59.279970826316905,0,578.6495126671341,578.6495126671341,0,553.3097029513068,-32.284890015554808,237.11988330526762
0.00022700000000000002,59.379009783447607,-59.379009783447607,0,0,-59.379009783447607,0,470.40663449695046,470.40663449695046,0,373.46974479256096,-31.37723885812531,237.51603913379043
0.00022733333333333335,59.42263735272779,-59.42263735272779,0,0,-59.42263735272779,0,249.36407803346373,249.36407803346373,0,216.12909104324191,-24.325425345202596,237.69054941091116
0.00022766666666666668,59.370761723245771,-46.938246425441875,-12.432515297803899,-12.432515297803899,-46.938246425441875,0,0,0,0,114.66572930376475,-15.311504459462759,237.48304689298308
0.00022800000000000001,59.291653458177898,-44.657328621100234,-14.634324837077667,-14.634324837077667,-44.657328621100234,0,0,0,0,21.868787011475629,-18.032481706896302,237.16661383271159
0.00022833333333333334,59.212650600509562,-42.038185905296132,-17.174464695213434,-17.174464695213434,-42.038185905296132,0,0,0,0,-84.941698013790159,-20.34688481337977,236.85060240203825
0.00022866666666666668,59.133753009791228,-39.138978703450235,-19.99477430634099,-19.99477430634099,-39.138978703450235,0,0,0,0,-203.35758029644839,-22.202562199651975,236.53501203916491
0.00022900000000000001,59.05496054576048,-36.024179093466685,-23.030781452293798,-23.030781452293798,-36.024179093466685,0,0,0,0,-330.70921927540741,-23.557704373989424,236.21984218304192
0.00022933333333333334,58.976273068341811,-32.763117306214141,-26.213155762127673,-26.213155762127673,-32.763117306214141,0,0,0,0,-464.12566531876621,-24.381785924119033,235.90509227336725
0.00022966666666666667,58.897690437646354,-29.428418779261904,-29.469271658384447,-29.469271658384447,-29.428418779261904,0,0,0,0,-600.59938092537243,-24.656253120559239,235.59076175058541
0.00023000000000000001,58.819212513971628,0,-58.819212513971628,-58.819212513971628,0,0,0,0,0,-737.05403807211553,-24.374941642717584,235.27685005588651
0.00023033333333333334,58.758250958476694,0,-58.758250958476694,-58.758250958476694,0,116.18139530920769,0,0,116.18139530920769,-842.89312547656198,-13.091849182714947,235.03300383390678
0.00023066666666666667,58.745224975494828,0,-58.745224975494828,-58.745224975494828,0,279.4520045234259,0,0,279.4520045234259,-877.73739797263818,0.75557061695995742,234.98089990197931
0.000231,58.787541084997812,0,-58.787541084997812,-58.787541084997812,0,439.74313128554212,0,0,439.74313128554212,-834.79768758834746,14.441773684600392,235.15016433999125
0.00023133333333333334,58.875734073448385,0,-58.875734073448385,-58.875734073448385,0,547.59242334621456,0,0,547.59242334621456,-722.59313934877503,25.274188779679307,235.50293629379354
0.00023166666666666667,58.985357412120159,0,-58.985357412120159,-58.985357412120159,0,563.95437317169717,0,0,563.95437317169717,-563.25726640789742,31.126773901980982,235.94142964848064
0.000232,59.081844711799668,0,-59.081844711799668,-59.081844711799668,0,467.94275863199232,0,0,467.94275863199232,-388.14679144815034,30.861100262237187,236.32737884719867
0.00023233333333333336,59.127377682494519,0,-59.127377682494519,-59.127377682494519,0,260.97151743002991,0,0,260.97151743002991,-231.6244936200018,24.55156207453151,236.50951072997808
0.00023266666666666669,59.083872700301619,-12.009392057006611,-47.074480643295004,-47.074480643295004,-12.009392057006611,0,0,0,0,-126.24579051142096,15.052180544914489,236.33549080120648
0.00023300000000000003,59.00514669903184,-14.179900283010358,-44.825246416021486,-44.825246416021486,-14.179900283010358,0,0,0,0,-34.753579083538419,17.822986462113551,236.02058679612736
0.00023333333333333336,58.926525595816173,-16.695753848244802,-42.230771747571367,-42.230771747571367,-16.695753848244802,0,0,0,0,71.042659468650555,20.191938367808156,235.70610238326469
0.00023366666666666669,58.848009250883756,-19.499343632861351,-39.348665618022409,-39.348665618022409,-19.499343632861351,0,0,0,0,188.75762961659234,22.105654926467487,235.39203700353502
0.00023400000000000002,58.769597524649953,-22.526578283633125,-36.243019241016825,-36.243019241016825,-22.526578283633125,0,0,0,0,315.73747706344636,23.521018264875771,235.07839009859981
0.00023433333333333336,58.691290277716114,-25.70832913547962,-32.982961142236498,-32.982961142236498,-25.70832913547962,0,0,0,0,449.11961921357585,24.406145458986465,234.76516111086445
0.00023466666666666669,58.613087370869337,-28.971988618443756,-29.641098752425577,-29.641098752425577,-28.971988618443756,0,0,0,0,585.89727807743657,24.741106738433295,234.45234948347735
0.00023500000000000002,58.53498866508221,-58.53498866508221,0,0,-58.53498866508221,0,0,0,0,722.98726080826555,24.51837423021167,234.13995466032884
0.00023533333333333335,58.47356148528722,-58.47356148528722,0,0,-58.47356148528722,0,111.29240491292006,111.29240491292006,0,830.45729844153072,13.525787901471498,233.89424594114888
0.00023566666666666668,58.458676572418376,-58.458676572418376,0,0,-58.458676572418376,0,271.23834593524407,271.23834593524407,0,868.33334173205537,-0.11631931155312714,233.83470628967351
0.00023600000000000002,58.498398678410808,-58.498398678410808,0,0,-58.498398678410808,0,430.51464838055057,430.51464838055057,0,829.23020957535266,-13.722961773719291,233.99359471364323
0.00023633333333333335,58.584094850640923,-58.584094850640923,0,0,-58.584094850640923,0,539.94600304865071,539.94600304865071,0,720.91230271513643,-24.617191826965581,234.33637940256369
0.00023666666666666668,58.692159659060991,-58.692159659060991,0,0,-58.692159659060991,0,560.25871738305159,560.25871738305159,0,564.74928168442591,-30.660569749250087,234.76863863624396
0.00023700000000000001,58.788709757778442,-58.788709757778442,0,0,-58.788709757778442,0,469.86853005098135,469.86853005098135,0,391.47627822978291,-30.676715359799658,235.15483903111377
0.00023733333333333335,58.836316323200407,-58.836316323200407,0,0,-58.836316323200407,0,269.15995177259646,269.15995177259646,0,235.09986227106279,-24.684048392661268,235.34526529280163
0.00023766666666666668,58.798490848998867,-46.962063740993301,-11.836427108005569,-11.836427108005569,-46.962063740993301,0,0,0,0,127.49718283298002,-14.814144282999733,235.19396339599547
0.00023800000000000001,58.720145103304105,-44.744488209478241,-13.975656893825864,-13.975656893825864,-44.744488209478241,0,0,0,0,37.308292730491168,-17.592710334605027,234.88058041321642
0.00023833333333333334,58.641903748993883,-42.180278987166702,-16.461624761827181,-16.461624761827181,-42.180278987166702,0,0,0,0,-67.242262338906059,-19.974612628574512,234.56761499597553
0.00023866666666666668,58.563766646972439,-39.326367188723793,-19.237399458248643,-19.237399458248643,-39.326367188723793,0,0,0,0,-183.79726299590479,-21.906177708448912,234.25506658788976
0.00023900000000000001,58.485733658329345,-36.246212868473904,-22.239520789855437,-22.239520789855437,-36.246212868473904,0,0,0,0,-309.72899790403073,-23.343885184949752,233.94293463331738
0.00023933333333333334,58.407804644339272,-33.008374323714271,-25.399430320625004,-25.399430320625004,-33.008374323714271,0,0,0,0,-442.19850503888603,-24.255348300287636,233.63121857735709
0.00023966666666666667,58.329979466461722,-29.684962538576155,-28.645016927885568,-28.645016927885568,-29.684962538576155,0,0,0,0,-578.21957227298697,-24.620043493522942,233.31991786584689
0.00024000000000000001,58.252257986340808,0,-58.252257986340808,-58.252257986340808,0,0,0,0,0,-714.72605446911712,-24.429772532318665,233.00903194536323
0.00024033333333333334,58.190933604449448,0,-58.190933604449448,-58.190933604449448,0,109.62872981799745,0,0,109.62872981799745,-822.0189899646108,-13.551689152879705,232.76373441779779
0.00024066666666666667,58.175601360510633,0,-58.175601360510633,-58.175601360510633,0,268.00637657996504,0,0,268.00637657996504,-860.35026480352201,-0.018898954893465714,232.70240544204253
0.000241,58.214426218453106,0,-58.214426218453106,-58.214426218453106,0,426.2060901396631,0,0,426.2060901396631,-822.24445429219634,13.505179103841982,232.85770487381242
0.00024133333333333334,58.298993044488618,0,-58.298993044488618,-58.298993044488618,0,535.35125725516218,0,0,535.35125725516218,-715.26884965269915,24.359854434866662,233.19597217795447
0.00024166666666666667,58.405988567251406,0,-58.405988567251406,-58.405988567251406,0,556.31005550025736,0,0,556.31005550025736,-560.5282365887864,30.414415250224408,233.62395426900562
0.00024200000000000003,58.501837943046922,0,-58.501837943046922,-58.501837943046922,0,467.45517115493874,0,0,467.45517115493874,-388.47762089774722,30.490152070603372,234.00735177218769
0.00024233333333333336,58.549375967007045,0,-58.549375967007045,-58.549375967007045,0,268.95169980938527,0,0,268.95169980938527,-232.88371144532081,24.59356360090608,234.19750386802818
0.00024266666666666669,58.512585076136659,-11.745641877377011,-46.766943198759648,-46.766943198759648,-11.745641877377011,0,0,0,0,-125.33584034070479,14.727762520562784,234.05034030454664
0.00024300000000000002,58.4346202841135,-13.872928081041273,-44.561692203072226,-44.561692203072226,-13.872928081041273,0,0,0,0,-35.64939411642937,17.498552891985053,233.738481136454
0.00024333333333333336,58.356759375875122,-16.346050223815443,-42.010709152059675,-42.010709152059675,-16.346050223815443,0,0,0,0,68.36134487809214,19.874802190094123,233.42703750350049
0.00024366666666666669,58.279002213002116,-19.108370927447513,-39.170631285554606,-39.170631285554606,-19.108370927447513,0,0,0,0,184.3513265780725,21.802964294234414,233.11600885200846
0.00024400000000000002,58.201348657259501,-22.096737567286073,-36.104611089973424,-36.104611089973424,-22.096737567286073,0,0,0,0,309.7055765557206,23.239595428880012,232.80539462903801
0.00024433333333333333,58.123798570596499,-25.242906035627303,-32.880892534969192,-32.880892534969192,-25.242906035627303,0,0,0,0,441.59815016844516,24.15233300308256,232.495194282386
0.00024466666666666669,58.046351815146259,-28.475079212427534,-29.571272602718729,-29.571272602718729,-28.475079212427534,0,0,0,0,577.05583971228441,24.520624633228184,232.18540726058504
0.00024499999999999999,57.969008253225645,-57.969008253225645,0,0,-57.969008253225645,0,0,0,0,713.02519838786611,24.336190926625832,231.87603301290258
0.00024533333333333335,57.908488333386124,-57.908488333386124,0,0,-57.908488333386124,0,112.09837723773597,112.09837723773597,0,819.47616237058844,13.347263892895539,231.6339533335445
0.00024566666666666666,57.894667609183735,-57.894667609183735,0,0,-57.894667609183735,0,272.20077483155274,272.20077483155274,0,856.45355042924655,-0.25585351328334127,231.57867043673494
0.00024600000000000002,57.935414015302719,-57.935414015302719,0,0,-57.935414015302719,0,431.12246529772824,431.12246529772824,0,816.75048385333741,-13.795729124638029,231.74165606121088
0.00024633333333333332,58.021962098846252,-58.021962098846252,0,0,-58.021962098846252,0,539.9277508404997,539.9277508404997,0,708.251436498403,-24.608470657755333,232.08784839538501
0.00024666666666666668,58.130664369849242,-58.130664369849242,0,0,-58.130664369849242,0,559.63610737211911,559.63610737211911,0,552.36413856179604,-30.571606506133023,232.52265747939697
0.00024700000000000004,58.22769402570016,-58.22769402570016,0,0,-58.22769402570016,0,468.95179718940756,468.95179718940756,0,379.77227284031119,-30.524471964949882,232.91077610280064
0.00024733333333333335,58.275765980994294,-58.275765980994294,0,0,-58.275765980994294,0,268.48595094682906,268.48595094682906,0,224.3516685341888,-24.497835505032185,233.10306392397717
0.00024766666666666671,58.238625004544197,-46.447836722235699,-11.790788282308498,-11.790788282308498,-46.447836722235699,0,0,0,0,117.79214640655667,-14.619386260951192,232.95450001817679
0.00024800000000000001,58.16102524920462,-44.259311582189355,-13.901713667015262,-13.901713667015262,-44.259311582189355,0,0,0,0,28.790535055882454,-17.360852955006497,232.64410099681848
0.00024833333333333337,58.083528891258581,-41.728785818811197,-16.354743072447384,-16.354743072447384,-41.728785818811197,0,0,0,0,-74.38079389069614,-19.710883611378197,232.33411556503432
0.00024866666666666668,58.006135792934764,-38.912439508969186,-19.093696283965581,-19.093696283965581,-38.912439508969186,0,0,0,0,-189.39571748489251,-21.616522967924944,232.02454317173905
0.00024900000000000004,57.928845816645406,-35.872894185133497,-22.055951631511906,-22.055951631511906,-35.872894185133497,0,0,0,0,-313.66124523886538,-23.034834775826951,231.71538326658163
0.00024933333333333334,57.851658824986096,-32.677801043073629,-25.173857781912471,-25.173857781912471,-32.677801043073629,0,0,0,0,-444.37597761726465,-23.933869202449092,231.40663529994438
0.0002496666666666667,57.774574680735483,-29.398315835163686,-28.376258845571801,-28.376258845571801,-29.398315835163686,0,0,0,0,-578.59325982432381,-24.293382554117365,231.09829872294193
0.00025000000000000001,57.697593246855078,0,-57.697593246855078,-57.697593246855078,0,0,0,0,0,-713.28760716887837,-24.105293105871731,230.79037298742031
0.00025033333333333336,57.63801803076182,0,-57.63801803076182,-57.63801803076182,0,115.40516988580498,0,0,115.40516988580498,-817.98911748189983,-12.958876733657798,230.55207212304728
0.00025066666666666667,57.626020940498165,0,-57.626020940498165,-57.626020940498165,0,277.41034384437972,0,0,277.41034384437972,-852.54304366104395,0.72529548366147623,230.50408376199266
0.00025100000000000003,57.668942752375493,0,-57.668942752375493,-57.668942752375493,0,436.53415436230301,0,0,436.53415436230301,-810.21997678639866,14.253669494238423,230.67577100950197
0.00025133333333333333,57.75744821994634,0,-57.75744821994634,-57.75744821994634,0,543.88162379197115,0,0,543.88162379197115,-699.42111855228427,24.964578819075626,231.02979287978536
0.00025166666666666669,57.867390389954146,0,-57.867390389954146,-57.867390389954146,0,560.84206864874989,0,0,560.84206864874989,-542.00777216447852,30.755677258169413,231.46956155981658
0.000252,57.964612298033366,0,-57.964612298033366,-57.964612298033366,0,466.745254859184,0,0,466.745254859184,-368.96418003171527,30.500330089275124,231.85844919213346
0.00025233333333333336,58.011733368221279,0,-58.011733368221279,-58.011733368221279,0,262.95938652510489,0,0,262.95938652510489,-214.2542154982435,24.270491422313199,232.04693347288512
0.00025266666666666666,57.971699511223818,-11.84918343240432,-46.122516078819501,-46.122516078819501,-11.84918343240432,0,0,0,0,-109.84645603419452,14.613355792055746,231.88679804489527
0.00025300000000000002,57.894455419380314,-13.957310657684211,-43.937144761696104,-43.937144761696104,-13.957310657684211,0,0,0,0,-20.967771710341434,17.322713231749287,231.57782167752126
0.00025333333333333333,57.817314251028364,-16.403284270284946,-41.414029980743422,-41.414029980743422,-16.403284270284946,0,0,0,0,81.904305180645537,19.641495632538007,231.26925700411346
0.00025366666666666669,57.740275869028082,-19.131087274083139,-38.609188594944939,-38.609188594944939,-19.131087274083139,0,0,0,0,196.45040418890031,21.517452052693532,230.96110347611233
0.00025399999999999999,57.663340136422335,-22.078353496264523,-35.584986640157808,-35.584986640157808,-22.078353496264523,0,0,0,0,320.08810932241818,22.908315251893331,230.65336054568934
0.00025433333333333335,57.586506916436456,-25.177773616813059,-32.408733299623393,-32.408733299623393,-25.177773616813059,0,0,0,0,450.03017902791237,23.782754015645352,230.34602766574582
0.00025466666666666666,57.50977607247804,-28.358612562502788,-29.151163509975248,-29.151163509975248,-28.358612562502788,0,0,0,0,583.3473807023712,24.121078936069349,230.03910428991216
0.00025500000000000002,57.433147468136681,-57.433147468136681,0,0,-57.433147468136681,0,0,0,0,717.03452321814962,23.915685750313173,229.73258987254673
0.00025533333333333332,57.374872738102596,-57.374872738102596,0,0,-57.374872738102596,0,120.89102849900053,120.89102849900053,0,819.88242318207938,12.492369417229037,229.49949095241038
0.00025566666666666668,57.36574409215622,-57.36574409215622,0,0,-57.36574409215622,0,286.68944776610829,286.68944776610829,0,851.27826268153717,-1.3765920395216042,229.46297636862488
0.00025600000000000004,57.412412429036756,-57.412412429036756,0,0,-57.412412429036756,0,447.23946288267706,447.23946288267706,0,805.11674312240689,-14.960975766715578,229.64964971614702
0.00025633333333333335,57.504704595276714,-57.504704595276714,0,0,-57.504704595276714,0,553.44116288874341,553.44116288874341,0,690.55823557814438,-25.58798036433096,230.01881838110685
0.00025666666666666671,57.617653817967913,-57.617653817967913,0,0,-57.617653817967913,0,566.98881676882843,566.98881676882843,0,530.20777769430367,-31.171855396649619,230.47061527187165
0.00025700000000000001,57.716463856134325,-57.716463856134325,0,0,-57.716463856134325,0,467.96636229424223,467.96636229424223,0,355.63053367847294,-30.626993243717138,230.8658554245373
0.00025733333333333337,57.763422002835348,-57.763422002835348,0,0,-57.763422002835348,0,258.79573122461926,258.79573122461926,0,201.09342882899708,-24.082666890193124,231.05368801134139
0.00025766666666666668,57.720612908526839,-45.733333044246351,-11.987279864280492,-11.987279864280492,-45.733333044246351,0,0,0,0,98.927600441673647,-14.569115955239553,230.88245163410735
0.00025800000000000004,57.643703375731334,-43.557023186650447,-14.086680189080887,-14.086680189080887,-43.557023186650447,0,0,0,0,10.41682377199329,-17.234755969432861,230.57481350292534
0.00025833333333333334,57.566896320645903,-41.048711406409744,-16.518184914236159,-16.518184914236159,-41.048711406409744,0,0,0,0,-91.849535391548528,-19.511805334196023,230.26758528258361
0.0002586666666666667,57.49019160672465,-38.264084425963539,-19.226107180761108,-19.226107180761108,-38.264084425963539,0,0,0,0,-205.56576952682894,-21.348953716117283,229.9607664268986
0.00025900000000000001,57.413589097603612,-35.265056176549919,-22.14853292105369,-22.14853292105369,-35.265056176549919,0,0,0,0,-328.16817743236572,-22.704808513654964,229.65435639041445
0.00025933333333333337,57.337088657100537,-32.118371964405029,-25.218716692695505,-25.218716692695505,-32.118371964405029,0,0,0,0,-456.89286215960436,-23.548827469333453,229.34835462840215
0.00025966666666666667,57.260690149214625,-28.894103791465291,-28.36658635774933,-28.36658635774933,-28.894103791465291,0,0,0,0,-588.83803913412692,-23.862006670418353,229.0427605968585
0.00026000000000000003,57.184393438126278,0,-57.184393438126278,-57.184393438126278,0,0,0,0,0,-721.02944981802966,-23.63730844004527,228.73757375250511
0.00026033333333333334,57.127372239706503,0,-57.127372239706503,-57.127372239706503,0,126.16906459717052,0,0,126.16906459717052,-821.5505845763206,-11.947104355925275,228.50948895882601
0.0002606666666666667,57.120947533312659,0,-57.120947533312659,-57.120947533312659,0,295.27361823591139,0,0,295.27361823591139,-849.41481408287939,2.0813976129717275,228.48379013325064
0.000261,57.171001486967889,0,-57.171001486967889,-57.171001486967889,0,456.57563724417116,0,0,456.57563724417116,-799.21288155911373,15.686319536194745,228.68400594787155
0.00026133333333333336,57.266481836450595,0,-57.266481836450595,-57.266481836450595,0,560.899685200676,0,0,560.899685200676,-680.90220923791833,26.190762518007091,229.06592734580238
0.00026166666666666667,57.381606644185673,0,-57.381606644185673,-57.381606644185673,0,570.38594386849479,0,0,570.38594386849479,-517.82790851669654,31.533237648097071,229.52642657674269
0.00026200000000000003,57.480990025307399,0,-57.480990025307399,-57.480990025307399,0,465.99709934468581,0,0,465.99709934468581,-342.09160472468443,30.675939161257674,229.9239601012296
0.00026233333333333333,57.526671959124585,0,-57.526671959124585,-57.526671959124585,0,251.29232479328465,0,0,251.29232479328465,-188.18684186438131,23.81000046873374,230.10668783649834
0.00026266666666666669,57.479922503422131,-12.114127004147093,-45.365795499275038,-45.365795499275038,-12.114127004147093,0,0,0,0,-88.690670585287961,14.601992859822527,229.91969001368852
0.000263,57.403333677314798,-14.215285362552564,-43.188048314762234,-43.188048314762234,-14.215285362552564,0,0,0,0,-0.11330907827577086,17.225804767159421,229.61333470925919
0.00026333333333333336,57.326846901593562,-16.642939958471953,-40.683906943121613,-40.683906943121613,-16.642939958471953,0,0,0,0,101.98738448759462,19.461229491246961,229.30738760637425
0.00026366666666666666,57.250462040281917,-19.341494555177444,-37.908967485104469,-37.908967485104469,-19.341494555177444,0,0,0,0,215.30944623901891,21.257894936089844,229.00184816112767
0.00026400000000000002,57.174178957584537,-22.249250067679558,-34.924928889904976,-34.924928889904976,-22.249250067679558,0,0,0,0,337.29806915841255,22.575320964700794,228.69671583033815
0.00026433333333333333,57.097997517887023,-25.299795545634556,-31.798201972252468,-31.798201972252468,-25.299795545634556,0,0,0,0,465.20320032629218,23.38383144481697,228.39199007154809
0.00026466666666666669,57.021917585755695,-28.423505308127421,-28.598412277628277,-28.598412277628277,-28.423505308127421,0,0,0,0,596.14153678810169,23.665222728449695,228.08767034302278
0.00026499999999999999,56.945939025937314,-56.945939025937314,0,0,-56.945939025937314,0,0,0,0,727.16152244067541,23.413173507217863,227.78375610374925
0.00026533333333333335,56.890373985898968,-56.890373985898968,0,0,-56.890373985898968,0,132.75637617602317,132.75637617602317,0,825.45812675216587,11.383820666541643,227.56149594359587
0.00026566666666666671,56.887287386558768,-56.887287386558768,0,0,-56.887287386558768,0,306.40606024103749,306.40606024103749,0,849.49537891692455,-2.8726862043231591,227.54914954623507
0.00026600000000000001,56.941726026633887,-56.941726026633887,0,0,-56.941726026633887,0,469.37945602446314,469.37945602446314,0,794.61983720549586,-16.549252671670686,227.76690410653555
0.00026633333333333337,57.041618232881405,-57.041618232881405,0,0,-57.041618232881405,0,572.23960384887914,572.23960384887914,0,671.7126465628404,-26.954766013153943,228.16647293152562
0.00026666666666666668,57.160180748562965,-57.160180748562965,0,0,-57.160180748562965,0,577.48678279897501,577.48678279897501,0,505.02743367107439,-32.047331005164295,228.64072299425186
0.00026700000000000004,57.261242914896812,-57.261242914896812,0,0,-57.261242914896812,0,466.99376361311658,466.99376361311658,0,327.37910039202745,-30.83864730625497,229.04497165958725
0.00026733333333333334,57.306431937819539,-57.306431937819539,0,0,-57.306431937819539,0,245.59919628015047,245.59919628015047,0,173.63795604025538,-23.589443688750556,229.22572775127816
0.0002676666666666667,57.25639241818763,-44.961655762648533,-12.294736655539101,-12.294736655539101,-44.961655762648533,0,0,0,0,76.58215120846603,-14.594747539190241,229.02556967275052
0.00026800000000000001,57.18010143358881,-42.788332776463456,-14.391768657125354,-14.391768657125354,-42.788332776463456,0,0,0,0,-11.818642884715704,-17.169605828317273,228.72040573435524
0.00026833333333333337,57.103912102518713,-40.295109173709022,-16.808802928809691,-16.808802928809691,-40.295109173709022,0,0,0,0,-113.47382248211457,-19.357345683868044,228.41564841007485
0.00026866666666666667,57.027824289529612,-37.537338050300761,-19.490486239228847,-19.490486239228847,-37.537338050300761,0,0,0,0,-226.09147681005356,-21.108669805320158,228.11129715811845
0.00026900000000000003,56.951837859354271,-34.576334464310037,-22.375503395044237,-22.375503395044237,-34.576334464310037,0,0,0,0,-347.13268716386324,-22.384119982478218,227.80735143741708
0.00026933333333333334,56.875952676905676,-31.477993111938005,-25.397959564967675,-25.397959564967675,-31.477993111938005,0,0,0,0,-473.86876578043871,-23.154966108464254,227.5038107076227
0.0002696666666666667,56.800168607276824,-28.311302831751444,-28.48886577552538,-28.48886577552538,-28.311302831751444,0,0,0,0,-603.44276989829905,-23.403853338343403,227.20067442910729
0.00027,56.724485515740454,0,-56.724485515740454,-56.724485515740454,0,0,0,0,0,-732.93390426558938,-23.125192815852817,226.89794206296182
0.00027033333333333336,56.670265108015847,0,-56.670265108015847,-56.670265108015847,0,138.7802004754744,0,0,138.7802004754744,-828.72810820027837,-10.785987825430695,226.68106043206339
0.00027066666666666667,56.670194104346983,0,-56.670194104346983,-56.670194104346983,0,316.29144593217171,0,0,316.29144593217171,-848.84461598100972,3.6626618646422173,226.68077641738793
0.00027100000000000003,56.728465693800594,0,-56.728465693800594,-56.728465693800594,0,480.26338508124275,0,0,480.26338508124275,-789.40279957165819,17.375559333614959,226.91386277520238
0.00027133333333333333,56.832014553985374,0,-56.832014553985374,-56.832014553985374,0,581.12630005669951,0,0,581.12630005669951,-662.18464072229278,27.654380467600305,227.3280582159415
0.00027166666666666669,56.953120791463057,0,-56.953120791463057,-56.953120791463057,0,581.84176595205088,0,0,581.84176595205088,-492.29406231133646,32.482326972463866,227.81248316585223
0.000272,57.054919790381085,0,-57.054919790381085,-57.054919790381085,0,465.24622887203259,0,0,465.24622887203259,-313.17724196803101,30.923517993665186,228.21967916152434
0.00027233333333333336,57.09872497288216,0,-57.09872497288216,-57.09872497288216,0,237.45319877450237,0,0,237.45319877450237,-159.99173169857428,23.308026069834526,228.39489989152864
0.00027266666666666666,57.044862335850681,-12.457464651639398,-44.587397684211282,-44.587397684211282,-12.457464651639398,0,0,0,0,-65.463291211693416,14.649609278059561,228.17944934340272
0.00027300000000000002,56.968853203418448,-14.558932367119148,-42.4099208362993,-42.4099208362993,-14.558932367119148,0,0,0,0,23.115824314258067,17.178819261759955,227.87541281367379
0.00027333333333333333,56.892945348962463,-16.974253180475529,-39.918692168486935,-39.918692168486935,-16.974253180475529,0,0,0,0,124.69467249126782,19.32070499100606,227.57178139584985
0.00027366666666666669,56.817138637535422,-19.648115905331888,-37.16902273220353,-37.16902273220353,-19.648115905331888,0,0,0,0,236.98307345642499,21.027002754607686,227.26855455014169
0.00027399999999999999,56.741432934369811,-22.519385045904418,-34.222047888465383,-34.222047888465383,-22.519385045904418,0,0,0,0,357.44954036576848,22.259269231259676,226.96573173747925
0.00027433333333333335,56.66582810487769,-25.522479064941191,-31.143349039936499,-31.143349039936499,-25.522479064941191,0,0,0,0,483.37835051625075,22.989747627056008,226.66331241951076
0.00027466666666666666,56.590324014650463,-28.588848812215264,-28.001475202435198,-28.001475202435198,-28.588848812215264,0,0,0,0,611.93076694021602,23.201992896716593,226.36129605860185
0.00027500000000000002,56.514920529458607,-56.514920529458607,0,0,-56.514920529458607,0,0,0,0,740.2090303302615,22.891241965439427,226.05968211783443
0.00027533333333333338,56.462173930206845,-56.462173930206845,0,0,-56.462173930206845,0,145.69220810453854,145.69220810453854,0,833.66637294732857,10.192752333501584,225.84869572082738
0.00027566666666666668,56.465550667960784,-56.465550667960784,0,0,-56.465550667960784,0,327.96552584965559,327.96552584965559,0,849.74637893594968,-4.4981684299886808,225.86220267184314
0.00027600000000000004,56.528363161381741,-56.528363161381741,0,0,-56.528363161381741,0,493.66628850961206,493.66628850961206,0,785.3653585768501,-18.288291666198518,226.11345264552696
0.00027633333333333335,56.636469173230005,-56.636469173230005,0,0,-56.636469173230005,0,592.94317831618935,592.94317831618935,0,653.2811819304884,-28.463986297830431,226.54587669292002
0.00027666666666666671,56.761089297909045,-56.761089297909045,0,0,-56.761089297909045,0,589.13342605506989,589.13342605506989,0,479.5591536583338,-33.028892635846233,227.04435719163618
0.00027700000000000001,56.864526816259485,-56.864526816259485,0,0,-56.864526816259485,0,466.03166334501145,466.03166334501145,0,298.4018189950275,-31.099250038589602,227.45810726503794
0.00027733333333333337,56.907655306205022,-56.907655306205022,0,0,-56.907655306205022,0,231.10198013690371,231.10198013690371,0,145.36827579974548,-23.078592215777647,227.63062122482009
0.00027766666666666668,56.850689050074088,-44.191073947636987,-12.659615102437101,-12.659615102437101,-44.191073947636987,0,0,0,0,53.070822408192186,-14.667460354807002,227.40275620029635
0.00027800000000000004,56.774938642834428,-42.014725495324797,-14.760213147509631,-14.760213147509631,-42.014725495324797,0,0,0,0,-35.467422897511909,-17.146282954775501,227.09975457133771
0.00027833333333333334,56.699289168833978,-39.531347484363437,-17.167941684470538,-17.167941684470538,-39.531347484363437,0,0,0,0,-136.72698968332676,-19.238516737583673,226.79715667533591
0.0002786666666666667,56.623740493584762,-36.796076646392322,-19.827663847192436,-19.827663847192436,-36.796076646392322,0,0,0,0,-248.42490620872064,-20.897017148373038,226.49496197433905
0.00027900000000000001,56.548292482778002,-33.869726431108276,-22.67856605166973,-22.67856605166973,-33.869726431108276,0,0,0,0,-368.04300654706822,-22.084418172961765,226.19316993111201
0.00027933333333333336,56.472945002283879,-30.81741600041584,-25.655529001868043,-25.655529001868043,-30.81741600041584,0,0,0,0,-492.88470119722297,-22.773974193877176,225.89178000913552
0.00027966666666666667,56.397697918151302,-27.707102224842522,-28.690595693308783,-28.690595693308783,-27.707102224842522,0,0,0,0,-620.13576716725584,-22.950162421715561,225.59079167260521
0.00028000000000000003,56.322551096607654,0,-56.322551096607654,-56.322551096607654,0,0,0,0,0,-746.92778712007919,-22.609032332379289,225.29020438643062
0.00028033333333333333,56.271148200318521,0,-56.271148200318521,-56.271148200318521,0,151.94206234827627,0,0,151.94206234827627,-837.87360429754676,-9.5859186259944167,225.08459280127408
0.00028066666666666669,56.277610911614872,0,-56.277610911614872,-56.277610911614872,0,338.27032504545105,0,0,338.27032504545105,-849.94529367599182,5.3101398292978814,225.11044364645949
0.000281,56.344378895385233,0,-56.344378895385233,-56.344378895385233,0,505.08323291613965,0,0,505.08323291613965,-780.8492679811859,19.145247128729608,225.37751558154093
0.00028133333333333336,56.45628385995284,0,-56.45628385995284,-56.45628385995284,0,602.36541270192822,0,0,602.36541270192822,-644.27358186695824,29.196857410268422,225.82513543981136
0.00028166666666666666,56.583570531234997,0,-56.583570531234997,-56.583570531234997,0,593.9061323635442,0,0,593.9061323635442,-467.16942276279906,33.493203107381277,226.33428212493999
0.00028200000000000002,56.687809961163474,0,-56.687809961163474,-56.687809961163474,0,464.47830926447546,0,0,464.47830926447546,-284.40538271511218,31.203736415242417,226.7512398446539
0.00028233333333333333,56.729532226658456,0,-56.729532226658456,-56.729532226658456,0,222.85647284941166,0,0,222.85647284941166,-131.85486782923587,22.803268597200308,226.91812890663383
0.00028266666666666669,56.669232210730648,-12.843091734830601,-43.826140475900047,-43.826140475900047,-12.843091734830601,0,0,0,0,-41.715544894282182,14.736389233908813,226.67692884292259
0.00028299999999999999,56.593723584720145,-14.949920772815382,-41.643802811904763,-41.643802811904763,-14.949920772815382,0,0,0,0,47.076212700347092,17.168447002438636,226.37489433888058
0.00028333333333333335,56.518315569788697,-17.357561412609908,-39.160754157178786,-39.160754157178786,-17.357561412609908,0,0,0,0,148.32761201568817,19.213418263296795,226.07326227915479
0.00028366666666666666,56.443008031877589,-20.010881747752872,-36.43212628412472,-36.43212628412472,-20.010881747752872,0,0,0,0,259.75587604916024,20.825223808949612,225.77203212751036
0.00028400000000000002,56.367800837106735,-22.849215470055785,-33.518585367050946,-33.518585367050946,-22.849215470055785,0,0,0,0,378.84892764169047,21.967550133887691,225.47120334842694
0.00028433333333333332,56.292693851774438,-25.807729549981726,-30.484964301792711,-30.484964301792711,-25.807729549981726,0,0,0,0,502.92202260501205,22.614667566970148,225.17077540709775
0.00028466666666666668,56.217686942357147,-28.818885781956777,-27.398801160400367,-27.398801160400367,-28.818885781956777,0,0,0,0,629.17827257055035,22.752009804198877,224.87074776942859
0.00028500000000000004,56.142779975509228,-56.142779975509228,0,0,-56.142779975509228,0,0,0,0,754.77169317853327,22.376501788587845,224.57111990203691
0.00028533333333333335,56.092806231664611,-56.092806231664611,0,0,-56.092806231664611,0,158.82500489041337,158.82500489041337,0,843.38608356815348,8.9931821328307713,224.37122492665844
0.00028566666666666671,56.102662908117679,-56.102662908117679,0,0,-56.102662908117679,0,349.88870283587198,349.88870283587198,0,851.42114190784457,-6.1461969450482883,224.41065163247072
0.00028600000000000001,56.173909119873585,-56.173909119873585,0,0,-56.173909119873585,0,518.40260281300789,518.40260281300789,0,777.38005477385468,-20.05950953940507,224.69563647949434
0.00028633333333333337,56.290298696515407,-56.290298696515407,0,0,-56.290298696515407,0,614.06636512007378,614.06636512007378,0,635.92768167273528,-30.00871848147986,225.16119478606163
0.00028666666666666668,56.421014905561208,-56.421014905561208,0,0,-56.421014905561208,0,601.04247423179652,601.04247423179652,0,454.97840751914589,-34.042360906550741,225.68405962224483
0.00028700000000000004,56.526794165168681,-56.526794165168681,0,0,-56.526794165168681,0,465.06100865552708,465.06100865552708,0,270.15954689089978,-31.381952270416861,226.10717666067472
0.00028733333333333334,56.567724108548447,-56.567724108548447,0,0,-56.567724108548447,0,216.24767513703972,216.24767513703972,0,117.74847926904059,-22.575796257955531,226.27089643419379
0.0002876666666666667,56.504732476027755,-43.448647677652176,-13.056084798375576,-13.056084798375576,-43.448647677652176,0,0,0,0,29.488676550278765,-14.772804000565703,226.01892990411102
0.00028800000000000001,56.429443036839828,-41.264892624420646,-15.164550412419182,-15.164550412419182,-41.264892624420646,0,0,0,0,-59.366818986927889,-17.154935041554211,225.71777214735931
0.00028833333333333337,56.354253916676612,-38.787115877776849,-17.56713803889976,-17.56713803889976,-38.787115877776849,0,0,0,0,-160.404915626172,-19.150286172662586,225.41701566670645
0.00028866666666666667,56.279164981868533,-36.070332573249146,-20.208832408619383,-20.208832408619383,-36.070332573249146,0,0,0,0,-271.34765560436836,-20.713896642954118,225.11665992747413
0.00028900000000000003,56.20417609892413,-33.174944097808691,-23.029232001115442,-23.029232001115442,-33.174944097808691,0,0,0,0,-389.69391684782613,-21.810539236422134,224.81670439569652
0.00028933333333333334,56.129287134529818,-30.165376383991319,-25.963910750538499,-25.963910750538499,-30.165376383991319,0,0,0,0,-512.77579891556491,-22.415513919990499,224.51714853811927
0.0002896666666666667,56.054497955549643,-27.108627543579942,-28.945870411969697,-28.945870411969697,-27.108627543579942,0,0,0,0,-637.81876594010907,-22.515204169898698,224.21799182219857
0.00029,55.979808429025042,0,-55.979808429025042,-55.979808429025042,0,0,0,0,0,-762.00419075316131,-22.107383446171205,223.91923371610017
0.00029033333333333336,55.931131594664748,0,-55.931131594664748,-55.931131594664748,0,165.03714680585108,0,0,165.03714680585108,-848.17984493843949,-8.3990233024062917,223.72452637865899
0.00029066666666666667,55.944022756567264,0,-55.944022756567264,-55.944022756567264,0,360.16391327142981,0,0,360.16391327142981,-852.26997769817126,6.9484048506570417,223.77609102626906
0.00029100000000000003,56.019182046067804,0,-56.019182046067804,-56.019182046067804,0,529.83349362704541,0,0,529.83349362704541,-773.55538494230871,20.911539683002815,224.07672818427122
0.00029133333333333333,56.13934626888755,0,-56.13934626888755,-56.13934626888755,0,623.5640515715952,0,0,623.5640515715952,-627.62290661792883,30.742479445267222,224.5573850755502
0.00029166666666666669,56.272725330881627,0,-56.272725330881627,-56.272725330881627,0,605.94911422291693,0,0,605.94911422291693,-443.27051942268781,34.513210341942866,225.09090132352651
0.000292,56.379318915097762,0,-56.379318915097762,-56.379318915097762,0,463.67666410211893,0,0,463.67666410211893,-256.79565874620152,31.497350939840203,225.51727566039105
0.00029233333333333336,56.418860536652446,0,-56.418860536652446,-56.418860536652446,0,208.16712169594911,0,0,208.16712169594911,-104.79964164111252,22.313625972547449,225.67544214660978
0.00029266666666666666,56.353109136996913,-13.251204422643063,-43.10190471435385,-43.10190471435385,-13.251204422643063,0,0,0,0,-18.26907234649676,14.851075046543592,225.41243654798765
0.00029300000000000002,56.278021727544612,-15.367166663408199,-40.910855064136413,-40.910855064136413,-15.367166663408199,0,0,0,0,70.89316931653218,17.186885020690355,225.11208691017845
0.00029333333333333333,56.203034367923536,-17.770976817137399,-38.432057550786141,-38.432057550786141,-17.770976817137399,0,0,0,0,171.97818839588581,19.135196795329897,224.81213747169414
0.00029366666666666669,56.128146924822808,-20.407594587234936,-35.720552337587876,-35.720552337587876,-20.407594587234936,0,0,0,0,282.70698002959989,20.65210994552741,224.51258769929123
0.00029400000000000004,56.053359265109172,-23.216735410125477,-32.836623854983699,-32.836623854983699,-23.216735410125477,0,0,0,0,400.58325527990382,21.703449828457032,224.21343706043669
0.00029433333333333335,55.978671255826768,-26.134229519081853,-29.844441736744919,-29.844441736744919,-26.134229519081853,0,0,0,0,522.94971789555268,22.265537506053299,223.91468502330707
0.00029466666666666671,55.9040827641969,-29.093468527737716,-26.81061423645918,-26.81061423645918,-29.093468527737716,0,0,0,0,647.04796799287897,22.325723056549528,223.6163310567876
0.00029500000000000001,55.829593657617778,-55.829593657617778,0,0,-55.829593657617778,0,0,0,0,770.08068224131785,21.882670263343066,223.31837463047111
0.00029533333333333337,55.782267528941752,-55.782267528941752,0,0,-55.782267528941752,0,171.69364357677253,171.69364357677253,0,853.99694930470412,7.823966046339109,223.12907011576701
0.00029566666666666668,55.79840878282257,-55.79840878282257,0,0,-55.79840878282257,0,371.3939685903602,371.3939685903602,0,854.16830164646524,-7.7604319890553057,223.19363513129028
0.00029600000000000004,55.877862916165242,-55.877862916165242,0,0,-55.877862916165242,0,542.69054846084782,542.69054846084782,0,770.64888886921528,-21.800199299270247,223.51145166466097
0.00029633333333333334,56.00231968458997,-56.00231968458997,0,0,-56.00231968458997,0,634.82247672178858,634.82247672178858,0,619.9744540531816,-31.532262282395124,224.00927873835988
0.0002966666666666667,56.138957172851406,-56.138957172851406,0,0,-56.138957172851406,0,612.74381716306016,612.74381716306016,0,431.87931914460205,-35.048221019714802,224.55582869140562
0.00029700000000000001,56.24696301153844,-56.24696301153844,0,0,-56.24696301153844,0,464.07098173619158,464.07098173619158,0,243.39916028388086,-31.672193516641713,224.98785204615376
0.00029733333333333337,56.285639334711064,-56.285639334711064,0,0,-56.285639334711064,0,201.53648886133448,201.53648886133448,0,91.529213115052045,-22.09427033796419,225.14255733884426
0.00029766666666666667,56.217660039058003,-42.74976833228159,-13.46789170677641,-13.46789170677641,-42.74976833228159,0,0,0,0,6.4909036486506402,-14.901392859375541,224.87064015623201
0.00029800000000000003,56.142753108057249,-40.555301436230778,-15.587451671826468,-15.587451671826468,-40.555301436230778,0,0,0,0,-82.81708016558207,-17.188935937925475,224.571012432229
0.00029833333333333334,56.067945986410137,-38.079576582657552,-17.988369403752589,-17.988369403752589,-38.079576582657552,0,0,0,0,-183.77906299050653,-19.088936550181757,224.27178394564055
0.0002986666666666667,55.99323854112621,-35.377566442816438,-20.615672098309776,-20.615672098309776,-35.377566442816438,0,0,0,0,-294.11882420562222,-20.558583237119066,223.97295416450484
0.000299,55.918630639392219,-32.509343189898061,-23.409287449494155,-23.409287449494155,-32.509343189898061,0,0,0,0,-411.34885467787785,-21.564766729373559,223.67452255756888
0.00029933333333333336,55.84412214857187,-29.538724225502371,-26.305397923069496,-26.305397923069496,-29.538724225502371,0,0,0,0,-532.82643537792433,-22.084825856662775,223.37648859428748
0.00029966666666666667,55.7697129362056,-26.531833541355233,-29.237879394850363,-29.237879394850363,-26.531833541355233,0,0,0,0,-655.81321224569785,-22.107057920130714,223.0788517448224
0.00030000000000000003,55.695402870010355,0,-55.695402870010355,-55.695402870010355,0,0,0,0,0,-777.53692430810759,-21.630982033078375,222.78161148004142
0.00030033333333333333,55.649298936377861,0,-55.649298936377861,-55.649298936377861,0,177.70110609155179,0,0,177.70110609155179,-859.13762667311346,-7.2559775667364654,222.59719574551144
0.00030066666666666669,55.668347004447625,0,-55.668347004447625,-55.668347004447625,0,381.3545190220957,0,0,381.3545190220957,-855.52205349537201,8.5328840404176134,222.6733880177905
0.000301,55.75156798537656,0,-55.75156798537656,-55.75156798537656,0,553.80472149249738,0,0,553.80472149249738,-767.49080657355103,22.624760823254107,223.00627194150624
0.00030133333333333336,55.879669816398476,0,-55.879669816398476,-55.879669816398476,0,644.10113083373881,0,0,644.10113083373881,-612.46968417867458,32.246268543380054,223.5186792655939
0.00030166666666666666,56.018886257354701,0,-56.018886257354701,-56.018886257354701,0,617.60090372119396,0,0,617.60090372119396,-421.0502335168843,35.510935072874162,224.07554502941881
0.00030200000000000002,56.127685322026487,0,-56.127685322026487,-56.127685322026487,0,462.83618684755584,0,0,462.83618684755584,-230.92266662131229,31.792686902889187,224.51074128810595
0.00030233333333333333,56.165016842002309,0,-56.165016842002309,-56.165016842002309,0,193.78618992797323,0,0,193.78618992797323,-79.404437730586636,21.849422686359802,224.66006736800924
0.00030266666666666669,56.094832539057421,-13.667661983251207,-42.427170555806214,-42.427170555806214,-13.667661983251207,0,0,0,0,4.3249680141407332,14.985447335662847,224.37933015622968
0.00030299999999999999,56.020089268925176,-15.795582534312505,-40.224506734612675,-40.224506734612675,-15.795582534312505,0,0,0,0,93.976256897541461,17.228238917236251,224.0803570757007
0.00030333333333333335,55.945445590077497,-18.19878654538044,-37.746659044697061,-37.746659044697061,-18.19878654538044,0,0,0,0,195.02999594446962,19.082603937813989,223.78178236030999
0.00030366666666666671,55.87090136981449,-20.822251767164556,-35.048649602649938,-35.048649602649938,-20.822251767164556,0,0,0,0,305.20790651739287,20.50675962936819,223.48360547925796
0.00030400000000000002,55.796456475613077,-23.605994481406444,-32.190461994206629,-32.190461994206629,-23.605994481406444,0,0,0,0,422.02613800877094,21.4686221124215,223.18582590245231
0.00030433333333333338,55.722110775126758,-26.486421771974417,-29.235689003152345,-29.235689003152345,-26.486421771974417,0,0,0,0,542.85126375943946,21.946529192665579,222.88844310050703
0.00030466666666666668,55.647864136185383,-29.397765094585946,-26.250099041599434,-26.250099041599434,-29.397765094585946,0,0,0,0,664.95964623926955,21.929728216830661,222.59145654474153
0.00030500000000000004,55.57371642679491,-55.57371642679491,0,0,-55.57371642679491,0,0,0,0,785.59883322446979,21.418618000777727,222.29486570717964
0.00030533333333333335,55.528862902722317,-55.528862902722317,0,0,-55.528862902722317,0,183.99691305863576,183.99691305863576,0,865.05871596874942,6.7105381657619709,222.11545161088927
0.00030566666666666671,55.550957186592001,-55.550957186592001,0,0,-55.550957186592001,0,391.97091707958202,391.97091707958202,0,857.72395662158408,-9.3038851516856482,222.203828746368
0.00030600000000000001,55.638209261560867,-55.638209261560867,0,0,-55.638209261560867,0,565.94459218266775,565.94459218266775,0,765.12898632099234,-23.469114493057361,222.55283704624347
0.00030633333333333337,55.770332776195886,-55.770332776195886,0,0,-55.770332776195886,0,654.70037048430402,654.70037048430402,0,605.60072154171644,-32.997249855306478,223.08133110478354
0.00030666666666666668,55.912581030028647,-55.912581030028647,0,0,-55.912581030028647,0,623.93601777748643,623.93601777748643,0,410.6204818685585,-36.020348042605974,223.65032412011459
0.00030700000000000004,56.022649771862604,-56.022649771862604,0,0,-56.022649771862604,0,463.06413563076046,463.06413563076046,0,218.58058810592379,-31.960224672138963,224.09059908745041
0.00030733333333333334,56.059077792490164,-56.059077792490164,0,0,-56.059077792490164,0,187.30953210204626,187.30953210204626,0,67.173878264339606,-21.642526407097243,224.23631116996066
0.0003076666666666667,55.987113208520654,-42.104955357245693,-13.882157851274961,-13.882157851274961,-42.104955357245693,0,0,0,0,-15.438079707153873,-15.045678537132412,223.94845283408262
0.00030800000000000001,55.912513468454485,-39.897349386878432,-16.015164081576049,-16.015164081576049,-39.897349386878432,0,0,0,0,-105.29747240015216,-17.242784358638037,223.65005387381794
0.00030833333333333337,55.838013128426979,-37.420721575982512,-18.417291552444464,-18.417291552444464,-37.420721575982512,0,0,0,0,-206.30411944959761,-19.051137612965892,223.35205251370792
0.00030866666666666667,55.763612055993079,-34.730067909398741,-21.033544146594334,-21.033544146594334,-34.730067909398741,0,0,0,0,-316.18081407573879,-20.429992679610116,223.05444822397232
0.00030900000000000003,55.689310118884187,-31.885207533041516,-23.804102585842667,-23.804102585842667,-31.885207533041516,0,0,0,0,-432.45050559954575,-21.34828675487752,222.75724047553675
0.00030933333333333334,55.61510718500795,-28.949434195006788,-26.665672990001159,-26.665672990001159,-28.949434195006788,0,0,0,0,-552.49214185354879,-21.785339633466453,222.4604287400318
0.00030966666666666669,55.541003122448025,-25.988089421777218,-29.552913700670803,-29.552913700670803,-25.988089421777218,0,0,0,0,-673.59975520701914,-21.73131943127299,222.1640124897921
0.00031,55.466997799463833,0,-55.466997799463833,-55.466997799463833,0,0,0,0,0,-793.04346023730614,-21.187463761253337,221.86799119785533
0.00031033333333333336,55.423271877535782,0,-55.423271877535782,-55.423271877535782,0,189.67401743981014,0,0,189.67401743981014,-870.34815828683338,-6.1787872735922278,221.69308751014313
0.00031066666666666666,55.44808903195554,0,-55.44808903195554,-55.44808903195554,0,401.40189120057011,0,0,401.40189120057011,-859.45542515866396,10.031534426708362,221.79235612782216
0.00031100000000000002,55.538884524499096,0,-55.538884524499096,-55.538884524499096,0,576.49245519644091,0,0,576.49245519644091,-762.60099289547054,24.249150031616111,222.15553809799638
0.00031133333333333333,55.674445141715978,0,-55.674445141715978,-55.674445141715978,0,663.53758033519398,0,0,663.53758033519398,-598.95200816471163,33.675799638251419,222.69778056686391
0.00031166666666666669,55.819129012265641,0,-55.819129012265641,-55.819129012265641,0,628.60520264194383,0,0,628.60520264194383,-400.80239254156163,36.463676174276699,223.27651604906256
0.00031199999999999999,55.929945880915859,0,-55.929945880915859,-55.929945880915859,0,461.96523873207877,0,0,461.96523873207877,-207.16842203638427,32.081225385831061,223.71978352366344
0.00031233333333333335,55.965093653428198,0,-55.965093653428198,-55.965093653428198,0,180.01686198918566,0,0,180.01686198918566,-56.054669855070784,21.417967351928404,223.86037461371279
0.00031266666666666666,55.89142035775776,-14.080397909585312,-41.811022448172452,-41.811022448172452,-14.080397909585312,0,0,0,0,25.628672758428248,15.132416981780906,223.56568143103104
0.00031300000000000002,55.816948123136754,-16.22227609843306,-39.594672024703698,-39.594672024703698,-16.22227609843306,0,0,0,0,115.85327222982812,17.287273123452032,223.26779249254702
0.00031333333333333338,55.74257511866044,-18.627529597548556,-37.115045521111888,-37.115045521111888,-18.627529597548556,0,0,0,0,216.98717681657189,19.052375610657354,222.97030047464176
0.00031366666666666668,55.66830121211013,-21.241093495804673,-34.42720771630546,-34.42720771630546,-21.241093495804673,0,0,0,0,326.75032094694785,20.387953763192961,222.67320484844052
0.00031400000000000004,55.594126271443308,-24.003210789615796,-31.590915481827516,-31.590915481827516,-24.003210789615796,0,0,0,0,442.66822323132561,21.263920267403165,222.37650508577323
0.00031433333333333335,55.520050164793389,-26.850779532795041,-28.669270631998344,-28.669270631998344,-26.850779532795041,0,0,0,0,562.12777073892278,21.66054896957553,222.08020065917356
0.00031466666666666671,55.446072760469491,-29.718775328766892,-25.727297431702596,-25.727297431702596,-29.718775328766892,0,0,0,0,682.43612584927337,21.568919094693229,221.78429104187796
0.00031500000000000001,55.372193926956214,-55.372193926956214,0,0,-55.372193926956214,0,0,0,0,800.88142775382266,20.991115887069022,221.48877570782486
0.00031533333333333337,55.329602326509843,-55.329602326509843,0,0,-55.329602326509843,0,195.50526749936631,195.50526749936631,0,876.20098249223452,5.6724350682446101,221.31840930603937
0.00031566666666666668,55.357216637304944,-55.357216637304944,0,0,-55.357216637304944,0,411.23109887096774,411.23109887096774,0,861.85329197600765,-10.748100013159828,221.42886654921978
0.00031600000000000004,55.451718955652062,-55.451718955652062,0,0,-55.451718955652062,0,587.72047533294722,587.72047533294722,0,760.75566784500154,-25.034489797151224,221.80687582260825
0.00031633333333333334,55.590971802063919,-55.590971802063919,0,0,-55.590971802063919,0,673.31506826828877,673.31506826828877,0,592.9129397579004,-34.374870437854071,222.36388720825568
0.0003166666666666667,55.738421247259943,-55.738421247259943,0,0,-55.738421247259943,0,634.39763699934792,634.39763699934792,0,391.44675606283283,-36.938560320167753,222.95368498903977
0.00031700000000000001,55.850358000520401,-55.850358000520401,0,0,-55.850358000520401,0,462.05532591159817,462.05532591159817,0,196.02714043714471,-32.238454552740251,223.40143200208161
0.00031733333333333337,55.884596444093191,-55.884596444093191,0,0,-55.884596444093191,0,173.84478621877059,173.84478621877059,0,45.008951632553106,-21.227027598606128,223.53838577637276
0.00031766666666666667,55.809545353840058,-41.522197379361941,-14.287347974478116,-14.287347974478116,-41.522197379361941,0,0,0,0,-35.894059160798555,-15.198851584952687,223.23818141536023
0.00031800000000000003,55.735182213145492,-39.299827059598499,-16.435355153546997,-16.435355153546997,-39.299827059598499,0,0,0,0,-126.37064971343453,-17.31138481254705,222.94072885258197
0.00031833333333333334,55.660918157233986,-36.819905298065905,-18.841012859168085,-18.841012859168085,-36.819905298065905,0,0,0,0,-227.51946680678859,-19.033622613520137,222.64367262893595
0.0003186666666666667,55.586753054080532,-34.137504524229236,-21.449248529851292,-21.449248529851292,-34.137504524229236,0,0,0,0,-337.06011836973437,-20.326760526790466,222.34701221632213
0.000319,55.512686771836037,-31.312260048828851,-24.200426723007187,-24.200426723007187,-31.312260048828851,0,0,0,0,-452.52314778679647,-21.161667851242591,222.05074708734415
0.00031933333333333336,55.438719178827085,-28.407025659335162,-27.03169351949192,-27.03169351949192,-28.407025659335162,0,0,0,0,-571.3057046957905,-21.51954387686191,221.75487671530834
0.00031966666666666667,55.364850143555721,-25.486456723561041,-29.878393419994676,-29.878393419994676,-25.486456723561041,0,0,0,0,-690.73022030158313,-21.392341244668707,221.45940057422288
0.00032000000000000003,55.291079534699193,0,-55.291079534699193,-55.291079534699193,0,0,0,0,0,-808.10476450520298,-20.782946902118148,221.16431813879677
0.00032033333333333333,55.249505662464323,0,-55.249505662464323,-55.249505662464323,0,200.74868324924503,0,0,200.74868324924503,-881.45972574314339,-5.1851647824394789,220.99802264985729
0.00032066666666666669,55.279613665680543,0,-55.279613665680543,-55.279613665680543,0,419.95566194983905,0,0,419.95566194983905,-863.84136421946118,11.418535405169493,221.11845466272217
0.000321,55.377373498897121,0,-55.377373498897121,-55.377373498897121,0,597.49667780620564,0,0,597.49667780620564,-758.8116359017655,25.755868523205692,221.50949399558849
0.00032133333333333336,55.519792099821373,0,-55.519792099821373,-55.519792099821373,0,681.52819131940475,0,0,681.52819131940475,-587.15098196948247,35.004900767198308,222.07916839928549
0.00032166666666666666,55.669486214499187,0,-55.669486214499187,-55.669486214499187,0,638.76628537500233,0,0,638.76628537500233,-382.73388027045803,37.353081655146241,222.67794485799675
0.00032200000000000002,55.782107912105651,0,-55.782107912105651,-55.782107912105651,0,461.08369756958996,0,0,461.08369756958996,-185.81122640296499,32.356034703358844,223.12843164842261
0.00032233333333333333,55.815150191132986,0,-55.815150191132986,-55.815150191132986,0,167.11907756729039,0,0,167.11907756729039,-35.031751480678139,21.025083255755263,223.26060076453194
0.00032266666666666669,55.7388137761275,-14.478329166926656,-41.260484609200844,-41.260484609200844,-14.478329166926656,0,0,0,0,45.267159544266988,15.28540248028982,222.95525510451
0.00032300000000000004,55.664544881358637,-16.635389882178494,-39.029154999180143,-39.029154999180143,-16.635389882178494,0,0,0,0,136.11713233742242,17.358998729088519,222.65817952543455
0.00032333333333333335,55.59037494579534,-19.044795680913456,-36.54557926488188,-36.54557926488188,-19.044795680913456,0,0,0,0,237.41962461875934,19.041227886413861,222.36149978318136
0.00032366666666666671,55.516303837579919,-21.651390793783815,-33.864913043796108,-33.864913043796108,-21.651390793783815,0,0,0,0,346.89078931306568,20.294187354844876,222.06521535031968
0.00032400000000000001,55.442331425030389,-24.395578035906507,-31.046753389123882,-31.046753389123882,-24.395578035906507,0,0,0,0,462.06274515492493,21.089652087689473,221.76932570012156
0.00032433333333333337,55.368457576640211,-27.214662344119308,-28.153795232520906,-28.153795232520906,-27.214662344119308,0,0,0,0,580.33921177247316,21.409710405942462,221.47383030656084
0.00032466666666666668,55.294682161078086,-30.044264087753238,-25.250418073324852,-25.250418073324852,-30.044264087753238,0,0,0,0,699.05403670638202,21.24716731957502,221.17872864431234
0.00032500000000000004,55.221005047187703,-55.221005047187703,0,0,-55.221005047187703,0,0,0,0,815.531295010534,20.605706271490639,220.88402018875081
0.00032533333333333334,55.180437636865726,-55.180437636865726,0,0,-55.180437636865726,0,206.03090631800757,206.03090631800757,0,887.0877763909416,4.7257781527300935,220.7217505474629
0.0003256666666666667,55.213058159306513,-55.213058159306513,0,0,-55.213058159306513,0,428.8571711914185,428.8571711914185,0,866.332350427846,-12.069548001255399,220.85223263722605
0.00032600000000000001,55.31415282705143,-55.31415282705143,0,0,-55.31415282705143,0,607.65650958908554,607.65650958908554,0,757.44574438640291,-26.470026595281183,221.25661130820572
0.00032633333333333337,55.45988861756031,-55.45988861756031,0,0,-55.45988861756031,0,690.35576467477279,690.35576467477279,0,581.96969528766385,-35.641238278578953,221.83955447024124
0.00032666666666666667,55.612052692527691,-55.612052692527691,0,0,-55.612052692527691,0,643.95512412569394,643.95512412569394,0,374.53158434689055,-37.786086379508305,222.44821077011076
0.00032700000000000003,55.725642383216403,-55.725642383216403,0,0,-55.725642383216403,0,461.0686448580783,461.0686448580783,0,175.97762208250273,-32.500514419933083,222.90256953286561
0.00032733333333333334,55.75780055173508,-55.75780055173508,0,0,-55.75780055173508,0,161.38641952936672,161.38641952936672,0,25.276356216535444,-20.853032303696107,223.03120220694032
0.0003276666666666667,55.680430992926247,-41.007669040842885,-14.672761952083359,-14.672761952083359,-41.007669040842885,0,0,0,0,-54.527671616352521,-15.354523256633911,222.72172397170499
0.000328,55.606239889995571,-38.769670464691387,-16.836569425304184,-16.836569425304184,-38.769670464691387,0,0,0,0,-145.65582759585422,-17.38983562288422,222.42495955998228
0.00032833333333333336,55.532147642617126,-36.284617814744507,-19.247529827872622,-19.247529827872622,-36.284617814744507,0,0,0,0,-247.02148353954959,-19.033087370946763,222.1285905704685
0.00032866666666666667,55.458154119071338,-33.607700683669762,-21.850453435401565,-21.850453435401565,-33.607700683669762,0,0,0,0,-356.33937736452782,-20.247254507014421,221.83261647628535
0.00032900000000000003,55.384259187814145,-30.798432279830703,-24.585826907983449,-24.585826907983449,-30.798432279830703,0,0,0,0,-471.14509142622609,-21.004986380541084,221.53703675125658
0.00032933333333333333,55.31046271747676,-27.919307784736453,-27.39115493274031,-27.39115493274031,-27.919307784736453,0,0,0,0,-588.85060933165539,-21.289221791929393,221.24185086990704
0.00032966666666666669,55.23676457686544,-25.034395549477019,-30.202369027388425,-30.202369027388425,-25.034395549477019,0,0,0,0,-706.80265648793318,-21.093573144449529,220.94705830746176
0.00033,55.163164634961248,0,-55.163164634961248,-55.163164634961248,0,0,0,0,0,-822.34250924014827,-20.422469990791864,220.65265853984499
0.00033033333333333336,55.123493350144962,0,-55.123493350144962,-55.123493350144962,0,210.75433442441863,0,0,210.75433442441863,-892.1498389564905,-4.2898378390807181,220.49397340057985
0.00033066666666666666,55.158341610348032,0,-55.158341610348032,-55.158341610348032,0,436.72749746633752,0,0,436.72749746633752,-868.45978407330915,12.672366842382843,220.63336644139213
0.00033100000000000002,55.262356682472578,0,-55.262356682472578,-55.262356682472578,0,616.48939228491543,0,0,616.48939228491543,-756.0314529482755,27.120843982582016,221.04942672989031
0.00033133333333333333,55.410934953152747,0,-55.410934953152747,-55.410934953152747,0,697.79244278514932,0,0,697.79244278514932,-577.10514668297753,36.21169025120733,221.64373981261099
0.00033166666666666669,55.565114193924018,0,-55.565114193924018,-55.565114193924018,0,647.93019934552899,0,0,647.93019934552899,-366.98851664163988,38.163765857076214,222.26045677569607
0.00033200000000000005,55.679312129528924,0,-55.679312129528924,-55.679312129528924,0,460.21954063412068,0,0,460.21954063412068,-167.05495105758465,32.61124016749622,222.7172485181157
0.00033233333333333335,55.710376676634823,0,-55.710376676634823,-55.710376676634823,0,155.32339819432019,0,0,155.32339819432019,-16.542674055124191,20.675534245768588,222.84150670653929
0.00033266666666666671,55.632068958473781,-14.851216235411368,-40.780852723062409,-40.780852723062409,-14.851216235411368,0,0,0,0,62.918801842359677,15.438199920966039,222.52827583389512
0.00033300000000000002,55.557942295286331,-17.023946431793309,-38.533995863493018,-38.533995863493018,-17.023946431793309,0,0,0,0,154.41549966042183,17.438584478613958,222.23176918114532
0.00033333333333333338,55.483914401788709,-19.439061227965123,-36.044853173823583,-36.044853173823583,-19.439061227965123,0,0,0,0,255.95223392012375,19.045811007992089,221.93565760715484
0.00033366666666666668,55.409985146375746,-22.041278176074119,-33.368706970301623,-33.368706970301623,-22.041278176074119,0,0,0,0,365.23989435271147,20.223667591086127,221.63994058550298
0.00033400000000000004,55.336154397617634,-24.771100786755138,-30.565053610862496,-30.565053610862496,-24.771100786755138,0,0,0,0,479.8147529772595,20.945622051744721,221.34461759047053
0.00033433333333333335,55.262422024259692,-27.566159787405635,-27.696262236854061,-27.696262236854061,-27.566159787405635,0,0,0,0,597.0940051839666,21.195419614177332,221.04968809703877
0.00033466666666666671,55.188787895222127,-30.362619080285217,-24.826168814936914,-24.826168814936914,-30.362619080285217,0,0,0,0,714.43399262196704,20.967448878061049,220.75515158088851
0.00033500000000000001,55.115251879599803,-55.115251879599803,0,0,-55.115251879599803,0,0,0,0,829.18979540197438,20.266867870364852,220.46100751839921
0.00033533333333333337,55.076450887181032,-55.076450887181032,0,0,-55.076450887181032,0,215.41989791159543,215.41989791159543,0,897.41063748178647,3.8838520592746519,220.30580354872413
0.00033566666666666668,55.113499724219388,-55.113499724219388,0,0,-55.113499724219388,0,444.58924680981977,444.58924680981977,0,870.94522966009379,-13.248750800908297,220.45399889687755
0.00033600000000000004,55.220440852257489,-55.220440852257489,0,0,-55.220440852257489,0,625.45734293642579,625.45734293642579,0,755.1000281101218,-27.753889862322055,220.88176340902996
0.00033633333333333334,55.371926651507032,-55.371926651507032,0,0,-55.371926651507032,0,705.57065944765327,705.57065944765327,0,572.78967870356496,-36.776462507763426,221.48770660602813
0.0003366666666666667,55.528259254010649,-55.528259254010649,0,0,-55.528259254010649,0,652.47209883639891,652.47209883639891,0,359.98949422853525,-38.548891819999511,222.1130370160426
0.00033700000000000001,55.643274962858172,-55.643274962858172,0,0,-55.643274962858172,0,460.13359968407633,460.13359968407633,0,158.60153644372022,-32.740974978316601,222.57309985143269
0.00033733333333333337,55.673509722514318,-55.673509722514318,0,0,-55.673509722514318,0,150.14888721349024,150.14888721349024,0,8.1490041694949831,-20.524757066238639,222.69403889005727
0.00033766666666666667,55.594451463987454,-40.565818317841483,-15.028633146145971,-15.028633146145971,-40.565818317841483,0,0,0,0,-71.044633792857979,-15.506719728546889,222.37780585594982
0.00033800000000000003,55.520374924036403,-38.312049069225402,-17.208325854811001,-17.208325854811001,-38.312049069225402,0,0,0,0,-162.82897699380197,-17.473422286956321,222.08149969614561
0.00033833333333333334,55.446397086988732,-35.820573663914473,-19.625823423074262,-19.625823423074262,-35.820573663914473,0,0,0,0,-264.46369985036966,-19.046182920161648,221.78558834795493
0.00033866666666666669,55.372517821328259,-33.146727377058667,-22.225790444269588,-22.225790444269588,-33.146727377058667,0,0,0,0,-373.65749107902582,-20.18956662508204,221.49007128531304
0.000339,55.298736995714052,-30.349955100133229,-24.948781895580826,-24.948781895580826,-30.349955100133229,0,0,0,0,-487.94874636953466,-20.877818266294568,221.19494798285621
0.00033933333333333336,55.225054478980184,-27.492471246996089,-27.732583231984091,-27.732583231984091,-27.492471246996089,0,0,0,0,-604.76106142356628,-21.09544271953823,220.90021791592073
0.00033966666666666666,55.151470140135487,-24.637857287642255,-30.513612852493235,-30.513612852493235,-24.637857287642255,0,0,0,0,-721.46131040158821,-20.837553724502452,220.60588056054195
0.00034000000000000002,55.077983848363345,0,-55.077983848363345,-55.077983848363345,0,0,0,0,0,-835.41900054806683,-20.109983592940534,220.31193539345338
0.00034033333333333333,55.039949099193485,0,-55.039949099193485,-55.039949099193485,0,219.55416141079584,0,0,219.55416141079584,-902.12544988349532,-3.5046605017744099,220.15979639677394
0.00034066666666666669,55.078931307232672,0,-55.078931307232672,-55.078931307232672,0,451.48657019386326,0,0,451.48657019386326,-873.10035878602662,13.775601263726912,220.31572522893069
0.00034099999999999999,55.188415654787889,0,-55.188415654787889,-55.188415654787889,0,633.20879905676918,0,0,633.20879905676918,-754.154636456714,28.324507388806353,220.75366261915156
0.00034133333333333335,55.3423799770244,0,-55.3423799770244,-55.3423799770244,0,712.10835128387589,0,0,712.10835128387589,-568.81442611570287,37.278310694254429,221.3695199080976
0.00034166666666666671,55.500468394239803,0,-55.500468394239803,-55.500468394239803,0,655.97926503906933,0,0,655.97926503906933,-353.65236395784791,38.883093763109031,222.00187357695921
0.00034200000000000002,55.61600620057208,0,-55.61600620057208,-55.61600620057208,0,459.40479042369441,0,0,459.40479042369441,-151.0352983018881,32.841901909292744,222.46402480228832
0.00034233333333333338,55.645266620686719,0,-55.645266620686719,-55.645266620686719,0,144.82885441964498,0,0,144.82885441964498,-0.72662466324927877,20.373020779239674,222.58106648274688
0.00034266666666666668,55.565543948934419,-15.189913188565232,-40.375630760369191,-40.375630760369191,-15.189913188565232,0,0,0,0,78.321714818859462,15.585061348285649,222.26217579573768
0.00034300000000000004,55.491505926652621,-17.378106967776233,-38.113398958876388,-38.113398958876388,-17.378106967776233,0,0,0,0,170.4576285287373,17.521407979486934,221.96602370661049
0.00034333333333333335,55.417566555951531,-19.799952899891043,-35.617613656060485,-35.617613656060485,-19.799952899891043,0,0,0,0,272.2719529786246,19.062732291722895,221.67026622380612
0.00034366666666666671,55.343725705383356,-22.400018165756268,-32.943707539627084,-32.943707539627084,-22.400018165756268,0,0,0,0,381.46933554266315,20.174307920361244,221.37490282153342
0.00034400000000000001,55.269983243675455,-25.118856133821279,-30.151127109854173,-30.151127109854173,-25.118856133821279,0,0,0,0,495.58809811495496,20.831096719218994,221.07993297470182
0.00034433333333333337,55.196339039730098,-27.894346486448573,-27.301992553281529,-27.301992553281529,-27.894346486448573,0,0,0,0,612.05573165027806,21.018312742336743,220.78535615892039
0.00034466666666666668,55.122792962624239,-30.663095558319068,-24.459697404305174,-24.459697404305174,-30.663095558319068,0,0,0,0,728.24688664815994,20.731755111757909,220.49117185049695
0.00034500000000000004,55.049344881609279,-55.049344881609279,0,0,-55.049344881609279,0,0,0,0,841.54255233670892,19.977902277658487,220.19737952643712
0.00034533333333333334,55.012039442625564,-55.012039442625564,0,0,-55.012039442625564,0,223.55316525015331,223.55316525015331,0,906.89351278548406,3.1569218589256849,220.04815777050226
0.0003456666666666667,55.052891503584178,-55.052891503584178,0,0,-55.052891503584178,0,458.22621247395114,458.22621247395114,0,875.48784921580977,-14.270496898863158,220.21156601433671
0.00034600000000000001,55.164867548960586,-55.164867548960586,0,0,-55.164867548960586,0,640.89483678397289,640.89483678397289,0,753.6058999231193,-28.868916246407181,220.65947019584235
0.00034633333333333337,55.321306166324305,-55.321306166324305,0,0,-55.321306166324305,0,718.76665148655502,718.76665148655502,0,565.3532148412994,-37.764806313228092,221.28522466529722
0.00034666666666666667,55.481218472712946,-55.481218472712946,0,0,-55.481218472712946,0,659.84730004685889,659.84730004685889,0,347.87695420394539,-39.215758905739364,221.92487389085179
0.00034700000000000003,55.597428509916064,-55.597428509916064,0,0,-55.597428509916064,0,459.28104559565679,459.28104559565679,0,143.99975909897765,-32.955331549388688,222.38971403966426
0.00034733333333333334,55.625939349408469,-55.625939349408469,0,0,-55.625939349408469,0,140.31092329477798,140.31092329477798,0,-6.2681897029616245,-20.245271277473758,222.50375739763388
0.0003476666666666667,55.545687984533956,-40.199209562487354,-15.346478422046602,-15.346478422046602,-40.199209562487354,0,0,0,0,-85.21623887647155,-15.650013460373399,222.18275193813582
0.000348,55.471676419229453,-37.93019402266755,-17.5414823965619,-17.5414823965619,-37.93019402266755,0,0,0,0,-177.63392968372514,-17.557704843045318,221.88670567691781
0.00034833333333333336,55.397763470253196,-35.431531310364917,-19.966232159888282,-19.966232159888282,-35.431531310364917,0,0,0,0,-279.56826141590534,-19.069556917440234,221.59105388101278
0.00034866666666666667,55.323949006204366,-32.758719110912878,-22.565229895291484,-22.565229895291484,-32.758719110912878,0,0,0,0,-388.72118298361511,-20.151507674992189,221.29579602481746
0.00034900000000000003,55.250232895857231,-29.971179402971529,-25.279053492885705,-25.279053492885705,-29.971179402971529,0,0,0,0,-502.63202514598407,-20.779186739026365,221.00093158342892
0.00034933333333333333,55.176615008160901,-27.130918888589502,-28.045696119571399,-28.045696119571399,-27.130918888589502,0,0,0,0,-618.73297216021604,-20.938464294448135,220.70646003264361
0.00034966666666666669,55.103095212239118,-24.30113121642766,-30.801963995811466,-30.801963995811466,-24.30113121642766,0,0,0,0,-734.4069463258794,-20.625769166391443,220.41238084895647
0.00035,55.029673377390004,0,-55.029673377390004,-55.029673377390004,0,0,0,0,0,-847.04660057166564,-19.848168887517517,220.11869350956002
0.00035033333333333336,54.99299972499351,0,-54.99299972499351,-54.99299972499351,0,227.04842467828843,0,0,227.04842467828843,-911.13082514103496,-2.8382460193071779,219.97199889997404
0.00035066666666666666,55.035471614541855,0,-55.035471614541855,-55.035471614541855,0,464.0644604064405,0,0,464.0644604064405,-877.56800001915883,14.71538480286705,220.14188645816742
0.00035100000000000002,55.149585918185586,0,-55.149585918185586,-55.149585918185586,0,647.46425637386949,0,0,647.46425637386949,-753.0635585385678,29.352293449374571,220.59834367274235
0.00035133333333333338,55.308110727894878,0,-55.308110727894878,-55.308110727894878,0,724.31568873014203,0,0,724.31568873014203,-562.24022625600321,38.191350796281853,221.23244291157951
0.00035166666666666669,55.469498945720403,0,-55.469498945720403,-55.469498945720403,0,662.83203837133703,0,0,662.83203837133703,-342.75189838022493,39.501441764166401,221.87799578288161
0.00035200000000000005,55.586139364891082,0,-55.586139364891082,-55.586139364891082,0,458.67129737088294,0,0,458.67129737088294,-137.8170974656488,33.044064180278454,222.34455745956433
0.00035233333333333335,55.613809049125145,0,-55.613809049125145,-55.613809049125145,0,135.79439677658837,0,0,135.79439677658837,12.347374538522477,20.120009326284347,222.45523619650058
0.00035266666666666671,55.533100378627879,-15.48677365917294,-40.046326719454939,-40.046326719454939,-15.48677365917294,0,0,0,0,91.286389579061876,15.720866762397009,222.13240151451151
0.00035300000000000002,55.459105585613905,-17.689596751361652,-37.76950883425225,-37.76950883425225,-17.689596751361652,0,0,0,0,184.02780896189032,17.603174593062914,221.83642234245562
0.00035333333333333337,55.385209386580023,-20.118685035299794,-35.266524351280232,-35.266524351280232,-20.118685035299794,0,0,0,0,286.1417340323427,19.088619230482873,221.54083754632009
0.00035366666666666668,55.311411650155193,-22.718443231546122,-32.592968418609075,-32.592968418609075,-22.718443231546122,0,0,0,0,395.32607141325673,20.143733948021122,221.24564660062077
0.00035400000000000004,55.23771224514342,-25.429432422945251,-29.808279822198173,-29.808279822198173,-25.429432422945251,0,0,0,0,509.11944975531992,20.744753287716339,220.95084898057368
0.00035433333333333334,55.164111040523522,-28.189710000133413,-26.974401040390113,-26.974401040390113,-28.189710000133413,0,0,0,0,624.95670707679778,20.87814835432912,220.65644416209409
0.0003546666666666667,55.090607905448891,-30.936225987377224,-24.154381918071664,-24.154381918071664,-30.936225987377224,0,0,0,0,740.22671535394795,20.540931349039866,220.36243162179557
0.00035500000000000001,55.017202709247272,-55.017202709247272,0,0,-55.017202709247272,0,0,0,0,852.33123886432122,19.740722487796226,220.06881083698909
0.00035533333333333337,54.981116321270335,-54.981116321270335,0,0,-54.981116321270335,0,230.35092098656207,230.35092098656207,0,915.30261778884289,2.5517629190927735,219.92446528508134
0.00035566666666666667,55.025117934797791,-55.025117934797791,0,0,-55.025117934797791,0,469.63290659520749,469.63290659520749,0,879.77468528247857,-15.124478187793812,220.10047173919116
0.00035600000000000003,55.141276306250795,-55.141276306250795,0,0,-55.141276306250795,0,653.81568915987873,653.81568915987873,0,752.8403305403225,-29.803292067826391,220.56510522500318
0.00035633333333333334,55.301830587755141,-55.301830587755141,0,0,-55.301830587755141,0,729.81496191556289,729.81496191556289,0,559.60171253436795,-38.595273170190552,221.20732235102057
0.0003566666666666667,55.464708835707647,-55.464708835707647,0,0,-55.464708835707647,0,666.01609989193969,666.01609989193969,0,338.18909531481904,-39.778666164548099,221.85883534283059
0.000357,55.58188315794343,-55.58188315794343,0,0,-55.58188315794343,0,458.53923678919853,458.53923678919853,0,132.19990738793152,-33.140103233913038,222.32753263177372
0.00035733333333333336,55.608904684712741,-55.608904684712741,0,0,-55.608904684712741,0,132.00579842790313,132.00579842790313,0,-17.942654352469933,-20.016297761375686,222.43561873885096
0.00035766666666666667,55.527833729111393,-39.90829931874859,-15.619534410362807,-15.619534410362807,-39.90829931874859,0,0,0,0,-96.893030511488064,-15.779714314992347,222.11133491644557
0.00035800000000000003,55.453845953617389,-37.62515202544715,-17.828693928170235,-17.828693928170235,-37.62515202544715,0,0,0,0,-189.89695591559112,-17.638651453337669,221.81538381446956
0.00035833333333333333,55.379956762753018,-35.119033003074101,-20.260923759678921,-20.260923759678921,-35.119033003074101,0,0,0,0,-292.14108205685829,-19.099926677685353,221.51982705101207
0.00035866666666666669,55.306166025159705,-32.445608003307314,-22.860558021852388,-22.860558021852388,-32.445608003307314,0,0,0,0,-401.32038612232896,-20.130618087704143,221.22466410063882
0.000359,55.232473609653887,-29.664312806930404,-25.568160802723479,-25.568160802723479,-29.664312806930404,0,0,0,0,-514.97361571445265,-20.707510752529693,220.92989443861555
0.00035933333333333336,55.158879385226811,-26.837013349057774,-28.321866036169038,-28.321866036169038,-26.837013349057774,0,0,0,0,-630.53877338564337,-20.817619595351875,220.63551754090724
0.00035966666666666666,55.085383221044282,-24.026611121618018,-31.05877209942626,-31.05877209942626,-24.026611121618018,0,0,0,0,-745.41086977428517,-20.458481669374539,220.34153288417713
0.00036000000000000002,55.011984986446429,0,-55.011984986446429,-55.011984986446429,0,0,0,0,0,-857.00064345780424,-19.638211246437937,220.04793994578571
0.00036033333333333338,54.976395396259498,0,-54.976395396259498,-54.976395396259498,0,233.17944047137277,0,0,233.17944047137277,-918.95836490399529,-2.295450862466005,219.90558158503799
0.00036066666666666669,55.021694468465682,0,-55.021694468465682,-55.021694468465682,0,474.36326944227153,0,0,474.36326944227153,-881.69022869661103,15.484141507891266,220.08677787386273
0.00036100000000000005,55.139572151406441,0,-55.139572151406441,-55.139572151406441,0,659.14497869600746,0,0,659.14497869600746,-752.6320223390818,30.195394820104298,220.55828860562576
0.00036133333333333335,55.301805624972587,0,-55.301805624972587,-55.301805624972587,0,734.32254414337524,0,0,734.32254414337524,-557.30470300641935,38.942501294362643,221.20722249989035
0.00036166666666666671,55.465869449466368,0,-55.465869449466368,-55.465869449466368,0,668.44537458620698,0,0,668.44537458620698,-334.25021279122552,40.012626730275258,221.86347779786547
0.00036200000000000002,55.583380637901364,0,-55.583380637901364,-55.583380637901364,0,458.04677366255635,0,0,458.04677366255635,-127.38896090664824,33.214874038030501,222.33352255160545
0.00036233333333333338,55.609704017379961,0,-55.609704017379961,-55.609704017379961,0,128.32850023019722,0,0,128.32850023019722,22.685541323797995,19.917518761478952,222.43881606951985
0.00036266666666666668,55.528325736588357,-15.736087862308427,-39.792237874279934,-39.792237874279934,-15.736087862308427,0,0,0,0,101.70918744537121,15.841331683498449,222.11330294635343
0.00036300000000000004,55.454337305521534,-17.952166012143056,-37.502171293378481,-37.502171293378481,-17.952166012143056,0,0,0,0,194.99985763781436,17.680068003792748,221.81734922208614
0.00036333333333333335,55.380447459957857,-20.388536593783176,-34.991910866174685,-34.991910866174685,-20.388536593783176,0,0,0,0,297.41569428301074,19.120209676105794,221.52178983983143
0.00036366666666666671,55.306656068537585,-22.98944049461873,-32.317215573918844,-32.317215573918844,-22.98944049461873,0,0,0,0,406.64780878126419,20.129311201633829,221.22662427415034
0.00036400000000000001,55.232963000075998,-25.695413293574578,-29.537549706501419,-29.537549706501419,-25.695413293574578,0,0,0,0,520.23376318813598,20.684644317694701,220.93185200030399
0.00036433333333333337,55.159368123563183,-28.444625775867326,-26.714742347695861,-26.714742347695861,-28.444625775867326,0,0,0,0,635.61308136301557,20.773709912089643,220.63747249425273
0.00036466666666666668,55.085871308163782,-31.174277697212208,-23.911593610951577,-23.911593610951577,-31.174277697212208,0,0,0,0,750.18496770386457,20.394519345142402,220.34348523265513
0.00036500000000000004,55.012472423216771,-55.012472423216771,0,0,-55.012472423216771,0,0,0,0,861.36693236165775,19.555638847613533,220.04988969286708
0.00036533333333333334,54.977331002676173,-54.977331002676173,0,0,-54.977331002676173,0,235.77781963880548,235.77781963880548,0,922.45773591220359,2.0711473823236304,219.90932401070469
0.0003656666666666667,55.023820565540923,-55.023820565540923,0,0,-55.023820565540923,0,478.74857344096756,478.74857344096756,0,883.64660743975412,-15.806002194999763,220.09528226216369
0.00036600000000000001,55.143294947074338,-55.143294947074338,0,0,-55.143294947074338,0,664.15061895471763,664.15061895471763,0,752.67352736491375,-30.551324224588569,220.57317978829735
0.00036633333333333337,55.307114559374369,-55.307114559374369,0,0,-55.307114559374369,0,738.65826512631895,738.65826512631895,0,555.43721826031003,-39.262284892033648,221.22845823749748
0.00036666666666666667,55.472339211751716,-55.472339211751716,0,0,-55.472339211751716,0,670.95313922945343,670.95313922945343,0,330.8560721056873,-40.233240583496723,221.88935684700687
0.00036700000000000003,55.590255423164869,-55.590255423164869,0,0,-55.590255423164869,0,457.93034945432862,457.93034945432862,0,123.15103397055069,-33.292971131399909,222.36102169265948
0.00036733333333333334,55.616047295206904,-55.616047295206904,0,0,-55.616047295206904,0,125.31125956915156,125.31125956915156,0,-26.919289188980859,-19.838011221505283,222.46418918082762
0.00036766666666666669,55.534425911052928,-39.691248069598842,-15.843177841454082,-15.843177841454082,-39.691248069598842,0,0,0,0,-106.01740280802049,-15.892075059803659,222.13770364421171
0.000368,55.460429351840119,-37.395572900289167,-18.064856451550963,-18.064856451550963,-37.395572900289167,0,0,0,0,-199.54035977209412,-17.712790554908043,221.84171740736048
0.00036833333333333336,55.386531388960762,-34.882175572317415,-20.504355816643351,-20.504355816643351,-34.882175572317415,0,0,0,0,-302.08612796026239,-19.134174547660415,221.54612555584305
0.00036866666666666667,55.312731891040684,-32.206885582685587,-23.105846308355094,-23.105846308355094,-32.206885582685587,0,0,0,0,-411.34289419481939,-20.124204379155472,221.25092756416274
0.00036900000000000002,55.239030726880756,-29.42918043142113,-25.809850295459622,-25.809850295459622,-29.42918043142113,0,0,0,0,-524.84766914553813,-20.660581687504415,220.95612290752302
0.00036933333333333333,55.16542776545667,-26.610844811384467,-28.554582954072199,-28.554582954072199,-26.610844811384467,0,0,0,0,-640.04181081034847,-20.731234631674312,220.66171106182668
0.00036966666666666669,55.091922875918698,-23.814577847002624,-31.27734502891607,-31.27734502891607,-23.814577847002624,0,0,0,0,-754.32870181046189,-20.334589582672209,220.36769150367479
0.00037000000000000005,55.018515927591459,0,-55.018515927591459,-55.018515927591459,0,0,0,0,0,-865.13228032972802,-19.479606167354952,220.07406371036583
0.00037033333333333335,54.983740078368477,0,-54.983740078368477,-54.983740078368477,0,237.93632012413573,0,0,237.93632012413573,-925.45956683771522,-1.8769028797778731,219.93496031347391
0.00037066666666666671,55.031207163240182,0,-55.031207163240182,-55.031207163240182,0,482.36339876840134,0,0,482.36339876840134,-885.32494982954574,16.080230396461033,220.12482865296073
0.00037100000000000002,55.151982953915557,0,-55.151982953915557,-55.151982953915557,0,668.22848333601087,0,0,668.22848333601087,-752.72916614881626,30.851475214656801,220.60793181566223
0.00037133333333333338,55.317074947554218,0,-55.317074947554218,-55.317074947554218,0,742.11186395628908,0,0,742.11186395628908,-553.89087484458889,39.529183987659309,221.26829979021687
0.00037166666666666668,55.483195197024223,0,-55.483195197024223,-55.483195197024223,0,672.8167972495188,0,0,672.8167972495188,-328.0441617156356,40.41432760405408,221.93278078809689
0.00037200000000000004,55.601356584372375,0,-55.601356584372375,-55.601356584372375,0,457.55148418647866,0,0,457.55148418647866,-119.65886541551541,33.35271338940106,222.4054263374895
0.00037233333333333335,55.626597940575536,0,-55.626597940575536,-55.626597940575536,0,122.47972749653064,0,0,122.47972749653064,30.373609677397187,19.764938222784238,222.50639176230214
0.00037266666666666671,55.544773248181073,-15.934462474494072,-39.610310773687004,-39.610310773687004,-15.934462474494072,0,0,0,0,109.5831031168768,15.94321018554178,222.17909299272429
0.00037300000000000001,55.470762901712305,-18.161993860545,-37.308769041167295,-37.308769041167295,-18.161993860545,0,0,0,0,203.34888344877626,17.748907369134994,221.88305160684922
0.00037333333333333337,55.396851169947752,-20.605272696391392,-34.791578473556356,-34.791578473556356,-20.605272696391392,0,0,0,0,306.05161860446833,19.15445956511082,221.58740467979101
0.00037366666666666668,55.323037921488755,-23.208384091093503,-32.114653830395255,-32.114653830395255,-23.208384091093503,0,0,0,0,415.37596076197127,20.128201006331928,221.29215168595502
0.00037400000000000004,55.249323025111742,-25.911813810014724,-29.337509215097022,-29.337509215097022,-25.911813810014724,0,0,0,0,528.85740102107286,20.648200500074662,220.99729210044697
0.00037433333333333334,55.175706349767992,-28.653789908099373,-26.521916441668616,-26.521916441668616,-28.653789908099373,0,0,0,0,643.93782705415731,20.702755375225689,220.70282539907197
0.0003746666666666667,55.102187764583398,-31.371675198830065,-23.730512565753337,-23.730512565753337,-31.371675198830065,0,0,0,0,758.02318837882569,20.29065485206166,220.40875105833359
0.00037500000000000001,55.028767138858228,-55.028767138858228,0,0,-55.028767138858228,0,0,0,0,868.54196935496816,19.421206907464335,220.11506855543291
0.00037533333333333337,54.994307470675082,-54.994307470675082,0,0,-54.994307470675082,0,239.84704653097069,239.84704653097069,0,928.24252746227421,1.7134490557236859,219.97722988270033
0.00037566666666666667,55.042637635242549,-55.042637635242549,0,0,-55.042637635242549,0,485.59361804093328,485.59361804093328,0,886.97848784947962,-16.31655265120898,220.1705505409702
0.00037600000000000003,55.164577408781767,-55.164577408781767,0,0,-55.164577408781767,0,671.92176313099253,671.92176313099253,0,752.97322031695285,-31.114056036613874,220.65830963512707
0.00037633333333333334,55.330827562479222,-55.330827562479222,0,0,-55.330827562479222,0,745.31650563603318,745.31650563603318,0,552.7234082387132,-39.766231734259605,221.32331024991689
0.0003766666666666667,55.497793538905086,-55.497793538905086,0,0,-55.497793538905086,0,674.67458350888501,674.67458350888501,0,325.74143729351533,-40.579134109047004,221.99117415562034
0.000377,55.616242525869147,-55.616242525869147,0,0,-55.616242525869147,0,457.46783094824923,457.46783094824923,0,116.72057234113143,-33.412907894187924,222.46497010347659
0.00037733333333333336,55.641077282146412,-55.641077282146412,0,0,-55.641077282146412,0,120.24152866133448,120.24152866133448,0,-33.323483579795067,-19.708896548167147,222.56430912858565
0.00037766666666666667,55.559091374123319,-39.543841296864521,-16.015250077258798,-16.015250077258798,-39.543841296864521,0,0,0,0,-112.63195322493871,-15.984475292254492,222.23636549649328
0.00037800000000000003,55.485061949541532,-37.23760819058171,-18.247453758959818,-18.247453758959818,-37.23760819058171,0,0,0,0,-206.59175585742921,-17.777358878422138,221.94024779816613
0.00037833333333333333,55.411131165084484,-34.717491617543843,-20.693639547540631,-20.693639547540631,-34.717491617543843,0,0,0,0,-309.41540903411465,-19.169456682893461,221.64452466033794
0.00037866666666666669,55.337298889319662,-32.039472004788792,-23.297826884530867,-23.297826884530867,-32.039472004788792,0,0,0,0,-418.78484233634885,-20.129406235062518,221.34919555727865
0.000379,55.263564990989657,-29.263087848138909,-26.000477142850752,-26.000477142850752,-29.263087848138909,0,0,0,0,-532.23453356361415,-20.635587233815041,221.05425996395863
0.00037933333333333336,55.189929339011975,-26.450093530780265,-28.739835808231707,-28.739835808231707,-26.450093530780265,0,0,0,0,-647.20708915528894,-20.676608486723133,220.7597173560479
0.00037966666666666672,55.116391802478759,-23.663067248906636,-31.45332455357212,-31.45332455357212,-23.663067248906636,0,0,0,0,-761.11089319139353,-20.251564258874794,220.46556720991504
0.00038000000000000002,55.042952250656597,0,-55.042952250656597,-55.042952250656597,0,0,0,0,0,-871.37852544333543,-19.370054262447873,220.17180900262639
0.00038033333333333338,55.008735032440562,0,-55.008735032440562,-55.008735032440562,0,241.35792902047595,0,0,241.35792902047595,-930.55396542639426,-1.5787144665857582,220.03494012976225
0.00038066666666666669,55.057736868796916,0,-55.057736868796916,-55.057736868796916,0,488.12843615041504,0,0,488.12843615041504,-888.36741643862194,16.508357903231044,220.23094747518766
0.00038100000000000005,55.180576783821742,0,-55.180576783821742,-55.180576783821742,0,674.78591645411893,0,0,674.78591645411893,-753.22397098271585,31.325126474556669,220.72230713528697
0.00038133333333333335,55.347708063237235,0,-55.347708063237235,-55.347708063237235,0,747.74557009882903,0,0,747.74557009882903,-551.84467547299016,39.954963704818226,221.39083225294894
0.00038166666666666671,55.51529102902628,0,-55.51529102902628,-55.51529102902628,0,675.98592732041959,0,0,675.98592732041959,-323.96444189566807,40.708371592317917,222.06116411610512
0.00038200000000000002,55.633898724703123,0,-55.633898724703123,-55.633898724703123,0,457.19596599365423,0,0,457.19596599365423,-114.45312869945431,33.457303767934491,222.53559489881249
0.00038233333333333337,55.658329232639005,0,-55.658329232639005,-55.658329232639005,0,118.23038134446625,0,0,118.23038134446625,35.57787688279754,19.659930886597341,222.63331693055602
0.00038266666666666668,55.576209749721357,-16.081070243800706,-39.495139505920648,-39.495139505920648,-16.081070243800706,0,0,0,0,115.00296766211304,16.024458691842408,222.30483899888543
0.00038300000000000004,55.502157515848346,-18.317958200839431,-37.184199315008911,-37.184199315008911,-18.317958200839431,0,0,0,0,209.1573383903274,17.80728819206168,222.00863006339338
0.00038333333333333334,55.428203952492197,-20.767431546846584,-34.660772405645609,-34.660772405645609,-20.767431546846584,0,0,0,0,312.11772190247729,19.188657693680522,221.71281580996879
0.0003836666666666667,55.354348928179895,-23.373435419766668,-31.980913508413224,-31.980913508413224,-23.373435419766668,0,0,0,0,421.56296814307177,20.137446576223283,221.41739571271958
0.00038400000000000001,55.280592311613603,-26.076390050051064,-29.204202261562536,-29.204202261562536,-26.076390050051064,0,0,0,0,535.02584851654581,20.63228612469424,221.12236924645441
0.00038433333333333337,55.206933971670423,-28.814533868107272,-26.392400103563148,-26.392400103563148,-28.814533868107272,0,0,0,0,649.94867471642385,20.662040797466524,220.82773588668169
0.00038466666666666667,55.133373777402177,-31.525315736299984,-23.608058041102197,-23.608058041102197,-31.525315736299984,0,0,0,0,763.74095431243609,20.226058812415854,220.53349510960871
0.00038500000000000003,55.059911598035171,-55.059911598035171,0,0,-55.059911598035171,0,0,0,0,873.83778341944037,19.334186412307353,220.23964639214068
0.00038533333333333334,55.025889743110412,-55.025889743110412,0,0,-55.025889743110412,0,242.62196953117711,242.62196953117711,0,932.6118231274836,1.4724916752326394,220.10355897244165
0.0003856666666666667,55.075450032295137,-55.075450032295137,0,0,-55.075450032295137,0,490.27236545071889,490.27236545071889,0,889.68540848742884,-16.6640222972988,220.30180012918055
0.000386,55.199050362678456,-55.199050362678456,0,0,-55.199050362678456,0,677.24570579752049,677.24570579752049,0,753.60945365414364,-31.499535494672301,220.79620145071382
0.00038633333333333336,55.36694112713397,-55.36694112713397,0,0,-55.36694112713397,0,749.88923211884537,749.88923211884537,0,551.28891309983692,-40.113723531783648,221.46776450853588
0.00038666666666666667,55.535078240312558,-55.535078240312558,0,0,-55.535078240312558,0,677.2388612983965,677.2388612983965,0,322.64423464791412,-40.82020861043722,222.14031296125023
0.00038700000000000003,55.653869360781897,-55.653869360781897,0,0,-55.653869360781897,0,457.15488548368864,457.15488548368864,0,112.69567319141905,-33.500260666988709,222.61547744312759
0.00038733333333333333,55.678018997534281,-55.678018997534281,0,0,-55.678018997534281,0,116.74325179699662,116.74325179699662,0,-37.359916542937668,-19.625714195207443,222.71207599013712
0.00038766666666666669,55.595793259965625,-39.459574169660854,-16.136219090304767,-16.136219090304767,-39.459574169660854,0,0,0,0,-116.88108173609301,-16.055550956363,222.3831730398625
0.000388,55.52171493214545,-37.14497881309476,-18.376736119050687,-18.376736119050687,-37.14497881309476,0,0,0,0,-211.18636725673011,-17.830423023609594,222.0868597285818
0.00038833333333333336,55.447735309610884,-34.619001376662837,-20.828733932948044,-20.828733932948044,-34.619001376662837,0,0,0,0,-314.25192383416226,-19.203313942034125,221.79094123844354
0.00038866666666666666,55.373854260842585,-31.937753742814184,-23.4361005180284,-23.4361005180284,-31.937753742814184,0,0,0,0,-423.75423260511548,-20.143294224966802,221.49541704337034
0.00038900000000000002,55.300071654496449,-29.160846512243662,-26.139225142252787,-26.139225142252787,-29.160846512243662,0,0,0,0,-537.22478070438081,-20.629193722226074,221.2002866179858
0.00038933333333333338,55.226387359403375,-26.350045199593549,-28.876342159809827,-28.876342159809827,-26.350045199593549,0,0,0,0,-652.10570899813695,-20.650078411929126,220.9055494376135
0.00038966666666666669,55.152801244569041,-23.567877910665224,-31.58492333390382,-31.58492333390382,-23.567877910665224,0,0,0,0,-765.80747147635793,-20.205496444123241,220.61120497827616
0.00039000000000000005,55.079313179173667,0,-55.079313179173667,-55.079313179173667,0,0,0,0,0,-875.7672065434067,-19.305487899639701,220.31725271669467
0.00039033333333333335,55.045422858446116,0,-55.045422858446116,-55.045422858446116,0,243.53285470880706,0,0,243.53285470880706,-934.23417977105737,-1.3924903883945348,220.18169143378447
0.00039066666666666671,55.095374338257585,0,-55.095374338257585,-55.095374338257585,0,491.80512409699008,0,0,491.80512409699008,-890.75526361288792,16.779590602705085,220.38149735303034
0.00039100000000000002,55.21950532547762,0,-55.21950532547762,-55.21950532547762,0,678.98198083852435,0,0,678.98198083852435,-753.99017123203294,31.627899574716082,220.87802130191048
0.00039133333333333338,55.387916426451064,0,-55.387916426451064,-55.387916426451064,0,751.36434118293562,0,0,751.36434118293562,-550.97965419498075,40.229591786613582,221.55166570580425
0.00039166666666666668,55.556413892203928,0,-55.556413892203928,-55.556413892203928,0,678.03396804376882,0,0,678.03396804376882,-321.780035082518,40.900781929833727,222.22565556881571
0.00039200000000000004,55.67528552498478,0,-55.67528552498478,-55.67528552498478,0,456.9800533112259,0,0,456.9800533112259,-111.52059575802937,33.529749417043007,222.70114209993912
0.00039233333333333335,55.699169551892027,0,-55.699169551892027,-55.699169551892027,0,115.49492490315384,0,0,115.49492490315384,38.541224607250712,19.598464418820523,222.79667820756811
0.00039266666666666671,55.616856701841598,-16.177710266811122,-39.43914643503048,-39.43914643503048,-16.177710266811122,0,0,0,0,118.1629532252189,16.084329145104373,222.46742680736639
0.00039300000000000001,55.542750308146992,-18.42170897996721,-37.121041328179786,-37.121041328179786,-18.42170897996721,0,0,0,0,212.61306604512399,17.853684542376683,222.17100123258797
0.00039333333333333337,55.468742657134229,-20.876411713505338,-34.592330943628887,-34.592330943628887,-20.876411713505338,0,0,0,0,315.79128534250316,19.22053468577159,221.87497062853691
0.00039366666666666668,55.394833617234134,-23.485645198523837,-31.909188418710297,-31.909188418710297,-23.485645198523837,0,0,0,0,425.37155407280477,20.1540862728097,221.57933446893654
0.00039400000000000004,55.321023057052841,-26.189756340454938,-29.131266716597906,-29.131266716597906,-26.189756340454938,0,0,0,0,538.88360351486574,20.633314075944888,221.28409222821136
0.00039433333333333334,55.247310845371551,-28.926956977472475,-26.32035386789908,-26.32035386789908,-28.926956977472475,0,0,0,0,653.76864055053295,20.647434467371795,220.9892433814862
0.0003946666666666667,55.17369685114631,-31.634716709997807,-23.538980141148507,-23.538980141148507,-31.634716709997807,0,0,0,0,767.43702807625596,20.196148072457312,220.69478740458524
0.00039500000000000001,55.100180943507787,-55.100180943507787,0,0,-55.100180943507787,0,0,0,0,877.3266583127205,19.289646091619836,220.40072377403115
0.00039533333333333337,55.066380007365396,-55.066380007365396,0,0,-55.066380007365396,0,244.21430478836345,244.21430478836345,0,935.59419504736263,1.3377336329434257,220.26552002946158
0.00039566666666666667,55.116618285831905,-55.116618285831905,0,0,-55.116618285831905,0,492.9700631475331,492.9700631475331,0,891.72639874527579,-16.862484725165274,220.46647314332762
0.00039600000000000003,55.241148812189373,-55.241148812189373,0,0,-55.241148812189373,0,680.33014779925452,680.33014779925452,0,754.45960791720768,-31.722588845843603,220.96459524875749
0.00039633333333333334,55.40996306773998,-55.40996306773998,0,0,-55.40996306773998,0,752.55275966542411,752.55275966542411,0,550.93348750715711,-40.317409920311547,221.63985227095992
0.0003966666666666667,55.578755379267804,-55.578755379267804,0,0,-55.578755379267804,0,678.74497605907186,678.74497605907186,0,321.30595189503663,-40.964438447249648,222.31502151707122
0.000397,55.697721025272003,-55.697721025272003,0,0,-55.697721025272003,0,456.98429357627674,456.98429357627674,0,110.79042033685326,-33.556755456630199,222.79088410108801
0.00039733333333333336,55.721443457253031,-55.721443457253031,0,0,-55.721443457253031,0,114.69681503072314,114.69681503072314,0,-39.3056511940338,-19.583605704157392,222.88577382901212
0.00039766666666666667,55.639061910592631,-39.429932312415872,-16.209129598176755,-16.209129598176755,-39.429932312415872,0,0,0,0,-119.00414391459098,-16.105240672004658,222.55624764237052
0.00039800000000000002,55.564925929682218,-37.109247610879265,-18.455678318802949,-18.455678318802949,-37.109247610879265,0,0,0,0,-213.56051219980972,-17.870952992308851,222.25970371872887
0.00039833333333333338,55.490888730876982,-34.57847351971337,-20.912415211163623,-20.912415211163623,-34.57847351971337,0,0,0,0,-316.82362660825856,-19.233770965069859,221.96355492350793
0.00039866666666666669,55.416950182555219,-31.893829339490363,-23.523120843064856,-23.523120843064856,-31.893829339490363,0,0,0,0,-426.4655173743264,-20.162992191298549,221.66780073022088
0.00039900000000000005,55.343110153270594,-29.11500152619946,-26.228108627071133,-26.228108627071133,-29.11500152619946,0,0,0,0,-540.01452772336302,-20.637689064638426,221.37244061308238
0.00039933333333333335,55.269368511751928,-26.303798178404186,-28.965570333347745,-28.965570333347745,-26.303798178404186,0,0,0,0,-654.91103241757367,-20.647180095456829,221.07747404700771
0.00039966666666666671,55.195725126902957,-23.522755755937077,-31.672969370965877,-31.672969370965877,-23.522755755937077,0,0,0,0,-768.56513690151337,-20.1912702618338,220.78290050761183
0.00040000000000000002,55.122179867802082,0,-55.122179867802082,-55.122179867802082,0,0,0,0,0,-878.4150563914875,-19.280254979175314,220.48871947120833
0.00040033333333333338,55.088415273987515,0,-55.088415273987515,-55.088415273987515,0,244.59553684579859,0,0,244.59553684579859,-936.56558529290601,-1.3057033496902335,220.35366109595006
0.00040066666666666668,55.138799630557095,0,-55.138799630557095,-55.138799630557095,0,493.61698006706081,0,0,493.61698006706081,-892.47063499199987,16.910861889021078,220.55519852222838
0.00040100000000000004,55.263536613656868,0,-55.263536613656868,-55.263536613656868,0,681.06783676029636,0,0,681.06783676029636,-754.91122607602313,31.777790972874612,221.05414645462747
0.00040133333333333335,55.432554181946884,0,-55.432554181946884,-55.432554181946884,0,753.18165931625106,0,0,753.18165931625106,-551.08462041238135,40.368573591770115,221.73021672778754
0.00040166666666666671,55.60148158188403,0,-55.60148158188403,-55.60148158188403,0,679.08046814483998,0,0,679.08046814483998,-321.20782563874366,41.001511981101913,222.40592632753612
0.00040200000000000001,55.720460366705872,0,-55.720460366705872,-55.720460366705872,0,456.89332144941898,0,0,456.89332144941898,-110.54313997464433,33.572490455049888,222.88184146682349
0.00040233333333333337,55.744042276389095,0,-55.744042276389095,-55.744042276389095,0,114.12427358018596,0,0,114.12427358018596,39.572997909099655,19.574992313561985,222.97616910555638
0.00040266666666666668,55.661606069546359,-16.228641763094419,-39.432964306451936,-39.432964306451936,-16.228641763094419,0,0,0,0,119.34521872071204,16.123366430904341,222.64642427818544
0.00040300000000000004,55.587440049787695,-18.477504574921252,-37.10993547486644,-37.10993547486644,-18.477504574921252,0,0,0,0,213.99806098532,17.887492490589388,222.34976019915078
0.00040333333333333334,55.513372852159314,-20.936317247456248,-34.577055604703062,-34.577055604703062,-20.936317247456248,0,0,0,0,317.34778282527373,19.248351456480762,222.05349140863726
0.0004036666666666667,55.43940434498618,-23.548813230675403,-31.890591114310777,-31.890591114310777,-23.548813230675403,0,0,0,0,427.0644626898636,20.175285101994508,221.75761737994472
0.00040400000000000001,55.365534396768702,-26.255265255425773,-29.110269141342926,-29.110269141342926,-26.255265255425773,0,0,0,0,540.67475849137554,20.647417397645555,221.46213758707481
0.00040433333333333337,55.29176287618251,-28.993831762997278,-26.297931113185236,-26.297931113185236,-28.993831762997278,0,0,0,0,655.61766412817315,20.65412467226264,221.16705150473004
0.00040466666666666667,55.21808965207822,-31.701950937382133,-23.516138714696091,-23.516138714696091,-31.701950937382133,0,0,0,0,769.30223974335888,20.195274660458814,220.87235860831288
0.00040500000000000003,55.144514593481183,-55.144514593481183,0,0,-55.144514593481183,0,0,0,0,879.16601436228734,19.281229057472043,220.57805837392473
0.00040533333333333334,55.110751178922875,-55.110751178922875,0,0,-55.110751178922875,0,244.77818883153526,244.77818883153526,0,937.28860505080229,1.2948386340496896,220.4430047156915
0.0004056666666666667,55.161192153228008,-55.161192153228008,0,0,-55.161192153228008,0,493.94309009547476,493.94309009547476,0,893.10485290303325,-16.931430863994407,220.64476861291203
0.000406,55.286021875257603,-55.286021875257603,0,0,-55.286021875257603,0,681.46302095594217,681.46302095594217,0,755.41325079798753,-31.80401486851531,221.14408750103041
0.00040633333333333336,55.455139591461759,-55.455139591461759,0,0,-55.455139591461759,0,753.55111156865041,753.55111156865041,0,551.43708364875044,-40.395291421597193,221.82055836584703
0.00040666666666666667,55.62414214271967,-55.62414214271967,0,0,-55.62414214271967,0,679.32777253539484,679.32777253539484,0,321.42277284614977,-41.023474246677949,222.49656857087868
0.00040700000000000003,55.74314141570995,-55.74314141570995,0,0,-55.74314141570995,0,456.93957983738539,456.93957983738539,0,110.65959110091549,-33.585399425125146,222.9725656628398
0.00040733333333333333,55.766668111110718,-55.766668111110718,0,0,-55.766668111110718,0,113.92375775462625,113.92375775462625,0,-39.49683201418398,-19.576353290891745,223.06667244444287
0.00040766666666666669,55.684190974065217,-39.444871833173224,-16.239319140891993,-16.239319140891993,-39.444871833173224,0,0,0,0,-119.31963231794704,-16.134728633054944,222.73676389626087
0.00040800000000000005,55.609994861167074,-37.120302561488344,-18.489692299678726,-18.489692299678726,-37.120302561488344,0,0,0,0,-214.03564769490382,-17.898829792733121,222.4399794446683
0.00040833333333333336,55.535897610496669,-34.585902852452477,-20.949994758044188,-20.949994758044188,-34.585902852452477,0,0,0,0,-317.44769285087295,-19.259408309679745,222.14359044198667
0.00040866666666666672,55.461899090325531,-31.89797304297192,-23.563926047353608,-23.563926047353608,-31.89797304297192,0,0,0,0,-427.22444146278963,-20.185812289195965,221.84759636130212
0.00040900000000000002,55.387999169100716,-29.11627295941944,-26.27172620968128,-26.27172620968128,-29.11627295941944,0,0,0,0,-540.89119754709441,-20.657177650934152,221.55199667640287
0.00040933333333333338,55.314197715444564,-26.302674751287309,-29.011522964157255,-29.011522964157255,-26.302674751287309,0,0,0,0,-655.88568249841467,-20.662898020543381,221.25679086177826
0.00040966666666666669,55.240494598154477,-23.51976816651122,-31.720726431643261,-31.720726431643261,-23.51976816651122,0,0,0,0,-769.61579402795462,-20.202863387041265,220.96197839261791
0.00041000000000000005,55.166889686202666,0,-55.166889686202666,-55.166889686202666,0,0,0,0,0,-879.51803499848313,-19.287462155824713,220.66755874481066
0.00041033333333333335,55.133085743795988,0,-55.133085743795988,-55.133085743795988,0,244.71823607336967,0,0,244.71823607336967,-937.67976614966699,-1.3024588120985925,220.53234297518395
0.00041066666666666671,55.183470836985563,0,-55.183470836985563,-55.183470836985563,0,493.85100047234323,0,0,493.85100047234323,-893.53872223888186,16.923936151830318,220.73388334794225
0.00041100000000000002,55.308238716211342,0,-55.308238716211342,-55.308238716211342,0,681.3662950251279,0,0,681.3662950251279,-755.88490017214758,31.798140077785177,221.23295486484537
0.00041133333333333338,55.477296977246375,0,-55.477296977246375,-55.477296977246375,0,753.47148902665253,0,0,753.47148902665253,-551.93402794111387,40.392216758635954,221.9091879089855
0.00041166666666666668,55.646248118746001,0,-55.646248118746001,-55.646248118746001,0,679.27693375465401,0,0,679.27693375465401,-321.9274063282877,41.023831893392952,222.58499247498401
0.00041200000000000004,55.765205879447066,0,-55.765205879447066,-55.765205879447066,0,456.91684582944833,0,0,456.91684582944833,-111.15263765880766,33.589148450335927,223.06082351778826
0.00041233333333333335,55.788698647898769,0,-55.788698647898769,-55.788698647898769,0,113.9162435734807,0,0,113.9162435734807,39.032538837557894,19.582787994921272,223.15479459159508
0.0004126666666666667,55.706192021582758,-16.240186166669474,-39.466005854913284,-39.466005854913284,-16.240186166669474,0,0,0,0,118.8998765217643,16.143296409620955,222.82476808633103
0.00041300000000000001,55.631966593502391,-18.491804278224134,-37.140162315278261,-37.140162315278261,-18.491804278224134,0,0,0,0,213.66804155060282,17.909000534705985,222.52786637400956
0.00041333333333333337,55.557840066710618,-20.95355168071239,-34.604288385998224,-34.604288385998224,-20.95355168071239,0,0,0,0,317.14052031307142,19.270952696947305,222.23136026684247
0.00041366666666666667,55.483812309426931,-23.569094997439894,-31.914717311987044,-31.914717311987044,-23.569094997439894,0,0,0,0,426.98462393768364,20.198470048136123,221.93524923770772
0.00041400000000000003,55.409883190046408,-26.278637598035761,-29.131245592010647,-29.131245592010647,-26.278637598035761,0,0,0,0,540.72413793498288,20.670663422405031,221.63953276018563
0.00041433333333333334,55.336052577139483,-29.020267591571969,-26.315784985567518,-26.315784985567518,-29.020267591571969,0,0,0,0,655.79514347064617,20.676907793078389,221.34421030855793
0.0004146666666666667,55.262320339451712,-31.731353444193662,-23.530966895258057,-23.530966895258057,-31.731353444193662,0,0,0,0,769.60381328061885,20.217081350217821,221.04928135780685
0.000415,55.188686345903548,-55.188686345903548,0,0,-55.188686345903548,0,0,0,0,879.58487939157897,19.301567819310257,220.75474538361419
0.00041533333333333336,55.154815040025639,-55.154815040025639,0,0,-55.154815040025639,0,244.50016466931902,244.50016466931902,0,937.85472255745174,1.3266224627936296,220.61926016010256
0.00041566666666666667,55.205073984288681,-55.205073984288681,0,0,-55.205073984288681,0,493.50235241240853,493.50235241240853,0,893.86517322762427,-16.894476836859766,220.82029593715473
0.00041600000000000003,55.32968994215301,-55.32968994215301,0,0,-55.32968994215301,0,680.99397499546524,680.99397499546524,0,756.37633715867901,-31.769202149198776,221.31875976861204
0.00041633333333333333,55.498606461747826,-55.498606461747826,0,0,-55.498606461747826,0,753.18060857262981,753.18060857262981,0,552.57134949719034,-40.369518843950402,221.99442584699131
0.00041666666666666669,55.667457807591447,-55.667457807591447,0,0,-55.667457807591447,0,679.14997495308569,679.14997495308569,0,322.66267634879728,-41.011860989884099,222.66983123036579
0.000417,55.78637900541144,-55.78637900541144,0,0,-55.78637900541144,0,456.99732064389411,456.99732064389411,0,111.91855618623688,-33.590271218357003,223.14551602164576
0.00041733333333333336,55.809905039566324,-55.809905039566324,0,0,-55.809905039566324,0,114.20008534006985,114.20008534006985,0,-38.30933111309426,-19.596782570063336,223.2396201582653
0.00041766666666666672,55.727380510761918,-39.493466479965718,-16.233914030796203,-16.233914030796203,-39.493466479965718,0,0,0,0,-118.20134004092617,-16.146277930111758,222.90952204304767
0.00041800000000000002,55.653126850188492,-37.167019602056001,-18.486107248132495,-18.486107248132495,-37.167019602056001,0,0,0,0,-212.99387924294197,-17.91477717732743,222.61250740075397
0.00041833333333333338,55.578972128521904,-34.630175479833326,-20.948796648688582,-20.948796648688582,-34.630175479833326,0,0,0,0,-316.50592723187651,-19.279394138897132,222.31588851408762
0.00041866666666666669,55.504916213931516,-31.939288924097397,-23.565627289834122,-23.565627289834122,-31.939288924097397,0,0,0,0,-426.40390260316855,-20.209385905650286,222.01966485572606
0.00041900000000000005,55.430958974762348,-29.154185782073935,-26.276773192688413,-26.276773192688413,-29.154185782073935,0,0,0,0,-540.2103759827329,-20.683807544569646,221.72383589904939
0.00041933333333333335,55.357100279534841,-26.336814282445371,-29.020285997089477,-29.020285997089477,-26.336814282445371,0,0,0,0,-655.35991869743475,-20.691983812493859,221.42840111813936
0.00041966666666666671,55.283339996944633,-23.549848595391737,-31.7334914015529,-31.7334914015529,-23.549848595391737,0,0,0,0,-769.25693273493619,-20.233749365348615,221.13335998777853
0.00042000000000000002,55.209677995862315,0,-55.209677995862315,-55.209677995862315,0,0,0,0,0,-879.33415838855115,-19.319452057849986,220.83871198344926
0.00042033333333333338,55.175709014795338,0,-55.175709014795338,-55.175709014795338,0,244.09920635451445,0,0,244.09920635451445,-937.76182854449848,-1.3646052522782881,220.70283605918135
0.00042066666666666668,55.225758051294918,0,-55.225758051294918,-55.225758051294918,0,492.83801941154104,0,0,492.83801941154104,-894.02252260651414,16.843884009237229,220.90303220517967
0.00042100000000000004,55.350106436360029,0,-55.350106436360029,-55.350106436360029,0,680.24988586197128,0,0,680.24988586197128,-756.82695834110916,31.715990604104576,221.40042574544012
0.00042133333333333335,55.518761638220084,0,-55.518761638220084,-55.518761638220084,0,752.54999377598301,0,0,752.54999377598301,-553.30033730764808,40.324201808561355,222.07504655288034
0.00042166666666666671,55.68741852080489,0,-55.68741852080489,-55.68741852080489,0,678.79736621191034,0,0,678.79736621191034,-323.60013018793313,40.983390029668044,222.74967408321956
0.00042200000000000001,55.806257379276197,0,-55.806257379276197,-55.806257379276197,0,457.02594524150356,0,0,457.02594524150356,-112.95341531360432,33.584262935997003,223.22502951710479
0.00042233333333333337,55.829834171711887,0,-55.829834171711887,-55.829834171711887,0,114.63142460419959,0,0,114.63142460419959,37.307301042602347,19.614406862131492,223.31933668684755
0.00042266666666666668,55.747301945275439,-16.22013115196512,-39.527170793310319,-39.527170793310319,-16.22013115196512,0,0,0,0,117.21801409945878,16.146807470631991,222.98920778110175
0.00042300000000000004,55.673021740489403,-18.472650425823854,-37.200371314665546,-37.200371314665546,-18.472650425823854,0,0,0,0,212.02456654368166,17.919282878838551,222.69208696195761
0.00042333333333333334,55.598840509978899,-20.936193433761044,-34.662647076217851,-34.662647076217851,-20.936193433761044,0,0,0,0,315.57247612553459,19.287774278399624,222.3953620399156
0.0004236666666666667,55.524758121866171,-23.554385672064601,-31.97037244980157,-31.97037244980157,-23.554385672064601,0,0,0,0,425.52735220930833,20.22145143200083,222.09903248746468
0.00042400000000000001,55.450774444449166,-26.267370151555031,-29.183404292894135,-29.183404292894135,-26.267370151555031,0,0,0,0,539.4104819876253,20.69928634336339,221.80309777779667
0.00042433333333333337,55.376889346201338,-29.013156752011145,-26.363732594190189,-26.363732594190189,-29.013156752011145,0,0,0,0,654.65470810058912,20.710526843071708,221.50755738480535
0.00042466666666666667,55.303102695771379,-31.729019603863495,-23.574083091907891,-23.574083091907891,-31.729019603863495,0,0,0,0,768.66229757942187,20.2549385315214,221.21241078308552
0.00042500000000000003,55.229414361982997,-55.229414361982997,0,0,-55.229414361982997,0,0,0,0,878.86349763110331,19.342809634857879,220.91765744793199
0.00042533333333333334,55.195329759900751,-55.195329759900751,0,0,-55.195329759900751,0,243.58582680150215,243.58582680150215,0,937.49753279817514,1.4142973319829792,220.78131903960301
0.0004256666666666667,55.245120019586061,-55.245120019586061,0,0,-55.245120019586061,0,491.99107188862604,491.99107188862604,0,894.0857484232057,-16.777645518069008,220.98048007834424
0.000426,55.369137815102555,-55.369137815102555,0,0,-55.369137815102555,0,679.30953446041497,679.30953446041497,0,757.27427943232283,-31.646275340069991,221.47655126041022
0.00042633333333333336,55.53747423741769,-55.53747423741769,0,0,-55.53747423741769,0,751.76911032140413,751.76911032140413,0,554.11252294364465,-40.264769748327467,222.14989694967076
0.00042666666666666667,55.705903470280617,-55.705903470280617,0,0,-55.705903470280617,0,678.39138846144931,678.39138846144931,0,324.68594973016286,-40.945964468954969,222.82361388112247
0.00042700000000000002,55.824665103212453,-55.824665103212453,0,0,-55.824665103212453,0,457.13017547383618,457.13017547383618,0,114.16770919112153,-33.576208118327884,223.29866041284981
0.00042733333333333338,55.848342616060762,-55.848342616060762,0,0,-55.848342616060762,0,115.2742277632629,115.2742277632629,0,-36.134870449168176,-19.637270317293744,223.39337046424305
0.00042766666666666669,55.765813187345834,-39.564654679514128,-16.201158507831707,-16.201158507831707,-39.564654679514128,0,0,0,0,-116.04900314449807,-16.142966409824023,223.06325274938334
0.00042800000000000005,55.691508317350831,-37.238036898040193,-18.453471419310635,-18.453471419310635,-37.238036898040193,0,0,0,0,-210.84747223656356,-17.920219378387465,222.76603326940332
0.00042833333333333335,55.617302454496389,-34.699853708830531,-20.917448745665862,-20.917448745665862,-34.699853708830531,0,0,0,0,-314.41383124391916,-19.293467034793071,222.46920981798556
0.00042866666666666671,55.543195466860965,-32.006489577168054,-23.536705889692907,-23.536705889692907,-32.006489577168054,0,0,0,0,-424.41327259052247,-20.231771933559529,222.17278186744386
0.00042900000000000002,55.469187222698771,-29.217825667034724,-26.251361555664044,-26.251361555664044,-29.217825667034724,0,0,0,0,-538.36607787814637,-20.714001771333848,221.87674889079508
0.00042933333333333338,55.395277590439584,-26.39588993822332,-28.999387652216267,-28.999387652216267,-26.39588993822332,0,0,0,0,-653.7035181961113,-20.729305323748331,221.58111036175833
0.00042966666666666668,55.321466438688482,-23.603458908195254,-31.718007530493228,-31.718007530493228,-23.603458908195254,0,0,0,0,-767.82575851167826,-20.277356620916244,221.28586575475393
0.00043000000000000004,55.247753636225617,0,-55.247753636225617,-55.247753636225617,0,0,0,0,0,-878.16046085810308,-19.368361867118161,220.99101454490247
0.00043033333333333335,55.213533985251168,0,-55.213533985251168,-55.213533985251168,0,242.94818275728466,0,0,242.94818275728466,-937.0327364914134,-1.4730777463495315,220.85413594100467
0.00043066666666666671,55.263009531810475,0,-55.263009531810475,-55.263009531810475,0,490.92854118072432,0,0,490.92854118072432,-894.01423696269683,16.697218141206349,221.0520381272419
0.00043100000000000001,55.386618650017937,0,-55.386618650017937,-55.386618650017937,0,678.11378849750906,0,0,678.11378849750906,-757.67352914218748,31.560073326995138,221.54647460007175
0.00043133333333333337,55.554554948730257,0,-55.554554948730257,-55.554554948730257,0,750.75287054578223,0,0,750.75287054578223,-554.96708610369831,40.18980954063278,222.21821979492103
0.00043166666666666668,55.722691616770874,0,-55.722691616770874,-55.722691616770874,0,677.82641585205329,0,0,677.82641585205329,-325.89051881546368,40.897034112587761,222.89076646708349
0.00043200000000000004,55.841344110111422,0,-55.841344110111422,-55.841344110111422,0,457.19340358968032,0,0,457.19340358968032,-115.54798704612361,33.562937640239269,223.36537644044569
0.00043233333333333334,55.865133604382208,0,-55.865133604382208,-55.865133604382208,0,116.01271086433366,0,0,116.01271086433366,34.787637108561086,19.662225374291783,223.46053441752883
0.0004326666666666667,55.782616230464299,-16.177007808183276,-39.605608422281023,-39.605608422281023,-16.177007808183276,0,0,0,0,114.7009380408627,16.137247529516259,223.1304649218572
0.00043300000000000001,55.708288971341204,-18.428913452674426,-37.279375518666782,-37.279375518666782,-18.428913452674426,0,0,0,0,209.48294889444844,17.920024409372143,222.83315588536482
0.00043333333333333337,55.634060749190951,-20.893226218405641,-34.740834530785307,-34.740834530785307,-20.893226218405641,0,0,0,0,313.06360755026208,19.298800147232605,222.5362429967638
0.00043366666666666667,55.559931432052238,-23.513553664948414,-32.04637776710382,-32.04637776710382,-23.513553664948414,0,0,0,0,423.10778285876091,20.242512690999675,222.23972572820895
0.00043400000000000003,55.485900888139597,-26.22999008972636,-29.255910798413232,-29.255910798413232,-26.22999008972636,0,0,0,0,537.13474685272661,20.729907850483048,221.94360355255839
0.00043433333333333334,55.411968985843146,-28.980466981721893,-26.431502004121253,-26.431502004121253,-28.980466981721893,0,0,0,0,652.57409784120784,20.750017981552777,221.64787594337258
0.0004346666666666667,55.338135593728374,-31.702152171353259,-23.635983422375119,-23.635983422375119,-31.702152171353259,0,0,0,0,766.82370253239856,20.302408785587666,221.3525423749135
0.000435,55.264400580535899,-55.264400580535899,0,0,-55.264400580535899,0,0,0,0,877.30835105133031,19.397188670630744,221.05760232214359
0.00043533333333333336,55.230036615476436,-55.230036615476436,0,0,-55.230036615476436,0,242.24458213502271,242.24458213502271,0,936.44792892069461,1.5388717183490499,220.92014646190574
0.00043566666666666667,55.279170115432422,-55.279170115432422,0,0,-55.279170115432422,0,489.75936800150305,489.75936800150305,0,893.86901511111193,-16.607414510984782,221.11668046172969
0.00043600000000000003,55.402335196322909,-55.402335196322909,0,0,-55.402335196322909,0,676.80457222666541,676.80457222666541,0,758.05351143555924,-31.463975765797045,221.60934078529164
0.00043633333333333339,55.569839784094022,-55.569839784094022,0,0,-55.569839784094022,0,749.65205809896031,749.65205809896031,0,555.85426306048555,-40.106379529080016,222.27935913637609
0.00043666666666666669,55.737667287765234,-55.737667287765234,0,0,-55.737667287765234,0,677.23627340849248,677.23627340849248,0,327.16683214655654,-40.842720900889589,222.95066915106094
0.00043700000000000005,55.856217435840875,-55.856217435840875,0,0,-55.856217435840875,0,457.310098903214,457.310098903214,0,117.01873356600154,-33.548419547104345,223.4248697433635
0.00043733333333333336,55.88015302924984,-55.88015302924984,0,0,-55.88015302924984,0,116.88744627065483,116.88744627065483,0,-33.355222246501825,-19.690295943828094,223.52061211699936
0.00043766666666666672,55.797657069069004,-39.64799357112954,-16.149663497939464,-16.149663497939464,-39.64799357112954,0,0,0,0,-113.25713411855654,-16.128355781069047,223.19062827627602
0.00043800000000000002,55.72330976885813,-37.322544582673224,-18.400765186184902,-18.400765186184902,-37.322544582673224,0,0,0,0,-208.00620533160981,-17.917080171290213,222.89323907543252
0.00043833333333333338,55.649061532323742,-34.783983722191707,-20.865077810132039,-20.865077810132039,-34.783983722191707,0,0,0,0,-311.58721241848866,-19.301869542718887,222.59624612929497
0.00043866666666666669,55.574912227468957,-32.088703553183699,-23.486208674285262,-23.486208674285262,-32.088703553183699,0,0,0,0,-421.6650150225417,-20.251526289470604,222.29964890987583
0.00043900000000000005,55.50086172247277,-29.296628013896893,-26.204233708575874,-26.204233708575874,-29.296628013896893,0,0,0,0,-535.75812584319397,-20.744662238088413,222.00344688989108
0.00043933333333333335,55.426909885689817,-26.469861548870334,-28.957048336819486,-28.957048336819486,-26.469861548870334,0,0,0,0,-651.29465087623805,-20.770180351699146,221.70763954275927
0.00043966666666666671,55.353056585650151,-23.671289145406416,-31.681767440243743,-31.681767440243743,-23.671289145406416,0,0,0,0,-765.6702652041929,-20.327524445869365,221.4122263426006
0.00044000000000000002,55.279301691058997,0,-55.279301691058997,-55.279301691058997,0,0,0,0,0,-876.30691744305204,-19.426691296838811,221.11720676423599
0.00044033333333333338,55.244783789296008,0,-55.244783789296008,-55.244783789296008,0,241.47092210255477,0,0,241.47092210255477,-935.72882405877283,-1.6093087164883713,220.97913515718403
0.00044066666666666668,55.293544733696741,0,-55.293544733696741,-55.293544733696741,0,488.46692104568808,0,0,488.46692104568808,-893.62434965027637,16.509917402681737,221.17417893478697
0.00044100000000000004,55.416221997655278,0,-55.416221997655278,-55.416221997655278,0,675.34680868317184,0,0,675.34680868317184,-758.38184523540815,31.358654565280574,221.66488799062111
0.00044133333333333335,55.58324824980302,0,-55.58324824980302,-55.58324824980302,0,748.4109178691923,0,0,748.4109178691923,-556.74108378134702,40.014018046978322,222.33299299921208
0.0004416666666666667,55.750728286668945,0,-55.750728286668945,-55.750728286668945,0,676.54642566964696,0,0,676.54642566964696,-328.48744830534201,40.781531518746675,223.00291314667578
0.00044200000000000001,55.869155803833756,0,-55.869155803833756,-55.869155803833756,0,457.39260059373896,0,0,457.39260059373896,-118.56300014356535,33.530435148662491,223.47662321533502
0.00044233333333333337,55.893241527427541,0,-55.893241527427541,-55.893241527427541,0,117.80594245820993,0,0,117.80594245820993,31.841253823526333,19.718987803229794,223.57296610971017
0.00044266666666666667,55.810774850929761,-16.119338170644657,-39.691436680285108,-39.691436680285108,-16.119338170644657,0,0,0,0,111.72970669523433,16.118275160490704,223.24309940371904
0.00044300000000000003,55.736410071998144,-18.369501146030263,-37.366908925967884,-37.366908925967884,-18.369501146030263,0,0,0,0,206.44020085821367,17.913299156288272,222.94564028799257
0.00044333333333333334,55.662144380032444,-20.833727462330433,-34.828416917702015,-34.828416917702015,-20.833727462330433,0,0,0,0,310.01793119308729,19.304473103662858,222.64857752012978
0.0004436666666666667,55.587977643004749,-23.455626138082547,-32.132351504922198,-32.132351504922198,-23.455626138082547,0,0,0,0,420.12782976820824,20.260455480901861,222.35191057201899
0.000444,55.513909729063059,-26.17525556505613,-29.338654164006929,-29.338654164006929,-26.17525556505613,0,0,0,0,534.28768438154498,20.759715533238634,222.05563891625224
0.00044433333333333336,55.439940506531066,-28.930474772813835,-26.509465733717235,-26.509465733717235,-28.930474772813835,0,0,0,0,649.92409517312228,20.791018190827266,221.75976202612426
0.00044466666666666667,55.366069843907908,-31.658344213354827,-23.707725630553085,-23.707725630553085,-31.658344213354827,0,0,0,0,764.43048439006827,20.353676895764007,221.46427937563163
0.00044500000000000003,55.292297609867944,-55.292297609867944,0,0,-55.292297609867944,0,0,0,0,875.22585164406189,19.457568648709696,221.16919043947178
0.00044533333333333333,55.257624299034923,-55.257624299034923,0,0,-55.257624299034923,0,240.67447001830936,240.67447001830936,0,934.94181641618104,1.6825235608360956,221.03049719613969
0.00044566666666666669,55.306005168113401,-55.306005168113401,0,0,-55.306005168113401,0,487.13886175186599,487.13886175186599,0,893.32990407455338,-16.408782638747823,221.22402067245361
0.00044600000000000005,55.428184962824176,-55.428184962824176,0,0,-55.428184962824176,0,673.85370027392685,673.85370027392685,0,758.68136562676852,-31.249548759589914,221.7127398512967
0.00044633333333333336,55.594725619540633,-55.594725619540633,0,0,-55.594725619540633,0,747.14830544378947,747.14830544378947,0,557.61879387143154,-39.918466093322877,222.37890247816253
0.00044666666666666672,55.761857559048018,-55.761857559048018,0,0,-55.761857559048018,0,675.86040066302076,675.86040066302076,0,329.81354020900847,-40.718368241339533,223.04743023619207
0.00044700000000000002,55.880171551311825,-55.880171551311825,0,0,-55.880171551311825,0,457.51119222430657,457.51119222430657,0,120.11937876681682,-33.512073937021142,223.5206862052473
0.00044733333333333338,55.904427608453936,-55.904427608453936,0,0,-55.904427608453936,0,118.7939334882297,118.7939334882297,0,-30.317740884217105,-19.748963195581133,223.61771043381574
0.00044766666666666669,55.821997814716212,-39.734319854727723,-16.08767795998849,-16.08767795998849,-39.734319854727723,0,0,0,0,-110.18625291698633,-16.106138386790185,223.28799125886485
0.00044800000000000005,55.747618081804418,-37.410984997058527,-18.336633084745888,-18.336633084745888,-37.410984997058527,0,0,0,0,-204.84697075872671,-17.907550146617272,222.99047232721767
0.00044833333333333335,55.673337455783894,-34.872818661936819,-20.800518793847072,-20.800518793847072,-34.872818661936819,0,0,0,0,-308.41083920851736,-19.305241184649685,222.69334982313558
0.00044866666666666671,55.59915580460018,-32.176204224849634,-23.422951579750549,-23.422951579750549,-32.176204224849634,0,0,0,0,-418.54310133033368,-20.267723074578186,222.39662321840072
0.00044900000000000002,55.52507299637476,-29.381095404988834,-26.14397759138593,-26.14397759138593,-29.381095404988834,0,0,0,0,-532.76103936101413,-20.773318559230081,222.10029198549904
0.00044933333333333338,55.451088899404844,-26.549664723927336,-28.901424175477512,-28.901424175477512,-26.549664723927336,0,0,0,0,-648.48994275156349,-20.810649770784408,221.80435559761938
0.00044966666666666668,55.377203382163131,-23.744902006034291,-31.63230137612884,-31.63230137612884,-23.744902006034291,0,0,0,0,-763.12114750868875,-20.378894276399286,221.50881352865252
0.00045000000000000004,55.303416313297575,0,-55.303416313297575,-55.303416313297575,0,0,0,0,0,-874.0708385089514,-19.487803187259836,221.2136652531903
0.00045033333333333335,55.268586225012861,0,-55.268586225012861,-55.268586225012861,0,239.85483664258865,0,0,239.85483664258865,-934.08124727608833,-1.7565175755945859,221.07434490005144
0.00045066666666666671,55.316578265036725,0,-55.316578265036725,-55.316578265036725,0,485.7672942488872,0,0,485.7672942488872,-892.9698793291019,16.305601923338713,221.2663130601469
0.00045100000000000001,55.438246208159526,0,-55.438246208159526,-55.438246208159526,0,672.30421263844596,0,0,672.30421263844596,-758.92930128182854,31.137535764934427,221.75298483263811
0.00045133333333333337,55.604284321296852,0,-55.604284321296852,-55.604284321296852,0,745.82702076170483,0,0,745.82702076170483,-558.46215410637626,39.819721137139595,222.41713728518741
0.00045166666666666668,55.771052410543902,0,-55.771052410543902,-55.771052410543902,0,675.12501258584143,0,0,675.12501258584143,-331.12234835505092,40.652357358115097,223.08420964217561
0.00045200000000000004,55.889242033521001,0,-55.889242033521001,-55.889242033521001,0,457.6000561097627,0,0,457.6000561097627,-121.67199997549508,33.491772408034194,223.556968134084
0.00045233333333333334,55.913665417451718,0,-55.913665417451718,-55.913665417451718,0,119.77883532594927,0,0,119.77883532594927,28.79066349059892,19.778286812485732,223.65466166980687
0.0004526666666666667,55.831278282414232,-16.054955940881168,-39.77632234153306,-39.77632234153306,-16.054955940881168,0,0,0,0,108.63905354451526,16.093512885451197,223.32511312965693
0.00045300000000000001,55.756886183791146,-18.302640220255004,-37.454245963536138,-37.454245963536138,-18.302640220255004,0,0,0,0,203.24733238887922,17.901333105692228,223.02754473516458
0.00045333333333333337,55.682593208535955,-20.766125818691943,-34.916467389844016,-34.916467389844016,-20.766125818691943,0,0,0,0,306.79482083215549,19.305572479645562,222.73037283414382
0.00045366666666666667,55.608399224572246,-23.389038072809324,-32.219361151762918,-32.219361151762918,-23.389038072809324,0,0,0,0,416.94712968811274,20.274594971688526,222.43359689828898
0.00045400000000000003,55.534304099999581,-26.111412149258175,-29.422891950741406,-29.422891950741406,-26.111412149258175,0,0,0,0,531.22108784669365,20.786575895660604,222.13721639999832
0.00045433333333333334,55.460307703093278,-28.87104483439995,-26.589262868693325,-26.589262868693325,-28.87104483439995,0,0,0,0,647.0407205674237,20.829993458213774,221.84123081237311
0.0004546666666666667,55.386409902304166,-31.604896723536672,-23.781513178767497,-23.781513178767497,-31.604896723536672,0,0,0,0,761.79531734958402,20.40388804846971,221.54563960921666
0.000455,55.312610566258357,-55.312610566258357,0,0,-55.312610566258357,0,0,0,0,872.89828040773739,19.517883438872992,221.25044226503343
0.00045533333333333336,55.277628622830939,-55.277628622830939,0,0,-55.277628622830939,0,239.04906795587124,239.04906795587124,0,933.20058182093578,1.8297631438165638,221.11051449132376
0.00045566666666666672,55.325240962149898,-55.325240962149898,0,0,-55.325240962149898,0,484.42069056676701,484.42069056676701,0,892.58427353775028,-16.203613619250618,221.30096384859959
0.00045600000000000003,55.446409169316581,-55.446409169316581,0,0,-55.446409169316581,0,670.78639282378128,670.78639282378128,0,759.14433669659877,-31.026920405154954,221.78563667726633
0.00045633333333333338,55.611958220055136,-55.611958220055136,0,0,-55.611958220055136,0,744.53895376706612,744.53895376706612,0,559.26492593594423,-39.722299098377817,222.44783288022055
0.00045666666666666669,55.778375601951453,-55.778375601951453,0,0,-55.778375601951453,0,674.41949929094869,674.41949929094869,0,332.38405246227137,-40.587329027257709,223.11350240780581
0.00045700000000000005,55.896452211314902,-55.896452211314902,0,0,-55.896452211314902,0,457.71178835586909,457.71178835586909,0,123.17348603770543,-33.471914351860789,223.58580884525961
0.00045733333333333335,55.92105158257074,-55.92105158257074,0,0,-55.92105158257074,0,120.77788848277947,120.77788848277947,0,-27.315445260341765,-19.807422397087016,223.68420633028296
0.00045766666666666671,55.838712250687003,-39.816232613013113,-16.022479637673886,-16.022479637673886,-39.816232613013113,0,0,0,0,-107.14027665075126,-16.079810232526132,223.35484900274801
0.00045800000000000002,55.764310246711254,-37.495573116669902,-18.268737130041348,-18.268737130041348,-37.495573116669902,0,0,0,0,-201.68960920161672,-17.893855001419197,223.05724098684502
0.00045833333333333338,55.69000737930174,-34.958363504831659,-20.731643874470077,-20.731643874470077,-34.958363504831659,0,0,0,0,-305.21326581211019,-19.304487232172324,222.76002951720696
0.00045866666666666668,55.615803516364458,-32.260965407019171,-23.354838109345291,-23.354838109345291,-32.260965407019171,0,0,0,0,-415.37739305306138,-20.279926783291124,222.46321406545783
0.00045900000000000004,55.54169852598141,-29.463350027030778,-26.078348498950628,-26.078348498950628,-29.463350027030778,0,0,0,0,-529.69855197127129,-20.798204323067072,222.16679410392564
0.00045933333333333335,55.467692276410368,-26.627746205909236,-28.839946070501131,-28.839946070501131,-26.627746205909236,0,0,0,0,-645.59970245294312,-20.847656133351791,221.87076910564147
0.00045966666666666671,55.393784636084646,-23.817237651301308,-31.576546984783338,-31.576546984783338,-23.817237651301308,0,0,0,0,-760.46829514046431,-20.427186598178299,221.57513854433859
0.00046000000000000001,55.319975473612871,0,-55.319975473612871,-55.319975473612871,0,0,0,0,0,-871.71516138837285,-19.546292470014109,221.27990189445148
0.00046033333333333337,55.284846702226538,0,-55.284846702226538,-55.284846702226538,0,238.25760950812048,0,0,238.25760950812048,-932.2981438588231,-1.9007110294096066,221.13938680890615
0.00046066666666666668,55.332087790386943,0,-55.332087790386943,-55.332087790386943,0,483.09442257416606,0,0,483.09442257416606,-892.16341810794097,16.104098316440428,221.32835116154777
0.00046100000000000004,55.452765211991924,0,-55.452765211991924,-55.452765211991924,0,669.28600122313424,0,0,669.28600122313424,-759.31102850270531,30.918467048535945,221.8110608479677
0.00046133333333333334,55.617831814679384,0,-55.617831814679384,-55.617831814679384,0,743.25759866926626,0,0,743.25759866926626,-560.00921846433869,39.626302958973042,222.47132725871754
0.0004616666666666667,55.783900577694581,0,-55.783900577694581,-55.783900577694581,0,673.7048453261616,0,0,673.7048453261616,-333.58209111285726,40.522710814934783,223.13560231077832
0.00046200000000000001,55.901860627176127,0,-55.901860627176127,-55.901860627176127,0,457.79708172376502,0,0,457.79708172376502,-124.61208305330618,33.451371751407095,223.60744250870451
0.00046233333333333337,55.92662699629885,0,-55.92662699629885,-55.92662699629885,0,121.73573550985083,0,0,121.73573550985083,25.89654267453901,19.834916242060565,223.7065079851954
0.00046266666666666667,55.84433859055865,-15.9904855779881,-39.853853012570553,-39.853853012570553,-15.9904855779881,0,0,0,0,105.69890073261074,16.066249068194441,223.3773543622346
0.00046300000000000003,55.769929089795376,-18.235320718518036,-37.534608371277344,-37.534608371277344,-18.235320718518036,0,0,0,0,200.18942313491559,17.886284330076698,223.0797163591815
0.00046333333333333334,55.695618735587395,-20.697621726928819,-34.997997008658572,-34.997997008658572,-20.697621726928819,0,0,0,0,303.68808712899573,19.303077458002001,222.78247494234958
0.0004636666666666667,55.62140739582739,-23.321040377695308,-32.300367018132079,-32.300367018132079,-23.321040377695308,0,0,0,0,413.86160126026186,20.284709433035516,222.48562958330956
0.000464,55.547294938584066,-26.045600158604682,-29.501694779979385,-29.501694779979385,-26.045600158604682,0,0,0,0,528.2263135914568,20.809071341041356,222.18917975433627
0.00046433333333333336,55.473281232101932,-28.809048325231391,-26.664232906870538,-26.664232906870538,-28.809048325231391,0,0,0,0,644.20420089838603,20.864362322761558,221.89312492840773
0.00046466666666666672,55.399366144801043,-31.548259208160946,-23.851106936640093,-23.851106936640093,-31.548259208160946,0,0,0,0,759.18098277793649,20.449355153585312,221.59746457920417
0.00046500000000000003,55.325549545276779,-55.325549545276779,0,0,-55.325549545276779,0,0,0,0,870.56505065330725,19.573423476119117,221.30219818110712
0.00046533333333333339,55.290283569587849,-55.290283569587849,0,0,-55.290283569587849,0,237.50812445626616,237.50812445626616,0,931.4154522529725,1.9682427170190451,221.1611342783514
0.00046566666666666669,55.337175122573555,-55.337175122573555,0,0,-55.337175122573555,0,481.83970036976257,481.83970036976257,0,891.73887123469024,-16.009462564929578,221.34870049029422
0.00046600000000000005,55.457390444279241,-55.457390444279241,0,0,-55.457390444279241,0,667.86898767491834,667.86898767491834,0,759.44504874113954,-30.815391474538501,221.82956177711696
0.00046633333333333336,55.622003925707276,-55.622003925707276,0,0,-55.622003925707276,0,742.05189331147733,742.05189331147733,0,560.69205023522966,-39.535118775628234,222.4880157028291
0.00046666666666666672,55.787747757982828,-55.787747757982828,0,0,-55.787747757982828,0,673.04060957803597,673.04060957803597,0,334.69576715739743,-40.461386637390177,223.15099103193131
0.00046700000000000002,55.905604310500316,-55.905604310500316,0,0,-55.905604310500316,0,457.89558429939746,457.89558429939746,0,125.95383368465983,-33.431953763780982,223.62241724200126
0.00046733333333333338,55.930537409416097,-55.930537409416097,0,0,-55.930537409416097,0,122.66550272326634,122.66550272326634,0,-24.574084524308351,-19.861143362144091,223.72214963766439
0.00046766666666666669,55.848302221914295,-39.888348080551367,-15.959954141362925,-15.959954141362925,-39.888348080551367,0,0,0,0,-104.35253067768573,-16.05241168969982,223.39320888765718
0.00046800000000000005,55.773887439830872,-37.570582262029433,-18.203305177801443,-18.203305177801443,-37.570582262029433,0,0,0,0,-198.78164345520167,-17.878055825922228,223.09554975932349
0.00046833333333333335,55.699571811339815,-35.034683403113632,-20.664888408226187,-20.664888408226187,-35.034683403113632,0,0,0,0,-302.25063256399631,-19.300643075851536,222.79828724535926
0.00046866666666666671,55.625355204324421,-32.336983508643989,-23.288371695680429,-23.288371695680429,-32.336983508643989,0,0,0,0,-412.4268741500299,-20.288123809852969,222.50142081729769
0.00046900000000000002,55.551237486844045,-29.537460507019929,-26.013776979824112,-26.013776979824112,-29.537460507019929,0,0,0,0,-526.82665348024739,-20.818257276848698,222.20494994737618
0.00046933333333333338,55.477218527133829,-26.698386160112467,-28.778832367021362,-28.778832367021362,-26.698386160112467,0,0,0,0,-642.87115558345818,-20.879112526134641,221.90887410853531
0.00046966666666666668,55.403298193604492,-23.882922323689463,-31.520375869915032,-31.520375869915032,-23.882922323689463,0,0,0,0,-757.94459723446653,-20.469336919422034,221.61319277441797
0.00047000000000000004,55.329476354842093,0,-55.329476354842093,-55.329476354842093,0,0,0,0,0,-869.45318986276789,-19.598186190120959,221.31790541936837
0.00047033333333333335,55.294082630742309,0,-55.294082630742309,-55.294082630742309,0,236.80008800470733,0,0,236.80008800470733,-930.5516366410659,-2.0312844747008256,221.17633052296924
0.0004706666666666667,55.340645373067296,0,-55.340645373067296,-55.340645373067296,0,480.65165446307549,0,0,480.65165446307549,-891.3043326223559,15.920555240730749,221.36258149226919
0.00047100000000000001,55.460424311364207,0,-55.460424311364207,-55.460424311364207,0,666.52313969583861,0,0,666.52313969583861,-759.53640020577029,30.718154060613216,221.84169724545683
0.00047133333333333337,55.624608278348866,0,-55.624608278348866,-55.624608278348866,0,740.90070142093214,0,0,740.90070142093214,-561.30216704584166,39.448731871871729,222.49843311339546
0.00047166666666666668,55.790042158798919,0,-55.790042158798919,-55.790042158798919,0,672.39688347471292,0,0,672.39688347471292,-335.71523222133578,40.402874416606494,223.16016863519567
0.00047200000000000003,55.907796922749831,0,-55.907796922749831,-55.907796922749831,0,457.97047038762878,0,0,457.97047038762878,-127.19265316666977,33.412811214536532,223.63118769099933
0.00047233333333333334,55.93288334226223,0,-55.93288334226223,-55.93288334226223,0,123.52663997566748,0,0,123.52663997566748,23.348806516765908,19.885060529190138,223.73153336904892
0.0004726666666666667,55.850701685114714,-15.931029063672309,-39.919672621442402,-39.919672621442402,-15.931029063672309,0,0,0,0,103.10506945690271,16.039222563567339,223.40280674045886
0.000473,55.776283705878939,-18.172956654663384,-37.603327051215558,-37.603327051215558,-18.172956654663384,0,0,0,0,197.47524565708889,17.870067693177067,223.10513482351575
0.00047333333333333336,55.701964884495546,-20.633827581125164,-35.068137303370378,-35.068137303370378,-20.633827581125164,0,0,0,0,300.91474761588427,19.298035782615678,222.80785953798218
0.00047366666666666667,55.627745088842175,-23.257325696984605,-32.370419391857567,-32.370419391857567,-23.257325696984605,0,0,0,0,411.09161494103103,20.290955907416468,222.5109803553687
0.00047400000000000003,55.553624186972506,-25.983472542160317,-29.570151644812185,-29.570151644812185,-25.983472542160317,0,0,0,0,525.52211757074679,20.826464706817596,222.21449674789002
0.00047433333333333339,55.479602047116018,-28.749979442326971,-26.729622604789046,-26.729622604789046,-28.749979442326971,0,0,0,0,641.62674678771828,20.892510069332047,221.91840818846407
0.00047466666666666669,55.405678537677787,-31.493651627402908,-23.912026910274882,-23.912026910274882,-31.493651627402908,0,0,0,0,756.78836286828721,20.487622375770862,221.62271415071115
0.00047500000000000005,55.331853527238209,-55.331853527238209,0,0,-55.331853527238209,0,0,0,0,868.41118859442088,19.620947195180108,221.32741410895284
0.00047533333333333336,55.296344614430396,-55.296344614430396,0,0,-55.296344614430396,0,236.15280269069291,236.15280269069291,0,929.73738011154319,2.0891421069359737,221.18537845772158
0.00047566666666666672,55.342608477101024,-55.342608477101024,0,0,-55.342608477101024,0,479.5663262879458,479.5663262879458,0,890.88395814236878,-15.838992059073377,221.3704339084041
0.00047600000000000002,55.461990612242879,-55.461990612242879,0,0,-55.461990612242879,0,665.29531816255474,665.29531816255474,0,759.59841346570431,-30.628970266891656,221.84796244897151
0.00047633333333333338,55.625784811033689,-55.625784811033689,0,0,-55.625784811033689,0,739.85360181278475,739.85360181278475,0,561.83992970411919,-39.369516997958044,222.50313924413476
0.00047666666666666669,55.790939288032732,-55.790939288032732,0,0,-55.790939288032732,0,671.81728595801576,671.81728595801576,0,336.62831039519756,-40.349236387982756,223.16375715213093
0.00047700000000000005,55.908606225546691,-55.908606225546691,0,0,-55.908606225546691,0,458.05186429004334,458.05186429004334,0,128.30675235297284,-33.395284177803163,223.63442490218677
0.00047733333333333335,55.933839392523637,-55.933839392523637,0,0,-55.933839392523637,0,124.33087740578179,124.33087740578179,0,-22.247277675492374,-19.907019323233829,223.73535757009455
0.00047766666666666671,55.851710766274735,-39.947320483832968,-15.904390282441767,-15.904390282441767,-39.947320483832968,0,0,0,0,-101.98108070474298,-16.026360988366338,223.40684306509894
0.00047800000000000002,55.777291442493969,-37.632386037813461,-18.144905404680511,-18.144905404680511,-37.632386037813461,0,0,0,0,-196.29274159321417,-17.86190338309077,223.10916576997587
0.00047833333333333338,55.702971278357126,-35.097963707278339,-20.605007571078783,-20.605007571078783,-35.097963707278339,0,0,0,0,-299.70038500748745,-19.294752575392554,222.8118851134285
0.00047866666666666668,55.628750141739452,-32.400352219141581,-23.228397922597868,-23.228397922597868,-32.400352219141581,0,0,0,0,-409.8727675833465,-20.292627610190387,222.51500056695781
0.00047900000000000004,55.554627900692232,-29.599527514445086,-25.95510038624715,-25.95510038624715,-29.599527514445086,0,0,0,0,-524.32625923526939,-20.83305343692146,222.21851160276893
0.00047933333333333335,55.480604423442578,-26.757790701795063,-28.722813721647515,-28.722813721647515,-26.757790701795063,0,0,0,0,-640.48083194197898,-20.903867112737547,221.92241769377031
0.00047966666666666671,55.406679578393181,-23.938363655019423,-31.468315923373762,-31.468315923373762,-23.938363655019423,0,0,0,0,-755.71821912624375,-20.503491543702186,221.62671831357272
0.00048000000000000001,55.332853234122069,0,-55.332853234122069,-55.332853234122069,0,0,0,0,0,-867.44093459153805,-19.640970603139895,221.33141293648828
0.00048033333333333337,55.297241135770022,0,-55.297241135770022,-55.297241135770022,0,235.56388850314966,0,0,235.56388850314966,-928.97073930986608,-2.1411950215535853,221.18896454308009
0.00048066666666666668,55.343234316836529,0,-55.343234316836529,-55.343234316836529,0,478.57675948434257,0,0,478.57675948434257,-890.47296352168689,15.765158469046611,221.37293726734612
0.00048100000000000004,55.462255722576209,0,-55.462255722576209,-55.462255722576209,0,664.17265270904352,0,0,664.17265270904352,-759.62499880114672,30.547917245898702,221.84902289030484
0.00048133333333333334,55.625694359091852,0,-55.625694359091852,-55.625694359091852,0,738.89159732239136,0,0,738.89159732239136,-562.29971904533704,39.297231026996315,222.50277743636741
0.0004816666666666667,55.79059253536218,0,-55.79059253536218,-55.79059253536218,0,671.27764832878847,0,0,671.27764832878847,-337.43151730005388,40.299960682421073,223.16237014144872
0.00048200000000000001,55.908176749790172,0,-55.908176749790172,-55.908176749790172,0,458.11236082055871,0,0,458.11236082055871,-129.29600410296555,33.37869686046713,223.63270699916069
0.00048233333333333337,55.933540577913043,0,-55.933540577913043,-55.933540577913043,0,125.05010583054803,0,0,125.05010583054803,21.265729553380911,19.926317332621192,223.73416231165217
0.00048266666666666667,55.851462779869912,-15.880066802434257,-39.971395977435655,-39.971395977435655,-15.880066802434257,0,0,0,0,100.97899829295599,16.014505297471274,223.40585111947965
0.00048300000000000003,55.777043786517353,-18.119271421664006,-37.657772364853351,-37.657772364853351,-18.119271421664006,0,0,0,0,195.23633706022261,17.854239898793818,223.10817514606941
0.00048333333333333334,55.702723952368437,-20.578638153120121,-35.124085799248313,-35.124085799248313,-20.578638153120121,0,0,0,0,298.61347258695798,19.29145386704463,222.81089580947375
0.0004836666666666667,55.628503145299,-23.201884695273197,-32.426618450025806,-32.426618450025806,-23.201884695273197,0,0,0,0,408.77984820788271,20.293767855320617,222.514012581196
0.00048400000000000006,55.554381233360914,-25.929038196349698,-29.62534303701122,-29.62534303701122,-25.929038196349698,0,0,0,0,523.25196824200179,20.838606753228742,222.21752493344366
0.00048433333333333336,55.480358084781876,-28.697787228829352,-26.782570855952528,-26.782570855952528,-28.697787228829352,0,0,0,0,639.44938377104427,20.91370814556165,221.92143233912751
0.00048466666666666672,55.406433567965159,-31.444886421957168,-23.961547146007991,-23.961547146007991,-31.444886421957168,0,0,0,0,754.75286152912258,20.517398295640806,221.62573427186064
0.00048500000000000003,55.332607551489374,-55.332607551489374,0,0,-55.332607551489374,0,0,0,0,866.56342465135378,19.658629441939077,221.3304302059575
0.00048533333333333338,55.296906119907341,-55.296906119907341,0,0,-55.296906119907341,0,235.04551842551689,235.04551842551689,0,928.27291129843672,2.1871413447053811,221.18762447962936
0.00048566666666666669,55.342662598182123,-55.342662598182123,0,0,-55.342662598182123,0,477.70616864979729,477.70616864979729,0,890.08910577446488,-15.699969881903939,221.37065039272849
0.00048600000000000005,55.461368293513623,-55.461368293513623,0,0,-55.461368293513623,0,663.1860341600435,663.1860341600435,0,759.62752295219946,-30.476341075431208,221.84547317405449
0.00048633333333333335,55.624496273412703,-55.624496273412703,0,0,-55.624496273412703,0,738.04832280050789,738.04832280050789,0,562.68483547462358,-39.233382612208885,222.49798509365081
0.00048666666666666671,55.789171932584146,-55.789171932584146,0,0,-55.789171932584146,0,670.80882791049964,670.80882791049964,0,338.12001646236297,-40.256418377293727,223.15668773033659
0.00048700000000000002,55.906687404071313,-55.906687404071313,0,0,-55.906687404071313,0,458.17502277129609,458.17502277129609,0,130.14898309952665,-33.364010045525333,223.62674961628525
0.00048733333333333338,55.932171436114317,-55.932171436114317,0,0,-55.932171436114317,0,125.69607457673129,125.69607457673129,0,-20.419317392362846,-19.943313793948928,223.72868574445727
0.00048766666666666668,55.850141660369502,-39.991663526059597,-15.858478134309909,-15.858478134309909,-39.991663526059597,0,0,0,0,-100.11238985012831,-16.003385606505901,223.40056664147801
0.00048800000000000004,55.775724427335803,-37.67929010556405,-18.096434321771749,-18.096434321771749,-37.67929010556405,0,0,0,0,-194.31795308400368,-17.846755464055146,223.10289770934321
0.00048833333333333335,55.701406351160223,-35.146353787025788,-20.555052564134431,-20.555052564134431,-35.146353787025788,0,0,0,0,-297.66401613697519,-19.287773244635034,222.80562540464089
0.00048866666666666665,55.627187299721712,-32.449119868945942,-23.178067430775773,-23.178067430775773,-32.449119868945942,0,0,0,0,-407.82072189530845,-20.293973854158093,222.50874919888685
0.00048900000000000007,55.553067141075275,-29.647555850262574,-25.905511290812701,-25.905511290812701,-29.647555850262574,0,0,0,0,-522.30479177274253,-20.842694571967467,222.2122685643011
0.00048933333333333337,55.479045743451721,-26.803979573061596,-28.675066170390128,-28.675066170390128,-26.803979573061596,0,0,0,0,-638.53550661509041,-20.921585484378923,221.91618297380688
0.00048966666666666668,55.405122975257434,-23.981654442027576,-31.423468533229862,-31.423468533229862,-23.981654442027576,0,0,0,0,-753.89288170099792,-20.528887440290436,221.62049190102974
0.00048999999999999998,55.33129870507414,0,-55.33129870507414,-55.33129870507414,0,0,0,0,0,-865.7767244484088,-19.673471273015018,221.32519482029656
0.0004903333333333334,55.29552084883619,0,-55.29552084883619,-55.29552084883619,0,234.593278163984,0,0,234.593278163984,-927.6400428941439,-2.2267540188203654,221.18208339534476
0.0004906666666666667,55.341072033534616,0,-55.341072033534616,-55.341072033534616,0,476.94494063232651,0,0,476.94494063232651,-889.72800775580527,15.643385049611595,221.36428813413846
0.00049100000000000001,55.459502744221908,0,-55.459502744221908,-55.459502744221908,0,662.32084499586756,0,0,662.32084499586756,-759.60257183033264,30.413942517180061,221.83801097688763
0.00049133333333333331,55.622359183941093,0,-55.622359183941093,-55.622359183941093,0,737.3052919176173,0,0,737.3052919176173,-562.99411208924755,39.177476014566679,222.48943673576437
0.00049166666666666673,55.786839332587434,0,-55.786839332587434,-55.786839332587434,0,670.39032175197178,0,0,670.39032175197178,-338.69571472028758,40.21801769064038,223.14735733034973
0.00049200000000000003,55.904292964598397,0,-55.904292964598397,-55.904292964598397,0,458.21953304826957,0,0,458.21953304826957,-130.87087499720249,33.350655410562069,223.61717185839359
0.00049233333333333334,55.929880099193191,0,-55.929880099193191,-55.929880099193191,0,126.25076958540404,0,0,126.25076958540404,19.700033804691348,19.95757870156547,223.71952039677277
0.00049266666666666664,55.84789427072424,-15.839541963170852,-40.008352307553388,-40.008352307553388,-15.839541963170852,0,0,0,0,99.374800508502901,15.993478458612742,223.39157708289696
0.00049300000000000006,55.773480032213278,-18.076377138774088,-37.697102893439194,-37.697102893439194,-18.076377138774088,0,0,0,0,193.53384500038649,17.839947372007085,223.09392012885311
0.00049333333333333336,55.699164946570399,-20.534301219445954,-35.164863727124441,-35.164863727124441,-20.534301219445954,0,0,0,0,296.8510654938724,19.284217541141114,222.79665978628159
0.00049366666666666667,55.62494888167987,-23.157064437761331,-32.467884443918543,-32.467884443918543,-23.157064437761331,0,0,0,0,406.99725428614602,20.293750554801967,222.49979552671948
0.00049400000000000008,55.550831705602,-25.884704850821858,-29.666126854780146,-29.666126854780146,-25.884704850821858,0,0,0,0,521.48936910501686,20.845808574586158,222.203326822408
0.00049433333333333339,55.476813286572906,-28.654900069739593,-26.821913216833309,-26.821913216833309,-28.654900069739593,0,0,0,0,637.74650870364428,20.927966461716252,221.90725314629162
0.00049466666666666669,55.402893493004264,-31.404372140114358,-23.998521352889902,-23.998521352889902,-31.404372140114358,0,0,0,0,753.14809198278931,20.538391428275865,221.61157397201706
0.000495,55.329072193483093,-55.329072193483093,0,0,-55.329072193483093,0,0,0,0,865.09292915685523,19.685883918798286,221.31628877393237
0.00049533333333333341,55.293231674726293,-55.293231674726293,0,0,-55.293231674726293,0,234.21358009347739,234.21358009347739,0,927.085397518631,2.2600589617234021,221.17292669890517
0.00049566666666666672,55.338612012364869,-55.338612012364869,0,0,-55.338612012364869,0,476.30596429690047,476.30596429690047,0,889.40204577221891,-15.595743618471516,221.35444804945948
0.00049600000000000002,55.45681347850509,-55.45681347850509,0,0,-55.45681347850509,0,661.59518377493976,661.59518377493976,0,759.55976313145231,-30.361358051034671,221.82725391402036
0.00049633333333333333,55.619443871001096,-55.619443871001096,0,0,-55.619443871001096,0,736.68346617795044,736.68346617795044,0,563.23309084203902,-39.130317075470799,222.47777548400438
0.00049666666666666674,55.783762353247866,-55.783762353247866,0,0,-55.783762353247866,0,670.04299250444592,670.04299250444592,0,339.15957600798106,-40.185572895647709,223.13504941299146
0.00049700000000000005,55.90116733889365,-55.90116733889365,0,0,-55.90116733889365,0,458.26366522914134,458.26366522914134,0,131.45847720575605,-33.339293177518257,223.6046693555746
0.00049733333333333335,55.926845299520679,-55.926845299520679,0,0,-55.926845299520679,0,126.72644877992462,126.72644877992462,0,-19.114004847693739,-19.969486389699203,223.70738119808271
0.00049766666666666666,55.844899055902218,-40.021433388676527,-15.82346566722569,-15.82346566722569,-40.021433388676527,0,0,0,0,-98.771126033365476,-15.984539113731316,223.37959622360887
0.00049800000000000007,55.770488808349789,-37.711215719685612,-18.059273088664174,-18.059273088664174,-37.711215719685612,0,0,0,0,-192.88749886989623,-17.833553824558496,223.08195523339916
0.00049833333333333338,55.696177708347705,-35.179656429919419,-20.516521278428282,-20.516521278428282,-35.179656429919419,0,0,0,0,-296.17661849271684,-19.280513802228821,222.78471083339082
0.00049866666666666668,55.621965623787325,-32.482989889067866,-23.138975734719462,-23.138975734719462,-32.482989889067866,0,0,0,0,-406.30991001804114,-20.292819999691886,222.4878624951493
0.00049899999999999999,55.547852422736042,-29.68117091846748,-25.866681504268566,-25.866681504268566,-29.68117091846748,0,0,0,0,-520.804621268152,-20.84767206584052,222.19140969094417
0.0004993333333333334,55.473837973437028,-26.83652321883163,-28.637314754605402,-28.637314754605402,-26.83652321883163,0,0,0,0,-637.07979184114708,-20.932581881479599,221.89535189374811
0.00049966666666666671,55.399922144309024,-24.012334456890805,-31.387587687418222,-31.387587687418222,-24.012334456890805,0,0,0,0,-752.51443358078086,-20.545654630198435,221.59968857723609
0.00050000000000000001,55.326104803946087,0,-55.326104803946087,-55.326104803946087,0,0,0,0,0,-864.50661093197118,-19.695631078082148,221.30441921578435
0.00050033333333333332,55.29021413044714,0,-55.29021413044714,-55.29021413044714,0,233.90026529244582,0,0,233.90026529244582,-926.60311951327333,-2.2871408462378611,221.16085652178856
0.00050066666666666673,55.335454786131969,0,-55.335454786131969,-55.335454786131969,0,475.77725595151503,0,0,475.77725595151503,-889.10669919462907,15.556657969599755,221.34181914452788
0.00050100000000000003,55.453467742488087,0,-55.453467742488087,-55.453467742488087,0,660.99268100139648,0,0,660.99268100139648,-759.4974024645245,30.317975219906174,221.81387096995235
0.00050133333333333334,55.615911480213207,0,-55.615911480213207,-55.615911480213207,0,736.16434902078288,0,0,736.16434902078288,-563.40382745755721,39.091191185214257,222.46364592085283
0.00050166666666666665,55.780095774372782,0,-55.780095774372782,-55.780095774372782,0,669.74884769220455,0,0,669.74884769220455,-339.51757955990024,40.158410163249243,223.12038309749113
0.00050200000000000006,55.897459542295145,0,-55.897459542295145,-55.897459542295145,0,458.29241351833684,0,0,458.29241351833684,-131.92108102362695,33.329425145742533,223.58983816918058
0.00050233333333333336,55.923211621216581,0,-55.923211621216581,-55.923211621216581,0,127.11293578177532,0,0,127.11293578177532,18.649902255355389,19.978814328388342,223.69284648486632
0.00050266666666666667,55.841299817937923,-15.810074895079659,-40.031224922858264,-40.031224922858264,-15.810074895079659,0,0,0,0,98.291164933776244,15.976883444447111,223.36519927175169
0.00050300000000000008,55.766894366171542,-18.044992722561386,-37.721901643610153,-37.721901643610153,-18.044992722561386,0,0,0,0,192.37057639091054,17.827928434218322,223.06757746468617
0.00050333333333333339,55.692588055565388,-20.501632729407685,-35.190955326157706,-35.190955326157706,-20.501632729407685,0,0,0,0,295.63438789604425,19.277045408147053,222.77035222226155
0.00050366666666666669,55.618380754019334,-23.123774165189015,-32.494606588830322,-32.494606588830322,-23.123774165189015,0,0,0,0,405.75459455260909,20.291586693973631,222.47352301607734
0.000504,55.544272329609271,-25.851469174227265,-29.692803155382006,-29.692803155382006,-25.851469174227265,0,0,0,0,520.24873862718425,20.848701557112989,222.17708931843708
0.00050433333333333341,55.470262650586868,-28.622394208151601,-26.847868442435264,-26.847868442435264,-28.622394208151601,0,0,0,0,636.53587199348328,20.935850872370381,221.88105060234747
0.00050466666666666672,55.396351585379342,-31.373254933131332,-24.023096652248007,-24.023096652248007,-31.373254933131332,0,0,0,0,751.99473633696687,20.551089344546519,221.58540634151737
0.00050500000000000002,55.322539002589224,-55.322539002589224,0,0,-55.322539002589224,0,0,0,0,864.02284961136911,19.703108925951291,221.2901560103569
0.00050533333333333333,55.286610798694475,-55.286610798694475,0,0,-55.286610798694475,0,233.65537854051587,233.65537854051587,0,926.2001778240234,2.3082723631176023,221.1464431947779
0.00050566666666666674,55.331743911396906,-55.331743911396906,0,0,-55.331743911396906,0,475.36386919474262,475.36386919474262,0,888.84997966708818,-15.526031504701365,221.32697564558762
0.00050600000000000005,55.44961114078977,-55.44961114078977,0,0,-55.44961114078977,0,660.52172218106659,660.52172218106659,0,759.42349899960561,-30.283891260867932,221.79844456315908
0.00050633333333333335,55.611910726974543,-55.611910726974543,0,0,-55.611910726974543,0,735.7592756070477,735.7592756070477,0,563.51329160948615,-39.060368791873657,222.44764290789817
0.00050666666666666666,55.775992247198687,-55.775992247198687,0,0,-55.775992247198687,0,669.52115997265082,669.52115997265082,0,339.774831894464,-40.136918263277494,223.10396898879475
0.00050700000000000007,55.893326570106204,-55.893326570106204,0,0,-55.893326570106204,0,458.31954626002494,458.31954626002494,0,132.26148236871043,-33.321480143652664,223.57330628042482
0.00050733333333333338,55.919140298379148,-55.919140298379148,0,0,-55.919140298379148,0,127.42290850622493,127.42290850622493,0,-18.307223710492142,-19.985945286230084,223.67656119351659
0.00050766666666666668,55.837257835495151,-40.037842207882164,-15.799415627612987,-15.799415627612987,-40.037842207882164,0,0,0,0,-97.933484172316113,-15.970280190799478,223.34903134198061
0.00050799999999999999,55.762857769447422,-37.729306368945096,-18.033551400502322,-18.033551400502322,-37.729306368945096,0,0,0,0,-191.98038075571515,-17.822848360117934,223.05143107778969
0.0005083333333333334,55.688556837383743,-35.19893505540842,-20.489621781975327,-20.489621781975327,-35.19893505540842,0,0,0,0,-295.22047396496981,-19.273602959750868,222.75422734953497
0.00050866666666666671,55.614354907213553,-32.502935993908764,-23.111418913304785,-23.111418913304785,-32.502935993908764,0,0,0,0,-405.32629317127447,-20.289859399668465,222.45741962885421
0.00050900000000000001,55.54025184702229,-29.701249095988121,-25.839002751034169,-25.839002751034169,-29.701249095988121,0,0,0,0,-519.81570456409838,-20.848728281477548,222.16100738808916
0.00050933333333333332,55.466247525071161,-26.856195221423445,-28.610052303647716,-28.610052303647716,-26.856195221423445,0,0,0,0,-636.10786630229757,-20.937630941714879,221.86499010028464
0.00050966666666666673,55.39234180979691,-24.03107132841302,-31.361270481383894,-31.361270481383894,-24.03107132841302,0,0,0,0,-751.58140633184053,-20.554582563705431,221.56936723918764
0.00051000000000000004,55.318534569811575,0,-55.318534569811575,-55.318534569811575,0,0,0,0,0,-863.63351141503949,-19.708236485914416,221.2741382792463
0.00051033333333333334,55.282580007884292,0,-55.282580007884292,-55.282580007884292,0,233.4715555346157,0,0,233.4715555346157,-925.86907803221413,-2.3237606706763856,221.13032003153717
0.00051066666666666665,55.327633964469264,0,-55.327633964469264,-55.327633964469264,0,475.05220759560677,0,0,475.05220759560677,-888.62705162035161,15.503230441088093,221.31053585787706
0.00051100000000000006,55.445392785926302,0,-55.445392785926302,-55.445392785926302,0,660.1648016063599,0,0,660.1648016063599,-759.3373649630413,30.258272027569632,221.78157114370521
0.00051133333333333337,55.607584461358591,0,-55.607584461358591,-55.607584461358591,0,735.44988395559665,0,0,735.44988395559665,-563.56560660357377,39.036981350500469,222.43033784543437
0.00051166666666666667,55.771588617392169,0,-55.771588617392169,-55.771588617392169,0,669.3438892281697,0,0,669.3438892281697,-339.93997363224764,40.120367017177927,223.08635446956868
0.00051200000000000009,55.888900512610952,0,-55.888900512610952,-55.888900512610952,0,458.33401891010158,0,0,458.33401891010158,-132.4916466854128,33.315011684686283,223.55560205044381
0.00051233333333333339,55.914760643989325,0,-55.914760643989325,-55.914760643989325,0,127.65195792849767,0,0,127.65195792849767,18.07253376258851,19.990805566254345,223.6590425759573
0.0005126666666666667,55.83290208758558,-15.791248301626883,-40.041653785958701,-40.041653785958701,-15.791248301626883,0,0,0,0,97.685489742660891,15.964921814496707,223.33160835034232
0.000513,55.758507825331669,-18.024738632910033,-37.733769192421633,-37.733769192421633,-18.024738632910033,0,0,0,0,191.70552508748906,17.818554888685959,223.03403130132668
0.00051333333333333341,55.684212689328582,-20.48031321537049,-35.203899473958089,-35.203899473958089,-20.48031321537049,0,0,0,0,294.92495357049739,19.270471127455863,222.73685075731433
0.00051366666666666672,55.610016547496052,-23.10177542514894,-32.508241122347108,-32.508241122347108,-23.10177542514894,0,0,0,0,405.01677010695471,20.287959752764344,222.44006618998421
0.00051400000000000003,55.535919267929806,-25.829192826833381,-29.706726441096421,-29.706726441096421,-25.829192826833381,0,0,0,0,519.49915624452069,20.848103589113446,222.14367707171922
0.00051433333333333333,55.461920718901332,-28.600248238786673,-26.861672480114663,-26.861672480114663,-28.600248238786673,0,0,0,0,635.79142821209007,20.938295233020764,221.84768287560533
0.00051466666666666674,55.388020768857629,-31.351644497237391,-24.036376271620242,-24.036376271620242,-31.351644497237391,0,0,0,0,751.27221118091461,20.556520812734984,221.55208307543052
0.00051500000000000005,55.314219286420993,-55.314219286420993,0,0,-55.314219286420993,0,0,0,0,863.33852836291658,19.711404951520535,221.25687714568397
0.00051533333333333336,55.278249156572393,-55.278249156572393,0,0,-55.278249156572393,0,233.34777943693294,233.34777943693294,0,925.61208834247941,2.3340416635503729,221.11299662628957
0.00051566666666666666,55.323251883059797,-55.323251883059797,0,0,-55.323251883059797,0,474.84179729619098,474.84179729619098,0,888.44253185545188,-15.487859193347077,221.29300753223919
0.00051600000000000007,55.440939579956378,-55.440939579956378,0,0,-55.440939579956378,0,659.92340165334633,659.92340165334633,0,759.24552032699967,-30.240839277650053,221.76375831982551
0.00051633333333333338,55.603060380866225,-55.603060380866225,0,0,-55.603060380866225,0,735.24059874788645,735.24059874788645,0,563.56838051846501,-39.020921757249596,222.4122415234649
0.00051666666666666668,55.767014436424894,-55.767014436424894,0,0,-55.767014436424894,0,669.22476549706607,669.22476549706607,0,340.02067766495861,-40.108840365760358,223.06805774569958
0.00051699999999999999,55.884313837570041,-55.884313837570041,0,0,-55.884313837570041,0,458.34653461599294,458.34653461599294,0,132.61828276577924,-33.310276839975572,223.53725535028016
0.0005173333333333334,55.910208883725481,-55.910208883725481,0,0,-55.910208883725481,0,127.81279831312867,127.81279831312867,0,-17.940918609261733,-19.993773200224052,223.64083553490192
0.00051766666666666671,55.828369122226334,-40.042863438431937,-15.785505683794398,-15.785505683794398,-40.042863438431937,0,0,0,0,-97.541571933320185,-15.960587469043386,223.31347648890534
0.00051800000000000001,55.753980899898728,-37.735521785470013,-18.018459114428712,-18.018459114428712,-37.735521785470013,0,0,0,0,-191.5392406111142,-17.81485238890636,223.01592359959491
0.00051833333333333332,55.679691795774069,-35.206104457175215,-20.47358733859885,-20.47358733859885,-35.206104457175215,0,0,0,0,-294.74005149346613,-19.267483904346971,222.71876718309628
0.00051866666666666673,55.605501677782826,-32.510797819833989,-23.09470385794884,-23.09470385794884,-32.510797819833989,0,0,0,0,-404.81741899571114,-20.285755111143562,222.4220067111313
0.00051900000000000004,55.531410414031434,-29.709526321080844,-25.821884092950587,-25.821884092950587,-29.709526321080844,0,0,0,0,-519.28985018640117,-20.846731191181085,222.12564165612574
0.00051933333333333334,55.457417872802068,-26.864601601554774,-28.592816271247298,-28.592816271247298,-26.864601601554774,0,0,0,0,-635.57688550252328,-20.937785979659907,221.82967149120827
0.00051966666666666665,55.383523922552413,-24.039317852637154,-31.344206069915263,-31.344206069915263,-24.039317852637154,0,0,0,0,-751.05726796094802,-20.556886147748777,221.53409569020965
0.00052000000000000006,55.309728431915431,0,-55.309728431915431,-55.309728431915431,0,0,0,0,0,-863.12802960475256,-19.712636604472603,221.23891372766172
0.00052033333333333337,55.273751994311183,0,-55.273751994311183,-55.273751994311183,0,233.27609636527492,0,0,233.27609636527492,-925.42065721659549,-2.3395599694623783,221.09500797724473
0.00052066666666666667,55.318727470167573,0,-55.318727470167573,-55.318727470167573,0,474.71835480729419,0,0,474.71835480729419,-888.29132517028836,15.47913911742333,221.27490988067029
0.00052099999999999998,55.436375722554573,0,-55.436375722554573,-55.436375722554573,0,659.77975076203074,0,0,659.77975076203074,-759.14777706935877,30.23063487758813,221.74550289021829
0.00052133333333333339,55.59845650083934,0,-55.59845650083934,-55.59845650083934,0,735.11365562700314,0,0,735.11365562700314,-563.52680970741244,39.011242465505433,222.39382600335736
0.0005216666666666667,55.762382132718542,0,-55.762382132718542,-55.762382132718542,0,669.14948779925669,0,0,669.14948779925669,-340.02693385607745,40.101589294535358,223.04952853087417
0.000522,55.87967503145186,0,-55.87967503145186,-55.87967503145186,0,458.34898804312468,0,0,458.34898804312468,-132.65463233716051,33.306873697356068,223.51870012580744
0.00052233333333333342,55.905591916262978,0,-55.905591916262978,-55.905591916262978,0,127.90498726517245,0,0,127.90498726517245,17.898071438254394,19.994873146729947,223.62236766505191
0.00052266666666666672,55.823765855326357,-15.781911124840388,-40.041854730485966,-40.041854730485966,-15.781911124840388,0,0,0,0,97.488058620430905,15.95737879181624,223.29506342130543
0.00052300000000000003,55.749383766597973,-18.014453441105783,-37.734930325492186,-37.734930325492186,-18.014453441105783,0,0,0,0,191.46857181069524,17.811896716205993,222.99753506639189
0.00052333333333333333,55.675100787899858,-20.469209042920763,-35.205891744979091,-35.205891744979091,-20.469209042920763,0,0,0,0,294.65382082232634,19.264847848617308,222.70040315159943
0.00052366666666666675,55.600916787173361,-23.089999898548516,-32.510916888624848,-32.510916888624848,-23.089999898548516,0,0,0,0,404.71757078026826,20.283498077752171,222.40366714869344
0.00052400000000000005,55.526831632535796,-25.816908836166707,-29.709922796369089,-29.709922796369089,-25.816908836166707,0,0,0,0,519.17863562207913,20.844904039677672,222.10732653014318
0.00052433333333333336,55.452845192280201,-28.587630265279632,-26.865214927000572,-26.865214927000572,-28.587630265279632,0,0,0,0,635.45681189791048,20.936429877717369,221.8113807691208
0.00052466666666666666,55.378957334875111,-31.33887467968702,-24.040082655188094,-24.040082655188094,-31.33887467968702,0,0,0,0,750.93104221106682,20.556031643611835,221.51582933950044
0.00052500000000000008,55.305167928964309,-55.305167928964309,0,0,-55.305167928964309,0,0,0,0,862.99849716782205,19.712302938812801,221.22067171585724
0.00052533333333333338,55.269193766569067,-55.269193766569067,0,0,-55.269193766569067,0,233.25356573447914,233.25356573447914,0,925.293793180904,2.3408385241653491,221.07677506627627
0.00052566666666666669,55.314164617875861,-55.314164617875861,0,0,-55.314164617875861,0,474.67787767363006,474.67787767363006,0,888.17553317890111,-15.476498183388429,221.25665847150344
0.00052599999999999999,55.431803744018893,-55.431803744018893,0,0,-55.431803744018893,0,659.73084222069519,659.73084222069519,0,759.04929065620775,-30.227149776083877,221.72721497607557
0.00052633333333333341,55.593874639688465,-55.593874639688465,0,0,-55.593874639688465,0,735.06887172027086,735.06887172027086,0,563.44846623632498,-39.007596988405311,222.37549855875386
0.00052666666666666671,55.757793980874922,-55.757793980874922,0,0,-55.757793980874922,0,669.12193291799713,669.12193291799713,0,339.96762191106177,-40.098497250656436,223.03117592349969
0.00052700000000000002,55.875088268383841,-55.875088268383841,0,0,-55.875088268383841,0,458.3497139350028,458.3497139350028,0,132.60952181000781,-33.304937453867296,223.50035307353536
0.00052733333333333332,55.901017236296454,-55.901017236296454,0,0,-55.901017236296454,0,127.94079912492663,127.94079912492663,0,-17.936562463766993,-19.994464309729899,223.60406894518582
0.00052766666666666674,55.819200290609366,-40.038873849395408,-15.780326441213958,-15.780326441213958,-40.038873849395408,0,0,0,0,-97.516992699647872,-15.955086831199379,223.27680116243747
0.00052800000000000004,55.744824285244128,-37.732266678163143,-18.012557607080989,-18.012557607080989,-37.732266678163143,0,0,0,0,-191.48449480717736,-17.809513506085047,222.97929714097651
0.00052833333333333335,55.670547381803416,-35.203553968084293,-20.466993413719127,-20.466993413719127,-35.203553968084293,0,0,0,0,-294.6563743506137,-19.262427111763003,222.68218952721367
0.00052866666666666665,55.596369448239379,-32.508906341635843,-23.08746310660354,-23.08746310660354,-32.508906341635843,0,0,0,0,-404.70669782572668,-20.281094380627533,222.38547779295752
0.00052900000000000006,55.522290352680109,-29.708233531117507,-25.814056821562598,-25.814056821562598,-29.708233531117507,0,0,0,0,-519.15458181379427,-20.84257156244119,222.08916141072044
0.00052933333333333337,55.448309963429423,-26.863833821959513,-28.58447614146991,-28.58447614146991,-26.863833821959513,0,0,0,0,-635.42011995975008,-20.934221192983674,221.79323985371769
0.00052966666666666668,55.374428148966608,-24.038989711440301,-31.335438437526303,-31.335438437526303,-24.038989711440301,0,0,0,0,-750.88253971626398,-20.55399653149717,221.49771259586643
0.00052999999999999998,55.300644777946204,0,-55.300644777946204,-55.300644777946204,0,0,0,0,0,-862.93927787337225,-19.710487264973249,221.20257911178481
0.00053033333333333339,55.264679972755246,0,-55.264679972755246,-55.264679972755246,0,233.27221990867889,0,0,233.27221990867889,-925.22251594175555,-2.3383861131789416,221.05871989102098
0.0005306666666666667,55.30966494173348,0,-55.30966494173348,-55.30966494173348,0,474.70628302379453,0,0,474.70628302379453,-888.08996801829755,15.479102902227396,221.23865976693392
0.000531,55.427319824439429,0,-55.427319824439429,-55.427319824439429,0,659.75951337830156,0,0,659.75951337830156,-758.95003396715265,30.229390890262778,221.70927929775772
0.00053133333333333342,55.589405119449168,0,-55.589405119449168,-55.589405119449168,0,735.0896210410333,0,0,735.0896210410333,-563.33882976640211,39.009029352933737,222.35762047779667
0.00053166666666666672,55.753335225132751,0,-55.753335225132751,-55.753335225132751,0,669.1294920086541,0,0,669.1294920086541,-339.85298368414124,40.098834676468385,223.01334090053101
0.00053200000000000003,55.870635533367029,0,-55.870635533367029,-55.870635533367029,0,458.34277537969513,0,0,458.34277537969513,-132.49626781339785,33.304109363250845,223.48254213346812
0.00053233333333333333,55.896566056200037,0,-55.896566056200037,-55.896566056200037,0,127.92227219961427,0,0,127.92227219961427,18.042295950850733,19.992629643661036,223.58626422480015
0.00053266666666666675,55.814753890865404,-15.780463352488407,-40.034290538376993,-40.034290538376993,-15.780463352488407,0,0,0,0,97.614748046577873,15.953749815344441,223.25901556346162
0.00053300000000000005,55.740383810082562,-18.012492107854552,-37.727891702228007,-37.727891702228007,-18.012492107854552,0,0,0,0,191.57374862379899,17.807795735677175,222.96153524033025
0.00053333333333333336,55.66611282333006,-20.466676939230407,-35.199435884099657,-35.199435884099657,-20.466676939230407,0,0,0,0,294.7351151451449,19.260367321910735,222.66445129332024
0.00053366666666666666,55.591940798570569,-23.086852817894378,-32.505087980676194,-32.505087980676194,-23.086852817894378,0,0,0,0,404.77315115831527,20.278739014198997,222.36776319428228
0.00053400000000000008,55.517867603942697,-25.813116570773648,-29.704751033169053,-29.704751033169053,-25.813116570773648,0,0,0,0,519.20725028387619,20.839973722899163,222.07147041577079
0.00053433333333333338,55.443893107760744,-28.583177286275397,-26.860715821485343,-26.860715821485343,-28.583177286275397,0,0,0,0,635.45781694714094,20.931439447129257,221.77557243104297
0.00053466666666666669,55.370017178514473,-31.333760486356478,-24.036256692157991,-24.036256692157991,-31.333760486356478,0,0,0,0,750.90441611569372,20.551093589114959,221.48006871405789
0.00053499999999999999,55.29623968486888,-55.29623968486888,0,0,-55.29623968486888,0,0,0,0,862.94484122013284,19.707528565144806,221.18495873947552
0.00053533333333333341,55.260290509636192,-55.260290509636192,0,0,-55.260290509636192,0,233.32812176158905,233.32812176158905,0,925.20379736835162,2.3327496228959319,221.04116203854477
0.00053566666666666671,55.305306530567982,-55.305306530567982,0,0,-55.305306530567982,0,474.79766497725188,474.79766497725188,0,888.03497582746843,-15.486305694549145,221.22122612227193
0.00053600000000000002,55.422999976420208,-55.422999976420208,0,0,-55.422999976420208,0,659.86022465900498,659.86022465900498,0,758.8539371409239,-30.23673709845815,221.69199990568083
0.00053633333333333332,55.585122383365167,-55.585122383365167,0,0,-55.585122383365167,0,735.17296863430624,735.17296863430624,0,563.20492053973408,-39.01506678122314,222.34048953346067
0.00053666666666666674,55.749079912322664,-55.749079912322664,0,0,-55.749079912322664,0,669.17353224259352,669.17353224259352,0,339.69202998939897,-40.102369608112781,222.99631964929065
0.00053700000000000004,55.866392074664077,-55.866392074664077,0,0,-55.866392074664077,0,458.33466165602977,458.33466165602977,0,132.32438453454645,-33.30444301730796,223.46556829865631
0.00053733333333333335,55.892316522953664,-55.892316522953664,0,0,-55.892316522953664,0,127.86079765733592,127.86079765733592,0,-18.206834501867124,-19.98969646163053,223.56926609181465
0.00053766666666666665,55.810505401780738,-40.028358016450255,-15.782147385330482,-15.782147385330482,-40.028358016450255,0,0,0,0,-97.772470342990374,-15.953173988305151,223.24202160712295
0.00053800000000000007,55.736140981875252,-37.722082038858204,-18.014058943017044,-18.014058943017044,-37.722082038858204,0,0,0,0,-191.72650638085744,-17.806587697700337,222.94456392750101
0.00053833333333333337,55.661875648457297,-35.193832206103608,-20.468043442353693,-20.468043442353693,-35.193832206103608,0,0,0,0,-294.87946530835688,-19.258554328636382,222.64750259382919
0.00053866666666666668,55.587709269499605,-32.499768832170702,-23.087940437328907,-23.087940437328907,-32.499768832170702,0,0,0,0,-404.90584032563294,-20.276361956233593,222.35083707799842
0.00053899999999999998,55.513641713150804,-29.6997886052383,-25.813853107912504,-25.813853107912504,-29.6997886052383,0,0,0,0,-519.32528803172318,-20.837086203561231,222.05456685260322
0.0005393333333333334,55.439672847735231,-26.856174325121774,-28.583498522613457,-28.583498522613457,-26.856174325121774,0,0,0,0,-635.5585432257576,-20.92810657367988,221.75869139094092
0.0005396666666666667,55.36580254175265,-24.032190911145697,-31.333611630606949,-31.333611630606949,-24.032190911145697,0,0,0,0,-750.98556119490786,-20.547390504731375,221.4632101670106
0.00054000000000000001,55.292030663878059,0,-55.292030663878059,-55.292030663878059,0,0,0,0,0,-863.0045768346439,-19.703538754737718,221.16812265551224
0.00054033333333333331,55.256102003525797,0,-55.256102003525797,-55.256102003525797,0,233.41376134128291,0,0,233.41376134128291,-925.22879791507069,-2.3244439247110336,221.02440801410319
0.00054066666666666673,55.30116239786831,0,-55.30116239786831,-55.30116239786831,0,474.93887502056805,0,0,474.93887502056805,-888.00547720770305,15.497290556132171,221.20464959147324
0.00054100000000000003,55.418912198563362,0,-55.418912198563362,-55.418912198563362,0,660.01715735395464,0,0,660.01715735395464,-758.76092629399352,30.248232744435427,221.67564879425345
0.00054133333333333334,55.581089106823306,0,-55.581089106823306,-55.581089106823306,0,735.30390212763245,0,0,735.30390212763245,-563.05192497674875,39.024803080536117,222.32435642729322
0.00054166666666666675,55.745086233935936,0,-55.745086233935936,-55.745086233935936,0,669.24314300611093,0,0,669.24314300611093,-339.49442152602819,40.108424579605526,222.98034493574374
0.00054200000000000006,55.862413413268925,0,-55.862413413268925,-55.862413413268925,0,458.32102511186315,0,0,458.32102511186315,-132.10633615142743,33.305623567645455,223.4496536530757
0.00054233333333333336,55.888323907962778,0,-55.888323907962778,-55.888323907962778,0,127.75973025679133,0,0,127.75973025679133,18.417134723057277,19.985774536047394,223.55329563185111
0.00054266666666666667,55.80651046760903,-15.785099369668071,-40.021411097940955,-40.021411097940955,-15.785099369668071,0,0,0,0,97.97744580043539,15.953356361093881,223.22604187043612
0.00054300000000000008,55.732151370732964,-18.016981978333906,-37.715169392399062,-37.715169392399062,-18.016981978333906,0,0,0,0,191.93018103658562,17.805937923687335,222.92860548293186
0.00054333333333333339,55.657891353251792,-20.470826675149194,-35.187064678102601,-35.187064678102601,-20.470826675149194,0,0,0,0,295.07724825988322,19.257087087967328,222.63156541300717
0.00054366666666666669,55.58373028314768,-23.090476229762903,-32.493254053384774,-32.493254053384774,-23.090476229762903,0,0,0,0,405.09327365983887,20.274110354672061,222.33492113259072
0.000544,55.509668028578716,-25.816039463819681,-29.693628564759031,-29.693628564759031,-25.816039463819681,0,0,0,0,519.49814730362709,20.834101025514805,222.03867211431486
0.00054433333333333341,55.435704457878643,-28.585241386252218,-26.850463071626425,-26.850463071626425,-28.585241386252218,0,0,0,0,635.71293267068154,20.924455136768874,221.74281783151457
0.00054466666666666671,55.361839439556647,-31.334827006332805,-24.027012433223838,-24.027012433223838,-31.334827006332805,0,0,0,0,751.1180015281119,20.543155141735014,221.44735775822659
0.00054500000000000002,55.288072842297126,-55.288072842297126,0,0,-55.288072842297126,0,0,0,0,863.11208365967036,19.698814957150901,221.1522913691885
0.00054533333333333333,55.252168761871339,-55.252168761871339,0,0,-55.252168761871339,0,233.5249128745651,233.5249128745651,0,925.29343298015465,2.3139919376287779,221.00867504748535
0.00054566666666666674,55.29728492018819,-55.29728492018819,0,0,-55.29728492018819,0,475.12334554539495,475.12334554539495,0,888.00069003224803,-15.511411374359781,221.18913968075276
0.00054600000000000004,55.415106541332328,-55.415106541332328,0,0,-55.415106541332328,0,660.22373447929931,660.22373447929931,0,758.67385909140137,-30.263235515275227,221.66042616532931
0.00054633333333333335,55.577353407394028,-55.577353407394028,0,0,-55.577353407394028,0,735.47815325408158,735.47815325408158,0,562.88596245201859,-39.037725947540508,222.30941362957611
0.00054666666666666665,55.74140147239526,-55.74140147239526,0,0,-55.74140147239526,0,669.33820861893309,669.33820861893309,0,339.26852099176108,-40.11671771384988,222.96560588958104
0.00054700000000000007,55.858747575162738,-55.858747575162738,0,0,-55.858747575162738,0,458.3069066058124,458.3069066058124,0,131.85127194485588,-33.307654297956375,223.43499030065095
0.00054733333333333337,55.884638721471127,-55.884638721471127,0,0,-55.884638721471127,0,127.62923232875556,127.62923232875556,0,-18.664867107035409,-19.98115053532252,223.53855488588451
0.00054766666666666668,55.80282020473696,-40.013684960379862,-15.789135244357102,-15.789135244357102,-40.013684960379862,0,0,0,0,-98.220994964900058,-15.954121846716147,223.21128081894784
0.00054799999999999998,55.728466024932615,-37.707409933844559,-18.02105609108806,-18.02105609108806,-37.707409933844559,0,0,0,0,-192.17522192906816,-17.805708456002186,222.91386409973046
0.0005483333333333334,55.654210917971433,-35.179405264818612,-20.474805653152817,-20.474805653152817,-35.179405264818612,0,0,0,0,-295.31825744327426,-19.255867879768921,222.61684367188573
0.0005486666666666667,55.580054751844315,-32.485825846477297,-23.094228905367014,-23.094228905367014,-32.485825846477297,0,0,0,0,-405.32481879884108,-20.271928927918843,222.32021900737726
0.00054900000000000001,55.505997394718065,-29.68655756373785,-25.819439830980212,-25.819439830980212,-29.68655756373785,0,0,0,0,-519.71500960932008,-20.83100659006028,222.02398957887226
0.00054933333333333331,55.432038714935132,-26.843867274432768,-28.588171440502361,-28.588171440502361,-26.843867274432768,0,0,0,0,-635.91022452663856,-20.920517480258745,221.72815485974053
0.00054966666666666673,55.358178581013405,-24.020999176734016,-31.337179404279386,-31.337179404279386,-24.020999176734016,0,0,0,0,-751.29127664689759,-20.538463055713034,221.43271432405362
0.00055000000000000003,55.284416861645958,0,-55.284416861645958,-55.284416861645958,0,0,0,0,0,-863.25743728702628,-19.693474234868837,221.13766744658383
0.00055033333333333334,55.248540209782412,0,-55.248540209782412,-55.248540209782412,0,233.65486645832965,0,0,233.65486645832965,-925.38946128000168,-2.3018723560074363,220.99416083912965
0.00055066666666666675,55.293720329287602,0,-55.293720329287602,-55.293720329287602,0,475.33939496417202,0,0,475.33939496417202,-888.01583238928458,15.527922410117469,221.17488131715041
0.00055100000000000006,55.411624822608779,0,-55.411624822608779,-55.411624822608779,0,660.46601362557635,0,0,660.46601362557635,-758.59250528241887,30.280880111030484,221.64649929043512
0.00055133333333333336,55.573952462378124,0,-55.573952462378124,-55.573952462378124,0,735.68266452828038,0,0,735.68266452828038,-562.71154643787486,39.05302165558939,222.29580984951249
0.00055166666666666667,55.738058971870309,0,-55.738058971870309,-55.738058971870309,0,669.44951342217189,0,0,669.44951342217189,-339.02283962467777,40.126647719781715,222.95223588748124
0.00055200000000000008,55.855425748309941,0,-55.855425748309941,-55.855425748309941,0,458.28911430592439,0,0,458.28911430592439,-131.57016504820095,33.310265069706205,223.42170299323976
0.00055233333333333339,55.881292204675262,0,-55.881292204675262,-55.881292204675262,0,127.47311070010511,0,0,127.47311070010511,18.93861782569903,19.975938535632078,223.52516881870105
0.00055266666666666669,55.799466262072656,-15.794000311932518,-40.005465950140135,-40.005465950140135,-15.794000311932518,0,0,0,0,98.491914672536424,15.955443528559179,223.19786504829062
0.000553,55.725116551211904,-18.026026025456364,-37.699090525755537,-37.699090525755537,-18.026026025456364,0,0,0,0,192.45040318702581,17.805918051656487,222.90046620484762
0.00055333333333333341,55.650865907239698,-20.479730672078627,-35.17113523516106,-35.17113523516106,-20.479730672078627,0,0,0,0,295.5914973189706,19.254960710025472,222.60346362895879
0.00055366666666666672,55.576714198154868,-23.098960295429595,-32.477753902725269,-32.477753902725269,-23.098960295429595,0,0,0,0,405.5899583718421,20.269925486356179,222.30685679261947
0.00055400000000000002,55.502661292132139,-25.82383329955741,-29.678827992574725,-29.678827992574725,-25.82383329955741,0,0,0,0,519.96607279550733,20.827952080082941,222.01064516852855
0.00055433333333333333,55.428707057521883,-28.592090367970794,-26.836616689551093,-26.836616689551093,-28.592090367970794,0,0,0,0,636.14155277548639,20.916480795179471,221.71482823008753
0.00055466666666666674,55.354851362849885,-31.340497923128229,-24.01435343972166,-24.01435343972166,-31.340497923128229,0,0,0,0,751.49765647586685,20.533535224890926,221.41940545139954
0.00055500000000000005,55.281094076817112,-55.281094076817112,0,0,-55.281094076817112,0,0,0,0,863.43421777866001,19.687766370950236,221.12437630726845
0.00055533333333333335,55.245246955116315,-55.245246955116315,0,0,-55.245246955116315,0,233.79961108926753,233.79961108926753,0,925.51248445744852,2.2885510466125254,220.98098782046526
0.00055566666666666666,55.290497412756302,-55.290497412756302,0,0,-55.290497412756302,0,475.58068053887791,475.58068053887791,0,888.04949014794511,-15.546233163475421,221.16198965102521
0.00055600000000000007,55.408493583778679,-55.408493583778679,0,0,-55.408493583778679,0,660.73745326851576,660.73745326851576,0,758.51881112413378,-30.300567522004741,221.63397433511471
0.00055633333333333338,55.570910869441157,-55.570910869441157,0,0,-55.570910869441157,0,735.91285898261731,735.91285898261731,0,562.53369888400857,-39.07020046062172,222.28364347776463
0.00055666666666666668,55.73508235381437,-55.73508235381437,0,0,-55.73508235381437,0,669.57620960097495,669.57620960097495,0,338.76458612755505,-40.137930207000579,222.94032941525748
0.00055699999999999999,55.852472015190692,-55.852472015190692,0,0,-55.852472015190692,0,458.27154544643622,458.27154544643622,0,131.27109406349624,-33.313432214106626,223.40988806076277
0.0005573333333333334,55.878310519613599,-55.878310519613599,0,0,-55.878310519613599,0,127.30007340496928,127.30007340496928,0,-19.230922087772317,-19.970379281667732,223.5132420784544
0.00055766666666666671,55.796475357068189,-39.996955189384195,-15.799520167683994,-15.799520167683994,-39.996955189384195,0,0,0,0,-98.78243039826431,-15.957167764049903,223.18590142827276
0.00055800000000000001,55.722129631423371,-37.690430681405481,-18.031698950017894,-18.031698950017894,-37.690430681405481,0,0,0,0,-192.74718756392059,-17.806446290212008,222.88851852569348
0.00055833333333333332,55.64788296735702,-35.162487845534912,-20.485395121822112,-20.485395121822112,-35.162487845534912,0,0,0,0,-295.88786038491162,-19.254281093435747,222.59153186942808
0.00055866666666666673,55.573735232875045,-32.469280263694955,-23.104454969180086,-23.104454969180086,-32.469280263694955,0,0,0,0,-405.87921993328922,-20.268053382710995,222.29494093150018
0.00055900000000000004,55.499686296159233,-29.67068552180535,-25.829000774353883,-25.829000774353883,-29.67068552180535,0,0,0,0,-520.24171300288481,-20.824929736258653,221.99874518463693
0.00055933333333333334,55.425736025567005,-26.828955378305309,-28.596780647261699,-28.596780647261699,-26.828955378305309,0,0,0,0,-636.39735907819147,-20.912376383475035,221.70294410226802
0.00055966666666666675,55.351884289631201,-24.00731247220418,-31.34457181742702,-31.34457181742702,-24.00731247220418,0,0,0,0,-751.72786364459137,-20.528441305327263,221.4075371585248
0.00056000000000000006,55.278130957059822,0,-55.278130957059822,-55.278130957059822,0,0,0,0,0,-863.63363783911473,-19.681797803917505,221.11252382823929
0.00056033333333333336,55.242314455815482,0,-55.242314455815482,-55.242314455815482,0,233.95345120214159,0,0,233.95345120214159,-925.65518777237673,-2.2744428012597808,220.96925782326193
0.00056066666666666667,55.287638944034441,0,-55.287638944034441,-55.287638944034441,0,475.83731645014291,0,0,475.83731645014291,-888.09733209775948,15.565702407697103,221.15055577613776
0.00056100000000000008,55.405731892589955,0,-55.405731892589955,-55.405731892589955,0,661.02630725505776,0,0,661.02630725505776,-758.45235028705076,30.321556851617345,221.62292757035982
0.00056133333333333339,55.568243821654796,0,-55.568243821654796,-55.568243821654796,0,736.1578224504226,0,0,736.1578224504226,-562.35604768013491,39.088568270287965,222.27297528661919
0.00056166666666666669,55.732483651032105,0,-55.732483651032105,-55.732483651032105,0,669.71073584997555,0,0,669.71073584997555,-338.50079060095777,40.15005503673865,222.92993460412842
0.000562,55.849896702205697,0,-55.849896702205697,-55.849896702205697,0,458.25184135118002,0,0,458.25184135118002,-130.96316742443528,33.316930195881866,223.39958680882279
0.00056233333333333341,55.875704189125507,0,-55.875704189125507,-55.875704189125507,0,127.11377658182636,0,0,127.11377658182636,19.532326304676733,19.96457606082496,223.50281675650203
0.00056266666666666672,55.793858395608368,-15.805474743817669,-39.988383651790699,-39.988383651790699,-15.805474743817669,0,0,0,0,99.083202773525144,15.959256642735564,223.17543358243347
0.00056300000000000002,55.719516156920342,-18.037852274227877,-37.681663882692462,-37.681663882692462,-18.037852274227877,0,0,0,0,193.0561311320333,17.807293511425144,222.87806462768137
0.00056333333333333333,55.645272975164609,-20.491579029279958,-35.153693945884648,-35.153693945884648,-20.491579029279958,0,0,0,0,296.19801103056307,19.253867610751982,222.58109190065844
0.00056366666666666674,55.571128718353265,-23.110500651777752,-32.460628066575524,-32.460628066575524,-23.110500651777752,0,0,0,0,406.18358661598688,20.266388567542265,222.28451487341306
0.00056400000000000005,55.497083254674273,-25.834742585718889,-29.66234066895538,-29.66234066895538,-25.834742585718889,0,0,0,0,520.53343534051908,20.822051165460373,221.98833301869709
0.00056433333333333335,55.423136452491242,-28.602059836350289,-26.821076616140957,-26.821076616140957,-28.602059836350289,0,0,0,0,636.6698619790692,20.908348991193428,221.69254580996497
0.00056466666666666666,55.349288180343166,-31.349240106540417,-24.000048073802752,-24.000048073802752,-31.349240106540417,0,0,0,0,751.97500550255722,20.523355918230543,221.39715272137266
0.00056500000000000007,55.275538306944213,-55.275538306944213,0,0,-55.275538306944213,0,0,0,0,863.84984895161006,19.675769092852818,221.10215322777685
0.00056533333333333338,55.239752893507116,-55.239752893507116,0,0,-55.239752893507116,0,234.11291711053204,234.11291711053204,0,925.81338769523802,2.2599364731688567,220.95901157402847
0.00056566666666666668,55.285153544659259,-55.285153544659259,0,0,-55.285153544659259,0,476.10376530913845,476.10376530913845,0,888.15768797835096,-15.58582934378073,221.14061417863704
0.00056599999999999999,55.403346418665627,-55.403346418665627,0,0,-55.403346418665627,0,661.3267798952661,661.3267798952661,0,758.39432002445437,-30.343333861086762,221.61338567466251
0.0005663333333333334,55.565956266692098,-55.565956266692098,0,0,-55.565956266692098,0,736.4133586827985,736.4133586827985,0,562.18244777263885,-39.107698540906597,222.26382506676839
0.00056666666666666671,55.730266894100737,-55.730266894100737,0,0,-55.730266894100737,0,669.85203292783342,669.85203292783342,0,338.23723357502638,-40.162767081946754,222.92106757640295
0.00056700000000000001,55.847704141659065,-55.847704141659065,0,0,-55.847704141659065,0,458.23299225239907,458.23299225239907,0,130.65298210527581,-33.320725029027471,223.39081656663626
0.00056733333333333332,55.873479237023204,-55.873479237023204,0,0,-55.873479237023204,0,126.92136637056734,126.92136637056734,0,-19.836683312440162,-19.958721915142565,223.49391694809282
0.00056766666666666673,55.791621872659249,-39.979909852068531,-15.811712020590718,-15.811712020590718,-39.979909852068531,0,0,0,0,-99.387802844386897,-15.961579672910418,223.166487490637
0.00056800000000000004,55.717282614014685,-37.672964322605011,-18.04431829140967,-18.04431829140967,-37.672964322605011,0,0,0,0,-193.37015518062796,-17.808356734742095,222.86913045605874
0.00056833333333333334,55.643042408331667,-35.144939553529461,-20.498102854802209,-20.498102854802209,-35.144939553529461,0,0,0,0,-296.51438037340972,-19.253647112700659,222.57216963332667
0.00056866666666666665,55.568901123627583,-32.451991032599224,-23.116910091028362,-23.116910091028362,-32.451991032599224,0,0,0,0,-406.49516999295923,-20.264889370474833,222.27560449451033
0.00056900000000000006,55.494858628095692,-29.65399056517176,-25.840868062923928,-25.840868062923928,-29.65399056517176,0,0,0,0,-520.83320966008966,-20.819307114208179,221.97943451238277
0.00056933333333333337,55.420914790104867,-26.813176573336989,-28.607738216767874,-28.607738216767874,-26.813176573336989,0,0,0,0,-636.95107061883027,-20.904421989011411,221.68365916041947
0.00056966666666666667,55.347069478199373,-23.992751104884931,-31.354318373314445,-31.354318373314445,-23.992751104884931,0,0,0,0,-752.231310596924,-20.518334530318143,221.38827791279749
0.00057000000000000009,55.273322561098638,0,-55.273322561098638,-55.273322561098638,0,0,0,0,0,-864.07547423429025,-19.669766548954531,221.09329024439455
0.00057033333333333339,55.237567909229476,0,-55.237567909229476,-55.237567909229476,0,234.27342869760662,0,0,234.27342869760662,-925.98089908604493,-2.2453675865926499,220.9502716369179
0.0005706666666666667,55.283044717560621,0,-55.283044717560621,-55.283044717560621,0,476.37208413889584,0,0,476.37208413889584,-888.22678546063867,15.606095479390504,221.13217887024248
0.000571,55.401337709434927,0,-55.401337709434927,-55.401337709434927,0,661.62944882274815,0,0,661.62944882274815,-758.34410517050071,30.365299567906305,221.60535083773971
0.00057133333333333342,55.564045667921242,0,-55.564045667921242,-55.564045667921242,0,736.67074195513487,0,0,736.67074195513487,-562.0155614703051,39.127030189154027,222.25618267168497
0.00057166666666666672,55.728427047686914,0,-55.728427047686914,-55.728427047686914,0,669.99410885778775,0,0,669.99410885778775,-337.97932749940856,40.175653992469108,222.91370819074766
0.00057200000000000003,55.845887982346788,0,-55.845887982346788,-55.845887982346788,0,458.21323431289579,0,0,458.21323431289579,-130.34763046343951,33.324634414601007,223.38355192938715
0.00057233333333333333,55.871629541679994,0,-55.871629541679994,-55.871629541679994,0,126.72596266527972,0,0,126.72596266527972,20.136621688890134,19.952900295953413,223.48651816671997
0.00057266666666666674,55.789759991037158,-15.818052116722743,-39.971707874314419,-39.971707874314419,-15.818052116722743,0,0,0,0,99.688901421629623,15.96409716741271,223.15903996414863
0.00057300000000000005,55.715423213247156,-18.050913822213278,-37.664509391033874,-37.664509391033874,-18.050913822213278,0,0,0,0,193.68179347251586,17.809626402733233,222.86169285298863
0.00057333333333333336,55.641185485113098,-20.504784184827539,-35.136401300285556,-35.136401300285556,-20.504784184827539,0,0,0,0,296.82953342756696,19.253640385789907,222.56474194045239
0.00057366666666666666,55.56704667465678,-23.123505685677973,-32.44354098897881,-32.44354098897881,-23.123505685677973,0,0,0,0,406.80673391763258,20.263606452180003,222.26818669862712
0.00057400000000000007,55.493006650075849,-25.847208354990915,-29.645798295084926,-29.645798295084926,-25.847208354990915,0,0,0,0,521.13416175356394,20.816776974198561,221.97202660030339
0.00057433333333333338,55.419065279743577,-28.613659428470708,-26.805405851272873,-26.805405851272873,-28.613659428470708,0,0,0,0,637.23462766225964,20.900701708943693,221.67626111897431
0.00057466666666666668,55.345222432208622,-31.359666207679073,-23.985556224529553,-23.985556224529553,-31.359666207679073,0,0,0,0,752.49108174263279,20.513508016037001,221.38088972883449
0.00057499999999999999,55.271477976194788,-55.271477976194788,0,0,-55.271477976194788,0,0,0,0,864.30560504356436,19.663942638111433,221.08591190477915
0.0005753333333333334,55.235753286190985,-55.235753286190985,0,0,-55.235753286190985,0,234.43223946419224,234.43223946419224,0,926.15409911057623,2.2310388579146263,220.94301314476394
0.00057566666666666671,55.281305027403619,-55.281305027403619,0,0,-55.281305027403619,0,476.63787133902929,476.63787133902929,0,888.30296861302054,-15.626107282617568,221.12522010961447
0.00057600000000000001,55.399696792725216,-55.399696792725216,0,0,-55.399696792725216,0,661.92967916764667,661.92967916764667,0,758.3023111545491,-30.387047031070324,221.59878717090086
0.00057633333333333332,55.562501688396289,-55.562501688396289,0,0,-55.562501688396289,0,736.92657422601349,736.92657422601349,0,561.85810519568906,-39.146222896818841,222.25000675358515
0.00057666666666666673,55.726953038775953,-55.726953038775953,0,0,-55.726953038775953,0,670.13602916605885,670.13602916605885,0,337.73133457528354,-40.188508869862147,222.90781215510381
0.00057700000000000004,55.84443737623873,-55.84443737623873,0,0,-55.84443737623873,0,458.1948367190912,458.1948367190912,0,130.05205259235757,-33.328625204423034,223.37774950495492
0.00057733333333333334,55.870145583253347,-55.870145583253347,0,0,-55.870145583253347,0,126.53314500075209,126.53314500075209,0,-20.427521896781489,-19.947257687671424,223.48058233301339
0.00057766666666666665,55.788263604485081,-39.963890897277864,-15.824372707207221,-15.824372707207221,-39.963890897277864,0,0,0,0,-99.981622980158789,-15.966702342889425,223.15305441794033
0.00057800000000000006,55.713928820547615,-37.656425211393582,-18.057503609154029,-18.057503609154029,-37.656425211393582,0,0,0,0,-193.98563443324841,-17.811016684152868,222.85571528219046
0.00057833333333333337,55.639693083609394,-35.128215307853111,-20.51147777575628,-20.51147777575628,-35.128215307853111,0,0,0,0,-297.1376445713297,-19.253784484720079,222.55877233443758
0.00057866666666666667,55.565556261695754,-32.435420884209975,-23.130135377485775,-23.130135377485775,-32.435420884209975,0,0,0,0,-407.11217005106971,-20.262501171200597,222.26222504678302
0.00057900000000000009,55.49151822300788,-29.637910308881672,-25.853607914126211,-25.853607914126211,-29.637910308881672,0,0,0,0,-521.43003826208326,-20.814447277831626,221.96607289203152
0.00057933333333333339,55.417578835922576,-26.797910998063703,-28.619667837858874,-28.619667837858874,-26.797910998063703,0,0,0,0,-637.51427569113036,-20.89720015979249,221.67031534369031
0.0005796666666666667,55.343737968992016,-23.978606673084855,-31.365131295907158,-31.365131295907158,-23.978606673084855,0,0,0,0,-752.74819850841152,-20.508913588869792,221.37495187596807
0.00058,55.269995490943536,0,-55.269995490943536,-55.269995490943536,0,0,0,0,0,-864.53439588793265,-19.658358938646597,221.07998196377415
0.00058033333333333342,55.234299383128047,0,-55.234299383128047,-55.234299383128047,0,234.58589333566607,0,0,234.58589333566607,-926.32802478865779,-2.2172010878414881,220.93719753251219
0.00058066666666666672,55.279923236778238,0,-55.279923236778238,-55.279923236778238,0,476.89512456387104,0,0,476.89512456387104,-888.38308631509472,15.645474243909277,221.11969294711295
0.00058100000000000003,55.398410214616618,0,-55.398410214616618,-55.398410214616618,0,662.22034072981035,0,0,662.22034072981035,-758.26817011117885,30.408123207902207,221.59364085846647
0.00058133333333333333,55.561308557248203,0,-55.561308557248203,-55.561308557248203,0,737.17424307084673,0,0,737.17424307084673,-561.71179471066898,39.164850621830709,222.24523422899281
0.00058166666666666675,55.725827220028236,0,-55.725827220028236,-55.725827220028236,0,670.27324572758675,0,0,670.27324572758675,-337.49706385549052,40.201016817156642,222.90330888011295
0.00058200000000000005,55.843333694671934,0,-55.843333694671934,-55.843333694671934,0,458.17645650680174,0,0,458.17645650680174,-129.77134735413475,33.33255572943375,223.37333477868773
0.00058233333333333336,55.869008925212903,0,-55.869008925212903,-55.869008925212903,0,126.34528472079177,0,0,126.34528472079177,20.704052487309102,19.941853376122872,223.47603570085161
0.00058266666666666666,55.787114528055156,-15.830535828989142,-39.956578699066014,-39.956578699066014,-15.830535828989142,0,0,0,0,100.26063080873359,15.969359876553021,223.14845811222062
0.00058300000000000008,55.712781275198651,-18.063946438421357,-37.648834836777297,-37.648834836777297,-18.063946438421357,0,0,0,0,194.27620600247809,17.812514267692187,222.8511251007946
0.00058333333333333338,55.63854706730131,-20.518042141510282,-35.120504925791025,-35.120504925791025,-20.518042141510282,0,0,0,0,297.4332297444418,19.254088408811565,222.55418826920524
0.00058366666666666669,55.564411772391189,-23.136660392882707,-32.427751379508479,-32.427751379508479,-23.136660392882707,0,0,0,0,407.40610594777547,20.261604633728865,222.25764708956476
0.00058399999999999999,55.490375258672181,-25.859933603055868,-29.630441655616316,-29.630441655616316,-25.859933603055868,0,0,0,0,521.71569944869009,20.81237053611957,221.96150103468872
0.00058433333333333341,55.416437394523804,-28.625638740847169,-26.790798653676632,-26.790798653676632,-28.625638740847169,0,0,0,0,637.78522352047924,20.8939900728884,221.66574957809522
0.00058466666666666671,55.342598048500946,-31.370599974064344,-23.971998074436605,-23.971998074436605,-31.370599974064344,0,0,0,0,752.99832624345686,20.504642560233364,221.37039219400378
0.00058500000000000002,55.268857089333643,-55.268857089333643,0,0,-55.268857089333643,0,0,0,0,864.75806633795878,19.653123283090792,221.07542835733457
0.00058533333333333332,55.233187865691143,-55.233187865691143,0,0,-55.233187865691143,0,234.73243592562102,234.73243592562102,0,926.49981023258761,2.2040701976317791,220.93275146276457
0.00058566666666666674,55.278880162926612,-55.278880162926612,0,0,-55.278880162926612,0,477.14071325085035,477.14071325085035,0,888.46567825222985,-15.663914734452845,221.11552065170645
0.00058600000000000004,55.397457718758723,-55.397457718758723,0,0,-55.397457718758723,0,662.49814396881766,662.49814396881766,0,758.24184211422562,-30.428236141749011,221.58983087503489
0.00058633333333333335,55.560445070593936,-55.560445070593936,0,0,-55.560445070593936,0,737.41135428282519,737.41135428282519,0,561.57830664785342,-39.182668478758558,222.24178028237574
0.00058666666666666665,55.725027893995389,-55.725027893995389,0,0,-55.725027893995389,0,670.40514193908962,670.40514193908962,0,337.279306787412,-40.213028063415749,222.90011157598155
0.00058700000000000007,55.842555440126233,-55.842555440126233,0,0,-55.842555440126233,0,458.15978992064242,458.15978992064242,0,129.50880111089717,-33.336400503917403,223.37022176050493
0.00058733333333333337,55.868199067099368,-55.868199067099368,0,0,-55.868199067099368,0,126.16647298647644,126.16647298647644,0,-20.963147282064288,-19.936790685816263,223.47279626839747
0.00058766666666666668,55.786292538069333,-39.949840705584769,-15.836451832484563,-15.836451832484563,-39.949840705584769,0,0,0,0,-100.52263175583788,-15.971986178412962,223.14517015227733
0.00058800000000000009,55.711960380469144,-37.641817977827593,-18.070142402641547,-18.070142402641547,-37.641817977827593,0,0,0,0,-194.54978951032356,-17.814049845031523,222.84784152187657
0.00058833333333333339,55.637727266368749,-35.113358124691366,-20.524369141677386,-20.524369141677386,-35.113358124691366,0,0,0,0,-297.71222859712299,-19.254498693088294,222.550909065475
0.0005886666666666667,55.563593063798145,-32.420626494829691,-23.142966568968458,-23.142966568968458,-32.420626494829691,0,0,0,0,-407.68423111480877,-20.260880422622563,222.25437225519258
0.00058900000000000001,55.489557640963177,-29.623490058057754,-25.866067582905426,-25.866067582905426,-29.623490058057754,0,0,0,0,-521.98668184868473,-20.810528199926324,221.95823056385271
0.00058933333333333342,55.415620866245298,-26.78416781407844,-28.631453052166858,-28.631453052166858,-26.78416781407844,0,0,0,0,-638.04295532937999,-20.891071184484382,221.66248346498119
0.00058966666666666672,55.341782608201335,-23.965828239835986,-31.375954368365345,-31.375954368365345,-23.965828239835986,0,0,0,0,-753.2369985621998,-20.500712956971388,221.36713043280534
0.00059000000000000003,55.268042735563249,0,-55.268042735563249,-55.268042735563249,0,0,0,0,0,-864.97230011657246,-19.648271581798397,221.072170942253
0.00059033333333333333,55.232398315259076,0,-55.232398315259076,-55.232398315259076,0,234.86947295170614,0,0,234.86947295170614,-926.66571568280779,-2.1918143435033812,220.9295932610363
0.00059066666666666675,55.278154296869637,0,-55.278154296869637,-55.278154296869637,0,477.37045896749021,0,0,477.37045896749021,-888.54823465067091,15.681161556339674,221.11261718747855
0.00059100000000000005,55.396816267034815,0,-55.396816267034815,-55.396816267034815,0,662.75809691794984,0,0,662.75809691794984,-758.22245781419656,30.447072403557826,221.58726506813926
0.00059133333333333336,55.559886580308003,0,-55.559886580308003,-55.559886580308003,0,737.63324089704452,0,0,737.63324089704452,-561.45849829096937,39.19937875158044,222.23954632123201
0.00059166666666666666,55.724529097739861,0,-55.724529097739861,-55.724529097739861,0,670.52845652451344,0,0,670.52845652451344,-337.08039235002286,40.224319404751185,222.89811639095944
0.00059200000000000008,55.842075949712758,0,-55.842075949712758,-55.842075949712758,0,458.14378998934808,0,0,458.14378998934808,-129.26766914453506,33.340054839420162,223.36830379885103
0.00059233333333333338,55.867689460835585,0,-55.867689460835585,-55.867689460835585,0,125.99825344857601,0,0,125.99825344857601,21.201352311958406,19.932103937023172,223.47075784334234
0.00059266666666666669,55.785771264041557,-15.842023383499782,-39.943747880541778,-39.943747880541778,-15.842023383499782,0,0,0,0,100.76414113791007,15.97455395032194,223.14308505616623
0.00059299999999999999,55.711439801010258,-18.07599148888438,-37.635448312125874,-37.635448312125874,-18.07599148888438,0,0,0,0,194.80278846385559,17.815610538626135,222.84575920404103
0.00059333333333333341,55.637207380553278,-20.530358042223984,-35.106849338329297,-35.106849338329297,-20.530358042223984,0,0,0,0,297.97101389884358,19.255017170289822,222.54882952221311
0.00059366666666666671,55.563073870701849,-23.148954424809187,-32.414119445892666,-32.414119445892666,-23.148954424809187,0,0,0,0,407.94296934535612,20.260345038996448,222.2522954828074
0.00059400000000000002,55.489039139663042,-25.871913572113048,-29.617125567549998,-29.617125567549998,-25.871913572113048,0,0,0,0,522.23954088685571,20.808951066199967,221.95615655865217
0.00059433333333333332,55.415103055819543,-28.637019564099806,-26.778083491719741,-26.778083491719741,-28.637019564099806,0,0,0,0,638.28423581177231,20.888487892598008,221.66041222327817
0.00059466666666666674,55.341265487729409,-31.381110105357532,-23.96015538237188,-23.96015538237188,-31.381110105357532,0,0,0,0,753.46126234506562,20.497181776858664,221.36506195091764
0.00059500000000000004,55.267526304125823,-55.267526304125823,0,0,-55.267526304125823,0,0,0,0,865.17449284439351,19.643872147023387,221.07010521650329
0.00059533333333333335,55.231904434476171,-55.231904434476171,0,0,-55.231904434476171,0,234.9958269182938,234.9958269182938,0,926.82371027531167,2.1805682445453911,220.92761773790468
0.00059566666666666665,55.27771885263293,-55.27771885263293,0,0,-55.27771885263293,0,477.58249181277574,477.58249181277574,0,888.62959875416391,-15.697040004374912,221.11087541053172
0.00059600000000000007,55.396458457494845,-55.396458457494845,0,0,-55.396458457494845,0,662.99826768922367,662.99826768922367,0,758.20986352045531,-30.464451627781841,221.58583382997938
0.00059633333333333337,55.559605158304592,-55.559605158304592,0,0,-55.559605158304592,0,737.83855965945486,737.83855965945486,0,561.35315089725839,-39.214830840072267,222.23842063321837
0.00059666666666666668,55.724302668757574,-55.724302668757574,0,0,-55.724302668757574,0,670.64297660211878,670.64297660211878,0,336.90178517673246,-40.234799511405214,222.89721067503029
0.00059699999999999998,55.841867264733075,-55.841867264733075,0,0,-55.841867264733075,0,458.12969959702218,458.12969959702218,0,129.04971440891146,-33.343504416767843,223.3674690589323
0.0005973333333333334,55.867452851822613,-55.867452851822613,0,0,-55.867452851822613,0,125.84336925335191,125.84336925335191,0,-21.417048440496988,-19.927858285437587,223.46981140729045
0.0005976666666666667,55.785523640399553,-39.938330471643496,-15.847193168756061,-15.847193168756061,-39.938330471643496,0,0,0,0,-100.98334644172841,-15.977001363286467,223.14209456159821
0.00059800000000000001,55.711192507313093,-37.629763872995966,-18.081428634317131,-18.081428634317131,-37.629763872995966,0,0,0,0,-195.03306858156637,-17.81714255891314,222.84477002925237
0.00059833333333333342,55.636960416361319,-35.101023223379983,-20.53593719298134,-20.53593719298134,-35.101023223379983,0,0,0,0,-298.20717772094355,-19.255599302407781,222.54784166544528
0.00059866666666666673,55.562827235576052,-32.408280201616513,-23.154547033959542,-23.154547033959542,-32.408280201616513,0,0,0,0,-408.1796933509624,-20.259964199935375,222.25130894230421
0.00059900000000000003,55.48879283316495,-29.611402034866089,-25.877390798298865,-25.877390798298865,-29.611402034866089,0,0,0,0,-522.47148914461127,-20.807615879460258,221.9551713326598
0.00059933333333333334,55.414857077511279,-26.772601901801075,-28.642255175710208,-28.642255175710208,-26.772601901801075,0,0,0,0,-638.50618025561323,-20.886228492928865,221.65942831004512
0.00059966666666666675,55.341019837173668,-23.955036511416168,-31.385983325757504,-31.385983325757504,-23.955036511416168,0,0,0,0,-753.66820061374654,-20.494049130127326,221.36407934869467
0.00060000000000000006,55.2672809808859,0,-55.2672809808859,-55.2672809808859,0,0,0,0,0,-865.36176102869388,-19.639936900565441,221.0691239235436
0.00060033333333333336,55.231679198690749,0,-55.231679198690749,-55.231679198690749,0,235.11005260297145,0,0,235.11005260297145,-926.97120690239365,-2.1704248862277353,220.926716794763
0.00060066666666666667,55.277546162630237,0,-55.277546162630237,-55.277546162630237,0,477.77425903777009,0,0,477.77425903777009,-888.70788598539809,15.711394405655625,221.11018465052095
0.00060100000000000008,55.396355700847252,0,-55.396355700847252,-55.396355700847252,0,663.21556178930405,0,0,663.21556178930405,-758.20314443666996,30.480186236316143,221.58542280338901
0.00060133333333333339,55.559571226517974,0,-55.559571226517974,-55.559571226517974,0,738.02435595226416,0,0,738.02435595226416,-561.26239495305151,39.22884234441949,222.2382849060719
0.00060166666666666669,55.724318200902964,0,-55.724318200902964,-55.724318200902964,0,670.74654972255928,0,0,670.74654972255928,-336.74452995349407,40.244327195522573,222.89727280361186
0.000602,55.841898510319503,0,-55.841898510319503,-55.841898510319503,0,458.1166801413948,0,0,458.1166801413948,-128.85658422963266,33.346677103694716,223.36759404127801
0.00060233333333333341,55.867458386013375,0,-55.867458386013375,-55.867458386013375,0,125.70255531570211,0,0,125.70255531570211,21.608415877356581,19.924064793505377,223.4698335440535
0.00060266666666666672,55.785518923112861,-15.851900941297583,-39.933617981815274,-39.933617981815274,-15.851900941297583,0,0,0,0,101.1783893857606,15.979310856994102,223.14207569245144
0.00060300000000000002,55.711187796311926,-18.086391773294412,-37.624796023017517,-37.624796023017517,-18.086391773294412,0,0,0,0,195.23869533695651,17.818636069639297,222.8447511852477
0.00060333333333333333,55.636955711637306,-20.541043762627599,-35.095911949009711,-35.095911949009711,-20.541043762627599,0,0,0,0,298.41875290050501,19.256243198649468,222.54782284654922
0.00060366666666666674,55.562822537120823,-23.159681870111367,-32.403140667009453,-32.403140667009453,-23.159681870111367,0,0,0,0,408.39244767471246,20.259744002403856,222.25129014848329
0.00060400000000000004,55.488788140970151,-25.882438104400368,-29.606350036569779,-29.606350036569779,-25.882438104400368,0,0,0,0,522.68062694779701,20.806536586674763,221.9551525638806
0.00060433333333333335,55.414852391568566,-28.647101132966139,-26.767751258602431,-26.767751258602431,-28.647101132966139,0,0,0,0,638.70698758709625,20.88431446775499,221.65940956627426
0.00060466666666666666,55.341015157474715,-31.390518658600261,-23.950496498874458,-23.950496498874458,-31.390518658600261,0,0,0,0,753.85615148811678,20.491343549835438,221.36406062989886
0.00060500000000000007,55.267276307422385,-55.267276307422385,0,0,-55.267276307422385,0,0,0,0,865.53261943719747,19.636500782822882,221.06910522968954
0.00060533333333333337,55.231692105875965,-55.231692105875965,0,0,-55.231692105875965,0,235.21167506824798,235.21167506824798,0,927.1069981100735,2.1614476695969245,220.92676842350386
0.00060566666666666668,55.277605558668242,-55.277605558668242,0,0,-55.277605558668242,0,477.94503836799811,477.94503836799811,0,888.78229244980173,-15.724145299098382,221.11042223467297
0.00060599999999999998,55.396477127319578,-55.396477127319578,0,0,-55.396477127319578,0,663.40929542931951,663.40929542931951,0,758.20194698461182,-30.494196276440988,221.58590850927831
0.0006063333333333334,55.559753775326371,-55.559753775326371,0,0,-55.559753775326371,0,738.1902717698656,738.1902717698656,0,561.18628574925435,-39.241348470200222,222.23901510130548
0.0006066666666666667,55.724544694284802,-55.724544694284802,0,0,-55.724544694284802,0,670.83937541418391,670.83937541418391,0,336.60896949111054,-40.252865451225233,222.89817877713921
0.00060700000000000001,55.842138907009044,-55.842138907009044,0,0,-55.842138907009044,0,458.10561889145822,458.10561889145822,0,128.68873181837844,-33.349570791802705,223.36855562803618
0.00060733333333333342,55.867675737319637,-55.867675737319637,0,0,-55.867675737319637,0,125.5773894468353,125.5773894468353,0,-21.775088724740531,-19.920756431419363,223.47070294927855
0.00060766666666666673,55.785726900274646,-39.92960792892336,-15.85611897135129,-15.85611897135129,-39.92960792892336,0,0,0,0,-101.34874758760655,-15.981440206287445,223.14290760109859
0.00060800000000000003,55.711395496355614,-37.620547800337498,-18.09084769601812,-18.09084769601812,-37.620547800337498,0,0,0,0,-195.41891853758523,-17.820051438730324,222.84558198542246
0.00060833333333333334,55.637163134932138,-35.091523664869996,-20.545639470062138,-20.545639470062138,-35.091523664869996,0,0,0,0,-298.60477835411893,-19.256912713250301,222.54865253972855
0.00060866666666666675,55.563029684035556,-32.398713579704548,-23.164316104331004,-23.164316104331004,-32.398713579704548,0,0,0,0,-408.58008201422928,-20.259652601553629,222.25211873614222
0.00060900000000000006,55.488995011873044,-29.601986271810464,-25.88700874006258,-25.88700874006258,-29.601986271810464,0,0,0,0,-522.86564071130215,-20.805686361539692,221.95598004749218
0.00060933333333333336,55.41505898682739,-26.763551507506648,-28.651507479320745,-28.651507479320745,-26.763551507506648,0,0,0,0,-638.88521055405283,-20.882724613794863,221.66023594730956
0.00060966666666666667,55.341221477456756,-23.9465577483884,-31.394663729068359,-31.394663729068359,-23.9465577483884,0,0,0,0,-754.02356667636172,-20.489049933430522,221.36488590982702
0.00061000000000000008,55.267482352494433,0,-55.267482352494433,-55.267482352494433,0,0,0,0,0,-865.6854536420268,-19.633555132145315,221.06992940997773
0.00061033333333333339,55.231913156781111,0,-55.231913156781111,-55.231913156781111,0,235.30005309211558,0,0,235.30005309211558,-927.22952644046757,-2.1536654166173648,220.92765262712444
0.00061066666666666669,55.27786677388108,0,-55.27786677388108,-55.27786677388108,0,478.0936525867678,0,0,478.0936525867678,-888.851513295264,15.735232102295797,221.11146709552432
0.000611,55.396792058312869,0,-55.396792058312869,-55.396792058312869,0,663.57797609767954,0,0,663.57797609767954,-758.20536446440417,30.506401409906147,221.58716823325148
0.00061133333333333341,55.56012165739812,0,-55.56012165739812,-55.56012165739812,0,738.33479169252576,0,0,738.33479169252576,-561.12438142897076,39.252265028039801,222.24048662959248
0.00061166666666666672,55.724950577305243,0,-55.724950577305243,-55.724950577305243,0,670.92022144350358,0,0,670.92022144350358,-336.49510148183344,40.260342889586326,222.89980230922097
0.00061200000000000002,55.842556599097229,0,-55.842556599097229,-55.842556599097229,0,458.09582592386619,0,0,458.09582592386619,-128.54648224247515,33.352140990988516,223.37022639638892
0.00061233333333333333,55.868072977038786,0,-55.868072977038786,-55.868072977038786,0,125.46788483550694,0,0,125.46788483550694,21.916591275561562,19.917924360262166,223.47229190815514
0.00061266666666666674,55.786115695585039,-15.859819014427302,-39.926296681157737,-39.926296681157737,-15.859819014427302,0,0,0,0,101.49391146660382,15.983381827106808,223.14446278234016
0.00061300000000000005,55.711783773617704,-18.094767304902479,-37.617016468715221,-37.617016468715221,-18.094767304902479,0,0,0,0,195.57319237156207,17.821383231545116,222.84713509447081
0.00061333333333333335,55.637550894836195,-20.549694661711246,-35.087856233124938,-35.087856233124938,-20.549694661711246,0,0,0,0,298.76468434308447,19.257604683400615,222.55020357934478
0.00061366666666666666,55.563416927270929,-23.168419837163032,-32.394997090107893,-32.394997090107893,-23.168419837163032,0,0,0,0,408.74201554724453,20.259689177605846,222.25366770908371
0.00061400000000000007,55.48938173912817,-25.891072876061802,-29.598308863066372,-29.598308863066372,-25.891072876061802,0,0,0,0,523.0259516218423,20.805066745690088,221.95752695651268
0.00061433333333333338,55.415445198789783,-28.655444770776374,-26.760000428013406,-26.760000428013406,-28.655444770776374,0,0,0,0,639.0402853989176,20.881462799252013,221.66178079515913
0.00061466666666666668,55.341607174813014,-31.398389785164671,-23.943217389648339,-23.943217389648339,-31.398389785164671,0,0,0,0,754.16991018347449,20.487174388398245,221.36642869925205
0.00061499999999999999,55.267867535930243,-55.267867535930243,0,0,-55.267867535930243,0,0,0,0,865.81976749127045,19.631108157542947,221.07147014372097
0.0006153333333333334,55.232310831914887,-55.232310831914887,0,0,-55.232310831914887,0,235.37530212611193,235.37530212611193,0,927.33833181564353,2.1470826972547528,220.92924332765955
0.00061566666666666671,55.278298390797126,-55.278298390797126,0,0,-55.278298390797126,0,478.22034778157035,478.22034778157035,0,888.91510159074085,-15.744654719073225,221.1131935631885
0.00061600000000000001,55.397269222005669,-55.397269222005669,0,0,-55.397269222005669,0,663.72197918263964,663.72197918263964,0,758.21293798275917,-30.51680595195387,221.58907688802267
0.00061633333333333342,55.560643786923315,-55.560643786923315,0,0,-55.560643786923315,0,738.45840278923424,738.45840278923424,0,561.07618887888736,-39.26159979786155,222.24257514769326
0.00061666666666666673,55.725504982330946,-55.725504982330946,0,0,-55.725504982330946,0,670.98965611250412,670.98965611250412,0,336.40238365199821,-40.26676911212266,222.90201992932379
0.00061700000000000004,55.843120957776307,-55.843120957776307,0,0,-55.843120957776307,0,458.08791349135618,458.08791349135618,0,128.42923945900841,-33.35439711086012,223.37248383110523
0.00061733333333333334,55.868619723265446,-55.868619723265446,0,0,-55.868619723265446,0,125.37466090912159,125.37466090912159,0,-22.033566654358058,-19.915575813037297,223.47447889306179
0.00061766666666666675,55.786654980383247,-39.923656421446566,-15.862998558936685,-15.862998558936685,-39.923656421446566,0,0,0,0,-101.61440527812464,-15.985110424662945,223.14661992153299
0.00061800000000000006,55.712322339848669,-37.614177754775618,-18.098144585073054,-18.098144585073054,-37.614177754775618,0,0,0,0,-195.70189519026846,-17.822604316337099,222.84928935939467
0.00061833333333333336,55.638088743457367,-35.08488912970514,-20.553199613752231,-20.553199613752231,-35.08488912970514,0,0,0,0,-298.89869479244453,-19.25829075203789,222.55235497382947
0.00061866666666666667,55.563954059238483,-32.391974544999471,-23.171979514239009,-23.171979514239009,-32.391974544999471,0,0,0,0,-408.87831273132861,-20.259824787417948,222.25581623695393
0.00061900000000000008,55.489918155397007,-29.595305062708508,-25.894613092688498,-25.894613092688498,-29.595305062708508,0,0,0,0,-523.16146322308362,-20.804648862323884,221.95967262158803
0.00061933333333333339,55.415980900313528,-26.757089125244118,-28.65889177506941,-28.65889177506941,-26.757089125244118,0,0,0,0,-639.17195693218116,-20.880500864563523,221.66392360125411
0.00061966666666666669,55.342142162544029,-23.940470241297312,-31.401671921246713,-31.401671921246713,-23.940470241297312,0,0,0,0,-754.29477384535573,-20.485690107120028,221.36856865017612
0.00062,55.268401810819611,0,-55.268401810819611,-55.268401810819611,0,0,0,0,0,-865.93500905273481,-19.62913500754722,221.07360724327845
0.00062033333333333341,55.232855127028046,0,-55.232855127028046,-55.232855127028046,0,235.43742328495273,0,0,235.43742328495273,-927.432728874806,-2.1416771266678367,220.93142050811218
0.00062066666666666672,55.278870434288081,0,-55.278870434288081,-55.278870434288081,0,478.32504592096655,0,0,478.32504592096655,-888.97226483690713,15.752428694609648,221.11548173715232
0.00062100000000000002,55.397878635866959,0,-55.397878635866959,-55.397878635866959,0,663.84109199030331,0,0,663.84109199030331,-758.22381509679587,30.525415582104586,221.59151454346784
0.00062133333333333333,55.561290124742527,0,-55.561290124742527,-55.561290124742527,0,738.56073794789495,0,0,738.56073794789495,-561.04085450772754,39.269347513691088,222.24516049897011
0.00062166666666666674,55.726177764444202,0,-55.726177764444202,-55.726177764444202,0,671.04717781630757,0,0,671.04717781630757,-336.33002005741957,40.272128986921587,222.90471105777681
0.00062200000000000005,55.843801696111846,0,-55.843801696111846,-55.843801696111846,0,458.0813011538404,0,0,458.0813011538404,-128.3363123712617,33.356317177751109,223.37520678444739
0.00062233333333333335,55.869285533881637,0,-55.869285533881637,-55.869285533881637,0,125.29713874908811,0,0,125.29713874908811,22.126574798321403,19.913686343097048,223.47714213552655
0.00062266666666666666,55.787314318377142,-15.865655374696384,-39.921658943680754,-39.921658943680754,-15.865655374696384,0,0,0,0,101.71076689178709,15.986627570817493,223.14925727350857
0.00062300000000000007,55.712980799311055,-18.100977389781146,-37.612003409529905,-37.612003409529905,-18.100977389781146,0,0,0,0,195.80556750087632,17.823714068991567,222.85192319724422
0.00062333333333333338,55.638746325558841,-20.556151968660668,-35.08259435689817,-35.08259435689817,-20.556151968660668,0,0,0,0,299.00734066344467,19.258968113228281,222.55498530223537
0.00062366666666666668,55.564610765148082,-23.174992278268238,-32.38961848687984,-32.38961848687984,-23.174992278268238,0,0,0,0,408.98948301398684,20.260054506573173,222.25844306059233
0.00062399999999999999,55.490573986282207,-25.897625755627733,-29.592948230654475,-29.592948230654475,-25.897625755627733,0,0,0,0,523.27265196639746,20.804425779627003,221.96229594512883
0.0006243333333333334,55.416635857340253,-28.661843821583876,-26.754792035756378,-26.754792035756378,-28.661843821583876,0,0,0,0,639.28065787090702,20.879830026847056,221.66654342936101
0.00062466666666666671,55.342796246876638,-31.404504194944831,-23.938292051931811,-23.938292051931811,-31.404504194944831,0,0,0,0,754.39853689282347,20.484586653692244,221.37118498750655
0.00062500000000000001,55.269055023620929,-55.269055023620929,0,0,-55.269055023620929,0,0,0,0,866.03149552506409,19.627623828532265,221.07622009448372
0.00062533333333333332,55.233516027067658,-55.233516027067658,0,0,-55.233516027067658,0,235.48699018516521,235.48699018516521,0,927.51288662606908,2.1374081083370697,220.93406410827063
0.00062566666666666673,55.279553196647299,-55.279553196647299,0,0,-55.279553196647299,0,478.40874635963792,478.40874635963792,0,889.02288415573832,-15.758615324325433,221.1182127865892
0.00062600000000000004,55.398591005259384,-55.398591005259384,0,0,-55.398591005259384,0,663.93651617123271,663.93651617123271,0,758.23750641044501,-30.532300142278615,221.59436402103753
0.00062633333333333334,55.562031813866334,-55.562031813866334,0,0,-55.562031813866334,0,738.64294641800893,738.64294641800893,0,561.01750923979637,-39.275572712936338,222.24812725546533
0.00062666666666666676,55.726940445810889,-55.726940445810889,0,0,-55.726940445810889,0,671.09364793318241,671.09364793318241,0,336.27682809236421,-40.276468942737296,222.90776178324356
0.00062700000000000006,55.844570588391356,-55.844570588391356,0,0,-55.844570588391356,0,458.07639282247965,458.07639282247965,0,128.26633322005867,-33.357920291469085,223.37828235356542
0.00062733333333333337,55.870042267821809,-55.870042267821809,0,0,-55.870042267821809,0,125.23519464896827,125.23519464896827,0,-22.197003427071625,-19.912243910665996,223.48016907128724
0.00062766666666666667,55.788065574174922,-39.920258685616744,-15.867806888558182,-15.867806888558182,-39.920258685616744,0,0,0,0,-101.7843007406744,-15.987921922421117,223.15226229669969
0.00062800000000000009,55.71373105410192,-37.610449761600606,-18.103281292501325,-18.103281292501325,-37.610449761600606,0,0,0,0,-195.88543625569966,-17.824695992130145,222.85492421640768
0.00062833333333333339,55.639495580676581,-35.080930801799745,-20.558564778876832,-20.558564778876832,-35.080930801799745,0,0,0,0,-299.09174377449961,-19.259615487435241,222.55798232270632
0.0006286666666666667,55.565359021924706,-32.387890971650279,-23.177468050274424,-23.177468050274424,-32.387890971650279,0,0,0,0,-409.07651779751313,-20.260352753225401,222.26143608769883
0.000629,55.491321246047946,-29.591204130913145,-25.900117115134801,-25.900117115134801,-29.591204130913145,0,0,0,0,-523.36035649642474,-20.804368190249608,221.96528498419178
0.00062933333333333342,55.417382121423572,-26.753079087784585,-28.664303033638991,-28.664303033638991,-26.753079087784585,0,0,0,0,-639.36705520471378,-20.879417914006702,221.66952848569429
0.00062966666666666672,55.343541516604233,-23.93665727666718,-31.406884239937053,-31.406884239937053,-23.93665727666718,0,0,0,0,-754.48167963308447,-20.483829321084972,221.37416606641693
0.00063000000000000003,55.269799300317722,0,-55.269799300317722,-55.269799300317722,0,0,0,0,0,-866.10950971421539,-19.626538360947464,221.07919720127089
0.00063033333333333333,55.234265779856862,0,-55.234265779856862,-55.234265779856862,0,235.52448128672805,0,0,235.52448128672805,-927.57881593882939,-2.1342156368511311,220.93706311942745
0.00063066666666666675,55.280319172561434,0,-55.280319172561434,-55.280319172561434,0,478.4721894950992,0,0,478.4721894950992,-889.06659760643515,15.763286569578639,221.12127669024574
0.00063100000000000005,55.399379115826306,0,-55.399379115826306,-55.399379115826306,0,664.00899386834885,0,0,664.00899386834885,-758.25324962908655,30.537529385985579,221.59751646330523
0.00063133333333333336,55.562841888117241,0,-55.562841888117241,-55.562841888117241,0,738.7055198508657,0,0,738.7055198508657,-561.00504169396959,39.280329211252365,222.25136755246896
0.00063166666666666666,55.727766190072849,0,-55.727766190072849,-55.727766190072849,0,671.12911336515333,0,0,671.12911336515333,-336.24146722876014,40.279816281787475,222.9110647602914
0.00063200000000000007,55.845400760405511,0,-55.845400760405511,-55.845400760405511,0,458.07269288307111,0,0,458.07269288307111,-128.21789719897654,33.359201914124526,223.38160304162204
0.00063233333333333338,55.870862832085948,0,-55.870862832085948,-55.870862832085948,0,125.18780857301471,0,0,125.18780857301471,22.246144465126267,19.911213113518819,223.48345132834379
0.00063266666666666669,55.788881624849523,-15.869470555839541,-39.919411069009982,-39.919411069009982,-15.869470555839541,0,0,0,0,101.83629126601429,15.989002692107515,223.15552649939809
0.00063299999999999999,55.714546017434017,-18.105074646963228,-37.609471370470793,-37.609471370470793,-18.105074646963228,0,0,0,0,195.94282240764446,17.825553992613802,222.85818406973607
0.0006333333333333334,55.640309458114992,-20.560456577501416,-35.079852880613572,-35.079852880613572,-20.560456577501416,0,0,0,0,299.15323181359634,19.260231387899594,222.56123783245997
0.00063366666666666671,55.566171814916324,-23.179424820081028,-32.386746994835292,-32.386746994835292,-23.179424820081028,0,0,0,0,409.14072157777611,20.26071268072706,222.26468725966529
0.00063400000000000001,55.492132956037736,-25.902103907789087,-29.590029048248653,-29.590029048248653,-25.902103907789087,0,0,0,0,523.42582871369802,20.804464042201403,221.96853182415094
0.00063433333333333332,55.418192749854576,-28.666284213286698,-26.751908536567878,-26.751908536567878,-28.666284213286698,0,0,0,0,639.43232002230707,20.879247540580501,221.6727709994183
0.00063466666666666673,55.344351064917568,-31.408824286502902,-23.935526778414665,-23.935526778414665,-31.408824286502902,0,0,0,0,754.54526594922413,20.483396573428195,221.37740425967027
0.00063500000000000004,55.270607769952584,-55.270607769952584,0,0,-55.270607769952584,0,0,0,0,866.16998432141486,19.62585300413183,221.08243107981033
0.00063533333333333334,55.23507770428003,-55.23507770428003,0,0,-55.23507770428003,0,235.55079064046342,235.55079064046342,0,927.63117351686492,2.1320276191728169,220.94031081712012
0.00063566666666666676,55.281142128885087,-55.281142128885087,0,0,-55.281142128885087,0,478.51690187475788,478.51690187475788,0,889.10356339175121,-15.766546781932064,221.12456851554035
0.00063600000000000006,55.400217331624603,-55.400217331624603,0,0,-55.400217331624603,0,664.06030495570838,664.06030495570838,0,758.27058045489559,-30.541219293857125,221.60086932649841
0.00063633333333333337,55.563695322130307,-55.563695322130307,0,0,-55.563695322130307,0,738.75006987428299,738.75006987428299,0,561.00236415836048,-39.283721683793345,222.25478128852123
0.00063666666666666667,55.728630459941037,-55.728630459941037,0,0,-55.728630459941037,0,671.15463710077029,671.15463710077029,0,336.22234869434442,-40.282243679853508,222.91452183976415
0.00063700000000000009,55.846267931469612,-55.846267931469612,0,0,-55.846267931469612,0,458.07045185803133,458.07045185803133,0,128.1891358498406,-33.360188368858175,223.38507172587845
0.00063733333333333339,55.871722910648195,-55.871722910648195,0,0,-55.871722910648195,0,125.1543235706593,125.1543235706593,0,-22.27586952100015,-19.910568751415529,223.48689164259278
0.0006376666666666667,55.789738124659308,-39.919059983328005,-15.870678141331304,-15.870678141331304,-39.919059983328005,0,0,0,0,-101.86855811306955,-15.989869406939469,223.15895249863723
0.000638,55.715401376005047,-37.609012702004733,-18.106388674000311,-18.106388674000311,-37.609012702004733,0,0,0,0,-195.9795224763574,-17.826280233882581,222.86160550402019
0.00063833333333333342,55.641163676967906,-35.079306613312177,-20.561857063655726,-20.561857063655726,-35.079306613312177,0,0,0,0,-299.19353768101837,-19.260800791378998,222.56465470787163
0.00063866666666666672,55.567024895569737,-32.386135073521984,-23.180889822047764,-23.180889822047764,-32.386135073521984,0,0,0,0,-409.18372457761558,-20.261112418078959,222.26809958227895
0.00063900000000000003,55.492984900008238,-29.589374883908786,-25.903610016099453,-25.903610016099453,-29.589374883908786,0,0,0,0,-523.47055942153509,-20.804685109990832,221.97193960003295
0.00063933333333333333,55.419043558656732,-26.75123647860784,-28.667807080048892,-28.667807080048892,-26.75123647860784,0,0,0,0,-639.47777010950222,-20.879284963063295,221.67617423462693
0.00063966666666666675,55.345200740063923,-23.934861565789774,-31.410339174274153,-31.410339174274153,-23.934861565789774,0,0,0,0,-754.59041091286429,-20.483249514543655,221.38080296025569
0.00064000000000000005,55.271456312953674,0,-55.271456312953674,-55.271456312953674,0,0,0,0,0,-866.21380657791349,-19.625524786179763,221.0858252518147
0.00064033333333333336,55.235927852509498,0,-55.235927852509498,-55.235927852509498,0,235.56671655378298,0,0,235.56671655378298,-927.67048656476993,-2.130759580392656,220.94371141003799
0.00064066666666666666,55.281998507880552,0,-55.281998507880552,-55.281998507880552,0,478.54417495787459,0,0,478.54417495787459,-889.13376110659294,15.768505324979188,221.12799403152221
0.00064100000000000008,55.401082584291096,0,-55.401082584291096,-55.401082584291096,0,664.09183815868721,0,0,664.09183815868721,-758.28885111427974,30.543482570345503,221.60433033716438
0.00064133333333333338,55.564569499868284,0,-55.564569499868284,-55.564569499868284,0,738.77767441168521,0,0,738.77767441168521,-561.00824536376524,39.285843966446578,222.25827799947314
0.00064166666666666669,55.729510928090747,0,-55.729510928090747,-55.729510928090747,0,671.17064693932218,0,0,671.17064693932218,-336.21781653086919,40.283807634612998,222.91804371236299
0.00064199999999999999,55.847149807654297,0,-55.847149807654297,-55.847149807654297,0,458.06924411655223,0,0,458.06924411655223,-128.17821079515082,33.36088774385999,223.38859923061719
0.00064233333333333341,55.872599948988139,0,-55.872599948988139,-55.872599948988139,0,125.13343357818877,0,0,125.13343357818877,22.287921656192086,19.910269021221872,223.49039979595256
0.00064266666666666671,55.790612463466253,-15.871460592478481,-39.919151870987776,-39.919151870987776,-15.871460592478481,0,0,0,0,101.88285098386842,15.990537023224206,223.16244985386501
0.00064300000000000002,55.716274549803764,-18.107255856957519,-37.609018692846242,-37.609018692846242,-18.107255856957519,0,0,0,0,195.99734922055501,17.826882417349836,222.86509819921505
0.00064333333333333332,55.642035687310702,-20.562799269823781,-35.079236417486925,-35.079236417486925,-20.562799269823781,0,0,0,0,299.21449632888061,19.261323971093148,222.56814274924281
0.00064366666666666674,55.567895744006847,-23.181895639038071,-32.386000104968772,-32.386000104968772,-23.181895639038071,0,0,0,0,409.20734258066312,20.261544804450576,222.27158297602739
0.00064400000000000004,55.493854588087842,-25.90466658506325,-29.589188003024589,-29.589188003024589,-25.90466658506325,0,0,0,0,523.49630430695368,20.805016960449034,221.97541835235137
0.00064433333333333335,55.419912087924942,-28.668900385600015,-26.751011702324924,-26.751011702324924,-28.668900385600015,0,0,0,0,639.50506148485226,20.879508801576243,221.67964835169977
0.00064466666666666665,55.346068112064792,-31.411454360469154,-23.934613751595634,-23.934613751595634,-31.411454360469154,0,0,0,0,754.61863355044113,20.483360300040893,221.38427244825917
0.00064500000000000007,55.2723225292292,-55.2723225292292,0,0,-55.2723225292292,0,0,0,0,866.24232428378423,19.625520026082135,221.0892901169168
0.00064533333333333337,55.236794041159065,-55.236794041159065,0,0,-55.236794041159065,0,235.57334175310248,235.57334175310248,0,927.69775110838862,2.1303206825170804,220.94717616463626
0.00064566666666666668,55.282866653472752,-55.282866653472752,0,0,-55.282866653472752,0,478.55584504247736,478.55584504247736,0,889.15756263817866,-15.769292278538416,221.13146661389101
0.00064600000000000009,55.401953919493906,-55.401953919493906,0,0,-55.401953919493906,0,664.10571118896473,664.10571118896473,0,758.30766019973078,-30.544462845399124,221.60781567797562
0.0006463333333333334,55.565444174603066,-55.565444174603066,0,0,-55.565444174603066,0,738.79021109470989,738.79021109470989,0,561.02151420953373,-39.28682486525463,222.26177669841226
0.0006466666666666667,55.730387893718451,-55.730387893718451,0,0,-55.730387893718451,0,671.17831300791318,671.17831300791318,0,336.2260855705299,-40.284596695617324,222.9215515748738
0.00064700000000000001,55.848026939104869,-55.848026939104869,0,0,-55.848026939104869,0,458.06921157315128,458.06921157315128,0,128.18299959131028,-33.361330879790614,223.39210775641948
0.00064733333333333342,55.873474380582564,-55.873474380582564,0,0,-55.873474380582564,0,125.12414183994446,125.12414183994446,0,-22.284417491324778,-19.910281037886669,223.49389752233026
0.00064766666666666672,55.791485020481794,-39.919626445416895,-15.871858575064898,-15.871858575064898,-39.919626445416895,0,0,0,0,-101.88126023202305,-15.991012937502514,223.16594008192718
0.00064800000000000003,55.717145944185212,-37.609428651956897,-18.107717292228319,-18.107717292228319,-37.609428651956897,0,0,0,0,-195.99841037130989,-17.827359390641956,222.86858377674085
0.00064833333333333334,55.642905920607205,-35.079582344809417,-20.563323575797792,-20.563323575797792,-35.079582344809417,0,0,0,0,-299.21818535542036,-19.261791252076804,222.57162368242882
0.00064866666666666675,55.568764817765491,-32.386284014239848,-23.182480803525646,-23.182480803525646,-32.386284014239848,0,0,0,0,-409.21357622316941,-20.261991860711312,222.27505927106196
0.00064900000000000005,55.494722503853637,-29.5894132927558,-25.905309211097833,-25.905309211097833,-29.5894132927558,0,0,0,0,-523.5049419517419,-20.805433715878596,221.97889001541455
0.00064933333333333336,55.420778847240854,-26.751183079159187,-28.669595768081667,-28.669595768081667,-26.751183079159187,0,0,0,0,-639.5159083362247,-20.879885863475877,221.68311538896342
0.00064966666666666666,55.346933716471732,-23.934737124180717,-31.412196592291014,-31.412196592291014,-23.934737124180717,0,0,0,0,-754.63144502370722,-20.483689170810901,221.38773486588693
0.00065000000000000008,55.273186980266011,0,-55.273186980266011,-55.273186980266011,0,0,0,0,0,-866.25681152037862,-19.625793294726776,221.09274792106405
0.00065033333333333338,55.237657027686289,0,-55.237657027686289,-55.237657027686289,0,235.57164271353543,0,0,235.57164271353543,-927.71383875948902,-2.1306138841607449,220.95062811074516
0.00065066666666666669,55.283727790096705,0,-55.283727790096705,-55.283727790096705,0,478.55351438573791,0,0,478.55351438573791,-889.17519942455328,15.769037203368043,221.13491116038682
0.00065099999999999999,55.402813160388511,0,-55.402813160388511,-55.402813160388511,0,664.10368290977067,0,0,664.10368290977067,-758.32648736707336,30.544296663163948,221.61125264155405
0.00065133333333333341,55.566301736505984,0,-55.566301736505984,-55.566301736505984,0,738.7891008237342,0,0,738.7891008237342,-561.04093515946624,39.28678099147939,222.26520694602394
0.00065166666666666671,55.731244127094655,0,-55.731244127094655,-55.731244127094655,0,671.17829636570445,0,0,671.17829636570445,-336.24538260081908,40.284684579069335,222.92497650837862
0.00065200000000000002,55.848882173071601,0,-55.848882173071601,-55.848882173071601,0,458.0699898959756,0,0,458.0699898959756,-128.20147459392322,33.361534138481488,223.3955286922864
0.00065233333333333332,55.874328772379528,0,-55.874328772379528,-55.874328772379528,0,125.12500203563428,0,0,125.12500203563428,22.267306264464398,19.910560714453112,223.49731508951811
0.00065266666666666674,55.792338290461728,-15.871910849808838,-39.920427440652887,-39.920427440652887,-15.871910849808838,0,0,0,0,101.86575339491971,15.991315830958827,223.16935316184691
0.00065300000000000004,55.717998077229964,-18.107813711315185,-37.610184365914783,-37.610184365914783,-18.107813711315185,0,0,0,0,195.98475468314766,17.827721655755411,222.87199230891986
0.00065333333333333335,55.643756918231681,-20.56347156862871,-35.080285349602974,-35.080285349602974,-20.56347156862871,0,0,0,0,299.20668854878005,19.262204720749342,222.57502767292672
0.00065366666666666665,55.56961468148257,-23.182686623897435,-32.386928057585138,-32.386928057585138,-23.182686623897435,0,0,0,0,409.20449735556872,20.262447211016369,222.27845872593028
0.00065400000000000007,55.495571235174197,-25.905577796303323,-29.58999343887087,-29.58999343887087,-25.905577796303323,0,0,0,0,523.49848556829431,20.805920682230127,221.98228494069679
0.00065433333333333337,55.421626447673745,-28.66993062769053,-26.751695819983212,-26.751695819983212,-28.66993062769053,0,0,0,0,639.51221986127905,20.880393468059498,221.68650579069498
0.00065466666666666668,55.347780187523796,-31.412599729116916,-23.935180458406879,-23.935180458406879,-31.412599729116916,0,0,0,0,754.63060748529517,20.48420597105974,221.39112075009518
0.00065500000000000009,55.274032323442093,-55.274032323442093,0,0,-55.274032323442093,0,0,0,0,866.25884368124628,19.626307641263022,221.09612929376837
0.0006553333333333334,55.238499691890276,-55.238499691890276,0,0,-55.238499691890276,0,235.56277355746093,235.56277355746093,0,927.71994246604106,2.1315407588196393,220.9539987675611
0.0006556666666666667,55.284565350181573,-55.284565350181573,0,0,-55.284565350181573,0,478.5391347905188,478.5391347905188,0,889.18718940078361,-15.767880600000524,221.13826140072629
0.00065600000000000001,55.40364447505668,-55.40364447505668,0,0,-55.40364447505668,0,664.08799308503774,664.08799308503774,0,758.34501615866725,-30.543138861039552,221.61457790022672
0.00065633333333333342,55.567127090546641,-55.567127090546641,0,0,-55.567127090546641,0,738.77630945105113,738.77630945105113,0,561.06536273320307,-39.285850946429974,222.26850836218657
0.00065666666666666673,55.732065090977216,-55.732065090977216,0,0,-55.732065090977216,0,671.17178634531285,671.17178634531285,0,336.2739021408986,-40.284166301024982,222.92826036390886
0.00065700000000000003,55.849701207869941,-55.849701207869941,0,0,-55.849701207869941,0,458.0716481829827,458.0716481829827,0,128.23146946884302,-33.361530243782141,223.39880483147977
0.00065733333333333334,55.875148658457718,-55.875148658457718,0,0,-55.875148658457718,0,125.13484630685372,125.13484630685372,0,-22.238745191615042,-19.911072121555524,223.50059463383087
0.00065766666666666675,55.793157738188853,-39.921495658479031,-15.871662079709818,-15.871662079709818,-39.921495658479031,0,0,0,0,-101.8384810091038,-15.991458203862084,223.17263095275541
0.00065800000000000006,55.718816433088193,-37.611225563041387,-18.10759087004681,-18.10759087004681,-37.611225563041387,0,0,0,0,-195.95857763865791,-17.827972862595697,222.87526573235277
0.00065833333333333336,55.644574183675864,-35.081285281721883,-20.563288901953978,-20.563288901953978,-35.081285281721883,0,0,0,0,-299.18219684820212,-19.26255909474143,222.57829673470346
0.00065866666666666667,55.570430857965633,-32.387873398816367,-23.182557459149269,-23.182557459149269,-32.387873398816367,0,0,0,0,-409.18224298878687,-20.26289676015265,222.28172343186253
0.00065900000000000008,55.496386324147117,-29.590872082115361,-25.905514242031753,-25.905514242031753,-29.590872082115361,0,0,0,0,-523.4789700718361,-20.806455269520029,221.98554529658847
0.00065933333333333339,55.422440450585569,-26.752497149791331,-28.669943300794234,-28.669943300794234,-26.752497149791331,0,0,0,0,-639.49588301541667,-20.881001040110871,221.68976180234228
0.00065966666666666669,55.348593105821642,-23.935895590213022,-31.412697515608624,-31.412697515608624,-23.935895590213022,0,0,0,0,-754.61781740363051,-20.484872829847806,221.39437242328657
0.00066,55.274844158571149,0,-55.274844158571149,-55.274844158571149,0,0,0,0,0,-866.24988851611158,-19.62701875295939,221.0993766342846
0.00066033333333333341,55.239307832593198,0,-55.239307832593198,-55.239307832593198,0,235.54776886193275,0,0,235.54776886193275,-927.71712366711881,-2.1330017893731679,220.95723133037279
0.00066066666666666672,55.28536562076426,0,-55.28536562076426,-55.28536562076426,0,478.51441570697489,0,0,478.51441570697489,-889.19393107899998,15.765957606767103,221.14146248305704
0.00066100000000000002,55.404434783706442,0,-55.404434783706442,-55.404434783706442,0,664.06053658757639,0,0,664.06053658757639,-758.36285614103838,30.541133559504686,221.61773913482577
0.00066133333333333333,55.567907763499029,0,-55.567907763499029,-55.567907763499029,0,738.753395188789,0,0,738.753395188789,-561.09364707817929,39.284159419408752,222.27163105399612
0.00066166666666666674,55.732838727257459,0,-55.732838727257459,-55.732838727257459,0,671.15955332293299,0,0,671.15955332293299,-336.30991410521506,40.283122563222378,222.93135490902984
0.00066200000000000005,55.850472083619103,0,-55.850472083619103,-55.850472083619103,0,458.07387815470543,0,0,458.07387815470543,-128.27096720268085,33.361340075131906,223.40188833447641
0.00066233333333333335,55.875921799099835,0,-55.875921799099835,-55.875921799099835,0,125.15221488802041,0,0,125.15221488802041,22.200688930946828,19.91177233775938,223.50368719639934
0.00066266666666666666,55.793931043273808,-15.871153948784766,-39.922777094489042,-39.922777094489042,-15.871153948784766,0,0,0,0,101.8014242968125,15.991460527075228,223.17572417309523
0.00066300000000000007,55.719588707786777,-18.107092655198944,-37.612496052587829,-37.612496052587829,-18.107092655198944,0,0,0,0,195.92195142805929,17.828125227175736,222.87835483114711
0.00066333333333333337,55.645345429361015,-20.562820537302731,-35.082524892058288,-35.082524892058288,-20.562820537302731,0,0,0,0,299.14682669971239,19.262858060194908,222.58138171744406
0.00066366666666666668,55.57120107600845,-23.182138193563194,-32.389062882445259,-32.389062882445259,-23.182138193563194,0,0,0,0,409.14892611682779,20.263335581649709,222.2848043040338
0.00066400000000000009,55.497155515916873,-25.905162205290235,-29.591993310626634,-29.591993310626634,-25.905162205290235,0,0,0,0,523.44845737627088,20.807024050061464,221.98862206366749
0.0006643333333333334,55.423208617449724,-28.669675094991707,-26.753533522458021,-26.753533522458021,-28.669675094991707,0,0,0,0,639.46886215767529,20.881686953740875,221.6928344697989
0.0006646666666666667,55.349360249145825,-31.412527841010377,-23.936832408135448,-23.936832408135448,-31.412527841010377,0,0,0,0,754.59489730895791,20.485660410878207,221.3974409965833
0.00066500000000000001,55.275610279719167,-55.275610279719167,0,0,-55.275610279719167,0,0,0,0,866.231585651209,19.627890244683318,221.10244111887667
0.00066533333333333342,55.240069455033506,-55.240069455033506,0,0,-55.240069455033506,0,235.52775698695018,235.52775698695018,0,927.70664549012747,2.1349000877675905,220.96027782013402
0.00066566666666666673,55.286117140759259,-55.286117140759259,0,0,-55.286117140759259,0,478.48126310504051,478.48126310504051,0,889.19602314467568,-15.763406522081794,221.14446856303704
0.00066600000000000003,55.405173336599589,-55.405173336599589,0,0,-55.405173336599589,0,664.02349542045056,664.02349542045056,0,758.37978467967071,-30.538433172310022,221.62069334639835
0.00066633333333333334,55.568633715764157,-55.568633715764157,0,0,-55.568633715764157,0,738.72226318174296,738.72226318174296,0,561.12474948490876,-39.281842854084204,222.27453486305663
0.00066666666666666675,55.733555527820016,-55.733555527820016,0,0,-55.733555527820016,0,671.14273102018399,671.14273102018399,0,336.35172999637552,-40.281646926386543,222.93422211128006
0.00066700000000000006,55.851185504196721,-55.851185504196721,0,0,-55.851185504196721,0,458.07670391001795,458.07670391001795,0,128.31792384571739,-33.360995901976978,223.40474201678688
0.00066733333333333336,55.8766387143746,-55.8766387143746,0,0,-55.8766387143746,0,125.17590743401269,125.17590743401269,0,-22.155172855952546,-19.912626082025945,223.5065548574984
0.00066766666666666667,55.794648649677029,-39.924217650147391,-15.870430999529638,-15.870430999529638,-39.924217650147391,0,0,0,0,-101.75662567295294,-15.991337991187912,223.17859459870812
0.00066800000000000008,55.720305358019047,-37.613940270184578,-18.106365087834472,-18.106365087834472,-37.613940270184578,0,0,0,0,-195.87697952060705,-17.82818549714932,222.88122143207619
0.00066833333333333339,55.646061124696381,-35.08394829535986,-20.562112829336524,-20.562112829336524,-35.08394829535986,0,0,0,0,-299.10269521090692,-19.263099770074561,222.58424449878552
0.00066866666666666669,55.571915817719258,-32.390441454617672,-23.181474363101589,-23.181474363101589,-32.390441454617672,0,0,0,0,-409.10662976413158,-20.26375327576606,222.28766327087703
0.000669,55.497869305273781,-29.593304035585746,-25.904565269688039,-25.904565269688039,-29.593304035585746,0,0,0,0,-523.40894947158165,-20.807608306171097,221.99147722109512
0.00066933333333333341,55.423921455721683,-26.754754903640219,-28.66916655208146,-28.66916655208146,-26.754754903640219,0,0,0,0,-639.43303312075693,-20.882424595570903,221.69568582288673
0.00066966666666666672,55.350072137600108,-23.937944952996354,-31.412127184603751,-31.412127184603751,-23.937944952996354,0,0,0,0,-754.56355459937333,-20.486534805280382,221.40028855040043
0.00067000000000000002,55.276321219621352,0,-55.276321219621352,-55.276321219621352,0,0,0,0,0,-866.20543557104429,-19.628881676696238,221.10528487848541
0.00067033333333333333,55.240775277726691,0,-55.240775277726691,-55.240775277726691,0,235.50373547212877,0,0,235.50373547212877,-927.68962852378422,-2.1371416145918829,220.96310111090676
0.00067066666666666674,55.286811094530314,0,-55.286811094530314,-55.286811094530314,0,478.44133213485611,0,0,478.44133213485611,-889.19395570085715,15.760356478534206,221.14724437812126
0.00067100000000000005,55.405851926809106,0,-55.405851926809106,-55.405851926809106,0,663.97871461880652,0,0,663.97871461880652,-758.39553501647913,30.535176468695994,221.62340770723642
0.00067133333333333335,55.569297327387659,0,-55.569297327387659,-55.569297327387659,0,738.68444563219578,0,0,738.68444563219578,-561.1576691847921,39.279022297031077,222.27718930955064
0.00067166666666666666,55.734208278607554,0,-55.734208278607554,-55.734208278607554,0,671.12210079768033,0,0,671.12210079768033,-336.39778254270868,40.279818874699373,222.93683311443021
0.00067200000000000007,55.85183435788084,0,-55.85183435788084,-55.85183435788084,0,458.07986950666952,0,0,458.07986950666952,-128.37048455413438,33.360520048796516,223.40733743152336
0.00067233333333333338,55.87729202997923,0,-55.87729202997923,-55.87729202997923,0,125.20455255816472,0,0,125.20455255816472,22.104004328851861,19.913594251879189,223.50916811991692
0.00067266666666666668,55.795303100930241,-15.869533905824774,-39.925769195105467,-39.925769195105467,-15.869533905824774,0,0,0,0,101.7059238073918,15.991111154327184,223.18121240372096
0.00067299999999999999,55.720958937252064,-18.105451091947184,-37.615507845304876,-37.615507845304876,-18.105451091947184,0,0,0,0,195.82559364373881,17.828166552097223,222.88383574900826
0.0006733333333333334,55.646713833071118,-20.561209900606013,-35.085503932465102,-35.085503932465102,-20.561209900606013,0,0,0,0,299.05178362065465,19.263289135413157,222.58685533228447
0.00067366666666666671,55.572567656396089,-23.180610210453732,-32.391957445942353,-32.391957445942353,-23.180610210453732,0,0,0,0,409.05734002061058,20.264146674612633,222.29027062558436
0.00067400000000000001,55.498520275411529,-25.903766717082338,-29.594753558329188,-29.594753558329188,-25.903766717082338,0,0,0,0,523.36239253080612,20.808196862772675,221.99408110164612
0.00067433333333333343,55.424571558477631,-28.668458933931138,-26.756112624546493,-26.756112624546493,-28.668458933931138,0,0,0,0,639.39025829447803,20.883195035556284,221.69828623391052
0.00067466666666666673,55.350721374129989,-31.411533774795632,-23.93918759933436,-23.93918759933436,-31.411533774795632,0,0,0,0,754.5255259054353,20.487469755051684,221.40288549651996
0.00067500000000000004,55.276969591079371,-55.276969591079371,0,0,-55.276969591079371,0,0,0,0,866.17301000728128,19.629960055207395,221.10787836431749
0.00067533333333333334,55.241418100977427,-55.241418100977427,0,0,-55.241418100977427,0,235.47673284088589,235.47673284088589,0,927.66730139814092,2.1396379118937219,220.96567240390971
0.00067566666666666675,55.287440763817521,-55.287440763817521,0,0,-55.287440763817521,0,478.39635968391065,478.39635968391065,0,889.18835010282328,-15.756933970377005,221.14976305527009
0.00067600000000000006,55.406464479100379,-55.406464479100379,0,0,-55.406464479100379,0,663.92818076251092,663.92818076251092,0,758.4099768251283,-30.531503018429333,221.62585791640151
0.00067633333333333337,55.569893164074116,-55.569893164074116,0,0,-55.569893164074116,0,738.64167263048716,738.64167263048716,0,561.19152811173603,-39.275822849060461,222.27957265629647
0.00067666666666666667,55.734792021633204,-55.734792021633204,0,0,-55.734792021633204,0,671.09868294526666,671.09868294526666,0,336.44659740280611,-40.277724371205181,222.93916808653282
0.00067700000000000008,55.852413869176743,-55.852413869176743,0,0,-55.852413869176743,0,458.08337485826814,458.08337485826814,0,128.42684763864341,-33.359942435100407,223.40965547670697
0.00067733333333333339,55.877876788872136,-55.877876788872136,0,0,-55.877876788872136,0,125.2370235006436,125.2370235006436,0,-22.048979321414524,-19.914644927698301,223.51150715548854
0.00067766666666666669,55.795889363947957,-39.927385465729621,-15.868503898218336,-15.868503898218336,-39.927385465729621,0,0,0,0,-101.65113028938035,-15.990795912334415,223.18355745579183
0.000678,55.72154441910665,-37.617150888178031,-18.104393530928615,-18.104393530928615,-37.617150888178031,0,0,0,0,-195.76967294580501,-17.828076771716844,222.8861776764266
0.00067833333333333341,55.647298534803433,-35.087143310344828,-20.560155224458608,-20.560155224458608,-35.087143310344828,0,0,0,0,-298.99599627646842,-19.263426831185996,222.58919413921373
0.00067866666666666672,55.5731515790456,-32.393562796641952,-23.179588782403645,-23.179588782403645,-32.393562796641952,0,0,0,0,-409.00294350671982,-20.264508733541472,222.2926063161824
0.00067900000000000002,55.499103420016318,-29.596295279109214,-25.902808140907101,-25.902808140907101,-29.596295279109214,0,0,0,0,-523.31061292244567,-20.808775114699628,221.99641368006527
0.00067933333333333333,55.425153926074401,-26.757562539360023,-28.667591386714381,-28.667591386714381,-26.757562539360023,0,0,0,0,-639.34226263033599,-20.883976437528897,221.7006157042976
0.00067966666666666674,55.351302965754066,-23.940519593886588,-31.410783371867478,-31.410783371867478,-23.940519593886588,0,0,0,0,-754.48239588426429,-20.488436685517399,221.40521186301626
0.00068000000000000005,55.277550407764686,0,-55.277550407764686,-55.277550407764686,0,0,0,0,0,-866.13571760919433,-19.631090711400624,221.11020163105874
0.00068033333333333335,55.241993099685509,0,-55.241993099685509,-55.241993099685509,0,235.44764038186915,0,0,235.44764038186915,-927.64074077440489,-2.142306128146501,220.96797239874203
0.00068066666666666666,55.288001735739698,0,-55.288001735739698,-55.288001735739698,0,478.34782883989249,0,0,478.34782883989249,-889.17972482383391,15.75325372694094,221.15200694295879
0.00068100000000000007,55.407007122323549,0,-55.407007122323549,-55.407007122323549,0,663.8735531826087,0,0,663.8735531826087,-758.42295416261993,30.527536811491643,221.62802848929419
0.00068133333333333338,55.570417879247813,0,-55.570417879247813,-55.570417879247813,0,738.59533058307613,0,0,738.59533058307613,-561.22551264796198,39.272353315741128,222.28167151699125
0.00068166666666666668,55.735303774971491,0,-55.735303774971491,-55.735303774971491,0,671.07319724693559,0,0,671.07319724693559,-336.49684963487721,40.275435608930962,222.94121509988597
0.00068199999999999999,55.852921150330651,0,-55.852921150330651,-55.852921150330651,0,458.08701295358003,0,0,458.08701295358003,-128.48542375035461,33.359284475306779,223.41168460132261
0.0006823333333333334,55.878389870564639,0,-55.878389870564639,-55.878389870564639,0,125.27211137141438,0,0,125.27211137141438,21.991653067111177,19.915744645682928,223.51355948225856
0.00068266666666666671,55.79640424033667,-15.867377729987698,-39.929026510348976,-39.929026510348976,-15.867377729987698,0,0,0,0,101.59383326100206,15.990411535535166,223.18561696134668
0.00068300000000000001,55.722058609450976,-18.103231301658735,-37.618827307792245,-37.618827307792245,-18.103231301658735,0,0,0,0,195.71089432259751,17.827928776909769,222.8882344378039
0.00068333333333333343,55.647812040017484,-20.558988928527828,-35.088823111489653,-35.088823111489653,-20.558988928527828,0,0,0,0,298.93706102595002,19.263518544657927,222.59124816006994
0.00068366666666666673,55.573664400042276,-23.178450496832557,-32.395213903209708,-32.395213903209708,-23.178450496832557,0,0,0,0,408.94518007302383,20.264838078268028,222.2946576001691
0.00068400000000000004,55.499615557707308,-25.901729302329148,-29.597886255378164,-29.597886255378164,-25.901729302329148,0,0,0,0,523.25532328220913,20.809334657382308,221.99846223082923
0.00068433333333333334,55.425665381370166,-28.666602082810552,-26.759063298559617,-26.759063298559617,-28.666602082810552,0,0,0,0,639.2906929464001,20.884753556364082,221.70266152548066
0.00068466666666666676,55.351813739563859,-31.409911663236155,-23.9419020763277,-23.9419020763277,-31.409911663236155,0,0,0,0,754.43570841864619,20.489413854910698,221.40725495825544
0.00068500000000000006,55.278060500996553,-55.278060500996553,0,0,-55.278060500996553,0,0,0,0,866.09496452837766,19.632245897204189,221.11224200398621
0.00068533333333333337,55.242497261069154,-55.242497261069154,0,0,-55.242497261069154,0,235.41733637871511,235.41733637871511,0,927.61106148348097,2.1450708888629322,220.96998904427662
0.00068566666666666667,55.288491404550484,-55.288491404550484,0,0,-55.288491404550484,0,478.29722340884769,478.29722340884769,0,889.16867620149867,-15.749423901089003,221.15396561820194
0.00068600000000000009,55.407477795926468,-55.407477795926468,0,0,-55.407477795926468,0,663.81652910171408,663.81652910171408,0,758.43441994383363,-30.523397440450054,221.62991118370587
0.00068633333333333339,55.570869955629455,-55.570869955629455,0,0,-55.570869955629455,0,738.54689647561054,738.54689647561054,0,561.25893432124133,-39.268721131104058,222.28347982251782
0.0006866666666666667,55.735742423297559,-55.735742423297559,0,0,-55.735742423297559,0,671.04651125018211,671.04651125018211,0,336.54733793264734,-40.27302668277261,222.94296969319024
0.000687,55.853355235578917,-55.853355235578917,0,0,-55.853355235578917,0,458.09077431072467,458.09077431072467,0,128.54472830070816,-33.358572358534687,223.41342094231567
0.00068733333333333342,55.878830145724706,-55.878830145724706,0,0,-55.878830145724706,0,125.3088367064318,125.3088367064318,0,-21.933508409591386,-19.916866620526399,223.51532058289882
0.00068766666666666672,55.796846530238057,-39.9306554370228,-15.866191093215257,-15.866191093215257,-39.9306554370228,0,0,0,0,-101.53553557396961,-15.989973102582267,223.18738612095223
0.00068800000000000003,55.722500310025467,-37.620498608400865,-18.102001701624612,-18.102001701624612,-37.620498608400865,0,0,0,0,-195.65082714174611,-17.8277313897147,222.89000124010187
0.00068833333333333333,55.648253152050323,-35.09050409062484,-20.557749061425479,-20.557749061425479,-35.09050409062484,0,0,0,0,-298.87657837540496,-19.26356664265354,222.59301260820129
0.00068866666666666675,55.574104924317666,-32.396871641998757,-23.177233282318905,-23.177233282318905,-32.396871641998757,0,0,0,0,-408.88564528681479,-20.265130567315474,222.29641969727066
0.00068900000000000005,55.500055495008397,-29.599488353513951,-25.900567141494445,-25.900567141494445,-29.599488353513951,0,0,0,0,-523.19807827348177,-20.80986493465857,222.00022198003359
0.00068933333333333336,55.426104732479068,-26.760578604611773,-28.665526127867292,-28.665526127867292,-26.760578604611773,0,0,0,0,-639.23702796071723,-20.885509659417711,221.70441892991627
0.00068966666666666666,55.352252505261646,-23.94330138987354,-31.408951115388103,-31.408951115388103,-23.94330138987354,0,0,0,0,-754.38683295313797,-20.49037873152092,221.40901002104658
0.00069000000000000008,55.278498682063251,0,-55.278498682063251,-55.278498682063251,0,0,0,0,0,-866.05198007219553,-19.633397789955648,221.113994728253
0.00069033333333333338,55.242929526384557,0,-55.242929526384557,-55.242929526384557,0,235.38656157773147,0,0,235.38656157773147,-927.57922181276649,-2.1478640783273377,220.97171810553823
0.00069066666666666669,55.288909050558622,0,-55.288909050558622,-55.288909050558622,0,478.24577867216033,0,0,478.24577867216033,-889.15570169109697,15.745539497180104,221.15563620223449
0.00069099999999999999,55.407876228066073,0,-55.407876228066073,-55.407876228066073,0,663.75849424250123,0,0,663.75849424250123,-758.44431176733508,30.519188070433046,221.63150491226429
0.0006913333333333334,55.57124955626977,0,-55.57124955626977,-55.57124955626977,0,738.49753277130299,0,0,738.49753277130299,-561.29118222601278,39.265017282948662,222.28499822507908
0.00069166666666666671,55.736108432542004,0,-55.736108432542004,-55.736108432542004,0,671.0192349674162,0,0,671.0192349674162,-336.59702232548432,40.270558485781578,222.94443373016802
0.00069200000000000002,55.853716668958334,0,-55.853716668958334,-55.853716668958334,0,458.09449707684655,0,0,458.09449707684655,-128.60349607081699,33.357824936005869,223.41486667583334
0.00069233333333333343,55.879197963649681,0,-55.879197963649681,-55.879197963649681,0,125.34619963806375,0,0,125.34619963806375,21.875788041607027,19.917984050045408,223.51679185459872
0.00069266666666666673,55.797216513702963,-15.864974911079649,-39.932241602623314,-39.932241602623314,-15.864974911079649,0,0,0,0,101.47751191634845,15.989497592917914,223.18886605481185
0.00069300000000000004,55.722869800507816,-18.100737574753811,-37.622132225754001,-37.622132225754001,-18.100737574753811,0,0,0,0,195.59082569875264,17.827496235448724,222.89147920203126
0.00069333333333333334,55.64862215020699,-20.556469650579412,-35.092152499627581,-35.092152499627581,-20.556469650579412,0,0,0,0,298.81595169785925,19.263577134540487,222.59448860082796
0.00069366666666666676,55.574473430804645,-23.175971585891087,-32.398501844913561,-32.398501844913561,-23.175971585891087,0,0,0,0,408.82575996373367,20.265386458875383,222.29789372321858
0.00069400000000000006,55.500423510480807,-25.899355751701034,-29.60106775877977,-29.60106775877977,-25.899355751701034,0,0,0,0,523.14028412772848,20.810360447957908,222.00169404192323
0.00069433333333333337,55.426472257591165,-28.664396496121899,-26.762075761469266,-26.762075761469266,-28.664396496121899,0,0,0,0,639.18262762382346,20.886233615532493,221.70588903036466
0.00069466666666666667,55.352619540666801,-31.407932843420742,-23.944686697246055,-23.944686697246055,-31.407932843420742,0,0,0,0,754.3370525050849,20.491314802736291,221.4104781626672
0.00069500000000000009,55.278865228413977,-55.278865228413977,0,0,-55.278865228413977,0,0,0,0,866.00794140790867,19.634524868012178,221.11546091365591
0.00069533333333333339,55.243290293539197,-55.243290293539197,0,0,-55.243290293539197,0,235.35601592213294,235.35601592213294,0,927.54616944265183,2.1506259835332031,220.97316117415679
0.0006956666666666667,55.289255392524112,-55.289255392524112,0,0,-55.289255392524112,0,478.19467845793736,478.19467845793736,0,889.14133690837559,-15.741686658032449,221.15702157009645
0.000696,55.408203568971594,-55.408203568971594,0,0,-55.408203568971594,0,663.70080404769305,663.70080404769305,0,758.45265185400478,-30.515004279852064,221.63281427588637
0.00069633333333333342,55.571558261726821,-55.571558261726821,0,0,-55.571558261726821,0,738.44842000349979,738.44842000349979,0,561.32176515299011,-39.261327928055067,222.28623304690728
0.00069666666666666672,55.73640370088296,-55.73640370088296,0,0,-55.73640370088296,0,670.99206196741613,670.99206196741613,0,336.64499940015276,-40.26809077042887,222.94561480353184
0.00069700000000000003,55.854007464301198,-55.854007464301198,0,0,-55.854007464301198,0,458.0981721354068,458.0981721354068,0,128.66059383139057,-33.357063812393577,223.41602985720479
0.00069733333333333333,55.879495202606876,-55.879495202606876,0,0,-55.879495202606876,0,125.38341172979284,125.38341172979284,0,-21.819627634375795,-19.919076211930772,223.5179808104275
0.00069766666666666675,55.797516007948829,-39.93375797793037,-15.863758030018456,-15.863758030018456,-39.93375797793037,0,0,0,0,-101.4209191773557,-15.988998204401394,223.19006403179532
0.00069800000000000005,55.723168895694116,-37.623699681670189,-18.099469214023923,-18.099469214023923,-37.623699681670189,0,0,0,0,-195.53210688852789,-17.827231677666141,222.89267558277646
0.00069833333333333336,55.648920846865451,-35.093739073785031,-20.555181773080424,-20.555181773080424,-35.093739073785031,0,0,0,0,-298.75643046189816,-19.263553361244821,222.5956833874618
0.00069866666666666666,55.574771729466285,-32.400075140814664,-23.174696588651624,-23.174696588651624,-32.400075140814664,0,0,0,0,-408.76677798090492,-20.265603996143177,222.29908691786514
0.00069900000000000008,55.50072141167594,-29.6025956760583,-25.898125735617644,-25.898125735617644,-29.6025956760583,0,0,0,0,-523.08317086725162,-20.810814382551811,222.00288564670376
0.00069933333333333338,55.426769761849386,-26.763527219446871,-28.663242542402518,-28.663242542402518,-26.763527219446871,0,0,0,0,-639.12867037868943,-20.886913705869887,221.70707904739754
0.00069966666666666669,55.352916648517009,-23.946032335474882,-31.406884313042131,-31.406884313042131,-23.946032335474882,0,0,0,0,-754.28746737737367,-20.492205709957606,221.41166659406804
0.00069999999999999999,55.279161940384363,0,-55.279161940384363,-55.279161940384363,0,0,0,0,0,-865.96384589997456,-19.635606501935733,221.11664776153745
0.00070033333333333341,55.243581458895143,0,-55.243581458895143,-55.243581458895143,0,235.32626766640249,0,0,235.32626766640249,-927.51269722006191,-2.1533048365704985,220.97432583558057
0.00070066666666666671,55.289532583561929,0,-55.289532583561929,-55.289532583561929,0,478.14487217581154,0,0,478.14487217581154,-889.12602300868753,15.737938103677763,221.15813033424772
0.00070100000000000002,55.408462312706504,0,-55.408462312706504,-55.408462312706504,0,663.64452572764219,0,0,663.64452572764219,-758.45945177329418,30.510925407168088,221.63384925082602
0.00070133333333333332,55.571798897797812,0,-55.571798897797812,-55.571798897797812,0,738.40045583009578,0,0,738.40045583009578,-561.35027187644835,39.257723384294849,222.28719559119125
0.00070166666666666674,55.73663128487744,0,-55.73663128487744,-55.73663128487744,0,670.96546599605085,0,0,670.96546599605085,-336.69052522941297,40.265670989246473,222.94652513950976
0.00070200000000000004,55.854230736038708,0,-55.854230736038708,-55.854230736038708,0,458.10167838680763,0,0,458.10167838680763,-128.71510046103791,33.356304267248291,223.41692294415483
0.00070233333333333335,55.879724824208289,0,-55.879724824208289,-55.879724824208289,0,125.41970341036171,0,0,125.41970341036171,21.765935427329143,19.920123284897457,223.51889929683315
0.00070266666666666676,55.797747916967971,-15.862564542617061,-39.935183374350913,-39.935183374350913,-15.862564542617061,0,0,0,0,101.3666948569573,15.988488996809059,223.19099166787188
0.00070300000000000007,55.723400495707281,-18.09822233293875,-37.625178162768535,-37.625178162768535,-18.09822233293875,0,0,0,0,195.47567545966282,17.826947820544465,222.89360198282913
0.00070333333333333337,55.649152138284371,-20.553912216374034,-35.095239921910334,-35.095239921910334,-20.553912216374034,0,0,0,0,298.6990640143361,19.263501243751463,222.59660855313749
0.00070366666666666668,55.575002712702144,-23.173435580782414,-32.401567131919734,-32.401567131919734,-23.173435580782414,0,0,0,0,408.7097696286134,20.265784783618493,222.30001085080858
0.00070400000000000009,55.500952087139375,-25.896904303604867,-29.604047783534511,-29.604047783534511,-25.896904303604867,0,0,0,0,523.02780559993607,20.811223990463709,222.0038083485575
0.0007043333333333334,55.427000129950493,-28.66209081647035,-26.764909313480146,-26.764909313480146,-28.66209081647035,0,0,0,0,639.0761960976439,20.887542892095162,221.70800051980197
0.0007046666666666667,55.353146709665324,-31.40583084750644,-23.947315862158881,-23.947315862158881,-31.40583084750644,0,0,0,0,754.23906676850527,20.493040283314929,221.4125868386613
0.00070500000000000001,55.279391694988888,-55.279391694988888,0,0,-55.279391694988888,0,0,0,0,865.92060977796734,19.636627642265015,221.11756677995555
0.00070533333333333342,55.243805984123661,-55.243805984123661,0,0,-55.243805984123661,0,235.29782979586656,235.29782979586656,0,927.47955663833613,2.1558573727902441,220.97522393649464
0.00070566666666666673,55.289743817204929,-55.289743817204929,0,0,-55.289743817204929,0,478.09722927078997,478.09722927078997,0,889.11021138826129,-15.734356793042622,221.15897526881972
0.00070600000000000003,55.40865596649256,-55.40865596649256,0,0,-55.40865596649256,0,663.59065698517588,663.59065698517588,0,758.46478662856578,-30.50702168631824,221.63462386597024
0.00070633333333333334,55.571975285317805,-55.571975285317805,0,0,-55.571975285317805,0,738.35451161283834,738.35451161283834,0,561.37639924684242,-39.25426730554517,222.28790114127122
0.00070666666666666675,55.736795236717136,-55.736795236717136,0,0,-55.736795236717136,0,670.93996157134904,670.93996157134904,0,336.73299104040564,-40.263343671313606,222.94718094686854
0.00070700000000000005,55.8543906192996,-55.8543906192996,0,0,-55.8543906192996,0,458.1050127982777,458.1050127982777,0,128.76623435558159,-33.355562955860563,223.4175624771984
0.00070733333333333336,55.87989086107099,-55.87989086107099,0,0,-55.87989086107099,0,125.45449503569392,125.45449503569392,0,-21.715499245258545,-19.921110829471175,223.51956344428396
0.00070766666666666667,55.797916224262607,-39.936500270847453,-15.861415953415154,-15.861415953415154,-39.936500270847453,0,0,0,0,-101.31564695376714,-15.987980647317828,223.19166489705043
0.00070800000000000008,55.723568578741734,-37.626548939174455,-18.097019639567282,-18.097019639567282,-37.626548939174455,0,0,0,0,-195.4223893977418,-17.826651948360379,222.89427431496694
0.00070833333333333338,55.649319997357452,-35.096635572363112,-20.552684424994343,-20.552684424994343,-35.096635572363112,0,0,0,0,-298.64474098615887,-19.26342450938261,222.59727998942981
0.00070866666666666669,55.575170348112266,-32.40295808853498,-23.172212259577289,-23.172212259577289,-32.40295808853498,0,0,0,0,-408.65563415169714,-20.265928907797445,222.30068139244906
0.00070899999999999999,55.501119499184561,-29.605404582910982,-25.89571491627358,-25.89571491627358,-29.605404582910982,0,0,0,0,-522.97507791449414,-20.811585715561939,222.00447799673825
0.00070933333333333341,55.427167318928362,-26.766203260822508,-28.660964058105851,-28.660964058105851,-26.766203260822508,0,0,0,0,-639.02606466177429,-20.888114055754436,221.70866927571345
0.00070966666666666671,55.353313675873103,-23.948519678048644,-31.404793997824459,-31.404793997824459,-23.948519678048644,0,0,0,0,-754.19266147088706,-20.493808002631408,221.41325470349241
0.00071000000000000002,55.279558438723406,0,-55.279558438723406,-55.279558438723406,0,0,0,0,0,-865.87897647183729,-19.637574604369938,221.11823375489362
0.00071033333333333332,55.243967878396859,0,-55.243967878396859,-55.243967878396859,0,235.27109480377084,0,0,235.27109480377084,-927.44735241272303,-2.158248172854627,220.97587151358744
0.00071066666666666674,55.289893276554558,0,-55.289893276554558,-55.289893276554558,0,478.0524067458507,0,0,478.0524067458507,-889.09426491905208,15.730992912098529,221.15957310621823
0.00071100000000000004,55.408788945996449,0,-55.408788945996449,-55.408788945996449,0,663.53993762319874,0,0,663.53993762319874,-758.46872195191293,30.503348179670013,221.63515578398579
0.00071133333333333335,55.572092066514323,0,-55.572092066514323,-55.572092066514323,0,738.31121057569078,0,0,738.31121057569078,-561.39991856335666,39.251008779177511,222.28836826605729
0.00071166666666666676,55.736900355346485,0,-55.736900355346485,-55.736900355346485,0,670.91587783583589,0,0,670.91587783583589,-336.77193496405312,40.261142267184198,222.94760142138594
0.00071200000000000007,55.854491949523258,0,-55.854491949523258,-55.854491949523258,0,458.10809000045742,0,0,458.10809000045742,-128.81340736932682,33.354851133879507,223.41796779809303
0.00071233333333333337,55.879998037979306,0,-55.879998037979306,-55.879998037979306,0,125.48724723910988,0,0,125.48724723910988,21.668901999079569,19.922025750412789,223.51999215191722
0.00071266666666666668,55.798025610182222,-15.860329292481406,-39.937696317700812,-39.937696317700812,-15.860329292481406,0,0,0,0,101.26838372857733,15.987484011177493,223.19210244072889
0.00071300000000000009,55.723677818910645,-18.095879445391997,-37.627798373518644,-37.627798373518644,-18.095879445391997,0,0,0,0,195.37291018720566,17.826352330322553,222.89471127564258
0.0007133333333333334,55.649429091969864,-20.5515176317159,-35.097911460253961,-35.097911460253961,-20.5515176317159,0,0,0,0,298.59416117301532,19.263328655017752,222.59771636787946
0.0007136666666666667,55.57527929736213,-23.171046398159131,-32.404232899202995,-32.404232899202995,-23.171046398159131,0,0,0,0,408.6050938816195,20.266038969439919,222.30111718944852
0.00071400000000000001,55.501228303265563,-25.894577493916795,-29.606650809348768,-29.606650809348768,-25.894577493916795,0,0,0,0,522.92571639547998,20.811899203981753,222.00491321306225
0.00071433333333333342,55.427275978033926,-28.659881938222664,-26.767394039811265,-26.767394039811265,-28.659881938222664,0,0,0,0,638.97899448571582,20.888623896454771,221.7091039121357
0.00071466666666666673,55.353422190196405,-31.403792794548284,-23.94962939564812,-23.94962939564812,-31.403792794548284,0,0,0,0,754.14894353612931,20.494502695498632,221.41368876078562
0.00071500000000000003,55.279666808457357,-55.279666808457357,0,0,-55.279666808457357,0,0,0,0,865.83959607196084,19.638438483073351,221.11866723382943
0.00071533333333333334,55.244071829797207,-55.244071829797207,0,0,-55.244071829797207,0,235.2463958483815,235.2463958483815,0,927.41663189619487,2.1604497743648992,220.97628731918883
0.00071566666666666675,55.28998579692928,-55.28998579692928,0,0,-55.28998579692928,0,478.01097157441757,478.01097157441757,0,889.07853863564276,-15.727887072344132,221.15994318771712
0.00071600000000000006,55.408866287900707,-55.408866287900707,0,0,-55.408866287900707,0,663.49302124833002,663.49302124833002,0,758.47136879093352,-30.499950637705979,221.63546515160283
0.00071633333333333336,55.572154480463091,-55.572154480463091,0,0,-55.572154480463091,0,738.27112714217469,738.27112714217469,0,561.42069334576001,-39.247989670865138,222.28861792185236
0.00071666666666666667,55.73695202949466,-55.73695202949466,0,0,-55.73695202949466,0,670.89355846606134,670.89355846606134,0,336.80701825344579,-40.259096508835569,222.94780811797864
0.00071700000000000008,55.854540168576698,-55.854540168576698,0,0,-55.854540168576698,0,458.1109156619558,458.1109156619558,0,128.85616355500329,-33.354180559940559,223.41816067430679
0.00071733333333333339,55.880051728318477,-55.880051728318477,0,0,-55.880051728318477,0,125.51758598349255,125.51758598349255,0,-21.62660884624032,-19.922859558884745,223.52020691327391
0.00071766666666666669,55.79808141197978,-39.938762523291032,-15.859318888688748,-15.859318888688748,-39.938762523291032,0,0,0,0,-101.22538800165773,-15.987006970905229,223.19232564791912
0.000718,55.723733546355383,-37.62891654909923,-18.094816997256149,-18.094816997256149,-37.62891654909923,0,0,0,0,-195.32775883298203,-17.826054804524659,222.89493418542153
0.00071833333333333341,55.649484745160862,-35.09905702744237,-20.550427717718495,-20.550427717718495,-35.09905702744237,0,0,0,0,-298.54787201915838,-19.263217342815846,222.59793898064345
0.00071866666666666672,55.575334876398323,-32.405380662354787,-23.169954214043539,-23.169954214043539,-32.405380662354787,0,0,0,0,-408.55871036114479,-20.266116372311224,222.30133950559329
0.00071900000000000002,55.501283808245752,-29.607775523509574,-25.893508284736175,-25.893508284736175,-29.607775523509574,0,0,0,0,-522.88028402606756,-20.812163569544886,222.00513523298301
0.00071933333333333333,55.427331409056791,-26.768470979757105,-28.65886042929969,-28.65886042929969,-26.768470979757105,0,0,0,0,-638.9355373029972,-20.889069258142428,221.70932563622716
0.00071966666666666674,55.353477547360491,-23.95063491318755,-31.402842634172945,-31.402842634172945,-23.95063491318755,0,0,0,0,-754.10844101215059,-20.495119007219124,221.41391018944196
0.00072000000000000005,55.279722091861075,0,-55.279722091861075,-55.279722091861075,0,0,0,0,0,-865.80296103907574,-19.639211845821684,221.1188883674443
0.00072033333333333335,55.244123158355073,0,-55.244123158355073,-55.244123158355073,0,235.22396083375043,0,0,235.22396083375043,-927.38780919399062,-2.1624418723236332,220.97649263342029
0.00072066666666666676,55.290026795517178,0,-55.290026795517178,-55.290026795517178,0,477.97330623297296,0,0,477.97330623297296,-889.06330683122906,15.725068458419173,221.16010718206871
0.00072100000000000007,55.408893540944,0,-55.408893540944,-55.408893540944,0,663.4503392890141,0,0,663.4503392890141,-758.4728276953598,30.496861375599082,221.635574163776
0.00072133333333333337,55.572168204093579,0,-55.572168204093579,-55.572168204093579,0,738.23462474348992,0,0,738.23462474348992,-561.43865069753906,39.245239060835758,222.28867281637432
0.00072166666666666668,55.73695602331253,0,-55.73695602331253,-55.73695602331253,0,670.87319381589464,0,0,670.87319381589464,-336.83802900974649,40.257226521344279,222.94782409325012
0.00072200000000000009,55.85454105685595,0,-55.85454105685595,-55.85454105685595,0,458.11343468602615,0,0,458.11343468602615,-128.89421375354848,33.353558462321232,223.4181642274238
0.0007223333333333334,55.880057641299906,0,-55.880057641299906,-55.880057641299906,0,125.54518540405587,0,0,125.54518540405587,21.588909421112167,19.923605203672512,223.52023056519963
0.0007226666666666667,55.798089307889015,-15.858395079099324,-39.939694228789691,-39.939694228789691,-15.858395079099324,0,0,0,0,101.18697021740374,15.986557183626385,223.19235723155606
0.00072300000000000001,55.723741431743754,-18.093843566923201,-37.629897864820549,-37.629897864820549,-18.093843566923201,0,0,0,0,195.28728465942433,17.825765684284207,222.89496572697502
0.00072333333333333342,55.649492620042388,-20.549426699271304,-35.100065920771087,-35.100065920771087,-20.549426699271304,0,0,0,0,298.50625385332739,19.263095400035027,222.59797048016955
0.00072366666666666673,55.575342740787001,-23.168948260950788,-32.406394479836216,-32.406394479836216,-23.168948260950788,0,0,0,0,408.5168863492878,20.266164348861111,222.301370963148
0.00072400000000000003,55.501291662155566,-25.892520160657401,-29.608771501498161,-29.608771501498161,-25.892520160657401,0,0,0,0,522.83919691619315,20.812380377096048,222.00516664862226
0.00072433333333333334,55.427339252501703,-28.657912494973662,-26.769426757528045,-26.769426757528045,-28.657912494973662,0,0,0,0,638.89611319455241,20.889450002852289,221.70935701000681
0.00072466666666666675,55.353485380354442,-31.401956343409058,-23.951529036945391,-23.951529036945391,-31.401956343409058,0,0,0,0,754.07156848183138,20.495655100196974,221.41394152141777
0.00072500000000000006,55.279729914417992,-55.279729914417992,0,0,-55.279729914417992,0,0,0,0,865.76947111327286,19.639891196877912,221.11891965767197
0.00072533333333333336,55.244127511598826,-55.244127511598826,0,0,-55.244127511598826,0,235.2039618295525,235.2039618295525,0,927.36123645227099,2.1642111148016454,220.9765100463953
0.00072566666666666667,55.290021992030873,-55.290021992030873,0,0,-55.290021992030873,0,477.9397065708207,477.9397065708207,0,889.04882579204207,-15.722557649497816,221.16008796812349
0.00072600000000000008,55.408876526280999,-55.408876526280999,0,0,-55.408876526280999,0,663.41223680867245,663.41223680867245,0,758.47322971969254,-30.494104141548036,221.63550610512399
0.00072633333333333339,55.572139162011489,-55.572139162011489,0,0,-55.572139162011489,0,738.20201161303748,738.20201161303748,0,561.4537917665067,-39.242779183559321,222.28855664804595
0.00072666666666666669,55.736918338656082,-55.736918338656082,0,0,-55.736918338656082,0,670.85497483265976,670.85497483265976,0,336.86485940236003,-40.25554864635842,222.94767335462433
0.000727,55.854500643691317,-55.854500643691317,0,0,-55.854500643691317,0,458.11566181958233,458.11566181958233,0,128.92738351989047,-33.352992082074493,223.41800257476527
0.00072733333333333341,55.880021769686465,-55.880021769686465,0,0,-55.880021769686465,0,125.56985835420261,125.56985835420261,0,-21.555989397400229,-19.924259423988122,223.52008707874586
0.00072766666666666672,55.798055267345951,-39.940489588615108,-15.85756567873084,-15.85756567873084,-39.940489588615108,0,0,0,0,-101.15333036744434,-15.986139757837663,223.19222106938381
0.00072800000000000002,55.723707436557838,-37.630739843063147,-18.092967593494688,-18.092967593494688,-37.630739843063147,0,0,0,0,-195.251713677438,-17.825489210415132,222.89482974623135
0.00072833333333333333,55.64945867015318,-35.100935153648592,-20.548523516504591,-20.548523516504591,-35.100935153648592,0,0,0,0,-298.4695536102181,-19.262966104251127,222.59783468061272
0.00072866666666666674,55.575308836134148,-32.407270990527422,-23.168037845606722,-23.168037845606722,-32.407270990527422,0,0,0,0,-408.47988413761993,-20.266185139587801,222.30123534453659
0.00072900000000000005,55.501257802678793,-29.609635150457329,-25.891622652221461,-25.891622652221461,-29.609635150457329,0,0,0,0,-522.8027268014614,-20.812550779595789,222.00503121071517
0.00072933333333333335,55.42730543814082,-26.770257696448901,-28.657047741691922,-28.657047741691922,-26.770257696448901,0,0,0,0,-638.86099721454366,-20.889766170062995,221.70922175256328
0.00072966666666666666,55.35345161104933,-23.952308156141992,-31.401143454907331,-31.401143454907331,-23.952308156141992,0,0,0,0,-754.03859811786231,-20.496109899584305,221.41380644419732
0.00073000000000000007,55.279696190108616,0,-55.279696190108616,-55.279696190108616,0,0,0,0,0,-865.7393894509438,-19.640474371340673,221.11878476043447
0.00073033333333333338,55.244090810206181,0,-55.244090810206181,-55.244090810206181,0,235.18648340874697,0,0,235.18648340874697,-927.3371501643212,-2.1657502276422775,220.97636324082472
0.00073066666666666668,55.289977338101181,0,-55.289977338101181,-55.289977338101181,0,477.91031551818412,0,0,477.91031551818412,-889.0352805121895,15.720365601220948,221.15990935240472
0.0007310000000000001,55.408821239572035,0,-55.408821239572035,-55.408821239572035,0,663.37887551594099,0,0,663.37887551594099,-758.47269364511999,30.491691417879849,221.63528495828814
0.0007313333333333334,55.572073392622045,0,-55.572073392622045,-55.572073392622045,0,738.17342315224153,0,0,738.17342315224153,-561.46616743047616,39.24062159350197,222.28829357048818
0.00073166666666666671,55.736845040699038,0,-55.736845040699038,-55.736845040699038,0,670.83896896369356,0,0,670.83896896369356,-336.88750405767951,40.254071242700064,222.94738016279615
0.00073200000000000001,55.854424992941475,0,-55.854424992941475,-55.854424992941475,0,458.11756660927722,0,0,458.11756660927722,-128.95563389841348,33.352484950673357,223.4176999717659
0.00073233333333333343,55.879950140818202,0,-55.879950140818202,-55.879950140818202,0,125.59146417421158,0,0,125.59146417421158,21.527892133137446,19.924820251421256,223.51980056327281
0.00073266666666666673,55.797985299373401,-15.856835128353421,-39.941150171019984,-39.941150171019984,-15.856835128353421,0,0,0,0,101.12452788628408,15.985759385284377,223.19194119749361
0.00073300000000000004,55.723637561813753,-18.092194124493485,-37.631443437320264,-37.631443437320264,-18.092194124493485,0,0,0,0,195.22113061840423,17.8252297809045,222.89455024725501
0.00073333333333333334,55.649388888513336,-20.547723777533474,-35.101665110979866,-35.101665110979866,-20.547723777533474,0,0,0,0,298.43787940716084,19.262833460571485,222.59755555405334
0.00073366666666666676,55.575239147474491,-23.167229077833849,-32.408010069640639,-32.408010069640639,-23.167229077833849,0,0,0,0,408.44783279143735,20.266182266457268,222.30095658989796
0.00073400000000000006,55.501188206875433,-25.890822300676991,-29.610365906198439,-29.610365906198439,-25.890822300676991,0,0,0,0,522.77102078506971,20.812677736501001,222.00475282750173
0.00073433333333333337,55.427235935070023,-28.656273062036295,-26.770962873033724,-26.770962873033724,-28.656273062036295,0,0,0,0,638.83035118753673,20.890020090037179,221.70894374028009
0.00073466666666666667,55.353382200587539,-31.400411124484155,-23.952971076103381,-23.952971076103381,-31.400411124484155,0,0,0,0,754.00970281795128,20.496485053949485,221.41352880235016
0.00073500000000000008,55.27962687213244,-55.27962687213244,0,0,-55.27962687213244,0,0,0,0,865.71289612526493,19.640962298952026,221.11850748852976
0.00073533333333333339,55.244019005678922,-55.244019005678922,0,0,-55.244019005678922,0,235.17156278963492,235.17156278963492,0,927.31572850868645,2.167057610298194,220.97607602271569
0.0007356666666666667,55.289898795217717,-55.289898795217717,0,0,-55.289898795217717,0,477.88520173409302,477.88520173409302,0,889.0228338675056,-15.71849612976429,221.15959518087087
0.000736,55.408733660646128,-55.408733660646128,0,0,-55.408733660646128,0,663.35034170325252,663.35034170325252,0,758.47135664945279,-30.489628484775352,221.63493464258451
0.00073633333333333341,55.571976896859674,-55.571976896859674,0,0,-55.571976896859674,0,738.14894419155019,738.14894419155019,0,561.47588383454604,-39.23877199537381,222.2879075874387
0.00073666666666666672,55.736742147519571,-55.736742147519571,0,0,-55.736742147519571,0,670.82523898347131,670.82523898347131,0,336.9060388582792,-40.252799318374258,222.94696859007828
0.00073700000000000002,55.854320129332585,-55.854320129332585,0,0,-55.854320129332585,0,458.11917176689997,458.11917176689997,0,128.97901721833844,-33.352040398641066,223.41728051733034
0.00073733333333333333,55.879848770530103,-55.879848770530103,0,0,-55.879848770530103,0,125.60997366624309,125.60997366624309,0,-21.504577547003269,-19.925288692988548,223.51939508212041
0.00073766666666666674,55.797885408144154,-39.941679688644314,-15.85620571949984,-15.85620571949984,-39.941679688644314,0,0,0,0,-101.10053332121967,-15.985418639474663,223.19154163257662
0.00073800000000000005,55.72353780368406,-37.632012004273044,-18.09152579941102,-18.09152579941102,-37.632012004273044,0,0,0,0,-195.19552060478807,-17.824990059425659,222.89415121473624
0.00073833333333333335,55.649289263305846,-35.102258785423857,-20.547030477882,-20.547030477882,-35.102258785423857,0,0,0,0,-298.41123127654578,-19.262700162790118,222.59715705322338
0.00073866666666666666,55.575139655012094,-32.408614345864855,-23.166525309147236,-23.166525309147236,-32.408614345864855,0,0,0,0,-408.42074725171875,-20.266158392663126,222.30055862004838
0.00073900000000000007,55.501088846981254,-29.610966041606979,-25.890122805374279,-25.890122805374279,-29.610966041606979,0,0,0,0,-522.74410837919993,-20.812763820376098,222.00435538792502
0.00073933333333333338,55.427136707567428,-26.771544220460807,-28.65559248710662,-28.65559248710662,-26.771544220460807,0,0,0,0,-638.80421853110158,-20.890214186726524,221.70854683026971
0.00073966666666666668,55.353283105300122,-23.95351941396385,-31.399763691336272,-31.399763691336272,-23.95351941396385,0,0,0,0,-753.98493892583133,-20.496782784000104,221.41313242120049
0.0007400000000000001,55.279527908884027,0,-55.279527908884027,-55.279527908884027,0,0,0,0,0,-865.69005913558351,-19.641356947127562,221.11811163553611
0.0007403333333333334,55.243918032966363,0,-55.243918032966363,-55.243918032966363,0,235.15916846069535,0,0,235.15916846069535,-927.29705404282902,-2.1681364481440752,220.97567213186545
0.00074066666666666671,55.289792276242281,0,-55.289792276242281,-55.289792276242281,0,477.86431379551618,0,0,477.86431379551618,-889.01158807406318,15.716945462764741,221.15916910496912
0.00074100000000000001,55.408619675945737,0,-55.408619675945737,-55.408619675945737,0,663.32657781083071,0,0,663.32657781083071,-758.46934180888195,30.487911731881923,221.63447870378295
0.00074133333333333343,55.571855534994512,0,-55.571855534994512,-55.571855534994512,0,738.12852425392509,0,0,738.12852425392509,-561.48308197012625,39.237227659383564,222.28742213997805
0.00074166666666666673,55.736615497403399,0,-55.736615497403399,-55.736615497403399,0,670.81375154383352,0,0,670.81375154383352,-336.92061619386402,40.251731569869264,222.9464619896136
0.00074200000000000004,55.854191875877497,0,-55.854191875877497,-55.854191875877497,0,458.12046595865831,0,0,458.12046595865831,-128.99768846075327,33.351658813548426,223.41676750350999
0.00074233333333333334,55.879723473882251,0,-55.879723473882251,-55.879723473882251,0,125.62539627271366,0,0,125.62539627271366,21.485897428045607,19.925666758858018,223.518893895529
0.00074266666666666676,55.797761401472719,-15.855677055073095,-39.942084346399625,-39.942084346399625,-15.855677055073095,0,0,0,0,101.08120994282417,15.985119637386951,223.19104560589088
0.00074300000000000006,55.723413962244678,-18.090962537529744,-37.63245142471493,-37.63245142471493,-18.090962537529744,0,0,0,0,195.17476016469269,17.824772692721876,222.89365584897871
0.00074333333333333337,55.649165586878354,-20.546443920392353,-35.102721666486005,-35.102721666486005,-20.546443920392353,0,0,0,0,298.3895017866015,19.26256932773434,222.59666234751342
0.00074366666666666667,55.575016143376615,-23.165927284393515,-32.409088858983097,-32.409088858983097,-23.165927284393515,0,0,0,0,408.39853854774628,20.266117034842381,222.30006457350646
0.00074400000000000009,55.500965499918216,-25.889525401556707,-29.611440098361506,-29.611440098361506,-25.889525401556707,0,0,0,0,522.72192107889362,20.812812868384285,222.00386199967286
0.00074433333333333339,55.427013524857543,-28.655007779792644,-26.772005745064902,-26.772005745064902,-28.655007779792644,0,0,0,0,638.78255274935213,20.890352531315312,221.70805409943017
0.0007446666666666667,55.353160086724401,-31.399203471267651,-23.953956615456747,-23.953956615456747,-31.399203471267651,0,0,0,0,753.96428300184073,20.497007303164946,221.4126403468976
0.000745,55.279405054223773,-55.279405054223773,0,0,-55.279405054223773,0,0,0,0,865.6708786258697,19.641662576561455,221.11762021689509
0.00074533333333333342,55.243793626384253,-55.243793626384253,0,0,-55.243793626384253,0,235.14923278334476,235.14923278334476,0,927.28116003596676,2.1689942062174836,220.97517450553701
0.00074566666666666672,55.28966347768133,-55.28966347768133,0,0,-55.28966347768133,0,477.84754344008979,477.84754344008979,0,889.00162347922094,-15.715704401353008,221.15865391072532
0.00074600000000000003,55.408484936156434,-55.408484936156434,0,0,-55.408484936156434,0,663.30746831347096,663.30746831347096,0,758.46678121768025,-30.48653204191379,221.63393974462574
0.00074633333333333333,55.571714915147865,-55.571714915147865,0,0,-55.571714915147865,0,738.11207364113716,738.11207364113716,0,561.4879401309762,-39.235981350262449,222.28685966059146
0.00074666666666666675,55.736470669213823,-55.736470669213823,0,0,-55.736470669213823,0,670.80446903209338,670.80446903209338,0,336.93144588682981,-40.250864072603633,222.94588267685529
0.00074700000000000005,55.854045802327789,-55.854045802327789,0,0,-55.854045802327789,0,458.12147788170637,458.12147788170637,0,129.01186808274591,-33.351340355436562,223.41618320931116
0.00074733333333333336,55.879579833937015,-55.879579833937015,0,0,-55.879579833937015,0,125.6378263752859,125.6378263752859,0,-21.471643669099567,-19.925958659775699,223.51831933574806
0.00074766666666666666,55.797618860618662,-39.942371791736718,-15.855247068881944,-15.855247068881944,-39.942371791736718,0,0,0,0,-101.06635660580594,-15.984862800944519,223.19047544247465
0.00074800000000000008,55.723271611318445,-37.632769231057878,-18.090502380260563,-18.090502380260563,-37.632769231057878,0,0,0,0,-195.15865275497094,-17.824578912517183,222.89308644527378
0.00074833333333333338,55.649023425626879,-35.103061064582313,-20.545962361044563,-20.545962361044563,-35.103061064582313,0,0,0,0,-298.37250342634525,-19.262442969132163,222.59609370250752
0.00074866666666666669,55.574874171547165,-32.409440595382861,-23.1654335761643,-23.1654335761643,-32.409440595382861,0,0,0,0,-408.38103242695018,-20.266060943304538,222.29949668618866
0.00074899999999999999,55.500823717258399,-29.611794644012882,-25.889029073245521,-25.889029073245521,-29.611794644012882,0,0,0,0,-522.70430181721792,-20.812828305392912,222.0032948690336
0.00074933333333333341,55.426871931115301,-26.772353510113255,-28.654518421002049,-28.654518421002049,-26.772353510113255,0,0,0,0,-638.76521750068162,-20.890439146002656,221.7074877244612
0.00074966666666666671,55.35301868164801,-23.954288165405714,-31.398730516242292,-31.398730516242292,-23.954288165405714,0,0,0,0,-753.94762250208203,-20.497163140287672,221.41207472659204
0.00075000000000000002,55.279263837561842,0,-55.279263837561842,-55.279263837561842,0,0,0,0,0,-865.65526838577864,-19.641884120638327,221.11705535024737
0.00075033333333333343,55.24365128750425,0,-55.24365128750425,-55.24365128750425,0,235.14163782568974,0,0,235.14163782568974,-927.26800500539468,-2.1696417836260338,220.974605150017
0.00075066666666666673,55.289517840084415,0,-55.289517840084415,-55.289517840084415,0,477.83469428875333,0,0,477.83469428875333,-888.99297096737109,15.714758229780131,221.15807136033766
0.00075100000000000004,55.408334803405026,0,-55.408334803405026,-55.408334803405026,0,663.2927917981134,0,0,663.2927917981134,-758.46379148297285,30.485473788852914,221.6333392136201
0.00075133333333333335,55.571560322308912,0,-55.571560322308912,-55.571560322308912,0,738.09940265245518,0,0,738.09940265245518,-561.49065706768977,39.235019619150563,222.28624128923565
0.00075166666666666676,55.736312889971067,0,-55.736312889971067,-55.736312889971067,0,670.79728228841896,0,0,670.79728228841896,-336.93878902294375,40.250188211465542,222.94525155988427
0.00075200000000000006,55.853887110440439,0,-55.853887110440439,-55.853887110440439,0,458.1222101511886,0,0,458.1222101511886,-129.02184738956797,33.351082942411793,223.41554844176176
0.00075233333333333337,55.879423066403376,0,-55.879423066403376,-55.879423066403376,0,125.64738581811736,0,0,125.64738581811736,21.461532809460923,19.926169253005821,223.5176922656135
0.00075266666666666667,55.797463003033911,-15.854911700631845,-39.942551302402066,-39.942551302402066,-15.854911700631845,0,0,0,0,101.05569711815137,15.984648155624036,223.18985201213565
0.00075300000000000009,55.723115961405327,-18.09014134267019,-37.632974618735133,-37.632974618735133,-18.09014134267019,0,0,0,0,195.14692543740412,17.824409862487997,222.89246384562131
0.00075333333333333339,55.64886798310868,-20.545582038814931,-35.103285944293745,-35.103285944293745,-20.545582038814931,0,0,0,0,298.35997266342048,19.262323323035119,222.59547193243472
0.0007536666666666667,55.574718936147548,-23.165040790762408,-32.409678145385143,-32.409678145385143,-23.165040790762408,0,0,0,0,408.36798070263967,20.265993396029813,222.29887574459019
0.000754,55.500668688701388,-25.888630929123291,-29.612037759578094,-29.612037759578094,-25.888630929123291,0,0,0,0,522.69102334680861,20.812814377380779,222.00267475480555
0.00075433333333333342,55.426717109125292,-28.654122145442894,-26.772594963682394,-26.772594963682394,-28.654122145442894,0,0,0,0,638.75201159850008,20.890479149019534,221.70686843650117
0.00075466666666666672,55.352864065949767,-31.3983432964455,-23.954520769504267,-23.954520769504267,-31.3983432964455,0,0,0,0,753.93478683455339,20.497256170447848,221.41145626379907
0.00075500000000000003,55.279109427880492,-55.279109427880492,0,0,-55.279109427880492,0,0,0,0,865.64309226190392,19.642028078827536,221.11643771152197
0.00075533333333333333,55.243496153727186,-55.243496153727186,0,0,-55.243496153727186,0,235.13624169255431,235.13624169255431,0,927.25751014977902,2.1700929826065547,220.97398461490874
0.00075566666666666675,55.289360429740498,-55.289360429740498,0,0,-55.289360429740498,0,477.82553248605393,477.82553248605393,0,888.98564267569907,-15.714088561315165,221.15744171896199
0.00075600000000000005,55.408174253143486,-55.408174253143486,0,0,-55.408174253143486,0,663.28228910364851,663.28228910364851,0,758.46049133771237,-30.484717628861517,221.63269701257394
0.00075633333333333336,55.571396644570491,-55.571396644570491,0,0,-55.571396644570491,0,738.09029697199753,738.09029697199753,0,561.49145273191778,-39.234325982433944,222.28558657828196
0.00075666666666666666,55.736146985886108,-55.736146985886108,0,0,-55.736146985886108,0,670.79208157885171,670.79208157885171,0,336.94294142551314,-40.249693613801782,222.94458794354443
0.00075700000000000008,55.853720606456932,-55.853720606456932,0,0,-55.853720606456932,0,458.12269509698058,458.12269509698058,0,129.02795778046814,-33.350884352960009,223.41488242582773
0.00075733333333333338,55.879258007080068,-55.879258007080068,0,0,-55.879258007080068,0,125.65425679693186,125.65425679693186,0,-21.455245136653875,-19.926304893965828,223.51703202832027
0.00075766666666666669,55.797298670403073,-39.942632932913611,-15.854665737489466,-15.854665737489466,-39.942632932913611,0,0,0,0,-101.04891535042283,-15.984474432993208,223.18919468161229
0.00075799999999999999,55.722951847738656,-37.633077722207702,-18.089874125530951,-18.089874125530951,-37.633077722207702,0,0,0,0,-195.13925862524835,-17.824265568770631,222.89180739095463
0.00075833333333333341,55.648704088114421,-35.10340634608275,-20.545297742031675,-20.545297742031675,-35.10340634608275,0,0,0,0,-298.35159365760478,-19.262211709506364,222.59481635245768
0.00075866666666666671,55.574555259534328,-32.409811283565418,-23.164743975968914,-23.164743975968914,-32.409811283565418,0,0,0,0,-408.35907840019928,-20.265916977200554,222.29822103813731
0.00075900000000000002,55.500505230178227,-29.612178787785048,-25.888326442393176,-25.888326442393176,-29.612178787785048,0,0,0,0,-522.68179843253608,-20.812774874348921,222.00202092071291
0.00075933333333333343,55.426553868401598,-26.772738860360388,-28.653815008041217,-28.653815008041217,-26.772738860360388,0,0,0,0,-638.74267202090391,-20.890477450707628,221.70621547360639
0.00075966666666666674,55.352701042735333,-23.954662451099516,-31.398038591635814,-31.398038591635814,-23.954662451099516,0,0,0,0,-753.92554311827212,-20.49729231360006,221.41080417094133
0.00076000000000000004,55.278946621885495,0,-55.278946621885495,-55.278946621885495,0,0,0,0,0,-865.63415276224327,-19.642101247216033,221.11578648754198
0.00076033333333333335,55.243332985004947,0,-55.243332985004947,-55.243332985004947,0,235.13286922803889,0,0,235.13286922803889,-927.24954221786481,-2.1703637470389623,220.97333194001979
0.00076066666666666676,55.289195920369657,0,-55.289195920369657,-55.289195920369657,0,477.81976543699523,0,0,477.81976543699523,-888.97961240946472,15.713673445996548,221.15678368147863
0.00076100000000000007,55.408007846714163,0,-55.408007846714163,-55.408007846714163,0,663.27562980646462,0,0,663.27562980646462,-758.45698334232623,30.484239938131964,221.63203138685665
0.00076133333333333337,55.571228332793872,0,-55.571228332793872,-55.571228332793872,0,738.08447405800325,0,0,738.08447405800325,-561.49055472046041,39.233879806262877,222.28491333117549
0.00076166666666666668,55.735977326427609,0,-55.735977326427609,-55.735977326427609,0,670.78870705819031,0,0,670.78870705819031,-336.94422732964722,40.249366706760981,222.94390930571043
0.00076200000000000009,55.853550628492698,0,-55.853550628492698,-55.853550628492698,0,458.12294466006858,0,0,458.12294466006858,-129.03057268000421,33.350740746992386,223.41420251397079
0.0007623333333333334,55.87908902332741,0,-55.87908902332741,-55.87908902332741,0,125.65863667839398,0,0,125.65863667839398,21.45241513481179,19.926372218906163,223.51635609330964
0.0007626666666666667,55.7971302385223,-15.854502628182615,-39.942627610339684,-39.942627610339684,-15.854502628182615,0,0,0,0,101.04564939285984,15.984340085733892,223.1885209540892
0.00076300000000000001,55.722783640284071,-18.089694066720714,-37.633089573563353,-37.633089573563353,-18.089694066720714,0,0,0,0,195.13528592388977,17.824145967165428,222.89113456113628
0.00076333333333333342,55.648536104786992,-20.545102897150304,-35.103433207636691,-35.103433207636691,-20.545102897150304,0,0,0,0,298.3470037883792,19.262109548851537,222.59414441914797
0.00076366666666666673,55.574387500035421,-23.164536844174275,-32.409850655861142,-32.409850655861142,-23.164536844174275,0,0,0,0,408.35397484674729,20.265834559552758,222.29755000014168
0.00076400000000000003,55.500337694209598,-25.888109802219152,-29.61222789199045,-29.61222789199045,-25.888109802219152,0,0,0,0,522.67629625305813,20.81271405665138,222.00135077683839
0.00076433333333333334,55.426386555665403,-28.653591854753014,-26.772794700912392,-26.772794700912392,-28.653591854753014,0,0,0,0,638.73689525420559,20.890439602951556,221.70554622266161
0.00076466666666666675,55.352533952934124,-31.397812069702713,-23.954721883231411,-23.954721883231411,-31.397812069702713,0,0,0,0,753.9196219874857,20.497278287963987,221.4101358117365
0.00076500000000000005,55.27877975472223,-55.27877975472223,0,0,-55.27877975472223,0,0,0,0,865.62822073926475,19.642111358878211,221.11511901888892
0.00076533333333333336,55.243166078172543,-55.243166078172543,0,0,-55.243166078172543,0,235.13133304058306,235.13133304058306,0,927.24394359058022,2.1704716638317407,220.97266431269017
0.00076566666666666667,55.28902851787123,-55.28902851787123,0,0,-55.28902851787123,0,477.81708197877208,477.81708197877208,0,888.97483997468919,-15.713488906405928,221.15611407148492
0.00076600000000000008,55.407839672028345,-55.407839672028345,0,0,-55.407839672028345,0,663.2724658818139,663.2724658818139,0,758.45336747560077,-30.484015078490472,221.63135868811338
0.00076633333333333338,55.571059360357651,-55.571059360357651,0,0,-55.571059360357651,0,738.08164197944575,738.08164197944575,0,561.48819827698162,-39.233658850135072,222.28423744143061
0.00076666666666666669,55.735807803288836,-55.735807803288836,0,0,-55.735807803288836,0,670.7870034575983,670.7870034575983,0,336.9429856559384,-40.249193032081223,222.94323121315534
0.000767,55.853381041852217,-55.853381041852217,0,0,-55.853381041852217,0,458.12299244397559,458.12299244397559,0,129.03008267986903,-33.350648290589746,223.41352416740887
0.00076733333333333341,55.878920020415549,-55.878920020415549,0,0,-55.878920020415549,0,125.66076144561185,125.66076144561185,0,-21.452662658971892,-19.926378755275653,223.5156800816622
0.00076766666666666671,55.796961623966304,-39.94254645643656,-15.854415167529744,-15.854415167529744,-39.94254645643656,0,0,0,0,-101.04551977302052,-15.984242638379772,223.18784649586522
0.00076800000000000002,55.722615250397666,-37.633021519121577,-18.089593731276086,-18.089593731276086,-37.633021519121577,0,0,0,0,-195.13461843708356,-17.824050146945901,222.89046100159067
0.00076833333333333343,55.64836793927082,-35.103377888161518,-20.544990051109298,-20.544990051109298,-35.103377888161518,0,0,0,0,-298.34581350204604,-19.26201751554871,222.59347175708328
0.00076866666666666674,55.574219558590521,-32.409807422347384,-23.16441213624314,-23.16441213624314,-32.409807422347384,0,0,0,0,-408.35228861194605,-20.26574838750145,222.29687823436208
0.00076900000000000004,55.500169976537407,-29.612195825559645,-25.887974150977758,-25.887974150977758,-29.612195825559645,0,0,0,0,-522.67415209874787,-20.812635687985768,222.00067990614963
0.00076933333333333335,55.426219061467762,-26.772772633532512,-28.653446427935254,-28.653446427935254,-26.772772633532512,0,0,0,0,-638.73434152959419,-20.89037080383363,221.70487624587105
0.00076966666666666676,55.352366681913267,-23.954708424051809,-31.397658257861462,-31.397658257861462,-23.954708424051809,0,0,0,0,-753.9167162717888,-20.497220608780282,221.40946672765307
0.00077000000000000007,55.27861270658078,0,-55.27861270658078,-55.27861270658078,0,0,0,0,0,-865.6250285434586,-19.6420660993019,221.11445082632312
0.00077033333333333337,55.242999272601196,0,-55.242999272601196,-55.242999272601196,0,235.13142734073057,0,0,235.13142734073057,-927.2405208207208,-2.1704353138151262,220.97199709040478
0.00077066666666666668,55.288861962551358,0,-55.288861962551358,-55.288861962551358,0,477.81713777365576,0,0,477.81713777365576,-888.9712573518101,15.713509126667503,221.15544785020543
0.00077100000000000009,55.407673339408902,0,-55.407673339408902,-55.407673339408902,0,663.27240804638677,0,0,663.27240804638677,-758.44972763671342,30.48401509286623,221.63069335763561
0.0007713333333333334,55.570893209759646,0,-55.570893209759646,-55.570893209759646,0,738.08146790116973,0,0,738.08146790116973,-561.48461572933354,39.2336385332151,222.28357283903858
0.0007716666666666667,55.7356418055655,0,-55.7356418055655,-55.7356418055655,0,670.78678346815809,0,0,670.78678346815809,-336.93956438599844,40.24915623264792,222.942567222262
0.00077200000000000001,55.853215201708771,0,-55.853215201708771,-55.853215201708771,0,458.12285577060618,0,0,458.12285577060618,-129.02689585494832,33.350602067553879,223.41286080683508
0.00077233333333333342,55.878754391958061,0,-55.878754391958061,-55.878754391958061,0,125.66087047166235,0,0,125.66087047166235,21.455586874950573,19.926331977791349,223.51501756783225
0.00077266666666666673,55.796796233207466,-15.854395393864507,-39.942400839342959,-39.942400839342959,-15.854395393864507,0,0,0,0,101.04812625338815,15.984179478527128,223.18718493282987
0.00077300000000000003,55.722450080012898,-18.089564915460169,-37.632885164552732,-37.632885164552732,-18.089564915460169,0,0,0,0,195.13684597965283,17.823977146088829,222.88980032005159
0.00077333333333333334,55.648202988966482,-20.544950981372249,-35.103252007594236,-35.103252007594236,-20.544950981372249,0,0,0,0,298.34761191200556,19.261936319572698,222.59281195586593
0.00077366666666666675,55.574054828073365,-23.164361834474175,-32.409692993599187,-32.409692993599187,-23.164361834474175,0,0,0,0,408.35361736944503,20.265660826948228,222.29621931229346
0.00077400000000000006,55.500005465514583,-25.887911894760254,-29.612093570754332,-29.612093570754332,-25.887911894760254,0,0,0,0,522.6749812718457,20.812543736784246,222.00002186205833
0.00077433333333333336,55.426054769646797,-28.653371766816679,-26.772683002830117,-26.772683002830117,-28.653371766816679,0,0,0,0,638.73465244851513,20.890276534800446,221.70421907858719
0.00077466666666666667,55.352202609002092,-31.397571023492606,-23.954631585509485,-23.954631585509485,-31.397571023492606,0,0,0,0,753.91650194929264,20.497126146893201,221.40881043600837
0.00077500000000000008,55.27844885228771,-55.27844885228771,0,0,-55.27844885228771,0,0,0,0,865.62429383186225,19.641973573799362,221.11379540915084
0.00077533333333333339,55.242835902605933,-55.242835902605933,0,0,-55.242835902605933,0,235.1329444448362,235.1329444448362,0,927.23906855090888,2.1702738434464592,220.97134361042373
0.00077566666666666669,55.288699489662328,-55.288699489662328,0,0,-55.288699489662328,0,477.81958671083009,477.81958671083009,0,888.96878790768005,-15.713707689368221,221.15479795864931
0.000776,55.407511954526797,-55.407511954526797,0,0,-55.407511954526797,0,663.27506750683972,663.27506750683972,0,758.44614228065018,-30.484211503543065,221.63004781810719
0.00077633333333333341,55.57073286032189,-55.57073286032189,0,0,-55.57073286032189,0,738.08362358404247,738.08362358404247,0,561.4800363892316,-39.233793935479497,222.28293144128756
0.00077666666666666672,55.735482222238289,-55.735482222238289,0,0,-55.735482222238289,0,670.78786966080304,670.78786966080304,0,336.93430970591385,-40.249239858022463,222.94192888895316
0.00077700000000000002,55.853055968010452,-55.853055968010452,0,0,-55.853055968010452,0,458.12256740369378,458.12256740369378,0,129.02141827201334,-33.350597329726597,223.41222387204181
0.00077733333333333333,55.878595042992188,-55.878595042992188,0,0,-55.878595042992188,0,125.65922345586233,125.65922345586233,0,-21.460790543242329,-19.926239754117223,223.51438017196875
0.00077766666666666674,55.796636985850228,-39.942201851646033,-15.854435134204198,-15.854435134204198,-39.942201851646033,0,0,0,0,-101.05306993264993,-15.984147385765269,223.18654794340091
0.00077800000000000005,55.722291044843978,-37.632691921916816,-18.089599122927158,-18.089599122927158,-37.632691921916816,0,0,0,0,-195.14155632251655,-17.823925396029953,222.88916417937591
0.00077833333333333335,55.648044165703148,-35.103067073083217,-20.544977092619934,-20.544977092619934,-35.103067073083217,0,0,0,0,-298.35198275385414,-19.261866079494933,222.59217666281259
0.00077866666666666676,55.573896216433269,-32.409518745290789,-23.164377471142483,-23.164377471142483,-32.409518745290789,0,0,0,0,-408.35755020254459,-20.26557368085896,222.29558486573308
0.00077900000000000007,55.499847065215747,-29.611932148141086,-25.887914917074657,-25.887914917074657,-29.611932148141086,0,0,0,0,-522.67838746546079,-20.812441649698631,221.99938826086299
0.00077933333333333338,55.425896580407624,-26.77253625860039,-28.653360321807238,-28.653360321807238,-26.77253625860039,0,0,0,0,-638.73745524629987,-20.890161808433263,221.7035863216305
0.00077966666666666668,55.35204463054135,-23.954501043795162,-31.397543586746192,-31.397543586746192,-23.954501043795162,0,0,0,0,-753.91863819894456,-20.497001367763048,221.4081785221654
0.00078000000000000009,55.278291084324557,0,-55.278291084324557,-55.278291084324557,0,0,0,0,0,-865.62571540806209,-19.641841554915295,221.11316433729823
0.0007803333333333334,55.242678819787301,0,-55.242678819787301,-55.242678819787301,0,235.13567050602791,0,0,235.13567050602791,-927.23936175457902,-2.1700064430696813,220.9707152791492
0.0007806666666666667,55.288543849310521,0,-55.288543849310521,-55.288543849310521,0,477.82407053059433,0,0,477.82407053059433,-888.96733662551924,15.714057766117904,221.15417539724208
0.00078100000000000001,55.407358133702743,0,-55.407358133702743,-55.407358133702743,0,663.28003884695374,0,0,663.28003884695374,-758.44267460649428,30.484575136879016,221.62943253481097
0.00078133333333333342,55.57058079672877,0,-55.57058079672877,-55.57058079672877,0,738.08776223801215,0,0,738.08776223801215,-561.47467865922442,39.2340992944427,222.28232318691508
0.00078166666666666673,55.735331442233473,0,-55.735331442233473,-55.735331442233473,0,670.79006720299299,0,0,670.79006720299299,-336.92756159477051,40.249426636001573,222.94132576893389
0.00078200000000000003,55.852905696133483,0,-55.852905696133483,-55.852905696133483,0,458.1221468464247,0,0,458.1221468464247,-129.01405391566155,33.350628690787019,223.41162278453393
0.00078233333333333334,55.878444371264763,0,-55.878444371264763,-55.878444371264763,0,125.65607330183701,0,0,125.65607330183701,21.46787577612233,19.926109623650355,223.51377748505905
0.00078266666666666675,55.796486294858326,-15.854525945327165,-39.941960349531158,-39.941960349531158,-15.854525945327165,0,0,0,0,101.05995120877296,15.984143144744284,223.1859451794333
0.00078300000000000006,55.722140554639509,-18.089687588297533,-37.632452966341972,-37.632452966341972,-18.089687588297533,0,0,0,0,195.14833657178005,17.823893336046218,222.88856221855804
0.00078333333333333336,55.647893876018578,-20.545059522065952,-35.10283435395263,-35.10283435395263,-20.545059522065952,0,0,0,0,298.35850914926482,19.261806924331651,222.59157550407431
0.00078366666666666667,55.573746127001414,-23.164450312956024,-32.409295814045379,-32.409295814045379,-23.164450312956024,0,0,0,0,408.36367564534811,20.265488765012364,222.29498450800565
0.00078400000000000008,55.499697175769782,-25.887974838060398,-29.611722337709388,-29.611722337709388,-25.887974838060398,0,0,0,0,522.68397390060784,20.812332888272778,221.99878870307913
0.00078433333333333339,55.425746890681076,-28.653404282403013,-26.772342608278066,-26.772342608278066,-28.653404282403013,0,0,0,0,638.74237677392648,20.89003165394876,221.7029875627243
0.00078466666666666669,55.351895140268105,-31.397568909521762,-23.954326230746346,-23.954326230746346,-31.397568909521762,0,0,0,0,753.92278391174034,20.496852754853858,221.40758056107242
0.000785,55.278141793238852,-55.278141793238852,0,0,-55.278141793238852,0,0,0,0,865.62899189058146,19.641677834160632,221.11256717295541
0.00078533333333333341,55.242530375576614,-55.242530375576614,0,0,-55.242530375576614,0,235.13939816739259,235.13939816739259,0,927.24117444632714,2.1696520103194672,220.97012150230645
0.00078566666666666672,55.288397295206806,-55.288397295206806,0,0,-55.288397295206806,0,477.83024287077671,477.83024287077671,0,888.96680516073764,-15.714533074129378,221.15358918082723
0.00078600000000000002,55.407214002118558,-55.407214002118558,0,0,-55.407214002118558,0,663.28693194882874,663.28693194882874,0,758.43938099551053,-30.485077508692626,221.62885600847423
0.00078633333333333333,55.570439018494042,-55.570439018494042,0,0,-55.570439018494042,0,738.09355323862565,738.09355323862565,0,561.46875021002711,-39.234529543276068,222.28175607397617
0.00078666666666666674,55.735191375123144,-55.735191375123144,0,0,-55.735191375123144,0,670.79319573664964,670.79319573664964,0,336.91964574346321,-40.249699857239165,222.94076550049257
0.00078700000000000005,55.852766266979529,-55.852766266979529,0,0,-55.852766266979529,0,458.1216243084682,458.1216243084682,0,129.00518999497709,-33.350691081686008,223.41106506791812
0.00078733333333333335,55.878304303439634,-55.878304303439634,0,0,-55.878304303439634,0,125.65167866723954,125.65167866723954,0,-21.47646237952657,-19.925949133241108,223.51321721375854
0.00078766666666666677,55.796346102833645,-39.941686566940575,-15.85465953589307,-15.85465953589307,-39.941686566940575,0,0,0,0,-101.06838651297366,-15.984163200222037,223.18538441133458
0.00078800000000000007,55.722000549412968,-37.632178900827483,-18.089821648585481,-18.089821648585481,-37.632178900827483,0,0,0,0,-195.15678780494451,-17.823879004437401,222.88800219765187
0.00078833333333333338,55.647754057341274,-35.102564605111752,-20.545189452229526,-20.545189452229526,-35.102564605111752,0,0,0,0,-298.36678581461274,-19.261758530077707,222.5910162293651
0.00078866666666666668,55.573606494624784,-32.409034886090723,-23.164571608534064,-23.164571608534064,-32.409034886090723,0,0,0,0,-408.37159118871233,-20.265407400335079,222.29442597849913
0.0007890000000000001,55.499557729445591,-29.611474537941923,-25.888083191503672,-25.888083191503672,-29.611474537941923,0,0,0,0,-522.69134991532269,-20.812220388523702,221.99823091778237
0.0007893333333333334,55.425607630161423,-26.77211195000308,-28.653495680158347,-28.653495680158347,-26.77211195000308,0,0,0,0,-638.74904702189542,-20.889890556209014,221.70243052064569
0.00078966666666666671,55.351756065305416,-23.954116342820132,-31.397639722485284,-31.397639722485284,-23.954116342820132,0,0,0,0,-753.928598070053,-20.496686240718187,221.40702426122166
0.00079000000000000001,55.278002903585879,0,-55.278002903585879,-55.278002903585879,0,0,0,0,0,-865.6338189392402,-19.641489657996061,221.11201161434352
0.00079033333333333343,55.242392456640943,0,-55.242392456640943,-55.242392456640943,0,235.14392333471153,0,0,235.14392333471153,-927.24427421091866,-2.1692287590619301,220.96956982656377
0.00079066666666666673,55.288261618208892,0,-55.288261618208892,-55.288261618208892,0,477.83776143523437,0,0,477.83776143523437,-888.96708486236071,15.715108019142889,221.15304647283557
0.00079100000000000004,55.407081223859514,0,-55.407081223859514,-55.407081223859514,0,663.29535908496382,0,0,663.29535908496382,-758.43630400053542,30.48569069308337,221.62832489543806
0.00079133333333333334,55.570309064877435,0,-55.570309064877435,-55.570309064877435,0,738.10066466955368,0,0,738.10066466955368,-561.46244240663896,39.235059933885822,222.28123625950974
0.00079166666666666676,55.735063469622489,0,-55.735063469622489,-55.735063469622489,0,670.79706879327011,0,0,670.79706879327011,-336.9108705884604,40.250042829635134,222.94025387848995
0.00079200000000000006,55.85263909834768,0,-55.85263909834768,-55.85263909834768,0,458.12101902998381,0,0,458.12101902998381,-128.99519722606615,33.35077914680177,223.41055639339072
0.00079233333333333337,55.878176299365123,0,-55.878176299365123,-55.878176299365123,0,125.64628344438444,0,0,125.64628344438444,21.486184337276743,19.925765297069585,223.51270519746049
0.00079266666666666667,55.796217885456919,-15.854827724506858,-39.941390160950064,-39.941390160950064,-15.854827724506858,0,0,0,0,101.07800649702168,15.984204127561263,223.18487154182768
0.00079300000000000009,55.721872502878824,-18.089992764631265,-37.631879738247562,-37.631879738247562,-18.089992764631265,0,0,0,0,195.16652588263301,17.823880511042255,222.8874900115153
0.00079333333333333339,55.647626181422076,-20.545358195289335,-35.102267986132745,-35.102267986132745,-20.545358195289335,0,0,0,0,298.37642247871997,19.261720583590929,222.59050472568831
0.0007936666666666667,55.573478789093194,-23.164732733817051,-32.40874605527614,-32.40874605527614,-23.164732733817051,0,0,0,0,408.38090922686621,20.265330857698316,222.29391515637278
0.000794,55.499430194074577,-25.888231628062169,-29.611198566012405,-29.611198566012405,-25.888231628062169,0,0,0,0,522.70013930601169,20.812106976625373,221.99772077629831
0.00079433333333333341,55.425480264724257,-28.653626645180612,-26.771853619543649,-26.771853619543649,-28.653626645180612,0,0,0,0,638.75710966819361,20.889742832923762,221.70192105889703
0.00079466666666666672,55.35162886957567,-31.397748829088815,-23.953880040486858,-23.953880040486858,-31.397748829088815,0,0,0,0,753.93575226436519,20.496507537217006,221.40651547830268
0.00079500000000000003,55.277875877337429,-55.277875877337429,0,0,-55.277875877337429,0,0,0,0,865.63990345843968,19.641284003628162,221.11150350934972
0.00079533333333333333,55.24226648985227,-55.24226648985227,0,0,-55.24226648985227,0,235.14905457810141,235.14905457810141,0,927.24843651511173,2.1687539822333903,220.96906595940908
0.00079566666666666674,55.288138155883701,-55.288138155883701,0,0,-55.288138155883701,0,477.84630590735014,477.84630590735014,0,888.9680684311295,-15.71575839729033,221.1525526235348
0.00079600000000000005,55.406961018510401,-55.406961018510401,0,0,-55.406961018510401,0,663.30495876110251,663.30495876110251,0,758.43347912089314,-30.486388348681572,221.6278440740416
0.00079633333333333335,55.570192039876382,-55.570192039876382,0,0,-55.570192039876382,0,738.10878933148513,738.10878933148513,0,561.45593094498543,-39.235667183013334,222.28076815950553
0.00079666666666666677,55.734948746988756,-55.734948746988756,0,0,-55.734948746988756,0,670.80151777052913,670.80151777052913,0,336.90152177772586,-40.250439916087373,222.93979498795503
0.00079700000000000007,55.852525185396942,-55.852525185396942,0,0,-55.852525185396942,0,458.12035742420346,458.12035742420346,0,128.98441932337565,-33.350887966713074,223.41010074158777
0.00079733333333333338,55.87806139716475,-55.87806139716475,0,0,-55.87806139716475,0,125.64012641645928,125.64012641645928,0,-21.496703107247274,-19.925564860318069,223.512245588659
0.00079766666666666668,55.796102696621787,-39.941079941951742,-15.855022754670046,-15.855022754670046,-39.941079941951742,0,0,0,0,-101.08846814465136,-15.984262375797924,223.18441078648715
0.0007980000000000001,55.721757467526459,-37.631564669147316,-18.090192798379146,-18.090192798379146,-37.631564669147316,0,0,0,0,-195.17719200149915,-17.823895734165735,222.88702987010583
0.0007983333333333334,55.647511299347975,-35.101953872400365,-20.545557426947614,-20.545557426947614,-35.101953872400365,0,0,0,0,-298.38705263945502,-19.261692440211494,222.5900451973919
0.00079866666666666671,55.57336406009312,-32.408438682338442,-23.164925377754681,-23.164925377754681,-32.408438682338442,0,0,0,0,-408.39126382039581,-20.265259983948489,222.29345624037248
0.00079900000000000001,55.499315617944568,-29.610903568844552,-25.888412049100015,-25.888412049100015,-29.610903568844552,0,0,0,0,-522.70998494446098,-20.811994971781335,221.99726247177827
0.00079933333333333343,55.425365841260614,-26.771576355657089,-28.653789485603522,-28.653789485603522,-26.771576355657089,0,0,0,0,-638.76622444534462,-20.889592223317525,221.70146336504246
0.00079966666666666673,55.35151459857498,-23.953625469176615,-31.397889129398369,-31.397889129398369,-23.953625469176615,0,0,0,0,-753.94393075709627,-20.496321719253604,221.40605839429992
0.00080000000000000004,55.27776175859654,0,-55.27776175859654,-55.27776175859654,0,0,0,0,0,-865.64696135642225,-19.64106716719315,221.11104703438616
0.00080033333333333334,55.242153486521815,0,-55.242153486521815,-55.242153486521815,0,235.15461039785669,0,0,235.15461039785669,-927.25344055127391,-2.1682437853544059,220.96861394608726
0.00080066666666666676,55.288027835177282,0,-55.288027835177282,-55.288027835177282,0,477.85557154629441,0,0,477.85557154629441,-888.96964481306418,15.716461465162439,221.15211134070913
0.00080100000000000006,55.406854200982913,0,-55.406854200982913,-55.406854200982913,0,663.31538542375779,0,0,663.31538542375779,-758.43092989012268,30.487145580162803,221.62741680393165
0.00080133333333333337,55.570088647989174,0,-55.570088647989174,-55.570088647989174,0,738.11763110194909,0,0,738.11763110194909,-561.44937222976932,39.236329154403876,222.28035459195669
0.00080166666666666667,55.734847831793964,0,-55.734847831793964,-55.734847831793964,0,670.80637613887723,0,0,670.80637613887723,-336.8918606692007,40.250876102060204,222.93939132717585
0.00080200000000000009,55.852425125978868,0,-55.852425125978868,-55.852425125978868,0,458.11965674255623,0,0,458.11965674255623,-128.9731740193229,33.351012598605649,223.40970050391547
0.00080233333333333339,55.87796023324357,0,-55.87796023324357,-55.87796023324357,0,125.63342609141165,0,0,125.63342609141165,21.507704189297815,19.925353905209771,223.51184093297428
0.0008026666666666667,55.796001187820139,-15.855237253364415,-39.940763934455724,-39.940763934455724,-15.855237253364415,0,0,0,0,101.09945265136582,15.984334623837464,223.18400475128055
0.000803,55.721656093979689,-18.090414019628053,-37.631242074351633,-37.631242074351633,-18.090414019628053,0,0,0,0,195.18845256931459,17.823922681332441,222.88662437591876
0.00080333333333333342,55.647410060875863,-20.545779241411882,-35.101630819463985,-35.101630819463985,-20.545779241411882,0,0,0,0,298.39833543683892,19.261673480940825,222.58964024350345
0.00080366666666666672,55.573262956515691,-23.165141644495296,-32.408121312020398,-32.408121312020398,-23.165141644495296,0,0,0,0,408.402314525066,20.2651955474606,222.29305182606277
0.00080400000000000003,55.499214649082077,-25.888616753997209,-29.610597895084865,-29.610597895084865,-25.888616753997209,0,0,0,0,522.72055447599064,20.811886512364133,221.99685859632831
0.00080433333333333333,55.425265006933564,-28.653976876911702,-26.771288130021862,-26.771288130021862,-28.653976876911702,0,0,0,0,638.77607457937927,20.889442187504422,221.70106002773426
0.00080466666666666675,55.351413898604108,-31.398053847381338,-23.953360051222774,-23.953360051222774,-31.398053847381338,0,0,0,0,753.95283949463953,20.49613349063678,221.40565559441643
0.00080500000000000005,55.277661192802825,-55.277661192802825,0,0,-55.277661192802825,0,0,0,0,865.65472792717424,19.640844990117134,221.1106447712113
0.00080533333333333336,55.242054062691523,-55.242054062691523,0,0,-55.242054062691523,0,235.16042592199668,235.16042592199668,0,927.25907986146194,2.1677129460584439,220.96821625076609
0.00080566666666666666,55.287931195970515,-55.287931195970515,0,0,-55.287931195970515,0,477.86528204998547,477.86528204998547,0,888.97170807430086,-15.717196418281972,221.15172478388206
0.00080600000000000008,55.406761210121672,-55.406761210121672,0,0,-55.406761210121672,0,663.32632672531906,663.32632672531906,0,758.42867336226016,-30.487939658933698,221.62704484048669
0.00080633333333333338,55.569999228908095,-55.569999228908095,0,0,-55.569999228908095,0,738.12692395767976,738.12692395767976,0,561.44290450966071,-39.237025677967694,222.27999691563238
0.00080666666666666669,55.734760992783912,-55.734760992783912,0,0,-55.734760992783912,0,670.81149721874544,670.81149721874544,0,336.88212101953616,-40.251337750036214,222.93904397113565
0.0008070000000000001,55.85233916676416,-55.85233916676416,0,0,-55.85233916676416,0,458.11893884150288,458.11893884150288,0,128.96174609688833,-33.35114861572886,223.40935666705664
0.00080733333333333341,55.87787309198135,-55.87787309198135,0,0,-55.87787309198135,0,125.62638847793056,125.62638847793056,0,-21.518906229855791,-19.925138067859706,223.5114923679254
0.00080766666666666671,55.795913657883574,-39.940449203323737,-15.85546445455984,-15.85546445455984,-39.940449203323737,0,0,0,0,-101.11067365278403,-15.984417584242063,223.1836546315343
0.00080800000000000002,55.721568680671936,-37.630919379634108,-18.090649301037832,-18.090649301037832,-37.630919379634108,0,0,0,0,-195.20000625462913,-17.823959261971115,222.88627472268774
0.00080833333333333343,55.647322764041519,-35.101306449976477,-20.546016314065046,-20.546016314065046,-35.101306449976477,0,0,0,0,-298.40996136516179,-19.261662859148338,222.58929105616608
0.00080866666666666673,55.573175775999559,-32.407801595385969,-23.165374180613593,-23.165374180613593,-32.407801595385969,0,0,0,0,-408.41375063769385,-20.265137964577775,222.29270310399824
0.00080900000000000004,55.499127584729173,-29.610289055102136,-25.888838529627034,-25.888838529627034,-29.610289055102136,0,0,0,0,-522.73154300343913,-20.811783268254608,221.99651033891669
0.00080933333333333335,55.425178058589111,-26.770996146379151,-28.65418191220996,-28.65418191220996,-26.770996146379151,0,0,0,0,-638.78636785149558,-20.889295611211889,221.70071223435644
0.00080966666666666676,55.351327066113527,-23.953090524720292,-31.398236541393235,-31.398236541393235,-23.953090524720292,0,0,0,0,-753.96220552283398,-20.495946887845005,221.40530826445411
0.00081000000000000006,55.27757447601175,0,-55.27757447601175,-55.27757447601175,0,0,0,0,0,-865.66295563295137,-19.640622568598086,221.110297904047
0.00081033333333333337,55.241968487943566,0,-55.241968487943566,-55.241968487943566,0,235.16635034382784,0,0,235.16635034382784,-927.26515886196762,-2.1671747591565946,220.96787395177427
0.00081066666666666668,55.287848438460102,0,-55.287848438460102,-55.287848438460102,0,477.87518389141587,0,0,477.87518389141587,-888.9741535170474,15.717944380998958,221.15139375384041
0.00081100000000000009,55.406682153618995,0,-55.406682153618995,-55.406682153618995,0,663.33749482217672,0,0,663.33749482217672,-758.42671674256701,30.488749851260849,221.62672861447598
0.00081133333333333339,55.569923799052873,0,-55.569923799052873,-55.569923799052873,0,738.13642088722861,0,0,738.13642088722861,-561.43664583705311,39.237738251482227,222.27969519621149
0.0008116666666666667,55.734688180415596,0,-55.734688180415596,-55.734688180415596,0,670.81674182097959,0,0,670.81674182097959,-336.872508816655,40.251812235182854,222.93875272166238
0.000812,55.852267236587991,0,-55.852267236587991,-55.852267236587991,0,458.11821790453439,0,0,458.11821790453439,-128.9503892605542,33.35129175049174,223.40906894635197
0.00081233333333333342,55.877799935143962,0,-55.877799935143962,-55.877799935143962,0,125.61919621536487,0,0,125.61919621536487,21.53005735795259,19.924922260776018,223.51119974057585
0.00081266666666666672,55.795840081951368,-15.855698149564731,-39.940141932386638,-39.940141932386638,-15.855698149564731,0,0,0,0,101.121874565957,15.984508268024785,223.18336032780547
0.00081300000000000003,55.721495202775607,-18.090892104572614,-37.63060309820299,-37.63060309820299,-18.090892104572614,0,0,0,0,195.21158282356922,17.82400355998049,222.88598081110243
0.00081333333333333333,55.647249384050433,-20.546261924632017,-35.10098745941842,-35.10098745941842,-20.546261924632017,0,0,0,0,298.42165263142272,19.261659774764968,222.58899753620173
0.00081366666666666675,55.573102493783267,-23.165616234802432,-32.407486258980839,-32.407486258980839,-23.165616234802432,0,0,0,0,408.42529306808797,20.265087569251833,222.29240997513307
0.00081400000000000005,55.499054400157391,-25.889070745551177,-29.609983654606218,-29.609983654606218,-25.889070745551177,0,0,0,0,522.74267643034659,20.811686699851894,221.99621760062956
0.00081433333333333336,55.425104971531731,-28.654398231099474,-26.77070674043226,-26.77070674043226,-28.654398231099474,0,0,0,0,638.79684133707008,20.889155048322245,221.70041988612692
0.00081466666666666666,55.351254076440618,-31.398431264152787,-23.952822812287831,-23.952822812287831,-31.398431264152787,0,0,0,0,753.97178301492465,20.495765500633233,221.40501630576247
0.00081500000000000008,55.277501583593555,-55.277501583593555,0,0,-55.277501583593555,0,0,0,0,865.67142128526268,19.640404447306111,221.11000633437422
0.00081533333333333338,55.241896714803239,-55.241896714803239,0,0,-55.241896714803239,0,235.17225141904046,235.17225141904046,0,927.27150041877792,2.1666409826981194,220.96758685921296
0.00081566666666666669,55.287779454752659,-55.287779454752659,0,0,-55.287779454752659,0,477.88505509965842,477.88505509965842,0,888.97688428266463,-15.718688696568393,221.15111781901064
0.0008160000000000001,55.406616843067049,-55.406616843067049,0,0,-55.406616843067049,0,663.3486383663859,663.3486383663859,0,758.42506184854699,-30.489557886207535,221.62646737226819
0.00081633333333333341,55.569862090872839,-55.569862090872839,0,0,-55.569862090872839,0,738.14590737267008,738.14590737267008,0,561.43069564613961,-39.238450592899341,222.27944836349135
0.00081666666666666671,55.734629070565404,-55.734629070565404,0,0,-55.734629070565404,0,670.82199119150482,670.82199119150482,0,336.86320080939379,-40.25228847187276,222.93851628226162
0.00081700000000000002,55.85220899404937,-55.85220899404937,0,0,-55.85220899404937,0,458.11751091775329,458.11751091775329,0,128.93932205990328,-33.351438290205706,223.40883597619748
0.00081733333333333343,55.87774045228614,-55.87774045228614,0,0,-55.87774045228614,0,125.61201512575036,125.61201512575036,0,-21.540940905382204,-19.924710858803255,223.51096180914456
0.00081766666666666674,55.795780161943249,-39.939847327379042,-15.855932834564207,-15.855932834564207,-39.939847327379042,0,0,0,0,-101.13283365593763,-15.984603830069823,223.18312064777299
0.00081800000000000004,55.721435362607593,-37.630298755643423,-18.091136606964167,-18.091136606964167,-37.630298755643423,0,0,0,0,-195.22294729377526,-17.824053660380049,222.88574145043037
0.00081833333333333335,55.647189623616143,-35.100679565307082,-20.546510058309057,-20.546510058309057,-35.100679565307082,0,0,0,0,-298.43316630303889,-19.261663286072547,222.58875849446457
0.00081866666666666676,55.57304281297646,-32.407181080019356,-23.165861732957108,-23.165861732957108,-32.407181080019356,0,0,0,0,-408.4366964096194,-20.265044414214316,222.29217125190584
0.00081900000000000007,55.498994798871969,-29.609687396937762,-25.889307401934207,-25.889307401934207,-29.609687396937762,0,0,0,0,-522.75371240775894,-20.811597853108189,221.99597919548788
0.00081933333333333337,55.425045449661738,-26.770425409752434,-28.6546200399093,-28.6546200399093,-26.770425409752434,0,0,0,0,-638.80726120739723,-20.889022514391566,221.70018179864695
0.00081966666666666668,55.351194633880233,-23.952562078479431,-31.398632555400798,-31.398632555400798,-23.952562078479431,0,0,0,0,-753.9813519327555,-20.495592268690078,221.40477853552093
0.00082000000000000009,55.277442220237106,0,-55.277442220237106,-55.277442220237106,0,0,0,0,0,-865.67992359573998,-19.64019442376237,221.10976888094842
0.0008203333333333334,55.241838428264685,0,-55.241838428264685,-55.241838428264685,0,235.17801291738687,0,0,235.17801291738687,-927.27794267418255,-2.1661217771020631,220.96735371305874
0.0008206666666666667,55.28772387701521,0,-55.28772387701521,-55.28772387701521,0,477.89469995945728,0,0,477.89469995945728,-888.97980824709066,15.719414842078137,221.15089550806084
0.00082100000000000001,55.406564839858589,0,-55.406564839858589,-55.406564839858589,0,663.35953478153499,0,0,663.35953478153499,-758.42370284871515,30.490347742371398,221.62625935943436
0.00082133333333333342,55.569813595814921,0,-55.569813595814921,-55.569813595814921,0,738.15519203733993,0,0,738.15519203733993,-561.42513393745628,39.239148342053454,222.27925438325968
0.00082166666666666673,55.734583104204312,0,-55.734583104204312,-55.734583104204312,0,670.82713713630972,0,0,670.82713713630972,-336.85434544875977,40.252756590367994,222.93833241681725
0.00082200000000000003,55.85216386392387,0,-55.85216386392387,-55.85216386392387,0,458.11682846848623,0,0,458.11682846848623,-128.92873054546149,33.35158479369835,223.40865545569548
0.00082233333333333334,55.877694094312659,0,-55.877694094312659,-55.877694094312659,0,125.60498673671788,0,0,125.60498673671788,21.551371423040539,19.924507512695527,223.51077637725064
0.00082266666666666675,55.795733359825512,-15.856163649550297,-39.939569710275215,-39.939569710275215,-15.856163649550297,0,0,0,0,101.14336081586025,15.984701761359988,223.18293343930205
0.00082300000000000006,55.721388622851094,-18.091377665187917,-37.630010957663181,-37.630010957663181,-18.091377665187917,0,0,0,0,195.23389781466486,17.824107852402854,222.88555449140438
0.00082333333333333336,55.647142946137791,-20.546755398937353,-35.100387547200441,-35.100387547200441,-20.546755398937353,0,0,0,0,298.4442933360283,19.261672519083696,222.58857178455116
0.00082366666666666667,55.572996197693271,-23.166105299573015,-32.406890898120253,-32.406890898120253,-23.166105299573015,0,0,0,0,408.44774913718231,20.265008481923616,222.29198479077309
0.00082400000000000008,55.498948245701072,-25.889543179055376,-29.609405066645699,-29.609405066645699,-25.889543179055376,0,0,0,0,522.76444169745662,20.811517567288263,221.99579298280429
0.00082433333333333338,55.424998958520369,-28.654842188578126,-26.770156769942247,-26.770156769942247,-28.654842188578126,0,0,0,0,638.81742522741274,20.888899686538593,221.69999583408148
0.00082466666666666669,55.351148204685749,-31.398835544790121,-23.952312659895632,-23.952312659895632,-31.398835544790121,0,0,0,0,753.9907216026387,20.495429669150887,221.404592818743
0.0008250000000000001,55.277395852906963,-55.277395852906963,0,0,-55.277395852906963,0,0,0,0,865.68828774950691,19.639995719250088,221.10958341162785
0.00082533333333333341,55.241793079153787,-55.241793079153787,0,0,-55.241793079153787,0,235.18353737952714,235.18353737952714,0,927.28434415301319,2.1656257229657214,220.96717231661515
0.00082566666666666671,55.287681112186455,-55.287681112186455,0,0,-55.287681112186455,0,477.90395457572151,477.90395457572151,0,888.98284278677045,-15.720110566586243,221.15072444874582
0.00082600000000000002,55.406525492108777,-55.406525492108777,0,0,-55.406525492108777,0,663.3699981177258,663.3699981177258,0,758.42262988625691,-30.491105913921189,221.62610196843511
0.00082633333333333343,55.569777604062949,-55.569777604062949,0,0,-55.569777604062949,0,738.16411580860665,738.16411580860665,0,561.42002318734308,-39.239819401228544,222.2791104162518
0.00082666666666666674,55.734549530181866,-55.734549530181866,0,0,-55.734549530181866,0,670.83209123841448,670.83209123841448,0,336.84606285447364,-40.25320828381507,222.93819812072746
0.00082700000000000004,55.85213108279077,-55.85213108279077,0,0,-55.85213108279077,0,458.1161827402176,458.1161827402176,0,128.91876645192602,-33.351728375401251,223.40852433116308
0.00082733333333333335,55.877660121353877,-55.877660121353877,0,0,-55.877660121353877,0,125.5982340081793,125.5982340081793,0,-21.561197764954759,-19.924315313467545,223.51064048541551
0.00082766666666666676,55.79569894558383,-39.939312480774007,-15.85638646480982,-15.85638646480982,-39.939312480774007,0,0,0,0,-101.153300156646,-15.984799763092298,223.18279578233532
0.00082800000000000007,55.721354254464487,-37.629743369075648,-18.091610885388835,-18.091610885388835,-37.629743369075648,0,0,0,0,-195.24426753123672,-17.824164494547553,222.88541701785795
0.00082833333333333337,55.647108623545165,-35.100115244191272,-20.546993379353889,-20.546993379353889,-35.100115244191272,0,0,0,0,-298.45485967092998,-19.261686526572458,222.58843449418066
0.00082866666666666668,55.572961920833606,-32.406619631906878,-23.166342288926725,-23.166342288926725,-32.406619631906878,0,0,0,0,-408.45827391055911,-20.264979540752016,222.29184768333442
0.00082900000000000009,55.498914014513431,-29.609140565357144,-25.889773449156284,-25.889773449156284,-29.609140565357144,0,0,0,0,-522.77468767595963,-20.811446331554567,221.99565605805373
0.0008293333333333334,55.424964772943902,-26.769904609503797,-28.655060163440108,-28.655060163440108,-26.769904609503797,0,0,0,0,-638.82716147154963,-20.888787763660616,221.69985909177561
0.0008296666666666667,55.351114064659676,-23.952078138349417,-31.399035926310258,-31.399035926310258,-23.952078138349417,0,0,0,0,-753.99972867204008,-20.495279583595021,221.4044562586387
0.00083000000000000001,55.277361758370589,0,-55.277361758370589,-55.277361758370589,0,0,0,0,0,-865.69636264878318,-19.639810855590969,221.10944703348235
0.00083033333333333342,55.241759931167664,0,-55.241759931167664,-55.241759931167664,0,235.18874353686329,0,0,235.18874353686329,-927.29058069644555,-2.1651598345394163,220.96703972467066
0.00083066666666666673,55.287650387665671,0,-55.287650387665671,-55.287650387665671,0,477.91268177436336,0,0,477.91268177436336,-888.9859121659124,15.720765744206261,221.15060155066269
0.00083100000000000003,55.406497978234974,0,-55.406497978234974,-55.406497978234974,0,663.3798719810577,0,0,663.3798719810577,-758.4218275898296,30.491821159954583,221.6259919129399
0.00083133333333333334,55.569753245500387,0,-55.569753245500387,-55.569753245500387,0,738.17254380164911,0,0,738.17254380164911,-561.41540842639142,39.240453631060092,222.27901298200155
0.00083166666666666675,55.73452744341138,0,-55.73452744341138,-55.73452744341138,0,670.83677681627785,0,0,670.83677681627785,-336.83844659118427,40.253636511547342,222.93810977364552
0.00083200000000000006,55.85210973465518,0,-55.85210973465518,-55.85210973465518,0,458.11558063881944,0,0,458.11558063881944,-128.90955046254888,33.351866475431507,223.40843893862072
0.00083233333333333336,55.877637636368178,0,-55.877637636368178,-55.877637636368178,0,125.59185647607632,0,0,125.59185647607632,21.570298843439932,19.92413667539104,223.51055054547271
0.00083266666666666667,55.795676030650199,-15.856597809011987,-39.939078221638212,-39.939078221638212,-15.856597809011987,0,0,0,0,101.16252633528349,15.98489588198991,223.1827041226008
0.00083300000000000008,55.721331370063744,-18.091832570032221,-37.629498800031527,-37.629498800031527,-18.091832570032221,0,0,0,0,195.25392170262458,17.824222163229081,222.88532548025498
0.00083333333333333339,55.647085769636625,-20.547220149172116,-35.099865620464499,-35.099865620464499,-20.547220149172116,0,0,0,0,298.46472420654919,19.261704446712503,222.5883430785465
0.00083366666666666669,55.57293909737664,-23.166568774587699,-32.406370322788945,-32.406370322788945,-23.166568774587699,0,0,0,0,408.46812644899518,20.264957310035193,222.29175638950656
0.000834,55.498891221467467,-25.889994288294492,-29.608896933172979,-29.608896933172979,-25.889994288294492,0,0,0,0,522.78430613526177,20.811384452707514,221.99556488586987
0.00083433333333333341,55.42494201026841,-28.655270121526971,-26.769671888741435,-26.769671888741435,-28.655270121526971,0,0,0,0,638.83632905508682,20.888687633083435,221.69976804107364
0.00083466666666666672,55.351091332314191,-31.399230014638103,-23.951861317676084,-23.951861317676084,-31.399230014638103,0,0,0,0,754.00823875501908,20.495143459849196,221.40436532925676
0.00083500000000000002,55.277339056314702,-55.277339056314702,0,0,-55.277339056314702,0,0,0,0,865.7040234352886,19.639641808454918,221.10935622525881
0.00083533333333333344,55.241738094173641,-55.241738094173641,0,0,-55.241738094173641,0,235.1935677419757,235.1935677419757,0,927.29654862218172,2.1647296322491414,220.96695237669456
0.00083566666666666674,55.287630785321802,-55.287630785321802,0,0,-55.287630785321802,0,477.92077421523277,477.92077421523277,0,888.98895083900334,-15.721372396151907,221.15052314128721
0.00083600000000000005,55.406481342229704,-55.406481342229704,0,0,-55.406481342229704,0,663.38903423671286,663.38903423671286,0,758.4212779980279,-30.492484616158606,221.62592536891881
0.00083633333333333335,55.569739526713725,-55.569739526713725,0,0,-55.569739526713725,0,738.18037119411656,738.18037119411656,0,561.41131934359953,-39.241043029114337,222.2789581068549
0.00083666666666666677,55.734515823886404,-55.734515823886404,0,0,-55.734515823886404,0,670.84113530805905,670.84113530805905,0,336.83156467571087,-40.254035708648047,222.93806329554562
0.00083700000000000007,55.85209879201674,-55.85209879201674,0,0,-55.85209879201674,0,458.11502991208113,458.11502991208113,0,128.90117206320136,-33.351997058091413,223.40839516806696
0.00083733333333333338,55.877625628046673,-55.877625628046673,0,0,-55.877625628046673,0,125.58593537374173,125.58593537374173,0,-21.578584753156893,-19.92397348360533,223.51050251218669
0.00083766666666666668,55.795663610930191,-39.938868702290662,-15.856794908639529,-15.856794908639529,-39.938868702290662,0,0,0,0,-101.17094529792486,-15.984988404666709,223.18265444372076
0.00083800000000000009,55.721318966892326,-37.629279223905911,-18.092039742986412,-18.092039742986412,-37.629279223905911,0,0,0,0,-195.26275785217317,-17.824279545328761,222.88527586756931
0.0008383333333333334,55.647073382991749,-35.099640797555864,-20.547432585435882,-20.547432585435882,-35.099640797555864,0,0,0,0,-298.4737783536541,-19.261725396234858,222.588293531967
0.00083866666666666671,55.572926727236286,-32.406145181348847,-23.166781545887442,-23.166781545887442,-32.406145181348847,0,0,0,0,-408.47719449860051,-20.264941356245846,222.29170690894514
0.00083900000000000001,55.498878867809637,-29.60867640861856,-25.890202459191077,-25.890202459191077,-29.60867640861856,0,0,0,0,-522.7931836872375,-20.811331956715176,221.99551547123855
0.00083933333333333342,55.424929673071148,-26.769460812407466,-28.655468860663685,-28.655468860663685,-26.769460812407466,0,0,0,0,-638.84481601154926,-20.88859977966646,221.69971869228459
0.00083966666666666673,55.351079011555569,-23.951664307917596,-31.399414703637976,-31.399414703637976,-23.951664307917596,0,0,0,0,-754.01614383048866,-20.495022230716472,221.40431604622228
0.00084000000000000003,55.277326751972808,0,-55.277326751972808,-55.277326751972808,0,0,0,0,0,-865.71116846802704,-19.639489937544464,221.10930700789123
0.00084033333333333334,55.241726566348746,0,-55.241726566348746,-55.241726566348746,0,235.19796138052163,0,0,235.19796138052163,-927.30216169651419,-2.1643392104243873,220.96690626539498
0.00084066666666666675,55.287621282312095,0,-55.287621282312095,-55.287621282312095,0,477.92814947030195,0,0,477.92814947030195,-888.99190115541251,15.721924499259899,221.15048512924838
0.00084100000000000006,55.406474532489405,0,-55.406474532489405,-55.406474532489405,0,663.3973904588679,0,0,663.3973904588679,-758.42095958752896,30.493089517906839,221.62589812995762
0.00084133333333333336,55.569735367454825,0,-55.569735367454825,-55.569735367454825,0,738.18751606445335,0,0,738.18751606445335,-561.40777096467264,39.241581422809162,222.2789414698193
0.00084166666666666667,55.734513570763923,0,-55.734513570763923,-55.734513570763923,0,670.84511962484203,0,0,670.84511962484203,-336.8254619030422,40.254401509915112,222.93805428305569
0.00084200000000000008,55.852097147923317,0,-55.852097147923317,-55.852097147923317,0,458.11453403101063,0,0,458.11453403101063,-128.89369318508912,33.352118421932332,223.40838859169327
0.00084233333333333339,55.877623001476415,0,-55.877623001476415,-55.877623001476415,0,125.58053074057608,0,0,125.58053074057608,21.58599240553227,19.923827028264032,223.51049200590566
0.00084266666666666669,55.795660597383154,-15.856975608105181,-39.938684989277974,-39.938684989277974,-15.856975608105181,0,0,0,0,101.1784903374363,15.985075949084433,223.18264238953262
0.000843,55.72131595736068,-18.092230082917698,-37.629085874442978,-37.629085874442978,-18.092230082917698,0,0,0,0,195.27070237559622,17.824335544582631,222.88526382944272
0.00084333333333333341,55.647070377470136,-20.547628241137662,-35.099442136332478,-35.099442136332478,-20.547628241137662,0,0,0,0,298.48194327017347,19.261748589348731,222.58828150988055
0.00084366666666666672,55.572923725719363,-23.166978073064772,-32.405945652654594,-32.405945652654594,-23.166978073064772,0,0,0,0,408.48539575688199,20.264931221765945,222.29169490287745
0.00084400000000000002,55.498875870292075,-25.8903953941312,-29.608480476160871,-29.608480476160871,-25.8903953941312,0,0,0,0,522.80123642426258,20.81128872443394,221.9955034811683
0.00084433333333333344,55.424926679547617,-28.6556538208517,-26.769272858695921,-26.769272858695921,-28.6556538208517,0,0,0,0,638.85253871957775,20.888524425412328,221.69970671819047
0.00084466666666666674,55.351076022020742,-31.399587486538099,-23.951488535482646,-23.951488535482646,-31.399587486538099,0,0,0,0,754.02336244822106,20.494916454327765,221.40430408808297
0.00084500000000000005,55.277323766421368,-55.277323766421368,0,0,-55.277323766421368,0,0,0,0,865.71772030375348,19.639356124524529,221.10929506568547
0.00084533333333333335,55.241724264500789,-55.241724264500789,0,0,-55.241724264500789,0,235.20189133912288,235.20189133912288,0,927.30735281466877,2.1639913471657408,220.96689705800316
0.00084566666666666677,55.287620781652798,-55.287620781652798,0,0,-55.287620781652798,0,477.93475134909272,477.93475134909272,0,888.99471552098032,-15.722417925440595,221.15048312661119
0.00084600000000000007,55.406476432960794,-55.406476432960794,0,0,-55.406476432960794,0,663.40487632369798,663.40487632369798,0,758.4208496047878,-30.493631200514386,221.62590573184318
0.00084633333333333338,55.56973963272236,-55.56973963272236,0,0,-55.56973963272236,0,738.19392284111302,738.19392284111302,0,561.4047658118094,-39.242064529917855,222.27895853088944
0.00084666666666666668,55.734519535698588,-55.734519535698588,0,0,-55.734519535698588,0,670.84869842541161,670.84869842541161,0,336.82016152904021,-40.254730858129221,222.93807814279435
0.0008470000000000001,55.852103650767901,-55.852103650767901,0,0,-55.852103650767901,0,458.11409688581898,458.11409688581898,0,128.88714920244436,-33.352229333855277,223.40841460307161
0.0008473333333333334,55.877628614456796,-55.877628614456796,0,0,-55.877628614456796,0,125.57568604116733,125.57568604116733,0,-21.592485285667781,-19.923698137437611,223.51051445782718
0.00084766666666666671,55.795665852479999,-39.938527477637329,-15.85713837484267,-15.85713837484267,-39.938527477637329,0,0,0,0,-101.18512155021004,-15.985157373902785,223.18266340992
0.00084800000000000001,55.721321205455396,-37.628919289064193,-18.092401916391207,-18.092401916391207,-37.628919289064193,0,0,0,0,-195.27770950220366,-17.824389194156623,222.88528482182159
0.00084833333333333343,55.647075618572053,-35.099270291676262,-20.547805326895801,-20.547805326895801,-35.099270291676262,0,0,0,0,-298.48916835027376,-19.261773255512225,222.58830247428821
0.00084866666666666673,55.572928959837803,-32.405772481495219,-23.167156478342587,-23.167156478342587,-32.405772481495219,0,0,0,0,-408.49267592374639,-20.264926349706297,222.29171583935121
0.00084900000000000004,55.498881097436339,-29.608309940934234,-25.890571156502102,-25.890571156502102,-29.608309940934234,0,0,0,0,-522.80840757609303,-20.811254425171256,221.99552438974536
0.00084933333333333334,55.424931899727,-26.769108862182641,-28.655823037544355,-28.655823037544355,-26.769108862182641,0,0,0,0,-638.85943921851492,-20.888461473269953,221.699727598908
0.00084966666666666676,55.351081235244521,-23.951334832839461,-31.399746402405061,-31.399746402405061,-23.951334832839461,0,0,0,0,-754.02983676366387,-20.494826269451561,221.40432494097809
0.00085000000000000006,55.277328972698818,0,-55.277328972698818,-55.277328972698818,0,0,0,0,0,-865.72362251786876,-19.639240740845644,221.10931589079527
0.00085033333333333337,55.24173005971312,0,-55.24173005971312,-55.24173005971312,0,235.2053374708762,0,0,235.2053374708762,-927.31207102188091,-2.1636876073359446,220.96692023885248
0.00085066666666666667,55.287628146596305,0,-55.287628146596305,-55.287628146596305,0,477.94054520933048,0,0,477.94054520933048,-888.99735432480634,15.72285022414529,221.15051258638522
0.00085100000000000009,55.406485895657298,0,-55.406485895657298,-55.406485895657298,0,663.4114515622266,0,0,663.4114515622266,-758.42092342337196,30.494106810489541,221.62594358262919
0.00085133333333333339,55.569751163139159,0,-55.569751163139159,-55.569751163139159,0,738.19955595405008,0,0,738.19955595405008,-561.40229493173149,39.242489656036724,222.27900465255664
0.0008516666666666667,55.734532551169629,0,-55.734532551169629,-55.734532551169629,0,670.85185057285685,0,0,670.85185057285685,-336.81566787709551,40.2550217478896,222.93813020467852
0.000852,55.852117130999538,0,-55.852117130999538,-55.852117130999538,0,458.11371898492905,0,0,458.11371898492905,-128.8815527118301,33.352328870264373,223.40846852399815
0.00085233333333333341,55.877641303286012,0,-55.877641303286012,-55.877641303286012,0,125.57142668924445,0,0,125.57142668924445,21.598049139747307,19.923587147239008,223.51056521314405
0.00085266666666666672,55.795678215974696,-15.857282215462465,-39.938396000512228,-39.938396000512228,-15.857282215462465,0,0,0,0,101.19082182958981,15.985231836949902,223.18271286389879
0.00085300000000000003,55.721333552476416,-18.09255414291756,-37.628779409558852,-37.628779409558852,-18.09255414291756,0,0,0,0,195.28375765709066,17.824439730680986,222.88533420990566
0.00085333333333333333,55.647087949141351,-20.547962646871238,-35.09912530227011,-35.09912530227011,-20.547962646871238,0,0,0,0,298.49542803729514,19.261798727361338,222.58835179656541
0.00085366666666666674,55.572941273977293,-23.167315484448483,-32.405625789528813,-32.405625789528813,-23.167315484448483,0,0,0,0,408.49900603700416,20.264926183747537,222.29176509590917
0.00085400000000000005,55.498893395167919,-25.890728403366719,-29.608164991801196,-29.608164991801196,-25.890728403366719,0,0,0,0,522.81466542797375,20.811228626187699,221.99557358067167
0.00085433333333333336,55.424944181072526,-28.655975119405493,-26.768969061667036,-26.768969061667036,-28.655975119405493,0,0,0,0,638.86548375602274,20.888410623829024,221.6997767242901
0.00085466666666666677,55.351093500225829,-31.399890029876719,-23.951203470349114,-23.951203470349114,-31.399890029876719,0,0,0,0,754.0355317477779,20.494751516750146,221.40437400090332
0.00085500000000000007,55.277341221337714,-55.277341221337714,0,0,-55.277341221337714,0,0,0,0,865.72883959426088,19.639143770828575,221.10936488535086
0.00085533333333333338,55.241742802799124,-55.241742802799124,0,0,-55.241742802799124,0,235.20829241159322,235.20829241159322,0,927.31628212079022,2.1634284735172642,220.96697121119649
0.00085566666666666668,55.28764222602522,-55.28764222602522,0,0,-55.28764222602522,0,477.94551805724461,477.94551805724461,0,888.9997872366331,-15.723220509036381,221.15056890410088
0.0008560000000000001,55.406501766157675,-55.406501766157675,0,0,-55.406501766157675,0,663.41710074828472,663.41710074828472,0,758.42115636954429,-30.494515231838676,221.6260070646307
0.0008563333333333334,55.569768800832477,-55.569768800832477,0,0,-55.569768800832477,0,738.20440156955408,738.20440156955408,0,561.40033998551098,-39.242855674678822,222.27907520332991
0.00085666666666666671,55.73455145707392,-55.73455145707392,0,0,-55.73455145707392,0,670.85456787960402,670.85456787960402,0,336.81196837836785,-40.25527326299536,222.93820582829568
0.00085700000000000001,55.852136428746341,-55.852136428746341,0,0,-55.852136428746341,0,458.11340106497403,458.11340106497403,0,128.87689522124711,-33.352416503890296,223.40854571498537
0.00085733333333333343,55.877659911650717,-55.877659911650717,0,0,-55.877659911650717,0,125.56776419751321,125.56776419751321,0,-21.602690866631324,-19.923494020459323,223.51063964660287
0.00085766666666666673,55.795696533945893,-39.938289876291307,-15.857406657654586,-15.857406657654586,-39.938289876291307,0,0,0,0,-101.19559551581239,-15.985298716461127,223.18278613578357
0.00085800000000000004,55.72135184603993,-37.628665639360236,-18.092686206679691,-18.092686206679691,-37.628665639360236,0,0,0,0,-195.28884769038649,-17.82448652184722,222.88540738415972
0.00085833333333333334,55.647106218329704,-35.099006657046758,-20.548099561282942,-20.548099561282942,-35.099006657046758,0,0,0,0,-298.50071967223886,-19.261824376296786,222.58842487331881
0.00085866666666666676,55.572959518822962,-32.405505149732434,-23.167454369090532,-23.167454369090532,-32.405505149732434,0,0,0,0,-408.50437998860673,-20.264930113168496,222.29183807529185
0.00085900000000000006,55.498911615703335,-29.608045282450966,-25.890866333252372,-25.890866333252372,-29.608045282450966,0,0,0,0,-522.82000056062577,-20.81121074840549,221.99564646281334
0.00085933333333333337,55.42496237733009,-26.768853186416372,-28.656109190913714,-28.656109190913714,-26.768853186416372,0,0,0,0,-638.87065981404317,-20.888371342706673,221.69984950932036
0.00085966666666666667,55.351111672237884,-23.951094246036732,-31.400017426201149,-31.400017426201149,-23.951094246036732,0,0,0,0,-754.04043206601682,-20.494691718579062,221.40444668895154
0.00086000000000000009,55.277359369136569,0,-55.277359369136569,-55.277359369136569,0,0,0,0,0,-865.73335372766007,-19.63906480433138,221.10943747654628
0.00086033333333333339,55.241761352628885,0,-55.241761352628885,-55.241761352628885,0,235.21075917424341,0,0,235.21075917424341,-927.31996579619579,-2.1632134674338701,220.96704541051554
0.0008606666666666667,55.287661881594978,0,-55.287661881594978,-55.287661881594978,0,477.9496741809993,0,0,477.9496741809993,-889.00199131328134,15.723529231979569,221.15064752637991
0.000861,55.406522909041868,0,-55.406522909041868,-55.406522909041868,0,663.42182779655047,0,0,663.42182779655047,-758.4215232745222,30.494856800366961,221.62609163616747
0.00086133333333333342,55.569791412957557,0,-55.569791412957557,-55.569791412957557,0,738.20846199586617,0,0,738.20846199586617,-561.39887442371059,39.243162738595998,222.27916565183023
0.00086166666666666672,55.734575122487321,0,-55.734575122487321,-55.734575122487321,0,670.8568504741919,0,0,670.8568504741919,-336.80903622476353,40.255485342077975,222.93830048994928
0.00086200000000000003,55.852160414287667,0,-55.852160414287667,-55.852160414287667,0,458.11314127417086,0,0,458.11314127417086,-128.87315084262744,33.352491970246902,223.40864165715067
0.00086233333333333333,55.87768331050929,0,-55.87768331050929,-55.87768331050929,0,125.56469566553488,0,0,125.56469566553488,21.606434430521492,19.92341834037072,223.51073324203716
0.00086266666666666675,55.795719678711585,-15.857511666670216,-39.938208012041372,-39.938208012041372,-15.857511666670216,0,0,0,0,101.19946452444516,15.985357645528033,223.18287871484634
0.00086300000000000005,55.721374959966496,-18.092798018662183,-37.628576941304317,-37.628576941304317,-18.092798018662183,0,0,0,0,195.2929992399863,17.824529116146039,222.88549983986599
0.00086333333333333336,55.647129301458236,-20.5482159161642,-35.09891338529404,-35.09891338529404,-20.5482159161642,0,0,0,0,298.50506017276984,19.261849676389176,222.58851720583294
0.00086366666666666677,55.572982571194501,-23.167572904147409,-32.405409667047095,-32.405409667047095,-23.167572904147409,0,0,0,0,408.50881159476438,20.264937549477455,222.291930284778
0.00086400000000000008,55.498934637358857,-25.890984636368575,-29.607950000990286,-29.607950000990286,-25.890984636368575,0,0,0,0,522.8244233775049,20.811200154038126,221.99573854943543
0.00086433333333333338,55.424985368310523,-28.656224854952885,-26.768760513357638,-26.768760513357638,-28.656224854952885,0,0,0,0,638.8749741489155,20.888342957199725,221.69994147324209
0.00086466666666666669,55.351134632584106,-31.400128103265512,-23.95100652931859,-23.95100652931859,-31.400128103265512,0,0,0,0,754.04454067545998,20.494646182483031,221.40453853033642
0.0008650000000000001,55.277382298889393,-55.277382298889393,0,0,-55.277382298889393,0,0,0,0,865.73716400938576,19.639003144755847,221.10952919555757
0.00086533333333333341,55.241784595723402,-55.241784595723402,0,0,-55.241784595723402,0,235.2127505703875,235.2127505703875,0,927.32311549538656,2.1630412878479746,220.96713838289361
0.00086566666666666671,55.287686007080843,-55.287686007080843,0,0,-55.287686007080843,0,477.95303448788832,477.95303448788832,0,889.00395166635815,-15.723778042193686,221.15074402832337
0.00086600000000000002,55.406548227048255,-55.406548227048255,0,0,-55.406548227048255,0,663.42565572054627,663.42565572054627,0,758.42199986850403,-30.495133187391588,221.62619290819302
0.00086633333333333343,55.569817910878562,-55.569817910878562,0,0,-55.569817910878562,0,738.21175627746777,738.21175627746777,0,561.397865403938,-39.2434122107029,222.27927164351425
0.00086666666666666674,55.734602465194016,-55.734602465194016,0,0,-55.734602465194016,0,670.85870847531032,670.85870847531032,0,336.80683250569439,-40.255658770026457,222.93840986077606
0.00086700000000000004,55.852188008301397,-55.852188008301397,0,0,-55.852188008301397,0,458.11293794918947,458.11293794918947,0,128.87027830223988,-33.352555320859139,223.40875203320559
0.00086733333333333335,55.877710419395669,-55.877710419395669,0,0,-55.877710419395669,0,125.56220745745219,125.56220745745219,0,-21.609319295236478,-19.923359414821128,223.51084167758268
0.00086766666666666676,55.795746570287172,-39.938148956847897,-15.857597613439271,-15.857597613439271,-39.938148956847897,0,0,0,0,-101.20246658235594,-15.985408443513229,223.18298628114869
0.00086800000000000006,55.721401815710543,-37.628511899639683,-18.092889916070863,-18.092889916070863,-37.628511899639683,0,0,0,0,-195.29624860781348,-17.824567182201655,222.88560726284217
0.00086833333333333337,55.647156121418483,-35.09884412617766,-20.54831199524082,-20.54831199524082,-35.09884412617766,0,0,0,0,-298.50848359765678,-19.261874152999876,222.58862448567393
0.00086866666666666668,55.573009355418627,-32.405338054087181,-23.167671301331456,-23.167671301331456,-32.405338054087181,0,0,0,0,-408.51233190347614,-20.264947885477419,222.29203742167451
0.00086900000000000009,55.498961385894482,-29.607877950373616,-25.891083435520866,-25.891083435520866,-29.607877950373616,0,0,0,0,-522.82796121612137,-20.811196117022245,221.99584554357793
0.00086933333333333339,55.425012081205196,-26.76868995065589,-28.656322130549302,-28.656322130549302,-26.76868995065589,0,0,0,0,-638.87844977160739,-20.888324638749186,221.70004832482078
0.0008696666666666667,55.35116130988532,-23.950939346084926,-31.400221963800394,-31.400221963800394,-23.950939346084926,0,0,0,0,-754.04787574202601,-20.49461399608786,221.40464523954128
0.00087000000000000001,55.277408940644577,0,-55.277408940644577,-55.277408940644577,0,0,0,0,0,-865.74028335103344,-19.63895781648149,221.10963576257831
0.00087033333333333342,55.241811467110921,0,-55.241811467110921,-55.241811467110921,0,235.21428700587998,0,0,235.21428700587998,-927.32573572841852,-2.1629099364062441,220.96724586844368
0.00087066666666666672,55.287713548163254,0,-55.287713548163254,-55.287713548163254,0,477.9556325549529,0,0,477.9556325549529,-889.00565973767891,15.723969566967867,221.15085419265301
0.00087100000000000003,55.406576679333909,0,-55.406576679333909,-55.406576679333909,0,663.42862173778383,0,0,663.42862173778383,-758.42256243634858,30.495347130510709,221.62630671733564
0.00087133333333333333,55.5698472667519,0,-55.5698472667519,-55.5698472667519,0,738.21431533617454,0,0,738.21431533617454,-561.39727495821705,39.243606398272163,222.2793890670076
0.00087166666666666675,55.734632466771636,0,-55.734632466771636,-55.734632466771636,0,670.86015813751999,0,0,670.86015813751999,-336.80530871892199,40.255794968289706,222.93852986708654
0.00087200000000000005,55.852218195922823,0,-55.852218195922823,-55.852218195922823,0,458.11278752947169,0,0,458.11278752947169,-128.86822436056244,33.352606811222316,223.40887278369129
0.00087233333333333336,55.877740220121908,0,-55.877740220121908,-55.877740220121908,0,125.56027529288502,0,0,125.56027529288502,21.611396709835649,19.923316284034705,223.51096088048763
0.00087266666666666677,55.795776190147393,-15.857665195329322,-39.938110994818075,-39.938110994818075,-15.857665195329322,0,0,0,0,101.20465166086501,15.985451133764508,223.18310476058957
0.00087300000000000008,55.721431396103931,-18.092962586423983,-37.628468809679944,-37.628468809679944,-18.092962586423983,0,0,0,0,195.29864533121153,17.824600540730181,222.88572558441572
0.00087333333333333338,55.647185662397632,-20.548388449220372,-35.098797213177264,-35.098797213177264,-20.548388449220372,0,0,0,0,298.51103793368083,19.261897428262703,222.58874264959053
0.00087366666666666669,55.573038857036053,-23.167750148424251,-32.405288708611806,-32.405288708611806,-23.167750148424251,0,0,0,0,408.51498626937166,20.264960553245341,222.29215542814421
0.0008740000000000001,55.498990848202631,-25.891163230884327,-29.6078276173183,-29.6078276173183,-25.891163230884327,0,0,0,0,522.83065577673835,20.811197892187,221.99596339281052
0.00087433333333333341,55.425041504256448,-28.656401407581907,-26.768640096674545,-26.768640096674545,-28.656401407581907,0,0,0,0,638.88112378821381,20.888315481740246,221.70016601702579
0.00087466666666666671,55.351190693731979,-31.400299267201259,-23.950891426530724,-23.950891426530724,-31.400299267201259,0,0,0,0,754.05046894143402,20.494594113754417,221.40476277492792
0.00087500000000000002,55.277438285338881,-55.277438285338881,0,0,-55.277438285338881,0,0,0,0,865.74273728417609,19.638927657419913,221.10975314135553
0.00087533333333333343,55.241840963802822,-55.241840963802822,0,0,-55.241840963802822,0,235.21539571115207,235.21539571115207,0,927.32784150601253,2.1628168510202954,220.96736385521129
0.00087566666666666674,55.287743515566397,-55.287743515566397,0,0,-55.287743515566397,0,477.95751356860069,477.95751356860069,0,889.00711353231907,-15.724107263553137,221.15097406226559
0.00087600000000000004,55.406607294268127,-55.406607294268127,0,0,-55.406607294268127,0,663.43077645134758,663.43077645134758,0,758.42318884703161,-30.495502299778735,221.62642917707251
0.00087633333333333335,55.569878526138716,-55.569878526138716,0,0,-55.569878526138716,0,738.21618187515776,738.21618187515776,0,561.39706166417648,-39.243748459568764,222.27951410455486
0.00087666666666666676,55.73466418532422,-55.73466418532422,0,0,-55.73466418532422,0,670.86122281068447,670.86122281068447,0,336.80440880356718,-40.255895960122302,222.93865674129688
0.00087700000000000007,55.852250039975914,-55.852250039975914,0,0,-55.852250039975914,0,458.11268669147137,458.11268669147137,0,128.86692585744461,-33.352646931193561,223.40900015990366
0.00087733333333333337,55.877771770885253,-55.877771770885253,0,0,-55.877771770885253,0,125.55886743805689,125.55886743805689,0,-21.612728001421349,-19.923287809778607,223.51108708354101
0.00087766666666666668,55.795807595482209,-39.938092197427537,-15.857715398054669,-15.857715398054669,-39.938092197427537,0,0,0,0,-101.20608010363792,-15.985485884301882,223.18323038192884
0.00087800000000000009,55.721462759592875,-37.628445737556142,-18.093017022036729,-18.093017022036729,-37.628445737556142,0,0,0,0,-195.3002500036653,-17.82462911347892,222.8858510383715
0.0008783333333333334,55.647216984096453,-35.098770740057645,-20.548446244038804,-20.548446244038804,-35.098770740057645,0,0,0,0,-298.5127826583207,-19.261919179426158,222.58886793638581
0.0008786666666666667,55.573070137000435,-32.405259784387908,-23.167810352612531,-23.167810352612531,-32.405259784387908,0,0,0,0,-408.51683171330893,-20.264974992815858,222.29228054800174
0.00087900000000000001,55.499022086488189,-29.60779724662207,-25.891224839866116,-25.891224839866116,-29.60779724662207,0,0,0,0,-522.83256033840667,-20.811204694984781,221.99608834595276
0.00087933333333333342,55.425072700918712,-26.768609316231718,-28.65646338468699,-28.65646338468699,-26.768609316231718,0,0,0,0,-638.88304453518708,-20.888314494736395,221.70029080367485
0.00087966666666666673,55.351221848826412,-23.950861281791703,-31.400360567034713,-31.400360567034713,-23.950861281791703,0,0,0,0,-754.05236257820457,-20.494585359513302,221.40488739530565
0.00088000000000000003,55.277469398920864,0,-55.277469398920864,-55.277469398920864,0,0,0,0,0,-865.74456112807729,-19.638911333583408,221.10987759568346
0.00088033333333333334,55.241872158567325,0,-55.241872158567325,-55.241872158567325,0,235.2161087969304,0,0,235.2161087969304,-927.3294558857865,-2.1627590252689188,220.9674886342693
0.00088066666666666675,55.287774997897657,0,-55.287774997897657,-55.287774997897657,0,477.95873087093219,0,0,477.95873087093219,-889.0083160689162,15.724195218583901,221.15109999159063
0.00088100000000000006,55.406639180951352,0,-55.406639180951352,-55.406639180951352,0,663.43217961740856,0,0,663.43217961740856,-758.42385825444501,30.495603055690026,221.62655672380541
0.00088133333333333336,55.569910818090584,0,-55.569910818090584,-55.569910818090584,0,738.21740624901042,0,0,738.21740624901042,-561.3971816950484,39.243842168333941,222.27964327236234
0.00088166666666666667,55.734696764316844,0,-55.734696764316844,-55.734696764316844,0,670.86192977000019,0,0,670.86192977000019,-336.80407137080215,40.255964188204246,222.93878705726738
0.00088200000000000008,55.852282688996297,0,-55.852282688996297,-55.852282688996297,0,458.11263080218714,0,0,458.11263080218714,-128.86631272125774,33.352676311839787,223.40913075598519
0.00088233333333333339,55.877804214088052,0,-55.877804214088052,-55.877804214088052,0,125.55794512107758,0,0,125.55794512107758,21.613381343730655,19.923272689838072,223.51121685635221
0.00088266666666666669,55.795839927089432,-15.857749423943964,-39.938090503145467,-39.938090503145467,-15.857749423943964,0,0,0,0,101.20681949244917,15.985513014586918,223.18335970835773
0.0008830000000000001,55.721495048120012,-18.09305445004421,-37.628440598075805,-37.628440598075805,-18.09305445004421,0,0,0,0,195.30113121335395,17.824652942611824,222.88598019248005
0.00088333333333333341,55.647249229600909,-20.548486594304958,-35.098762635295955,-35.098762635295955,-20.548486594304958,0,0,0,0,298.51378582009846,19.261939170417428,222.58899691840364
0.00088366666666666671,55.573102339539538,-23.16785307894288,-32.405249260596662,-32.405249260596662,-23.16785307894288,0,0,0,0,408.51793421031812,20.264990695211957,222.29240935815815
0.00088400000000000002,55.499054246119186,-25.891269342046147,-29.607784904073043,-29.607784904073043,-25.891269342046147,0,0,0,0,522.83373731563017,20.811215755018125,221.99621698447675
0.00088433333333333343,55.425104817698774,-28.656509022014166,-26.768595795684611,-26.768595795684611,-28.656509022014166,0,0,0,0,638.88426945978711,20.88832066329557,221.70041927079509
0.00088466666666666674,55.351253922812639,-31.400406672762632,-23.950847250050003,-23.950847250050003,-31.400406672762632,0,0,0,0,754.05360783765775,20.494586497753943,221.40501569125055
0.00088500000000000004,55.277501430170275,-55.277501430170275,0,0,-55.277501430170275,0,0,0,0,865.74579865262263,19.638907416053357,221.1100057206811
0.00088533333333333335,55.241904207593727,-55.241904207593727,0,0,-55.241904207593727,0,235.21646244658422,235.21646244658422,0,927.33060919256559,2.162733128750709,220.96761683037491
0.00088566666666666676,55.287807168956562,-55.287807168956562,0,0,-55.287807168956562,0,477.95934477716162,477.95934477716162,0,889.00927533590675,-15.72423800791347,221.15122867582625
0.00088600000000000007,55.40667153612798,-55.40667153612798,0,0,-55.40667153612798,0,663.43289909252132,663.43289909252132,0,758.42455182383321,-30.495654316694043,221.62668614451192
0.00088633333333333337,55.569943361791545,-55.569943361791545,0,0,-55.569943361791545,0,738.218046017598,738.218046017598,0,561.39759019955238,-39.243891814942288,222.27977344716618
0.00088666666666666668,55.734729439212714,-55.734729439212714,0,0,-55.734729439212714,0,670.86231073037857,670.86231073037857,0,336.80423149257945,-40.256002468728241,222.93891775685086
0.00088700000000000009,55.852315384216233,-55.852315384216233,0,0,-55.852315384216233,0,458.1126155551209,458.1126155551209,0,128.86630984251977,-33.352695741249761,223.40926153686493
0.0008873333333333334,55.877836784039495,-55.877836784039495,0,0,-55.877836784039495,0,125.55746522561532,125.55746522561532,0,-21.613430137692749,-19.923269532116151,223.51134713615798
0.0008876666666666667,55.795872417213126,-39.938103763801251,-15.857768653411878,-15.857768653411878,-39.938103763801251,0,0,0,0,-101.20694288976017,-15.985532944983509,223.1834896688525
0.00088800000000000001,55.721527494952412,-37.628451207358417,-18.093076287593991,-18.093076287593991,-37.628451207358417,0,0,0,0,-195.30136352582369,-17.824672147858866,222.88610997980965
0.00088833333333333342,55.647281633199697,-35.09877071988727,-20.54851091331243,-20.54851091331243,-35.09877071988727,0,0,0,0,-298.51412180682945,-19.261957217646,222.58912653279879
0.00088866666666666673,55.573134699962317,-32.405255003594228,-23.167879696368093,-23.167879696368093,-32.405255003594228,0,0,0,0,-408.51836629374259,-20.265007177673212,222.29253879984927
0.00088900000000000003,55.499086563423482,-29.607788540861335,-25.891298022562143,-25.891298022562143,-29.607788540861335,0,0,0,0,-522.83425575240835,-20.811230301250589,221.99634625369393
0.00088933333333333334,55.425137091942048,-26.768597608627822,-28.65653948331423,-28.65653948331423,-26.768597608627822,0,0,0,0,-638.88486256051613,-20.888332945496689,221.70054836776819
0.00088966666666666675,55.351286154052261,-23.950847562126114,-31.400438591926143,-31.400438591926143,-23.950847562126114,0,0,0,0,-754.0542622304373,-20.494596239167183,221.40514461620904
0.00089000000000000006,55.277533618463551,0,-55.277533618463551,-55.277533618463551,0,0,0,0,0,-865.74649958453449,-19.638914397204395,221.1101344738542
0.00089033333333333336,55.241936357967148,0,-55.241936357967148,-55.241936357967148,0,235.21649527144098,0,0,235.21649527144098,-927.33133686781468,-2.1627356123395813,220.96774543186859
0.00089066666666666667,55.28783929442703,0,-55.28783929442703,-55.28783929442703,0,477.95941966920043,0,0,477.95941966920043,-889.01000292840797,15.724240523161342,221.15135717770812
0.00089100000000000008,55.40670364977651,0,-55.40670364977651,-55.40670364977651,0,663.43300729680493,0,0,663.43300729680493,-758.42525244445471,30.495661351888458,221.62681459910604
0.00089133333333333339,55.569975470961978,0,-55.569975470961978,-55.569975470961978,0,738.21816253331929,0,0,738.21816253331929,-561.39824216567638,39.243902006280678,222.27990188384791
0.00089166666666666669,55.734761540857832,0,-55.734761540857832,-55.734761540857832,0,670.86239928582722,0,0,670.86239928582722,-336.8048225640282,40.256013838066224,222.93904616343133
0.00089200000000000011,55.852347462314675,0,-55.852347462314675,-55.852347462314675,0,458.11263581909589,0,0,458.11263581909589,-128.86683958485733,33.352706088305226,223.4093898492587
0.00089233333333333341,55.877868809596222,0,-55.877868809596222,-55.877868809596222,0,125.55738082534509,0,0,125.55738082534509,21.612950330067097,19.923276870537212,223.51147523838489
0.00089266666666666672,55.79590439225943,-15.857774583048968,-39.938129809210466,-39.938129809210466,-15.857774583048968,0,0,0,0,101.20652621852381,15.985546197047412,223.18361756903772
0.00089300000000000002,55.721559427393728,-18.093084080688488,-37.628475346705244,-37.628475346705244,-18.093084080688488,0,0,0,0,195.30102489492538,17.824686937413251,222.88623770957491
0.00089333333333333344,55.647313523092798,-20.548520754043519,-35.098792769049282,-35.098792769049282,-20.548520754043519,0,0,0,0,298.51386884605097,19.261973211262465,222.58925409237119
0.00089366666666666674,55.573166547363897,-23.167891722272888,-32.405274825091013,-32.405274825091013,-23.167891722272888,0,0,0,0,408.51820470149693,20.265024014796595,222.29266618945559
0.00089400000000000005,55.499118368390157,-25.891312321438047,-29.607806046952113,-29.607806046952113,-25.891312321438047,0,0,0,0,522.8341891673723,20.811247602327203,221.99647347356063
0.00089433333333333335,55.425168854530355,-28.65655609124256,-26.768612763287798,-26.768612763287798,-28.65655609124256,0,0,0,0,638.88489247969619,20.888350320530481,221.70067541812142
0.00089466666666666677,55.351317874318674,-31.400457492461616,-23.950860381857055,-23.950860381857055,-31.400457492461616,0,0,0,0,754.05438797551324,20.494613296510913,221.4052714972747
0.00089500000000000007,55.277565296464459,-55.277565296464459,0,0,-55.277565296464459,0,0,0,0,865.7467183172372,19.638930752387679,221.11026118585784
0.00089533333333333338,55.241967950224243,-55.241967950224243,0,0,-55.241967950224243,0,235.21624757255449,235.21624757255449,0,927.33167864105633,2.1627628098976928,220.96787180089697
0.00089566666666666668,55.287870734110015,-55.287870734110015,0,0,-55.287870734110015,0,477.9590228850999,477.9590228850999,0,889.01051385106905,-15.724207849901561,221.15148293644006
0.00089600000000000009,55.406734906967941,-55.406734906967941,0,0,-55.406734906967941,0,663.43258017007872,663.43258017007872,0,758.42594520988848,-30.495629663015734,221.62693962787176
0.0008963333333333334,55.570006555437836,-55.570006555437836,0,0,-55.570006555437836,0,738.21782038892513,738.21782038892513,0,561.39909349152219,-39.243877574697109,222.28002622175134
0.00089666666666666671,55.734792497003426,-55.734792497003426,0,0,-55.734792497003426,0,670.86223117559609,670.86223117559609,0,336.80577776225448,-40.256001506466731,222.9391699880137
0.00089700000000000001,55.852378357187966,-55.852378357187966,0,0,-55.852378357187966,0,458.11268688622431,458.11268688622431,0,128.86782335368676,-33.352708310048754,223.40951342875186
0.00089733333333333342,55.87789971650821,-55.87789971650821,0,0,-55.87789971650821,0,125.55764338163709,125.55764338163709,0,-21.61201903331224,-19.923293224369647,223.51159886603284
0.00089766666666666673,55.795935275261911,-39.938166484527045,-15.857768790734863,-15.857768790734863,-39.938166484527045,0,0,0,0,-101.20564676674887,-15.985553351392422,223.18374110104764
0.00089800000000000004,55.721590269246313,-37.62851080517202,-18.09307946407429,-18.09307946407429,-37.62851080517202,0,0,0,0,-195.30019495104099,-17.824697572330191,222.88636107698525
0.00089833333333333334,55.647344323850312,-35.098826559083477,-20.548517764766839,-20.548517764766839,-35.098826559083477,0,0,0,0,-298.51310711550377,-19.261987086892095,222.58937729540125
0.00089866666666666675,55.573197307081102,-32.405306532272547,-23.167890774808559,-23.167890774808559,-32.405306532272547,0,0,0,0,-408.51752835140144,-20.265040818241715,222.29278922832441
0.00089900000000000006,55.499149087121737,-29.607835303364006,-25.891313783757735,-25.891313783757735,-29.607835303364006,0,0,0,0,-522.83361343961587,-20.811266954708522,221.99659634848695
0.00089933333333333336,55.425199532330922,-26.768639255807955,-28.656560276522963,-28.656560276522963,-26.768639255807955,0,0,0,0,-638.88443034745546,-20.888371785529486,221.70079812932369
0.00089966666666666667,55.351348511242762,-23.950883859214635,-31.400464652028123,-31.400464652028123,-23.950883859214635,0,0,0,0,-754.05404985092275,-20.494636390207091,221.40539404497105
0.00090000000000000008,55.277595892566531,0,-55.277595892566531,-55.277595892566531,0,0,0,0,0,-865.74651181679747,-19.638954954168316,221.11038357026612
0.00090033333333333339,55.241998420566048,0,-55.241998420566048,-55.241998420566048,0,235.21576001414746,0,0,235.21576001414746,-927.33167672005379,-2.1628110246448742,220.96799368226419
0.00090066666666666669,55.287900943510948,0,-55.287900943510948,-55.287900943510948,0,477.95822237999812,0,0,477.95822237999812,-889.01082535181752,15.724145126249283,221.15160377404379
0.00090100000000000011,55.40676478857273,0,-55.40676478857273,-55.40676478857273,0,663.43169433482171,0,0,663.43169433482171,-758.42661712729898,30.49556481599447,221.62705915429092
0.00090133333333333341,55.57003612093348,0,-55.57003612093348,-55.57003612093348,0,738.21708469538385,0,0,738.21708469538385,-561.40010162876911,39.243823415817388,222.28014448373392
0.00090166666666666672,55.734821831264789,0,-55.734821831264789,-55.734821831264789,0,670.86184226671025,0,0,670.86184226671025,-336.80703149783471,40.255968734237626,222.93928732505915
0.00090200000000000002,55.852407598420676,0,-55.852407598420676,-55.852407598420676,0,458.11276360884722,0,0,458.11276360884722,-128.86918356980382,33.352703390700171,223.4096303936827
0.00090233333333333344,55.877929025830859,0,-55.877929025830859,-55.877929025830859,0,125.55820325553003,0,0,125.55820325553003,21.610712418884678,19.923317112081836,223.51171610332344
0.00090266666666666674,55.79596458436319,-15.857752884889603,-39.938211699473584,-39.938211699473584,-15.857752884889603,0,0,0,0,101.20438111725721,15.985555044809905,223.18385833745276
0.00090300000000000005,55.721619539294828,-18.093064110675027,-37.628555428619791,-37.628555428619791,-18.093064110675027,0,0,0,0,195.29895293823128,17.824704372062826,222.88647815717931
0.00090333333333333335,55.647373554898103,-20.548503639774349,-35.098869915123757,-35.098869915123757,-20.548503639774349,0,0,0,0,298.51191673416821,19.261998839462031,222.58949421959241
0.00090366666666666677,55.57322649918013,-23.167878526027469,-32.405347973152658,-32.405347973152658,-23.167878526027469,0,0,0,0,408.51641643138811,20.265057258537254,222.29290599672052
0.00090400000000000007,55.499178240323907,-25.891304016236393,-29.607874224087521,-29.607874224087521,-25.891304016236393,0,0,0,0,522.83260504111445,20.811287711964454,221.99671296129563
0.00090433333333333338,55.425228646688062,-28.656553538917503,-26.768675107770559,-26.768675107770559,-28.656553538917503,0,0,0,0,638.88354819619656,20.888396391688655,221.70091458675225
0.00090466666666666668,55.351377586806628,-31.40046142423834,-23.950916162568291,-23.950916162568291,-31.40046142423834,0,0,0,0,754.05331382602049,20.49466429047466,221.40551034722651
0.0009050000000000001,55.277624929388814,-55.277624929388814,0,0,-55.277624929388814,0,0,0,0,865.74593850277756,19.638985519520723,221.11049971755526
0.0009053333333333334,55.242027299248988,-55.242027299248988,0,0,-55.242027299248988,0,235.21507302219976,235.21507302219976,0,927.33137503128887,2.1628766092756848,220.96810919699595
0.00090566666666666671,55.287929471971211,-55.287929471971211,0,0,-55.287929471971211,0,477.95708581154543,477.95708581154543,0,889.01095666363085,-15.724057445522405,221.15171788788484
0.00090600000000000001,55.406792869086409,-55.406792869086409,0,0,-55.406792869086409,0,663.43042621930977,663.43042621930977,0,758.42725740382821,-30.495472345467391,221.62717147634564
0.00090633333333333343,55.570063766632792,-55.570063766632792,0,0,-55.570063766632792,0,738.21602058659164,738.21602058659164,0,561.40122635011335,-39.243744413704263,222.28025506653117
0.00090666666666666673,55.734849160653006,-55.734849160653006,0,0,-55.734849160653006,0,670.86126870887017,670.86126870887017,0,336.80852050548492,-40.25591879215105,222.93939664261202
0.00090700000000000004,55.852434809002084,-55.852434809002084,0,0,-55.852434809002084,0,458.11286134471266,458.11286134471266,0,128.8708448625205,-33.352692344949219,223.40973923600833
0.00090733333333333334,55.877956352090933,-55.877956352090933,0,0,-55.877956352090933,0,125.55901142694512,125.55901142694512,0,-21.609104661558408,-19.923347096664273,223.51182540836373
0.00090766666666666676,55.795991931080295,-39.938263455280676,-15.857728475799618,-15.857728475799618,-39.938263455280676,0,0,0,0,-101.20280399643492,-15.985551936135264,223.18396772432118
0.00090800000000000006,55.721646849573943,-37.628607150902518,-18.093039698671429,-18.093039698671429,-37.628607150902518,0,0,0,0,-195.29737638704796,-17.824707685376964,222.88658739829577
0.00090833333333333337,55.647400828787774,-35.098920745849554,-20.548480082938216,-20.548480082938216,-35.098920745849554,0,0,0,0,-298.51037628905999,-19.262008499819686,222.58960331515109
0.00090866666666666667,55.573253736728851,-32.405397074009976,-23.167856662718879,-23.167856662718879,-32.405397074009976,0,0,0,0,-408.51494681349283,-20.265073047929839,222.29301494691541
0.00090900000000000009,55.499205441580095,-29.607920795381595,-25.891284646198496,-25.891284646198496,-29.607920795381595,0,0,0,0,-522.83123937366815,-20.811309274239921,221.99682176632038
0.00090933333333333339,55.425255811700076,-26.768718406448038,-28.656537405252035,-28.656537405252035,-26.768718406448038,0,0,0,0,-638.88231725798005,-20.88842324058502,221.7010232468003
0.0009096666666666667,55.351404715622763,-23.950955518964342,-31.400449196658418,-31.400449196658418,-23.950955518964342,0,0,0,0,-754.0522453576815,-20.494695820585918,221.40561886249105
0.00091,55.277652022057296,0,-55.277652022057296,-55.277652022057296,0,0,0,0,0,-865.74505658166231,-19.639021019947954,221.11060808822918
0.00091033333333333342,55.242054208696423,0,-55.242054208696423,-55.242054208696423,0,235.21422577448828,0,0,235.21422577448828,-927.330817766574,-2.1629560312964955,220.96821683478569
0.00091066666666666672,55.287955960307954,0,-55.287955960307954,-55.287955960307954,0,477.95567875753682,0,0,477.95567875753682,-889.01092803983624,15.723949748612185,221.15182384123182
0.00091100000000000003,55.406818813602946,0,-55.406818813602946,-55.406818813602946,0,663.42884989438267,0,0,663.42884989438267,-758.4278571493802,30.495357626178816,221.62727525441178
0.00091133333333333344,55.570089181447301,0,-55.570089181447301,-55.570089181447301,0,738.21469114313049,0,0,738.21469114313049,-561.4024301662522,39.243645316693204,222.2803567257892
0.00091166666666666674,55.734874191224691,0,-55.734874191224691,-55.734874191224691,0,670.86054539661325,0,0,670.86054539661325,-336.81018488066445,40.255854866293078,222.93949676489876
0.00091200000000000005,55.852459700609288,0,-55.852459700609288,-55.852459700609288,0,458.11297530303807,0,0,458.11297530303807,-128.87273550882426,33.352676170616974,223.40983880243715
0.00091233333333333336,55.877981398532008,0,-55.877981398532008,-55.877981398532008,0,125.56001989578186,0,0,125.56001989578186,21.607266394201051,19.923381795415832,223.51192559412803
0.00091266666666666677,55.796017015608747,-15.857697136450398,-39.93831987915835,-39.93831987915835,-15.857697136450398,0,0,0,0,101.20098674942625,15.985544702520434,223.18406806243499
0.00091300000000000007,55.721671900678643,-18.093007872255395,-37.628664028423245,-37.628664028423245,-18.093007872255395,0,0,0,0,195.29553958628267,17.824707892840692,222.88668760271457
0.00091333333333333338,55.647425846513265,-20.548448769218144,-35.098977077295125,-35.098977077295125,-20.548448769218144,0,0,0,0,298.50856133798226,19.262016143383104,222.58970338605306
0.00091366666666666669,55.5732787211196,-23.167826849484161,-32.405451871635435,-32.405451871635435,-23.167826849484161,0,0,0,0,408.51319462135785,20.265087954999906,222.2931148844784
0.0009140000000000001,55.499230392680523,-25.891257287000787,-29.607973105679733,-29.607973105679733,-25.891257287000787,0,0,0,0,522.82958943344192,20.811331108506586,221.99692157072209
0.0009143333333333334,55.425280729554537,-28.656513397913447,-26.768767331641087,-26.768767331641087,-28.656513397913447,0,0,0,0,638.8808067562004,20.888451509608508,221.70112291821815
0.00091466666666666671,55.351429600275559,-31.400429363036825,-23.951000237238738,-23.951000237238738,-31.400429363036825,0,0,0,0,754.05090833634392,20.494729886903006,221.40571840110223
0.00091500000000000001,55.277676873552664,-55.277676873552664,0,0,-55.277676873552664,0,0,0,0,865.74392317101967,19.639060115446661,221.11070749421066
0.00091533333333333343,55.242078858776082,-55.242078858776082,0,0,-55.242078858776082,0,235.21325577012229,235.21325577012229,0,927.33004876650716,2.1630459308553185,220.96831543510433
0.00091566666666666673,55.287980135910779,-55.287980135910779,0,0,-55.287980135910779,0,477.95406406296638,477.95406406296638,0,889.01076049970243,-15.723826753617601,221.15192054364312
0.00091600000000000004,55.406842372698414,-55.406842372698414,0,0,-55.406842372698414,0,663.42703645156428,663.42703645156428,0,758.42840951617279,-30.495225803881794,221.62736949079365
0.00091633333333333334,55.570112138739674,-55.570112138739674,0,0,-55.570112138739674,0,738.21315705023949,738.21315705023949,0,561.40367881391899,-39.243530683120184,222.2804485549587
0.00091666666666666676,55.734896712773327,-55.734896712773327,0,0,-55.734896712773327,0,670.85970610179299,670.85970610179299,0,336.81196880237815,-40.255780029218329,222.93958685109331
0.00091700000000000006,55.852482068444431,-55.852482068444431,0,0,-55.852482068444431,0,458.11310125340299,458.11310125340299,0,128.87478823155234,-33.352655850797063,223.40992827377772
0.00091733333333333337,55.878003952290754,-55.878003952290754,0,0,-55.878003952290754,0,125.56118295616039,125.56118295616039,0,-21.605264007680692,-19.923419912489212,223.51201580916302
0.00091766666666666667,55.796039622076869,-39.93837924071908,-15.857660381357789,-15.857660381357789,-39.93837924071908,0,0,0,0,-101.19899656198707,-15.985534012774639,223.18415848830747
0.00091800000000000009,55.721694477024897,-37.628724259910477,-18.092970217114416,-18.092970217114416,-37.628724259910477,0,0,0,0,-195.29351266604343,-17.824705383617932,222.88677790809959
0.00091833333333333339,55.647448392777783,-35.099037075479735,-20.548411317298044,-20.548411317298044,-35.099037075479735,0,0,0,0,-298.50654337449845,-19.262021870910282,222.58979357111113
0.0009186666666666667,55.573301237342463,-32.405510538252898,-23.167790699089569,-23.167790699089569,-32.405510538252898,0,0,0,0,-408.5112311004367,-20.265101789840095,222.29320494936985
0.000919,55.499252878901757,-29.608029372185904,-25.891223506715857,-25.891223506715857,-29.608029372185904,0,0,0,0,-522.82772461187176,-20.811352738484171,221.99701151560703
0.00091933333333333342,55.425303185814123,-26.768820183297152,-28.656483002516968,-28.656483002516968,-26.768820183297152,0,0,0,0,-638.87908266422471,-20.888480446853237,221.70121274325649
0.00091966666666666672,55.351452026613416,-23.951048735982301,-31.400403290631115,-31.400403290631115,-23.951048735982301,0,0,0,0,-754.04936383036363,-20.494765478854035,221.40580810645366
0.00092000000000000003,55.277699270008668,0,-55.277699270008668,-55.277699270008668,0,0,0,0,0,-865.74259305787439,-19.639101559568417,221.11079708003467
0.00092033333333333344,55.24210104198356,0,-55.24210104198356,-55.24210104198356,0,235.2121981174754,0,0,235.2121981174754,-927.32911041826844,-2.1631431650273498,220.96840416793424
0.00092066666666666675,55.288001807596387,0,-55.288001807596387,-55.288001807596387,0,477.95230057697859,0,0,477.95230057697859,-889.0104750625411,15.723692881099538,221.15200723038555
0.00092100000000000005,55.406863376816638,0,-55.406863376816638,-55.406863376816638,0,663.42505246100438,0,0,663.42505246100438,-758.42890939946221,30.495081704926321,221.62745350726655
0.00092133333333333336,55.570132490202141,0,-55.570132490202141,-55.570132490202141,0,738.21147510565459,0,0,738.21147510565459,-561.40494146119875,39.243404793137216,222.28052996080856
0.00092166666666666677,55.734916592272349,0,-55.734916592272349,-55.734916592272349,0,670.858782351944,0,0,670.858782351944,-336.81382118121371,40.255697171433269,222.93966636908939
0.00092200000000000008,55.852501784410663,0,-55.852501784410663,-55.852501784410663,0,458.11323502344055,0,0,458.11323502344055,-128.87694114076274,33.352632318543741,223.41000713764265
0.00092233333333333338,55.878023877537579,0,-55.878023877537579,-55.878023877537579,0,125.56245744111703,0,0,125.56245744111703,21.60315862342819,19.923460243731608,223.51209551015032
0.00092266666666666669,55.796059611731181,-15.857619638612338,-39.938439973118847,-39.938439973118847,-15.857619638612338,0,0,0,0,101.1968954438647,15.985520524293328,223.18423844692472
0.0009230000000000001,55.721714440044096,-18.092928232347635,-37.628786207696464,-37.628786207696464,-18.092928232347635,0,0,0,0,195.29136057559518,17.824700556549065,222.88685776017638
0.00092333333333333341,55.647468329197359,-20.548369261930315,-35.099099067267034,-35.099099067267034,-20.548369261930315,0,0,0,0,298.50438882327433,19.262025813706931,222.58987331678944
0.00092366666666666671,55.573321147197859,-23.167749745785233,-32.405571401412629,-32.405571401412629,-23.167749745785233,0,0,0,0,408.50912265348194,20.265114413272617,222.29328458879144
0.00092400000000000002,55.499272762228372,-25.891184802950985,-29.608087959277391,-29.608087959277391,-25.891184802950985,0,0,0,0,522.82570979303807,20.811373757659524,221.99709104891349
0.00092433333333333343,55.4253230426473,-28.656447644715907,-26.768875397931396,-26.768875397931396,-28.656447644715907,0,0,0,0,638.87720688499473,20.888509387644628,221.7012921705892
0.00092466666666666674,55.351471856988454,-31.40037229945489,-23.951099557533563,-23.951099557533563,-31.40037229945489,0,0,0,0,754.04766936633348,20.494801688595722,221.40588742795381
0.00092500000000000004,55.277719073960824,-55.277719073960824,0,0,-55.277719073960824,0,0,0,0,865.74111809596241,19.639144221774441,221.1108762958433
0.00092533333333333335,55.242120626655002,-55.242120626655002,0,0,-55.242120626655002,0,235.2110852826039,235.2110852826039,0,927.32804321951744,2.1632448444571466,220.96848250662001
0.00092566666666666676,55.288020858722369,-55.288020858722369,0,0,-55.288020858722369,0,477.95044278131604,477.95044278131604,0,889.01009253872223,-15.723552210322367,221.15208343488948
0.00092600000000000007,55.406881729270147,-55.406881729270147,0,0,-55.406881729270147,0,663.42295963740708,663.42295963740708,0,758.42935347165621,-30.494929793960495,221.62752691708059
0.00092633333333333337,55.570150158783214,-55.570150158783214,0,0,-55.570150158783214,0,738.20969807504343,738.20969807504343,0,561.40619095309307,-39.243271616152612,222.28060063513286
0.00092666666666666668,55.734933766811537,-55.734933766811537,0,0,-55.734933766811537,0,670.85780359165778,670.85780359165778,0,336.81569604339018,-40.255608984922986,222.93973506724615
0.00092700000000000009,55.852518790171658,-55.852518790171658,0,0,-55.852518790171658,0,458.11337302388938,458.11337302388938,0,128.87913815645609,-33.352606459637414,223.41007516068663
0.00092733333333333339,55.878041108780181,-55.878041108780181,0,0,-55.878041108780181,0,125.56380359890096,125.56380359890096,0,-21.601005738886531,-19.923501698027898,223.51216443512072
0.0009276666666666667,55.796076916296947,-39.938500679810645,-15.857576236486302,-15.857576236486302,-39.938500679810645,0,0,0,0,-101.19473981182364,-15.98550486320018,223.18430766518779
0.00092800000000000001,55.72173172155248,-37.628848407015028,-18.092883314537449,-18.092883314537449,-37.628848407015028,0,0,0,0,-195.28914256117977,-17.824693802206198,222.88692688620992
0.00092833333333333342,55.647485587679085,-35.09916155192272,-20.548324035756369,-20.548324035756369,-35.09916155192272,0,0,0,0,-298.50215842446624,-19.262028117999414,222.58994235071634
0.00092866666666666672,55.573338382683609,-32.405632957473628,-23.167705425209977,-23.167705425209977,-32.405632957473628,0,0,0,0,-408.5069301453824,-20.265125723891977,222.29335353073444
0.00092900000000000003,55.499289974748784,-29.608147393533208,-25.891142581215579,-25.891142581215579,-29.608147393533208,0,0,0,0,-522.82360459462382,-20.811393819291133,221.99715989899514
0.00092933333333333344,55.425340232232976,-26.768931564787991,-28.656408667444989,-28.656408667444989,-26.768931564787991,0,0,0,0,-638.87523644521809,-20.888537747730886,221.7013609289319
0.00092966666666666675,55.351489023669956,-23.951151384834219,-31.400337638835733,-31.400337638835733,-23.951151384834219,0,0,0,0,-754.04587809467307,-20.49483770754502,221.40595609467982
0.00093000000000000005,55.27773621776867,0,-55.27773621776867,-55.27773621776867,0,0,0,0,0,-865.73954636152905,-19.639187087385562,221.11094487107468
0.00093033333333333336,55.242137550322518,0,-55.242137550322518,-55.242137550322518,0,235.20994664313275,0,0,235.20994664313275,-927.32688500420795,-2.1633483581878679,220.96855020129007
0.00093066666666666677,55.288037240339982,0,-55.288037240339982,-55.288037240339982,0,477.94853998856763,0,0,477.94853998856763,-889.0096329521848,15.723408434465881,221.15214896135993
0.00093100000000000008,55.406897399097673,0,-55.406897399097673,-55.406897399097673,0,663.42081384574817,0,0,663.42081384574817,-758.42973988923279,30.494774118056426,221.62758959639069
0.00093133333333333338,55.57016513121944,0,-55.57016513121944,-55.57016513121944,0,738.20787370858443,0,0,738.20787370858443,-561.40740383422849,39.243134754934999,222.28066052487776
0.00093166666666666669,55.734948235841607,0,-55.734948235841607,-55.734948235841607,0,670.8567964133681,0,0,670.8567964133681,-336.81755283812731,40.255517918293094,222.93979294336643
0.0009320000000000001,55.852533089209409,0,-55.852533089209409,-55.852533089209409,0,458.11351185658054,0,0,458.11351185658054,-128.88132951317576,33.35257908763235,223.41013235683764
0.00093233333333333341,55.878055642877847,0,-55.878055642877847,-55.878055642877847,0,125.56518516852014,0,0,125.56518516852014,21.598854652058524,19.92354329716995,223.51222257151139
0.00093266666666666671,55.796091530022451,-15.857531385700632,-39.938560144321819,-39.938560144321819,-15.857531385700632,0,0,0,0,101.19257992000023,15.98548762277888,223.18436612008981
0.00093300000000000002,55.721746315806001,-18.09283673996779,-37.628909575838208,-37.628909575838208,-18.09283673996779,0,0,0,0,195.28691159411144,17.824685503649519,222.88698526322401
0.00093333333333333343,55.647500162486566,-20.548276951787425,-35.099223210699137,-35.099223210699137,-20.548276951787425,0,0,0,0,298.49990667244901,19.262028947998552,222.59000064994626
0.00093366666666666674,55.573352938070968,-23.167659057440101,-32.405693880630864,-32.405693880630864,-23.167659057440101,0,0,0,0,408.50470836517371,20.265135663367133,222.29341175228387
0.00093400000000000004,55.499304510741894,-25.891098138830824,-29.608206371911074,-29.608206371911074,-25.891098138830824,0,0,0,0,522.8214628653343,20.811412643829925,221.99721804296757
0.00093433333333333335,55.425354748857679,-28.656367315964264,-26.768987432893418,-26.768987432893418,-28.656367315964264,0,0,0,0,638.87322303952431,20.888565032655123,221.70141899543071
0.00093466666666666676,55.351503520952058,-31.40030047384133,-23.951203047110731,-23.951203047110731,-31.40030047384133,0,0,0,0,754.04403839079407,20.494872837491339,221.40601408380823
0.00093500000000000007,55.277750695733943,-55.277750695733943,0,0,-55.277750695733943,0,0,0,0,865.73792182049056,19.639229270183868,221.11100278293577
0.00093533333333333337,55.242151811827327,-55.242151811827327,0,0,-55.242151811827327,0,235.20880840418221,235.20880840418221,0,927.32567069575759,2.163451391510705,220.96860724730931
0.00093566666666666668,55.288050963284441,-55.288050963284441,0,0,-55.288050963284441,0,477.94663623787039,477.94663623787039,0,889.00911539943422,-15.723264841008856,221.15220385313776
0.00093600000000000009,55.406910413136636,-55.406910413136636,0,0,-55.406910413136636,0,663.4186650469677,663.4186650469677,0,758.43006825673774,-30.494618289152328,221.62764165254654
0.0009363333333333334,55.570177450117562,-55.570177450117562,0,0,-55.570177450117562,0,738.20604479927908,738.20604479927908,0,561.40856039657319,-39.242997433528728,222.28070980047025
0.0009366666666666667,55.734960053311333,-55.734960053311333,0,0,-55.734960053311333,0,670.855784770897,670.855784770897,0,336.81935653157723,-40.255426172485272,222.93984021324533
0.00093700000000000001,55.852544739071327,-55.852544739071327,0,0,-55.852544739071327,0,458.11364869734336,458.11364869734336,0,128.88347185387991,-33.352550948148817,223.41017895628531
0.00093733333333333342,55.878067531452757,-55.878067531452757,0,0,-55.878067531452757,0,125.56656991482095,125.56656991482095,0,-21.596748413543398,-19.92358418780038,223.51227012581103
0.00093766666666666673,55.79610350212775,-39.938617328812214,-15.857486173315539,-15.857486173315539,-39.938617328812214,0,0,0,0,-101.19045976339092,-15.985469349612117,223.184414008511
0.00093800000000000003,55.721758271959132,-37.628968615265407,-18.092789656693721,-18.092789656693721,-37.628968615265407,0,0,0,0,-195.28471419863817,-17.824676023113945,222.88703308783653
0.00093833333333333334,55.647512102708781,-35.099282908961683,-20.548229193747101,-20.548229193747101,-35.099282908961683,0,0,0,0,-298.49768157193347,-19.262028473433976,222.59004841083512
0.00093866666666666675,55.573364862383492,-32.405753026645783,-23.167611835737713,-23.167611835737713,-32.405753026645783,0,0,0,0,-408.502505715913,-20.265144205104427,222.29345944953397
0.00093900000000000006,55.499316419165929,-29.608263766913339,-25.891052652252586,-25.891052652252586,-29.608263766913339,0,0,0,0,-522.81933231552102,-20.811430008966401,221.99726567666372
0.00093933333333333336,55.425366641414392,-26.769041917456576,-28.656324723957812,-28.656324723957812,-26.769041917456576,0,0,0,0,-638.8712126101658,-20.888590829410937,221.70146656565757
0.00093966666666666677,55.351515397662595,-23.951253527279761,-31.400261870382831,-31.400261870382831,-23.951253527279761,0,0,0,0,-754.04219339335452,-20.494906484048556,221.40606159065038
0.00094000000000000008,55.277762556619422,0,-55.277762556619422,-55.277762556619422,0,0,0,0,0,-865.73628383565222,-19.639270007808719,221.11105022647769
0.00094033333333333339,55.242163463811515,0,-55.242163463811515,-55.242163463811515,0,235.20769337746987,0,0,235.20769337746987,-927.32443182406928,-2.1635519340361142,220.96865385524606
0.00094066666666666669,55.288062090569888,0,-55.288062090569888,-55.288062090569888,0,477.94476988279428,0,0,477.94476988279428,-889.00855764343294,15.723124292595415,221.15224836227955
0.0009410000000000001,55.406920848268363,0,-55.406920848268363,-55.406920848268363,0,663.41655676455673,0,0,663.41655676455673,-758.43033934931157,30.494465457659516,221.62768339307345
0.00094133333333333341,55.570187206025423,0,-55.570187206025423,-55.570187206025423,0,738.20424862453763,0,0,738.20424862453763,-561.40964455682229,39.242862468837444,222.28074882410169
0.00094166666666666672,55.734969319573366,0,-55.734969319573366,-55.734969319573366,0,670.85478949961112,0,0,670.85478949961112,-336.82107763458589,40.255335675969434,222.93987727829347
0.00094200000000000002,55.852553843152933,0,-55.852553843152933,-55.852553843152933,0,458.11378098506077,0,0,458.11378098506077,-128.8855283738059,33.352522702587834,223.41021537261173
0.00094233333333333343,55.878076872616916,0,-55.878076872616916,-55.878076872616916,0,125.56792954563497,0,0,125.56792954563497,21.594723623828802,19.923623636869433,223.51230749046766
0.00094266666666666674,55.796112928547316,-15.857441553801007,-39.938671374746306,-39.938671374746306,-15.857441553801007,0,0,0,0,101.18841687902739,15.98545054385802,223.18445171418927
0.00094300000000000004,55.721767685818513,-18.09274307570875,-37.629024610109759,-37.629024610109759,-18.09274307570875,0,0,0,0,195.28259025688763,17.824665703087579,222.88707074327405
0.00094333333333333335,55.647521504024716,-20.548181807441519,-35.099339696583201,-35.099339696583201,-20.548181807441519,0,0,0,0,298.49552445107952,19.262026871410292,222.59008601609887
0.00094366666666666676,55.573374251172694,-23.167564818225419,-32.405809432947279,-32.405809432947279,-23.167564818225419,0,0,0,0,408.50036404017078,20.265151356839631,222.29349700469078
0.00094400000000000007,55.499325795445088,-25.891007169145727,-29.608318626299369,-29.608318626299369,-25.891007169145727,0,0,0,0,522.81725435898636,20.811445752900006,221.99730318178035
0.00094433333333333337,55.425376005200178,-28.65628190609365,-26.769094099106525,-26.769094099106525,-28.65628190609365,0,0,0,0,638.86924520870093,20.888614810315438,221.70150402080071
0.00094466666666666668,55.351524748971656,-31.400222788335622,-23.951301960636034,-23.951301960636034,-31.400222788335622,0,0,0,0,754.04038088893651,20.49493816104437,221.40609899588662
0.00094500000000000009,55.277771895468376,-55.277771895468376,0,0,-55.277771895468376,0,0,0,0,865.73466707697821,19.639308666563487,221.11108758187351
0.0009453333333333334,55.242172604557922,-55.242172604557922,0,0,-55.242172604557922,0,235.20662104046116,235.20662104046116,0,927.32319645578013,2.1636482819627432,220.96869041823169
0.0009456666666666667,55.288070729270849,-55.288070729270849,0,0,-55.288070729270849,0,477.94297371730318,477.94297371730318,0,889.00797604830007,-15.722989227724185,221.1522829170834
0.00094600000000000001,55.406928823363188,-55.406928823363188,0,0,-55.406928823363188,0,663.41452627415561,663.41452627415561,0,758.4305550355981,-30.494318315940177,221.62771529345275
0.00094633333333333342,55.570194529459741,-55.570194529459741,0,0,-55.570194529459741,0,738.2025171860206,738.2025171860206,0,561.41064375380472,-39.242732276166919,222.28077811783896
0.00094666666666666673,55.734976173507945,-55.734976173507945,0,0,-55.734976173507945,0,670.85382858554726,670.85382858554726,0,336.82269206613432,-40.255248091217425,222.93990469403178
0.00094700000000000003,55.852560542923207,-55.852560542923207,0,0,-55.852560542923207,0,458.11390669568323,458.11390669568323,0,128.88746864841872,-33.352494934212373,223.41024217169283
0.00094733333333333334,55.878083803296711,-55.878083803296711,0,0,-55.878083803296711,0,125.5692399676671,125.5692399676671,0,-21.592810635097326,-19.923661036077561,223.51233521318684
0.00094766666666666675,55.796119944274992,-39.938721595073787,-15.857398349201201,-15.857398349201201,-39.938721595073787,0,0,0,0,-101.18648251138596,-15.985431650489097,223.18447977709997
0.00094800000000000006,55.721774692198117,-37.629076822299822,-18.092697869898299,-18.092697869898299,-37.629076822299822,0,0,0,0,-195.28057312392386,-17.824654856979929,222.88709876879247
0.00094833333333333336,55.647528501068706,-35.099392802629275,-20.548135698439435,-20.548135698439435,-35.099392802629275,0,0,0,0,-298.49347002360889,-19.262024316714882,222.59011400427482
0.00094866666666666678,55.573381238893511,-32.405862314634149,-23.167518924259365,-23.167518924259365,-32.405862314634149,0,0,0,0,-408.49831862780206,-20.265157150803844,222.29352495557404
0.00094900000000000008,55.499332773855151,-29.608370170409366,-25.890962603445789,-25.890962603445789,-29.608370170409366,0,0,0,0,-522.81526406623959,-20.811459764584832,221.99733109542061
0.00094933333333333339,55.425382974311894,-26.769143222512142,-28.656239751799756,-28.656239751799756,-26.769143222512142,0,0,0,0,-638.86735489579075,-20.88863672355458,221.70153189724758
0.00094966666666666669,55.351531708797417,-23.951347634713187,-31.400184074084226,-31.400184074084226,-23.951347634713187,0,0,0,0,-754.03863316064519,-20.494967481578353,221.40612683518967
0.00095000000000000011,55.277778846020553,0,-55.277778846020553,-55.277778846020553,0,0,0,0,0,-865.73310132240886,-19.639344733187837,221.11111538408221
0.00095033333333333341,55.242179370410106,0,-55.242179370410106,-55.242179370410106,0,235.20560749541539,0,0,235.20560749541539,-927.3219889567107,-2.1637390327210397,220.96871748164043
0.00095066666666666672,55.288077022929052,0,-55.288077022929052,-55.288077022929052,0,477.94127487483115,0,0,477.94127487483115,-889.00738532254491,15.722861662196294,221.15230809171621
0.00095100000000000002,55.406934491652891,0,-55.406934491652891,-55.406934491652891,0,663.41260443783904,0,0,663.41260443783904,-758.43071802459781,30.494179095582439,221.62773796661156
0.00095133333333333344,55.570199583223996,0,-55.570199583223996,-55.570199583223996,0,738.20087698946986,0,0,738.20087698946986,-561.41154872095149,39.242608862886442,222.28079833289598
0.00095166666666666674,55.734980784771842,0,-55.734980784771842,-55.734980784771842,0,670.8529169142281,0,0,670.8529169142281,-336.82418096824449,40.255164806022691,222.93992313908737
0.00095200000000000005,55.852565010099369,0,-55.852565010099369,-55.852565010099369,0,458.11402409193909,0,0,458.11402409193909,-128.88926849908708,33.352468138860445,223.41026004039747
0.00095233333333333335,55.87808849133966,0,-55.87808849133966,-55.87808849133966,0,125.57048107115696,0,0,125.57048107115696,21.591033636582527,19.923695893832704,223.51235396535864
0.00095266666666666677,55.796124715473859,-15.85735724734452,-39.938767468129342,-39.938767468129342,-15.85735724734452,0,0,0,0,101.18468170161962,15.985413061393141,223.18449886189543
0.00095300000000000007,55.721779457039624,-18.092654772511434,-37.629124684528193,-37.629124684528193,-18.092654772511434,0,0,0,0,195.27868972760106,17.824643770837646,222.88711782815849
0.00095333333333333338,55.647533259561321,-20.548091630751198,-35.099441628810126,-35.099441628810126,-20.548091630751198,0,0,0,0,298.49154649702956,19.262020983109906,222.59013303824528
0.00095366666666666668,55.573385991045697,-23.167474933256546,-32.405911057789154,-32.405911057789154,-23.167474933256546,0,0,0,0,408.49639833010144,20.265161644562571,222.29354396418279
0.0009540000000000001,55.499337519675358,-25.890919734272604,-29.608417785402757,-29.608417785402757,-25.890919734272604,0,0,0,0,522.81339028200944,20.811471984096897,221.99735007870143
0.0009543333333333334,55.425387713808561,-28.656199024199825,-26.76918868960874,-26.76918868960874,-28.656199024199825,0,0,0,0,638.86556985941991,20.888656393070395,221.70155085523425
0.00095466666666666671,55.351536441978965,-31.400146459416018,-23.951389982562951,-23.951389982562951,-31.400146459416018,0,0,0,0,754.03697710437302,20.494994157431748,221.40614576791586
0.00095500000000000001,55.277783572895395,-55.277783572895395,0,0,-55.277783572895395,0,0,0,0,865.73161156954609,19.639377813803399,221.11113429158158
0.00095533333333333342,55.242183927995008,-55.242183927995008,0,0,-55.242183927995008,0,235.20466564026282,235.20466564026282,0,927.32083007311917,2.1638230752587475,220.96873571198003
0.00095566666666666673,55.288081143867259,-55.288081143867259,0,0,-55.288081143867259,0,477.93969513447928,477.93969513447928,0,889.00679852641679,-15.722743205556796,221.15232457546904
0.00095600000000000004,55.406938033171151,-55.406938033171151,0,0,-55.406938033171151,0,663.41081608552713,663.41081608552713,0,758.43083177033191,-30.494049587300651,221.62775213268461
0.00095633333333333334,55.570202554988498,-55.570202554988498,0,0,-55.570202554988498,0,738.19934942859368,738.19934942859368,0,561.41235327990194,-39.24249384783397,222.28081021995399
0.00095666666666666675,55.734983346506532,-55.734983346506532,0,0,-55.734983346506532,0,670.85206658606853,670.85206658606853,0,336.82553040222501,-40.255086948553497,222.93993338602613
0.00095700000000000006,55.852567439450546,-55.852567439450546,0,0,-55.852567439450546,0,458.114131915141,458.114131915141,0,128.89090962502476,-33.352442732649308,223.41026975780218
0.00095733333333333337,55.87809112836657,-55.87809112836657,0,0,-55.87809112836657,0,125.57163676971135,125.57163676971135,0,-21.589411041052163,-19.923727834064714,223.51236451346628
0.00095766666666666678,55.796127432334721,-39.938808625358277,-15.857318806976448,-15.857318806976448,-39.938808625358277,0,0,0,0,-101.18303364805662,-15.985395110768181,223.18450972933888
0.00095800000000000008,55.72178217028042,-37.629167788695796,-18.092614381584621,-18.092614381584621,-37.629167788695796,0,0,0,0,-195.27696089951252,-17.82463269733169,222.88712868112168
0.00095833333333333339,55.647535969186876,-35.099485738823503,-20.548050230363376,-20.548050230363376,-35.099485738823503,0,0,0,0,-298.48977586657611,-19.262017036047201,222.5901438767475
0.00095866666666666669,55.573388697060821,-32.405955209880531,-23.167433487180286,-23.167433487180286,-32.405955209880531,0,0,0,0,-408.49462581011107,-20.265164912622694,222.29355478824328
0.00095900000000000011,55.499340222084868,-29.608461014854385,-25.89087920723048,-25.89087920723048,-29.608461014854385,0,0,0,0,-522.81165582627887,-20.8114823933224,221.99736088833947
0.00095933333333333341,55.425390412617261,-26.769230052498322,-28.656160360118943,-28.656160360118943,-26.769230052498322,0,0,0,0,-638.86391256212937,-20.888673708540448,221.70156165046905
0.00095966666666666672,55.351539137191651,-23.951428577039461,-31.400110560152189,-31.400110560152189,-23.951428577039461,0,0,0,0,-754.0354343189133,-20.495017988563959,221.4061565487666
0.00096000000000000002,55.277786264516863,0,-55.277786264516863,-55.277786264516863,0,0,0,0,0,-865.73021806662064,-19.639407623164121,221.11114505806745
0.00096033333333333344,55.242186467174044,0,-55.242186467174044,-55.242186467174044,0,235.20380526155739,0,0,235.20380526155739,-927.31973688930191,-2.1638995748171581,220.96874586869617
0.00096066666666666674,55.288083286188794,0,-55.288083286188794,-55.288083286188794,0,477.93825105212522,0,0,477.93825105212522,-889.00622693928733,15.722635077807709,221.15233314475518
0.00096100000000000005,55.40693964780413,0,-55.40693964780413,-55.40693964780413,0,663.40918012399936,0,0,663.40918012399936,-758.43090024985929,30.493931155856984,221.62775859121652
0.00096133333333333335,55.570203650375134,0,-55.570203650375134,-55.570203650375134,0,738.19795081823713,0,0,738.19795081823713,-561.41305404754928,39.242388471518865,222.28081460150054
0.00096166666666666677,55.734984068425177,0,-55.734984068425177,-55.734984068425177,0,670.85128683711844,0,0,670.85128683711844,-336.82673101704052,40.255015390843084,222.93993627370071
0.00096200000000000007,55.852568041846617,0,-55.852568041846617,-55.852568041846617,0,458.11422918134065,0,0,458.11422918134065,-128.89237927279035,33.352419048089786,223.41027216738647
0.00096233333333333338,55.878091922742712,0,-55.878091922742712,-55.878091922742712,0,125.57269468654448,0,0,125.57269468654448,21.587955774745158,19.92375658575833,223.51236769097085
0.00096266666666666668,55.796128302040088,-15.857283461361877,-39.938844840678215,-39.938844840678215,-15.857283461361877,0,0,0,0,101.18155200104562,15.985378078789896,223.18451320816035
0.0009630000000000001,55.721783038826956,-18.092577163958307,-37.629205874868646,-37.629205874868646,-18.092577163958307,0,0,0,0,195.27540168681,17.824621858189232,222.88713215530782
0.0009633333333333334,55.647536836576123,-20.548011989499745,-35.099524847076367,-35.099524847076367,-20.548011989499745,0,0,0,0,298.48817423697432,19.262012633809931,222.59014734630449
0.00096366666666666671,55.57338956329432,-23.167395094870681,-32.405994468423643,-32.405994468423643,-23.167395094870681,0,0,0,0,408.49301786707713,20.265167046258146,222.29355825317728
0.00096400000000000001,55.499341087164154,-25.890841538631417,-29.608499548532738,-29.608499548532738,-25.890841538631417,0,0,0,0,522.81007781412086,20.811491014471372,221.99736434865662
0.00096433333333333343,55.425391276543877,-28.656124274025469,-26.769267002518404,-26.769267002518404,-28.656124274025469,0,0,0,0,638.86240004902118,20.888688622613067,221.70156510617551
0.00096466666666666673,55.35153999996713,-31.400076879640789,-23.951463120326338,-23.951463120326338,-31.400076879640789,0,0,0,0,754.03402139519278,20.495038859131785,221.40615999986852
0.00096500000000000004,55.277787126142741,-55.277787126142741,0,0,-55.277787126142741,0,0,0,0,865.72893657643203,19.639433979549228,221.11114850457096
0.00096533333333333334,55.242187194124256,-55.242187194124256,0,0,-55.242187194124256,0,235.20303328300704,235.20303328300704,0,927.31872302604279,2.163967954858748,220.96874877649702
0.00096566666666666676,55.288083658983481,-55.288083658983481,0,0,-55.288083658983481,0,477.93695439179396,477.93695439179396,0,889.00568012944268,-15.722538136872458,221.15233463593393
0.00096600000000000006,55.406939548665989,-55.406939548665989,0,0,-55.406939548665989,0,663.40771005117881,663.40771005117881,0,758.43092786670024,-30.493824771481627,221.62775819466395
0.00096633333333333337,55.570203086511086,-55.570203086511086,0,0,-55.570203086511086,0,738.19669287722979,738.19669287722979,0,561.41365016831662,-39.242293625277654,222.28081234604434
0.00096666666666666667,55.734983170515477,-55.734983170515477,0,0,-55.734983170515477,0,670.85058438437261,670.85058438437261,0,336.82777763953993,-40.254950769910579,222.93993268206191
0.00096700000000000009,55.852567038050466,-55.852567038050466,0,0,-55.852567038050466,0,458.1143153122739,458.1143153122739,0,128.89366974168129,-33.352397342992191,223.41026815220187
0.00096733333333333339,55.878091093380959,-55.878091093380959,0,0,-55.878091093380959,0,125.57364603871775,125.57364603871775,0,-21.586675782820894,-19.923781977885977,223.51236437352384
0.0009676666666666667,55.796127542562765,-39.938876015591738,-15.857251526971027,-15.857251526971027,-39.938876015591738,0,0,0,0,-101.18024535110314,-15.985362190224626,223.18451017025106
0.00096800000000000011,55.721782280361595,-37.629238816713332,-18.092543463648258,-18.092543463648258,-37.629238816713332,0,0,0,0,-195.27402182717347,-17.824611440845501,222.88712912144638
0.00096833333333333342,55.647536079121373,-35.099558804701594,-20.547977274419782,-20.547977274419782,-35.099558804701594,0,0,0,0,-298.48675227352754,-19.262007922278826,222.59014431648549
0.00096866666666666672,55.57338880684884,-32.406028667824387,-23.167360139024449,-23.167360139024449,-32.406028667824387,0,0,0,0,-408.49158585348579,-20.265168146508593,222.29355522739536
0.00096900000000000003,55.4993403317266,-29.608533210297058,-25.890807121429543,-25.890807121429543,-29.608533210297058,0,0,0,0,-522.80866802928426,-20.811497901466769,221.9973613269064
0.00096933333333333344,55.425390522112899,-26.769299359396058,-28.656091162716844,-28.656091162716844,-26.769299359396058,0,0,0,0,-638.86104426947611,-20.88870114088094,221.7015620884516
0.00096966666666666675,55.351539246541392,-23.95149343452259,-31.400045812018806,-31.400045812018806,-23.95149343452259,0,0,0,0,-754.03275017887097,-20.495056726273546,221.40615698616557
0.00097000000000000005,55.2777863737209,0,-55.2777863737209,-55.2777863737209,0,0,0,0,0,-865.72777857391441,-19.639456792610769,221.1111454948836
0.00097033333333333336,55.242186325235146,0,-55.242186325235146,-55.242186325235146,0,235.20235394873993,0,0,235.20235394873993,-927.31779874275162,-2.1640278754371565,220.96874530094058
0.00097066666666666677,55.288082480313719,0,-55.288082480313719,-55.288082480313719,0,477.93581241415814,0,0,477.93581241415814,-889.00516591924554,15.722452905453139,221.15232992125487
0.00097100000000000007,55.406937956193268,0,-55.406937956193268,-55.406937956193268,0,663.40641425277295,0,0,663.40641425277295,-758.43091926441571,30.493731036672017,221.62775182477307
0.00097133333333333338,55.570201086217523,0,-55.570201086217523,-55.570201086217523,0,738.19558293628279,0,0,738.19558293628279,-561.41414299138034,39.242209872742166,222.28080434487009
0.00097166666666666669,55.73498087727949,0,-55.73498087727949,-55.73498087727949,0,670.84996346746107,0,0,670.84996346746107,-336.82866885736883,40.254893499679753,222.93992350911796
0.0009720000000000001,55.852564652945112,0,-55.852564652945112,-55.852564652945112,0,458.11438996816196,0,0,458.11438996816196,-128.89477793286167,33.352377800511206,223.41025861178045
0.0009723333333333334,55.878088863885708,0,-55.878088863885708,-55.878088863885708,0,125.57448526161244,0,0,125.57448526161244,21.585574446991505,19.92380392760462,223.51235545554283
0.00097266666666666671,55.796125376795096,-15.857223210782326,-39.938902166012767,-39.938902166012767,-15.857223210782326,0,0,0,0,101.1791176528739,15.985347619267047,223.18450150718039
0.00097300000000000002,55.721780117479689,-18.092513509683126,-37.629266607796559,-37.629266607796559,-18.092513509683126,0,0,0,0,195.27282619476736,17.824601601509855,222.88712046991876
0.00097333333333333343,55.647533919121386,-20.547946333547852,-35.099587585573531,-35.099587585573531,-20.547946333547852,0,0,0,0,298.48551566001578,19.262003036157591,222.59013567648554
0.00097366666666666673,55.573386649726935,-23.167328884366906,-32.406057765360032,-32.406057765360032,-23.167328884366906,0,0,0,0,408.49033613458391,20.26516832353667,222.29354659890774
0.00097400000000000004,55.49933817747894,-25.890776233185552,-29.608561944293392,-29.608561944293392,-25.890776233185552,0,0,0,0,522.80743337497836,20.811503137448,221.99735270991576
0.00097433333333333334,55.425388370735654,-28.656061312831124,-26.769327057904526,-26.769327057904526,-28.656061312831124,0,0,0,0,638.8598525090415,20.888711317587344,221.70155348294261
0.00097466666666666676,55.35153709803074,-31.40001764903587,-23.951519448994869,-23.951519448994869,-31.40001764903587,0,0,0,0,754.0316281735968,20.495071614114877,221.40614839212296
0.00097500000000000006,55.277784228073017,-55.277784228073017,0,0,-55.277784228073017,0,0,0,0,865.7267516116724,19.639476055814168,221.11113691229207
0.00097533333333333337,55.242184081350466,-55.242184081350466,0,0,-55.242184081350466,0,235.20176911637643,235.20176911637643,0,927.31697121651985,2.164079210146447,220.96873632540186
0.00097566666666666667,55.288079971599501,-55.288079971599501,0,0,-55.288079971599501,0,477.93482837906595,477.93482837906595,0,889.0046905030274,-15.722379605022951,221.152319886398
0.00097600000000000009,55.406935092722868,-55.406935092722868,0,0,-55.406935092722868,0,663.40529659076742,663.40529659076742,0,758.43087924049155,-30.49365022440864,221.62774037089147
0.00097633333333333339,55.570197872785897,-55.570197872785897,0,0,-55.570197872785897,0,738.19462447358205,738.19462447358205,0,561.41453577803156,-39.242137484722264,222.28079149114359
0.0009766666666666667,55.734977412668407,-55.734977412668407,0,0,-55.734977412668407,0,670.84942620463448,670.84942620463448,0,336.82940655811535,-40.254843795636248,222.93990965067363
0.000977,55.852561110550809,-55.852561110550809,0,0,-55.852561110550809,0,458.11445313465242,458.11445313465242,0,128.89570479182865,-33.352360538710798,223.41024444220324
0.00097733333333333331,55.878085457555031,-55.878085457555031,0,0,-55.878085457555031,0,125.57520979237785,125.57520979237785,0,-21.584651149156432,-19.923822432853299,223.51234183022012
0.00097766666666666683,55.796122027538694,-39.938923406399695,-15.857198621139002,-15.857198621139002,-39.938923406399695,0,0,0,0,-101.17816877848486,-15.985334490489095,223.18448811015477
0.00097800000000000014,55.721776772685985,-37.62928934574601,-18.092487426939972,-18.092487426939972,-37.62928934574601,0,0,0,0,-195.27181535261022,-17.824592463863041,222.88710709074394
0.00097833333333333344,55.647530578784441,-35.099611270797126,-20.547919307987318,-20.547919307987318,-35.099611270797126,0,0,0,0,-298.48446563763025,-19.261998095448007,222.59012231513776
0.00097866666666666675,55.5733833138408,-32.406081826289821,-23.167301487550976,-23.167301487550976,-32.406081826289821,0,0,0,0,-408.48927060173048,-20.265167690960403,222.2935332553632
0.00097900000000000005,55.499334846037691,-29.6085858009662,-25.890749045071491,-25.890749045071491,-29.6085858009662,0,0,0,0,-522.80637635007099,-20.811506827088586,221.99733938415076
0.00097933333333333336,55.425385043733364,-26.769350135034919,-28.656034908698448,-28.656034908698448,-26.769350135034919,0,0,0,0,-638.85882781774319,-20.888719246102241,221.70154017493346
0.00097966666666666666,55.35153377546149,-23.951541188942201,-31.399992586519286,-31.399992586519286,-23.951541188942201,0,0,0,0,-754.0306589117821,-20.495083602618031,221.40613510184596
0.00097999999999999997,55.277780909930911,0,-55.277780909930911,-55.277780909930911,0,0,0,0,0,-865.72585962486153,-19.639491833912093,221.11112363972364
0.00098033333333333349,55.242180682852293,0,-55.242180682852293,-55.242180682852293,0,235.20127849182242,0,0,235.20127849182242,-927.31624474124237,-2.1641220212087049,220.96872273140917
0.0009806666666666668,55.288076352814301,0,-55.288076352814301,-55.288076352814301,0,477.93400192517481,0,0,477.93400192517481,-889.00425848430052,15.722318188226794,221.1523054112572
0.0009810000000000001,55.406931177828817,0,-55.406931177828817,-55.406931177828817,0,663.40435681066856,0,0,663.40435681066856,-758.43081259735675,30.493582311661299,221.62772471131527
0.00098133333333333341,55.570193665444151,0,-55.570193665444151,-55.570193665444151,0,738.1938174283847,0,0,738.1938174283847,-561.41483337889508,39.242076467219704,222.2807746617766
0.00098166666666666671,55.734972995629143,0,-55.734972995629143,-55.734972995629143,0,670.8489727114885,0,0,670.8489727114885,-336.829995479339,40.254801691838082,222.93989198251657
0.00098200000000000002,55.852556629575446,0,-55.852556629575446,-55.852556629575446,0,458.11450498554473,0,0,458.11450498554473,-128.89645480283301,33.352345613242051,223.41022651830178
0.00098233333333333332,55.878081092846621,0,-55.878081092846621,-55.878081092846621,0,125.57581966774188,0,0,125.57581966774188,21.583901750214554,19.923837560208661,223.51232437138648
0.00098266666666666663,55.796117712950945,-15.857177777220684,-39.938939935730261,-39.938939935730261,-15.857177777220684,0,0,0,0,101.17739500403856,15.985322884394094,223.18447085180378
0.00098300000000000015,55.721772463847188,-18.092465246228347,-37.629307217618845,-37.629307217618845,-18.092465246228347,0,0,0,0,195.27098606432446,17.824584122578408,222.88708985538875
0.00098333333333333345,55.647526275686928,-20.547896241938265,-35.099630033748653,-35.099630033748653,-20.547896241938265,0,0,0,0,298.48359953044354,19.261993206858836,222.59010510274771
0.00098366666666666676,55.573379016476927,-23.167278007622851,-32.40610100885408,-32.40610100885408,-23.167278007622851,0,0,0,0,408.48838719974259,20.265166365118223,222.29351606590771
0.00098400000000000007,55.499330554399819,-25.890725632097162,-29.608604922302657,-29.608604922302657,-25.890725632097162,0,0,0,0,522.80549556642359,20.811509093733882,221.99732221759928
0.00098433333333333337,55.425380757813869,-28.656012042046608,-26.769368715767257,-26.769368715767257,-28.656012042046608,0,0,0,0,638.85796950574968,20.888725053997348,221.70152303125548
0.00098466666666666668,55.351529495252748,-31.399970733289155,-23.951558761963589,-23.951558761963589,-31.399970733289155,0,0,0,0,754.02984241742331,20.495092820705366,221.40611798101099
0.00098499999999999998,55.277776635425312,-55.277776635425312,0,0,-55.277776635425312,0,0,0,0,865.72510335073582,19.639504254271511,221.11110654170125
0.00098533333333333329,55.242176345208833,-55.242176345208833,0,0,-55.242176345208833,0,235.20087993730903,235.20087993730903,0,927.31562105178023,2.1641565343834017,220.96870538083533
0.00098566666666666681,55.288071838180841,-55.288071838180841,0,0,-55.288071838180841,0,477.93332959509974,477.93332959509974,0,889.00387302574438,-15.722268375440436,221.15228735272336
0.00098600000000000011,55.406926424216863,-55.406926424216863,0,0,-55.406926424216863,0,663.403591151044,663.403591151044,0,758.430724073791,-30.493527020196609,221.62770569686745
0.00098633333333333342,55.570188675453323,-55.570188675453323,0,0,-55.570188675453323,0,738.19315874678455,738.19315874678455,0,561.41504194553477,-39.242026598421177,222.28075470181329
0.00098666666666666672,55.73496783635828,-55.73496783635828,0,0,-55.73496783635828,0,670.84860144871232,670.84860144871232,0,336.83044274256417,-40.254767066790066,222.93987134543312
0.00098700000000000003,55.852551419742611,-55.852551419742611,0,0,-55.852551419742611,0,458.11454593881285,458.11454593881285,0,128.89703542249779,-33.352333027000327,223.41020567897044
0.00098733333333333334,55.878075979675138,-55.878075979675138,0,0,-55.878075979675138,0,125.57631725370101,125.57631725370101,0,-21.583319159854486,-19.923849436439511,223.51230391870055
0.00098766666666666664,55.796112642825165,-39.938952021999228,-15.85716062082594,-15.85716062082594,-39.938952021999228,0,0,0,0,-101.17678957457836,-15.985312839909191,223.18445057130066
0.00098800000000000016,55.72176740047707,-37.629320484223065,-18.092446916254001,-18.092446916254001,-37.629320484223065,0,0,0,0,-195.27033186652901,-17.824576643498176,222.88706960190828
0.00098833333333333347,55.647521219063478,-35.099644124532375,-20.547877094531106,-20.547877094531106,-35.099644124532375,0,0,0,0,-298.48291131232691,-19.261988461662174,222.59008487625391
0.00098866666666666677,55.573373966591149,-32.406115549174515,-23.167258417416637,-23.167258417416637,-32.406115549174515,0,0,0,0,-408.48768047555865,-20.265164460653722,222.29349586636459
0.00098900000000000008,55.499325511242731,-29.608619527475369,-25.890705983767358,-25.890705983767358,-29.608619527475369,0,0,0,0,-522.80478626693423,-20.811510072813888,221.99730204497092
0.00098933333333333338,55.425375721376504,-26.769382999737481,-28.65599272163902,-28.65599272163902,-26.769382999737481,0,0,0,0,-638.8572736191179,-20.888728894435559,221.70150288550602
0.00098966666666666669,55.351524465526161,-23.951572346008099,-31.399952119518066,-31.399952119518066,-23.951572346008099,0,0,0,0,-754.02917562882806,-20.495099435819558,221.40609786210464
0.00098999999999999999,55.277771612400556,0,-55.277771612400556,-55.277771612400556,0,0,0,0,0,-865.72448068883011,-19.639513494840031,221.11108644960223
0.0009903333333333333,55.242171275338293,0,-55.242171275338293,-55.242171275338293,0,235.2005697251866,0,0,235.2005697251866,-927.31509957793503,-2.1641831134040288,220.96868510135317
0.00099066666666666682,55.288066632654399,0,-55.288066632654399,-55.288066632654399,0,477.93280525066041,0,0,477.93280525066041,-889.0035359347246,15.722229688835981,221.1522665306176
0.00099100000000000013,55.406921034360764,0,-55.406921034360764,-55.406921034360764,0,663.40299279691578,0,0,663.40299279691578,-758.43061823290986,30.493483852433457,221.62768413744305
0.00099133333333333343,55.570183102887519,0,-55.570183102887519,-55.570183102887519,0,738.19264274344414,0,0,738.19264274344414,-561.41516863074946,39.24198745927913,222.28073241155008
0.00099166666666666674,55.734962133175685,0,-55.734962133175685,-55.734962133175685,0,670.84830938159655,0,0,670.84830938159655,-336.8307574126984,40.254739662731993,222.93984853270274
0.00099200000000000004,55.852545678678418,0,-55.852545678678418,-55.852545678678418,0,458.11457654449384,0,0,458.11457654449384,-128.8974565728511,33.352322734340447,223.41018271471367
0.00099233333333333335,55.878070316217737,0,-55.878070316217737,-55.878070316217737,0,125.57670684731403,0,0,125.57670684731403,21.582893822497429,19.92385823685758,223.51228126487095
0.00099266666666666665,55.796107015374233,-15.857147026709594,-39.938959988664635,-39.938959988664635,-15.857147026709594,0,0,0,0,101.17634319874303,15.985304360212027,223.18442806149693
0.00099299999999999996,55.721761780524403,-18.092432314602011,-37.629329465922389,-37.629329465922389,-18.092432314602011,0,0,0,0,195.26984359016674,17.824570067391036,222.88704712209761
0.00099333333333333348,55.647515606599086,-20.547861751171393,-35.09965385542769,-35.09965385542769,-20.547861751171393,0,0,0,0,298.48239214319858,19.261983937297281,222.59006242639634
0.00099366666666666679,55.573368361605056,-23.167242614969293,-32.406125746635766,-32.406125746635766,-23.167242614969293,0,0,0,0,408.48714211732022,20.26516208992971,222.29347344642022
0.00099400000000000009,55.499319913724975,-25.890690015273396,-29.608629898451575,-29.608629898451575,-25.890690015273396,0,0,0,0,522.80424085530046,20.811509909080819,221.9972796548999
0.0009943333333333334,55.425370131317138,-28.655976883954519,-26.769393247362618,-26.769393247362618,-28.655976883954519,0,0,0,0,638.85673344829809,20.888730941294362,221.70148052526855
0.0009946666666666667,55.351518882915236,-31.399936706622551,-23.951582176292685,-23.951582176292685,-31.399936706622551,0,0,0,0,754.02865287440056,20.495103647042875,221.40607553166095
0.00099500000000000001,55.277766037228155,-55.277766037228155,0,0,-55.277766037228155,0,0,0,0,865.72398713330188,19.639519775416243,221.11106414891262
0.00099533333333333331,55.242165668478179,-55.242165668478179,0,0,-55.242165668478179,0,235.20034283657975,235.20034283657975,0,927.31467778221622,2.1642022352310377,220.96866267391272
0.00099566666666666684,55.28806092893366,-55.28806092893366,0,0,-55.28806092893366,0,477.93242058055102,477.93242058055102,0,889.00324782976202,-15.72220148826743,221.15224371573464
0.00099600000000000014,55.406915197703285,-55.406915197703285,0,0,-55.406915197703285,0,663.40255246623656,663.40255246623656,0,758.43049941441166,-30.493452131381389,221.62766079081314
0.00099633333333333345,55.570177134026899,-55.570177134026899,0,0,-55.570177134026899,0,738.19226162192933,738.19226162192933,0,561.41522132598232,-39.24195846961635,222.2807085361076
0.00099666666666666675,55.734956070064733,-55.734956070064733,0,0,-55.734956070064733,0,670.84809230328563,670.84809230328563,0,336.83095006240035,-40.254719110784521,222.93982428025893
0.00099700000000000006,55.852539589516532,-55.852539589516532,0,0,-55.852539589516532,0,458.11459751987695,458.11459751987695,0,128.89773010856723,-33.352314650312735,223.41015835806613
0.00099733333333333336,55.878064286480537,-55.878064286480537,0,0,-55.878064286480537,0,125.57699439083098,125.57699439083098,0,-21.582614252196695,-19.923864176845292,223.51225714592215
0.00099766666666666667,55.796101014777634,-39.938964200524424,-15.857136814253213,-15.857136814253213,-39.938964200524424,0,0,0,0,-101.17604458284957,-15.98529741608575,223.18440405911053
0.00099799999999999997,55.721755787923271,-37.629334528211999,-18.092421259711276,-18.092421259711276,-37.629334528211999,0,0,0,0,-195.26950990713658,-17.824564411106355,222.88702315169309
0.00099833333333333349,55.647509621982763,-35.099659586461669,-20.54785003552109,-20.54785003552109,-35.099659586461669,0,0,0,0,-298.48203091588357,-19.26197969629807,222.59003848793105
0.0009986666666666668,55.573362384962905,-32.40613194975213,-23.167230435210772,-23.167230435210772,-32.40613194975213,0,0,0,0,-408.48676148913188,-20.265159359753234,222.29344953985162
0.0009990000000000001,55.499313945046367,-29.608636366445186,-25.890677578601181,-25.890677578601181,-29.608636366445186,0,0,0,0,-522.80384940662725,-20.811508751205565,221.99725578018547
0.00099933333333333341,55.425364170591465,-26.769399767156003,-28.655964403435465,-28.655964403435465,-26.769399767156003,0,0,0,0,-638.85634000308039,-20.888731381755647,221.70145668236586
0.00099966666666666672,55.351512930131904,-23.951588533739084,-31.399924396392823,-31.399924396392823,-23.951588533739084,0,0,0,0,-754.02826630122308,-20.495105675847448,221.40605172052761
0.001,55.277760092376575,0,-55.277760092376575,-55.277760092376575,0,0,0,0,0,-865.72361614548879,-19.639523346768996,221.1110403695063
