"Time / s","Vc:Measured voltage","AMLr:Measured current","VD1:Measured voltage","VD2:Measured voltage","VD3:Measured voltage","VD4:Measured voltage","Vmout:Measured voltage","Am1:Measured current","Am2:Measured current","Am3:Measured current","Am4:Measured current","AMIo:Measured current"
0,0,0,0,0,0,0,0,0,0,0,0,0
4.9999999999999998e-07,128.37857055664063,29.633255004882813,0,-0.14115923643112183,-0.14115923643112183,0,0.14115923643112183,543.366943359375,0,0,543.366943359375,0.5646369457244873
9.9999999999999995e-07,457.36868286132813,46.315399169921875,0,-0.50236523151397705,-0.50236523151397705,0,0.50236523151397705,848.6043701171875,0,0,848.6043701171875,2.0094609260559082
1.5e-06,843.2606201171875,42.77294921875,0,-0.92478400468826294,-0.92478400468826294,0,0.92478400468826294,781.9761962890625,0,0,781.9761962890625,3.6991360187530518
1.9999999999999999e-06,1117.598876953125,20.565017700195313,0,-1.2226406335830688,-1.2226406335830688,0,1.2226406335830688,372.1533203125,0,0,372.1533203125,4.8905625343322754
2.4999999999999998e-06,1160.7283935546875,-10.602519989013672,-1.2643296718597412,0,0,-1.2643296718597412,1.2643296718597412,0,202.398681640625,202.398681640625,0,5.0573186874389648
3.0000000000000001e-06,963.912353515625,-34.830947875976563,-1.4814094305038452,0,0,-1.4814094305038452,1.4814094305038452,0,643.615478515625,643.615478515625,0,5.9256377220153809
3.4999999999999999e-06,623.12432861328125,-43.842742919921875,-1.8545728921890259,0,0,-1.8545728921890259,1.8545728921890259,0,805.0457763671875,805.0457763671875,0,7.4182915687561035
3.9999999999999998e-06,287.18350219726563,-33.715202331542969,-2.2194883823394775,0,0,-2.2194883823394775,2.2194883823394775,0,614.56982421875,614.56982421875,0,8.8779535293579102
4.5000000000000001e-06,102.68820190429688,-8.8825740814208984,-2.4146163463592529,0,0,-2.4146163463592529,2.4146163463592529,0,153.72625732421875,153.72625732421875,0,9.6584653854370117
4.9999999999999996e-06,150.02410888671875,19.804588317871094,0,-2.3517272472381592,-2.3517272472381592,0,2.3517272472381592,377.97000122070313,0,0,377.97000122070313,9.4069089889526367
5.4999999999999999e-06,133.11557006835938,-23.701889038085938,-2.3343656063079834,0,0,-2.3343656063079834,2.3343656063079834,0,425.4481201171875,425.4481201171875,0,9.3374624252319336
6.0000000000000002e-06,-197.46817016601563,-52.61456298828125,-2.6871345043182373,0,0,-2.6871345043182373,2.6871345043182373,0,949.947021484375,949.947021484375,0,10.748538017272949
6.4999999999999996e-06,-679.0130615234375,-58.55706787109375,-3.2019917964935303,0,0,-3.2019917964935303,3.2019917964935303,0,1052.1234130859375,1052.1234130859375,0,12.807967185974121
6.9999999999999999e-06,-1101.3592529296875,-38.952392578125,-3.6470057964324951,0,0,-3.6470057964324951,3.6470057964324951,0,684.605224609375,684.605224609375,0,14.58802318572998
7.4999999999999993e-06,-1280.34033203125,-2.3768095970153809,-3.8193800449371338,0,0,-3.8193800449371338,3.8193800449371338,0,5.09375,5.09375,0,15.277520179748535
7.9999999999999996e-06,-1138.1593017578125,35.190597534179688,0,-3.6339700222015381,-3.6339700222015381,0,3.6339700222015381,692.59393310546875,0,0,692.59393310546875,14.535880088806152
8.4999999999999999e-06,-765.78228759765625,50.772171020507813,0,-4.0574865341186523,-4.0574865341186523,0,4.0574865341186523,969.484130859375,0,0,969.484130859375,16.229946136474609
9.0000000000000002e-06,-354.51687622070313,44.172607421875,0,-4.5181765556335449,-4.5181765556335449,0,4.5181765556335449,838.50634765625,0,0,838.50634765625,18.07270622253418
9.4999999999999988e-06,-83.965850830078125,18.290618896484375,0,-4.8180179595947266,-4.8180179595947266,0,4.8180179595947266,352.96969604492188,0,0,352.96969604492188,19.272071838378906
9.9999999999999991e-06,-72.162261962890625,-15.560012817382813,-4.8272604942321777,0,0,-4.8272604942321777,4.8272604942321777,0,279.083984375,279.083984375,0,19.309041976928711
1.0499999999999999e-05,-29.471767425537109,25.406967163085938,0,-4.7646822929382324,-4.7646822929382324,0,4.7646822929382324,483.4354248046875,0,0,483.4354248046875,19.05872917175293
1.1e-05,282.54403686523438,46.622879028320313,0,-5.1041097640991211,-5.1041097640991211,0,5.1041097640991211,861.1475830078125,0,0,861.1475830078125,20.416439056396484
1.15e-05,690.166015625,47.482833862304688,0,-5.5420145988464355,-5.5420145988464355,0,5.5420145988464355,864.593017578125,0,0,864.593017578125,22.168058395385742
1.2e-05,1015.4976806640625,27.62945556640625,0,-5.8821492195129395,-5.8821492195129395,0,5.8821492195129395,487.2154541015625,0,0,487.2154541015625,23.528596878051758
1.2499999999999999e-05,1116.7176513671875,-4.2528533935546875,-5.9684395790100098,0,0,-5.9684395790100098,5.9684395790100098,0,111.28936767578125,111.28936767578125,0,23.873758316040039
1.2999999999999999e-05,996.77081298828125,-23.435150146484375,-6.1015610694885254,0,0,-6.1015610694885254,6.1015610694885254,0,449.15341186523438,449.15341186523438,0,24.406244277954102
1.3499999999999999e-05,755.0013427734375,-32.379714965820313,-6.3612518310546875,0,0,-6.3612518310546875,6.3612518310546875,0,598.78271484375,598.78271484375,0,25.44500732421875
1.4e-05,496.95950317382813,-27.195213317871094,-6.6309309005737305,0,0,-6.6309309005737305,6.6309309005737305,0,488.64498901367188,488.64498901367188,0,26.523723602294922
1.45e-05,335.17752075195313,-10.160171508789063,-6.7865757942199707,0,0,-6.7865757942199707,6.7865757942199707,0,160.65283203125,160.65283203125,0,27.146303176879883
1.4999999999999999e-05,340.04373168945313,11.275432586669922,0,-6.7508740425109863,-6.7508740425109863,0,6.7508740425109863,248.19253540039063,0,0,248.19253540039063,27.003496170043945
1.5500000000000001e-05,199.40451049804688,-43.735992431640625,-6.5994729995727539,0,0,-6.5994729995727539,6.5994729995727539,0,776.28057861328125,776.28057861328125,0,26.397891998291016
1.5999999999999999e-05,-283.22146606445313,-67.68505859375,-7.100067138671875,0,0,-7.100067138671875,7.100067138671875,0,1199.688720703125,1199.688720703125,0,28.4002685546875
1.6499999999999998e-05,-845.4078369140625,-62.10931396484375,-7.6788554191589355,0,0,-7.6788554191589355,7.6788554191589355,0,1080.3046875,1080.3046875,0,30.715421676635742
1.7e-05,-1242.0289306640625,-29.468109130859375,-8.0655746459960938,0,0,-8.0655746459960938,8.0655746459960938,0,463.3707275390625,463.3707275390625,0,32.262298583984375
1.7499999999999998e-05,-1300.4422607421875,15.966316223144531,0,-8.0704154968261719,-8.0704154968261719,0,8.0704154968261719,388.66714477539063,0,0,388.66714477539063,32.281661987304688
1.8e-05,-1059.0941162109375,39.743682861328125,0,-8.3628025054931641,-8.3628025054931641,0,8.3628025054931641,805.76025390625,0,0,805.76025390625,33.451210021972656
1.8499999999999999e-05,-687.0670166015625,46.139266967773438,0,-8.7885475158691406,-8.7885475158691406,0,8.7885475158691406,903.206787109375,0,0,903.206787109375,35.154190063476563
1.8999999999999998e-05,-346.95205688476563,32.381233215332031,0,-9.1681690216064453,-9.1681690216064453,0,9.1681690216064453,630.0648193359375,0,0,630.0648193359375,36.672676086425781
1.95e-05,-187.23336791992188,4.4966773986816406,0,-9.3381147384643555,-9.3381147384643555,0,9.3381147384643555,97.1795654296875,0,0,97.1795654296875,37.352458953857422
1.9999999999999998e-05,-277.48223876953125,-25.324501037597656,-9.2221536636352539,0,0,-9.2221536636352539,9.2221536636352539,0,471.2891845703125,471.2891845703125,0,36.888614654541016
2.05e-05,-248.95639038085938,31.898208618164063,0,-9.1703433990478516,-9.1703433990478516,0,9.1703433990478516,599.58172607421875,0,0,599.58172607421875,36.681373596191406
2.0999999999999999e-05,142.83084106445313,58.549072265625,0,-9.5846586227416992,-9.5846586227416992,0,9.5846586227416992,1066.6920166015625,0,0,1066.6920166015625,38.338634490966797
2.1499999999999997e-05,654.80224609375,59.649856567382813,0,-10.11912727355957,-10.11912727355957,0,10.11912727355957,1064.0660400390625,0,0,1064.0660400390625,40.476509094238281
2.1999999999999999e-05,1063.6427001953125,34.746070861816406,0,-10.527421951293945,-10.527421951293945,0,10.527421951293945,583.3743896484375,0,0,583.3743896484375,42.109687805175781
2.2499999999999998e-05,1191.27734375,-5.265350341796875,-10.613600730895996,0,0,-10.613600730895996,10.613600730895996,0,174.99159240722656,174.99159240722656,0,42.454402923583984
2.3e-05,1065.8095703125,-23.695587158203125,-10.763362884521484,0,0,-10.763362884521484,10.763362884521484,0,488.28463745117188,488.28463745117188,0,43.053451538085938
2.3499999999999999e-05,825.56103515625,-31.767433166503906,-11.026527404785156,0,0,-11.026527404785156,11.026527404785156,0,611.1064453125,611.1064453125,0,44.106109619140625
2.4000000000000001e-05,575.45452880859375,-25.975662231445313,-11.287228584289551,0,0,-11.287228584289551,11.287228584289551,0,479.03634643554688,479.03634643554688,0,45.148914337158203
2.4499999999999999e-05,424.55294799804688,-8.8687839508056641,-11.425291061401367,0,0,-11.425291061401367,11.425291061401367,0,138.96337890625,138.96337890625,0,45.701164245605469
2.4999999999999998e-05,438.44973754882813,-1.0412263870239258,-11.368712425231934,0,0,-11.368712425231934,11.368712425231934,0,0,0,0,45.474849700927734
2.55e-05,252.7901611328125,-41.820709228515625,-11.534028053283691,0,0,-11.534028053283691,11.534028053283691,0,721.4537353515625,721.4537353515625,0,46.136112213134766
2.5999999999999998e-05,-207.14541625976563,-64.365921020507813,-11.987129211425781,0,0,-11.987129211425781,11.987129211425781,0,1107.73974609375,1107.73974609375,0,47.948516845703125
2.65e-05,-740.8587646484375,-58.859725952148438,-12.506513595581055,0,0,-12.506513595581055,12.506513595581055,0,978.3826904296875,978.3826904296875,0,50.026054382324219
2.6999999999999999e-05,-1115.8759765625,-27.735504150390625,-12.835918426513672,0,0,-12.835918426513672,12.835918426513672,0,378.1591796875,378.1591796875,0,51.343673706054688
2.7499999999999998e-05,-1169.2440185546875,15.392303466796875,0,-12.796243667602539,-12.796243667602539,0,12.796243667602539,442.56826782226563,0,0,442.56826782226563,51.184974670410156
2.8e-05,-978.969482421875,28.5250244140625,0,-13.052474975585938,-13.052474975585938,0,13.052474975585938,653.5162353515625,0,0,653.5162353515625,52.20989990234375
2.8499999999999998e-05,-729.06732177734375,29.162498474121094,0,-13.358623504638672,-13.358623504638672,0,13.358623504638672,634.625732421875,0,0,634.625732421875,53.434494018554688
2.9e-05,-528.8968505859375,17.048355102539063,0,-13.594023704528809,-13.594023704528809,0,13.594023704528809,381.21981811523438,0,0,381.21981811523438,54.376094818115234
2.9499999999999999e-05,-465.92391967773438,-2.0711972713470459,-10.068153381347656,-3.5942592620849609,-3.5942592620849609,-10.068153381347656,13.662412643432617,0,0,0,0,54.649650573730469
2.9999999999999997e-05,-486.42947387695313,-2.8292801380157471,0,-13.635114669799805,-13.635114669799805,0,13.635114669799805,0,0,0,0,54.540458679199219
3.0499999999999999e-05,-329.30044555664063,39.099578857421875,0,-13.798685073852539,-13.798685073852539,0,13.798685073852539,737.2886962890625,0,0,737.2886962890625,55.194740295410156
3.1000000000000001e-05,117.08731079101563,63.954635620117188,0,-14.263896942138672,-14.263896942138672,0,14.263896942138672,1160.6824951171875,0,0,1160.6824951171875,57.055587768554688
3.15e-05,657.9288330078125,60.912307739257813,0,-14.815463066101074,-14.815463066101074,0,14.815463066101074,1071.207763671875,0,0,1071.207763671875,59.261852264404297
3.1999999999999999e-05,1057.436279296875,31.333023071289063,0,-15.19339656829834,-15.19339656829834,0,15.19339656829834,493.9178466796875,0,0,493.9178466796875,60.773586273193359
3.2499999999999997e-05,1141.7880859375,-11.84002685546875,-15.206562042236328,0,0,-15.206562042236328,15.206562042236328,0,333.15997314453125,333.15997314453125,0,60.826248168945313
3.2999999999999996e-05,994.2171630859375,-22.223739624023438,-15.387540817260742,0,0,-15.387540817260742,15.387540817260742,0,488.19113159179688,488.19113159179688,0,61.550163269042969
3.3500000000000001e-05,798.79241943359375,-22.892066955566406,-15.602946281433105,0,0,-15.602946281433105,15.602946281433105,0,464.56393432617188,464.56393432617188,0,62.411785125732422
3.4e-05,640.84600830078125,-13.57598876953125,-15.758665084838867,0,0,-15.758665084838867,15.758665084838867,0,257.37362670898438,257.37362670898438,0,63.034660339355469
3.4499999999999998e-05,589.1585693359375,-1.1729121208190918,-7.6274566650390625,-8.1515827178955078,-8.1515827178955078,-7.6274566650390625,15.779037475585938,0,0,0,0,63.11614990234375
3.4999999999999997e-05,579.741455078125,-1.0776222944259644,-15.74751091003418,0,0,-15.74751091003418,15.74751091003418,0,0,0,0,62.990043640136719
3.5499999999999996e-05,380.73886108398438,-44.866134643554688,-15.915884017944336,0,0,-15.915884017944336,15.915884017944336,0,766.5009765625,766.5009765625,0,63.663536071777344
3.6000000000000001e-05,-112.89566040039063,-69.102752685546875,-16.389341354370117,0,0,-16.389341354370117,16.389341354370117,0,1173.638427734375,1173.638427734375,0,65.557365417480469
3.65e-05,-686.0740966796875,-63.237533569335938,-16.930286407470703,0,0,-16.930286407470703,16.930286407470703,0,1027.47607421875,1027.47607421875,0,67.721145629882813
3.6999999999999998e-05,-1089.2646484375,-29.866569519042969,-17.263675689697266,0,0,-17.263675689697266,17.263675689697266,0,375.7940673828125,375.7940673828125,0,69.054702758789063
3.7499999999999997e-05,-1147.4346923828125,16.409088134765625,0,-17.197168350219727,-17.197168350219727,0,17.197168350219727,512.89349365234375,0,0,512.89349365234375,68.788673400878906
3.7999999999999995e-05,-971.2723388671875,24.248687744140625,0,-17.452348709106445,-17.452348709106445,0,17.452348709106445,616.5645751953125,0,0,616.5645751953125,69.809394836425781
3.8500000000000001e-05,-773.29046630859375,21.451377868652344,0,-17.710800170898438,-17.710800170898438,0,17.710800170898438,524.538818359375,0,0,524.538818359375,70.84320068359375
3.8999999999999999e-05,-640.23846435546875,9.2637176513671875,0,-17.876867294311523,-17.876867294311523,0,17.876867294311523,259.78488159179688,0,0,259.78488159179688,71.507469177246094
3.9499999999999998e-05,-630.311767578125,-3.1362342834472656,-8.2106161117553711,-9.6759662628173828,-9.6759662628173828,-8.2106161117553711,17.88658332824707,0,0,0,0,71.546333312988281
3.9999999999999996e-05,-655.45867919921875,-2.8734416961669922,0,-17.850845336914063,-17.850845336914063,0,17.850845336914063,0,0,0,0,71.40338134765625
4.0499999999999995e-05,-479.03494262695313,43.599212646484375,0,-18.025177001953125,-18.025177001953125,0,18.025177001953125,810.8543701171875,0,0,810.8543701171875,72.1007080078125
4.1e-05,17.540805816650391,71.043594360351563,0,-18.530193328857422,-18.530193328857422,0,18.530193328857422,1271.9071044921875,0,0,1271.9071044921875,74.120773315429688
4.1499999999999999e-05,617.6602783203125,67.511703491210938,0,-19.126535415649414,-19.126535415649414,0,19.126535415649414,1163.5205078125,0,0,1163.5205078125,76.506141662597656
4.1999999999999998e-05,1059.8160400390625,34.584114074707031,0,-19.525888442993164,-19.525888442993164,0,19.525888442993164,514.8076171875,0,0,514.8076171875,78.103553771972656
4.2499999999999996e-05,1151.7796630859375,-13.328041076660156,-19.516904830932617,0,0,-19.516904830932617,19.516904830932617,0,409.20346069335938,409.20346069335938,0,78.067619323730469
4.2999999999999995e-05,1007.5238037109375,-19.968803405761719,-19.707475662231445,0,0,-19.707475662231445,19.707475662231445,0,485.58786010742188,485.58786010742188,0,78.829902648925781
4.35e-05,843.61431884765625,-17.870399475097656,-19.896463394165039,0,0,-19.896463394165039,19.896463394165039,0,401.23995971679688,401.23995971679688,0,79.585853576660156
4.3999999999999999e-05,731.67626953125,-7.9756126403808594,-20.004922866821289,0,0,-20.004922866821289,20.004922866821289,0,173.546875,173.546875,0,80.019691467285156
4.4499999999999997e-05,720.4261474609375,-0.30615806579589844,-12.897449493408203,-7.0818972587585449,-7.0818972587585449,-12.897449493408203,19.979347229003906,0,0,0,0,79.917388916015625
4.4999999999999996e-05,714.84991455078125,-1.0264747142791748,-19.939428329467773,0,0,-19.939428329467773,19.939428329467773,0,0,0,0,79.757713317871094
4.5499999999999995e-05,503.77114868164063,-47.706527709960938,-20.110746383666992,0,0,-20.110746383666992,20.110746383666992,0,809.8251953125,809.8251953125,0,80.442985534667969
4.6e-05,-21.660068511962891,-73.605270385742188,-20.603969573974609,0,0,-20.603969573974609,20.603969573974609,0,1237.7110595703125,1237.7110595703125,0,82.415878295898438
4.6499999999999999e-05,-632.5850830078125,-67.452529907226563,-21.166301727294922,0,0,-21.166301727294922,21.166301727294922,0,1076.4896240234375,1076.4896240234375,0,84.665206909179688
4.6999999999999997e-05,-1063.1497802734375,-31.975616455078125,-21.504734039306641,0,0,-21.504734039306641,21.504734039306641,0,376.365234375,376.365234375,0,86.018936157226563
4.7499999999999996e-05,-1126.5753173828125,17.299468994140625,0,-21.414037704467773,-21.414037704467773,0,21.414037704467773,577.13134765625,0,0,577.13134765625,85.656150817871094
4.8000000000000001e-05,-964.5731201171875,20.087928771972656,0,-21.666709899902344,-21.666709899902344,0,21.666709899902344,578.3916015625,0,0,578.3916015625,86.666839599609375
4.85e-05,-816.6768798828125,14.048408508300781,0,-21.8782958984375,-21.8782958984375,0,21.8782958984375,417.19235229492188,0,0,417.19235229492188,87.51318359375
4.8999999999999998e-05,-747.81890869140625,1.8462238311767578,0,-21.977268218994141,-21.977268218994141,0,21.977268218994141,142.5982666015625,0,0,142.5982666015625,87.909072875976563
4.9499999999999997e-05,-788.19354248046875,-4.0710234642028809,-6.4201087951660156,-15.510446548461914,-15.510446548461914,-6.4201087951660156,21.93055534362793,0,0,0,0,87.722221374511719
4.9999999999999996e-05,-817.07012939453125,-2.8299927711486816,0,-21.886737823486328,-21.886737823486328,0,21.886737823486328,0,0,0,0,87.546951293945313
5.0500000000000001e-05,-621.55670166015625,47.963943481445313,0,-22.071264266967773,-22.071264266967773,0,22.071264266967773,880.757080078125,0,0,880.757080078125,88.285057067871094
5.1e-05,-76.668792724609375,77.83441162109375,0,-22.613893508911133,-22.613893508911133,0,22.613893508911133,1376.8951416015625,0,0,1376.8951416015625,90.455574035644531
5.1499999999999998e-05,580.0028076171875,73.77996826171875,0,-23.252105712890625,-23.252105712890625,0,23.252105712890625,1249.4178466796875,0,0,1249.4178466796875,93.0084228515625
5.1999999999999997e-05,1062.4210205078125,37.615463256835938,0,-23.670560836791992,-23.670560836791992,0,23.670560836791992,531.75732421875,0,0,531.75732421875,94.682243347167969
5.2499999999999995e-05,1160.9893798828125,-14.829078674316406,-23.638853073120117,0,0,-23.638853073120117,23.638853073120117,0,484.9566650390625,484.9566650390625,0,94.555412292480469
5.3000000000000001e-05,1019.3763427734375,-17.85595703125,-23.839977264404297,0,0,-23.839977264404297,23.839977264404297,0,485.49728393554688,485.49728393554688,0,95.359909057617188
5.3499999999999999e-05,885.46197509765625,-13.057548522949219,-24.00465202331543,0,0,-24.00465202331543,24.00465202331543,0,342.08322143554688,342.08322143554688,0,96.018608093261719
5.3999999999999998e-05,817.83123779296875,-2.55908203125,-24.068368911743164,0,0,-24.068368911743164,24.068368911743164,0,93.855224609375,93.855224609375,0,96.273475646972656
5.4499999999999997e-05,845.884033203125,0.60892105102539063,-17.936820983886719,-6.0621252059936523,-6.0621252059936523,-17.936820983886719,23.998945236206055,0,0,0,0,95.995780944824219
5.4999999999999995e-05,844.69488525390625,-0.89310300350189209,-23.950994491577148,0,0,-23.950994491577148,23.950994491577148,0,0,0,0,95.803977966308594
5.5500000000000001e-05,622.59423828125,-50.385513305664063,-24.125320434570313,0,0,-24.125320434570313,24.125320434570313,0,852.114990234375,852.114990234375,0,96.50128173828125
5.5999999999999999e-05,66.806610107421875,-77.936370849609375,-24.638151168823242,0,0,-24.638151168823242,24.638151168823242,0,1300.985107421875,1300.985107421875,0,98.552604675292969
5.6499999999999998e-05,-580.6556396484375,-71.5595703125,-25.222177505493164,0,0,-25.222177505493164,25.222177505493164,0,1126.285888671875,1126.285888671875,0,100.88871002197266
5.6999999999999996e-05,-1038.1324462890625,-34.085693359375,-25.566986083984375,0,0,-25.566986083984375,25.566986083984375,0,380.1319580078125,380.1319580078125,0,102.2679443359375
5.7499999999999995e-05,-1107.2857666015625,-12.622642517089844,-0.47519111633300781,-24.979476928710938,-24.979476928710938,-0.47519111633300781,25.454669952392578,0,0,0,0,101.81867980957031
5.8e-05,-1198.7491455078125,-9.2355613708496094,0,-25.403810501098633,-25.403810501098633,0,25.403810501098633,0,0,0,0,101.61524200439453
5.8499999999999999e-05,-1241.6175537109375,-0.66553306579589844,0,-25.375858306884766,-25.375858306884766,0,25.375858306884766,98.39068603515625,0,0,98.39068603515625,101.50343322753906
5.8999999999999998e-05,-1209.0435791015625,8.1859512329101563,0,-25.401538848876953,-25.401538848876953,0,25.401538848876953,201.9461669921875,0,0,201.9461669921875,101.60615539550781
5.9499999999999996e-05,-1115.2080078125,13.482780456542969,0,-25.465122222900391,-25.465122222900391,0,25.465122222900391,240.19906616210938,0,0,240.19906616210938,101.86048889160156
5.9999999999999995e-05,-1000.792724609375,12.942729949951172,0,-25.521739959716797,-25.521739959716797,0,25.521739959716797,171.2530517578125,0,0,171.2530517578125,102.08695983886719
6.05e-05,-658.45068359375,66.099151611328125,0,-25.799346923828125,-25.799346923828125,0,25.799346923828125,1086.816162109375,0,0,1086.816162109375,103.1973876953125
6.0999999999999999e-05,19.717929840087891,90.48138427734375,0,-26.415655136108398,-26.415655136108398,0,26.415655136108398,1473.5699462890625,0,0,1473.5699462890625,105.66262054443359
6.1499999999999991e-05,738.5257568359375,75.492218017578125,0,-27.044788360595703,-27.044788360595703,0,27.044788360595703,1136.7344970703125,0,0,1136.7344970703125,108.17915344238281
6.2000000000000003e-05,1185.460693359375,27.726596832275391,0,-27.342494964599609,-27.342494964599609,0,27.342494964599609,197.6446533203125,0,0,197.6446533203125,109.36997985839844
6.2500000000000001e-05,1167.1094970703125,-31.917205810546875,-27.096523284912109,0,0,-27.096523284912109,27.096523284912109,0,959.37451171875,959.37451171875,0,108.38609313964844
6.3e-05,906.009521484375,-28.34197998046875,-27.500469207763672,0,0,-27.500469207763672,27.500469207763672,0,830.57763671875,830.57763671875,0,110.00187683105469
6.3499999999999999e-05,729.90185546875,-12.302947998046875,-27.778358459472656,0,0,-27.778358459472656,27.778358459472656,0,472.38143920898438,472.38143920898438,0,111.11343383789063
6.3999999999999997e-05,716.2701416015625,9.1612224578857422,-27.844964981079102,0,0,-27.844964981079102,27.844964981079102,0,14.278564453125,14.278564453125,0,111.37985992431641
6.4499999999999996e-05,871.37884521484375,8.7423801422119141,-20.40179443359375,-7.2919621467590332,-7.2919621467590332,-20.40179443359375,27.693759918212891,0,0,0,0,110.77503967285156
6.4999999999999994e-05,936.7489013671875,6.8799610137939453,-27.638427734375,0,0,-27.638427734375,27.638427734375,0,0,0,0,110.5537109375
6.5499999999999993e-05,769.4779052734375,-45.489959716796875,-27.814193725585938,0,0,-27.814193725585938,27.814193725585938,0,896.352783203125,896.352783203125,0,111.25677490234375
6.5999999999999992e-05,234.58724975585938,-77.99755859375,-28.361495971679688,0,0,-28.361495971679688,28.361495971679688,0,1427.5545654296875,1427.5545654296875,0,113.44598388671875
6.6500000000000004e-05,-434.56338500976563,-76.495880126953125,-29.022430419921875,0,0,-29.022430419921875,29.022430419921875,0,1333.563720703125,1333.563720703125,0,116.0897216796875
6.7000000000000002e-05,-946.406005859375,-41.691947937011719,-29.47551155090332,0,0,-29.47551155090332,29.47551155090332,0,627.455322265625,627.455322265625,0,117.90204620361328
6.7500000000000001e-05,-1078.4737548828125,-8.6490821838378906,-3.182581901550293,-26.293537139892578,-26.293537139892578,-3.182581901550293,29.47612190246582,0,0,0,0,117.90448760986328
6.7999999999999999e-05,-1137.833740234375,-5.5369596481323242,-1.7205600738525391,-27.696666717529297,-27.696666717529297,-1.7205600738525391,29.417228698730469,0,0,0,0,117.66891479492188
6.8499999999999998e-05,-1169.9774169921875,-2.1448752880096436,-0.91584014892578125,-28.442615509033203,-28.442615509033203,-0.91584014892578125,29.358453750610352,0,0,0,0,117.43381500244141
6.8999999999999997e-05,-1173.2802734375,1.3555247783660889,-0.80760383605957031,-28.492191314697266,-28.492191314697266,-0.80760383605957031,29.299795150756836,0,0,0,0,117.19918060302734
6.9499999999999995e-05,-1147.5767822265625,4.7871265411376953,-1.3998079299926758,-27.841445922851563,-27.841445922851563,-1.3998079299926758,29.241254806518555,0,0,0,0,116.96501922607422
6.9999999999999994e-05,-1094.1693115234375,7.9763059616088867,0,-29.182830810546875,-29.182830810546875,0,29.182830810546875,0,0,0,0,116.7313232421875
7.0499999999999992e-05,-784.4683837890625,63.537765502929688,0,-29.375097274780273,-29.375097274780273,0,29.375097274780273,951.296630859375,0,0,951.296630859375,117.50038909912109
7.0999999999999991e-05,-113.06088256835938,91.49017333984375,0,-29.930553436279297,-29.930553436279297,0,29.930553436279297,1395.3236083984375,0,0,1395.3236083984375,119.72221374511719
7.1500000000000003e-05,628.2220458984375,79.68096923828125,0,-30.527027130126953,-30.527027130126953,0,30.527027130126953,1108.713623046875,0,0,1108.713623046875,122.10810852050781
7.2000000000000002e-05,1117.4913330078125,33.321151733398438,0,-30.8099365234375,-30.8099365234375,0,30.8099365234375,187.360595703125,0,0,187.360595703125,123.23974609375
7.25e-05,1143.3265380859375,20.779972076416016,-28.397972106933594,-2.1492424011230469,-2.1492424011230469,-28.397972106933594,30.547216415405273,0,0,0,0,122.18886566162109
7.2999999999999999e-05,1301.279541015625,16.968130111694336,-30.486183166503906,0,0,-30.486183166503906,30.486183166503906,0,0,0,0,121.94473266601563
7.3499999999999998e-05,1401.892822265625,6.2738151550292969,-30.452497482299805,0,0,-30.452497482299805,30.452497482299805,0,125.59063720703125,125.59063720703125,0,121.80998992919922
7.3999999999999996e-05,1398.2884521484375,-7.0971412658691406,-30.498220443725586,0,0,-30.498220443725586,30.498220443725586,0,300.26132202148438,300.26132202148438,0,121.99288177490234
7.4499999999999995e-05,1292.4249267578125,-17.340080261230469,-30.620975494384766,0,0,-30.620975494384766,30.620975494384766,0,417.36361694335938,417.36361694335938,0,122.48390197753906
7.4999999999999993e-05,1130.6180419921875,-20.019264221191406,-30.769554138183594,0,0,-30.769554138183594,30.769554138183594,0,395.41806030273438,395.41806030273438,0,123.07821655273438
7.5499999999999992e-05,726.539306640625,-73.26971435546875,-31.148630142211914,0,0,-31.148630142211914,31.148630142211914,0,1300.4345703125,1300.4345703125,0,124.59452056884766
7.5999999999999991e-05,-0.49222183227539063,-94.587371826171875,-31.845861434936523,0,0,-31.845861434936523,31.845861434936523,0,1618.49609375,1618.49609375,0,127.38344573974609
7.6500000000000003e-05,-733.7542724609375,-74.720489501953125,-32.511653900146484,0,0,-32.511653900146484,32.511653900146484,0,1179.57666015625,1179.57666015625,0,130.04661560058594
7.7000000000000001e-05,-1154.2818603515625,-22.400293350219727,-32.794708251953125,0,0,-32.794708251953125,32.794708251953125,0,144.30224609375,144.30224609375,0,131.1788330078125
7.75e-05,-1080.09912109375,-12.014503479003906,-4.6521949768066406,-27.843265533447266,-27.843265533447266,-4.6521949768066406,32.495464324951172,0,0,0,0,129.98185729980469
7.7999999999999999e-05,-1167.2254638671875,-8.8072099685668945,-2.5167236328125,-29.913810729980469,-29.913810729980469,-2.5167236328125,32.430538177490234,0,0,0,0,129.72215270996094
7.8499999999999997e-05,-1225.646728515625,-5.1544971466064453,-1.0745477676391602,-31.291194915771484,-31.291194915771484,-1.0745477676391602,32.365741729736328,0,0,0,0,129.46296691894531
7.8999999999999996e-05,-1252.4088134765625,-1.2412058115005493,-0.39695167541503906,-31.904125213623047,-31.904125213623047,-0.39695167541503906,32.301074981689453,0,0,0,0,129.20429992675781
7.9499999999999994e-05,-1246.1595458984375,2.7346479892730713,-0.51654052734375,-31.719997406005859,-31.719997406005859,-0.51654052734375,32.236537933349609,0,0,0,0,128.94615173339844
7.9999999999999993e-05,-1207.217041015625,6.5718941688537598,0,-32.172130584716797,-32.172130584716797,0,32.172130584716797,0,0,0,0,128.68852233886719
8.0499999999999992e-05,-895.9019775390625,65.313507080078125,0,-32.371337890625,-32.371337890625,0,32.371337890625,1002.695556640625,0,0,1002.695556640625,129.4853515625
8.099999999999999e-05,-198.71188354492188,95.666015625,0,-32.956817626953125,-32.956817626953125,0,32.956817626953125,1483.7698974609375,0,0,1483.7698974609375,131.8272705078125
8.1500000000000002e-05,581.2410888671875,84.432891845703125,0,-33.593921661376953,-33.593921661376953,0,33.593921661376953,1200.670654296875,0,0,1200.670654296875,134.37568664550781
8.2000000000000001e-05,1105.197021484375,36.578197479248047,0,-33.909450531005859,-33.909450531005859,0,33.909450531005859,244.75732421875,0,0,244.75732421875,135.63780212402344
8.25e-05,1146.6402587890625,21.280059814453125,-30.031864166259766,-3.62286376953125,-3.62286376953125,-30.031864166259766,33.654727935791016,0,0,0,0,134.61891174316406
8.2999999999999998e-05,1308.6414794921875,17.435501098632813,-33.587486267089844,0,0,-33.587486267089844,33.587486267089844,0,0,0,0,134.34994506835938
8.3499999999999997e-05,1423.45166015625,9.0830020904541016,-33.53448486328125,0,0,-33.53448486328125,33.53448486328125,0,75.47705078125,75.47705078125,0,134.137939453125
8.3999999999999995e-05,1448.993896484375,-3.1787490844726563,-33.540927886962891,0,0,-33.540927886962891,33.540927886962891,0,222.71136474609375,222.71136474609375,0,134.16371154785156
8.4499999999999994e-05,1374.440185546875,-14.031913757324219,-33.618595123291016,0,0,-33.618595123291016,33.618595123291016,0,344.01168823242188,344.01168823242188,0,134.47438049316406
8.4999999999999993e-05,1232.3544921875,-18.776580810546875,-33.731449127197266,0,0,-33.731449127197266,33.731449127197266,0,353.05050659179688,353.05050659179688,0,134.92579650878906
8.5499999999999991e-05,827.69659423828125,-74.648590087890625,-34.093761444091797,0,0,-34.093761444091797,34.093761444091797,0,1299.3116455078125,1299.3116455078125,0,136.37504577636719
8.599999999999999e-05,79.912567138671875,-98.002471923828125,-34.793033599853516,0,0,-34.793033599853516,34.793033599853516,0,1647.898193359375,1647.898193359375,0,139.17213439941406
8.6500000000000002e-05,-685.3682861328125,-78.701171875,-35.469829559326172,0,0,-35.469829559326172,35.469829559326172,0,1212.513916015625,1212.513916015625,0,141.87931823730469
8.7000000000000001e-05,-1135.388671875,-25.233081817626953,-35.757667541503906,0,0,-35.757667541503906,35.757667541503906,0,149.32861328125,149.32861328125,0,143.03067016601563
8.7499999999999999e-05,-1075.517822265625,-14.665908813476563,-6.2359838485717773,-29.207096099853516,-29.207096099853516,-6.2359838485717773,35.443080902099609,0,0,0,0,141.77232360839844
8.7999999999999998e-05,-1184.667724609375,-11.419076919555664,-3.5657892227172852,-31.806476593017578,-31.806476593017578,-3.5657892227172852,35.372264862060547,0,0,0,0,141.48905944824219
8.8499999999999996e-05,-1264.228759765625,-7.5946760177612305,-1.6102666854858398,-33.691322326660156,-33.691322326660156,-1.6102666854858398,35.301589965820313,0,0,0,0,141.20635986328125
8.8999999999999995e-05,-1310.17724609375,-3.3862423896789551,-0.46652889251708984,-34.7645263671875,-34.7645263671875,-0.46652889251708984,35.231056213378906,0,0,0,0,140.92422485351563
8.9499999999999994e-05,-1320.1903076171875,0.99326777458190918,-0.19060993194580078,-34.970054626464844,-34.970054626464844,-0.19060993194580078,35.160663604736328,0,0,0,0,140.64265441894531
8.9999999999999992e-05,-1293.7635498046875,5.3222551345825195,0,-35.090412139892578,-35.090412139892578,0,35.090412139892578,0,0,0,0,140.36164855957031
9.0499999999999991e-05,-985.0301513671875,65.966232299804688,0,-35.290718078613281,-35.290718078613281,0,35.290718078613281,1030.8282470703125,0,0,1030.8282470703125,141.16287231445313
9.0999999999999989e-05,-275.19174194335938,97.932952880859375,0,-35.890659332275391,-35.890659332275391,0,35.890659332275391,1534.7335205078125,0,0,1534.7335205078125,143.56263732910156
9.1500000000000001e-05,527.1058349609375,87.324813842773438,0,-36.549449920654297,-36.549449920654297,0,36.549449920654297,1256.27685546875,0,0,1256.27685546875,146.19779968261719
9.2e-05,1073.366455078125,38.836647033691406,0,-36.883163452148438,-36.883163452148438,0,36.883163452148438,281.880615234375,0,0,281.880615234375,147.53265380859375
9.2499999999999999e-05,1127.387939453125,21.894512176513672,-31.056003570556641,-5.5764503479003906,-5.5764503479003906,-31.056003570556641,36.632453918457031,0,0,0,0,146.52981567382813
9.2999999999999997e-05,1294.9532470703125,18.15077018737793,-35.064590454101563,-1.4946689605712891,-1.4946689605712891,-35.064590454101563,36.559261322021484,0,0,0,0,146.23704528808594
9.3499999999999996e-05,1427.3460693359375,13.488885879516602,-36.486217498779297,0,0,-36.486217498779297,36.486217498779297,0,0,0,0,145.94486999511719
9.3999999999999994e-05,1497.6260986328125,2.7424983978271484,-36.438549041748047,0,0,-36.438549041748047,36.438549041748047,0,112.666259765625,112.666259765625,0,145.75419616699219
9.4499999999999993e-05,1469.712646484375,-9.1868858337402344,-36.456768035888672,0,0,-36.456768035888672,36.456768035888672,0,247.06527709960938,247.06527709960938,0,145.82707214355469
9.4999999999999992e-05,1355.746826171875,-17.131221771240234,-36.527366638183594,0,0,-36.527366638183594,36.527366638183594,0,308.26766967773438,308.26766967773438,0,146.10946655273438
9.549999999999999e-05,948.335205078125,-76.93145751953125,-36.878215789794922,0,0,-36.878215789794922,36.878215789794922,0,1320.1177978515625,1320.1177978515625,0,147.51286315917969
9.6000000000000002e-05,168.03012084960938,-103.22998046875,-37.595542907714844,0,0,-37.595542907714844,37.595542907714844,0,1716.24658203125,1716.24658203125,0,150.38217163085938
9.6500000000000001e-05,-645.4664306640625,-84.608169555664063,-38.304370880126953,0,0,-38.304370880126953,38.304370880126953,0,1286.798583984375,1286.798583984375,0,153.21748352050781
9.7e-05,-1138.5078125,-29.262210845947266,-38.615177154541016,0,0,-38.615177154541016,38.615177154541016,0,182.57763671875,182.57763671875,0,154.46070861816406
9.7499999999999998e-05,-1097.87841796875,-16.996192932128906,-7.1209893226623535,-31.173084259033203,-31.173084259033203,-7.1209893226623535,38.294071197509766,0,0,0,0,153.17628479003906
9.7999999999999997e-05,-1225.717041015625,-13.55507755279541,-3.9967308044433594,-34.220829010009766,-34.220829010009766,-3.9967308044433594,38.217559814453125,0,0,0,0,152.8702392578125
9.8499999999999995e-05,-1321.888671875,-9.4283304214477539,-1.637354850769043,-36.50384521484375,-36.50384521484375,-1.637354850769043,38.141201019287109,0,0,0,0,152.56480407714844
9.8999999999999994e-05,-1381.529296875,-4.8247928619384766,-0.16025733947753906,-37.904735565185547,-37.904735565185547,-0.16025733947753906,38.064994812011719,0,0,0,0,152.25997924804688
9.9499999999999993e-05,-1401.6234130859375,0.022582560777664185,0,-37.988941192626953,-37.988941192626953,0,37.988941192626953,0,0,0,0,151.95576477050781
9.9999999999999991e-05,-1378.8880615234375,5.2414216995239258,0,-37.915870666503906,-37.915870666503906,0,37.915870666503906,7.8302001953125,0,0,7.8302001953125,151.66348266601563
0.00010049999999999999,-1063.6497802734375,67.548965454101563,0,-38.120700836181641,-38.120700836181641,0,38.120700836181641,1062.6229248046875,0,0,1062.6229248046875,152.48280334472656
0.000101,-335.87655639648438,100.49148559570313,0,-38.734443664550781,-38.734443664550781,0,38.734443664550781,1577.8565673828125,0,0,1577.8565673828125,154.93777465820313
0.0001015,487.99697875976563,89.748855590820313,0,-39.407733917236328,-39.407733917236328,0,39.407733917236328,1290.332763671875,0,0,1290.332763671875,157.63093566894531
0.000102,1050.12744140625,40.078601837158203,0,-39.746326446533203,-39.746326446533203,0,39.746326446533203,287.628662109375,0,0,287.628662109375,158.98530578613281
0.0001025,1107.488037109375,22.98309326171875,-32.001232147216797,-7.4821748733520508,-7.4821748733520508,-32.001232147216797,39.483406066894531,0,0,0,0,157.93362426757813
0.000103,1284.5513916015625,19.332057952880859,-36.236339569091797,-3.1681795120239258,-3.1681795120239258,-36.236339569091797,39.404518127441406,0,0,0,0,157.61807250976563
0.00010349999999999999,1426.968017578125,14.703105926513672,-39.325786590576172,0,0,-39.325786590576172,39.325786590576172,0,0,0,0,157.30314636230469
0.00010399999999999999,1517.8460693359375,6.2838840484619141,-39.259281158447266,0,0,-39.259281158447266,39.259281158447266,0,63.42767333984375,63.42767333984375,0,157.03712463378906
0.00010449999999999999,1524.0003662109375,-4.8633918762207031,-39.240634918212891,0,0,-39.240634918212891,39.240634918212891,0,176.9910888671875,176.9910888671875,0,156.96253967285156
0.00010499999999999999,1442.6983642578125,-13.914142608642578,-39.272769927978516,0,0,-39.272769927978516,39.272769927978516,0,252.08456420898438,252.08456420898438,0,157.09107971191406
0.00010549999999999999,1052.2703857421875,-76.228271484375,-39.599292755126953,0,0,-39.599292755126953,39.599292755126953,0,1303.7142333984375,1303.7142333984375,0,158.39717102050781
0.000106,265.81954956054688,-105.35299682617188,-40.314617156982422,0,0,-40.314617156982422,40.314617156982422,0,1745.3818359375,1745.3818359375,0,161.25846862792969
0.0001065,-574.3253173828125,-88.638946533203125,-41.040840148925781,0,0,-41.040840148925781,41.040840148925781,0,1344.606689453125,1344.606689453125,0,164.16336059570313
0.000107,-1102.9678955078125,-33.452899932861328,-41.375679016113281,0,0,-41.375679016113281,41.375679016113281,0,236.9541015625,236.9541015625,0,165.50271606445313
0.0001075,-1091.4664306640625,-18.681488037109375,-8.6624965667724609,-32.405754089355469,-32.405754089355469,-8.6624965667724609,41.068248748779297,0,0,0,0,164.27299499511719
0.000108,-1233.392333984375,-15.236400604248047,-5.1953105926513672,-35.790882110595703,-35.790882110595703,-5.1953105926513672,40.986194610595703,0,0,0,0,163.94477844238281
0.00010849999999999999,-1343.261962890625,-11.020612716674805,-2.5024356842041016,-38.401870727539063,-38.401870727539063,-2.5024356842041016,40.904304504394531,0,0,0,0,163.61721801757813
0.00010899999999999999,-1415.518310546875,-6.2474756240844727,-0.71799659729003906,-40.104579925537109,-40.104579925537109,-0.71799659729003906,40.822578430175781,0,0,0,0,163.29031372070313
0.00010949999999999999,-1446.5078125,-1.1585294008255005,0,-40.741016387939453,-40.741016387939453,0,40.741016387939453,0,0,0,0,162.96406555175781
0.00010999999999999999,-1434.087158203125,4.0407018661499023,0,-40.660335540771484,-40.660335540771484,0,40.660335540771484,1.10528564453125,0,0,1.10528564453125,162.64134216308594
0.00011049999999999999,-1127.0738525390625,66.850692749023438,0,-40.856693267822266,-40.856693267822266,0,40.856693267822266,1058.7681884765625,0,0,1058.7681884765625,163.42677307128906
0.000111,-401.85165405273438,100.60110473632813,0,-41.465053558349609,-41.465053558349609,0,41.465053558349609,1582.49072265625,0,0,1582.49072265625,165.86021423339844
0.0001115,426.27554321289063,90.6220703125,0,-42.137294769287109,-42.137294769287109,0,42.137294769287109,1302.6485595703125,0,0,1302.6485595703125,168.54917907714844
0.000112,997.649169921875,41.340625762939453,0,-42.477169036865234,-42.477169036865234,0,42.477169036865234,300.75341796875,0,0,300.75341796875,169.90867614746094
0.0001125,1065.2740478515625,23.899192810058594,-32.347183227539063,-9.8663091659545898,-9.8663091659545898,-32.347183227539063,42.213489532470703,0,0,0,0,168.85395812988281
0.000113,1250.974853515625,20.480144500732422,-36.788177490234375,-5.340968132019043,-5.340968132019043,-36.788177490234375,42.129146575927734,0,0,0,0,168.51658630371094
0.00011349999999999999,1403.7271728515625,16.025077819824219,-40.433422088623047,-1.611546516418457,-1.611546516418457,-40.433422088623047,42.044971466064453,0,0,0,0,168.17988586425781
0.00011399999999999999,1515.80419921875,10.759467124938965,-41.960964202880859,0,0,-41.960964202880859,41.960964202880859,0,0,0,0,167.84385681152344
0.00011449999999999999,1567.5323486328125,1.1824426651000977,-41.894580841064453,0,0,-41.894580841064453,41.894580841064453,0,78.56085205078125,78.56085205078125,0,167.57832336425781
0.00011499999999999999,1533.9769287109375,-8.9370689392089844,-41.873619079589844,0,0,-41.873619079589844,41.873619079589844,0,167.17315673828125,167.17315673828125,0,167.49447631835938
0.00011549999999999999,1172.62109375,-74.493789672851563,-42.164676666259766,0,0,-42.164676666259766,42.164676666259766,0,1272.295654296875,1272.295654296875,0,168.65870666503906
0.000116,383.86105346679688,-107.62109375,-42.876136779785156,0,0,-42.876136779785156,42.876136779785156,0,1781.4400634765625,1781.4400634765625,0,171.50454711914063
0.0001165,-488.99966430664063,-93.9246826171875,-43.628955841064453,0,0,-43.628955841064453,43.628955841064453,0,1430.052490234375,1430.052490234375,0,174.51582336425781
0.000117,-1066.5401611328125,-39.457710266113281,-44.005134582519531,0,0,-44.005134582519531,44.005134582519531,0,329.54736328125,329.54736328125,0,176.02053833007813
0.0001175,-1098.8638916015625,-20.294857025146484,-9.8145294189453125,-33.915809631347656,-33.915809631347656,-9.8145294189453125,43.730335235595703,0,0,0,0,174.92134094238281
0.000118,-1253.9334716796875,-16.764131546020508,-6.0273332595825195,-37.615631103515625,-37.615631103515625,-6.0273332595825195,43.642963409423828,0,0,0,0,174.57185363769531
0.00011849999999999999,-1375.9066162109375,-12.385412216186523,-3.0395851135253906,-40.516178131103516,-40.516178131103516,-3.0395851135253906,43.555763244628906,0,0,0,0,174.22305297851563
0.00011899999999999999,-1458.6141357421875,-7.3803000450134277,-1.0001955032348633,-42.468544006347656,-42.468544006347656,-1.0001955032348633,43.468738555908203,0,0,0,0,173.87495422363281
0.00011949999999999999,-1497.87353515625,-2.0020740032196045,-0.010102272033691406,-43.371788024902344,-43.371788024902344,-0.010102272033691406,43.381889343261719,0,0,0,0,173.52755737304688
0.00011999999999999999,-1491.701171875,3.4771223068237305,0,-43.295211791992188,-43.295211791992188,0,43.295211791992188,0,0,0,0,173.18084716796875
0.00012049999999999999,-1187.04638671875,66.870025634765625,0,-43.486801147460938,-43.486801147460938,0,43.486801147460938,1062.258056640625,0,0,1062.258056640625,173.94720458984375
0.000121,-459.15792846679688,101.1981201171875,0,-44.092884063720703,-44.092884063720703,0,44.092884063720703,1590.4866943359375,0,0,1590.4866943359375,176.37153625488281
0.0001215,375.53506469726563,91.542144775390625,0,-44.764091491699219,-44.764091491699219,0,44.764091491699219,1310.4853515625,0,0,1310.4853515625,179.05636596679688
0.000122,954.570068359375,42.191162109375,0,-45.101104736328125,-45.101104736328125,0,45.101104736328125,301.234619140625,0,0,301.234619140625,180.4044189453125
0.0001225,1027.69580078125,24.970550537109375,-32.747901916503906,-12.081264495849609,-12.081264495849609,-32.747901916503906,44.82916259765625,0,0,0,0,179.316650390625
0.00012299999999999998,1223.1995849609375,21.75152587890625,-37.423038482666016,-7.3165555000305176,-7.3165555000305176,-37.423038482666016,44.739593505859375,0,0,0,0,178.9583740234375
0.00012349999999999999,1387.15966796875,17.432144165039063,-41.336334228515625,-3.3138656616210938,-3.3138656616210938,-41.336334228515625,44.650203704833984,0,0,0,0,178.60081481933594
0.00012400000000000001,1511.2821044921875,12.231017112731934,-44.287578582763672,-0.27341556549072266,-0.27341556549072266,-44.287578582763672,44.560993194580078,0,0,0,0,178.24397277832031
0.00012449999999999999,1589.2890625,6.4113588333129883,-44.471958160400391,0,0,-44.471958160400391,44.471958160400391,0,0,0,0,177.88783264160156
0.000125,1601.5394287109375,-3.5909023284912109,-44.402671813964844,0,0,-44.402671813964844,44.402671813964844,0,80.54827880859375,80.54827880859375,0,177.61068725585938
0.00012549999999999999,1276.9000244140625,-71.363388061523438,-44.652568817138672,0,0,-44.652568817138672,44.652568817138672,0,1220.503173828125,1220.503173828125,0,178.61027526855469
0.000126,499.73947143554688,-108.07366943359375,-45.347682952880859,0,0,-45.347682952880859,45.347682952880859,0,1789.6241455078125,1789.6241455078125,0,181.39073181152344
0.00012649999999999998,-391.71572875976563,-97.765411376953125,-46.114521026611328,0,0,-46.114521026611328,46.114521026611328,0,1494.64208984375,1494.64208984375,0,184.45808410644531
0.000127,-1009.9620361328125,-45.015647888183594,-46.526119232177734,0,0,-46.526119232177734,46.526119232177734,0,419.837158203125,419.837158203125,0,186.10447692871094
0.00012749999999999998,-1087.3961181640625,-21.696624755859375,-11.370223999023438,-34.918365478515625,-34.918365478515625,-11.370223999023438,46.288593292236328,0,0,0,0,185.15437316894531
0.00012799999999999999,-1254.338134765625,-18.199686050415039,-7.2937889099121094,-38.902320861816406,-38.902320861816406,-7.2937889099121094,46.196109771728516,0,0,0,0,184.78443908691406
0.00012850000000000001,-1388.16259765625,-13.782115936279297,-4.017333984375,-42.086475372314453,-42.086475372314453,-4.017333984375,46.103809356689453,0,0,0,0,184.41523742675781
0.00012899999999999999,-1482.1005859375,-8.6674861907958984,-1.7042531967163086,-44.307441711425781,-44.307441711425781,-1.7042531967163086,46.011692047119141,0,0,0,0,184.04676818847656
0.0001295,-1531.4013671875,-3.1146228313446045,-0.46919536590576172,-45.450565338134766,-45.450565338134766,-0.46919536590576172,45.919761657714844,0,0,0,0,183.67904663085938
0.00012999999999999999,-1533.5733642578125,2.5954909324645996,0,-45.828014373779297,-45.828014373779297,0,45.828014373779297,0,0,0,0,183.31205749511719
0.0001305,-1236.703857421875,65.95416259765625,0,-46.012599945068359,-46.012599945068359,0,46.012599945068359,1055.77197265625,0,0,1055.77197265625,184.05039978027344
0.00013099999999999999,-515.1673583984375,100.64764404296875,0,-46.610347747802734,-46.610347747802734,0,46.610347747802734,1584.86376953125,0,0,1584.86376953125,186.44139099121094
0.0001315,317.38833618164063,91.599822998046875,0,-47.274959564208984,-47.274959564208984,0,47.274959564208984,1310.194091796875,0,0,1310.194091796875,189.09983825683594
0.00013199999999999998,899.4652099609375,42.836814880371094,0,-47.608177185058594,-47.608177185058594,0,47.608177185058594,305.917724609375,0,0,305.917724609375,190.43270874023438
0.0001325,979.53729248046875,25.706157684326172,-32.837562561035156,-14.496273994445801,-14.496273994445801,-32.837562561035156,47.333835601806641,0,0,0,0,189.33534240722656
0.00013300000000000001,1182.3375244140625,22.759639739990234,-37.686447143554688,-9.5528144836425781,-9.5528144836425781,-37.686447143554688,47.239261627197266,0,0,0,0,188.95704650878906
0.00013349999999999999,1355.6610107421875,18.661741256713867,-41.823394775390625,-5.3214845657348633,-5.3214845657348633,-41.823394775390625,47.144878387451172,0,0,0,0,188.57951354980469
0.000134,1490.7401123046875,13.619869232177734,-45.0367431640625,-2.0139389038085938,-2.0139389038085938,-45.0367431640625,47.050682067871094,0,0,0,0,188.20272827148438
0.00013449999999999999,1580.742431640625,7.8891839981079102,-46.956672668457031,0,0,-46.956672668457031,46.956672668457031,0,0,0,0,187.82669067382813
0.000135,1615.984375,0.23995494842529297,-46.869247436523438,0,0,-46.869247436523438,46.869247436523438,0,31.65606689453125,31.65606689453125,0,187.47698974609375
0.00013549999999999999,1327.496826171875,-66.8475341796875,-47.083721160888672,0,0,-47.083721160888672,47.083721160888672,0,1153.3760986328125,1153.3760986328125,0,188.33488464355469
0.000136,583.895263671875,-104.84158325195313,-47.743526458740234,0,0,-47.743526458740234,47.743526458740234,0,1740.45458984375,1740.45458984375,0,190.97410583496094
0.00013649999999999998,-291.22842407226563,-97.22698974609375,-48.491298675537109,0,0,-48.491298675537109,48.491298675537109,0,1489.35205078125,1489.35205078125,0,193.96519470214844
0.000137,-917.4986572265625,-47.40667724609375,-48.907886505126953,0,0,-48.907886505126953,48.907886505126953,0,462.768798828125,462.768798828125,0,195.63154602050781
0.00013749999999999998,-1023.8259887695313,-22.49786376953125,-14.108484268188477,-34.587039947509766,-34.587039947509766,-14.108484268188477,48.695526123046875,0,0,0,0,194.7821044921875
0.00013799999999999999,-1198.99658203125,-19.36494255065918,-9.8308649063110352,-38.767368316650391,-38.767368316650391,-9.8308649063110352,48.598232269287109,0,0,0,0,194.39292907714844
0.00013850000000000001,-1343.849365234375,-15.252409934997559,-6.28564453125,-42.215484619140625,-42.215484619140625,-6.28564453125,48.501132965087891,0,0,0,0,194.00453186035156
0.00013899999999999999,-1451.056884765625,-10.368406295776367,-3.6496992111206055,-44.754528045654297,-44.754528045654297,-3.6496992111206055,48.404228210449219,0,0,0,0,193.61691284179688
0.0001395,-1515.197265625,-4.9600954055786133,-2.0538978576660156,-46.253620147705078,-46.253620147705078,-2.0538978576660156,48.307518005371094,0,0,0,0,193.23007202148438
0.00013999999999999999,-1533.02783203125,0.69885003566741943,0,-48.21099853515625,-48.21099853515625,0,48.21099853515625,0,0,0,0,192.843994140625
0.0001405,-1260.275390625,62.281494140625,0,-48.380306243896484,-48.380306243896484,0,48.380306243896484,1017.695556640625,0,0,1017.695556640625,193.52122497558594
0.00014099999999999998,-571.335205078125,96.793731689453125,0,-48.950748443603516,-48.950748443603516,0,48.950748443603516,1538.011474609375,0,0,1538.011474609375,195.80299377441406
0.0001415,234.31094360351563,89.240203857421875,0,-49.591655731201172,-49.591655731201172,0,49.591655731201172,1285.357421875,0,0,1285.357421875,198.36662292480469
0.00014199999999999998,806.861572265625,42.996318817138672,0,-49.917648315429688,-49.917648315429688,0,49.917648315429688,321.9296875,0,0,321.9296875,199.67059326171875
0.00014249999999999999,898.91375732421875,25.630855560302734,-32.052394866943359,-17.604669570922852,-17.604669570922852,-32.052394866943359,49.657066345214844,0,0,0,0,198.62826538085938
0.00014300000000000001,1103.1314697265625,23.173686981201172,-36.933303833007813,-12.624545097351074,-12.624545097351074,-36.933303833007813,49.557849884033203,0,0,0,0,198.23139953613281
0.00014349999999999999,1281.8798828125,19.544157028198242,-41.199039459228516,-8.2597923278808594,-8.2597923278808594,-41.199039459228516,49.458831787109375,0,0,0,0,197.8353271484375
0.000144,1426.116455078125,14.925979614257813,-44.631301879882813,-4.7287130355834961,-4.7287130355834961,-44.631301879882813,49.360012054443359,0,0,0,0,197.44004821777344
0.00014449999999999999,1528.545654296875,9.5528783798217773,-47.053981781005859,-2.2074098587036133,-2.2074098587036133,-47.053981781005859,49.261390686035156,0,0,0,0,197.04556274414063
0.000145,1583.9873046875,3.6967616081237793,-49.162967681884766,0,0,-49.162967681884766,49.162967681884766,0,0,0,0,196.65187072753906
0.00014549999999999999,1338.0316162109375,-60.484207153320313,-49.34063720703125,0,0,-49.34063720703125,49.34063720703125,0,1063.138671875,1063.138671875,0,197.362548828125
0.000146,650.13916015625,-98.34271240234375,-49.946620941162109,0,0,-49.946620941162109,49.946620941162109,0,1642.566162109375,1642.566162109375,0,199.78648376464844
0.00014649999999999998,-180.36367797851563,-93.4234619140625,-50.650314331054688,0,0,-50.650314331054688,50.650314331054688,0,1435.851318359375,1435.851318359375,0,202.60125732421875
0.000147,-792.5328369140625,-47.953697204589844,-51.053966522216797,0,0,-51.053966522216797,51.053966522216797,0,484.08056640625,484.08056640625,0,204.21586608886719
0.00014749999999999998,-921.39630126953125,-22.726345062255859,-17.667209625244141,-33.199272155761719,-33.199272155761719,-17.667209625244141,50.866481781005859,0,0,0,0,203.46592712402344
0.00014799999999999999,-1101.046142578125,-20.206905364990234,-13.279115676879883,-37.485733032226563,-37.485733032226563,-13.279115676879883,50.764850616455078,0,0,0,0,203.05940246582031
0.0001485,-1255.333740234375,-16.665216445922852,-9.5037746429443359,-41.159645080566406,-41.159645080566406,-9.5037746429443359,50.663421630859375,0,0,0,0,202.6536865234375
0.00014899999999999999,-1376.4542236328125,-12.280540466308594,-6.529604434967041,-44.032588958740234,-44.032588958740234,-6.529604434967041,50.56219482421875,0,0,0,0,202.248779296875
0.0001495,-1458.28125,-7.2747774124145508,-4.5044784545898438,-45.956691741943359,-45.956691741943359,-4.5044784545898438,50.461170196533203,0,0,0,0,201.84468078613281
0.00014999999999999999,-1496.67724609375,-1.9012402296066284,0,-50.360347747802734,-50.360347747802734,0,50.360347747802734,0,0,0,0,201.44139099121094
0.0001505,-1260.22265625,56.499237060546875,0,-50.508029937744141,-50.508029937744141,0,50.508029937744141,954.376220703125,0,0,954.376220703125,202.03211975097656
0.00015099999999999998,-624.2777099609375,90.33892822265625,0,-51.036079406738281,-51.036079406738281,0,51.036079406738281,1457.4779052734375,0,0,1457.4779052734375,204.14431762695313
0.0001515,134.69302368164063,84.916885375976563,0,-51.63922119140625,-51.63922119140625,0,51.63922119140625,1239.133056640625,0,0,1239.133056640625,206.556884765625
0.00015199999999999998,687.1517333984375,42.678657531738281,0,-51.954380035400391,-51.954380035400391,0,51.954380035400391,344.447998046875,0,0,344.447998046875,207.81752014160156
0.00015249999999999999,794.3616943359375,24.926986694335938,-30.558830261230469,-21.160545349121094,-21.160545349121094,-30.558830261230469,51.719375610351563,0,0,0,0,206.87750244140625
0.00015300000000000001,995.40850830078125,23.119773864746094,-35.36126708984375,-16.254768371582031,-16.254768371582031,-35.36126708984375,51.616039276123047,0,0,0,0,206.46415710449219
0.00015349999999999999,1176.436767578125,20.142887115478516,-39.680156707763672,-11.832752227783203,-11.832752227783203,-39.680156707763672,51.512908935546875,0,0,0,0,206.0516357421875
0.000154,1328.2880859375,16.14702033996582,-43.294384002685547,-8.1156024932861328,-8.1156024932861328,-43.294384002685547,51.409984588623047,0,0,0,0,205.63993835449219
0.00015449999999999999,1443.28125,11.33441162109375,-46.018524169921875,-5.2887401580810547,-5.2887401580810547,-46.018524169921875,51.307266235351563,0,0,0,0,205.22906494140625
0.000155,1515.6002197265625,5.9486145973205566,-51.204753875732422,0,0,-51.204753875732422,51.204753875732422,0,0,0,0,204.81901550292969
0.00015549999999999999,1309.684326171875,-53.490570068359375,-51.353767395019531,0,0,-51.353767395019531,51.353767395019531,0,971.4700927734375,971.4700927734375,0,205.41506958007813
0.000156,689.73388671875,-89.64923095703125,-51.898162841796875,0,0,-51.898162841796875,51.898162841796875,0,1515.1282958984375,1515.1282958984375,0,207.5926513671875
0.00015649999999999998,-74.493560791015625,-86.814361572265625,-52.539970397949219,0,0,-52.539970397949219,52.539970397949219,0,1342.197509765625,1342.197509765625,0,210.15988159179688
0.00015699999999999999,-650.8951416015625,-46.303268432617188,-52.913219451904297,0,0,-52.913219451904297,52.913219451904297,0,477.03759765625,477.03759765625,0,211.65287780761719
0.00015749999999999998,-790.02459716796875,-22.272539138793945,-21.778144836425781,-30.9656982421875,-30.9656982421875,-21.778144836425781,52.743843078613281,0,0,0,0,210.97537231445313
0.00015799999999999999,-969.248291015625,-20.558862686157227,-17.398271560668945,-35.240188598632813,-35.240188598632813,-17.398271560668945,52.638462066650391,0,0,0,0,210.55384826660156
0.0001585,-1129.7783203125,-17.805082321166992,-13.470138549804688,-39.063152313232422,-39.063152313232422,-13.470138549804688,52.533290863037109,0,0,0,0,210.13316345214844
0.00015899999999999999,-1263.4935302734375,-14.150589942932129,-10.189806938171387,-42.238521575927734,-42.238521575927734,-10.189806938171387,52.428329467773438,0,0,0,0,209.71331787109375
0.0001595,-1363.6300048828125,-9.7803487777709961,-7.720557689666748,-44.603019714355469,-44.603019714355469,-7.720557689666748,52.323577880859375,0,0,0,0,209.2943115234375
0.00015999999999999999,-1425.123291015625,-4.9155216217041016,0,-52.219036102294922,-52.219036102294922,0,52.219036102294922,0,0,0,0,208.87614440917969
0.0001605,-1234.56005859375,48.915924072265625,0,-52.339088439941406,-52.339088439941406,0,52.339088439941406,866.299072265625,0,0,866.299072265625,209.35635375976563
0.00016099999999999998,-669.828125,81.478729248046875,0,-52.809623718261719,-52.809623718261719,0,52.809623718261719,1341.8055419921875,0,0,1341.8055419921875,211.23849487304688
0.0001615,23.543125152587891,78.629196166992188,0,-53.359489440917969,-53.359489440917969,0,53.359489440917969,1166.60107421875,0,0,1166.60107421875,213.43795776367188
0.00016199999999999998,544.4976806640625,41.689826965332031,0,-53.656967163085938,-53.656967163085938,0,53.656967163085938,365.14208984375,0,0,365.14208984375,214.62786865234375
0.00016249999999999999,667.89947509765625,23.783531188964844,-28.372653961181641,-25.082120895385742,-25.082120895385742,-28.372653961181641,53.454776763916016,0,0,0,0,213.81910705566406
0.000163,862.6976318359375,22.769889831542969,-33.022670745849609,-20.325302124023438,-20.325302124023438,-33.022670745849609,53.347972869873047,0,0,0,0,213.39189147949219
0.00016349999999999999,1044.1922607421875,20.604228973388672,-37.351284027099609,-15.890097618103027,-15.890097618103027,-37.351284027099609,53.241382598876953,0,0,0,0,212.96553039550781
0.000164,1203.201171875,17.396196365356445,-41.136802673339844,-11.998201370239258,-11.998201370239258,-41.136802673339844,53.135005950927734,0,0,0,0,212.54002380371094
0.00016449999999999999,1331.680419921875,13.308170318603516,-44.185039520263672,-8.8438034057617188,-8.8438034057617188,-44.185039520263672,53.028842926025391,0,0,0,0,212.11537170410156
0.000165,1423.131103515625,8.5470438003540039,-52.922889709472656,0,0,-52.922889709472656,52.922889709472656,0,0,0,0,211.69155883789063
0.00016549999999999998,1263.81689453125,-45.328094482421875,-53.040046691894531,0,0,-53.040046691894531,53.040046691894531,0,865.47314453125,865.47314453125,0,212.16018676757813
0.000166,723.29833984375,-79.471282958984375,-53.514614105224609,0,0,-53.514614105224609,53.514614105224609,0,1368.34033203125,1368.34033203125,0,214.05845642089844
0.00016649999999999998,36.780849456787109,-79.049102783203125,-54.086769104003906,0,0,-54.086769104003906,54.086769104003906,0,1235.998779296875,1235.998779296875,0,216.34707641601563
0.00016699999999999999,-497.42800903320313,-44.324722290039063,-54.427757263183594,0,0,-54.427757263183594,54.427757263183594,0,473.432373046875,473.432373046875,0,217.71102905273438
0.00016750000000000001,-648.168212890625,-21.396665573120117,-25.973533630371094,-28.310039520263672,-28.310039520263672,-25.973533630371094,54.283573150634766,0,0,0,0,217.13429260253906
0.00016799999999999999,-823.74359130859375,-20.562847137451172,-21.680002212524414,-32.495113372802734,-32.495113372802734,-21.680002212524414,54.175113677978516,0,0,0,0,216.70045471191406
0.0001685,-987.98760986328125,-18.688667297363281,-17.660442352294922,-36.406429290771484,-36.406429290771484,-17.660442352294922,54.066871643066406,0,0,0,0,216.26748657226563
0.00016899999999999999,-1132.5906982421875,-15.869017601013184,-14.115474700927734,-39.843372344970703,-39.843372344970703,-14.115474700927734,53.958847045898438,0,0,0,0,215.83538818359375
0.0001695,-1250.2376708984375,-12.246620178222656,-11.221699714660645,-42.62933349609375,-42.62933349609375,-11.221699714660645,53.851036071777344,0,0,0,0,215.40414428710938
0.00016999999999999999,-1334.9775390625,-8.0048065185546875,0,-53.743442535400391,-53.743442535400391,0,53.743442535400391,0,0,0,0,214.97377014160156
0.0001705,-1193.5523681640625,40.65789794921875,0,-53.833850860595703,-53.833850860595703,0,53.833850860595703,767.998291015625,0,0,767.998291015625,215.33540344238281
0.00017099999999999998,-707.205322265625,71.637237548828125,0,-54.240917205810547,-54.240917205810547,0,54.240917205810547,1211.072998046875,0,0,1211.072998046875,216.96366882324219
0.00017149999999999999,-87.413421630859375,71.480239868164063,0,-54.7310791015625,-54.7310791015625,0,54.7310791015625,1082.008544921875,0,0,1082.008544921875,218.92431640625
0.00017199999999999998,396.71585083007813,40.333099365234375,0,-55.007789611816406,-55.007789611816406,0,55.007789611816406,383.6375732421875,0,0,383.6375732421875,220.03115844726563
0.00017249999999999999,535.9444580078125,22.413434982299805,-25.879299163818359,-28.961887359619141,-28.961887359619141,-25.879299163818359,54.8411865234375,0,0,0,0,219.36474609375
0.000173,722.76019287109375,22.232320785522461,-30.335380554199219,-24.396228790283203,-24.396228790283203,-30.335380554199219,54.731613159179688,0,0,0,0,218.92645263671875
0.00017349999999999999,903.353271484375,20.926338195800781,-34.64105224609375,-19.981204986572266,-19.981204986572266,-34.64105224609375,54.622257232666016,0,0,0,0,218.48902893066406
0.000174,1068.586669921875,18.56163215637207,-38.575698852539063,-15.93742561340332,-15.93742561340332,-38.575698852539063,54.51312255859375,0,0,0,0,218.052490234375
0.00017449999999999999,1210.10107421875,15.257912635803223,-41.937496185302734,-12.466710090637207,-12.466710090637207,-41.937496185302734,54.404205322265625,0,0,0,0,217.6168212890625
0.000175,1320.73779296875,11.182394981384277,-54.295505523681641,0,0,-54.295505523681641,54.295505523681641,0,0,0,0,217.18202209472656
0.00017549999999999998,1209.0792236328125,-36.95904541015625,-54.380874633789063,0,0,-54.380874633789063,54.380874633789063,0,757.164794921875,757.164794921875,0,217.52349853515625
0.000176,750.131103515625,-69.006118774414063,-54.784896850585938,0,0,-54.784896850585938,54.784896850585938,0,1218.561279296875,1218.561279296875,0,219.13958740234375
0.00017649999999999998,143.62448120117188,-71.039535522460938,-55.286895751953125,0,0,-55.286895751953125,55.286895751953125,0,1128.4000244140625,1128.4000244140625,0,221.1475830078125
0.00017699999999999999,-346.91616821289063,-42.249290466308594,-55.596435546875,0,0,-55.596435546875,55.596435546875,0,471.9351806640625,471.9351806640625,0,222.3857421875
0.0001775,-509.24105834960938,-20.304965972900391,-29.926719665527344,-25.553531646728516,-25.553531646728516,-29.926719665527344,55.480251312255859,0,0,0,0,221.92100524902344
0.00017799999999999999,-679.31072998046875,-20.338766098022461,-25.764724731445313,-29.60467529296875,-29.60467529296875,-25.764724731445313,55.369400024414063,0,0,0,0,221.47760009765625
0.0001785,-845.357177734375,-19.34349250793457,-21.700235366821289,-33.55853271484375,-33.55853271484375,-21.700235366821289,55.258769989013672,0,0,0,0,221.03507995605469
0.00017899999999999999,-998.979248046875,-17.369562149047852,-17.936098098754883,-37.212261199951172,-37.212261199951172,-17.936098098754883,55.148361206054688,0,0,0,0,220.59344482421875
0.0001795,-1132.4049072265625,-14.516910552978516,-14.659950256347656,-40.378223419189453,-40.378223419189453,-14.659950256347656,55.038173675537109,0,0,0,0,220.15269470214844
0.00017999999999999998,-1238.8846435546875,-10.929924011230469,0,-54.928207397460938,-54.928207397460938,0,54.928207397460938,0,0,0,0,219.71282958984375
0.0001805,-1145.2696533203125,32.5423583984375,0,-54.989791870117188,-54.989791870117188,0,54.989791870117188,670.0858154296875,0,0,670.0858154296875,219.95916748046875
0.00018099999999999998,-736.4345703125,61.854766845703125,0,-55.334121704101563,-55.334121704101563,0,55.334121704101563,1079.9822998046875,0,0,1079.9822998046875,221.33648681640625
0.00018149999999999999,-190.18307495117188,64.2811279296875,0,-55.764774322509766,-55.764774322509766,0,55.764774322509766,995.839111328125,0,0,995.839111328125,223.05909729003906
0.00018199999999999998,256.30740356445313,38.838645935058594,0,-56.020370483398438,-56.020370483398438,0,56.020370483398438,399.7337646484375,0,0,399.7337646484375,224.08148193359375
0.00018249999999999999,410.04879760742188,20.980520248413086,-23.362865447998047,-32.525985717773438,-32.525985717773438,-23.362865447998047,55.888851165771484,0,0,0,0,223.55540466308594
0.000183,588.2098388671875,21.596891403198242,-27.609115600585938,-28.168066024780273,-28.168066024780273,-27.609115600585938,55.777183532714844,0,0,0,0,223.10873413085938
0.00018349999999999999,766.95654296875,21.120492935180664,-31.869361877441406,-23.796380996704102,-23.796380996704102,-31.869361877441406,55.665740966796875,0,0,0,0,222.6629638671875
0.000184,937.244873046875,19.575502395629883,-35.925216674804688,-19.629302978515625,-19.629302978515625,-35.925216674804688,55.554519653320313,0,0,0,0,222.21807861328125
0.00018449999999999999,1090.4593505859375,17.040145874023438,-39.568672180175781,-15.874847412109375,-15.874847412109375,-39.568672180175781,55.443519592285156,0,0,0,0,221.77407836914063
0.000185,1218.848876953125,13.642769813537598,-55.332744598388672,0,0,-55.332744598388672,55.332744598388672,0,0,0,0,221.33097839355469
0.00018549999999999998,1152.07080078125,-29.0557861328125,-55.388637542724609,0,0,-55.388637542724609,55.388637542724609,0,654.9639892578125,654.9639892578125,0,221.55455017089844
0.00018599999999999999,770.27716064453125,-59.094619750976563,-55.726604461669922,0,0,-55.726604461669922,55.726604461669922,0,1077.2667236328125,1077.2667236328125,0,222.90641784667969
0.00018649999999999998,239.65109252929688,-63.429885864257813,-56.163002014160156,0,0,-56.163002014160156,56.163002014160156,0,1027.221923828125,1027.221923828125,0,224.65200805664063
0.00018699999999999999,-209.26333618164063,-40.245498657226563,-56.443710327148438,0,0,-56.443710327148438,56.443710327148438,0,471.58251953125,471.58251953125,0,225.77484130859375
0.0001875,-382.23434448242188,-19.152593612670898,-33.431236267089844,-22.923995971679688,-22.923995971679688,-33.431236267089844,56.355232238769531,0,0,0,0,225.42092895507813
0.00018799999999999999,-545.9954833984375,-19.983484268188477,-29.420501708984375,-26.822132110595703,-26.822132110595703,-29.420501708984375,56.242633819580078,0,0,0,0,224.97053527832031
0.0001885,-712.47900390625,-19.803224563598633,-25.344392776489258,-30.785869598388672,-30.785869598388672,-25.344392776489258,56.130260467529297,0,0,0,0,224.52104187011719
0.00018899999999999999,-873.2613525390625,-18.621000289916992,-21.406299591064453,-34.61181640625,-34.61181640625,-21.406299591064453,56.018112182617188,0,0,0,0,224.07244873046875
0.0001895,-1020.207763671875,-16.496685028076172,-17.802631378173828,-38.103557586669922,-38.103557586669922,-17.802631378173828,55.90618896484375,0,0,0,0,223.624755859375
0.00018999999999999998,-1145.884033203125,-13.537824630737305,0,-55.794486999511719,-55.794486999511719,0,55.794486999511719,0,0,0,0,223.17794799804688
0.0001905,-1095.7174072265625,25.116874694824219,0,-55.829963684082031,-55.829963684082031,0,55.829963684082031,579.745849609375,0,0,579.745849609375,223.31985473632813
0.00019099999999999998,-758.100341796875,52.835662841796875,0,-56.116748809814453,-56.116748809814453,0,56.116748809814453,958.53173828125,0,0,958.53173828125,224.46699523925781
0.00019149999999999999,-279.89743041992188,57.58685302734375,0,-56.4925537109375,-56.4925537109375,0,56.4925537109375,915.2813720703125,0,0,915.2813720703125,225.97021484375
0.000192,131.25759887695313,37.371414184570313,0,-56.728530883789063,-56.728530883789063,0,56.728530883789063,413.3878173828125,0,0,413.3878173828125,226.91412353515625
0.00019249999999999999,297.63119506835938,19.602703094482422,-21.018302917480469,-35.611038208007813,-35.611038208007813,-21.018302917480469,56.629341125488281,0,0,0,0,226.51736450195313
0.000193,467.25167846679688,20.933677673339844,-25.057765960693359,-31.458427429199219,-31.458427429199219,-25.057765960693359,56.516193389892578,0,0,0,0,226.06477355957031
0.00019349999999999999,643.5784912109375,21.205398559570313,-29.259017944335938,-27.144256591796875,-27.144256591796875,-29.259017944335938,56.403274536132813,0,0,0,0,225.61309814453125
0.000194,817.68963623046875,20.404176712036133,-33.406627655029297,-22.883955001831055,-22.883955001831055,-33.406627655029297,56.290580749511719,0,0,0,0,225.16232299804688
0.00019449999999999998,980.7757568359375,18.570621490478516,-37.287879943847656,-18.890230178833008,-18.890230178833008,-37.287879943847656,56.178112030029297,0,0,0,0,224.71244812011719
0.000195,1124.5859375,15.797568321228027,-56.065868377685547,0,0,-56.065868377685547,56.065868377685547,0,0,0,0,224.26347351074219
0.00019549999999999998,1097.5029296875,-22.044334411621094,-56.095970153808594,0,0,-56.095970153808594,56.095970153808594,0,564.2158203125,564.2158203125,0,224.38388061523438
0.00019599999999999999,784.28009033203125,-50.273162841796875,-56.375644683837891,0,0,-56.375644683837891,56.375644683837891,0,951.7506103515625,951.7506103515625,0,225.50257873535156
0.00019649999999999998,321.28817749023438,-56.634262084960938,-56.754150390625,0,0,-56.754150390625,56.754150390625,0,937.4263916015625,937.4263916015625,0,227.0166015625
0.00019699999999999999,-90.321441650390625,-38.425537109375,-57.009742736816406,0,0,-57.009742736816406,57.009742736816406,0,471.710205078125,471.710205078125,0,228.03897094726563
0.0001975,-272.45834350585938,-18.048252105712891,-36.377887725830078,-20.568737030029297,-20.568737030029297,-36.377887725830078,56.946628570556641,0,0,0,0,227.78651428222656
0.00019799999999999999,-429.8717041015625,-19.570840835571289,-32.519672393798828,-24.313175201416016,-24.313175201416016,-32.519672393798828,56.832847595214844,0,0,0,0,227.33139038085938
0.0001985,-595.88348388671875,-20.103113174438477,-28.454193115234375,-28.265102386474609,-28.265102386474609,-28.454193115234375,56.719295501708984,0,0,0,0,226.87718200683594
0.00019899999999999999,-762.0933837890625,-19.618204116821289,-24.384284973144531,-32.221683502197266,-32.221683502197266,-24.384284973144531,56.605968475341797,0,0,0,0,226.42387390136719
0.0001995,-920.091796875,-18.140710830688477,-20.513008117675781,-35.979862213134766,-35.979862213134766,-20.513008117675781,56.492870330810547,0,0,0,0,225.97148132324219
0.00019999999999999998,-1061.885009765625,-15.745445251464844,0,-56.379997253417969,-56.379997253417969,0,56.379997253417969,0,0,0,0,225.51998901367188
0.00020049999999999999,-1049.046630859375,18.70440673828125,0,-56.393150329589844,-56.393150329589844,0,56.393150329589844,501.29058837890625,0,0,501.29058837890625,225.57260131835938
0.00020099999999999998,-773.1246337890625,45.002304077148438,0,-56.630218505859375,-56.630218505859375,0,56.630218505859375,852.768798828125,0,0,852.768798828125,226.5208740234375
0.00020149999999999999,-354.18331909179688,51.735763549804688,0,-56.95849609375,-56.95849609375,0,56.95849609375,844.743896484375,0,0,844.743896484375,227.833984375
0.000202,25.871250152587891,36.039131164550781,0,-57.177467346191406,-57.177467346191406,0,57.177467346191406,424.673828125,0,0,424.673828125,228.70986938476563
0.00020249999999999999,202.73049926757813,18.357629776000977,-18.965072631835938,-38.141414642333984,-38.141414642333984,-18.965072631835938,57.106487274169922,0,0,0,0,228.42594909667969
0.000203,364.46417236328125,20.293933868408203,-22.813766479492188,-34.178623199462891,-34.178623199462891,-22.813766479492188,56.992389678955078,0,0,0,0,227.96955871582031
0.00020349999999999999,538.1053466796875,21.203315734863281,-26.949848175048828,-29.928668975830078,-29.928668975830078,-26.949848175048828,56.878517150878906,0,0,0,0,227.51406860351563
0.000204,714.86761474609375,21.039825439453125,-31.161151885986328,-25.603725433349609,-25.603725433349609,-31.161151885986328,56.764873504638672,0,0,0,0,227.05949401855469
0.00020449999999999998,885.80712890625,19.811800003051758,-35.231708526611328,-21.419750213623047,-21.419750213623047,-35.231708526611328,56.651458740234375,0,0,0,0,226.6058349609375
0.000205,1042.275390625,17.581439971923828,-56.53826904296875,0,0,-56.53826904296875,56.53826904296875,0,0,0,0,226.153076171875
0.00020549999999999998,1048.441162109375,-16.150466918945313,-56.546939849853516,0,0,-56.546939849853516,56.546939849853516,0,487.76095581054688,487.76095581054688,0,226.18775939941406
0.00020599999999999999,792.978759765625,-42.830230712890625,-56.777767181396484,0,0,-56.777767181396484,56.777767181396484,0,845.8944091796875,845.8944091796875,0,227.11106872558594
0.00020649999999999998,387.14822387695313,-50.878250122070313,-57.107723236083984,0,0,-57.107723236083984,57.107723236083984,0,861.63671875,861.63671875,0,228.43089294433594
0.00020699999999999999,7.2631492614746094,-36.854591369628906,-57.342414855957031,0,0,-57.342414855957031,57.342414855957031,0,471.889404296875,471.889404296875,0,229.36965942382813
0.0002075,-182.30917358398438,-17.061622619628906,-38.732131958007813,-18.568965911865234,-18.568965911865234,-38.732131958007813,57.301097869873047,0,0,0,0,229.20439147949219
0.00020799999999999999,-333.85098266601563,-19.154258728027344,-35.015205383300781,-22.171405792236328,-22.171405792236328,-35.015205383300781,57.186611175537109,0,0,0,0,228.74644470214844
0.0002085,-498.84979248046875,-20.277624130249023,-30.973688125610352,-26.098667144775391,-26.098667144775391,-30.973688125610352,57.072353363037109,0,0,0,0,228.28941345214844
0.00020899999999999998,-668.9564208984375,-20.374942779541016,-26.809196472167969,-30.149127960205078,-30.149127960205078,-26.809196472167969,56.958320617675781,0,0,0,0,227.83328247070313
0.0002095,-835.563720703125,-19.441350936889648,-22.729562759399414,-34.114955902099609,-34.114955902099609,-22.729562759399414,56.844516754150391,0,0,0,0,227.37806701660156
0.00020999999999999998,-990.2420654296875,-17.524148941040039,0,-56.730941772460938,-56.730941772460938,0,56.730941772460938,0,0,0,0,226.92376708984375
0.00021049999999999999,-1007.85400390625,13.451324462890625,0,-56.726009368896484,-56.726009368896484,0,56.726009368896484,436.77191162109375,0,0,436.77191162109375,226.90403747558594
0.00021099999999999998,-782.6019287109375,38.555374145507813,0,-56.922420501708984,-56.922420501708984,0,56.922420501708984,765.6292724609375,0,0,765.6292724609375,227.68968200683594
0.00021149999999999999,-412.54006958007813,46.895675659179688,0,-57.211757659912109,-57.211757659912109,0,57.211757659912109,786.4449462890625,0,0,786.4449462890625,228.84703063964844
0.000212,-58.355983734130859,34.903785705566406,0,-57.416862487792969,-57.416862487792969,0,57.416862487792969,433.7569580078125,0,0,433.7569580078125,229.66744995117188
0.00021249999999999999,126.80673217773438,17.289684295654297,-17.262958526611328,-40.106380462646484,-40.106380462646484,-17.262958526611328,57.369338989257813,0,0,0,0,229.47735595703125
0.000213,281.6370849609375,19.712099075317383,-20.944820404052734,-36.309898376464844,-36.309898376464844,-20.944820404052734,57.254714965820313,0,0,0,0,229.01885986328125
0.00021349999999999999,452.56610107421875,21.136997222900391,-25.015274047851563,-32.125045776367188,-32.125045776367188,-25.015274047851563,57.14031982421875,0,0,0,0,228.561279296875
0.000214,630.94439697265625,21.492347717285156,-29.265460968017578,-27.760692596435547,-27.760692596435547,-29.265460968017578,57.026153564453125,0,0,0,0,228.1046142578125
0.00021449999999999998,807.74609375,20.760232925415039,-33.477428436279297,-23.434787750244141,-23.434787750244141,-33.477428436279297,56.912216186523438,0,0,0,0,227.64886474609375
0.00021499999999999999,974.0257568359375,18.977767944335938,-56.798503875732422,0,0,-56.798503875732422,56.798503875732422,0,0,0,0,227.19401550292969
0.00021549999999999998,1006.605224609375,-11.447410583496094,-56.790256500244141,0,0,-56.790256500244141,56.790256500244141,0,426.52606201171875,426.52606201171875,0,227.16102600097656
0.00021599999999999999,797.3509521484375,-36.86383056640625,-56.982162475585938,0,0,-56.982162475585938,56.982162475585938,0,760.96923828125,760.96923828125,0,227.92864990234375
0.00021649999999999998,437.43594360351563,-46.242401123046875,-57.273361206054688,0,0,-57.273361206054688,57.273361206054688,0,800.6878662109375,800.6878662109375,0,229.09344482421875
0.00021699999999999999,83.224334716796875,-35.561126708984375,-57.491436004638672,0,0,-57.491436004638672,57.491436004638672,0,471.8809814453125,471.8809814453125,0,229.96574401855469
0.0002175,-112.02127075195313,-16.231042861938477,-40.512893676757813,-16.954931259155273,-16.954931259155273,-40.512893676757813,57.467823028564453,0,0,0,0,229.87129211425781
0.00021799999999999999,-258.47848510742188,-18.769695281982422,-36.918464660644531,-20.434535980224609,-20.434535980224609,-36.918464660644531,57.353000640869141,0,0,0,0,229.41200256347656
0.0002185,-422.20660400390625,-20.358505249023438,-32.9073486328125,-24.331062316894531,-24.331062316894531,-32.9073486328125,57.238407135009766,0,0,0,0,228.95362854003906
0.00021899999999999998,-594.9205322265625,-20.917146682739258,-28.679620742797852,-28.444423675537109,-28.444423675537109,-28.679620742797852,57.124042510986328,0,0,0,0,228.49617004394531
0.0002195,-767.88092041015625,-20.417413711547852,-24.446313858032227,-32.563591003417969,-32.563591003417969,-24.446313858032227,57.009906768798828,0,0,0,0,228.03962707519531
0.00021999999999999998,-932.33648681640625,-18.884660720825195,0,-56.895999908447266,-56.895999908447266,0,56.895999908447266,0,0,0,0,227.58399963378906
0.00022049999999999999,-973.498779296875,9.3733367919921875,0,-56.877208709716797,-56.877208709716797,0,56.877208709716797,386.56283569335938,0,0,386.56283569335938,227.50883483886719
0.00022099999999999998,-787.6700439453125,33.530197143554688,0,-57.042179107666016,-57.042179107666016,0,57.042179107666016,697.73333740234375,0,0,697.73333740234375,228.16871643066406
0.00022149999999999999,-455.78073120117188,43.106155395507813,0,-57.301376342773438,-57.301376342773438,0,57.301376342773438,740.9703369140625,0,0,740.9703369140625,229.20550537109375
0.000222,-121.94979858398438,33.992218017578125,0,-57.495887756347656,-57.495887756347656,0,57.495887756347656,440.8734130859375,0,0,440.8734130859375,229.98355102539063
0.00022249999999999999,69.460845947265625,16.417072296142578,-15.926853179931641,-41.540084838867188,-41.540084838867188,-15.926853179931641,57.466938018798828,0,0,0,0,229.86775207519531
0.000223,218.53187561035156,19.208320617675781,-19.469638824462891,-37.882480621337891,-37.882480621337891,-19.469638824462891,57.352119445800781,0,0,0,0,229.40847778320313
0.00022349999999999998,386.89480590820313,21.027519226074219,-23.478130340576172,-33.7593994140625,-33.7593994140625,-23.478130340576172,57.237529754638672,0,0,0,0,228.95011901855469
0.000224,566.0299072265625,21.782684326171875,-27.746589660644531,-29.376579284667969,-29.376579284667969,-27.746589660644531,57.1231689453125,0,0,0,0,228.49267578125
0.00022449999999999998,746.87286376953125,21.435672760009766,-32.056137084960938,-24.952899932861328,-24.952899932861328,-32.056137084960938,57.009037017822266,0,0,0,0,228.03614807128906
0.00022499999999999999,920.27349853515625,20.004108428955078,-56.895133972167969,0,0,-56.895133972167969,56.895133972167969,0,0,0,0,227.58053588867188
0.00022549999999999998,972.6640625,-7.89898681640625,-56.874256134033203,0,0,-56.874256134033203,56.874256134033203,0,380.057373046875,380.057373046875,0,227.49702453613281
0.00022599999999999999,798.3912353515625,-32.335037231445313,-57.036788940429688,0,0,-57.036788940429688,57.036788940429688,0,696.35784912109375,696.35784912109375,0,228.14715576171875
0.0002265,473.42172241210938,-42.701980590820313,-57.298652648925781,0,0,-57.298652648925781,57.298652648925781,0,754.1131591796875,754.1131591796875,0,229.19461059570313
0.00022699999999999999,138.93746948242188,-34.545333862304688,-57.504154205322266,0,0,-57.504154205322266,57.504154205322266,0,471.5689697265625,471.5689697265625,0,230.01661682128906
0.0002275,-60.329502105712891,-15.570402145385742,-41.774349212646484,-15.719734191894531,-15.719734191894531,-41.774349212646484,57.494083404541016,0,0,0,0,229.97633361816406
0.00022799999999999999,-202.63577270507813,-18.438327789306641,-38.280044555664063,-19.099166870117188,-19.099166870117188,-38.280044555664063,57.37921142578125,0,0,0,0,229.516845703125
0.0002285,-365.03863525390625,-20.373161315917969,-34.300819396972656,-22.963748931884766,-22.963748931884766,-34.300819396972656,57.264568328857422,0,0,0,0,229.05827331542969
0.00022899999999999998,-539.3199462890625,-21.277061462402344,-30.035140991210938,-27.115013122558594,-27.115013122558594,-30.035140991210938,57.150154113769531,0,0,0,0,228.60061645507813
0.00022949999999999999,-716.6607666015625,-21.104354858398438,-25.695957183837891,-31.340011596679688,-31.340011596679688,-25.695957183837891,57.035968780517578,0,0,0,0,228.14387512207031
0.00022999999999999998,-888.088134765625,-19.863851547241211,0,-56.922012329101563,-56.922012329101563,0,56.922012329101563,0,0,0,0,227.68804931640625
0.00023049999999999999,-946.3868408203125,6.3952560424804688,0,-56.893287658691406,-56.893287658691406,0,56.893287658691406,349.85028076171875,0,0,349.85028076171875,227.57315063476563
0.00023099999999999998,-789.4112548828125,29.845855712890625,0,-57.035442352294922,-57.035442352294922,0,57.035442352294922,648.055908203125,0,0,648.055908203125,228.14176940917969
0.00023149999999999999,-485.56118774414063,40.315719604492188,0,-57.272777557373047,-57.272777557373047,0,57.272777557373047,707.72991943359375,0,0,707.72991943359375,229.09111022949219
0.000232,-166.78744506835938,33.304702758789063,0,-57.459770202636719,-57.459770202636719,0,57.459770202636719,446.280029296875,0,0,446.280029296875,229.83908081054688
0.00023249999999999999,29.042087554931641,15.738542556762695,-14.939641952514648,-42.505134582519531,-42.505134582519531,-14.939641952514648,57.444774627685547,0,0,0,0,229.77909851074219
0.000233,173.5291748046875,18.791364669799805,-18.371826171875,-38.958171844482422,-38.958171844482422,-18.371826171875,57.329998016357422,0,0,0,0,229.31999206542969
0.00023349999999999998,339.58544921875,20.893218994140625,-22.324714660644531,-34.890739440917969,-34.890739440917969,-22.324714660644531,57.2154541015625,0,0,0,0,228.86181640625
0.000234,518.8077392578125,21.937816619873047,-26.595371246337891,-30.505769729614258,-30.505769729614258,-26.595371246337891,57.101139068603516,0,0,0,0,228.40455627441406
0.00023449999999999998,702.12713623046875,21.872369766235352,-30.964801788330078,-26.022247314453125,-26.022247314453125,-30.964801788330078,56.987049102783203,0,0,0,0,227.94819641113281
0.00023499999999999999,880.26806640625,20.70025634765625,-56.873188018798828,0,0,-56.873188018798828,56.873188018798828,0,0,0,0,227.49275207519531
0.00023549999999999998,946.5118408203125,-5.3961563110351563,-56.843517303466797,0,0,-56.843517303466797,56.843517303466797,0,346.98062133789063,346.98062133789063,0,227.37406921386719
0.00023599999999999999,797.0330810546875,-29.1129150390625,-56.985282897949219,0,0,-56.985282897949219,56.985282897949219,0,650.183349609375,650.183349609375,0,227.94113159179688
0.0002365,497.02096557617188,-40.161285400390625,-57.226299285888672,0,0,-57.226299285888672,57.226299285888672,0,720.58001708984375,720.58001708984375,0,228.90519714355469
0.00023699999999999999,176.81497192382813,-33.788383483886719,-57.422821044921875,0,0,-57.422821044921875,57.422821044921875,0,470.9312744140625,470.9312744140625,0,229.6912841796875
0.0002375,-25.026279449462891,-15.076303482055664,-42.591072082519531,-14.831335067749023,-14.831335067749023,-42.591072082519531,57.422409057617188,0,0,0,0,229.68963623046875
0.00023799999999999998,-164.14309692382813,-18.170198440551758,-39.173801422119141,-18.133876800537109,-18.133876800537109,-39.173801422119141,57.30767822265625,0,0,0,0,229.230712890625
0.0002385,-325.3043212890625,-20.344551086425781,-35.224571228027344,-21.968605041503906,-21.968605041503906,-35.224571228027344,57.19317626953125,0,0,0,0,228.772705078125
0.00023899999999999998,-500.3543701171875,-21.489402770996094,-30.940341949462891,-26.138561248779297,-26.138561248779297,-30.940341949462891,57.078903198242188,0,0,0,0,228.31561279296875
0.00023949999999999999,-680.435546875,-21.546895980834961,-26.535001754760742,-30.429859161376953,-30.429859161376953,-26.535001754760742,56.964859008789063,0,0,0,0,227.85943603515625
0.00023999999999999998,-856.4359130859375,-20.514181137084961,0,-56.851043701171875,-56.851043701171875,0,56.851043701171875,0,0,0,0,227.4041748046875
0.00024049999999999999,-926.2542724609375,4.385345458984375,0,-56.815792083740234,-56.815792083740234,0,56.815792083740234,325.08468627929688,0,0,325.08468627929688,227.26316833496094
0.00024099999999999998,-788.7978515625,27.348625183105469,0,-56.942733764648438,-56.942733764648438,0,56.942733764648438,614.5484619140625,0,0,614.5484619140625,227.77093505859375
0.00024149999999999999,-503.99081420898438,38.415512084960938,0,-57.165515899658203,-57.165515899658203,0,57.165515899658203,685.4044189453125,0,0,685.4044189453125,228.66206359863281
0.000242,-195.52255249023438,32.824493408203125,0,-57.347721099853516,-57.347721099853516,0,57.347721099853516,450.2545166015625,0,0,450.2545166015625,229.39088439941406
0.00024249999999999999,3.1811256408691406,15.239748954772949,-14.263967514038086,-43.078590393066406,-43.078590393066406,-14.263967514038086,57.342559814453125,0,0,0,0,229.3702392578125
0.000243,144.20109558105469,18.461572647094727,-17.612579345703125,-39.615409851074219,-39.615409851074219,-17.612579345703125,57.227989196777344,0,0,0,0,228.91195678710938
0.00024349999999999998,308.27435302734375,20.749103546142578,-21.517726898193359,-35.595920562744141,-35.595920562744141,-21.517726898193359,57.1136474609375,0,0,0,0,228.45458984375
0.00024399999999999999,487.097900390625,21.986660003662109,-25.778903961181641,-31.220632553100586,-31.220632553100586,-25.778903961181641,56.999534606933594,0,0,0,0,227.99813842773438
0.00024449999999999998,671.62310791015625,22.111690521240234,-30.177600860595703,-26.708049774169922,-26.708049774169922,-30.177600860595703,56.885650634765625,0,0,0,0,227.5426025390625
0.00024499999999999999,852.51312255859375,21.11793327331543,-56.771991729736328,0,0,-56.771991729736328,56.771991729736328,0,0,0,0,227.08796691894531
0.0002455,927.5263671875,-3.7888412475585938,-56.736763000488281,0,0,-56.736763000488281,56.736763000488281,0,325.40078735351563,325.40078735351563,0,226.94705200195313
0.00024599999999999996,794.09765625,-27.014251708984375,-56.865104675292969,0,0,-56.865104675292969,56.865104675292969,0,619.8548583984375,619.8548583984375,0,227.46041870117188
0.00024649999999999997,510.43984985351563,-38.48358154296875,-57.092533111572266,0,0,-57.092533111572266,57.092533111572266,0,698.26666259765625,698.26666259765625,0,228.37013244628906
0.00024699999999999999,199.78799438476563,-33.259483337402344,-57.283126831054688,0,0,-57.283126831054688,57.283126831054688,0,470.005859375,470.005859375,0,229.13250732421875
0.0002475,-3.4299049377441406,-14.733811378479004,-43.045913696289063,-14.243059158325195,-14.243059158325195,-43.045913696289063,57.288974761962891,0,0,0,0,229.15589904785156
0.00024800000000000001,-140.26316833496094,-17.966960906982422,-39.683876037597656,-17.490633010864258,-17.490633010864258,-39.683876037597656,57.174510955810547,0,0,0,0,228.69804382324219
0.00024849999999999997,-300.34921264648438,-20.290842056274414,-35.760707855224609,-21.299564361572266,-21.299564361572266,-35.760707855224609,57.060276031494141,0,0,0,0,228.24110412597656
0.00024899999999999998,-475.5867919921875,-21.587932586669922,-31.4720458984375,-25.474224090576172,-25.474224090576172,-31.4720458984375,56.946269989013672,0,0,0,0,227.78507995605469
0.00024949999999999999,-657.108642578125,-21.792667388916016,-27.032020568847656,-29.800472259521484,-29.800472259521484,-27.032020568847656,56.832492828369141,0,0,0,0,227.32997131347656
0.00025000000000000001,-835.72991943359375,-20.894752502441406,0,-56.718940734863281,-56.718940734863281,0,56.718940734863281,0,0,0,0,226.87576293945313
0.00025049999999999996,-912.4014892578125,3.1832733154296875,0,-56.679981231689453,-56.679981231689453,0,56.679981231689453,310.32666015625,0,0,310.32666015625,226.71992492675781
0.00025099999999999998,-786.6558837890625,25.846488952636719,0,-56.798046112060547,-56.798046112060547,0,56.798046112060547,594.61199951171875,0,0,594.61199951171875,227.19218444824219
0.00025149999999999999,-513.3345947265625,37.265274047851563,0,-57.012374877929688,-57.012374877929688,0,57.012374877929688,672.2681884765625,0,0,672.2681884765625,228.04949951171875
0.000252,-211.14639282226563,32.524063110351563,0,-57.192043304443359,-57.192043304443359,0,57.192043304443359,453.0625,0,0,453.0625,228.76817321777344
0.00025250000000000001,-10.812892913818359,14.898176193237305,-13.851314544677734,-43.341911315917969,-43.341911315917969,-13.851314544677734,57.193225860595703,0,0,0,0,228.77290344238281
0.00025299999999999997,127.73879241943359,18.213266372680664,-17.140495300292969,-39.938457489013672,-39.938457489013672,-17.140495300292969,57.078952789306641,0,0,0,0,228.31581115722656
0.00025349999999999998,290.17681884765625,20.606622695922852,-21.006332397460938,-35.958572387695313,-35.958572387695313,-21.006332397460938,56.964908599853516,0,0,0,0,227.85963439941406
0.00025399999999999999,468.28094482421875,21.957206726074219,-25.250316619873047,-31.600776672363281,-31.600776672363281,-25.250316619873047,56.851093292236328,0,0,0,0,227.40437316894531
0.00025450000000000001,653.038818359375,22.196748733520508,-29.654804229736328,-27.082698822021484,-27.082698822021484,-29.654804229736328,56.737503051757813,0,0,0,0,226.95001220703125
0.00025499999999999996,835.10186767578125,21.313192367553711,-56.624141693115234,0,0,-56.624141693115234,56.624141693115234,0,0,0,0,226.49656677246094
0.00025549999999999998,914.7696533203125,-2.9092979431152344,-56.585968017578125,0,0,-56.585968017578125,56.585968017578125,0,313.19537353515625,313.19537353515625,0,226.3438720703125
0.00025599999999999999,790.2677001953125,-25.832626342773438,-56.706844329833984,0,0,-56.706844329833984,56.706844329833984,0,602.4656982421875,602.4656982421875,0,226.82737731933594
0.0002565,515.92840576171875,-37.513442993164063,-56.926582336425781,0,0,-56.926582336425781,56.926582336425781,0,685.1326904296875,685.1326904296875,0,227.70632934570313
0.00025700000000000001,210.93966674804688,-32.921699523925781,-57.113704681396484,0,0,-57.113704681396484,57.113704681396484,0,468.858642578125,468.858642578125,0,228.45481872558594
0.00025749999999999997,7.2809104919433594,-14.521427154541016,-43.221603393554688,-13.901388168334961,-13.901388168334961,-43.221603393554688,57.122989654541016,0,0,0,0,228.49195861816406
0.00025799999999999998,-128.06846618652344,-17.824718475341797,-39.895545959472656,-17.113313674926758,-17.113313674926758,-39.895545959472656,57.008857727050781,0,0,0,0,228.03543090820313
0.00025849999999999999,-287.2877197265625,-20.225934982299805,-35.993450164794922,-20.901504516601563,-20.901504516601563,-35.993450164794922,56.894954681396484,0,0,0,0,227.57981872558594
0.00025900000000000001,-462.3194580078125,-21.603639602661133,-31.709901809692383,-25.071372985839844,-25.071372985839844,-31.709901809692383,56.781276702880859,0,0,0,0,227.12510681152344
0.00025949999999999997,-644.30670166015625,-21.888189315795898,-27.258783340454102,-29.409042358398438,-29.409042358398438,-27.258783340454102,56.667827606201172,0,0,0,0,226.67131042480469
0.00025999999999999998,-824.0411376953125,-21.065252304077148,0,-56.554603576660156,-56.554603576660156,0,56.554603576660156,0,0,0,0,226.21841430664063
0.00026049999999999999,-903.8868408203125,2.6207008361816406,0,-56.514141082763672,-56.514141082763672,0,56.514141082763672,303.51788330078125,0,0,303.51788330078125,226.05656433105469
0.000261,-783.6556396484375,25.135704040527344,0,-56.628318786621094,-56.628318786621094,0,56.628318786621094,585.47247314453125,0,0,585.47247314453125,226.51327514648438
0.00026150000000000001,-515.7974853515625,36.714462280273438,0,-56.839031219482422,-56.839031219482422,0,56.839031219482422,666.45965576171875,0,0,666.45965576171875,227.35612487792969
0.00026199999999999997,-216.65524291992188,32.371200561523438,0,-57.0179443359375,-57.0179443359375,0,57.0179443359375,454.9554443359375,0,0,454.9554443359375,228.07177734375
0.00026249999999999998,-15.642848968505859,14.687361717224121,-13.649358749389648,-43.373313903808594,-43.373313903808594,-13.649358749389648,57.022670745849609,0,0,0,0,228.09068298339844
0.000263,121.28913116455078,18.036998748779297,-16.899606704711914,-40.009132385253906,-40.009132385253906,-16.899606704711914,56.908737182617188,0,0,0,0,227.63494873046875
0.00026350000000000001,282.43389892578125,20.473819732666016,-20.734401702880859,-36.060630798339844,-36.060630798339844,-20.734401702880859,56.795032501220703,0,0,0,0,227.18013000488281
0.00026399999999999997,459.63662719726563,21.874582290649414,-24.956798553466797,-31.724760055541992,-31.724760055541992,-24.956798553466797,56.681556701660156,0,0,0,0,226.72622680664063
0.00026449999999999998,643.93048095703125,22.168481826782227,-29.350265502929688,-27.218040466308594,-27.218040466308594,-29.350265502929688,56.568305969238281,0,0,0,0,226.27322387695313
0.00026499999999999999,825.9903564453125,21.34071159362793,-56.455280303955078,0,0,-56.455280303955078,56.455280303955078,0,0,0,0,225.82112121582031
0.0002655,907.158203125,-2.5904541015625,-56.416145324707031,0,0,-56.416145324707031,56.416145324707031,0,308.2437744140625,308.2437744140625,0,225.66458129882813
0.00026600000000000001,786.07958984375,-25.36102294921875,-56.534145355224609,0,0,-56.534145355224609,56.534145355224609,0,595.109130859375,595.109130859375,0,226.13658142089844
0.00026649999999999997,515.59857177734375,-37.094100952148438,-56.750732421875,0,0,-56.750732421875,56.750732421875,0,679.13812255859375,679.13812255859375,0,227.0029296875
0.00026699999999999998,213.22732543945313,-32.73651123046875,-56.936279296875,0,0,-56.936279296875,56.936279296875,0,467.567626953125,467.567626953125,0,227.7451171875
0.0002675,9.8135643005371094,-14.414577484130859,-43.194686889648438,-13.752119064331055,-13.752119064331055,-43.194686889648438,56.946807861328125,0,0,0,0,227.7872314453125
0.00026800000000000001,-124.71701812744141,-17.735889434814453,-39.888576507568359,-16.944450378417969,-16.944450378417969,-39.888576507568359,56.833026885986328,0,0,0,0,227.33210754394531
0.00026849999999999997,-283.287109375,-20.159622192382813,-36.002326965332031,-20.717147827148438,-20.717147827148438,-36.002326965332031,56.719474792480469,0,0,0,0,226.87789916992188
0.00026899999999999998,-457.87210083007813,-21.563194274902344,-31.729736328125,-24.876411437988281,-24.876411437988281,-31.729736328125,56.606147766113281,0,0,0,0,226.42459106445313
0.00026949999999999999,-639.6376953125,-21.875656127929688,-27.284137725830078,-29.208915710449219,-29.208915710449219,-27.284137725830078,56.493049621582031,0,0,0,0,225.97219848632813
0.00027,-819.38665771484375,-21.081260681152344,0,-56.380176544189453,-56.380176544189453,0,56.380176544189453,0,0,0,0,225.52070617675781
0.00027049999999999996,-899.6680908203125,2.5360374450683594,0,-56.339828491210938,-56.339828491210938,0,56.339828491210938,302.66256713867188,0,0,302.66256713867188,225.35931396484375
0.00027099999999999997,-780.3096923828125,25.018707275390625,0,-56.453849792480469,-56.453849792480469,0,56.453849792480469,584.4285888671875,0,0,584.4285888671875,225.81539916992188
0.00027149999999999999,-513.38665771484375,36.615371704101563,0,-56.664531707763672,-56.664531707763672,0,56.664531707763672,666.14862060546875,0,0,666.14862060546875,226.65812683105469
0.000272,-214.84146118164063,32.332260131835938,0,-56.843990325927734,-56.843990325927734,0,56.843990325927734,456.1505126953125,0,0,456.1505126953125,227.37596130371094
0.00027250000000000001,-13.836757659912109,14.579986572265625,-13.606662750244141,-43.243442535400391,-43.243442535400391,-13.606662750244141,56.850105285644531,0,0,0,0,227.40042114257813
0.00027299999999999997,122.16232299804688,17.921426773071289,-16.834556579589844,-39.901962280273438,-39.901962280273438,-16.834556579589844,56.736518859863281,0,0,0,0,226.94607543945313
0.00027349999999999998,282.330078125,20.355899810791016,-20.645927429199219,-35.977230072021484,-35.977230072021484,-20.645927429199219,56.623157501220703,0,0,0,0,226.49263000488281
0.00027399999999999999,458.56109619140625,21.760282516479492,-24.84503173828125,-31.664989471435547,-31.664989471435547,-24.84503173828125,56.510025024414063,0,0,0,0,226.04010009765625
0.0002745,641.937744140625,22.063579559326172,-29.216529846191406,-27.180587768554688,-27.180587768554688,-29.216529846191406,56.397117614746094,0,0,0,0,225.58847045898438
0.00027499999999999996,823.1812744140625,21.250514984130859,-56.284435272216797,0,0,-56.284435272216797,56.284435272216797,0,0,0,0,225.13774108886719
0.00027549999999999997,903.583251953125,-2.6771125793457031,-56.245754241943359,0,0,-56.245754241943359,56.245754241943359,0,308.57437133789063,308.57437133789063,0,224.98301696777344
0.00027599999999999999,781.9320068359375,-25.406600952148438,-56.36419677734375,0,0,-56.36419677734375,56.36419677734375,0,595.08038330078125,595.08038330078125,0,225.456787109375
0.0002765,511.31985473632813,-37.078826904296875,-56.5809326171875,0,0,-56.5809326171875,56.5809326171875,0,678.38653564453125,678.38653564453125,0,226.32373046875
0.00027700000000000001,209.31594848632813,-32.6669921875,-56.766277313232422,0,0,-56.766277313232422,56.766277313232422,0,466.21435546875,466.21435546875,0,227.06510925292969
0.00027749999999999997,6.6087303161621094,-14.388636589050293,-43.032119750976563,-13.744308471679688,-13.744308471679688,-43.032119750976563,56.77642822265625,0,0,0,0,227.105712890625
0.00027799999999999998,-127.62642669677734,-17.691228866577148,-39.733314514160156,-16.929672241210938,-16.929672241210938,-39.733314514160156,56.662986755371094,0,0,0,0,226.65194702148438
0.00027849999999999999,-285.75390625,-20.098503112792969,-35.857925415039063,-20.691844940185547,-20.691844940185547,-35.857925415039063,56.549774169921875,0,0,0,0,226.1990966796875
0.00027900000000000001,-459.771484375,-21.488712310791016,-31.599210739135742,-24.837574005126953,-24.837574005126953,-31.599210739135742,56.436786651611328,0,0,0,0,225.74714660644531
0.00027949999999999996,-640.8736572265625,-21.791580200195313,-27.169801712036133,-29.154220581054688,-29.154220581054688,-27.169801712036133,56.324024200439453,0,0,0,0,225.29609680175781
0.00027999999999999998,-819.89666748046875,-20.991847991943359,0,-56.21148681640625,-56.21148681640625,0,56.21148681640625,0,0,0,0,224.845947265625
0.00028049999999999999,-898.716552734375,2.7840957641601563,0,-56.17236328125,-56.17236328125,0,56.17236328125,305.9613037109375,0,0,305.9613037109375,224.689453125
0.000281,-776.9903564453125,25.317306518554688,0,-56.288787841796875,-56.288787841796875,0,56.288787841796875,589.0391845703125,0,0,589.0391845703125,225.1551513671875
0.00028150000000000001,-507.82577514648438,36.834243774414063,0,-56.501926422119141,-56.501926422119141,0,56.501926422119141,669.6761474609375,0,0,669.6761474609375,226.00770568847656
0.00028199999999999997,-208.14370727539063,32.375785827636719,0,-56.682811737060547,-56.682811737060547,0,56.682811737060547,456.837646484375,0,0,456.837646484375,226.73124694824219
0.00028249999999999998,-7.6041526794433594,14.550094604492188,-13.676485061645508,-43.012290954589844,-43.012290954589844,-13.676485061645508,56.688777923583984,0,0,0,0,226.75511169433594
0.00028299999999999999,127.99026489257813,17.854612350463867,-16.894758224487305,-39.680755615234375,-39.680755615234375,-16.894758224487305,56.575511932373047,0,0,0,0,226.30204772949219
0.00028350000000000001,287.45849609375,20.255544662475586,-20.689395904541016,-35.773078918457031,-35.773078918457031,-20.689395904541016,56.462474822998047,0,0,0,0,225.84989929199219
0.00028399999999999996,462.73052978515625,21.631465911865234,-24.865497589111328,-31.484165191650391,-31.484165191650391,-24.865497589111328,56.349662780761719,0,0,0,0,225.39865112304688
0.00028449999999999998,644.93731689453125,21.912822723388672,-29.208900451660156,-27.028175354003906,-27.028175354003906,-29.208900451660156,56.237075805664063,0,0,0,0,224.94830322265625
0.00028499999999999999,824.85931396484375,21.08544921875,-56.124713897705078,0,0,-56.124713897705078,56.124713897705078,0,0,0,0,224.49885559082031
0.0002855,903.0003662109375,-3.034149169921875,-56.087417602539063,0,0,-56.087417602539063,56.087417602539063,0,312.4637451171875,312.4637451171875,0,224.34967041015625
0.00028600000000000001,778.0965576171875,-25.800621032714844,-56.208511352539063,0,0,-56.208511352539063,56.208511352539063,0,600.011474609375,600.011474609375,0,224.83404541015625
0.00028649999999999997,504.65304565429688,-37.338592529296875,-56.4276123046875,0,0,-56.4276123046875,56.4276123046875,0,681.21307373046875,681.21307373046875,0,225.71044921875
0.00028699999999999998,201.46884155273438,-32.679786682128906,-56.613681793212891,0,0,-56.613681793212891,56.613681793212891,0,464.865966796875,464.865966796875,0,226.45472717285156
0.0002875,-0.25748062133789063,-14.42064380645752,-42.789279937744141,-13.833072662353516,-13.833072662353516,-42.789279937744141,56.622352600097656,0,0,0,0,226.48941040039063
0.00028800000000000001,-134.58340454101563,-17.680913925170898,-39.488449096679688,-17.020771026611328,-17.020771026611328,-39.488449096679688,56.509220123291016,0,0,0,0,226.03688049316406
0.00028849999999999997,-292.44964599609375,-20.04638671875,-35.619529724121094,-20.776782989501953,-20.776782989501953,-35.619529724121094,56.396312713623047,0,0,0,0,225.58525085449219
0.00028899999999999998,-465.86724853515625,-21.397436141967773,-31.375465393066406,-24.908168792724609,-24.908168792724609,-31.375465393066406,56.283634185791016,0,0,0,0,225.13453674316406
0.00028949999999999999,-646.06097412109375,-21.665763854980469,-26.968154907226563,-29.203025817871094,-29.203025817871094,-26.968154907226563,56.171180725097656,0,0,0,0,224.68472290039063
0.00029,-823.9132080078125,-20.837860107421875,0,-56.058948516845703,-56.058948516845703,0,56.058948516845703,0,0,0,0,224.23579406738281
0.00029050000000000001,-900.0855712890625,3.2414093017578125,0,-56.021720886230469,-56.021720886230469,0,56.021720886230469,311.87628173828125,0,0,311.87628173828125,224.08688354492188
0.00029099999999999997,-773.94573974609375,25.879043579101563,0,-56.14215087890625,-56.14215087890625,0,56.14215087890625,597.21380615234375,0,0,597.21380615234375,224.568603515625
0.00029149999999999998,-500.52212524414063,37.255905151367188,0,-56.359291076660156,-56.359291076660156,0,56.359291076660156,675.6158447265625,0,0,675.6158447265625,225.43716430664063
0.000292,-198.58908081054688,32.473976135253906,0,-56.542125701904297,-56.542125701904297,0,56.542125701904297,457.1715087890625,0,0,457.1715087890625,226.16850280761719
0.00029250000000000001,1.2163429260253906,14.5745849609375,-13.818540573120117,-42.728370666503906,-42.728370666503906,-13.818540573120117,56.546913146972656,0,0,0,0,226.18765258789063
0.00029299999999999997,136.78996276855469,17.825153350830078,-17.036443710327148,-39.397491455078125,-39.397491455078125,-17.036443710327148,56.433933258056641,0,0,0,0,225.73573303222656
0.00029349999999999998,295.79217529296875,20.173629760742188,-20.819953918457031,-35.501224517822266,-35.501224517822266,-20.819953918457031,56.321178436279297,0,0,0,0,225.28471374511719
0.00029399999999999999,470.17657470703125,21.501245498657227,-24.974754333496094,-31.233894348144531,-31.233894348144531,-24.974754333496094,56.208648681640625,0,0,0,0,224.8345947265625
0.0002945,651.1190185546875,21.740890502929688,-29.287757873535156,-26.808586120605469,-26.808586120605469,-29.287757873535156,56.096343994140625,0,0,0,0,224.3853759765625
0.00029499999999999996,829.4639892578125,20.880500793457031,-55.984264373779297,0,0,-55.984264373779297,55.984264373779297,0,0,0,0,223.93705749511719
0.00029549999999999997,904.4854736328125,-3.5496368408203125,-55.948883056640625,0,0,-55.948883056640625,55.948883056640625,0,318.48245239257813,318.48245239257813,0,223.7955322265625
0.00029599999999999998,774.7412109375,-26.402801513671875,-56.073944091796875,0,0,-56.073944091796875,56.073944091796875,0,607.9368896484375,607.9368896484375,0,224.2957763671875
0.0002965,496.83975219726563,-37.76580810546875,-56.296733856201172,0,0,-56.296733856201172,56.296733856201172,0,686.23626708984375,686.23626708984375,0,225.18693542480469
0.00029700000000000001,191.51596069335938,-32.746749877929688,-56.484085083007813,0,0,-56.484085083007813,56.484085083007813,0,463.582275390625,463.582275390625,0,225.93634033203125
0.00029749999999999997,-9.1072120666503906,-14.490625381469727,-42.509712219238281,-13.980911254882813,-13.980911254882813,-42.509712219238281,56.490623474121094,0,0,0,0,225.96249389648438
0.00029799999999999998,-143.78749084472656,-17.695615768432617,-39.200469970703125,-17.177286148071289,-17.177286148071289,-39.200469970703125,56.377754211425781,0,0,0,0,225.51101684570313
0.00029849999999999999,-301.5423583984375,-20.005071640014648,-35.334381103515625,-20.93072509765625,-20.93072509765625,-35.334381103515625,56.265110015869141,0,0,0,0,225.06044006347656
0.000299,-474.3885498046875,-21.302194595336914,-31.104257583618164,-25.048431396484375,-25.048431396484375,-31.104257583618164,56.152690887451172,0,0,0,0,224.61076354980469
0.00029949999999999996,-653.5797119140625,-21.521419525146484,-26.721298217773438,-29.319198608398438,-29.319198608398438,-26.721298217773438,56.040496826171875,0,0,0,0,224.1619873046875
0.00029999999999999997,-830.04901123046875,-20.65172004699707,0,-55.92852783203125,-55.92852783203125,0,55.92852783203125,0,0,0,0,223.714111328125
0.00030049999999999999,-902.958740234375,3.8086814880371094,0,-55.893512725830078,-55.893512725830078,0,55.893512725830078,319.16595458984375,0,0,319.16595458984375,223.57405090332031
0.000301,-771.32269287109375,26.580863952636719,0,-56.018764495849609,-56.018764495849609,0,56.018764495849609,607.2620849609375,0,0,607.2620849609375,224.07505798339844
0.00030150000000000001,-492.55996704101563,37.786911010742188,0,-56.240676879882813,-56.240676879882813,0,56.240676879882813,682.8116455078125,0,0,682.8116455078125,224.96270751953125
0.00030199999999999997,-187.76699829101563,32.603469848632813,0,-56.425685882568359,-56.425685882568359,0,56.425685882568359,457.275146484375,0,0,457.275146484375,225.70274353027344
0.00030249999999999998,11.179965972900391,14.633737564086914,-14.000032424926758,-42.428665161132813,-42.428665161132813,-14.000032424926758,56.428695678710938,0,0,0,0,225.71478271484375
0.00030299999999999999,146.99029541015625,17.822566986083984,-17.223752975463867,-39.092201232910156,-39.092201232910156,-17.223752975463867,56.315952301025391,0,0,0,0,225.26380920410156
0.0003035,305.71307373046875,20.109439849853516,-21.000621795654297,-35.202812194824219,-35.202812194824219,-21.000621795654297,56.203433990478516,0,0,0,0,224.81373596191406
0.00030399999999999996,479.31610107421875,21.378700256347656,-25.13665771484375,-30.954483032226563,-30.954483032226563,-25.13665771484375,56.091140747070313,0,0,0,0,224.36456298828125
0.00030449999999999997,659.0147705078125,21.566192626953125,-29.419731140136719,-26.559337615966797,-26.559337615966797,-29.419731140136719,55.979068756103516,0,0,0,0,223.91627502441406
0.00030499999999999999,835.716552734375,20.662498474121094,-55.867221832275391,0,0,-55.867221832275391,55.867221832275391,0,0,0,0,223.46888732910156
0.0003055,907.256591796875,-4.1355514526367188,-55.833969116210938,0,0,-55.833969116210938,55.833969116210938,0,325.49978637695313,325.49978637695313,0,223.33587646484375
0.00030600000000000001,771.94580078125,-27.10223388671875,-55.963581085205078,0,0,-55.963581085205078,55.963581085205078,0,617.29718017578125,617.29718017578125,0,223.85432434082031
0.00030649999999999997,488.81100463867188,-38.274795532226563,-56.190673828125,0,0,-56.190673828125,56.190673828125,0,692.3546142578125,692.3546142578125,0,224.7626953125
0.00030699999999999998,180.86013793945313,-32.844520568847656,-56.37957763671875,0,0,-56.37957763671875,56.37957763671875,0,462.40283203125,462.40283203125,0,225.518310546875
0.00030749999999999999,-18.649204254150391,-14.581830978393555,-42.225814819335938,-14.157865524291992,-14.157865524291992,-42.225814819335938,56.383678436279297,0,0,0,0,225.53471374511719
0.00030800000000000001,-153.8416748046875,-17.726818084716797,-38.904319763183594,-17.366701126098633,-17.366701126098633,-38.904319763183594,56.271022796630859,0,0,0,0,225.08409118652344
0.00030849999999999996,-311.5999755859375,-19.974697113037109,-35.038276672363281,-21.120311737060547,-21.120311737060547,-35.038276672363281,56.158592224121094,0,0,0,0,224.63436889648438
0.00030899999999999998,-483.94073486328125,-21.211784362792969,-30.820478439331055,-25.225910186767578,-25.225910186767578,-30.820478439331055,56.04638671875,0,0,0,0,224.185546875
0.00030949999999999999,-662.14324951171875,-21.375551223754883,-26.461509704589844,-29.472896575927734,-29.472896575927734,-26.461509704589844,55.934406280517578,0,0,0,0,223.73762512207031
0.00031,-837.190673828125,-20.457775115966797,0,-55.822647094726563,-55.822647094726563,0,55.822647094726563,0,0,0,0,223.29058837890625
0.00031050000000000001,-906.658447265625,4.4095306396484375,0,-55.789913177490234,-55.789913177490234,0,55.789913177490234,326.87213134765625,0,0,326.87213134765625,223.15965270996094
0.00031099999999999997,-769.1865234375,27.327468872070313,0,-55.920192718505859,-55.920192718505859,0,55.920192718505859,617.876220703125,0,0,617.876220703125,223.68077087402344
0.00031149999999999998,-484.73190307617188,38.35455322265625,0,-56.147071838378906,-56.147071838378906,0,56.147071838378906,690.36627197265625,0,0,690.36627197265625,224.58828735351563
0.00031199999999999999,-176.86520385742188,32.745635986328125,0,-56.334274291992188,-56.334274291992188,0,56.334274291992188,457.2406005859375,0,0,457.2406005859375,225.33709716796875
0.00031250000000000001,21.206272125244141,14.71173095703125,-14.19542121887207,-42.139816284179688,-42.139816284179688,-14.19542121887207,56.335239410400391,0,0,0,0,225.34095764160156
0.00031299999999999996,157.40737915039063,17.83796501159668,-17.428655624389648,-38.794029235839844,-38.794029235839844,-17.428655624389648,56.222682952880859,0,0,0,0,224.89073181152344
0.00031349999999999998,315.99383544921875,20.061464309692383,-21.202308654785156,-34.908039093017578,-34.908039093017578,-21.202308654785156,56.110347747802734,0,0,0,0,224.44139099121094
0.00031399999999999999,488.94036865234375,21.269786834716797,-25.32257080078125,-30.675664901733398,-30.675664901733398,-25.32257080078125,55.998237609863281,0,0,0,0,223.99295043945313
0.0003145,667.49566650390625,21.40185546875,-29.578117370605469,-26.308235168457031,-26.308235168457031,-29.578117370605469,55.8863525390625,0,0,0,0,223.54541015625
0.00031499999999999996,842.625,20.451053619384766,-55.774692535400391,0,0,-55.774692535400391,55.774692535400391,0,0,0,0,223.09877014160156
0.00031549999999999997,910.6900634765625,-4.726593017578125,-55.743564605712891,0,0,-55.743564605712891,55.743564605712891,0,332.6734619140625,332.6734619140625,0,222.97425842285156
0.00031599999999999998,769.7275390625,-27.816215515136719,-55.877788543701172,0,0,-55.877788543701172,55.877788543701172,0,626.929443359375,626.929443359375,0,223.51115417480469
0.0003165,481.22012329101563,-38.801467895507813,-56.109283447265625,0,0,-56.109283447265625,56.109283447265625,0,698.74444580078125,698.74444580078125,0,224.4371337890625
0.00031700000000000001,170.50863647460938,-32.955474853515625,-56.299797058105469,0,0,-56.299797058105469,56.299797058105469,0,461.3541259765625,461.3541259765625,0,225.19918823242188
0.00031749999999999997,-27.956699371337891,-14.681525230407715,-41.959915161132813,-14.341501235961914,-14.341501235961914,-41.959915161132813,56.301414489746094,0,0,0,0,225.20565795898438
0.00031799999999999998,-163.73744201660156,-17.76771354675293,-38.624313354492188,-17.564609527587891,-17.564609527587891,-38.624313354492188,56.188922882080078,0,0,0,0,224.75569152832031
0.00031849999999999999,-321.58331298828125,-19.954727172851563,-34.756256103515625,-21.320404052734375,-21.320404052734375,-34.756256103515625,56.076656341552734,0,0,0,0,224.30662536621094
0.000319,-493.50650024414063,-21.131963729858398,-30.548633575439453,-25.415981292724609,-25.415981292724609,-30.548633575439453,55.964614868164063,0,0,0,0,223.85845947265625
0.00031949999999999996,-670.8074951171875,-21.239921569824219,-26.211528778076172,-29.641269683837891,-29.641269683837891,-26.211528778076172,55.852798461914063,0,0,0,0,223.41119384765625
0.00031999999999999997,-844.51507568359375,-20.273200988769531,0,-55.741203308105469,-55.741203308105469,0,55.741203308105469,0,0,0,0,222.96481323242188
0.00032049999999999998,-910.6700439453125,4.9899368286132813,0,-55.71063232421875,-55.71063232421875,0,55.71063232421875,334.3187255859375,0,0,334.3187255859375,222.842529296875
0.000321,-767.5487060546875,28.051490783691406,0,-55.845722198486328,-55.845722198486328,0,55.845722198486328,628.13525390625,0,0,628.13525390625,223.38288879394531
0.00032150000000000001,-477.56423950195313,38.90740966796875,0,-56.077365875244141,-56.077365875244141,0,56.077365875244141,697.65203857421875,0,0,697.65203857421875,224.30946350097656
0.00032199999999999997,-166.69052124023438,32.887306213378906,0,-56.266624450683594,-56.266624450683594,0,56.266624450683594,457.1427001953125,0,0,457.1427001953125,225.06649780273438
0.00032249999999999998,30.563999176025391,14.796552658081055,-14.38653564453125,-41.878982543945313,-41.878982543945313,-14.38653564453125,56.265518188476563,0,0,0,0,225.06207275390625
0.00032299999999999999,167.22923278808594,17.86406135559082,-17.631034851074219,-38.522064208984375,-38.522064208984375,-17.631034851074219,56.153099060058594,0,0,0,0,224.61239624023438
0.0003235,325.7828369140625,20.027519226074219,-21.403949737548828,-34.636959075927734,-34.636959075927734,-21.403949737548828,56.040904998779297,0,0,0,0,224.16361999511719
0.00032399999999999996,498.20123291015625,21.177518844604492,-25.511512756347656,-30.417423248291016,-30.417423248291016,-25.511512756347656,55.928936004638672,0,0,0,0,223.71574401855469
0.00032449999999999997,675.75982666015625,21.255935668945313,-29.743049621582031,-26.074138641357422,-26.074138641357422,-29.743049621582031,55.817188262939453,0,0,0,0,223.26875305175781
0.00032499999999999999,849.47442626953125,20.258869171142578,-55.705665588378906,0,0,-55.705665588378906,55.705665588378906,0,0,0,0,222.82266235351563
0.0003255,914.318115234375,-5.27825927734375,-55.676498413085938,0,0,-55.676498413085938,55.676498413085938,0,339.42526245117188,339.42526245117188,0,222.70599365234375
0.00032600000000000001,768.05780029296875,-28.487823486328125,-55.815036773681641,0,0,-55.815036773681641,55.815036773681641,0,636.0318603515625,636.0318603515625,0,223.26014709472656
0.00032649999999999997,474.47763061523438,-39.30120849609375,-56.0506591796875,0,0,-56.0506591796875,56.0506591796875,0,704.83489990234375,704.83489990234375,0,224.20263671875
0.00032699999999999998,161.12118530273438,-33.066650390625,-56.242694854736328,0,0,-56.242694854736328,56.242694854736328,0,460.4512939453125,460.4512939453125,0,224.97077941894531
0.00032749999999999999,-36.419223785400391,-14.780061721801758,-41.725830078125,-14.516139984130859,-14.516139984130859,-41.725830078125,56.241970062255859,0,0,0,0,224.96788024902344
0.000328,-172.800048828125,-17.812587738037109,-38.375812530517578,-17.7537841796875,-17.7537841796875,-38.375812530517578,56.129596710205078,0,0,0,0,224.51838684082031
0.00032849999999999996,-330.78741455078125,-19.943670272827148,-34.504409790039063,-21.513038635253906,-21.513038635253906,-34.504409790039063,56.017448425292969,0,0,0,0,224.06979370117188
0.00032899999999999997,-502.38638305664063,-21.065540313720703,-30.3046875,-25.600837707519531,-25.600837707519531,-30.3046875,55.905525207519531,0,0,0,0,223.62210083007813
0.00032949999999999999,-678.91387939453125,-21.121494293212891,-25.986331939697266,-29.8074951171875,-29.8074951171875,-25.986331939697266,55.793827056884766,0,0,0,0,223.17530822753906
0.00033,-851.4378662109375,-20.108768463134766,0,-55.682350158691406,-55.682350158691406,0,55.682350158691406,0,0,0,0,222.72940063476563
0.00033050000000000001,-914.610107421875,5.5142593383789063,0,-55.653705596923828,-55.653705596923828,0,55.653705596923828,341.0537109375,0,0,341.0537109375,222.61482238769531
0.00033099999999999997,-766.375244140625,28.7078857421875,0,-55.793121337890625,-55.793121337890625,0,55.793121337890625,637.41943359375,0,0,637.41943359375,223.1724853515625
0.00033149999999999998,-471.36959838867188,39.410446166992188,0,-56.029045104980469,-56.029045104980469,0,56.029045104980469,704.2408447265625,0,0,704.2408447265625,224.11618041992188
0.00033199999999999999,-157.74887084960938,33.018646240234375,0,-56.220130920410156,-56.220130920410156,0,56.220130920410156,457.0244140625,0,0,457.0244140625,224.88052368164063
0.0003325,38.789829254150391,14.879434585571289,-14.560968399047852,-41.6561279296875,-41.6561279296875,-14.560968399047852,56.217094421386719,0,0,0,0,224.86837768554688
0.00033299999999999996,175.93177795410156,17.895109176635742,-17.817012786865234,-38.287757873535156,-38.287757873535156,-17.817012786865234,56.104770660400391,0,0,0,0,224.41908264160156
0.00033349999999999997,334.52178955078125,20.005165100097656,-21.590839385986328,-34.401832580566406,-34.401832580566406,-21.590839385986328,55.992671966552734,0,0,0,0,223.97068786621094
0.00033399999999999999,506.534423828125,21.102895736694336,-25.688644409179688,-30.192153930664063,-30.192153930664063,-25.688644409179688,55.88079833984375,0,0,0,0,223.523193359375
0.0003345,683.265625,21.132827758789063,-29.900241851806641,-25.868911743164063,-25.868911743164063,-29.900241851806641,55.769149780273438,0,0,0,0,223.07659912109375
0.00033500000000000001,855.77313232421875,20.093502044677734,-55.657722473144531,0,0,-55.657722473144531,55.657722473144531,0,0,0,0,222.63088989257813
0.00033549999999999997,917.8033447265625,-5.7626419067382813,-55.630252838134766,0,0,-55.630252838134766,55.630252838134766,0,345.38531494140625,345.38531494140625,0,222.52101135253906
0.00033599999999999998,766.87677001953125,-29.080902099609375,-55.772579193115234,0,0,-55.772579193115234,55.772579193115234,0,644.08807373046875,644.08807373046875,0,223.09031677246094
0.00033649999999999999,468.80514526367188,-39.745269775390625,-56.0118408203125,0,0,-56.0118408203125,56.0118408203125,0,710.25225830078125,710.25225830078125,0,224.04736328125
0.00033700000000000001,153.08230590820313,-33.169174194335938,-56.205215454101563,0,0,-56.205215454101563,56.205215454101563,0,459.6923828125,459.6923828125,0,224.82086181640625
0.00033749999999999996,-43.677768707275391,-14.870931625366211,-41.53076171875,-14.671653747558594,-14.671653747558594,-41.53076171875,56.202415466308594,0,0,0,0,224.80966186523438
0.00033799999999999998,-180.62580871582031,-17.857269287109375,-38.167098999023438,-17.923019409179688,-17.923019409179688,-38.167098999023438,56.090122222900391,0,0,0,0,224.36048889160156
0.00033849999999999999,-338.78439331054688,-19.939907073974609,-34.291614532470703,-21.686439514160156,-21.686439514160156,-34.291614532470703,55.978054046630859,0,0,0,0,223.91221618652344
0.000339,-510.14996337890625,-21.013525009155273,-30.09758186340332,-25.768627166748047,-25.768627166748047,-30.09758186340332,55.8662109375,0,0,0,0,223.46484375
0.00033949999999999996,-686.05126953125,-21.023860931396484,-25.794395446777344,-29.960197448730469,-29.960197448730469,-25.794395446777344,55.754589080810547,0,0,0,0,223.01835632324219
0.00033999999999999997,-857.587890625,-19.970458984375,0,-55.643192291259766,-55.643192291259766,0,55.643192291259766,0,0,0,0,222.57276916503906
0.00034049999999999998,-918.2220458984375,5.962066650390625,0,-55.616168975830078,-55.616168975830078,0,55.616168975830078,346.819580078125,0,0,346.819580078125,222.46467590332031
0.00034099999999999999,-765.61053466796875,29.270652770996094,0,-55.759273529052734,-55.759273529052734,0,55.759273529052734,645.37646484375,0,0,645.37646484375,223.03709411621094
0.00034150000000000001,-466.29220581054688,39.843505859375,0,-55.998844146728516,-55.998844146728516,0,55.998844146728516,709.89288330078125,0,0,709.89288330078125,223.99537658691406
0.00034199999999999996,-150.29672241210938,33.134040832519531,0,-56.191474914550781,-56.191474914550781,0,56.191474914550781,456.91845703125,0,0,456.91845703125,224.76589965820313
0.00034249999999999998,45.651645660400391,14.954748153686523,-14.711502075195313,-41.475250244140625,-41.475250244140625,-14.711502075195313,56.186752319335938,0,0,0,0,224.74700927734375
0.00034299999999999999,183.24229431152344,17.927024841308594,-17.978401184082031,-38.096092224121094,-38.096092224121094,-17.978401184082031,56.074489593505859,0,0,0,0,224.29795837402344
0.0003435,341.91107177734375,19.992076873779297,-21.754150390625,-34.208301544189453,-34.208301544189453,-21.754150390625,55.962451934814453,0,0,0,0,223.84980773925781
0.00034399999999999996,513.62860107421875,21.045465469360352,-25.8448486328125,-30.005790710449219,-30.005790710449219,-25.8448486328125,55.850639343261719,0,0,0,0,223.40255737304688
0.00034449999999999997,689.705810546875,21.033962249755859,-30.040668487548828,-25.69837760925293,-25.69837760925293,-30.040668487548828,55.739048004150391,0,0,0,0,222.95619201660156
0.00034499999999999998,861.23345947265625,19.958211898803711,-55.627681732177734,0,0,-55.627681732177734,55.627681732177734,0,0,0,0,222.51072692871094
0.0003455,920.9320068359375,-6.1657791137695313,-55.601612091064453,0,0,-55.601612091064453,55.601612091064453,0,350.365966796875,350.365966796875,0,222.40644836425781
0.00034600000000000001,766.1116943359375,-29.57684326171875,-55.747085571289063,0,0,-55.747085571289063,55.747085571289063,0,650.83367919921875,650.83367919921875,0,222.98834228515625
0.00034649999999999997,464.27578735351563,-40.118545532226563,-55.989376068115234,0,0,-55.989376068115234,55.989376068115234,0,714.803466796875,714.803466796875,0,223.95750427246094
0.00034699999999999998,146.55239868164063,-33.257926940917969,-56.183856964111328,0,0,-56.183856964111328,56.183856964111328,0,459.076171875,459.076171875,0,224.73542785644531
0.00034749999999999999,-49.580600738525391,-14.950197219848633,-41.376651763916016,-14.802642822265625,-14.802642822265625,-41.376651763916016,56.179294586181641,0,0,0,0,224.71717834472656
0.000348,-187.03424072265625,-17.898838043212891,-38.000812530517578,-18.066234588623047,-18.066234588623047,-38.000812530517578,56.067047119140625,0,0,0,0,224.2681884765625
0.00034849999999999996,-345.3741455078125,-19.941677093505859,-34.120979309082031,-21.834041595458984,-21.834041595458984,-34.120979309082031,55.955024719238281,0,0,0,0,223.82009887695313
0.00034899999999999997,-516.587646484375,-20.975408554077148,-29.930652618408203,-25.912578582763672,-25.912578582763672,-29.930652618408203,55.843227386474609,0,0,0,0,223.37290954589844
0.00034949999999999998,-692.0111083984375,-20.947790145874023,-25.639036178588867,-30.092617034912109,-30.092617034912109,-25.639036178588867,55.731651306152344,0,0,0,0,222.92660522460938
0.00035,-862.7684326171875,-19.860284805297852,0,-55.62030029296875,-55.62030029296875,0,55.62030029296875,0,0,0,0,222.481201171875
0.00035050000000000001,-921.3529052734375,6.3251876831054688,0,-55.594581604003906,-55.594581604003906,0,55.594581604003906,351.51043701171875,0,0,351.51043701171875,222.37832641601563
0.00035099999999999997,-765.183837890625,29.728912353515625,0,-55.740665435791016,-55.740665435791016,0,55.740665435791016,651.85968017578125,0,0,651.85968017578125,222.96266174316406
0.00035149999999999998,-462.34671020507813,40.19775390625,0,-55.983188629150391,-55.983188629150391,0,55.983188629150391,714.50738525390625,0,0,714.50738525390625,223.93275451660156
0.00035199999999999999,-144.39962768554688,33.230522155761719,0,-56.17706298828125,-56.17706298828125,0,56.17706298828125,456.840087890625,0,0,456.840087890625,224.708251953125
0.0003525,51.089145660400391,15.019245147705078,-14.834911346435547,-41.336036682128906,-41.336036682128906,-14.834911346435547,56.170948028564453,0,0,0,0,224.68379211425781
0.00035299999999999996,189.07514953613281,17.957014083862305,-18.111366271972656,-37.947357177734375,-37.947357177734375,-18.111366271972656,56.058719635009766,0,0,0,0,224.23487854003906
0.00035349999999999997,347.8441162109375,19.98603630065918,-21.889541625976563,-34.057174682617188,-34.057174682617188,-21.889541625976563,55.946712493896484,0,0,0,0,223.78684997558594
0.00035399999999999999,519.3616943359375,21.003707885742188,-25.975414276123047,-29.859512329101563,-29.859512329101563,-25.975414276123047,55.834930419921875,0,0,0,0,223.3397216796875
0.0003545,694.9488525390625,20.958602905273438,-30.159416198730469,-25.563957214355469,-25.563957214355469,-30.159416198730469,55.723373413085938,0,0,0,0,222.89349365234375
0.00035500000000000001,865.72119140625,19.853061676025391,-55.612037658691406,0,0,-55.612037658691406,55.612037658691406,0,0,0,0,222.44815063476563
0.00035549999999999997,923.585693359375,-6.4841461181640625,-55.587066650390625,0,0,-55.587066650390625,55.587066650390625,0,354.31234741210938,354.31234741210938,0,222.3482666015625
0.00035599999999999998,765.6829833984375,-29.97021484375,-55.735019683837891,0,0,-55.735019683837891,55.735019683837891,0,656.186767578125,656.186767578125,0,222.94007873535156
0.00035649999999999999,460.85531616210938,-40.416030883789063,-55.979698181152344,0,0,-55.979698181152344,55.979698181152344,0,718.423095703125,718.423095703125,0,223.91879272460938
0.000357,141.52932739257813,-33.330604553222656,-56.175056457519531,0,0,-56.175056457519531,56.175056457519531,0,458.5933837890625,458.5933837890625,0,224.70022583007813
0.00035749999999999996,-54.125400543212891,-15.015935897827148,-41.261791229248047,-14.907295227050781,-14.907295227050781,-41.261791229248047,56.169086456298828,0,0,0,0,224.67634582519531
0.00035799999999999997,-192.00724792480469,-17.935432434082031,-37.875633239746094,-18.181228637695313,-18.181228637695313,-37.875633239746094,56.056861877441406,0,0,0,0,224.22744750976563
0.00035849999999999999,-350.52374267578125,-19.947277069091797,-33.991554260253906,-21.95330810546875,-21.95330810546875,-33.991554260253906,55.944858551025391,0,0,0,0,223.77943420410156
0.000359,-521.65325927734375,-20.949733734130859,-29.803268432617188,-26.029811859130859,-26.029811859130859,-29.803268432617188,55.833080291748047,0,0,0,0,223.33232116699219
0.00035950000000000001,-696.7364501953125,-20.892141342163086,-25.519887924194336,-30.201637268066406,-30.201637268066406,-25.519887924194336,55.721527099609375,0,0,0,0,222.8861083984375
0.00035999999999999997,-866.9144287109375,-19.777477264404297,0,-55.610195159912109,-55.610195159912109,0,55.610195159912109,0,0,0,0,222.44078063964844
0.00036049999999999998,-923.9322509765625,6.6041259765625,0,-55.585468292236328,-55.585468292236328,0,55.585468292236328,355.1304931640625,0,0,355.1304931640625,222.34187316894531
0.00036099999999999999,-765.02252197265625,30.082855224609375,0,-55.733844757080078,-55.733844757080078,0,55.733844757080078,656.8731689453125,0,0,656.8731689453125,222.93537902832031
0.0003615,-459.46157836914063,40.472808837890625,0,-55.978645324707031,-55.978645324707031,0,55.978645324707031,718.08721923828125,0,0,718.08721923828125,223.91458129882813
0.00036199999999999996,-139.99069213867188,33.307426452636719,0,-56.173473358154297,-56.173473358154297,0,56.173473358154297,456.79345703125,0,0,456.79345703125,224.69389343261719
0.00036249999999999998,55.163059234619141,15.071489334106445,-14.930957794189453,-41.235317230224609,-41.235317230224609,-14.930957794189453,56.166275024414063,0,0,0,0,224.66510009765625
0.00036299999999999999,193.47767639160156,17.983304977416992,-18.215343475341797,-37.838710784912109,-37.838710784912109,-18.215343475341797,56.054054260253906,0,0,0,0,224.21621704101563
0.0003635,352.35250854492188,19.985044479370117,-21.996074676513672,-33.94598388671875,-33.94598388671875,-21.996074676513672,55.942058563232422,0,0,0,0,223.76823425292969
0.00036399999999999996,523.74786376953125,20.975484848022461,-26.078998565673828,-29.751287460327148,-29.751287460327148,-26.078998565673828,55.830284118652344,0,0,0,0,223.32113647460938
0.00036449999999999997,698.9908447265625,20.904575347900391,-30.254680633544922,-25.464054107666016,-25.464054107666016,-30.254680633544922,55.718734741210938,0,0,0,0,222.87493896484375
0.00036499999999999998,869.21453857421875,19.775966644287109,-55.607406616210938,0,0,-55.607406616210938,55.607406616210938,0,0,0,0,222.42962646484375
0.00036549999999999999,925.717529296875,-6.7214279174804688,-55.583236694335938,0,0,-55.583236694335938,55.583236694335938,0,357.26031494140625,357.26031494140625,0,222.33294677734375
0.00036600000000000001,765.51202392578125,-30.264678955078125,-55.7330322265625,0,0,-55.7330322265625,55.7330322265625,0,660.19012451171875,660.19012451171875,0,222.93212890625
0.00036649999999999996,458.44027709960938,-40.6397705078125,-55.979484558105469,0,0,-55.979484558105469,55.979484558105469,0,721.1314697265625,721.1314697265625,0,223.91793823242188
0.00036699999999999998,137.90304565429688,-33.386650085449219,-56.175472259521484,0,0,-56.175472259521484,56.175472259521484,0,458.2254638671875,458.2254638671875,0,224.70188903808594
0.00036749999999999999,-57.407444000244141,-15.067834854125977,-41.182197570800781,-14.986225128173828,-14.986225128173828,-41.182197570800781,56.168422698974609,0,0,0,0,224.67369079589844
0.000368,-195.63508605957031,-17.966171264648438,-37.787696838378906,-18.268501281738281,-18.268501281738281,-37.787696838378906,56.056198120117188,0,0,0,0,224.22479248046875
0.00036849999999999996,-354.31378173828125,-19.955303192138672,-33.899703979492188,-22.04449462890625,-22.04449462890625,-33.899703979492188,55.944198608398438,0,0,0,0,223.77679443359375
0.00036899999999999997,-525.41375732421875,-20.934638977050781,-29.712139129638672,-26.120281219482422,-26.120281219482422,-29.712139129638672,55.832420349121094,0,0,0,0,223.32968139648438
0.00036949999999999998,-700.277099609375,-20.854692459106445,-25.434072494506836,-30.286792755126953,-30.286792755126953,-25.434072494506836,55.720867156982422,0,0,0,0,222.88346862792969
0.00036999999999999999,-870.05609130859375,-19.719575881958008,0,-55.609535217285156,-55.609535217285156,0,55.609535217285156,0,0,0,0,222.43814086914063
0.00037050000000000001,-925.95166015625,6.8053817749023438,0,-55.58551025390625,-55.58551025390625,0,55.58551025390625,357.76031494140625,0,0,357.76031494140625,222.342041015625
0.00037099999999999996,-765.0565185546875,30.340011596679688,0,-55.735538482666016,-55.735538482666016,0,55.735538482666016,660.52655029296875,0,0,660.52655029296875,222.94215393066406
0.00037149999999999998,-457.51016235351563,40.674087524414063,0,-55.981983184814453,-55.981983184814453,0,55.981983184814453,720.710205078125,0,0,720.710205078125,223.92793273925781
0.00037199999999999999,-136.91635131835938,33.365493774414063,0,-56.177505493164063,-56.177505493164063,0,56.177505493164063,456.7818603515625,0,0,456.7818603515625,224.71002197265625
0.0003725,58.012546539306641,15.111360549926758,-15.00139045715332,-41.168121337890625,-41.168121337890625,-15.00139045715332,56.169509887695313,0,0,0,0,224.67803955078125
0.00037299999999999996,196.58451843261719,18.004936218261719,-18.291980743408203,-37.765304565429688,-37.765304565429688,-18.291980743408203,56.057281494140625,0,0,0,0,224.2291259765625
0.00037349999999999997,355.55950927734375,19.987342834472656,-22.075119018554688,-33.870155334472656,-33.870155334472656,-22.075119018554688,55.945278167724609,0,0,0,0,223.78111267089844
0.00037399999999999998,526.8927001953125,20.958335876464844,-26.156539916992188,-29.676963806152344,-29.676963806152344,-26.156539916992188,55.833499908447266,0,0,0,0,223.33399963378906
0.0003745,701.9144287109375,20.868846893310547,-30.326873779296875,-25.395071029663086,-25.395071029663086,-30.326873779296875,55.721942901611328,0,0,0,0,222.88777160644531
0.00037500000000000001,871.7689208984375,19.723470687866211,-55.610610961914063,0,0,-55.610610961914063,55.610610961914063,0,0,0,0,222.44244384765625
0.00037549999999999997,927.3323974609375,-6.8859405517578125,-55.586982727050781,0,0,-55.586982727050781,55.586982727050781,0,359.3065185546875,359.3065185546875,0,222.34793090820313
0.00037599999999999998,765.52606201171875,-30.46978759765625,-55.738044738769531,0,0,-55.738044738769531,55.738044738769531,0,662.97100830078125,662.97100830078125,0,222.95217895507813
0.00037649999999999999,456.88766479492188,-40.79638671875,-55.985713958740234,0,0,-55.985713958740234,55.985713958740234,0,723.0101318359375,723.0101318359375,0,223.94285583496094
0.000377,135.49801635742188,-33.426925659179688,-56.18212890625,0,0,-56.18212890625,56.18212890625,0,457.9552001953125,457.9552001953125,0,224.728515625
0.00037749999999999996,-59.583225250244141,-15.106651306152344,-41.132598876953125,-15.041715621948242,-15.041715621948242,-41.132598876953125,56.174312591552734,0,0,0,0,224.69725036621094
0.00037799999999999997,-198.07655334472656,-17.990850448608398,-37.731674194335938,-18.330402374267578,-18.330402374267578,-37.731674194335938,56.062076568603516,0,0,0,0,224.24830627441406
0.00037849999999999998,-356.89739990234375,-19.964595794677734,-33.840248107910156,-22.109817504882813,-22.109817504882813,-33.840248107910156,55.950065612792969,0,0,0,0,223.80026245117188
0.000379,-528.0087890625,-20.928077697753906,-29.652408599853516,-26.185867309570313,-26.185867309570313,-29.652408599853516,55.838275909423828,0,0,0,0,223.35310363769531
0.00037950000000000001,-702.752197265625,-20.832607269287109,-25.377235412597656,-30.349479675292969,-30.349479675292969,-25.377235412597656,55.726711273193359,0,0,0,0,222.90684509277344
0.00037999999999999997,-872.28607177734375,-19.683086395263672,0,-55.615367889404297,-55.615367889404297,0,55.615367889404297,0,0,0,0,222.46147155761719
0.00038049999999999998,-927.4454345703125,6.93890380859375,0,-55.591804504394531,-55.591804504394531,0,55.591804504394531,359.526123046875,0,0,359.526123046875,222.36721801757813
0.00038099999999999999,-765.2247314453125,30.512588500976563,0,-55.742931365966797,-55.742931365966797,0,55.742931365966797,662.99249267578125,0,0,662.99249267578125,222.97172546386719
0.0003815,-456.33944702148438,40.8106689453125,0,-55.990478515625,-55.990478515625,0,55.990478515625,722.498046875,0,0,722.498046875,223.9619140625
0.00038199999999999996,-134.97506713867188,33.4068603515625,0,-56.18646240234375,-56.18646240234375,0,56.18646240234375,456.802978515625,0,0,456.802978515625,224.745849609375
0.00038249999999999997,59.822971343994141,15.139823913574219,-15.049322128295898,-41.128608703613281,-41.128608703613281,-15.049322128295898,56.177928924560547,0,0,0,0,224.71171569824219
0.00038299999999999999,198.58433532714844,18.021730422973633,-18.344474792480469,-37.721214294433594,-37.721214294433594,-18.344474792480469,56.065685272216797,0,0,0,0,224.26274108886719
0.0003835,357.6474609375,19.991621017456055,-22.129730224609375,-33.823932647705078,-33.823932647705078,-22.129730224609375,55.953666687011719,0,0,0,0,223.81466674804688
0.00038400000000000001,528.96319580078125,20.949880599975586,-26.210712432861328,-29.631155014038086,-29.631155014038086,-26.210712432861328,55.841869354248047,0,0,0,0,223.36747741699219
0.00038449999999999997,703.8626708984375,20.848087310791016,-30.378086090087891,-25.352210998535156,-25.352210998535156,-30.378086090087891,55.730297088623047,0,0,0,0,222.92118835449219
0.00038499999999999998,873.496337890625,19.691459655761719,-55.618946075439453,0,0,-55.618946075439453,55.618946075439453,0,0,0,0,222.47578430175781
0.00038549999999999999,928.4754638671875,-6.9888534545898438,-55.595649719238281,0,0,-55.595649719238281,55.595649719238281,0,360.58743286132813,360.58743286132813,0,222.38259887695313
0.000386,765.6641845703125,-30.598968505859375,-55.747486114501953,0,0,-55.747486114501953,55.747486114501953,0,664.71221923828125,664.71221923828125,0,222.98994445800781
0.00038649999999999996,456.03622436523438,-40.895721435546875,-55.995903015136719,0,0,-55.995903015136719,55.995903015136719,0,724.181396484375,724.181396484375,0,223.98361206054688
0.00038699999999999997,134.10202026367188,-33.453392028808594,-56.192562103271484,0,0,-56.192562103271484,56.192562103271484,0,457.7664794921875,457.7664794921875,0,224.77024841308594
0.00038749999999999999,-60.844272613525391,-15.133760452270508,-41.107101440429688,-15.07713508605957,-15.07713508605957,-41.107101440429688,56.184238433837891,0,0,0,0,224.73695373535156
0.000388,-199.52967834472656,-18.009647369384766,-37.7015380859375,-18.370449066162109,-18.370449066162109,-37.7015380859375,56.071983337402344,0,0,0,0,224.28793334960938
0.00038849999999999996,-358.46905517578125,-19.974130630493164,-33.807239532470703,-22.152706146240234,-22.152706146240234,-33.807239532470703,55.959949493408203,0,0,0,0,223.83979797363281
0.00038899999999999997,-529.6195068359375,-20.927867889404297,-29.618448257446289,-26.229694366455078,-26.229694366455078,-29.618448257446289,55.848140716552734,0,0,0,0,223.39256286621094
0.00038949999999999998,-704.32049560546875,-20.822666168212891,-25.344291687011719,-30.392265319824219,-30.392265319824219,-25.344291687011719,55.736557006835938,0,0,0,0,222.94622802734375
0.00038999999999999999,-873.7325439453125,-19.663911819458008,0,-55.625194549560547,-55.625194549560547,0,55.625194549560547,0,0,0,0,222.50077819824219
0.00039050000000000001,-928.4727783203125,7.0165176391601563,0,-55.601890563964844,-55.601890563964844,0,55.601890563964844,360.57485961914063,0,0,360.57485961914063,222.40756225585938
0.00039099999999999996,-765.47265625,30.614944458007813,0,-55.753662109375,-55.753662109375,0,55.753662109375,664.47052001953125,0,0,664.47052001953125,223.0146484375
0.00039149999999999998,-455.78634643554688,40.893264770507813,0,-56.001861572265625,-56.001861572265625,0,56.001861572265625,723.58795166015625,0,0,723.58795166015625,224.0074462890625
0.00039199999999999999,-133.94735717773438,33.433860778808594,0,-56.198127746582031,-56.198127746582031,0,56.198127746582031,456.8466796875,0,0,456.8466796875,224.79251098632813
0.0003925,60.793613433837891,15.158306121826172,-15.078439712524414,-41.11083984375,-41.11083984375,-15.078439712524414,56.189281463623047,0,0,0,0,224.75712585449219
0.00039299999999999996,199.68312072753906,18.033878326416016,-18.376674652099609,-37.700340270996094,-37.700340270996094,-18.376674652099609,56.077014923095703,0,0,0,0,224.30805969238281
0.00039349999999999997,358.81884765625,19.996818542480469,-22.163673400878906,-33.801300048828125,-33.801300048828125,-22.163673400878906,55.964973449707031,0,0,0,0,223.85989379882813
0.00039399999999999998,530.14788818359375,20.947866439819336,-26.244960784912109,-29.608192443847656,-29.608192443847656,-26.244960784912109,55.853153228759766,0,0,0,0,223.41261291503906
0.00039449999999999999,705.000732421875,20.838964462280273,-30.41119384765625,-25.330364227294922,-25.330364227294922,-30.41119384765625,55.741558074951172,0,0,0,0,222.96623229980469
0.00039500000000000001,874.5302734375,19.675685882568359,-55.630184173583984,0,0,-55.630184173583984,55.630184173583984,0,0,0,0,222.52073669433594
0.00039549999999999996,929.21044921875,-7.0421524047851563,-55.607040405273438,0,0,-55.607040405273438,55.607040405273438,0,361.24932861328125,361.24932861328125,0,222.42816162109375
0.00039599999999999998,765.8751220703125,-30.66668701171875,-55.759269714355469,0,0,-55.759269714355469,55.759269714355469,0,665.61151123046875,665.61151123046875,0,223.03707885742188
0.00039649999999999999,455.72555541992188,-40.948486328125,-56.008060455322266,0,0,-56.008060455322266,56.008060455322266,0,724.77813720703125,724.77813720703125,0,224.03224182128906
0.000397,133.49813842773438,-33.468368530273438,-56.204826354980469,0,0,-56.204826354980469,56.204826354980469,0,457.6416015625,457.6416015625,0,224.81930541992188
0.00039749999999999996,-61.386631011962891,-15.151092529296875,-41.099983215332031,-15.096212387084961,-15.096212387084961,-41.099983215332031,56.196193695068359,0,0,0,0,224.78477478027344
0.00039799999999999997,-200.2015380859375,-18.023260116577148,-37.691272735595703,-18.39263916015625,-18.39263916015625,-37.691272735595703,56.083911895751953,0,0,0,0,224.33564758300781
0.00039849999999999998,-359.23641967773438,-19.983335494995117,-33.794662475585938,-22.177192687988281,-22.177192687988281,-33.794662475585938,55.971855163574219,0,0,0,0,223.88742065429688
0.00039899999999999999,-530.4434814453125,-20.932199478149414,-29.6044921875,-26.255531311035156,-26.255531311035156,-29.6044921875,55.860023498535156,0,0,0,0,223.44009399414063
0.00039950000000000001,-705.159423828125,-20.821905136108398,-25.329963684082031,-30.418449401855469,-30.418449401855469,-25.329963684082031,55.7484130859375,0,0,0,0,222.99365234375
0.00039999999999999996,-874.5439453125,-19.658100128173828,0,-55.637027740478516,-55.637027740478516,0,55.637027740478516,0,0,0,0,222.54811096191406
0.00040049999999999998,-929.112060546875,7.050445556640625,0,-55.61383056640625,-55.61383056640625,0,55.61383056640625,361.06317138671875,0,0,361.06317138671875,222.455322265625
0.00040099999999999999,-765.7601318359375,30.662200927734375,0,-55.765888214111328,-55.765888214111328,0,55.765888214111328,665.17626953125,0,0,665.17626953125,223.06355285644531
0.0004015,-455.69552612304688,40.933380126953125,0,-56.014392852783203,-56.014392852783203,0,56.014392852783203,724.133544921875,0,0,724.133544921875,224.05757141113281
0.00040199999999999996,-133.61557006835938,33.449455261230469,0,-56.210796356201172,-56.210796356201172,0,56.210796356201172,456.91259765625,0,0,456.91259765625,224.84318542480469
0.00040249999999999997,61.125278472900391,15.168570518493652,-15.09271240234375,-41.109092712402344,-41.109092712402344,-15.09271240234375,56.201805114746094,0,0,0,0,224.80722045898438
0.00040299999999999998,200.09121704101563,18.041873931884766,-18.392780303955078,-37.696731567382813,-37.696731567382813,-18.392780303955078,56.089511871337891,0,0,0,0,224.35804748535156
0.0004035,359.28268432617188,20.002143859863281,-22.181110382080078,-33.796333312988281,-33.796333312988281,-22.181110382080078,55.977443695068359,0,0,0,0,223.90977478027344
0.00040400000000000001,530.64398193359375,20.950250625610352,-26.263164520263672,-29.602436065673828,-29.602436065673828,-26.263164520263672,55.8656005859375,0,0,0,0,223.46240234375
0.00040449999999999997,705.50396728515625,20.838287353515625,-30.429557800292969,-25.324424743652344,-25.324424743652344,-30.429557800292969,55.753982543945313,0,0,0,0,223.01593017578125
0.00040499999999999998,875.01513671875,19.671981811523438,-55.642585754394531,0,0,-55.642585754394531,55.642585754394531,0,0,0,0,222.57034301757813
0.00040549999999999999,929.611572265625,-7.0577621459960938,-55.619468688964844,0,0,-55.619468688964844,55.619468688964844,0,361.43948364257813,361.43948364257813,0,222.47787475585938
0.000406,766.11865234375,-30.687469482421875,-55.77178955078125,0,0,-55.77178955078125,55.77178955078125,0,665.86773681640625,665.86773681640625,0,223.087158203125
0.00040649999999999996,455.80563354492188,-40.9654541015625,-56.020664215087891,0,0,-56.020664215087891,56.020664215087891,0,724.93548583984375,724.93548583984375,0,224.08265686035156
0.00040699999999999997,133.47940063476563,-33.474235534667969,-56.217430114746094,0,0,-56.217430114746094,56.217430114746094,0,457.565673828125,457.565673828125,0,224.86972045898438
0.00040749999999999998,-61.397251129150391,-15.160454750061035,-41.10595703125,-15.10270881652832,-15.10270881652832,-41.10595703125,56.208667755126953,0,0,0,0,224.83467102050781
0.000408,-200.28924560546875,-18.032320022583008,-37.695381164550781,-18.400981903076172,-18.400981903076172,-37.695381164550781,56.096363067626953,0,0,0,0,224.38545227050781
0.00040849999999999995,-359.39678955078125,-19.99163818359375,-33.797000885009766,-22.187278747558594,-22.187278747558594,-33.797000885009766,55.984283447265625,0,0,0,0,223.9371337890625
0.00040899999999999997,-530.66839599609375,-20.939321517944336,-29.605260848999023,-26.267162322998047,-26.267162322998047,-29.605260848999023,55.872425079345703,0,0,0,0,223.48970031738281
0.00040949999999999998,-705.4375,-20.827487945556641,-25.329437255859375,-30.431354522705078,-30.431354522705078,-25.329437255859375,55.760791778564453,0,0,0,0,223.04316711425781
0.00040999999999999999,-874.86114501953125,-19.661861419677734,0,-55.649379730224609,-55.649379730224609,0,55.649379730224609,0,0,0,0,222.59751892089844
0.0004105,-929.4388427734375,7.0519790649414063,0,-55.626174926757813,-55.626174926757813,0,55.626174926757813,361.13180541992188,0,0,361.13180541992188,222.50469970703125
0.00041099999999999996,-766.05364990234375,30.668350219726563,0,-55.77825927734375,-55.77825927734375,0,55.77825927734375,665.30120849609375,0,0,665.30120849609375,223.113037109375
0.00041149999999999997,-455.92715454101563,40.941513061523438,0,-56.026805877685547,-56.026805877685547,0,56.026805877685547,724.265625,0,0,724.265625,224.10722351074219
0.00041199999999999999,-133.78353881835938,33.456016540527344,0,-56.223239898681641,-56.223239898681641,0,56.223239898681641,456.9873046875,0,0,456.9873046875,224.89295959472656
0.0004125,60.994968414306641,15.17240047454834,-15.095781326293945,-41.118453979492188,-41.118453979492188,-15.095781326293945,56.2142333984375,0,0,0,0,224.85693359375
0.00041299999999999996,199.995849609375,18.046394348144531,-18.396678924560547,-37.705238342285156,-37.705238342285156,-18.396678924560547,56.101917266845703,0,0,0,0,224.40766906738281
0.00041349999999999997,359.22708129882813,20.007125854492188,-22.185958862304688,-33.803863525390625,-33.803863525390625,-22.185958862304688,55.989826202392578,0,0,0,0,223.95930480957031
0.00041399999999999998,530.6309814453125,20.9554443359375,-26.269027709960938,-29.608924865722656,-29.608924865722656,-26.269027709960938,55.877956390380859,0,0,0,0,223.51182556152344
0.00041449999999999999,705.53424072265625,20.843427658081055,-30.436454772949219,-25.329856872558594,-25.329856872558594,-30.436454772949219,55.766311645507813,0,0,0,0,223.06524658203125
0.000415,875.087158203125,19.676811218261719,-55.654891967773438,0,0,-55.654891967773438,55.654891967773438,0,0,0,0,222.61956787109375
0.00041549999999999996,929.753662109375,-7.046417236328125,-55.631710052490234,0,0,-55.631710052490234,55.631710052490234,0,361.29104614257813,361.29104614257813,0,222.52684020996094
0.00041599999999999997,766.36590576171875,-30.67449951171875,-55.783912658691406,0,0,-55.783912658691406,55.783912658691406,0,665.66204833984375,665.66204833984375,0,223.13565063476563
0.00041649999999999999,456.14761352539063,-40.956512451171875,-56.032665252685547,0,0,-56.032665252685547,56.032665252685547,0,724.776611328125,724.776611328125,0,224.13066101074219
0.000417,133.86434936523438,-33.473243713378906,-56.229354858398438,0,0,-56.229354858398438,56.229354858398438,0,457.5257568359375,457.5257568359375,0,224.91741943359375
0.00041749999999999996,-61.040378570556641,-15.163703918457031,-41.120529174804688,-15.10004997253418,-15.10004997253418,-41.120529174804688,56.2205810546875,0,0,0,0,224.88232421875
0.00041799999999999997,-199.96824645996094,-18.03764533996582,-37.709075927734375,-18.399181365966797,-18.399181365966797,-37.709075927734375,56.108253479003906,0,0,0,0,224.43301391601563
0.00041849999999999998,-359.12786865234375,-19.99876594543457,-33.809425354003906,-22.186721801757813,-22.186721801757813,-33.809425354003906,55.996147155761719,0,0,0,0,223.98458862304688
0.00041899999999999999,-530.4652099609375,-20.947895050048828,-29.616085052490234,-26.268180847167969,-26.268180847167969,-29.616085052490234,55.884265899658203,0,0,0,0,223.53706359863281
0.00041950000000000001,-705.31024169921875,-20.837070465087891,-25.338417053222656,-30.434192657470703,-30.434192657470703,-25.338417053222656,55.772609710693359,0,0,0,0,223.09043884277344
0.00041999999999999996,-874.8162841796875,-19.671970367431641,0,-55.661174774169922,-55.661174774169922,0,55.661174774169922,0,0,0,0,222.64469909667969
0.00042049999999999998,-929.5279541015625,7.0311431884765625,0,-55.637882232666016,-55.637882232666016,0,55.637882232666016,360.907958984375,0,0,360.907958984375,222.55152893066406
0.00042099999999999999,-766.33038330078125,30.6458740234375,0,-55.789810180664063,-55.789810180664063,0,55.789810180664063,665.019775390625,0,0,665.019775390625,223.15924072265625
0.0004215,-456.36355590820313,40.9271240234375,0,-56.038219451904297,-56.038219451904297,0,56.038219451904297,724.10626220703125,0,0,724.10626220703125,224.15287780761719
0.00042199999999999996,-134.28256225585938,33.455955505371094,0,-56.234607696533203,-56.234607696533203,0,56.234607696533203,457.0648193359375,0,0,457.0648193359375,224.93843078613281
0.00042249999999999997,60.557712554931641,15.171516418457031,-15.090948104858398,-41.134735107421875,-41.134735107421875,-15.090948104858398,56.225681304931641,0,0,0,0,224.90272521972656
0.00042299999999999998,199.56234741210938,18.048177719116211,-18.391921997070313,-37.721416473388672,-37.721416473388672,-18.391921997070313,56.11334228515625,0,0,0,0,224.453369140625
0.00042349999999999999,358.81927490234375,20.011484146118164,-22.181816101074219,-33.819412231445313,-33.819412231445313,-22.181816101074219,56.001228332519531,0,0,0,0,224.00491333007813
0.00042400000000000001,530.26947021484375,20.962158203125,-26.2659912109375,-29.623344421386719,-29.623344421386719,-26.2659912109375,55.889335632324219,0,0,0,0,223.55734252929688
0.00042449999999999996,705.2373046875,20.852157592773438,-30.434963226318359,-25.342702865600586,-25.342702865600586,-30.434963226318359,55.777667999267578,0,0,0,0,223.11067199707031
0.00042499999999999998,874.869873046875,19.687116622924805,-55.666225433349609,0,0,-55.666225433349609,55.666225433349609,0,0,0,0,222.66490173339844
0.00042549999999999999,929.7069091796875,-7.0173263549804688,-55.642921447753906,0,0,-55.642921447753906,55.642921447753906,0,360.92059326171875,360.92059326171875,0,222.57168579101563
0.000426,766.59765625,-30.639312744140625,-55.794872283935547,0,0,-55.794872283935547,55.794872283935547,0,665.15350341796875,665.15350341796875,0,223.17948913574219
0.00042649999999999996,456.64431762695313,-40.930557250976563,-56.043380737304688,0,0,-56.043380737304688,56.043380737304688,0,724.41156005859375,724.41156005859375,0,224.17352294921875
0.00042699999999999997,134.49697875976563,-33.467765808105469,-56.239952087402344,0,0,-56.239952087402344,56.239952087402344,0,457.5118408203125,457.5118408203125,0,224.95980834960938
0.00042749999999999998,-60.459140777587891,-15.162701606750488,-41.139900207519531,-15.091352462768555,-15.091352462768555,-41.139900207519531,56.231254577636719,0,0,0,0,224.92501831054688
0.000428,-199.3934326171875,-18.040184020996094,-37.728279113769531,-18.390625,-18.390625,-37.728279113769531,56.118904113769531,0,0,0,0,224.47561645507813
0.00042850000000000001,-358.58859252929688,-20.004714965820313,-33.8277587890625,-22.17901611328125,-22.17901611328125,-33.8277587890625,56.006778717041016,0,0,0,0,224.02711486816406
0.00042899999999999997,-529.98870849609375,-20.956954956054688,-29.632896423339844,-26.261985778808594,-26.261985778808594,-29.632896423339844,55.894878387451172,0,0,0,0,223.57951354980469
0.00042949999999999998,-704.92071533203125,-20.848785400390625,-25.353115081787109,-30.430088043212891,-30.430088043212891,-25.353115081787109,55.783199310302734,0,0,0,0,223.13279724121094
0.00042999999999999999,-874.53338623046875,-19.685741424560547,0,-55.671745300292969,-55.671745300292969,0,55.671745300292969,0,0,0,0,222.68698120117188
0.0004305,-929.4534912109375,6.996795654296875,0,-55.648323059082031,-55.648323059082031,0,55.648323059082031,360.50616455078125,0,0,360.50616455078125,222.59329223632813
0.00043099999999999996,-766.57794189453125,30.605911254882813,0,-55.799983978271484,-55.799983978271484,0,55.799983978271484,664.49017333984375,0,0,664.49017333984375,223.19993591308594
0.00043149999999999997,-456.90664672851563,40.898880004882813,0,-56.048137664794922,-56.048137664794922,0,56.048137664794922,723.76837158203125,0,0,723.76837158203125,224.19255065917969
0.00043199999999999998,-134.96640014648438,33.451713562011719,0,-56.244434356689453,-56.244434356689453,0,56.244434356689453,457.1439208984375,0,0,457.1439208984375,224.97773742675781
0.0004325,59.948886871337891,15.16750431060791,-15.08122444152832,-41.1544189453125,-41.1544189453125,-15.08122444152832,56.235641479492188,0,0,0,0,224.94256591796875
0.00043299999999999995,198.93577575683594,18.047948837280273,-18.381763458251953,-37.74151611328125,-37.74151611328125,-18.381763458251953,56.123283386230469,0,0,0,0,224.49313354492188
0.00043349999999999997,358.2066650390625,20.015048980712891,-22.171981811523438,-33.839164733886719,-33.839164733886719,-22.171981811523438,56.011150360107422,0,0,0,0,224.04460144042969
0.00043399999999999998,529.7017822265625,20.969335556030273,-26.257236480712891,-29.642002105712891,-29.642002105712891,-26.257236480712891,55.899238586425781,0,0,0,0,223.59695434570313
0.00043449999999999999,704.74334716796875,20.862583160400391,-30.427986145019531,-25.359569549560547,-25.359569549560547,-30.427986145019531,55.787551879882813,0,0,0,0,223.15020751953125
0.000435,874.4744873046875,19.700263977050781,-55.67608642578125,0,0,-55.67608642578125,55.67608642578125,0,0,0,0,222.704345703125
0.00043549999999999996,929.5364990234375,-6.97857666015625,-55.652629852294922,0,0,-55.652629852294922,55.652629852294922,0,360.42779541015625,360.42779541015625,0,222.61051940917969
0.00043599999999999997,766.8009033203125,-30.591796875,-55.804252624511719,0,0,-55.804252624511719,55.804252624511719,0,664.47760009765625,664.47760009765625,0,223.21701049804688
0.00043649999999999998,457.20761108398438,-40.894927978515625,-56.052436828613281,0,0,-56.052436828613281,56.052436828613281,0,723.9326171875,723.9326171875,0,224.20974731445313
0.000437,135.25027465820313,-33.459556579589844,-56.248863220214844,0,0,-56.248863220214844,56.248863220214844,0,457.51416015625,457.51416015625,0,224.99545288085938
0.00043749999999999995,-59.768711090087891,-15.158937454223633,-41.161090850830078,-15.079193115234375,-15.079193115234375,-41.161090850830078,56.240283966064453,0,0,0,0,224.96113586425781
0.00043799999999999997,-198.68936157226563,-18.040687561035156,-37.749786376953125,-18.378131866455078,-18.378131866455078,-37.749786376953125,56.127914428710938,0,0,0,0,224.51165771484375
0.00043849999999999998,-357.906494140625,-20.009462356567383,-33.848724365234375,-22.167045593261719,-22.167045593261719,-33.848724365234375,56.015769958496094,0,0,0,0,224.06307983398438
0.00043899999999999999,-529.36309814453125,-20.965705871582031,-29.652484893798828,-26.251365661621094,-26.251365661621094,-29.652484893798828,55.903850555419922,0,0,0,0,223.61540222167969
0.0004395,-704.3831787109375,-20.861093521118164,-25.370567321777344,-30.421581268310547,-30.421581268310547,-25.370567321777344,55.792152404785156,0,0,0,0,223.16860961914063
0.00043999999999999996,-874.1112060546875,-19.70098876953125,0,-55.680679321289063,-55.680679321289063,0,55.680679321289063,0,0,0,0,222.72271728515625
0.00044049999999999997,-929.2745361328125,6.9558944702148438,0,-55.6571044921875,-55.6571044921875,0,55.6571044921875,360.01486206054688,0,0,360.01486206054688,222.62841796875
0.00044099999999999999,-766.78753662109375,30.557052612304688,0,-55.808444976806641,-55.808444976806641,0,55.808444976806641,663.834228515625,0,0,663.834228515625,223.23377990722656
0.0004415,-457.48165893554688,40.863327026367188,0,-56.056297302246094,-56.056297302246094,0,56.056297302246094,723.33770751953125,0,0,723.33770751953125,224.22518920898438
0.00044199999999999996,-135.72457885742188,33.44488525390625,0,-56.252483367919922,-56.252483367919922,0,56.252483367919922,457.2218017578125,0,0,457.2218017578125,225.00993347167969
0.00044249999999999997,59.268466949462891,15.161446571350098,-15.068901062011719,-41.174957275390625,-41.174957275390625,-15.068901062011719,56.243858337402344,0,0,0,0,224.97543334960938
0.00044299999999999998,198.22250366210938,18.046157836914063,-18.368640899658203,-37.762840270996094,-37.762840270996094,-18.368640899658203,56.131481170654297,0,0,0,0,224.52592468261719
0.00044349999999999999,357.49664306640625,20.017616271972656,-22.158927917480469,-33.860401153564453,-33.860401153564453,-22.158927917480469,56.019329071044922,0,0,0,0,224.07731628417969
0.000444,529.031005859375,20.976131439208984,-26.245124816894531,-29.662277221679688,-29.662277221679688,-26.245124816894531,55.907402038574219,0,0,0,0,223.62960815429688
0.00044449999999999996,704.14569091796875,20.873262405395508,-30.417625427246094,-25.378070831298828,-25.378070831298828,-30.417625427246094,55.795700073242188,0,0,0,0,223.18280029296875
0.00044499999999999997,873.980224609375,19.714284896850586,-55.684219360351563,0,0,-55.684219360351563,55.684219360351563,0,0,0,0,222.73687744140625
0.00044549999999999999,929.2882080078125,-6.9357681274414063,-55.660598754882813,0,0,-55.660598754882813,55.660598754882813,0,359.88168334960938,359.88168334960938,0,222.64239501953125
0.000446,766.96746826171875,-30.538833618164063,-55.811862945556641,0,0,-55.811862945556641,55.811862945556641,0,663.72705078125,663.72705078125,0,223.24745178222656
0.00044649999999999996,457.77706909179688,-40.8548583984375,-56.059696197509766,0,0,-56.059696197509766,56.059696197509766,0,723.4010009765625,723.4010009765625,0,224.23878479003906
0.00044699999999999997,136.03585815429688,-33.449737548828125,-56.255962371826172,0,0,-56.255962371826172,56.255962371826172,0,457.5213623046875,457.5213623046875,0,225.02384948730469
0.00044749999999999998,-59.047458648681641,-15.153435707092285,-41.182132720947266,-15.065399169921875,-15.065399169921875,-41.182132720947266,56.247531890869141,0,0,0,0,224.99012756347656
0.00044799999999999999,-197.94090270996094,-18.03968620300293,-37.771472930908203,-18.363674163818359,-18.363674163818359,-37.771472930908203,56.135147094726563,0,0,0,0,224.54058837890625
0.00044850000000000001,-357.168701171875,-20.013010025024414,-33.870147705078125,-22.152839660644531,-22.152839660644531,-33.870147705078125,56.022987365722656,0,0,0,0,224.09194946289063
0.00044899999999999996,-528.67327880859375,-20.973623275756836,-29.672740936279297,-26.238311767578125,-26.238311767578125,-29.672740936279297,55.911052703857422,0,0,0,0,223.64421081542969
0.00044949999999999998,-703.7762451171875,-20.872982025146484,-25.388813018798828,-30.410530090332031,-30.410530090332031,-25.388813018798828,55.799343109130859,0,0,0,0,223.19737243652344
0.00044999999999999999,-873.6177978515625,-19.716245651245117,0,-55.687854766845703,-55.687854766845703,0,55.687854766845703,0,0,0,0,222.75141906738281
0.0004505,-929.03271484375,6.9130630493164063,0,-55.664127349853516,-55.664127349853516,0,55.664127349853516,359.49240112304688,0,0,359.49240112304688,222.65650939941406
0.00045099999999999996,-766.95556640625,30.505264282226563,0,-55.815132141113281,-55.815132141113281,0,55.815132141113281,663.13092041015625,0,0,663.13092041015625,223.26052856445313
0.00045149999999999997,-458.03964233398438,40.825088500976563,0,-56.062664031982422,-56.062664031982422,0,56.062664031982422,722.86724853515625,0,0,722.86724853515625,224.25065612792969
0.00045199999999999998,-136.48348999023438,33.436767578125,0,-56.25872802734375,-56.25872802734375,0,56.25872802734375,457.2889404296875,0,0,457.2889404296875,225.034912109375
0.00045249999999999999,58.584690093994141,15.15461540222168,-15.055599212646484,-41.194675445556641,-41.194675445556641,-15.055599212646484,56.250274658203125,0,0,0,0,225.0010986328125
0.00045300000000000001,197.49958801269531,18.043634414672852,-18.354389190673828,-37.783500671386719,-37.783500671386719,-18.354389190673828,56.137886047363281,0,0,0,0,224.55154418945313
0.00045349999999999996,356.77117919921875,20.019527435302734,-22.144607543945313,-33.881114959716797,-33.881114959716797,-22.144607543945313,56.025722503662109,0,0,0,0,224.10289001464844
0.00045399999999999998,528.33966064453125,20.982378005981445,-26.231624603271484,-29.682159423828125,-29.682159423828125,-26.231624603271484,55.913784027099609,0,0,0,0,223.65513610839844
0.00045449999999999999,703.5234375,20.88353157043457,-30.405788421630859,-25.396278381347656,-25.396278381347656,-30.405788421630859,55.802066802978516,0,0,0,0,223.20826721191406
0.000455,873.45855712890625,19.728055953979492,-55.690574645996094,0,0,-55.690574645996094,55.690574645996094,0,0,0,0,222.76229858398438
0.00045549999999999996,929.0093994140625,-6.8934478759765625,-55.666797637939453,0,0,-55.666797637939453,55.666797637939453,0,359.34323120117188,359.34323120117188,0,222.66719055175781
0.00045599999999999997,767.09930419921875,-30.486282348632813,-55.817714691162109,0,0,-55.817714691162109,55.817714691162109,0,662.9881591796875,662.9881591796875,0,223.27085876464844
0.00045649999999999998,458.30935668945313,-40.814926147460938,-56.065204620361328,0,0,-56.065204620361328,56.065204620361328,0,722.88134765625,722.88134765625,0,224.26081848144531
0.000457,136.78390502929688,-33.439781188964844,-56.261333465576172,0,0,-56.261333465576172,56.261333465576172,0,457.539306640625,457.539306640625,0,225.04533386230469
0.00045749999999999995,-58.361423492431641,-15.147204399108887,-41.201461791992188,-15.051595687866211,-15.051595687866211,-41.201461791992188,56.253055572509766,0,0,0,0,225.01222229003906
0.00045799999999999997,-197.22073364257813,-18.037761688232422,-37.791618347167969,-18.349040985107422,-18.349040985107422,-37.791618347167969,56.140663146972656,0,0,0,0,224.56265258789063
0.00045849999999999998,-356.45083618164063,-20.01548957824707,-33.890235900878906,-22.138259887695313,-22.138259887695313,-33.890235900878906,56.028491973876953,0,0,0,0,224.11396789550781
0.00045899999999999999,-527.99407958984375,-20.980379104614258,-29.691886901855469,-26.224658966064453,-26.224658966064453,-29.691886901855469,55.916545867919922,0,0,0,0,223.66618347167969
0.0004595,-703.17010498046875,-20.883674621582031,-25.40618896484375,-30.398635864257813,-30.398635864257813,-25.40618896484375,55.804824829101563,0,0,0,0,223.21929931640625
0.00045999999999999996,-873.1153564453125,-19.730331420898438,0,-55.693325042724609,-55.693325042724609,0,55.693325042724609,0,0,0,0,222.77330017089844
0.00046049999999999997,-928.76806640625,6.872222900390625,0,-55.669452667236328,-55.669452667236328,0,55.669452667236328,358.9893798828125,0,0,358.9893798828125,222.67781066894531
0.00046099999999999998,-767.083740234375,30.45538330078125,0,-55.820133209228516,-55.820133209228516,0,55.820133209228516,662.45074462890625,0,0,662.45074462890625,223.28053283691406
0.0004615,-458.54489135742188,40.787857055664063,0,-56.067356109619141,-56.067356109619141,0,56.067356109619141,722.40802001953125,0,0,722.40802001953125,224.26942443847656
0.00046199999999999995,-137.18624877929688,33.428367614746094,0,-56.263301849365234,-56.263301849365234,0,56.263301849365234,457.34716796875,0,0,457.34716796875,225.05320739746094
0.00046249999999999997,57.949375152587891,15.147634506225586,-15.042627334594727,-41.212387084960938,-41.212387084960938,-15.042627334594727,56.255016326904297,0,0,0,0,225.02006530761719
0.00046299999999999998,196.82266235351563,18.040670394897461,-18.340408325195313,-37.802211761474609,-37.802211761474609,-18.340408325195313,56.142620086669922,0,0,0,0,224.57048034667969
0.00046349999999999999,356.08685302734375,20.020730972290039,-22.130447387695313,-33.899997711181641,-33.899997711181641,-22.130447387695313,56.030445098876953,0,0,0,0,224.12178039550781
0.000464,527.6826171875,20.987689971923828,-26.218112945556641,-29.700380325317383,-29.700380325317383,-26.218112945556641,55.918495178222656,0,0,0,0,223.67398071289063
0.00046449999999999996,702.9268798828125,20.892681121826172,-30.393733978271484,-25.413032531738281,-25.413032531738281,-30.393733978271484,55.806770324707031,0,0,0,0,223.22708129882813
0.00046499999999999997,872.95269775390625,19.740579605102539,-55.695266723632813,0,0,-55.695266723632813,55.695266723632813,0,0,0,0,222.78106689453125
0.00046549999999999998,928.72705078125,-6.8543930053710938,-55.671344757080078,0,0,-55.671344757080078,55.671344757080078,0,358.84567260742188,358.84567260742188,0,222.68537902832031
0.000466,767.19659423828125,-30.43768310546875,-55.821945190429688,0,0,-55.821945190429688,55.821945190429688,0,662.30499267578125,662.30499267578125,0,223.28778076171875
0.00046649999999999996,458.77761840820313,-40.777908325195313,-56.069122314453125,0,0,-56.069122314453125,56.069122314453125,0,722.40081787109375,722.40081787109375,0,224.2764892578125
0.00046699999999999997,137.45309448242188,-33.430412292480469,-56.265110015869141,0,0,-56.265110015869141,56.265110015869141,0,457.5567626953125,457.5567626953125,0,225.06044006347656
0.00046749999999999998,-57.748264312744141,-15.141050338745117,-41.218231201171875,-15.038751602172852,-15.038751602172852,-41.218231201171875,56.256980895996094,0,0,0,0,225.02792358398438
0.00046799999999999999,-196.57225036621094,-18.035470962524414,-37.809242248535156,-18.335342407226563,-18.335342407226563,-37.809242248535156,56.144580841064453,0,0,0,0,224.57832336425781
0.0004685,-355.7998046875,-20.017177581787109,-33.907909393310547,-22.124492645263672,-22.124492645263672,-33.907909393310547,56.032402038574219,0,0,0,0,224.12960815429688
0.00046899999999999996,-527.37347412109375,-20.985963821411133,-29.708822250366211,-26.211624145507813,-26.211624145507813,-29.708822250366211,55.920448303222656,0,0,0,0,223.68179321289063
0.00046949999999999997,-702.611328125,-20.892866134643555,-25.421627044677734,-30.387088775634766,-30.387088775634766,-25.421627044677734,55.808719635009766,0,0,0,0,223.23487854003906
0.00046999999999999999,-872.64666748046875,-19.742668151855469,0,-55.697212219238281,-55.697212219238281,0,55.697212219238281,0,0,0,0,222.78884887695313
0.0004705,-928.51025390625,6.8358688354492188,0,-55.673210144042969,-55.673210144042969,0,55.673210144042969,358.53997802734375,0,0,358.53997802734375,222.69284057617188
0.00047099999999999996,-767.176513671875,30.410797119140625,0,-55.823600769042969,-55.823600769042969,0,55.823600769042969,661.842041015625,0,0,661.842041015625,223.29440307617188
0.00047149999999999997,-458.97561645507813,40.75445556640625,0,-56.070545196533203,-56.070545196533203,0,56.070545196533203,721.99615478515625,0,0,721.99615478515625,224.28218078613281
0.00047199999999999998,-137.79537963867188,33.420570373535156,0,-56.266387939453125,-56.266387939453125,0,56.266387939453125,457.398681640625,0,0,457.398681640625,225.0655517578125
0.00047249999999999999,57.398227691650391,15.141012191772461,-15.030937194824219,-41.227317810058594,-41.227317810058594,-15.030937194824219,56.258255004882813,0,0,0,0,225.03302001953125
0.000473,196.23074340820313,18.03754997253418,-18.327732086181641,-37.818122863769531,-37.818122863769531,-18.327732086181641,56.145851135253906,0,0,0,0,224.58340454101563
0.00047349999999999996,355.484130859375,20.021268844604492,-22.117507934570313,-33.916164398193359,-33.916164398193359,-22.117507934570313,56.033672332763672,0,0,0,0,224.13468933105469
0.00047399999999999997,527.09954833984375,20.991859436035156,-26.205650329589844,-29.716068267822266,-29.716068267822266,-26.205650329589844,55.921714782714844,0,0,0,0,223.68685913085938
0.00047449999999999999,702.39300537109375,20.900270462036133,-30.382453918457031,-25.427528381347656,-25.427528381347656,-30.382453918457031,55.809982299804688,0,0,0,0,223.23992919921875
0.000475,872.49505615234375,19.751203536987305,-55.698474884033203,0,0,-55.698474884033203,55.698474884033203,0,0,0,0,222.79389953613281
0.00047549999999999996,928.4619140625,-6.8205108642578125,-55.674434661865234,0,0,-55.674434661865234,55.674434661865234,0,358.41241455078125,358.41241455078125,0,222.69773864746094
0.00047599999999999997,767.26177978515625,-30.395294189453125,-55.824752807617188,0,0,-55.824752807617188,55.824752807617188,0,661.70849609375,661.70849609375,0,223.29901123046875
0.00047649999999999998,459.16683959960938,-40.745452880859375,-56.071659088134766,0,0,-56.071659088134766,56.071659088134766,0,721.979736328125,721.979736328125,0,224.28663635253906
0.00047699999999999999,138.01962280273438,-33.421974182128906,-56.267536163330078,0,0,-56.267536163330078,56.267536163330078,0,457.5697021484375,457.5697021484375,0,225.07014465332031
0.00047749999999999995,-57.228244781494141,-15.135382652282715,-41.232063293457031,-15.027469635009766,-15.027469635009766,-41.232063293457031,56.259532928466797,0,0,0,0,225.03813171386719
0.00047799999999999996,-196.0185546875,-18.033090591430664,-37.823883056640625,-18.3232421875,-18.3232421875,-37.823883056640625,56.147125244140625,0,0,0,0,224.5885009765625
0.00047849999999999998,-355.240478515625,-20.018205642700195,-33.922683715820313,-22.112258911132813,-22.112258911132813,-33.922683715820313,56.034942626953125,0,0,0,0,224.1397705078125
0.00047899999999999999,-526.83673095703125,-20.990345001220703,-29.723049163818359,-26.199935913085938,-26.199935913085938,-29.723049163818359,55.922985076904297,0,0,0,0,223.69194030761719
0.0004795,-702.12432861328125,-20.900384902954102,-25.434648513793945,-30.376602172851563,-30.376602172851563,-25.434648513793945,55.811248779296875,0,0,0,0,223.2449951171875
0.00047999999999999996,-872.234130859375,-19.75294303894043,0,-55.699737548828125,-55.699737548828125,0,55.699737548828125,0,0,0,0,222.7989501953125
0.00048049999999999997,-928.2752685546875,6.805145263671875,0,-55.675628662109375,-55.675628662109375,0,55.675628662109375,358.1590576171875,0,0,358.1590576171875,222.7025146484375
0.00048099999999999998,-767.23834228515625,30.373001098632813,0,-55.825778961181641,-55.825778961181641,0,55.825778961181641,661.32513427734375,0,0,661.32513427734375,223.30311584472656
0.00048149999999999999,-459.32443237304688,40.725967407226563,0,-56.072490692138672,-56.072490692138672,0,56.072490692138672,721.645263671875,0,0,721.645263671875,224.28996276855469
0.00048199999999999995,-138.29702758789063,33.413772583007813,0,-56.268241882324219,-56.268241882324219,0,56.268241882324219,457.4405517578125,0,0,457.4405517578125,225.07296752929688
0.00048249999999999996,56.944065093994141,15.135213851928711,-15.020961761474609,-41.239280700683594,-41.239280700683594,-15.020961761474609,56.260242462158203,0,0,0,0,225.04096984863281
0.00048299999999999998,195.74017333984375,18.034643173217773,-18.316879272460938,-37.830955505371094,-37.830955505371094,-18.316879272460938,56.147834777832031,0,0,0,0,224.59133911132813
0.00048349999999999999,354.98196411132813,20.021402359008789,-22.106369018554688,-33.929283142089844,-33.929283142089844,-22.106369018554688,56.035652160644531,0,0,0,0,224.14260864257813
0.000484,526.6112060546875,20.995023727416992,-26.194843292236328,-29.728847503662109,-29.728847503662109,-26.194843292236328,55.923690795898438,0,0,0,0,223.69476318359375
0.00048449999999999996,701.9432373046875,20.906305313110352,-30.372581481933594,-25.439373016357422,-25.439373016357422,-30.372581481933594,55.811954498291016,0,0,0,0,223.24781799316406
0.00048499999999999997,872.10650634765625,19.759805679321289,-55.700443267822266,0,0,-55.700443267822266,55.700443267822266,0,0,0,0,222.80177307128906
0.00048549999999999998,928.230712890625,-6.7927932739257813,-55.676303863525391,0,0,-55.676303863525391,55.676303863525391,0,358.05715942382813,358.05715942382813,0,222.70521545410156
0.000486,767.30145263671875,-30.3604736328125,-55.826396942138672,0,0,-55.826396942138672,55.826396942138672,0,661.21929931640625,661.21929931640625,0,223.30558776855469
0.00048649999999999995,459.47323608398438,-40.718719482421875,-56.073078155517578,0,0,-56.073078155517578,56.073078155517578,0,721.6346435546875,721.6346435546875,0,224.29231262207031
0.00048699999999999997,138.47232055664063,-33.414886474609375,-56.26885986328125,0,0,-56.26885986328125,56.26885986328125,0,457.5821533203125,457.5821533203125,0,225.075439453125
0.00048749999999999998,-56.812351226806641,-15.130419731140137,-41.242824554443359,-15.018142700195313,-15.018142700195313,-41.242824554443359,56.260967254638672,0,0,0,0,225.04386901855469
0.00048799999999999999,-195.57217407226563,-18.030765533447266,-37.835372924804688,-18.313179016113281,-18.313179016113281,-37.835372924804688,56.148555755615234,0,0,0,0,224.59422302246094
0.0004885,-354.78619384765625,-20.018638610839844,-33.934368133544922,-22.102001190185547,-22.102001190185547,-33.934368133544922,56.036369323730469,0,0,0,0,224.14547729492188
0.00048899999999999996,-526.39752197265625,-20.993515014648438,-29.734365463256836,-26.190044403076172,-26.190044403076172,-29.734365463256836,55.924407958984375,0,0,0,0,223.6976318359375
0.00048950000000000003,-701.722412109375,-20.906126022338867,-25.445064544677734,-30.367607116699219,-30.367607116699219,-25.445064544677734,55.812671661376953,0,0,0,0,223.25068664550781
0.00048999999999999998,-871.88983154296875,-19.760967254638672,0,-55.701156616210938,-55.701156616210938,0,55.701156616210938,0,0,0,0,222.80462646484375
0.00049049999999999994,-928.0721435546875,6.7805252075195313,0,-55.676959991455078,-55.676959991455078,0,55.676959991455078,357.85205078125,0,0,357.85205078125,222.70783996582031
0.00049100000000000001,-767.2740478515625,30.342453002929688,0,-55.826919555664063,-55.826919555664063,0,55.826919555664063,660.90740966796875,0,0,660.90740966796875,223.30767822265625
0.00049149999999999997,-459.59280395507813,40.702804565429688,0,-56.073444366455078,-56.073444366455078,0,56.073444366455078,721.36041259765625,0,0,721.36041259765625,224.29377746582031
0.00049199999999999992,-138.69039916992188,33.40802001953125,0,-56.269130706787109,-56.269130706787109,0,56.269130706787109,457.4732666015625,0,0,457.4732666015625,225.07652282714844
0.00049249999999999999,56.586948394775391,15.130231857299805,-15.012834548950195,-41.248405456542969,-41.248405456542969,-15.012834548950195,56.261238098144531,0,0,0,0,225.04495239257813
0.00049299999999999995,195.35090637207031,18.031946182250977,-18.307971954345703,-37.840850830078125,-37.840850830078125,-18.307971954345703,56.148826599121094,0,0,0,0,224.59530639648438
0.00049350000000000002,354.58026123046875,20.021125793457031,-22.097164154052734,-33.939476013183594,-33.939476013183594,-22.097164154052734,56.036640167236328,0,0,0,0,224.14656066894531
0.00049399999999999997,526.2174072265625,20.997182846069336,-26.185829162597656,-29.738849639892578,-29.738849639892578,-26.185829162597656,55.924678802490234,0,0,0,0,223.69871520996094
0.00049449999999999993,701.57720947265625,20.910793304443359,-30.364238739013672,-25.448703765869141,-25.448703765869141,-30.364238739013672,55.812942504882813,0,0,0,0,223.25177001953125
0.000495,871.786865234375,19.766391754150391,-55.701427459716797,0,0,-55.701427459716797,55.701427459716797,0,0,0,0,222.80570983886719
0.00049549999999999996,928.0343017578125,-6.77093505859375,-55.677207946777344,0,0,-55.677207946777344,55.677207946777344,0,357.77508544921875,357.77508544921875,0,222.70883178710938
0.00049600000000000002,767.31927490234375,-30.332839965820313,-55.827125549316406,0,0,-55.827125549316406,55.827125549316406,0,660.82958984375,660.82958984375,0,223.30850219726563
0.00049649999999999998,459.70346069335938,-40.697311401367188,-56.073623657226563,0,0,-56.073623657226563,56.073623657226563,0,721.35791015625,721.35791015625,0,224.29449462890625
0.00049699999999999994,138.82046508789063,-33.409027099609375,-56.269332885742188,0,0,-56.269332885742188,56.269332885742188,0,457.589111328125,457.589111328125,0,225.07733154296875
0.0004975,-56.491611480712891,-15.126373291015625,-41.250846862792969,-15.010675430297852,-15.010675430297852,-41.250846862792969,56.261524200439453,0,0,0,0,225.04609680175781
0.00049799999999999996,-195.22610473632813,-18.028762817382813,-37.844013214111328,-18.305099487304688,-18.305099487304688,-37.844013214111328,56.149112701416016,0,0,0,0,224.59645080566406
0.00049850000000000003,-354.43231201171875,-20.018779754638672,-33.943191528320313,-22.093734741210938,-22.093734741210938,-33.943191528320313,56.03692626953125,0,0,0,0,224.147705078125
0.00049899999999999999,-526.05377197265625,-20.995790481567383,-29.742942810058594,-26.182022094726563,-26.182022094726563,-29.742942810058594,55.924964904785156,0,0,0,0,223.69985961914063
0.00049949999999999994,-701.40618896484375,-20.910425186157227,-25.452974319458008,-30.360252380371094,-30.360252380371094,-25.452974319458008,55.813224792480469,0,0,0,0,223.25289916992188
0.00050000000000000001,-871.61712646484375,-19.767068862915039,0,-55.701709747314453,-55.701709747314453,0,55.701709747314453,0,0,0,0,222.80683898925781
0.00050049999999999997,-927.9072265625,6.76177978515625,0,-55.677452087402344,-55.677452087402344,0,55.677452087402344,357.61862182617188,0,0,357.61862182617188,222.70980834960938
0.00050099999999999993,-767.291015625,30.319229125976563,0,-55.827266693115234,-55.827266693115234,0,55.827266693115234,660.59027099609375,0,0,660.59027099609375,223.30906677246094
0.00050149999999999999,-459.78689575195313,40.68511962890625,0,-56.073650360107422,-56.073650360107422,0,56.073650360107422,721.1451416015625,0,0,721.1451416015625,224.29460144042969
0.00050199999999999995,-138.98031616210938,33.403579711914063,0,-56.269287109375,-56.269287109375,0,56.269287109375,457.5003662109375,0,0,457.5003662109375,225.0771484375
0.00050250000000000002,56.324131011962891,15.126279830932617,-15.006607055664063,-41.254867553710938,-41.254867553710938,-15.006607055664063,56.261474609375,0,0,0,0,225.0458984375
0.00050299999999999997,195.06208801269531,18.029684066772461,-18.301116943359375,-37.847946166992188,-37.847946166992188,-18.301116943359375,56.149063110351563,0,0,0,0,224.59625244140625
0.00050349999999999993,354.28005981445313,20.020668029785156,-22.090034484863281,-33.94683837890625,-33.94683837890625,-22.090034484863281,56.036876678466797,0,0,0,0,224.14750671386719
0.000504,525.92095947265625,20.998552322387695,-26.178791046142578,-29.746124267578125,-29.746124267578125,-26.178791046142578,55.924915313720703,0,0,0,0,223.69966125488281
0.00050449999999999996,701.299560546875,20.913921356201172,-30.357654571533203,-25.455524444580078,-25.455524444580078,-30.357654571533203,55.813175201416016,0,0,0,0,223.25270080566406
0.00050500000000000002,871.54205322265625,19.771120071411133,-55.70166015625,0,0,-55.70166015625,55.70166015625,0,0,0,0,222.806640625
0.00050549999999999998,927.8792724609375,-6.754913330078125,-55.677387237548828,0,0,-55.677387237548828,55.677387237548828,0,357.56753540039063,357.56753540039063,0,222.70954895019531
0.00050599999999999994,767.32183837890625,-30.312469482421875,-55.827175140380859,0,0,-55.827175140380859,55.827175140380859,0,660.5423583984375,660.5423583984375,0,223.30870056152344
0.00050650000000000001,459.86288452148438,-40.681427001953125,-56.07354736328125,0,0,-56.07354736328125,56.07354736328125,0,721.1536865234375,721.1536865234375,0,224.294189453125
0.00050699999999999996,139.06826782226563,-33.404502868652344,-56.269203186035156,0,0,-56.269203186035156,56.269203186035156,0,457.5943603515625,457.5943603515625,0,225.07681274414063
0.00050750000000000003,-56.262424468994141,-15.123114585876465,-41.25634765625,-15.005109786987305,-15.005109786987305,-41.25634765625,56.261459350585938,0,0,0,0,225.04583740234375
0.00050799999999999999,-194.97579956054688,-18.026973724365234,-37.850021362304688,-18.299022674560547,-18.299022674560547,-37.850021362304688,56.1490478515625,0,0,0,0,224.59619140625
0.00050849999999999995,-354.17355346679688,-20.018547058105469,-33.949405670166016,-22.087455749511719,-22.087455749511719,-33.949405670166016,56.036861419677734,0,0,0,0,224.14744567871094
0.00050900000000000001,-525.79962158203125,-20.997125625610352,-29.749048233032227,-26.175849914550781,-26.175849914550781,-29.749048233032227,55.924900054931641,0,0,0,0,223.69960021972656
0.00050949999999999997,-701.16949462890625,-20.913261413574219,-25.458656311035156,-30.354503631591797,-30.354503631591797,-25.458656311035156,55.813159942626953,0,0,0,0,223.25263977050781
0.00050999999999999993,-871.40985107421875,-19.771265029907227,0,-55.701644897460938,-55.701644897460938,0,55.701644897460938,0,0,0,0,222.80657958984375
0.00051049999999999999,-927.7764892578125,6.748291015625,0,-55.677341461181641,-55.677341461181641,0,55.677341461181641,357.44866943359375,0,0,357.44866943359375,222.70936584472656
0.00051099999999999995,-767.29193115234375,30.302276611328125,0,-55.827049255371094,-55.827049255371094,0,55.827049255371094,660.35784912109375,0,0,660.35784912109375,223.30819702148438
0.00051150000000000002,-459.91763305664063,40.672119140625,0,-56.073333740234375,-56.073333740234375,0,56.073333740234375,720.9854736328125,0,0,720.9854736328125,224.2933349609375
0.00051199999999999998,-139.18234252929688,33.400146484375,0,-56.268928527832031,-56.268928527832031,0,56.268928527832031,457.51708984375,0,0,457.51708984375,225.07571411132813
0.00051249999999999993,56.140171051025391,15.12321949005127,-15.002016067504883,-41.259162902832031,-41.259162902832031,-15.002016067504883,56.261177062988281,0,0,0,0,225.04470825195313
0.000513,194.85749816894531,18.027814865112305,-18.296028137207031,-37.852737426757813,-37.852737426757813,-18.296028137207031,56.148765563964844,0,0,0,0,224.59506225585938
0.00051349999999999996,354.065185546875,20.020082473754883,-22.084697723388672,-33.951881408691406,-33.951881408691406,-22.084697723388672,56.036579132080078,0,0,0,0,224.14631652832031
0.00051400000000000003,525.7066650390625,20.999279022216797,-26.173465728759766,-29.751150131225586,-29.751150131225586,-26.173465728759766,55.924617767333984,0,0,0,0,223.69847106933594
0.00051449999999999998,701.0966796875,20.915924072265625,-30.352603912353516,-25.460275650024414,-25.460275650024414,-30.352603912353516,55.812881469726563,0,0,0,0,223.25152587890625
0.00051499999999999994,871.36083984375,19.774295806884766,-55.701366424560547,0,0,-55.701366424560547,55.701366424560547,0,0,0,0,222.80546569824219
0.00051550000000000001,927.76025390625,-6.7437744140625,-55.677051544189453,0,0,-55.677051544189453,55.677051544189453,0,357.42138671875,357.42138671875,0,222.70820617675781
0.00051599999999999997,767.31298828125,-30.298202514648438,-55.826744079589844,0,0,-55.826744079589844,55.826744079589844,0,660.33929443359375,660.33929443359375,0,223.30697631835938
0.00051649999999999992,459.96438598632813,-40.67022705078125,-56.073024749755859,0,0,-56.073024749755859,56.073024749755859,0,721.00787353515625,721.00787353515625,0,224.29209899902344
0.00051699999999999999,139.23257446289063,-33.4012451171875,-56.268646240234375,0,0,-56.268646240234375,56.268646240234375,0,457.594970703125,457.594970703125,0,225.0745849609375
0.00051749999999999995,-56.110202789306641,-15.12077808380127,-41.259773254394531,-15.001176834106445,-15.001176834106445,-41.259773254394531,56.260948181152344,0,0,0,0,225.04379272460938
0.00051800000000000001,-194.80812072753906,-18.025613784790039,-37.853816986083984,-18.294719696044922,-18.294719696044922,-37.853816986083984,56.148536682128906,0,0,0,0,224.59414672851563
0.00051849999999999997,-353.9989013671875,-20.01823616027832,-33.953369140625,-22.082981109619141,-22.082981109619141,-33.953369140625,56.036350250244141,0,0,0,0,224.14540100097656
0.00051899999999999993,-525.6268310546875,-20.997882843017578,-29.752964019775391,-26.171424865722656,-26.171424865722656,-29.752964019775391,55.924388885498047,0,0,0,0,223.69755554199219
0.0005195,-701.00732421875,-20.915046691894531,-25.462318420410156,-30.350334167480469,-30.350334167480469,-25.462318420410156,55.812652587890625,0,0,0,0,223.2506103515625
0.00051999999999999995,-871.2664794921875,-19.773983001708984,0,-55.701137542724609,-55.701137542724609,0,55.701137542724609,0,0,0,0,222.80455017089844
0.00052050000000000002,-927.6827392578125,6.73956298828125,0,-55.676803588867188,-55.676803588867188,0,55.676803588867188,357.3389892578125,0,0,357.3389892578125,222.70721435546875
0.00052099999999999998,-767.28350830078125,30.29132080078125,0,-55.826442718505859,-55.826442718505859,0,55.826442718505859,660.20831298828125,0,0,660.20831298828125,223.30577087402344
0.00052149999999999994,-459.99307250976563,40.663681030273438,0,-56.072662353515625,-56.072662353515625,0,56.072662353515625,720.883544921875,0,0,720.883544921875,224.2906494140625
0.000522,-139.30410766601563,33.397850036621094,0,-56.268230438232422,-56.268230438232422,0,56.268230438232422,457.5299072265625,0,0,457.5299072265625,225.07292175292969
0.00052249999999999996,56.029453277587891,15.121055603027344,-14.999011993408203,-41.261508941650391,-41.261508941650391,-14.999011993408203,56.260520935058594,0,0,0,0,225.04208374023438
0.00052300000000000003,194.73170471191406,18.026374816894531,-18.29266357421875,-37.855449676513672,-37.855449676513672,-18.29266357421875,56.148113250732422,0,0,0,0,224.59245300292969
0.00052349999999999999,353.93069458007813,20.019437789916992,-22.081123352050781,-33.954803466796875,-33.954803466796875,-22.081123352050781,56.035930633544922,0,0,0,0,224.14372253417969
0.00052399999999999994,525.5703125,20.999465942382813,-26.169849395751953,-29.754119873046875,-29.754119873046875,-26.169849395751953,55.923969268798828,0,0,0,0,223.69587707519531
0.00052450000000000001,700.96533203125,20.916929244995117,-30.349109649658203,-25.463123321533203,-25.463123321533203,-30.349109649658203,55.812232971191406,0,0,0,0,223.24893188476563
0.00052499999999999997,871.2410888671875,19.776073455810547,-55.700717926025391,0,0,-55.700717926025391,55.700717926025391,0,0,0,0,222.80287170410156
0.00052549999999999993,927.67724609375,-6.7370452880859375,-55.676383972167969,0,0,-55.676383972167969,55.676383972167969,0,357.33218383789063,357.33218383789063,0,222.70553588867188
0.00052599999999999999,767.2969970703125,-30.289459228515625,-55.826026916503906,0,0,-55.826026916503906,55.826026916503906,0,660.21429443359375,660.21429443359375,0,223.30410766601563
0.00052649999999999995,460.01644897460938,-40.6632080078125,-56.072254180908203,0,0,-56.072254180908203,56.072254180908203,0,720.9169921875,720.9169921875,0,224.28901672363281
0.00052700000000000002,139.32455444335938,-33.399032592773438,-56.267852783203125,0,0,-56.267852783203125,56.267852783203125,0,457.5938720703125,457.5938720703125,0,225.0714111328125
0.00052749999999999997,-56.023960113525391,-15.119172096252441,-41.261474609375,-14.998712539672852,-14.998712539672852,-41.261474609375,56.260185241699219,0,0,0,0,225.04074096679688
0.00052799999999999993,-194.71078491210938,-18.024572372436523,-37.855789184570313,-18.291988372802734,-18.291988372802734,-37.855789184570313,56.147777557373047,0,0,0,0,224.59111022949219
0.0005285,-353.89541625976563,-20.017810821533203,-33.955490112304688,-22.080104827880859,-22.080104827880859,-33.955490112304688,56.035594940185547,0,0,0,0,224.14237976074219
0.00052899999999999996,-525.5224609375,-20.998092651367188,-29.755105972290039,-26.168525695800781,-26.168525695800781,-29.755105972290039,55.923633575439453,0,0,0,0,223.69453430175781
0.00052950000000000002,-700.9073486328125,-20.915878295898438,-25.46435546875,-30.347541809082031,-30.347541809082031,-25.46435546875,55.811897277832031,0,0,0,0,223.24758911132813
0.00052999999999999998,-871.1759033203125,-19.775398254394531,0,-55.700386047363281,-55.700386047363281,0,55.700386047363281,0,0,0,0,222.80154418945313
0.00053049999999999994,-927.6195068359375,6.7346420288085938,0,-55.676033020019531,-55.676033020019531,0,55.676033020019531,357.27679443359375,0,0,357.27679443359375,222.70413208007813
0.000531,-767.268798828125,30.2850341796875,0,-55.825630187988281,-55.825630187988281,0,55.825630187988281,660.12310791015625,0,0,660.12310791015625,223.30252075195313
0.00053149999999999996,-460.02676391601563,40.658737182617188,0,-56.071811676025391,-56.071811676025391,0,56.071811676025391,720.8255615234375,0,0,720.8255615234375,224.28724670410156
0.00053200000000000003,-139.36520385742188,33.396446228027344,0,-56.267372131347656,-56.267372131347656,0,56.267372131347656,457.5380859375,0,0,457.5380859375,225.06948852539063
0.00053249999999999999,55.973850250244141,15.119609832763672,-14.997255325317383,-41.262435913085938,-41.262435913085938,-14.997255325317383,56.259689331054688,0,0,0,0,225.03875732421875
0.00053299999999999995,194.66555786132813,18.025300979614258,-18.2906494140625,-37.856632232666016,-37.856632232666016,-18.2906494140625,56.147281646728516,0,0,0,0,224.58912658691406
0.00053350000000000001,353.85736083984375,20.018795013427734,-22.078937530517578,-33.956161499023438,-33.956161499023438,-22.078937530517578,56.035099029541016,0,0,0,0,224.14039611816406
0.00053399999999999997,525.49346923828125,20.99928092956543,-26.167579650878906,-29.755559921264648,-29.755559921264648,-26.167579650878906,55.923141479492188,0,0,0,0,223.69256591796875
0.00053449999999999993,700.888916015625,20.917215347290039,-30.346851348876953,-25.464553833007813,-25.464553833007813,-30.346851348876953,55.811405181884766,0,0,0,0,223.24562072753906
0.00053499999999999999,871.16900634765625,19.776813507080078,-55.699893951416016,0,0,-55.699893951416016,55.699893951416016,0,0,0,0,222.79957580566406
0.00053549999999999995,927.6231689453125,-6.733642578125,-55.675548553466797,0,0,-55.675548553466797,55.675548553466797,0,357.285400390625,357.285400390625,0,222.70219421386719
0.00053600000000000002,767.2774658203125,-30.284866333007813,-55.825160980224609,0,0,-55.825160980224609,55.825160980224609,0,660.1480712890625,660.1480712890625,0,223.30064392089844
0.00053649999999999998,460.03311157226563,-40.659454345703125,-56.071361541748047,0,0,-56.071361541748047,56.071361541748047,0,720.86773681640625,720.86773681640625,0,224.28544616699219
0.00053699999999999993,139.36306762695313,-33.397720336914063,-56.266948699951172,0,0,-56.266948699951172,56.266948699951172,0,457.591552734375,457.591552734375,0,225.06779479980469
0.0005375,-55.987033843994141,-15.118270874023438,-41.261917114257813,-14.99737548828125,-14.99737548828125,-41.261917114257813,56.259292602539063,0,0,0,0,225.03717041015625
0.00053799999999999996,-194.6673583984375,-18.023916244506836,-37.856391906738281,-18.290496826171875,-18.290496826171875,-37.856391906738281,56.146884918212891,0,0,0,0,224.58753967285156
0.00053850000000000002,-353.84765625,-20.017433166503906,-33.956195831298828,-22.078506469726563,-22.078506469726563,-33.956195831298828,56.034702301025391,0,0,0,0,224.13880920410156
0.00053899999999999998,-525.4727783203125,-20.998012542724609,-29.755861282348633,-26.166881561279297,-26.166881561279297,-29.755861282348633,55.922744750976563,0,0,0,0,223.69097900390625
0.00053949999999999994,-700.8582763671875,-20.916101455688477,-25.465097427368164,-30.345912933349609,-30.345912933349609,-25.465097427368164,55.811012268066406,0,0,0,0,223.24404907226563
0.00054000000000000001,-871.12994384765625,-19.775911331176758,0,-55.699501037597656,-55.699501037597656,0,55.699501037597656,0,0,0,0,222.79800415039063
0.00054049999999999996,-927.5838623046875,6.7327651977539063,0,-55.675151824951172,-55.675151824951172,0,55.675151824951172,357.25390625,0,0,357.25390625,222.70060729980469
0.00054099999999999992,-767.25189208984375,30.282608032226563,0,-55.824741363525391,-55.824741363525391,0,55.824741363525391,660.092041015625,0,0,660.092041015625,223.29896545410156
0.00054149999999999999,-460.02883911132813,40.656814575195313,0,-56.070907592773438,-56.070907592773438,0,56.070907592773438,720.8056640625,0,0,720.8056640625,224.28363037109375
0.00054199999999999995,-139.37820434570313,33.395896911621094,0,-56.266464233398438,-56.266464233398438,0,56.266464233398438,457.544677734375,0,0,457.544677734375,225.06585693359375
0.00054250000000000001,55.963047027587891,15.118831634521484,-14.996545791625977,-41.262245178222656,-41.262245178222656,-14.996545791625977,56.258792877197266,0,0,0,0,225.03517150878906
0.00054299999999999997,194.64860534667969,18.024608612060547,-18.289794921875,-37.856594085693359,-37.856594085693359,-18.289794921875,56.146389007568359,0,0,0,0,224.58555603027344
0.00054349999999999993,353.8350830078125,20.018218994140625,-22.077953338623047,-33.956253051757813,-33.956253051757813,-22.077953338623047,56.034206390380859,0,0,0,0,224.13682556152344
0.000544,525.467041015625,20.998855590820313,-26.166496276855469,-29.755752563476563,-29.755752563476563,-26.166496276855469,55.922248840332031,0,0,0,0,223.68899536132813
0.00054449999999999995,700.859619140625,20.916957855224609,-30.345699310302734,-25.464817047119141,-25.464817047119141,-30.345699310302734,55.810516357421875,0,0,0,0,223.2420654296875
0.00054500000000000002,871.1383056640625,19.776739120483398,-55.699005126953125,0,0,-55.699005126953125,55.699005126953125,0,0,0,0,222.7960205078125
0.00054549999999999998,927.594970703125,-6.73297119140625,-55.674659729003906,0,0,-55.674659729003906,55.674659729003906,0,357.27413940429688,357.27413940429688,0,222.69863891601563
0.00054599999999999994,767.257080078125,-30.283767700195313,-55.824268341064453,0,0,-55.824268341064453,55.824268341064453,0,660.1307373046875,660.1307373046875,0,223.29707336425781
0.0005465,460.02218627929688,-40.658432006835938,-56.070461273193359,0,0,-56.070461273193359,56.070461273193359,0,720.85321044921875,720.85321044921875,0,224.28184509277344
0.00054699999999999996,139.35885620117188,-33.397148132324219,-56.266040802001953,0,0,-56.266040802001953,56.266040802001953,0,457.58837890625,457.58837890625,0,225.06416320800781
0.00054750000000000003,-55.989597320556641,-15.117826461791992,-41.261405944824219,-14.996986389160156,-14.996986389160156,-41.261405944824219,56.258392333984375,0,0,0,0,225.0335693359375
0.00054799999999999998,-194.66616821289063,-18.023468017578125,-37.855972290039063,-18.290016174316406,-18.290016174316406,-37.855972290039063,56.145988464355469,0,0,0,0,224.58395385742188
0.00054849999999999994,-353.84280395507813,-20.017004013061523,-33.955867767333984,-22.07794189453125,-22.07794189453125,-33.955867767333984,56.033809661865234,0,0,0,0,224.13523864746094
0.00054900000000000001,-525.46453857421875,-20.997623443603516,-29.755615234375,-26.166236877441406,-26.166236877441406,-29.755615234375,55.921852111816406,0,0,0,0,223.68740844726563
0.00054949999999999997,-700.8470458984375,-20.915773391723633,-25.464921951293945,-30.345195770263672,-30.345195770263672,-25.464921951293945,55.81011962890625,0,0,0,0,223.240478515625
0.00054999999999999992,-871.11627197265625,-19.775659561157227,0,-55.698612213134766,-55.698612213134766,0,55.698612213134766,0,0,0,0,222.79444885253906
0.00055049999999999999,-927.5677490234375,6.7331008911132813,0,-55.674259185791016,-55.674259185791016,0,55.674259185791016,357.25732421875,0,0,357.25732421875,222.69703674316406
0.00055099999999999995,-767.2330322265625,30.282882690429688,0,-55.823848724365234,-55.823848724365234,0,55.823848724365234,660.09637451171875,0,0,660.09637451171875,223.29539489746094
0.00055150000000000002,-460.00833129882813,40.656936645507813,0,-56.070018768310547,-56.070018768310547,0,56.070018768310547,720.80865478515625,0,0,720.80865478515625,224.28007507324219
0.00055199999999999997,-139.35775756835938,33.395759582519531,0,-56.265579223632813,-56.265579223632813,0,56.265579223632813,457.5455322265625,0,0,457.5455322265625,225.06231689453125
0.00055249999999999993,55.981418609619141,15.118527412414551,-14.996547698974609,-41.261363983154297,-41.261363983154297,-14.996547698974609,56.257911682128906,0,0,0,0,225.03164672851563
0.000553,194.66400146484375,18.024200439453125,-18.289726257324219,-37.855781555175781,-37.855781555175781,-18.289726257324219,56.1455078125,0,0,0,0,224.58203125
0.00055349999999999996,353.84674072265625,20.017730712890625,-22.077796936035156,-33.955532073974609,-33.955532073974609,-22.077796936035156,56.033329010009766,0,0,0,0,224.13331604003906
0.00055400000000000002,525.474365234375,20.998308181762695,-26.166236877441406,-29.755138397216797,-29.755138397216797,-26.166236877441406,55.921375274658203,0,0,0,0,223.68550109863281
0.00055449999999999998,700.86224365234375,20.9163818359375,-30.345325469970703,-25.464317321777344,-25.464317321777344,-30.345325469970703,55.809642791748047,0,0,0,0,223.23857116699219
0.00055499999999999994,871.1361083984375,19.776161193847656,-55.698135375976563,0,0,-55.698135375976563,55.698135375976563,0,0,0,0,222.79254150390625
0.0005555,927.5853271484375,-6.7341156005859375,-55.673793792724609,0,0,-55.673793792724609,55.673793792724609,0,357.28628540039063,357.28628540039063,0,222.69517517089844
0.00055599999999999996,767.2371826171875,-30.284988403320313,-55.823406219482422,0,0,-55.823406219482422,55.823406219482422,0,660.1458740234375,660.1458740234375,0,223.29362487792969
0.00055650000000000003,459.99368286132813,-40.659194946289063,-56.069602966308594,0,0,-56.069602966308594,56.069602966308594,0,720.86163330078125,720.86163330078125,0,224.27841186523438
0.00055699999999999999,139.32723999023438,-33.397201538085938,-56.265190124511719,0,0,-56.265190124511719,56.265190124511719,0,457.5838623046875,457.5838623046875,0,225.06076049804688
0.00055749999999999994,-56.018100738525391,-15.117904663085938,-41.260288238525391,-14.997245788574219,-14.997245788574219,-41.260288238525391,56.257534027099609,0,0,0,0,225.03013610839844
0.00055800000000000001,-194.69461059570313,-18.023372650146484,-37.854854583740234,-18.290275573730469,-18.290275573730469,-37.854854583740234,56.145130157470703,0,0,0,0,224.58052062988281
0.00055849999999999997,-353.8697509765625,-20.016738891601563,-33.954788208007813,-22.078163146972656,-22.078163146972656,-33.954788208007813,56.032951354980469,0,0,0,0,224.13180541992188
0.00055899999999999993,-525.48858642578125,-20.997201919555664,-29.754608154296875,-26.166389465332031,-26.166389465332031,-29.754608154296875,55.920997619628906,0,0,0,0,223.68399047851563
0.00055949999999999999,-700.866943359375,-20.915218353271484,-25.464015960693359,-30.345252990722656,-30.345252990722656,-25.464015960693359,55.809268951416016,0,0,0,0,223.23707580566406
0.00055999999999999995,-871.131103515625,-19.774997711181641,0,-55.697761535644531,-55.697761535644531,0,55.697761535644531,0,0,0,0,222.79104614257813
0.00056050000000000002,-927.5709228515625,6.7351150512695313,0,-55.673419952392578,-55.673419952392578,0,55.673419952392578,357.28427124023438,0,0,357.28427124023438,222.69367980957031
0.00056099999999999998,-767.2166748046875,30.285354614257813,0,-55.823032379150391,-55.823032379150391,0,55.823032379150391,660.134033203125,0,0,660.134033203125,223.29212951660156
0.00056149999999999993,-459.97311401367188,40.6588134765625,0,-56.069221496582031,-56.069221496582031,0,56.069221496582031,720.8369140625,0,0,720.8369140625,224.27688598632813
0.000562,-139.31253051757813,33.396202087402344,0,-56.264793395996094,-56.264793395996094,0,56.264793395996094,457.549560546875,0,0,457.549560546875,225.05917358398438
0.00056249999999999996,56.023471832275391,15.118520736694336,-14.997169494628906,-41.259952545166016,-41.259952545166016,-14.997169494628906,56.257122039794922,0,0,0,0,225.02848815917969
0.00056300000000000002,194.70492553710938,18.023937225341797,-18.290317535400391,-37.854400634765625,-37.854400634765625,-18.290317535400391,56.144718170166016,0,0,0,0,224.57887268066406
0.00056349999999999998,353.88446044921875,20.01722526550293,-22.078311920166016,-33.954227447509766,-33.954227447509766,-22.078311920166016,56.032539367675781,0,0,0,0,224.13015747070313
0.00056399999999999994,525.5069580078125,20.997589111328125,-26.1666259765625,-29.753957748413086,-29.753957748413086,-26.1666259765625,55.920585632324219,0,0,0,0,223.68234252929688
0.00056450000000000001,700.8880615234375,20.915485382080078,-30.345554351806641,-25.463300704956055,-25.463300704956055,-30.345554351806641,55.808856964111328,0,0,0,0,223.23542785644531
0.00056499999999999996,871.15386962890625,19.775129318237305,-55.697349548339844,0,0,-55.697349548339844,55.697349548339844,0,0,0,0,222.78939819335938
0.00056549999999999992,927.5882568359375,-6.7365188598632813,-55.673015594482422,0,0,-55.673015594482422,55.673015594482422,0,357.31317138671875,357.31317138671875,0,222.69206237792969
0.00056599999999999999,767.21783447265625,-30.287689208984375,-55.822654724121094,0,0,-55.822654724121094,55.822654724121094,0,660.18060302734375,660.18060302734375,0,223.29061889648438
0.00056649999999999995,459.95462036132813,-40.6610107421875,-56.068866729736328,0,0,-56.068866729736328,56.068866729736328,0,720.88232421875,720.88232421875,0,224.27546691894531
0.00056700000000000001,139.27951049804688,-33.397323608398438,-56.264457702636719,0,0,-56.264457702636719,56.264457702636719,0,457.575927734375,457.575927734375,0,225.05783081054688
0.00056749999999999997,-56.059543609619141,-15.118169784545898,-41.258918762207031,-14.997875213623047,-14.997875213623047,-41.258918762207031,56.256793975830078,0,0,0,0,225.02717590332031
0.00056799999999999993,-194.7371826171875,-18.023380279541016,-37.853458404541016,-18.290935516357422,-18.290935516357422,-37.853458404541016,56.144393920898438,0,0,0,0,224.57757568359375
0.00056849999999999999,-353.91128540039063,-20.016489028930664,-33.953414916992188,-22.078800201416016,-22.078800201416016,-33.953414916992188,56.032215118408203,0,0,0,0,224.12886047363281
0.00056899999999999995,-525.5269775390625,-20.996707916259766,-29.753311157226563,-26.166950225830078,-26.166950225830078,-29.753311157226563,55.920261383056641,0,0,0,0,223.68104553222656
0.00056950000000000002,-700.9002685546875,-20.914505004882813,-25.462844848632813,-30.345691680908203,-30.345691680908203,-25.462844848632813,55.80853271484375,0,0,0,0,223.234130859375
0.00056999999999999998,-871.15765380859375,-19.774101257324219,0,-55.697025299072266,-55.697025299072266,0,55.697025299072266,0,0,0,0,222.78810119628906
0.00057049999999999994,-927.58203125,6.7378005981445313,0,-55.672691345214844,-55.672691345214844,0,55.672691345214844,357.31869506835938,0,0,357.31869506835938,222.69076538085938
0.000571,-767.20184326171875,30.288665771484375,0,-55.822322845458984,-55.822322845458984,0,55.822322845458984,660.18157958984375,0,0,660.18157958984375,223.28929138183594
0.00057149999999999996,-459.93319702148438,40.661285400390625,0,-56.068534851074219,-56.068534851074219,0,56.068534851074219,720.8712158203125,0,0,720.8712158203125,224.27413940429688
0.00057200000000000003,-139.25930786132813,33.396781921386719,0,-56.264118194580078,-56.264118194580078,0,56.264118194580078,457.55078125,0,0,457.55078125,225.05647277832031
0.00057249999999999998,56.072483062744141,15.118677139282227,-14.998010635375977,-41.258430480957031,-41.258430480957031,-14.998010635375977,56.256439208984375,0,0,0,0,225.0257568359375
0.00057299999999999994,194.75399780273438,18.023794174194336,-18.291164398193359,-37.852874755859375,-37.852874755859375,-18.291164398193359,56.144039154052734,0,0,0,0,224.57615661621094
0.00057350000000000001,353.93109130859375,20.016788482666016,-22.0791015625,-33.952762603759766,-33.952762603759766,-22.0791015625,56.031864166259766,0,0,0,0,224.12745666503906
0.00057399999999999997,525.548828125,20.996879577636719,-26.167301177978516,-29.752609252929688,-29.752609252929688,-26.167301177978516,55.919910430908203,0,0,0,0,223.67964172363281
0.00057449999999999992,700.92303466796875,20.91453742980957,-30.346065521240234,-25.462120056152344,-25.462120056152344,-30.346065521240234,55.808181762695313,0,0,0,0,223.23272705078125
0.00057499999999999999,871.18017578125,19.773996353149414,-55.696678161621094,0,0,-55.696678161621094,55.696678161621094,0,0,0,0,222.78671264648438
0.00057549999999999995,927.5975341796875,-6.7392959594726563,-55.672355651855469,0,0,-55.672355651855469,55.672355651855469,0,357.34527587890625,357.34527587890625,0,222.68942260742188
0.00057600000000000001,767.20123291015625,-30.290939331054688,-55.822010040283203,0,0,-55.822010040283203,55.822010040283203,0,660.22247314453125,660.22247314453125,0,223.28804016113281
0.00057649999999999997,459.91397094726563,-40.663299560546875,-56.068244934082031,0,0,-56.068244934082031,56.068244934082031,0,720.908447265625,720.908447265625,0,224.27297973632813
0.00057699999999999993,139.22756958007813,-33.39764404296875,-56.263839721679688,0,0,-56.263839721679688,56.263839721679688,0,457.5679931640625,457.5679931640625,0,225.05535888671875
0.0005775,-56.105136871337891,-15.118517875671387,-41.257499694824219,-14.998662948608398,-14.998662948608398,-41.257499694824219,56.25616455078125,0,0,0,0,225.024658203125
0.00057799999999999995,-194.78450012207031,-18.023445129394531,-37.852001190185547,-18.291763305664063,-18.291763305664063,-37.852001190185547,56.143764495849609,0,0,0,0,224.57505798339844
0.00057850000000000002,-353.95794677734375,-20.016265869140625,-33.951976776123047,-22.079612731933594,-22.079612731933594,-33.951976776123047,56.031589508056641,0,0,0,0,224.12635803222656
0.00057899999999999998,-525.57061767578125,-20.996208190917969,-29.751947402954102,-26.167694091796875,-26.167694091796875,-29.751947402954102,55.919639587402344,0,0,0,0,223.67855834960938
0.00057949999999999994,-700.938720703125,-20.913751602172852,-25.461605072021484,-30.346309661865234,-30.346309661865234,-25.461605072021484,55.807910919189453,0,0,0,0,223.23164367675781
0.00058,-871.18890380859375,-19.773136138916016,0,-55.696407318115234,-55.696407318115234,0,55.696407318115234,0,0,0,0,222.78562927246094
0.00058049999999999996,-927.5966796875,6.7406539916992188,0,-55.672084808349609,-55.672084808349609,0,55.672084808349609,357.35488891601563,0,0,357.35488891601563,222.68833923339844
0.00058100000000000003,-767.18896484375,30.292190551757813,0,-55.821739196777344,-55.821739196777344,0,55.821739196777344,660.2310791015625,0,0,660.2310791015625,223.28695678710938
0.00058149999999999999,-459.89352416992188,40.663925170898438,0,-56.067974090576172,-56.067974090576172,0,56.067974090576172,720.906005859375,0,0,720.906005859375,224.27189636230469
0.00058199999999999994,-139.20553588867188,33.397392272949219,0,-56.263568878173828,-56.263568878173828,0,56.263568878173828,457.5496826171875,0,0,457.5496826171875,225.05427551269531
0.00058250000000000001,56.121616363525391,15.119024276733398,-14.998916625976563,-41.256961822509766,-41.256961822509766,-14.998916625976563,56.255878448486328,0,0,0,0,225.02351379394531
0.00058299999999999997,194.80474853515625,18.023838043212891,-18.292110443115234,-37.851371765136719,-37.851371765136719,-18.292110443115234,56.143478393554688,0,0,0,0,224.57391357421875
0.00058349999999999993,353.98092651367188,20.016525268554688,-22.080024719238281,-33.951278686523438,-33.951278686523438,-22.080024719238281,56.031303405761719,0,0,0,0,224.12521362304688
0.00058399999999999999,525.59515380859375,20.996320724487305,-26.168140411376953,-29.751213073730469,-29.751213073730469,-26.168140411376953,55.919353485107422,0,0,0,0,223.67741394042969
0.00058449999999999995,700.96356201171875,20.913713455200195,-30.346763610839844,-25.460861206054688,-25.460861206054688,-30.346763610839844,55.807624816894531,0,0,0,0,223.23049926757813
0.00058500000000000002,871.21282958984375,19.772947311401367,-55.696121215820313,0,0,-55.696121215820313,55.696121215820313,0,0,0,0,222.78448486328125
0.00058549999999999997,927.6129150390625,-6.7422637939453125,-55.671810150146484,0,0,-55.671810150146484,55.671810150146484,0,357.38116455078125,357.38116455078125,0,222.68724060058594
0.00058599999999999993,767.188232421875,-30.294509887695313,-55.821487426757813,0,0,-55.821487426757813,55.821487426757813,0,660.270751953125,660.270751953125,0,223.28594970703125
0.0005865,459.87411499023438,-40.665924072265625,-56.067745208740234,0,0,-56.067745208740234,56.067745208740234,0,720.9405517578125,720.9405517578125,0,224.27098083496094
0.00058699999999999996,139.17398071289063,-33.398193359375,-56.263351440429688,0,0,-56.263351440429688,56.263351440429688,0,457.56298828125,457.56298828125,0,225.05340576171875
0.00058750000000000002,-56.153537750244141,-15.118985176086426,-41.256080627441406,-14.999578475952148,-14.999578475952148,-41.256080627441406,56.255661010742188,0,0,0,0,225.02264404296875
0.00058799999999999998,-194.83554077148438,-18.02360725402832,-37.850517272949219,-18.292743682861328,-18.292743682861328,-37.850517272949219,56.143260955810547,0,0,0,0,224.57304382324219
0.00058849999999999994,-354.009033203125,-20.016115188598633,-33.950492858886719,-22.080596923828125,-22.080596923828125,-33.950492858886719,56.031085968017578,0,0,0,0,224.12434387207031
0.00058900000000000001,-525.61920166015625,-20.995752334594727,-29.750522613525391,-26.168613433837891,-26.168613433837891,-29.750522613525391,55.919136047363281,0,0,0,0,223.67654418945313
0.00058949999999999996,-700.9822998046875,-20.913013458251953,-25.460300445556641,-30.34710693359375,-30.34710693359375,-25.460300445556641,55.807407379150391,0,0,0,0,223.22962951660156
0.00058999999999999992,-871.22528076171875,-19.772153854370117,0,-55.695903778076172,-55.695903778076172,0,55.695903778076172,0,0,0,0,222.78361511230469
0.00059049999999999999,-927.61572265625,6.743682861328125,0,-55.671592712402344,-55.671592712402344,0,55.671592712402344,357.39349365234375,0,0,357.39349365234375,222.68637084960938
0.00059099999999999995,-767.17864990234375,30.295928955078125,0,-55.821277618408203,-55.821277618408203,0,55.821277618408203,660.28411865234375,0,0,660.28411865234375,223.28511047363281
0.00059150000000000001,-459.85482788085938,40.666763305664063,0,-56.067539215087891,-56.067539215087891,0,56.067539215087891,720.9434814453125,0,0,720.9434814453125,224.27015686035156
0.00059199999999999997,-139.15139770507813,33.398117065429688,0,-56.263141632080078,-56.263141632080078,0,56.263141632080078,457.548828125,0,0,457.548828125,225.05256652832031
0.00059249999999999993,56.171482086181641,15.119503974914551,-14.999904632568359,-41.255538940429688,-41.255538940429688,-14.999904632568359,56.255443572998047,0,0,0,0,225.02177429199219
0.00059299999999999999,194.85731506347656,18.024002075195313,-18.293159484863281,-37.849884033203125,-37.849884033203125,-18.293159484863281,56.143043518066406,0,0,0,0,224.57217407226563
0.00059349999999999995,354.03350830078125,20.016366958618164,-22.081077575683594,-33.949790954589844,-33.949790954589844,-22.081077575683594,56.030868530273438,0,0,0,0,224.12347412109375
0.00059400000000000002,525.6451416015625,20.995849609375,-26.169132232666016,-29.749786376953125,-29.749786376953125,-26.169132232666016,55.918918609619141,0,0,0,0,223.67567443847656
0.00059449999999999998,701.0084228515625,20.912952423095703,-30.347629547119141,-25.459564208984375,-25.459564208984375,-30.347629547119141,55.807193756103516,0,0,0,0,223.22877502441406
0.00059499999999999993,871.250244140625,19.771934509277344,-55.695690155029297,0,0,-55.695690155029297,55.695690155029297,0,0,0,0,222.78276062011719
0.0005955,927.6328125,-6.7452774047851563,-55.671390533447266,0,0,-55.671390533447266,55.671390533447266,0,357.41925048828125,357.41925048828125,0,222.68556213378906
0.00059599999999999996,767.17889404296875,-30.2982177734375,-55.821090698242188,0,0,-55.821090698242188,55.821090698242188,0,660.32269287109375,660.32269287109375,0,223.28436279296875
0.00059650000000000002,459.83657836914063,-40.668716430664063,-56.067375183105469,0,0,-56.067375183105469,56.067375183105469,0,720.9766845703125,720.9766845703125,0,224.26950073242188
0.00059699999999999998,139.12142944335938,-33.398849487304688,-56.262992858886719,0,0,-56.262992858886719,56.262992858886719,0,457.5609130859375,457.5609130859375,0,225.05197143554688
0.00059749999999999994,-56.201328277587891,-15.119461059570313,-41.254745483398438,-15.000547409057617,-15.000547409057617,-41.254745483398438,56.255290985107422,0,0,0,0,225.02116394042969
0.00059800000000000001,-194.88604736328125,-18.023780822753906,-37.849113464355469,-18.293777465820313,-18.293777465820313,-37.849113464355469,56.142890930175781,0,0,0,0,224.57156372070313
0.00059849999999999997,-354.0596923828125,-20.015979766845703,-33.949081420898438,-22.081634521484375,-22.081634521484375,-33.949081420898438,56.030715942382813,0,0,0,0,224.12286376953125
0.00059899999999999992,-525.66741943359375,-20.99531364440918,-29.749172210693359,-26.169593811035156,-26.169593811035156,-29.749172210693359,55.918766021728516,0,0,0,0,223.67506408691406
0.00059949999999999999,-701.02569580078125,-20.912296295166016,-25.459068298339844,-30.347972869873047,-30.347972869873047,-25.459068298339844,55.807041168212891,0,0,0,0,223.22816467285156
0.00059999999999999995,-871.26165771484375,-19.771190643310547,0,-55.695537567138672,-55.695537567138672,0,55.695537567138672,0,0,0,0,222.78215026855469
0.00060050000000000001,-927.6353759765625,6.746551513671875,0,-55.671241760253906,-55.671241760253906,0,55.671241760253906,357.42962646484375,0,0,357.42962646484375,222.68496704101563
0.00060099999999999997,-767.170654296875,30.299453735351563,0,-55.820949554443359,-55.820949554443359,0,55.820949554443359,660.33331298828125,0,0,660.33331298828125,223.28379821777344
0.00060149999999999993,-459.82003784179688,40.66943359375,0,-56.067234039306641,-56.067234039306641,0,56.067234039306641,720.9775390625,0,0,720.9775390625,224.26893615722656
0.000602,-139.10238647460938,33.398780822753906,0,-56.262847900390625,-56.262847900390625,0,56.262847900390625,457.5465087890625,0,0,457.5465087890625,225.0513916015625
0.00060249999999999995,56.216281890869141,15.119968414306641,-15.000833511352539,-41.254302978515625,-41.254302978515625,-15.000833511352539,56.255138397216797,0,0,0,0,225.02055358886719
0.00060300000000000002,194.90481567382813,18.024185180664063,-18.294155120849609,-37.848583221435547,-37.848583221435547,-18.294155120849609,56.142738342285156,0,0,0,0,224.57095336914063
0.00060349999999999998,354.08135986328125,20.016260147094727,-22.082080841064453,-33.948482513427734,-33.948482513427734,-22.082080841064453,56.030563354492188,0,0,0,0,224.12225341796875
0.00060399999999999994,525.69085693359375,20.995456695556641,-26.170082092285156,-29.748531341552734,-29.748531341552734,-26.170082092285156,55.918613433837891,0,0,0,0,223.67445373535156
0.0006045,701.0496826171875,20.91229248046875,-30.348476409912109,-25.458415985107422,-25.458415985107422,-30.348476409912109,55.806888580322266,0,0,0,0,223.22755432128906
0.00060499999999999996,871.2850341796875,19.77104377746582,-55.695384979248047,0,0,-55.695384979248047,55.695384979248047,0,0,0,0,222.78153991699219
0.00060549999999999992,927.652099609375,-6.7479782104492188,-55.671092987060547,0,0,-55.671092987060547,55.671092987060547,0,357.45303344726563,357.45303344726563,0,222.68437194824219
0.00060599999999999998,767.172119140625,-30.30157470703125,-55.820816040039063,0,0,-55.820816040039063,55.820816040039063,0,660.368896484375,660.368896484375,0,223.28326416015625
0.00060649999999999994,459.80429077148438,-40.671279907226563,-56.067115783691406,0,0,-56.067115783691406,56.067115783691406,0,721.0084228515625,721.0084228515625,0,224.26846313476563
0.00060700000000000001,139.07528686523438,-33.399513244628906,-56.262741088867188,0,0,-56.262741088867188,56.262741088867188,0,457.55810546875,457.55810546875,0,225.05096435546875
0.00060749999999999997,-56.243625640869141,-15.119966506958008,-41.253589630126953,-15.001438140869141,-15.001438140869141,-41.253589630126953,56.255027770996094,0,0,0,0,225.02011108398438
0.00060799999999999993,-194.93145751953125,-18.024017333984375,-37.847885131835938,-18.294746398925781,-18.294746398925781,-37.847885131835938,56.142631530761719,0,0,0,0,224.57052612304688
0.00060849999999999999,-354.10589599609375,-20.015933990478516,-33.947837829589844,-22.082618713378906,-22.082618713378906,-33.947837829589844,56.03045654296875,0,0,0,0,224.121826171875
0.00060899999999999995,-525.71209716796875,-20.994989395141602,-29.747964859008789,-26.170539855957031,-26.170539855957031,-29.747964859008789,55.918506622314453,0,0,0,0,223.67402648925781
0.00060950000000000002,-701.0665283203125,-20.911708831787109,-25.457954406738281,-30.348827362060547,-30.348827362060547,-25.457954406738281,55.806781768798828,0,0,0,0,223.22712707519531
0.00060999999999999997,-871.296630859375,-19.770370483398438,0,-55.695278167724609,-55.695278167724609,0,55.695278167724609,0,0,0,0,222.78111267089844
0.00061049999999999993,-927.655517578125,6.7491683959960938,0,-55.670989990234375,-55.670989990234375,0,55.670989990234375,357.46295166015625,0,0,357.46295166015625,222.6839599609375
0.000611,-767.1651611328125,30.302764892578125,0,-55.820716857910156,-55.820716857910156,0,55.820716857910156,660.3790283203125,0,0,660.3790283203125,223.28286743164063
0.00061149999999999996,-459.78921508789063,40.671966552734375,0,-56.067024230957031,-56.067024230957031,0,56.067024230957031,721.00946044921875,0,0,721.00946044921875,224.26809692382813
0.00061200000000000002,-139.05789184570313,33.399391174316406,0,-56.262645721435547,-56.262645721435547,0,56.262645721435547,457.5445556640625,0,0,457.5445556640625,225.05058288574219
0.00061249999999999998,56.256748199462891,15.120396614074707,-15.001703262329102,-41.253219604492188,-41.253219604492188,-15.001703262329102,56.254924774169922,0,0,0,0,225.01969909667969
0.00061299999999999994,194.94779968261719,18.024356842041016,-18.295089721679688,-37.847442626953125,-37.847442626953125,-18.295089721679688,56.142528533935547,0,0,0,0,224.57011413574219
0.0006135,354.12466430664063,20.016166687011719,-22.083019256591797,-33.947334289550781,-33.947334289550781,-22.083019256591797,56.030353546142578,0,0,0,0,224.12141418457031
0.00061399999999999996,525.7322998046875,20.99510383605957,-26.170978546142578,-29.747425079345703,-29.747425079345703,-26.170978546142578,55.918403625488281,0,0,0,0,223.67361450195313
0.00061449999999999992,701.087158203125,20.911697387695313,-30.349277496337891,-25.457405090332031,-25.457405090332031,-30.349277496337891,55.806678771972656,0,0,0,0,223.22671508789063
0.00061499999999999999,871.316650390625,19.770236968994141,-55.695175170898438,0,0,-55.695175170898438,55.695175170898438,0,0,0,0,222.78070068359375
0.00061549999999999994,927.6697998046875,-6.7503433227539063,-55.670894622802734,0,0,-55.670894622802734,55.670894622802734,0,357.48251342773438,357.48251342773438,0,222.68357849121094
0.00061600000000000001,767.16693115234375,-30.304443359375,-55.820632934570313,0,0,-55.820632934570313,55.820632934570313,0,660.40869140625,660.40869140625,0,223.28253173828125
0.00061649999999999997,459.77737426757813,-40.673416137695313,-56.06695556640625,0,0,-56.06695556640625,56.06695556640625,0,721.0355224609375,721.0355224609375,0,224.267822265625
0.00061699999999999993,139.03695678710938,-33.400039672851563,-56.262584686279297,0,0,-56.262584686279297,56.262584686279297,0,457.55517578125,457.55517578125,0,225.05033874511719
0.00061749999999999999,-56.278415679931641,-15.120429039001465,-41.252670288085938,-15.002195358276367,-15.002195358276367,-41.252670288085938,56.254863739013672,0,0,0,0,225.01945495605469
0.00061799999999999995,-194.96919250488281,-18.024257659912109,-37.846893310546875,-18.295574188232422,-18.295574188232422,-37.846893310546875,56.142467498779297,0,0,0,0,224.56986999511719
0.00061850000000000002,-354.14468383789063,-20.015941619873047,-33.946823120117188,-22.083473205566406,-22.083473205566406,-33.946823120117188,56.030296325683594,0,0,0,0,224.12118530273438
0.00061899999999999998,-525.75,-20.994762420654297,-29.746969223022461,-26.171379089355469,-26.171379089355469,-29.746969223022461,55.918346405029297,0,0,0,0,223.67338562011719
0.00061949999999999993,-701.10162353515625,-20.911258697509766,-25.457027435302734,-30.349597930908203,-30.349597930908203,-25.457027435302734,55.806621551513672,0,0,0,0,223.22648620605469
0.00062,-871.3271484375,-19.769721984863281,0,-55.695117950439453,-55.695117950439453,0,55.695117950439453,0,0,0,0,222.78047180175781
0.00062049999999999996,-927.6739501953125,6.7513351440429688,0,-55.67083740234375,-55.67083740234375,0,55.67083740234375,357.49105834960938,0,0,357.49105834960938,222.683349609375
0.00062100000000000002,-767.162353515625,30.305496215820313,0,-55.820587158203125,-55.820587158203125,0,55.820587158203125,660.4180908203125,0,0,660.4180908203125,223.2823486328125
0.00062149999999999998,-459.76547241210938,40.674072265625,0,-56.066909790039063,-56.066909790039063,0,56.066909790039063,721.0374755859375,0,0,721.0374755859375,224.26763916015625
0.00062199999999999994,-139.02230834960938,33.400016784667969,0,-56.262535095214844,-56.262535095214844,0,56.262535095214844,457.5445556640625,0,0,457.5445556640625,225.05014038085938
0.00062250000000000001,56.290012359619141,15.120794296264648,-15.002447128295898,-41.252357482910156,-41.252357482910156,-15.002447128295898,56.254806518554688,0,0,0,0,225.01922607421875
0.00062299999999999996,194.9835205078125,18.024543762207031,-18.295890808105469,-37.846519470214844,-37.846519470214844,-18.295890808105469,56.142410278320313,0,0,0,0,224.56964111328125
0.00062349999999999992,354.1610107421875,20.016132354736328,-22.083839416503906,-33.946399688720703,-33.946399688720703,-22.083839416503906,56.030239105224609,0,0,0,0,224.12095642089844
0.00062399999999999999,525.7674560546875,20.994850158691406,-26.171768188476563,-29.746519088745117,-29.746519088745117,-26.171768188476563,55.918289184570313,0,0,0,0,223.67315673828125
0.00062449999999999995,701.11932373046875,20.911237716674805,-30.349994659423828,-25.456569671630859,-25.456569671630859,-30.349994659423828,55.806564331054688,0,0,0,0,223.22625732421875
0.00062500000000000001,871.34423828125,19.769594192504883,-55.695060729980469,0,0,-55.695060729980469,55.695060729980469,0,0,0,0,222.78024291992188
0.00062549999999999997,927.6861572265625,-6.7523269653320313,-55.670783996582031,0,0,-55.670783996582031,55.670783996582031,0,357.50701904296875,357.50701904296875,0,222.68313598632813
0.00062599999999999993,767.1640625,-30.306915283203125,-55.820545196533203,0,0,-55.820545196533203,55.820545196533203,0,660.442138671875,660.442138671875,0,223.28218078613281
0.0006265,459.75564575195313,-40.675338745117188,-56.066879272460938,0,0,-56.066879272460938,56.066879272460938,0,721.05804443359375,721.05804443359375,0,224.26751708984375
0.00062699999999999995,139.00485229492188,-33.4005126953125,-56.26251220703125,0,0,-56.26251220703125,56.26251220703125,0,457.5518798828125,457.5518798828125,0,225.050048828125
0.00062750000000000002,-56.307590484619141,-15.120866775512695,-41.251922607421875,-15.002859115600586,-15.002859115600586,-41.251922607421875,56.254779815673828,0,0,0,0,225.01911926269531
0.00062799999999999998,-195.00125122070313,-18.024507522583008,-37.846076965332031,-18.296306610107422,-18.296306610107422,-37.846076965332031,56.142383575439453,0,0,0,0,224.56953430175781
0.00062849999999999994,-354.177978515625,-20.0159912109375,-33.945976257324219,-22.084236145019531,-22.084236145019531,-33.945976257324219,56.03021240234375,0,0,0,0,224.120849609375
0.000629,-525.7828369140625,-20.994609832763672,-29.746135711669922,-26.172126770019531,-26.172126770019531,-29.746135711669922,55.918262481689453,0,0,0,0,223.67304992675781
0.00062949999999999996,-701.13232421875,-20.910911560058594,-25.456243515014648,-30.350296020507813,-30.350296020507813,-25.456243515014648,55.806537628173828,0,0,0,0,223.22615051269531
0.00062999999999999992,-871.35418701171875,-19.769197463989258,0,-55.695034027099609,-55.695034027099609,0,55.695034027099609,0,0,0,0,222.78013610839844
0.00063049999999999998,-927.6907958984375,6.7531509399414063,0,-55.670757293701172,-55.670757293701172,0,55.670757293701172,357.51510620117188,0,0,357.51510620117188,222.68302917480469
0.00063099999999999994,-767.16119384765625,30.307830810546875,0,-55.820522308349609,-55.820522308349609,0,55.820522308349609,660.45172119140625,0,0,660.45172119140625,223.28208923339844
0.00063150000000000001,-459.74636840820313,40.675888061523438,0,-56.066860198974609,-56.066860198974609,0,56.066860198974609,721.06201171875,0,0,721.06201171875,224.26744079589844
0.00063199999999999997,-138.99331665039063,33.400489807128906,0,-56.262496948242188,-56.262496948242188,0,56.262496948242188,457.545654296875,0,0,457.545654296875,225.04998779296875
0.00063249999999999992,56.316623687744141,15.121031761169434,-15.00306510925293,-41.251693725585938,-41.251693725585938,-15.00306510925293,56.254756927490234,0,0,0,0,225.01902770996094
0.00063299999999999999,195.01141357421875,18.024614334106445,-18.296539306640625,-37.845817565917969,-37.845817565917969,-18.296539306640625,56.142360687255859,0,0,0,0,224.56944274902344
0.00063349999999999995,354.18878173828125,20.016033172607422,-22.084487915039063,-33.945701599121094,-33.945701599121094,-22.084487915039063,56.030189514160156,0,0,0,0,224.12075805664063
0.00063400000000000001,525.793701171875,20.994586944580078,-26.172378540039063,-29.745861053466797,-29.745861053466797,-26.172378540039063,55.918239593505859,0,0,0,0,223.67295837402344
0.00063449999999999997,701.14276123046875,20.910823822021484,-30.350536346435547,-25.45598030090332,-25.45598030090332,-30.350536346435547,55.806514739990234,0,0,0,0,223.22605895996094
0.00063499999999999993,871.3636474609375,19.769050598144531,-55.695011138916016,0,0,-55.695011138916016,55.695011138916016,0,0,0,0,222.78004455566406
0.0006355,927.6968994140625,-6.753753662109375,-55.670738220214844,0,0,-55.670738220214844,55.670738220214844,0,357.5234375,357.5234375,0,222.68295288085938
0.00063599999999999996,767.1612548828125,-30.308624267578125,-55.820503234863281,0,0,-55.820503234863281,55.820503234863281,0,660.46343994140625,660.46343994140625,0,223.28201293945313
0.00063650000000000002,459.74026489257813,-40.676528930664063,-56.066844940185547,0,0,-56.066844940185547,56.066844940185547,0,721.07098388671875,721.07098388671875,0,224.26737976074219
0.00063699999999999998,138.98330688476563,-33.400733947753906,-56.262485504150391,0,0,-56.262485504150391,56.262485504150391,0,457.5467529296875,457.5467529296875,0,225.04994201660156
0.00063749999999999994,-56.326389312744141,-15.121171951293945,-41.251449584960938,-15.0032958984375,-15.0032958984375,-41.251449584960938,56.254745483398438,0,0,0,0,225.01898193359375
0.000638,-195.02207946777344,-18.024690628051758,-37.845558166503906,-18.296791076660156,-18.296791076660156,-37.845558166503906,56.142349243164063,0,0,0,0,224.56939697265625
0.00063849999999999996,-354.1998291015625,-20.016042709350586,-33.945430755615234,-22.084747314453125,-22.084747314453125,-33.945430755615234,56.030178070068359,0,0,0,0,224.12071228027344
0.00063899999999999992,-525.8045654296875,-20.994529724121094,-29.74559211730957,-26.172637939453125,-26.172637939453125,-29.74559211730957,55.918228149414063,0,0,0,0,223.67291259765625
0.00063949999999999999,-701.15283203125,-20.910701751708984,-25.455732345581055,-30.350772857666016,-30.350772857666016,-25.455732345581055,55.806503295898438,0,0,0,0,223.22601318359375
0.00063999999999999994,-871.3724365234375,-19.768869400024414,0,-55.694999694824219,-55.694999694824219,0,55.694999694824219,0,0,0,0,222.77999877929688
0.00064050000000000001,-927.7025146484375,6.7543563842773438,0,-55.670730590820313,-55.670730590820313,0,55.670730590820313,357.53091430664063,0,0,357.53091430664063,222.68292236328125
0.00064099999999999997,-767.1611328125,30.309371948242188,0,-55.820503234863281,-55.820503234863281,0,55.820503234863281,660.47381591796875,0,0,660.47381591796875,223.28201293945313
0.00064149999999999993,-459.73440551757813,40.677093505859375,0,-56.066848754882813,-56.066848754882813,0,56.066848754882813,721.0782470703125,0,0,721.0782470703125,224.26739501953125
0.00064199999999999999,-138.97445678710938,33.400848388671875,0,-56.262489318847656,-56.262489318847656,0,56.262489318847656,457.5465087890625,0,0,457.5465087890625,225.04995727539063
0.00064249999999999995,56.334201812744141,15.121251106262207,-15.003482818603516,-41.251262664794922,-41.251262664794922,-15.003482818603516,56.254745483398438,0,0,0,0,225.01898193359375
0.00064300000000000002,195.03036499023438,18.024723052978516,-18.296993255615234,-37.845355987548828,-37.845355987548828,-18.296993255615234,56.142349243164063,0,0,0,0,224.56939697265625
0.00064349999999999997,354.2081298828125,20.016023635864258,-22.084945678710938,-33.945228576660156,-33.945228576660156,-22.084945678710938,56.030178070068359,0,0,0,0,224.12071228027344
0.00064399999999999993,525.8125,20.994461059570313,-26.172828674316406,-29.745401382446289,-29.745401382446289,-26.172828674316406,55.918228149414063,0,0,0,0,223.67291259765625
0.0006445,701.1600341796875,20.910587310791016,-30.350948333740234,-25.455558776855469,-25.455558776855469,-30.350948333740234,55.806503295898438,0,0,0,0,223.22601318359375
0.00064499999999999996,871.3785400390625,19.768712997436523,-55.694999694824219,0,0,-55.694999694824219,55.694999694824219,0,0,0,0,222.77999877929688
0.00064550000000000002,927.7060546875,-6.7547683715820313,-55.670730590820313,0,0,-55.670730590820313,55.670730590820313,0,357.53585815429688,357.53585815429688,0,222.68292236328125
0.00064599999999999998,767.16064453125,-30.309829711914063,-55.820507049560547,0,0,-55.820507049560547,55.820507049560547,0,660.4803466796875,660.4803466796875,0,223.28202819824219
0.00064649999999999994,459.73037719726563,-40.677444458007813,-56.066856384277344,0,0,-56.066856384277344,56.066856384277344,0,721.0823974609375,721.0823974609375,0,224.26742553710938
0.00064700000000000001,138.96865844726563,-33.400901794433594,-56.262496948242188,0,0,-56.262496948242188,56.262496948242188,0,457.5455322265625,457.5455322265625,0,225.04998779296875
0.00064749999999999996,-56.339145660400391,-15.121311187744141,-41.251144409179688,-15.003606796264648,-15.003606796264648,-41.251144409179688,56.254753112792969,0,0,0,0,225.01901245117188
0.00064799999999999992,-195.03567504882813,-18.024751663208008,-37.845230102539063,-18.297122955322266,-18.297122955322266,-37.845230102539063,56.142356872558594,0,0,0,0,224.56942749023438
0.00064849999999999999,-354.21356201171875,-20.016019821166992,-33.945102691650391,-22.0850830078125,-22.0850830078125,-33.945102691650391,56.030185699462891,0,0,0,0,224.12074279785156
0.00064899999999999995,-525.8177490234375,-20.994422912597656,-29.745277404785156,-26.172958374023438,-26.172958374023438,-29.745277404785156,55.918235778808594,0,0,0,0,223.67294311523438
0.00064950000000000001,-701.16485595703125,-20.910514831542969,-25.455446243286133,-30.351066589355469,-30.351066589355469,-25.455446243286133,55.806510925292969,0,0,0,0,223.22604370117188
0.00064999999999999997,-871.38262939453125,-19.76861572265625,0,-55.69500732421875,-55.69500732421875,0,55.69500732421875,0,0,0,0,222.780029296875
0.00065049999999999993,-927.70849609375,6.755035400390625,0,-55.670738220214844,-55.670738220214844,0,55.670738220214844,357.5390625,0,0,357.5390625,222.68295288085938
0.00065099999999999999,-767.16058349609375,30.310195922851563,0,-55.820518493652344,-55.820518493652344,0,55.820518493652344,660.48443603515625,0,0,660.48443603515625,223.28207397460938
0.00065149999999999995,-459.72756958007813,40.677703857421875,0,-56.066867828369141,-56.066867828369141,0,56.066867828369141,721.08477783203125,0,0,721.08477783203125,224.26747131347656
0.00065200000000000002,-138.96444702148438,33.400978088378906,0,-56.26251220703125,-56.26251220703125,0,56.26251220703125,457.5439453125,0,0,457.5439453125,225.050048828125
0.00065249999999999998,56.342990875244141,15.121477127075195,-15.003705978393555,-41.251060485839844,-41.251060485839844,-15.003705978393555,56.254764556884766,0,0,0,0,225.01905822753906
0.00065299999999999993,195.04078674316406,18.02488899230957,-18.297252655029297,-37.845115661621094,-37.845115661621094,-18.297252655029297,56.142368316650391,0,0,0,0,224.56947326660156
0.0006535,354.21966552734375,20.016124725341797,-22.085235595703125,-33.944961547851563,-33.944961547851563,-22.085235595703125,56.030197143554688,0,0,0,0,224.12078857421875
0.00065399999999999996,525.82452392578125,20.994489669799805,-26.173126220703125,-29.745121002197266,-29.745121002197266,-26.173126220703125,55.918247222900391,0,0,0,0,223.67298889160156
0.00065449999999999992,701.1719970703125,20.910541534423828,-30.351245880126953,-25.455278396606445,-25.455278396606445,-30.351245880126953,55.806522369384766,0,0,0,0,223.22608947753906
0.00065499999999999998,871.38983154296875,19.768596649169922,-55.695018768310547,0,0,-55.695018768310547,55.695018768310547,0,0,0,0,222.78007507324219
0.00065549999999999994,927.714111328125,-6.755401611328125,-55.670753479003906,0,0,-55.670753479003906,55.670753479003906,0,357.5452880859375,357.5452880859375,0,222.68301391601563
0.00065600000000000001,767.16217041015625,-30.310745239257813,-55.820533752441406,0,0,-55.820533752441406,55.820533752441406,0,660.4940185546875,660.4940185546875,0,223.28213500976563
0.00065649999999999997,459.72457885742188,-40.678237915039063,-56.06689453125,0,0,-56.06689453125,56.06689453125,0,721.0931396484375,721.0931396484375,0,224.267578125
0.00065699999999999992,138.95797729492188,-33.401214599609375,-56.262538909912109,0,0,-56.262538909912109,56.262538909912109,0,457.5469970703125,457.5469970703125,0,225.05015563964844
0.00065749999999999999,-56.349887847900391,-15.121522903442383,-41.250907897949219,-15.003885269165039,-15.003885269165039,-41.250907897949219,56.254791259765625,0,0,0,0,225.0191650390625
0.00065799999999999995,-195.04789733886719,-18.024894714355469,-37.844955444335938,-18.297439575195313,-18.297439575195313,-37.844955444335938,56.14239501953125,0,0,0,0,224.569580078125
0.00065850000000000001,-354.22665405273438,-20.016086578369141,-33.944805145263672,-22.085418701171875,-22.085418701171875,-33.944805145263672,56.030223846435547,0,0,0,0,224.12089538574219
0.00065899999999999997,-525.8310546875,-20.994407653808594,-29.744976043701172,-26.173297882080078,-26.173297882080078,-29.744976043701172,55.91827392578125,0,0,0,0,223.673095703125
0.00065949999999999993,-701.17767333984375,-20.910425186157227,-25.455154418945313,-30.351398468017578,-30.351398468017578,-25.455154418945313,55.806549072265625,0,0,0,0,223.2261962890625
0.00066,-871.39434814453125,-19.768449783325195,0,-55.695045471191406,-55.695045471191406,0,55.695045471191406,0,0,0,0,222.78018188476563
0.00066049999999999995,-927.7166748046875,6.755706787109375,0,-55.670780181884766,-55.670780181884766,0,55.670780181884766,357.54830932617188,0,0,357.54830932617188,222.68312072753906
0.00066100000000000002,-767.1619873046875,30.31109619140625,0,-55.820560455322266,-55.820560455322266,0,55.820560455322266,660.4976806640625,0,0,660.4976806640625,223.28224182128906
0.00066149999999999998,-459.72189331054688,40.678451538085938,0,-56.066913604736328,-56.066913604736328,0,56.066913604736328,721.0948486328125,0,0,721.0948486328125,224.26765441894531
0.00066199999999999994,-138.95425415039063,33.401252746582031,0,-56.262557983398438,-56.262557983398438,0,56.262557983398438,457.5450439453125,0,0,457.5450439453125,225.05023193359375
0.0006625,56.353000640869141,15.121616363525391,-15.003971099853516,-41.250839233398438,-41.250839233398438,-15.003971099853516,56.254810333251953,0,0,0,0,225.01924133300781
0.00066299999999999996,195.05169677734375,18.024965286254883,-18.297538757324219,-37.844875335693359,-37.844875335693359,-18.297538757324219,56.142414093017578,0,0,0,0,224.56965637207031
0.00066349999999999992,354.23095703125,20.016132354736328,-22.085533142089844,-33.944709777832031,-33.944709777832031,-22.085533142089844,56.030242919921875,0,0,0,0,224.1209716796875
0.00066399999999999999,525.83563232421875,20.994426727294922,-26.173416137695313,-29.744874954223633,-29.744874954223633,-26.173416137695313,55.918292999267578,0,0,0,0,223.67317199707031
0.00066449999999999994,701.18231201171875,20.91041374206543,-30.351516723632813,-25.455053329467773,-25.455053329467773,-30.351516723632813,55.806568145751953,0,0,0,0,223.22627258300781
0.00066500000000000001,871.39874267578125,19.768407821655273,-55.695064544677734,0,0,-55.695064544677734,55.695064544677734,0,0,0,0,222.78025817871094
0.00066549999999999997,927.7198486328125,-6.7559356689453125,-55.670799255371094,0,0,-55.670799255371094,55.670799255371094,0,357.5517578125,357.5517578125,0,222.68319702148438
0.00066599999999999993,767.16278076171875,-30.3114013671875,-55.820587158203125,0,0,-55.820587158203125,55.820587158203125,0,660.502685546875,660.502685546875,0,223.2823486328125
0.00066649999999999999,459.72024536132813,-40.678726196289063,-56.066947937011719,0,0,-56.066947937011719,56.066947937011719,0,721.09881591796875,721.09881591796875,0,224.26779174804688
0.00066699999999999995,138.95114135742188,-33.401321411132813,-56.262592315673828,0,0,-56.262592315673828,56.262592315673828,0,457.5458984375,457.5458984375,0,225.05036926269531
0.00066750000000000002,-56.355747222900391,-15.121636390686035,-41.25079345703125,-15.004053115844727,-15.004053115844727,-41.25079345703125,56.254844665527344,0,0,0,0,225.01937866210938
0.00066799999999999997,-195.05455017089844,-18.024967193603516,-37.844821929931641,-18.297626495361328,-18.297626495361328,-37.844821929931641,56.142448425292969,0,0,0,0,224.56979370117188
0.00066849999999999993,-354.2337646484375,-20.016117095947266,-33.944660186767578,-22.085617065429688,-22.085617065429688,-33.944660186767578,56.030277252197266,0,0,0,0,224.12110900878906
0.000669,-525.8382568359375,-20.994396209716797,-29.744827270507813,-26.173500061035156,-26.173500061035156,-29.744827270507813,55.918327331542969,0,0,0,0,223.67330932617188
0.00066949999999999996,-701.1845703125,-20.910367965698242,-25.455015182495117,-30.351589202880859,-30.351589202880859,-25.455015182495117,55.806602478027344,0,0,0,0,223.22640991210938
0.00067000000000000002,-871.40057373046875,-19.768350601196289,0,-55.695098876953125,-55.695098876953125,0,55.695098876953125,0,0,0,0,222.7803955078125
0.00067049999999999998,-927.720947265625,6.756072998046875,0,-55.670833587646484,-55.670833587646484,0,55.670833587646484,357.55242919921875,0,0,357.55242919921875,222.68333435058594
0.00067099999999999994,-767.1627197265625,30.311508178710938,0,-55.820621490478516,-55.820621490478516,0,55.820621490478516,660.5032958984375,0,0,660.5032958984375,223.28248596191406
0.0006715,-459.71951293945313,40.678726196289063,0,-56.066982269287109,-56.066982269287109,0,56.066982269287109,721.098388671875,0,0,721.098388671875,224.26792907714844
0.00067199999999999996,-138.95059204101563,33.401290893554688,0,-56.262622833251953,-56.262622833251953,0,56.262622833251953,457.5439453125,0,0,457.5439453125,225.05049133300781
0.00067249999999999992,56.355930328369141,15.121675491333008,-15.004074096679688,-41.250801086425781,-41.250801086425781,-15.004074096679688,56.254875183105469,0,0,0,0,225.01950073242188
0.00067299999999999999,195.0550537109375,18.025003433227539,-18.297653198242188,-37.844825744628906,-37.844825744628906,-18.297653198242188,56.142478942871094,0,0,0,0,224.56991577148438
0.00067349999999999995,354.23455810546875,20.016151428222656,-22.085647583007813,-33.944656372070313,-33.944656372070313,-22.085647583007813,56.030303955078125,0,0,0,0,224.1212158203125
0.00067400000000000001,525.83929443359375,20.994422912597656,-26.173538208007813,-29.744815826416016,-29.744815826416016,-26.173538208007813,55.918354034423828,0,0,0,0,223.67341613769531
0.00067449999999999997,701.18585205078125,20.91038703918457,-30.351634979248047,-25.454998016357422,-25.454998016357422,-30.351634979248047,55.806629180908203,0,0,0,0,223.22651672363281
0.00067499999999999993,871.40203857421875,19.768360137939453,-55.695125579833984,0,0,-55.695125579833984,55.695125579833984,0,0,0,0,222.78050231933594
0.00067549999999999999,927.7222900390625,-6.7561187744140625,-55.670860290527344,0,0,-55.670860290527344,55.670860290527344,0,357.5533447265625,357.5533447265625,0,222.68344116210938
0.00067599999999999995,767.16351318359375,-30.311614990234375,-55.820648193359375,0,0,-55.820648193359375,55.820648193359375,0,660.50469970703125,660.50469970703125,0,223.2825927734375
0.00067650000000000002,459.71957397460938,-40.67889404296875,-56.067012786865234,0,0,-56.067012786865234,56.067012786865234,0,721.09942626953125,721.09942626953125,0,224.26805114746094
0.00067699999999999998,138.94955444335938,-33.401382446289063,-56.262653350830078,0,0,-56.262653350830078,56.262653350830078,0,457.5439453125,457.5439453125,0,225.05061340332031
0.00067749999999999993,-56.357273101806641,-15.121764183044434,-41.250782012939453,-15.004119873046875,-15.004119873046875,-41.250782012939453,56.254901885986328,0,0,0,0,225.01960754394531
0.000678,-195.05708312988281,-18.025081634521484,-37.84478759765625,-18.297714233398438,-18.297714233398438,-37.84478759765625,56.142505645751953,0,0,0,0,224.57002258300781
0.00067849999999999996,-354.23715209960938,-20.016212463378906,-33.944606781005859,-22.085723876953125,-22.085723876953125,-33.944606781005859,56.030330657958984,0,0,0,0,224.12132263183594
0.00067899999999999992,-525.84234619140625,-20.994468688964844,-29.744756698608398,-26.173622131347656,-26.173622131347656,-29.744756698608398,55.918380737304688,0,0,0,0,223.67352294921875
0.00067949999999999998,-701.18914794921875,-20.91041374206543,-25.454931259155273,-30.351726531982422,-30.351726531982422,-25.454931259155273,55.806655883789063,0,0,0,0,223.22662353515625
0.00067999999999999994,-871.40545654296875,-19.768367767333984,0,-55.695152282714844,-55.695152282714844,0,55.695152282714844,0,0,0,0,222.78060913085938
0.00068050000000000001,-927.72509765625,6.7562637329101563,0,-55.670890808105469,-55.670890808105469,0,55.670890808105469,357.555908203125,0,0,357.555908203125,222.68356323242188
0.00068099999999999996,-767.16473388671875,30.31182861328125,0,-55.8206787109375,-55.8206787109375,0,55.8206787109375,660.50860595703125,0,0,660.50860595703125,223.28271484375
0.00068149999999999992,-459.71890258789063,40.679061889648438,0,-56.067043304443359,-56.067043304443359,0,56.067043304443359,721.10308837890625,0,0,721.10308837890625,224.26817321777344
0.00068199999999999999,-138.94790649414063,33.401435852050781,0,-56.262687683105469,-56.262687683105469,0,56.262687683105469,457.5457763671875,0,0,457.5457763671875,225.05075073242188
0.00068249999999999995,56.358798980712891,15.12171745300293,-15.004173278808594,-41.250762939453125,-41.250762939453125,-15.004173278808594,56.254936218261719,0,0,0,0,225.01974487304688
0.00068300000000000001,195.05818176269531,18.025028228759766,-18.297760009765625,-37.844779968261719,-37.844779968261719,-18.297760009765625,56.142539978027344,0,0,0,0,224.57015991210938
0.00068349999999999997,354.23779296875,20.016153335571289,-22.085758209228516,-33.944606781005859,-33.944606781005859,-22.085758209228516,56.030364990234375,0,0,0,0,224.1214599609375
0.00068399999999999993,525.84246826171875,20.994405746459961,-26.17364501953125,-29.744770050048828,-29.744770050048828,-26.17364501953125,55.918415069580078,0,0,0,0,223.67366027832031
0.0006845,701.18878173828125,20.910354614257813,-30.351734161376953,-25.454957962036133,-25.454957962036133,-30.351734161376953,55.806690216064453,0,0,0,0,223.22676086425781
0.00068499999999999995,871.40460205078125,19.768312454223633,-55.695186614990234,0,0,-55.695186614990234,55.695186614990234,0,0,0,0,222.78074645996094
0.00068550000000000002,927.72412109375,-6.7562026977539063,-55.670921325683594,0,0,-55.670921325683594,55.670921325683594,0,357.55435180664063,357.55435180664063,0,222.68368530273438
0.00068599999999999998,767.16455078125,-30.311691284179688,-55.820705413818359,0,0,-55.820705413818359,55.820705413818359,0,660.50579833984375,660.50579833984375,0,223.28282165527344
0.00068649999999999994,459.71975708007813,-40.678924560546875,-56.067070007324219,0,0,-56.067070007324219,56.067070007324219,0,721.10015869140625,721.10015869140625,0,224.26828002929688
0.000687,138.94955444335938,-33.401382446289063,-56.262710571289063,0,0,-56.262710571289063,56.262710571289063,0,457.5435791015625,457.5435791015625,0,225.05084228515625
0.00068749999999999996,-56.356967926025391,-15.121766090393066,-41.250816345214844,-15.004140853881836,-15.004140853881836,-41.250816345214844,56.254959106445313,0,0,0,0,225.01983642578125
0.00068799999999999992,-195.05680847167969,-18.025087356567383,-37.844825744628906,-18.297737121582031,-18.297737121582031,-37.844825744628906,56.142562866210938,0,0,0,0,224.57025146484375
0.00068849999999999998,-354.2369384765625,-20.016220092773438,-33.94464111328125,-22.085746765136719,-22.085746765136719,-33.94464111328125,56.030387878417969,0,0,0,0,224.12155151367188
0.00068899999999999994,-525.8421630859375,-20.994476318359375,-29.744789123535156,-26.173648834228516,-26.173648834228516,-29.744789123535156,55.918437957763672,0,0,0,0,223.67375183105469
0.00068950000000000001,-701.1890869140625,-20.910425186157227,-25.454961776733398,-30.351753234863281,-30.351753234863281,-25.454961776733398,55.806713104248047,0,0,0,0,223.22685241699219
0.00068999999999999997,-871.405517578125,-19.768379211425781,0,-55.695209503173828,-55.695209503173828,0,55.695209503173828,0,0,0,0,222.78083801269531
0.00069049999999999992,-927.7254638671875,6.7561874389648438,0,-55.670948028564453,-55.670948028564453,0,55.670948028564453,357.554931640625,0,0,357.554931640625,222.68379211425781
0.00069099999999999999,-767.165771484375,30.311721801757813,0,-55.820732116699219,-55.820732116699219,0,55.820732116699219,660.5072021484375,0,0,660.5072021484375,223.28292846679688
0.00069149999999999995,-459.72067260742188,40.678985595703125,0,-56.067096710205078,-56.067096710205078,0,56.067096710205078,721.10198974609375,0,0,721.10198974609375,224.26838684082031
0.00069200000000000002,-138.95004272460938,33.401397705078125,0,-56.262741088867188,-56.262741088867188,0,56.262741088867188,457.545654296875,0,0,457.545654296875,225.05096435546875
0.00069249999999999997,56.356662750244141,15.121719360351563,-15.004150390625,-41.250843048095703,-41.250843048095703,-15.004150390625,56.254993438720703,0,0,0,0,225.01997375488281
0.00069299999999999993,195.05612182617188,18.025041580200195,-18.297737121582031,-37.844856262207031,-37.844856262207031,-18.297737121582031,56.142597198486328,0,0,0,0,224.57038879394531
0.0006935,354.23590087890625,20.016178131103516,-22.085739135742188,-33.944679260253906,-33.944679260253906,-22.085739135742188,56.030422210693359,0,0,0,0,224.12168884277344
0.00069399999999999996,525.8408203125,20.994443893432617,-26.173633575439453,-29.744838714599609,-29.744838714599609,-26.173633575439453,55.918472290039063,0,0,0,0,223.67388916015625
0.00069450000000000002,701.1875,20.910398483276367,-30.351734161376953,-25.45501708984375,-25.45501708984375,-30.351734161376953,55.806747436523438,0,0,0,0,223.22698974609375
0.00069499999999999998,871.4036865234375,19.768363952636719,-55.695243835449219,0,0,-55.695243835449219,55.695243835449219,0,0,0,0,222.78097534179688
0.00069549999999999994,927.7239990234375,-6.756072998046875,-55.670974731445313,0,0,-55.670974731445313,55.670974731445313,0,357.5526123046875,357.5526123046875,0,222.68389892578125
0.000696,767.1656494140625,-30.311553955078125,-55.820758819580078,0,0,-55.820758819580078,55.820758819580078,0,660.50347900390625,660.50347900390625,0,223.28303527832031
0.00069649999999999996,459.72195434570313,-40.6788330078125,-56.067119598388672,0,0,-56.067119598388672,56.067119598388672,0,721.09832763671875,721.09832763671875,0,224.26847839355469
0.00069699999999999992,138.95217895507813,-33.401359558105469,-56.262763977050781,0,0,-56.262763977050781,56.262763977050781,0,457.543212890625,457.543212890625,0,225.05105590820313
0.00069749999999999999,-56.354648590087891,-15.121783256530762,-41.250904083251953,-15.004112243652344,-15.004112243652344,-41.250904083251953,56.255016326904297,0,0,0,0,225.02006530761719
0.00069799999999999994,-195.0546875,-18.025115966796875,-37.844905853271484,-18.297714233398438,-18.297714233398438,-37.844905853271484,56.142620086669922,0,0,0,0,224.57048034667969
0.00069850000000000001,-354.235107421875,-20.016260147094727,-33.944709777832031,-22.085731506347656,-22.085731506347656,-33.944709777832031,56.030445098876953,0,0,0,0,224.12178039550781
0.00069899999999999997,-525.84075927734375,-20.994527816772461,-29.744852066040039,-26.17364501953125,-26.17364501953125,-29.744852066040039,55.918495178222656,0,0,0,0,223.67398071289063
0.00069949999999999993,-701.1881103515625,-20.910480499267578,-25.455013275146484,-30.351757049560547,-30.351757049560547,-25.455013275146484,55.806770324707031,0,0,0,0,223.22708129882813
0.00069999999999999999,-871.40496826171875,-19.768440246582031,0,-55.695266723632813,-55.695266723632813,0,55.695266723632813,0,0,0,0,222.78106689453125
0.00070049999999999995,-927.7257080078125,6.756072998046875,0,-55.671001434326172,-55.671001434326172,0,55.671001434326172,357.5535888671875,0,0,357.5535888671875,222.68400573730469
0.00070100000000000002,-767.1671142578125,30.311599731445313,0,-55.820785522460938,-55.820785522460938,0,55.820785522460938,660.5054931640625,0,0,660.5054931640625,223.28314208984375
0.00070149999999999998,-459.72280883789063,40.678878784179688,0,-56.067150115966797,-56.067150115966797,0,56.067150115966797,721.10101318359375,0,0,721.10101318359375,224.26860046386719
0.00070199999999999993,-138.95272827148438,33.401397705078125,0,-56.262794494628906,-56.262794494628906,0,56.262794494628906,457.5458984375,0,0,457.5458984375,225.05117797851563
0.0007025,56.354404449462891,15.121696472167969,-15.004121780395508,-41.250923156738281,-41.250923156738281,-15.004121780395508,56.255046844482422,0,0,0,0,225.02018737792969
0.00070299999999999996,195.05372619628906,18.025033950805664,-18.297706604003906,-37.844944000244141,-37.844944000244141,-18.297706604003906,56.142650604248047,0,0,0,0,224.57060241699219
0.00070349999999999992,354.23348999023438,20.016185760498047,-22.085708618164063,-33.944766998291016,-33.944766998291016,-22.085708618164063,56.030475616455078,0,0,0,0,224.12190246582031
0.00070399999999999998,525.83856201171875,20.994464874267578,-26.173606872558594,-29.74492073059082,-29.74492073059082,-26.173606872558594,55.918525695800781,0,0,0,0,223.67410278320313
0.00070449999999999994,701.18548583984375,20.910434722900391,-30.351711273193359,-25.45509147644043,-25.45509147644043,-30.351711273193359,55.806800842285156,0,0,0,0,223.22720336914063
0.00070500000000000001,871.40203857421875,19.768411636352539,-55.695297241210938,0,0,-55.695297241210938,55.695297241210938,0,0,0,0,222.78118896484375
0.00070549999999999996,927.723388671875,-6.7559127807617188,-55.671028137207031,0,0,-55.671028137207031,55.671028137207031,0,357.55035400390625,357.55035400390625,0,222.68411254882813
0.00070599999999999992,767.1666259765625,-30.31134033203125,-55.820812225341797,0,0,-55.820812225341797,55.820812225341797,0,660.50030517578125,660.50030517578125,0,223.28324890136719
0.00070649999999999999,459.72463989257813,-40.678619384765625,-56.067173004150391,0,0,-56.067173004150391,56.067173004150391,0,721.0960693359375,721.0960693359375,0,224.26869201660156
0.00070699999999999995,138.95632934570313,-33.401275634765625,-56.2628173828125,0,0,-56.2628173828125,56.2628173828125,0,457.543212890625,457.543212890625,0,225.05126953125
0.00070750000000000001,-56.350620269775391,-15.121736526489258,-41.251029968261719,-15.00404167175293,-15.00404167175293,-41.251029968261719,56.255069732666016,0,0,0,0,225.02027893066406
0.00070799999999999997,-195.05036926269531,-18.025096893310547,-37.845035552978516,-18.297637939453125,-18.297637939453125,-37.845035552978516,56.142673492431641,0,0,0,0,224.57069396972656
0.00070849999999999993,-354.23074340820313,-20.016267776489258,-33.944843292236328,-22.085655212402344,-22.085655212402344,-33.944843292236328,56.030498504638672,0,0,0,0,224.12199401855469
0.00070899999999999999,-525.8365478515625,-20.994560241699219,-29.744979858398438,-26.173568725585938,-26.173568725585938,-29.744979858398438,55.918548583984375,0,0,0,0,223.6741943359375
0.00070949999999999995,-701.184326171875,-20.910539627075195,-25.455131530761719,-30.351696014404297,-30.351696014404297,-25.455131530761719,55.80682373046875,0,0,0,0,223.227294921875
0.00071000000000000002,-871.40179443359375,-19.768520355224609,0,-55.695320129394531,-55.695320129394531,0,55.695320129394531,0,0,0,0,222.78128051757813
0.00071049999999999998,-927.7239990234375,6.75579833984375,0,-55.671051025390625,-55.671051025390625,0,55.671051025390625,357.550048828125,0,0,357.550048828125,222.6842041015625
0.00071099999999999994,-767.1680908203125,30.311279296875,0,-55.820835113525391,-55.820835113525391,0,55.820835113525391,660.50054931640625,0,0,660.50054931640625,223.28334045410156
0.0007115,-459.72628784179688,40.678665161132813,0,-56.067195892333984,-56.067195892333984,0,56.067195892333984,721.09735107421875,0,0,721.09735107421875,224.26878356933594
0.00071199999999999996,-138.95748901367188,33.401351928710938,0,-56.262840270996094,-56.262840270996094,0,56.262840270996094,457.54541015625,0,0,457.54541015625,225.05136108398438
0.00071249999999999992,56.350070953369141,15.121740341186523,-15.004039764404297,-41.251052856445313,-41.251052856445313,-15.004039764404297,56.255092620849609,0,0,0,0,225.02037048339844
0.00071299999999999998,195.04986572265625,18.025104522705078,-18.297637939453125,-37.845058441162109,-37.845058441162109,-18.297637939453125,56.142696380615234,0,0,0,0,224.57078552246094
0.00071349999999999994,354.23028564453125,20.016277313232422,-22.085655212402344,-33.944866180419922,-33.944866180419922,-22.085655212402344,56.030521392822266,0,0,0,0,224.12208557128906
0.00071400000000000001,525.836181640625,20.994571685791016,-26.173568725585938,-29.745000839233398,-29.745000839233398,-26.173568725585938,55.918571472167969,0,0,0,0,223.67428588867188
0.00071449999999999997,701.18408203125,20.910552978515625,-30.351699829101563,-25.455148696899414,-25.455148696899414,-30.351699829101563,55.806846618652344,0,0,0,0,223.22738647460938
0.00071499999999999992,871.40167236328125,19.768537521362305,-55.695343017578125,0,0,-55.695343017578125,55.695343017578125,0,0,0,0,222.7813720703125
0.00071549999999999999,927.7242431640625,-6.7557449340820313,-55.671073913574219,0,0,-55.671073913574219,55.671073913574219,0,357.54962158203125,357.54962158203125,0,222.68429565429688
0.00071599999999999995,767.16876220703125,-30.311233520507813,-55.820858001708984,0,0,-55.820858001708984,55.820858001708984,0,660.5001220703125,660.5001220703125,0,223.28343200683594
0.00071650000000000001,459.72732543945313,-40.678634643554688,-56.067218780517578,0,0,-56.067218780517578,56.067218780517578,0,721.09722900390625,721.09722900390625,0,224.26887512207031
0.00071699999999999997,138.95840454101563,-33.401359558105469,-56.262863159179688,0,0,-56.262863159179688,56.262863159179688,0,457.5458984375,457.5458984375,0,225.05145263671875
0.00071749999999999993,-56.349338531494141,-15.121706008911133,-41.251083374023438,-15.004034042358398,-15.004034042358398,-41.251083374023438,56.255115509033203,0,0,0,0,225.02046203613281
0.000718,-195.04885864257813,-18.02507209777832,-37.8450927734375,-18.297622680664063,-18.297622680664063,-37.8450927734375,56.142719268798828,0,0,0,0,224.57087707519531
0.00071849999999999995,-354.22906494140625,-20.016252517700195,-33.944908142089844,-22.085636138916016,-22.085636138916016,-33.944908142089844,56.030544281005859,0,0,0,0,224.12217712402344
0.00071900000000000002,-525.83477783203125,-20.994556427001953,-29.745044708251953,-26.173549652099609,-26.173549652099609,-29.745044708251953,55.918594360351563,0,0,0,0,223.67437744140625
0.00071949999999999998,-701.18255615234375,-20.910545349121094,-25.455198287963867,-30.351673126220703,-30.351673126220703,-25.455198287963867,55.806869506835938,0,0,0,0,223.22747802734375
0.00071999999999999994,-871.40008544921875,-19.768537521362305,0,-55.695365905761719,-55.695365905761719,0,55.695365905761719,0,0,0,0,222.78146362304688
0.0007205,-927.7230224609375,6.755645751953125,0,-55.671096801757813,-55.671096801757813,0,55.671096801757813,357.5477294921875,0,0,357.5477294921875,222.68438720703125
0.00072099999999999996,-767.16876220703125,30.311050415039063,0,-55.820877075195313,-55.820877075195313,0,55.820877075195313,660.49713134765625,0,0,660.49713134765625,223.28350830078125
0.00072149999999999992,-459.72885131835938,40.678482055664063,0,-56.067234039306641,-56.067234039306641,0,56.067234039306641,721.09454345703125,0,0,721.09454345703125,224.26893615722656
0.00072199999999999999,-138.96078491210938,33.401321411132813,0,-56.26287841796875,-56.26287841796875,0,56.26287841796875,457.544921875,0,0,457.544921875,225.051513671875
0.00072249999999999994,56.347141265869141,15.12171745300293,-15.003988265991211,-41.251144409179688,-41.251144409179688,-15.003988265991211,56.255130767822266,0,0,0,0,225.02052307128906
0.00072300000000000001,195.04681396484375,18.025096893310547,-18.297580718994141,-37.845149993896484,-37.845149993896484,-18.297580718994141,56.142730712890625,0,0,0,0,224.5709228515625
0.00072349999999999997,354.22726440429688,20.016288757324219,-22.085597991943359,-33.944957733154297,-33.944957733154297,-22.085597991943359,56.030555725097656,0,0,0,0,224.12222290039063
0.00072399999999999993,525.83331298828125,20.994602203369141,-26.173519134521484,-29.745086669921875,-29.745086669921875,-26.173519134521484,55.918605804443359,0,0,0,0,223.67442321777344
0.00072449999999999999,701.18145751953125,20.910598754882813,-30.351654052734375,-25.455228805541992,-25.455228805541992,-30.351654052734375,55.806880950927734,0,0,0,0,223.22752380371094
0.00072499999999999995,871.3995361328125,19.768594741821289,-55.695377349853516,0,0,-55.695377349853516,55.695377349853516,0,0,0,0,222.78150939941406
0.00072550000000000002,927.72314453125,-6.7555694580078125,-55.671108245849609,0,0,-55.671108245849609,55.671108245849609,0,357.5472412109375,357.5472412109375,0,222.68443298339844
0.00072599999999999997,767.16937255859375,-30.310989379882813,-55.820888519287109,0,0,-55.820888519287109,55.820888519287109,0,660.49676513671875,660.49676513671875,0,223.28355407714844
0.00072649999999999993,459.72964477539063,-40.678466796875,-56.067245483398438,0,0,-56.067245483398438,56.067245483398438,0,721.0947265625,721.0947265625,0,224.26898193359375
0.000727,138.96163940429688,-33.401329040527344,-56.262889862060547,0,0,-56.262889862060547,56.262889862060547,0,457.545654296875,457.545654296875,0,225.05155944824219
0.00072749999999999996,-56.346469879150391,-15.121730804443359,-41.251163482666016,-15.003978729248047,-15.003978729248047,-41.251163482666016,56.255142211914063,0,0,0,0,225.02056884765625
0.00072799999999999991,-195.04627990722656,-18.025115966796875,-37.845169067382813,-18.297573089599609,-18.297573089599609,-37.845169067382813,56.142742156982422,0,0,0,0,224.57096862792969
0.00072849999999999998,-354.22689819335938,-20.01630973815918,-33.944969177246094,-22.085594177246094,-22.085594177246094,-33.944969177246094,56.030567169189453,0,0,0,0,224.12226867675781
0.00072899999999999994,-525.8331298828125,-20.994625091552734,-29.745098114013672,-26.173519134521484,-26.173519134521484,-29.745098114013672,55.918617248535156,0,0,0,0,223.67446899414063
0.00072950000000000001,-701.1815185546875,-20.910621643066406,-25.455234527587891,-30.351657867431641,-30.351657867431641,-25.455234527587891,55.806892395019531,0,0,0,0,223.22756958007813
0.00072999999999999996,-871.39971923828125,-19.76861572265625,0,-55.695388793945313,-55.695388793945313,0,55.695388793945313,0,0,0,0,222.78155517578125
0.00073049999999999992,-927.7235107421875,6.7555389404296875,0,-55.671119689941406,-55.671119689941406,0,55.671119689941406,357.54730224609375,0,0,357.54730224609375,222.68447875976563
0.00073099999999999999,-767.16998291015625,30.31097412109375,0,-55.820899963378906,-55.820899963378906,0,55.820899963378906,660.49713134765625,0,0,660.49713134765625,223.28359985351563
0.00073149999999999995,-459.73049926757813,40.678421020507813,0,-56.067256927490234,-56.067256927490234,0,56.067256927490234,721.0955810546875,0,0,721.0955810546875,224.26902770996094
0.00073200000000000001,-138.96261596679688,33.401321411132813,0,-56.262901306152344,-56.262901306152344,0,56.262901306152344,457.5472412109375,0,0,457.5472412109375,225.05160522460938
0.00073249999999999997,56.345554351806641,15.121617317199707,-15.003961563110352,-41.251190185546875,-41.251190185546875,-15.003961563110352,56.255153656005859,0,0,0,0,225.02061462402344
0.00073299999999999993,195.04444885253906,18.02501106262207,-18.297534942626953,-37.845218658447266,-37.845218658447266,-18.297534942626953,56.142753601074219,0,0,0,0,224.57101440429688
0.00073349999999999999,354.2242431640625,20.016220092773438,-22.085536956787109,-33.945041656494141,-33.945041656494141,-22.085536956787109,56.03057861328125,0,0,0,0,224.122314453125
0.00073399999999999995,525.829833984375,20.994552612304688,-26.173446655273438,-29.745182037353516,-29.745182037353516,-26.173446655273438,55.918628692626953,0,0,0,0,223.67451477050781
0.00073450000000000002,701.177734375,20.910572052001953,-30.351573944091797,-25.455331802368164,-25.455331802368164,-30.351573944091797,55.806903839111328,0,0,0,0,223.22761535644531
0.00073499999999999998,871.3956298828125,19.768592834472656,-55.695400238037109,0,0,-55.695400238037109,55.695400238037109,0,0,0,0,222.78160095214844
0.00073549999999999993,927.7200927734375,-6.7553558349609375,-55.671131134033203,0,0,-55.671131134033203,55.671131134033203,0,357.54330444335938,357.54330444335938,0,222.68452453613281
0.000736,767.16876220703125,-30.310653686523438,-55.820911407470703,0,0,-55.820911407470703,55.820911407470703,0,660.4906005859375,660.4906005859375,0,223.28364562988281
0.00073649999999999996,459.73190307617188,-40.678115844726563,-56.067268371582031,0,0,-56.067268371582031,56.067268371582031,0,721.089111328125,721.089111328125,0,224.26907348632813
0.00073699999999999992,138.96609497070313,-33.401138305664063,-56.262908935546875,0,0,-56.262908935546875,56.262908935546875,0,457.5430908203125,457.5430908203125,0,225.0516357421875
0.00073749999999999998,-56.341403961181641,-15.12165641784668,-41.251296997070313,-15.003868103027344,-15.003868103027344,-41.251296997070313,56.255165100097656,0,0,0,0,225.02066040039063
0.00073799999999999994,-195.04072570800781,-18.025075912475586,-37.845314025878906,-18.297451019287109,-18.297451019287109,-37.845314025878906,56.142765045166016,0,0,0,0,224.57106018066406
0.00073850000000000001,-354.22116088867188,-20.016305923461914,-33.945121765136719,-22.085468292236328,-22.085468292236328,-33.945121765136719,56.030590057373047,0,0,0,0,224.12236022949219
0.00073899999999999997,-525.8275146484375,-20.994655609130859,-29.745243072509766,-26.173397064208984,-26.173397064208984,-29.745243072509766,55.91864013671875,0,0,0,0,223.674560546875
0.00073949999999999992,-701.17633056640625,-20.910686492919922,-25.45536994934082,-30.351547241210938,-30.351547241210938,-25.45536994934082,55.806915283203125,0,0,0,0,223.2276611328125
0.00073999999999999999,-871.39520263671875,-19.768711090087891,0,-55.695411682128906,-55.695411682128906,0,55.695411682128906,0,0,0,0,222.78164672851563
0.00074049999999999995,-927.720703125,6.7552413940429688,0,-55.671142578125,-55.671142578125,0,55.671142578125,357.5430908203125,0,0,357.5430908203125,222.6845703125
0.00074100000000000001,-767.17010498046875,30.310592651367188,0,-55.8209228515625,-55.8209228515625,0,55.8209228515625,660.4910888671875,0,0,660.4910888671875,223.28369140625
0.00074149999999999997,-459.73348999023438,40.678146362304688,0,-56.067279815673828,-56.067279815673828,0,56.067279815673828,721.09075927734375,0,0,721.09075927734375,224.26911926269531
0.00074199999999999993,-138.96725463867188,33.401252746582031,0,-56.262924194335938,-56.262924194335938,0,56.262924194335938,457.5457763671875,0,0,457.5457763671875,225.05169677734375
0.0007425,56.341281890869141,15.121639251708984,-15.003871917724609,-41.251308441162109,-41.251308441162109,-15.003871917724609,56.255180358886719,0,0,0,0,225.02072143554688
0.00074299999999999995,195.04046630859375,18.025056838989258,-18.297451019287109,-37.845329284667969,-37.845329284667969,-18.297451019287109,56.142780303955078,0,0,0,0,224.57112121582031
0.00074350000000000002,354.22076416015625,20.016288757324219,-22.085464477539063,-33.945137023925781,-33.945137023925781,-22.085464477539063,56.030605316162109,0,0,0,0,224.12242126464844
0.00074399999999999998,525.8270263671875,20.99464225769043,-26.173393249511719,-29.745264053344727,-29.745264053344727,-26.173393249511719,55.918655395507813,0,0,0,0,223.67462158203125
0.00074449999999999994,701.17572021484375,20.910675048828125,-30.351539611816406,-25.455392837524414,-25.455392837524414,-30.351539611816406,55.806930541992188,0,0,0,0,223.22772216796875
0.000745,871.39453125,19.768703460693359,-55.695426940917969,0,0,-55.695426940917969,55.695426940917969,0,0,0,0,222.78170776367188
0.00074549999999999996,927.72021484375,-6.7551803588867188,-55.671157836914063,0,0,-55.671157836914063,55.671157836914063,0,357.542236328125,357.542236328125,0,222.68463134765625
0.00074599999999999992,767.1702880859375,-30.310501098632813,-55.820934295654297,0,0,-55.820934295654297,55.820934295654297,0,660.48968505859375,660.48968505859375,0,223.28373718261719
0.00074649999999999998,459.73446655273438,-40.678054809570313,-56.067291259765625,0,0,-56.067291259765625,56.067291259765625,0,721.08966064453125,721.08966064453125,0,224.2691650390625
0.00074699999999999994,138.96884155273438,-33.401229858398438,-56.262931823730469,0,0,-56.262931823730469,56.262931823730469,0,457.545654296875,457.545654296875,0,225.05172729492188
0.00074750000000000001,-56.339817047119141,-15.121627807617188,-41.251346588134766,-15.003841400146484,-15.003841400146484,-41.251346588134766,56.25518798828125,0,0,0,0,225.020751953125
0.00074799999999999997,-195.0389404296875,-18.025056838989258,-37.845367431640625,-18.297420501708984,-18.297420501708984,-37.845367431640625,56.142787933349609,0,0,0,0,224.57115173339844
0.00074849999999999992,-354.21926879882813,-20.01629638671875,-33.945178985595703,-22.085433959960938,-22.085433959960938,-33.945178985595703,56.030612945556641,0,0,0,0,224.12245178222656
0.00074899999999999999,-525.82562255859375,-20.994659423828125,-29.74530029296875,-26.173362731933594,-26.173362731933594,-29.74530029296875,55.918663024902344,0,0,0,0,223.67465209960938
0.00074949999999999995,-701.1744384765625,-20.910701751708984,-25.455427169799805,-30.351512908935547,-30.351512908935547,-25.455427169799805,55.806938171386719,0,0,0,0,223.22775268554688
0.00075000000000000002,-871.39349365234375,-19.76873779296875,0,-55.6954345703125,-55.6954345703125,0,55.6954345703125,0,0,0,0,222.78173828125
0.00075049999999999997,-927.7197265625,6.7551040649414063,0,-55.671165466308594,-55.671165466308594,0,55.671165466308594,357.54119873046875,0,0,357.54119873046875,222.68466186523438
0.00075099999999999993,-767.17047119140625,30.310394287109375,0,-55.820941925048828,-55.820941925048828,0,55.820941925048828,660.48846435546875,0,0,660.48846435546875,223.28376770019531
0.0007515,-459.73544311523438,40.677932739257813,0,-56.067298889160156,-56.067298889160156,0,56.067298889160156,721.0889892578125,0,0,721.0889892578125,224.26919555664063
0.00075199999999999996,-138.97042846679688,33.401161193847656,0,-56.262939453125,-56.262939453125,0,56.262939453125,457.5462646484375,0,0,457.5462646484375,225.0517578125
0.00075249999999999991,56.338047027587891,15.121570587158203,-15.003801345825195,-41.251396179199219,-41.251396179199219,-15.003801345825195,56.255195617675781,0,0,0,0,225.02078247070313
0.00075299999999999998,195.0367431640625,18.02501106262207,-18.297370910644531,-37.845428466796875,-37.845428466796875,-18.297370910644531,56.142795562744141,0,0,0,0,224.57118225097656
0.00075349999999999994,354.21673583984375,20.016265869140625,-22.085376739501953,-33.945243835449219,-33.945243835449219,-22.085376739501953,56.030620574951172,0,0,0,0,224.12248229980469
0.000754,525.8228759765625,20.99464225769043,-26.173297882080078,-29.745372772216797,-29.745372772216797,-26.173297882080078,55.918670654296875,0,0,0,0,223.6746826171875
0.00075449999999999996,701.17169189453125,20.910699844360352,-30.351451873779297,-25.455497741699219,-25.455497741699219,-30.351451873779297,55.80694580078125,0,0,0,0,223.227783203125
0.00075499999999999992,871.39080810546875,19.76875114440918,-55.695442199707031,0,0,-55.695442199707031,55.695442199707031,0,0,0,0,222.78176879882813
0.00075549999999999999,927.7176513671875,-6.7549514770507813,-55.671173095703125,0,0,-55.671173095703125,55.671173095703125,0,357.5386962890625,357.5386962890625,0,222.6846923828125
0.00075599999999999994,767.170166015625,-30.310195922851563,-55.820953369140625,0,0,-55.820953369140625,55.820953369140625,0,660.4844970703125,660.4844970703125,0,223.2838134765625
0.00075650000000000001,459.73684692382813,-40.67779541015625,-56.067306518554688,0,0,-56.067306518554688,56.067306518554688,0,721.08526611328125,721.08526611328125,0,224.26922607421875
0.00075699999999999997,138.97268676757813,-33.401092529296875,-56.262950897216797,0,0,-56.262950897216797,56.262950897216797,0,457.5443115234375,457.5443115234375,0,225.05180358886719
0.00075749999999999993,-56.335666656494141,-15.121572494506836,-41.251457214355469,-15.003747940063477,-15.003747940063477,-41.251457214355469,56.255203247070313,0,0,0,0,225.02081298828125
0.00075799999999999999,-195.03443908691406,-18.025028228759766,-37.845485687255859,-18.297317504882813,-18.297317504882813,-37.845485687255859,56.142803192138672,0,0,0,0,224.57121276855469
0.00075849999999999995,-354.21466064453125,-20.01629638671875,-33.945297241210938,-22.085330963134766,-22.085330963134766,-33.945297241210938,56.030628204345703,0,0,0,0,224.12251281738281
0.00075900000000000002,-525.82110595703125,-20.994684219360352,-29.745418548583984,-26.173259735107422,-26.173259735107422,-29.745418548583984,55.918678283691406,0,0,0,0,223.67471313476563
0.00075949999999999998,-701.1702880859375,-20.910755157470703,-25.455535888671875,-30.351421356201172,-30.351421356201172,-25.455535888671875,55.806953430175781,0,0,0,0,223.22781372070313
0.00075999999999999993,-871.389892578125,-19.768814086914063,0,-55.695449829101563,-55.695449829101563,0,55.695449829101563,0,0,0,0,222.78179931640625
0.0007605,-927.717529296875,6.7548675537109375,0,-55.671180725097656,-55.671180725097656,0,55.671180725097656,357.5379638671875,0,0,357.5379638671875,222.68472290039063
0.00076099999999999996,-767.1707763671875,30.310134887695313,0,-55.820960998535156,-55.820960998535156,0,55.820960998535156,660.48388671875,0,0,660.48388671875,223.28384399414063
0.00076149999999999992,-459.73794555664063,40.67779541015625,0,-56.067314147949219,-56.067314147949219,0,56.067314147949219,721.0853271484375,0,0,721.0853271484375,224.26925659179688
0.00076199999999999998,-138.97372436523438,33.401153564453125,0,-56.262958526611328,-56.262958526611328,0,56.262958526611328,457.545166015625,0,0,457.545166015625,225.05183410644531
0.00076249999999999994,56.335300445556641,15.12165641784668,-15.003742218017578,-41.251468658447266,-41.251468658447266,-15.003742218017578,56.255210876464844,0,0,0,0,225.02084350585938
0.00076300000000000001,195.03477478027344,18.025110244750977,-18.297328948974609,-37.845481872558594,-37.845481872558594,-18.297328948974609,56.142810821533203,0,0,0,0,224.57124328613281
0.00076349999999999996,354.21563720703125,20.016374588012695,-22.085357666015625,-33.945278167724609,-33.945278167724609,-22.085357666015625,56.030635833740234,0,0,0,0,224.12254333496094
0.00076399999999999992,525.82269287109375,20.994756698608398,-26.173301696777344,-29.745384216308594,-29.745384216308594,-26.173301696777344,55.918685913085938,0,0,0,0,223.67474365234375
0.00076449999999999999,701.17242431640625,20.91081428527832,-30.351474761962891,-25.455488204956055,-25.455488204956055,-30.351474761962891,55.806961059570313,0,0,0,0,223.22784423828125
0.00076499999999999995,871.3924560546875,19.76885986328125,-55.695457458496094,0,0,-55.695457458496094,55.695457458496094,0,0,0,0,222.78182983398438
0.00076550000000000001,927.7198486328125,-6.7549514770507813,-55.671188354492188,0,0,-55.671188354492188,55.671188354492188,0,357.54034423828125,357.54034423828125,0,222.68475341796875
0.00076599999999999997,767.171875,-30.310272216796875,-55.820968627929688,0,0,-55.820968627929688,55.820968627929688,0,660.4879150390625,660.4879150390625,0,223.28387451171875
0.00076649999999999993,459.73751831054688,-40.67791748046875,-56.06732177734375,0,0,-56.06732177734375,56.06732177734375,0,721.08966064453125,721.08966064453125,0,224.269287109375
0.000767,138.97232055664063,-33.401214599609375,-56.262966156005859,0,0,-56.262966156005859,56.262966156005859,0,457.5484619140625,457.5484619140625,0,225.05186462402344
0.00076749999999999995,-56.336887359619141,-15.121541976928711,-41.251434326171875,-15.003787994384766,-15.003787994384766,-41.251434326171875,56.255222320556641,0,0,0,0,225.02088928222656
0.00076800000000000002,-195.03538513183594,-18.024990081787109,-37.845474243164063,-18.297348022460938,-18.297348022460938,-37.845474243164063,56.142822265625,0,0,0,0,224.5712890625
0.00076849999999999998,-354.21524047851563,-20.016252517700195,-33.945293426513672,-22.085353851318359,-22.085353851318359,-33.945293426513672,56.030647277832031,0,0,0,0,224.12258911132813
0.00076899999999999994,-525.8212890625,-20.994640350341797,-29.74542236328125,-26.173274993896484,-26.173274993896484,-29.74542236328125,55.918697357177734,0,0,0,0,223.67478942871094
0.0007695,-701.1700439453125,-20.91070556640625,-25.455551147460938,-30.351421356201172,-30.351421356201172,-25.455551147460938,55.806972503662109,0,0,0,0,223.22789001464844
0.00076999999999999996,-871.38922119140625,-19.768768310546875,0,-55.695468902587891,-55.695468902587891,0,55.695468902587891,0,0,0,0,222.78187561035156
0.00077049999999999992,-927.7166748046875,6.7548446655273438,0,-55.671199798583984,-55.671199798583984,0,55.671199798583984,357.53680419921875,0,0,357.53680419921875,222.68479919433594
0.00077099999999999998,-767.1702880859375,30.310028076171875,0,-55.820972442626953,-55.820972442626953,0,55.820972442626953,660.48162841796875,0,0,660.48162841796875,223.28388977050781
0.00077149999999999994,-459.73831176757813,40.67767333984375,0,-56.06732177734375,-56.06732177734375,0,56.06732177734375,721.082763671875,0,0,721.082763671875,224.269287109375
0.00077200000000000001,-138.97500610351563,33.401054382324219,0,-56.262962341308594,-56.262962341308594,0,56.262962341308594,457.5433349609375,0,0,457.5433349609375,225.05184936523438
0.00077249999999999997,56.333530426025391,15.121618270874023,-15.003702163696289,-41.251510620117188,-41.251510620117188,-15.003702163696289,56.255214691162109,0,0,0,0,225.02085876464844
0.00077299999999999992,195.03274536132813,18.02508544921875,-18.297283172607422,-37.845531463623047,-37.845531463623047,-18.297283172607422,56.142814636230469,0,0,0,0,224.57125854492188
0.00077349999999999999,354.21347045898438,20.016363143920898,-22.085308074951172,-33.945331573486328,-33.945331573486328,-22.085308074951172,56.0306396484375,0,0,0,0,224.12255859375
0.00077399999999999995,525.82049560546875,20.994758605957031,-26.173252105712891,-29.745437622070313,-29.745437622070313,-26.173252105712891,55.918689727783203,0,0,0,0,223.67475891113281
0.00077450000000000001,701.1702880859375,20.910831451416016,-30.351425170898438,-25.455541610717773,-25.455541610717773,-30.351425170898438,55.806964874267578,0,0,0,0,223.22785949707031
0.00077499999999999997,871.3905029296875,19.768890380859375,-55.695461273193359,0,0,-55.695461273193359,55.695461273193359,0,0,0,0,222.78184509277344
0.00077549999999999993,927.7186279296875,-6.75482177734375,-55.671192169189453,0,0,-55.671192169189453,55.671192169189453,0,357.53857421875,357.53857421875,0,222.68476867675781
0.000776,767.17193603515625,-30.310134887695313,-55.820972442626953,0,0,-55.820972442626953,55.820972442626953,0,660.48541259765625,660.48541259765625,0,223.28388977050781
0.00077649999999999996,459.73873901367188,-40.677841186523438,-56.06732177734375,0,0,-56.06732177734375,56.06732177734375,0,721.08758544921875,721.08758544921875,0,224.269287109375
0.00077699999999999991,138.97384643554688,-33.401199340820313,-56.262966156005859,0,0,-56.262966156005859,56.262966156005859,0,457.5478515625,457.5478515625,0,225.05186462402344
0.00077749999999999998,-56.335544586181641,-15.121560096740723,-41.25146484375,-15.003753662109375,-15.003753662109375,-41.25146484375,56.255218505859375,0,0,0,0,225.0208740234375
0.00077799999999999994,-195.03422546386719,-18.025014877319336,-37.845497131347656,-18.297321319580078,-18.297321319580078,-37.845497131347656,56.142818450927734,0,0,0,0,224.57127380371094
0.0007785,-354.21432495117188,-20.016286849975586,-33.9453125,-22.085330963134766,-22.085330963134766,-33.9453125,56.030643463134766,0,0,0,0,224.12257385253906
0.00077899999999999996,-525.8206787109375,-20.994680404663086,-29.74543571472168,-26.173255920410156,-26.173255920410156,-29.74543571472168,55.918693542480469,0,0,0,0,223.67477416992188
0.00077949999999999992,-701.1697998046875,-20.910751342773438,-25.455554962158203,-30.351413726806641,-30.351413726806641,-25.455554962158203,55.806968688964844,0,0,0,0,223.22787475585938
0.00077999999999999999,-871.389404296875,-19.768814086914063,0,-55.695465087890625,-55.695465087890625,0,55.695465087890625,0,0,0,0,222.7818603515625
0.00078049999999999994,-927.7171630859375,6.7548141479492188,0,-55.671195983886719,-55.671195983886719,0,55.671195983886719,357.53729248046875,0,0,357.53729248046875,222.68478393554688
0.00078100000000000001,-767.17095947265625,30.310012817382813,0,-55.820972442626953,-55.820972442626953,0,55.820972442626953,660.48291015625,0,0,660.48291015625,223.28388977050781
0.00078149999999999997,-459.73892211914063,40.67767333984375,0,-56.06732177734375,-56.06732177734375,0,56.06732177734375,721.08477783203125,0,0,721.08477783203125,224.269287109375
0.00078199999999999993,-138.97537231445313,33.401077270507813,0,-56.262966156005859,-56.262966156005859,0,56.262966156005859,457.5458984375,0,0,457.5458984375,225.05186462402344
0.00078249999999999999,56.333408355712891,15.121521949768066,-15.003700256347656,-41.251518249511719,-41.251518249511719,-15.003700256347656,56.255218505859375,0,0,0,0,225.0208740234375
0.00078299999999999995,195.03182983398438,18.024991989135742,-18.297264099121094,-37.845558166503906,-37.845558166503906,-18.297264099121094,56.142818450927734,0,0,0,0,224.57127380371094
0.00078350000000000002,354.2117919921875,20.016277313232422,-22.085269927978516,-33.94537353515625,-33.94537353515625,-22.085269927978516,56.030643463134766,0,0,0,0,224.12257385253906
0.00078399999999999997,525.81817626953125,20.994684219360352,-26.173194885253906,-29.74549674987793,-29.74549674987793,-26.173194885253906,55.918693542480469,0,0,0,0,223.67477416992188
0.00078449999999999993,701.1673583984375,20.910770416259766,-30.351356506347656,-25.45561408996582,-25.45561408996582,-30.351356506347656,55.806968688964844,0,0,0,0,223.22787475585938
0.000785,871.38720703125,19.76884651184082,-55.695465087890625,0,0,-55.695465087890625,55.695465087890625,0,0,0,0,222.7818603515625
0.00078549999999999996,927.7156982421875,-6.7546768188476563,-55.671192169189453,0,0,-55.671192169189453,55.671192169189453,0,357.53546142578125,357.53546142578125,0,222.68476867675781
0.00078599999999999991,767.17071533203125,-30.309844970703125,-55.820964813232422,0,0,-55.820964813232422,55.820964813232422,0,660.480224609375,660.480224609375,0,223.28385925292969
0.00078649999999999998,459.73983764648438,-40.677566528320313,-56.067317962646484,0,0,-56.067317962646484,56.067317962646484,0,721.08258056640625,721.08258056640625,0,224.26927185058594
0.00078699999999999994,138.97677612304688,-33.401054382324219,-56.262958526611328,0,0,-56.262958526611328,56.262958526611328,0,457.544921875,457.544921875,0,225.05183410644531
0.00078750000000000001,-56.332187652587891,-15.121541023254395,-41.251541137695313,-15.003667831420898,-15.003667831420898,-41.251541137695313,56.255210876464844,0,0,0,0,225.02084350585938
0.00078799999999999996,-195.03079223632813,-18.025014877319336,-37.845577239990234,-18.297233581542969,-18.297233581542969,-37.845577239990234,56.142810821533203,0,0,0,0,224.57124328613281
0.00078849999999999992,-354.21099853515625,-20.016307830810547,-33.945388793945313,-22.085247039794922,-22.085247039794922,-33.945388793945313,56.030635833740234,0,0,0,0,224.12254333496094
0.00078899999999999999,-525.817626953125,-20.994720458984375,-29.745506286621094,-26.173179626464844,-26.173179626464844,-29.745506286621094,55.918685913085938,0,0,0,0,223.67474365234375
0.00078949999999999995,-701.167236328125,-20.910808563232422,-25.45561408996582,-30.351348876953125,-30.351348876953125,-25.45561408996582,55.806961059570313,0,0,0,0,223.22784423828125
0.00079000000000000001,-871.38739013671875,-19.768888473510742,0,-55.695457458496094,-55.695457458496094,0,55.695457458496094,0,0,0,0,222.78182983398438
0.00079049999999999997,-927.716064453125,6.7546768188476563,0,-55.671184539794922,-55.671184539794922,0,55.671184539794922,357.53585815429688,0,0,357.53585815429688,222.68473815917969
0.00079099999999999993,-767.17108154296875,30.309921264648438,0,-55.820957183837891,-55.820957183837891,0,55.820957183837891,660.4810791015625,0,0,660.4810791015625,223.28382873535156
0.00079149999999999999,-459.73965454101563,40.677597045898438,0,-56.067310333251953,-56.067310333251953,0,56.067310333251953,721.083740234375,0,0,721.083740234375,224.26924133300781
0.00079199999999999995,-138.97640991210938,33.401084899902344,0,-56.262950897216797,-56.262950897216797,0,56.262950897216797,457.5460205078125,0,0,457.5460205078125,225.05180358886719
0.00079249999999999991,56.332614898681641,15.12152099609375,-15.003673553466797,-41.251529693603516,-41.251529693603516,-15.003673553466797,56.255203247070313,0,0,0,0,225.02081298828125
0.00079299999999999998,195.03103637695313,18.024993896484375,-18.297233581542969,-37.845565795898438,-37.845565795898438,-18.297233581542969,56.142803192138672,0,0,0,0,224.57121276855469
0.00079349999999999993,354.2110595703125,20.016284942626953,-22.085243225097656,-33.945384979248047,-33.945384979248047,-22.085243225097656,56.030628204345703,0,0,0,0,224.12251281738281
0.000794,525.8175048828125,20.994697570800781,-26.173171997070313,-29.745506286621094,-29.745506286621094,-26.173171997070313,55.918678283691406,0,0,0,0,223.67471313476563
0.00079449999999999996,701.1668701171875,20.910787582397461,-30.351337432861328,-25.455617904663086,-25.455617904663086,-30.351337432861328,55.806953430175781,0,0,0,0,223.22781372070313
0.00079499999999999992,871.3868408203125,19.768865585327148,-55.695449829101563,0,0,-55.695449829101563,55.695449829101563,0,0,0,0,222.78179931640625
0.00079549999999999998,927.7154541015625,-6.754669189453125,-55.671176910400391,0,0,-55.671176910400391,55.671176910400391,0,357.535400390625,357.535400390625,0,222.68470764160156
0.00079599999999999994,767.1705322265625,-30.309814453125,-55.820949554443359,0,0,-55.820949554443359,55.820949554443359,0,660.48040771484375,660.48040771484375,0,223.28379821777344
0.00079650000000000001,459.73989868164063,-40.677536010742188,-56.067302703857422,0,0,-56.067302703857422,56.067302703857422,0,721.0830078125,721.0830078125,0,224.26921081542969
0.00079699999999999997,138.97726440429688,-33.401046752929688,-56.262943267822266,0,0,-56.262943267822266,56.262943267822266,0,457.5458984375,457.5458984375,0,225.05177307128906
0.00079749999999999992,-56.331699371337891,-15.121486663818359,-41.251548767089844,-15.00364875793457,-15.00364875793457,-41.251548767089844,56.255195617675781,0,0,0,0,225.02078247070313
0.00079799999999999999,-195.02986145019531,-18.024965286254883,-37.845592498779297,-18.297203063964844,-18.297203063964844,-37.845592498779297,56.142795562744141,0,0,0,0,224.57118225097656
0.00079849999999999995,-354.20965576171875,-20.016262054443359,-33.945415496826172,-22.085205078125,-22.085205078125,-33.945415496826172,56.030620574951172,0,0,0,0,224.12248229980469
0.00079900000000000001,-525.81597900390625,-20.994682312011719,-29.745536804199219,-26.173133850097656,-26.173133850097656,-29.745536804199219,55.918670654296875,0,0,0,0,223.6746826171875
0.00079949999999999997,-701.16522216796875,-20.910781860351563,-25.455654144287109,-30.351291656494141,-30.351291656494141,-25.455654144287109,55.80694580078125,0,0,0,0,223.227783203125
0.00079999999999999993,-871.3851318359375,-19.76887321472168,0,-55.695442199707031,-55.695442199707031,0,55.695442199707031,0,0,0,0,222.78176879882813
0.0008005,-927.714111328125,6.75457763671875,0,-55.671169281005859,-55.671169281005859,0,55.671169281005859,357.5340576171875,0,0,357.5340576171875,222.68467712402344
0.00080099999999999995,-767.1702880859375,30.309707641601563,0,-55.820941925048828,-55.820941925048828,0,55.820941925048828,660.478271484375,0,0,660.478271484375,223.28376770019531
0.00080149999999999991,-459.74063110351563,40.677459716796875,0,-56.067291259765625,-56.067291259765625,0,56.067291259765625,721.08123779296875,0,0,721.08123779296875,224.2691650390625
0.00080199999999999998,-138.97830200195313,33.401069641113281,0,-56.262931823730469,-56.262931823730469,0,56.262931823730469,457.545166015625,0,0,457.545166015625,225.05172729492188
0.00080249999999999994,56.331150054931641,15.121538162231445,-15.003631591796875,-41.251556396484375,-41.251556396484375,-15.003631591796875,56.25518798828125,0,0,0,0,225.020751953125
0.000803,195.02975463867188,18.025020599365234,-18.297195434570313,-37.845588684082031,-37.845588684082031,-18.297195434570313,56.142787933349609,0,0,0,0,224.57115173339844
0.00080349999999999996,354.21002197265625,20.016317367553711,-22.085212707519531,-33.945404052734375,-33.945404052734375,-22.085212707519531,56.030612945556641,0,0,0,0,224.12245178222656
0.00080399999999999992,525.8167724609375,20.994735717773438,-26.173149108886719,-29.745513916015625,-29.745513916015625,-26.173149108886719,55.918663024902344,0,0,0,0,223.67465209960938
0.00080449999999999999,701.16644287109375,20.91082763671875,-30.351318359375,-25.455621719360352,-25.455621719360352,-30.351318359375,55.806938171386719,0,0,0,0,223.22775268554688
0.00080499999999999994,871.38671875,19.768911361694336,-55.6954345703125,0,0,-55.6954345703125,55.6954345703125,0,0,0,0,222.78173828125
0.00080550000000000001,927.7156982421875,-6.7546463012695313,-55.671161651611328,0,0,-55.671161651611328,55.671161651611328,0,357.53570556640625,357.53570556640625,0,222.68464660644531
0.00080599999999999997,767.17083740234375,-30.309844970703125,-55.820934295654297,0,0,-55.820934295654297,55.820934295654297,0,660.48126220703125,660.48126220703125,0,223.28373718261719
0.00080649999999999993,459.73995971679688,-40.677581787109375,-56.067287445068359,0,0,-56.067287445068359,56.067287445068359,0,721.08441162109375,721.08441162109375,0,224.26914978027344
0.00080699999999999999,138.97665405273438,-33.401130676269531,-56.262931823730469,0,0,-56.262931823730469,56.262931823730469,0,457.54736328125,457.54736328125,0,225.05172729492188
0.00080749999999999995,-56.332859039306641,-15.121484756469727,-41.251514434814453,-15.003673553466797,-15.003673553466797,-41.251514434814453,56.25518798828125,0,0,0,0,225.020751953125
0.00080800000000000002,-195.03099060058594,-18.024957656860352,-37.845561981201172,-18.297225952148438,-18.297225952148438,-37.845561981201172,56.142787933349609,0,0,0,0,224.57115173339844
0.00080849999999999997,-354.210693359375,-20.016250610351563,-33.945384979248047,-22.085227966308594,-22.085227966308594,-33.945384979248047,56.030612945556641,0,0,0,0,224.12245178222656
0.00080899999999999993,-525.81689453125,-20.994665145874023,-29.745512008666992,-26.173149108886719,-26.173149108886719,-29.745512008666992,55.918663024902344,0,0,0,0,223.67465209960938
0.0008095,-701.166015625,-20.910760879516602,-25.455631256103516,-30.351306915283203,-30.351306915283203,-25.455631256103516,55.806938171386719,0,0,0,0,223.22775268554688
0.00080999999999999996,-871.3857421875,-19.76884651184082,0,-55.6954345703125,-55.6954345703125,0,55.6954345703125,0,0,0,0,222.78173828125
0.00081049999999999991,-927.7144775390625,6.7546310424804688,0,-55.671161651611328,-55.671161651611328,0,55.671161651611328,357.53460693359375,0,0,357.53460693359375,222.68464660644531
0.00081099999999999998,-767.16998291015625,30.30975341796875,0,-55.820934295654297,-55.820934295654297,0,55.820934295654297,660.4791259765625,0,0,660.4791259765625,223.28373718261719
0.00081149999999999994,-459.73989868164063,40.677459716796875,0,-56.067283630371094,-56.067283630371094,0,56.067283630371094,721.081787109375,0,0,721.081787109375,224.26913452148438
0.000812,-138.97756958007813,33.401023864746094,0,-56.262924194335938,-56.262924194335938,0,56.262924194335938,457.5452880859375,0,0,457.5452880859375,225.05169677734375
0.00081249999999999996,56.331394195556641,15.121486663818359,-15.003633499145508,-41.251548767089844,-41.251548767089844,-15.003633499145508,56.255180358886719,0,0,0,0,225.02072143554688
0.00081299999999999992,195.02957153320313,18.024967193603516,-18.297187805175781,-37.845592498779297,-37.845592498779297,-18.297187805175781,56.142780303955078,0,0,0,0,224.57112121582031
0.00081349999999999999,354.20941162109375,20.016267776489258,-22.085193634033203,-33.945411682128906,-33.945411682128906,-22.085193634033203,56.030605316162109,0,0,0,0,224.12242126464844
0.00081399999999999994,525.81573486328125,20.99468994140625,-26.173118591308594,-29.745536804199219,-29.745536804199219,-26.173118591308594,55.918655395507813,0,0,0,0,223.67462158203125
0.00081450000000000001,701.1650390625,20.910793304443359,-30.351284027099609,-25.455650329589844,-25.455650329589844,-30.351284027099609,55.806930541992188,0,0,0,0,223.22772216796875
0.00081499999999999997,871.3851318359375,19.768882751464844,-55.695426940917969,0,0,-55.695426940917969,55.695426940917969,0,0,0,0,222.78170776367188
0.00081549999999999993,927.7142333984375,-6.7545700073242188,-55.671154022216797,0,0,-55.671154022216797,55.671154022216797,0,357.53445434570313,357.53445434570313,0,222.68461608886719
0.00081599999999999999,767.1702880859375,-30.309738159179688,-55.820926666259766,0,0,-55.820926666259766,55.820926666259766,0,660.47906494140625,660.47906494140625,0,223.28370666503906
0.00081649999999999995,459.74032592773438,-40.677490234375,-56.067276000976563,0,0,-56.067276000976563,56.067276000976563,0,721.08221435546875,721.08221435546875,0,224.26910400390625
0.00081699999999999991,138.97775268554688,-33.401069641113281,-56.262916564941406,0,0,-56.262916564941406,56.262916564941406,0,457.546142578125,457.546142578125,0,225.05166625976563
0.00081749999999999998,-56.331699371337891,-15.121525764465332,-41.251533508300781,-15.003637313842773,-15.003637313842773,-41.251533508300781,56.255172729492188,0,0,0,0,225.02069091796875
0.00081799999999999993,-195.03018188476563,-18.025005340576172,-37.845573425292969,-18.297199249267578,-18.297199249267578,-37.845573425292969,56.142772674560547,0,0,0,0,224.57109069824219
0.0008185,-354.2103271484375,-20.016304016113281,-33.945388793945313,-22.085212707519531,-22.085212707519531,-33.945388793945313,56.030597686767578,0,0,0,0,224.12239074707031
0.00081899999999999996,-525.81695556640625,-20.994718551635742,-29.745502471923828,-26.173145294189453,-26.173145294189453,-29.745502471923828,55.918647766113281,0,0,0,0,223.67459106445313
0.00081949999999999992,-701.16650390625,-20.910808563232422,-25.455612182617188,-30.351314544677734,-30.351314544677734,-25.455612182617188,55.806922912597656,0,0,0,0,223.22769165039063
0.00081999999999999998,-871.38665771484375,-19.768890380859375,0,-55.695419311523438,-55.695419311523438,0,55.695419311523438,0,0,0,0,222.78167724609375
0.00082049999999999994,-927.7154541015625,6.7546615600585938,0,-55.671146392822266,-55.671146392822266,0,55.671146392822266,357.53594970703125,0,0,357.53594970703125,222.68458557128906
0.00082100000000000001,-767.1705322265625,30.30987548828125,0,-55.820919036865234,-55.820919036865234,0,55.820919036865234,660.4814453125,0,0,660.4814453125,223.28367614746094
0.00082149999999999996,-459.73941040039063,40.677597045898438,0,-56.067272186279297,-56.067272186279297,0,56.067272186279297,721.08453369140625,0,0,721.08453369140625,224.26908874511719
0.00082199999999999992,-138.97616577148438,33.401123046875,0,-56.262916564941406,-56.262916564941406,0,56.262916564941406,457.547119140625,0,0,457.547119140625,225.05166625976563
0.00082249999999999999,56.333408355712891,15.121535301208496,-15.003677368164063,-41.251495361328125,-41.251495361328125,-15.003677368164063,56.255172729492188,0,0,0,0,225.02069091796875
0.00082299999999999995,195.03193664550781,18.025003433227539,-18.2972412109375,-37.845531463623047,-37.845531463623047,-18.2972412109375,56.142772674560547,0,0,0,0,224.57109069824219
0.00082350000000000001,354.21200561523438,20.016288757324219,-22.085250854492188,-33.945346832275391,-33.945346832275391,-22.085250854492188,56.030597686767578,0,0,0,0,224.12239074707031
0.00082399999999999997,525.8184814453125,20.994693756103516,-26.173179626464844,-29.745466232299805,-29.745466232299805,-26.173179626464844,55.918647766113281,0,0,0,0,223.67459106445313
0.00082449999999999993,701.16778564453125,20.91077995300293,-30.351345062255859,-25.455581665039063,-25.455581665039063,-30.351345062255859,55.806922912597656,0,0,0,0,223.22769165039063
0.000825,871.38763427734375,19.768854141235352,-55.695419311523438,0,0,-55.695419311523438,55.695419311523438,0,0,0,0,222.78167724609375
0.00082549999999999995,927.7159423828125,-6.7547378540039063,-55.671146392822266,0,0,-55.671146392822266,55.671146392822266,0,357.53671264648438,357.53671264648438,0,222.68458557128906
0.00082599999999999991,767.17034912109375,-30.309967041015625,-55.820919036865234,0,0,-55.820919036865234,55.820919036865234,0,660.48236083984375,660.48236083984375,0,223.28367614746094
0.00082649999999999998,459.73861694335938,-40.677627563476563,-56.067272186279297,0,0,-56.067272186279297,56.067272186279297,0,721.0849609375,721.0849609375,0,224.26908874511719
0.00082699999999999994,138.97518920898438,-33.401107788085938,-56.262916564941406,0,0,-56.262916564941406,56.262916564941406,0,457.5467529296875,457.5467529296875,0,225.05166625976563
0.0008275,-56.333957672119141,-15.121516227722168,-41.251480102539063,-15.003690719604492,-15.003690719604492,-41.251480102539063,56.255172729492188,0,0,0,0,225.02069091796875
0.00082799999999999996,-195.03230285644531,-18.024982452392578,-37.84552001953125,-18.297248840332031,-18.297248840332031,-37.84552001953125,56.142772674560547,0,0,0,0,224.57109069824219
0.00082849999999999992,-354.21218872070313,-20.016265869140625,-33.945343017578125,-22.085254669189453,-22.085254669189453,-33.945343017578125,56.030597686767578,0,0,0,0,224.12239074707031
0.00082899999999999998,-525.8184814453125,-20.994670867919922,-29.745466232299805,-26.173179626464844,-26.173179626464844,-29.745466232299805,55.918647766113281,0,0,0,0,223.67459106445313
0.00082949999999999994,-701.1676025390625,-20.910757064819336,-25.455585479736328,-30.351337432861328,-30.351337432861328,-25.455585479736328,55.806922912597656,0,0,0,0,223.22769165039063
0.00083000000000000001,-871.3873291015625,-19.768833160400391,0,-55.695419311523438,-55.695419311523438,0,55.695419311523438,0,0,0,0,222.78167724609375
0.00083049999999999997,-927.715576171875,6.7547378540039063,0,-55.671146392822266,-55.671146392822266,0,55.671146392822266,357.53631591796875,0,0,357.53631591796875,222.68458557128906
0.00083099999999999992,-767.16998291015625,30.309967041015625,0,-55.820919036865234,-55.820919036865234,0,55.820919036865234,660.48162841796875,0,0,660.48162841796875,223.28367614746094
0.00083149999999999999,-459.73831176757813,40.677627563476563,0,-56.067272186279297,-56.067272186279297,0,56.067272186279297,721.08380126953125,0,0,721.08380126953125,224.26908874511719
0.00083199999999999995,-138.97506713867188,33.401100158691406,0,-56.262912750244141,-56.262912750244141,0,56.262912750244141,457.5452880859375,0,0,457.5452880859375,225.05165100097656
0.00083250000000000002,56.334018707275391,15.121588706970215,-15.003690719604492,-41.251480102539063,-41.251480102539063,-15.003690719604492,56.255168914794922,0,0,0,0,225.02067565917969
0.00083299999999999997,195.03297424316406,18.025051116943359,-18.297264099121094,-37.845504760742188,-37.845504760742188,-18.297264099121094,56.142768859863281,0,0,0,0,224.57107543945313
0.00083349999999999993,354.21337890625,20.016328811645508,-22.085281372070313,-33.9453125,-33.9453125,-22.085281372070313,56.030593872070313,0,0,0,0,224.12237548828125
0.000834,525.82012939453125,20.994724273681641,-26.1732177734375,-29.745424270629883,-29.745424270629883,-26.1732177734375,55.918643951416016,0,0,0,0,223.67457580566406
0.00083449999999999996,701.169677734375,20.910797119140625,-30.351387023925781,-25.455533981323242,-25.455533981323242,-30.351387023925781,55.806919097900391,0,0,0,0,223.22767639160156
0.00083499999999999991,871.3896484375,19.76885986328125,-55.695415496826172,0,0,-55.695415496826172,55.695415496826172,0,0,0,0,222.78166198730469
0.00083549999999999998,927.7174072265625,-6.7548370361328125,-55.671146392822266,0,0,-55.671146392822266,55.671146392822266,0,357.53857421875,357.53857421875,0,222.68458557128906
0.00083599999999999994,767.17059326171875,-30.310104370117188,-55.8209228515625,0,0,-55.8209228515625,55.8209228515625,0,660.485107421875,660.485107421875,0,223.28369140625
0.0008365,459.73764038085938,-40.67779541015625,-56.067276000976563,0,0,-56.067276000976563,56.067276000976563,0,721.087158203125,721.087158203125,0,224.26910400390625
0.00083699999999999996,138.97335815429688,-33.401176452636719,-56.262920379638672,0,0,-56.262920379638672,56.262920379638672,0,457.5474853515625,457.5474853515625,0,225.05168151855469
0.00083749999999999992,-56.335849761962891,-15.12152099609375,-41.251438140869141,-15.003738403320313,-15.003738403320313,-41.251438140869141,56.255176544189453,0,0,0,0,225.02070617675781
0.00083799999999999999,-195.03419494628906,-18.024974822998047,-37.845478057861328,-18.297298431396484,-18.297298431396484,-37.845478057861328,56.142776489257813,0,0,0,0,224.57110595703125
0.00083849999999999994,-354.21395874023438,-20.016246795654297,-33.945301055908203,-22.085300445556641,-22.085300445556641,-33.945301055908203,56.030601501464844,0,0,0,0,224.12240600585938
0.00083900000000000001,-525.82000732421875,-20.99464225769043,-29.745429992675781,-26.173221588134766,-26.173221588134766,-29.745429992675781,55.918651580810547,0,0,0,0,223.67460632324219
0.00083949999999999997,-701.16888427734375,-20.91071891784668,-25.455556869506836,-30.351371765136719,-30.351371765136719,-25.455556869506836,55.806926727294922,0,0,0,0,223.22770690917969
0.00083999999999999993,-871.38818359375,-19.768787384033203,0,-55.695423126220703,-55.695423126220703,0,55.695423126220703,0,0,0,0,222.78169250488281
0.00084049999999999999,-927.7159423828125,6.7548065185546875,0,-55.671150207519531,-55.671150207519531,0,55.671150207519531,357.53680419921875,0,0,357.53680419921875,222.68460083007813
0.00084099999999999995,-767.16986083984375,30.310028076171875,0,-55.8209228515625,-55.8209228515625,0,55.8209228515625,660.48211669921875,0,0,660.48211669921875,223.28369140625
0.00084149999999999991,-459.73782348632813,40.67767333984375,0,-56.067276000976563,-56.067276000976563,0,56.067276000976563,721.08392333984375,0,0,721.08392333984375,224.26910400390625
0.00084199999999999998,-138.97433471679688,33.401107788085938,0,-56.262916564941406,-56.262916564941406,0,56.262916564941406,457.5447998046875,0,0,457.5447998046875,225.05166625976563
0.00084249999999999993,56.334690093994141,15.121585845947266,-15.00370979309082,-41.25146484375,-41.25146484375,-15.00370979309082,56.255172729492188,0,0,0,0,225.02069091796875
0.000843,195.03359985351563,18.025047302246094,-18.297283172607422,-37.845489501953125,-37.845489501953125,-18.297283172607422,56.142772674560547,0,0,0,0,224.57109069824219
0.00084349999999999996,354.2139892578125,20.016319274902344,-22.085300445556641,-33.945297241210938,-33.945297241210938,-22.085300445556641,56.030597686767578,0,0,0,0,224.12239074707031
0.00084399999999999992,525.82061767578125,20.994712829589844,-26.173233032226563,-29.745414733886719,-29.745414733886719,-26.173233032226563,55.918647766113281,0,0,0,0,223.67459106445313
0.00084449999999999998,701.1700439453125,20.910781860351563,-30.351398468017578,-25.455526351928711,-25.455526351928711,-30.351398468017578,55.806922912597656,0,0,0,0,223.22769165039063
0.00084499999999999994,871.38983154296875,19.768842697143555,-55.695419311523438,0,0,-55.695419311523438,55.695419311523438,0,0,0,0,222.78167724609375
0.00084550000000000001,927.717529296875,-6.7548370361328125,-55.671150207519531,0,0,-55.671150207519531,55.671150207519531,0,357.5386962890625,357.5386962890625,0,222.68460083007813
0.00084599999999999996,767.17083740234375,-30.310104370117188,-55.820930480957031,0,0,-55.820930480957031,55.820930480957031,0,660.4853515625,660.4853515625,0,223.28372192382813
0.00084649999999999992,459.73800659179688,-40.677764892578125,-56.067283630371094,0,0,-56.067283630371094,56.067283630371094,0,721.0875244140625,721.0875244140625,0,224.26913452148438
0.00084699999999999999,138.97360229492188,-33.401176452636719,-56.262928009033203,0,0,-56.262928009033203,56.262928009033203,0,457.548095703125,457.548095703125,0,225.05171203613281
0.00084749999999999995,-56.335666656494141,-15.121527671813965,-41.251449584960938,-15.003740310668945,-15.003740310668945,-41.251449584960938,56.25518798828125,0,0,0,0,225.020751953125
0.00084800000000000001,-195.03407287597656,-18.024984359741211,-37.845485687255859,-18.29730224609375,-18.29730224609375,-37.845485687255859,56.142787933349609,0,0,0,0,224.57115173339844
0.00084849999999999997,-354.21392822265625,-20.016258239746094,-33.945308685302734,-22.085304260253906,-22.085304260253906,-33.945308685302734,56.030612945556641,0,0,0,0,224.12245178222656
0.00084899999999999993,-525.820068359375,-20.994653701782227,-29.74543571472168,-26.173225402832031,-26.173225402832031,-29.74543571472168,55.918663024902344,0,0,0,0,223.67465209960938
0.00084949999999999999,-701.16900634765625,-20.910730361938477,-25.455558776855469,-30.351383209228516,-30.351383209228516,-25.455558776855469,55.806938171386719,0,0,0,0,223.22775268554688
0.00084999999999999995,-871.388427734375,-19.768798828125,0,-55.6954345703125,-55.6954345703125,0,55.6954345703125,0,0,0,0,222.78173828125
0.00085049999999999991,-927.7161865234375,6.7547988891601563,0,-55.671165466308594,-55.671165466308594,0,55.671165466308594,357.536865234375,0,0,357.536865234375,222.68466186523438
0.00085099999999999998,-767.170166015625,30.30999755859375,0,-55.820938110351563,-55.820938110351563,0,55.820938110351563,660.48211669921875,0,0,660.48211669921875,223.28375244140625
0.00085149999999999993,-459.73831176757813,40.677658081054688,0,-56.067291259765625,-56.067291259765625,0,56.067291259765625,721.083984375,0,0,721.083984375,224.2691650390625
0.000852,-138.97488403320313,33.401084899902344,0,-56.262931823730469,-56.262931823730469,0,56.262931823730469,457.545166015625,0,0,457.545166015625,225.05172729492188
0.00085249999999999996,56.334018707275391,15.121538162231445,-15.003700256347656,-41.251487731933594,-41.251487731933594,-15.003700256347656,56.25518798828125,0,0,0,0,225.020751953125
0.00085299999999999992,195.03256225585938,18.025003433227539,-18.297264099121094,-37.845523834228516,-37.845523834228516,-18.297264099121094,56.142787933349609,0,0,0,0,224.57115173339844
0.00085349999999999998,354.21261596679688,20.016286849975586,-22.085273742675781,-33.945339202880859,-33.945339202880859,-22.085273742675781,56.030612945556641,0,0,0,0,224.12245178222656
0.00085399999999999994,525.81903076171875,20.99468994140625,-26.173202514648438,-29.745460510253906,-29.745460510253906,-26.173202514648438,55.918663024902344,0,0,0,0,223.67465209960938
0.00085450000000000001,701.16827392578125,20.910770416259766,-30.351364135742188,-25.455575942993164,-25.455575942993164,-30.351364135742188,55.806938171386719,0,0,0,0,223.22775268554688
0.00085499999999999997,871.3880615234375,19.768842697143555,-55.6954345703125,0,0,-55.6954345703125,55.6954345703125,0,0,0,0,222.78173828125
0.00085549999999999992,927.7161865234375,-6.7547607421875,-55.671161651611328,0,0,-55.671161651611328,55.671161651611328,0,357.53668212890625,357.53668212890625,0,222.68464660644531
0.00085599999999999999,767.17034912109375,-30.309967041015625,-55.820934295654297,0,0,-55.820934295654297,55.820934295654297,0,660.482177734375,660.482177734375,0,223.28373718261719
0.00085649999999999995,459.73867797851563,-40.677658081054688,-56.067287445068359,0,0,-56.067287445068359,56.067287445068359,0,721.0843505859375,721.0843505859375,0,224.26914978027344
0.00085700000000000001,138.97518920898438,-33.401145935058594,-56.262931823730469,0,0,-56.262931823730469,56.262931823730469,0,457.5457763671875,457.5457763671875,0,225.05172729492188
0.00085749999999999997,-56.334201812744141,-15.121579170227051,-41.251483917236328,-15.003704071044922,-15.003704071044922,-41.251483917236328,56.25518798828125,0,0,0,0,225.020751953125
0.00085799999999999993,-195.0330810546875,-18.025041580200195,-37.845512390136719,-18.297279357910156,-18.297279357910156,-37.845512390136719,56.142787933349609,0,0,0,0,224.57115173339844
0.0008585,-354.21343994140625,-20.016319274902344,-33.945320129394531,-22.085292816162109,-22.085292816162109,-33.945320129394531,56.030612945556641,0,0,0,0,224.12245178222656
0.00085899999999999995,-525.82012939453125,-20.994716644287109,-29.745433807373047,-26.173229217529297,-26.173229217529297,-29.745433807373047,55.918663024902344,0,0,0,0,223.67465209960938
0.00085949999999999991,-701.16961669921875,-20.910787582397461,-25.455543518066406,-30.351398468017578,-30.351398468017578,-25.455543518066406,55.806938171386719,0,0,0,0,223.22775268554688
0.00085999999999999998,-871.3895263671875,-19.768852233886719,0,-55.6954345703125,-55.6954345703125,0,55.6954345703125,0,0,0,0,222.78173828125
0.00086049999999999994,-927.7174072265625,6.7548294067382813,0,-55.671165466308594,-55.671165466308594,0,55.671165466308594,357.53805541992188,0,0,357.53805541992188,222.68466186523438
0.000861,-767.1707763671875,30.310089111328125,0,-55.820945739746094,-55.820945739746094,0,55.820945739746094,660.4842529296875,0,0,660.4842529296875,223.28378295898438
0.00086149999999999996,-459.73806762695313,40.677749633789063,0,-56.067298889160156,-56.067298889160156,0,56.067298889160156,721.0860595703125,0,0,721.0860595703125,224.26919555664063
0.00086199999999999992,-138.97396850585938,33.401161193847656,0,-56.262943267822266,-56.262943267822266,0,56.262943267822266,457.54638671875,0,0,457.54638671875,225.05177307128906
0.00086249999999999999,56.335239410400391,15.121541023254395,-15.003734588623047,-41.251461029052734,-41.251461029052734,-15.003734588623047,56.255195617675781,0,0,0,0,225.02078247070313
0.00086299999999999994,195.03376770019531,18.024999618530273,-18.297298431396484,-37.845497131347656,-37.845497131347656,-18.297298431396484,56.142795562744141,0,0,0,0,224.57118225097656
0.00086350000000000001,354.2137451171875,20.016273498535156,-22.085304260253906,-33.945316314697266,-33.945316314697266,-22.085304260253906,56.030620574951172,0,0,0,0,224.12248229980469
0.00086399999999999997,525.82000732421875,20.994670867919922,-26.173229217529297,-29.745441436767578,-29.745441436767578,-26.173229217529297,55.918670654296875,0,0,0,0,223.6746826171875
0.00086449999999999993,701.1690673828125,20.910747528076172,-30.351387023925781,-25.455560684204102,-25.455560684204102,-30.351387023925781,55.80694580078125,0,0,0,0,223.227783203125
0.00086499999999999999,871.388671875,19.768814086914063,-55.695442199707031,0,0,-55.695442199707031,55.695442199707031,0,0,0,0,222.78176879882813
0.00086549999999999995,927.716552734375,-6.7547988891601563,-55.671173095703125,0,0,-55.671173095703125,55.671173095703125,0,357.5369873046875,357.5369873046875,0,222.6846923828125
0.00086599999999999991,767.17041015625,-30.30999755859375,-55.820949554443359,0,0,-55.820949554443359,55.820949554443359,0,660.482421875,660.482421875,0,223.28379821777344
0.00086649999999999997,459.73849487304688,-40.677627563476563,-56.067302703857422,0,0,-56.067302703857422,56.067302703857422,0,721.0843505859375,721.0843505859375,0,224.26921081542969
0.00086699999999999993,138.97531127929688,-33.401069641113281,-56.262947082519531,0,0,-56.262947082519531,56.262947082519531,0,457.5455322265625,457.5455322265625,0,225.05178833007813
0.0008675,-56.333469390869141,-15.121557235717773,-41.251506805419922,-15.003692626953125,-15.003692626953125,-41.251506805419922,56.255199432373047,0,0,0,0,225.02079772949219
0.00086799999999999996,-195.03216552734375,-18.0250244140625,-37.845539093017578,-18.297260284423828,-18.297260284423828,-37.845539093017578,56.142799377441406,0,0,0,0,224.57119750976563
0.00086849999999999991,-354.21240234375,-20.016307830810547,-33.945350646972656,-22.085273742675781,-22.085273742675781,-33.945350646972656,56.030624389648438,0,0,0,0,224.12249755859375
0.00086899999999999998,-525.8189697265625,-20.994710922241211,-29.745468139648438,-26.173206329345703,-26.173206329345703,-29.745468139648438,55.918674468994141,0,0,0,0,223.67469787597656
0.00086949999999999994,-701.16839599609375,-20.910789489746094,-25.45557975769043,-30.351371765136719,-30.351371765136719,-25.45557975769043,55.806949615478516,0,0,0,0,223.22779846191406
0.00087000000000000001,-871.3883056640625,-19.768861770629883,0,-55.695446014404297,-55.695446014404297,0,55.695446014404297,0,0,0,0,222.78178405761719
0.00087049999999999996,-927.716552734375,6.7547225952148438,0,-55.671173095703125,-55.671173095703125,0,55.671173095703125,357.536865234375,0,0,357.536865234375,222.6846923828125
0.00087099999999999992,-767.17095947265625,30.3099365234375,0,-55.820945739746094,-55.820945739746094,0,55.820945739746094,660.48260498046875,0,0,660.48260498046875,223.28378295898438
0.00087149999999999999,-459.73934936523438,40.677658081054688,0,-56.067298889160156,-56.067298889160156,0,56.067298889160156,721.08514404296875,0,0,721.08514404296875,224.26919555664063
0.00087199999999999995,-138.97586059570313,33.401145935058594,0,-56.262943267822266,-56.262943267822266,0,56.262943267822266,457.5469970703125,0,0,457.5469970703125,225.05177307128906
0.00087250000000000001,56.333713531494141,15.121521949768066,-15.003696441650391,-41.251499176025391,-41.251499176025391,-15.003696441650391,56.255195617675781,0,0,0,0,225.02078247070313
0.00087299999999999997,195.03211975097656,18.024990081787109,-18.297256469726563,-37.845535278320313,-37.845535278320313,-18.297256469726563,56.142795562744141,0,0,0,0,224.57118225097656
0.00087349999999999993,354.21206665039063,20.016273498535156,-22.08526611328125,-33.945358276367188,-33.945358276367188,-22.08526611328125,56.030620574951172,0,0,0,0,224.12248229980469
0.00087399999999999999,525.81842041015625,20.994680404663086,-26.173191070556641,-29.745479583740234,-29.745479583740234,-26.173191070556641,55.918670654296875,0,0,0,0,223.6746826171875
0.00087449999999999995,701.1676025390625,20.9107666015625,-30.351352691650391,-25.455596923828125,-25.455596923828125,-30.351352691650391,55.80694580078125,0,0,0,0,223.227783203125
0.00087499999999999991,871.38739013671875,19.768842697143555,-55.695442199707031,0,0,-55.695442199707031,55.695442199707031,0,0,0,0,222.78176879882813
0.00087549999999999998,927.7156982421875,-6.7547149658203125,-55.671169281005859,0,0,-55.671169281005859,55.671169281005859,0,357.53594970703125,357.53594970703125,0,222.68467712402344
0.00087599999999999993,767.17041015625,-30.309860229492188,-55.820941925048828,0,0,-55.820941925048828,55.820941925048828,0,660.48114013671875,660.48114013671875,0,223.28376770019531
0.0008765,459.73941040039063,-40.677566528320313,-56.067295074462891,0,0,-56.067295074462891,56.067295074462891,0,721.08367919921875,721.08367919921875,0,224.26918029785156
0.00087699999999999996,138.97647094726563,-33.40106201171875,-56.262935638427734,0,0,-56.262935638427734,56.262935638427734,0,457.546142578125,457.546142578125,0,225.05174255371094
0.00087749999999999992,-56.332553863525391,-15.121486663818359,-41.25152587890625,-15.003667831420898,-15.003667831420898,-41.25152587890625,56.255191802978516,0,0,0,0,225.02076721191406
0.00087799999999999998,-195.03070068359375,-18.024961471557617,-37.845569610595703,-18.297222137451172,-18.297222137451172,-37.845569610595703,56.142791748046875,0,0,0,0,224.5711669921875
0.00087849999999999994,-354.21044921875,-20.016254425048828,-33.945392608642578,-22.085224151611328,-22.085224151611328,-33.945392608642578,56.030616760253906,0,0,0,0,224.12246704101563
0.00087900000000000001,-525.816650390625,-20.994670867919922,-29.745519638061523,-26.173149108886719,-26.173149108886719,-29.745519638061523,55.918666839599609,0,0,0,0,223.67466735839844
0.00087949999999999996,-701.165771484375,-20.9107666015625,-25.455638885498047,-30.351306915283203,-30.351306915283203,-25.455638885498047,55.806941986083984,0,0,0,0,223.22776794433594
0.00087999999999999992,-871.38555908203125,-19.768852233886719,0,-55.695438385009766,-55.695438385009766,0,55.695438385009766,0,0,0,0,222.78175354003906
0.00088049999999999999,-927.71435546875,6.754608154296875,0,-55.671165466308594,-55.671165466308594,0,55.671165466308594,357.53445434570313,0,0,357.53445434570313,222.68466186523438
0.00088099999999999995,-767.170166015625,30.30975341796875,0,-55.820938110351563,-55.820938110351563,0,55.820938110351563,660.47882080078125,0,0,660.47882080078125,223.28375244140625
0.00088150000000000001,-459.74026489257813,40.677459716796875,0,-56.067287445068359,-56.067287445068359,0,56.067287445068359,721.0816650390625,0,0,721.0816650390625,224.26914978027344
0.00088199999999999997,-138.97787475585938,33.401046752929688,0,-56.262928009033203,-56.262928009033203,0,56.262928009033203,457.54541015625,0,0,457.54541015625,225.05171203613281
0.00088249999999999993,56.331333160400391,15.121525764465332,-15.003633499145508,-41.251548767089844,-41.251548767089844,-15.003633499145508,56.255184173583984,0,0,0,0,225.02073669433594
0.000883,195.02983093261719,18.025009155273438,-18.297195434570313,-37.845588684082031,-37.845588684082031,-18.297195434570313,56.142784118652344,0,0,0,0,224.57113647460938
0.00088349999999999995,354.20999145507813,20.016305923461914,-22.085208892822266,-33.945400238037109,-33.945400238037109,-22.085208892822266,56.030609130859375,0,0,0,0,224.1224365234375
0.00088399999999999991,525.81658935546875,20.994722366333008,-26.173141479492188,-29.745517730712891,-29.745517730712891,-26.173141479492188,55.918659210205078,0,0,0,0,223.67463684082031
0.00088449999999999998,701.16619873046875,20.910816192626953,-30.351310729980469,-25.455625534057617,-25.455625534057617,-30.351310729980469,55.806934356689453,0,0,0,0,223.22773742675781
0.00088499999999999994,871.38641357421875,19.768899917602539,-55.695430755615234,0,0,-55.695430755615234,55.695430755615234,0,0,0,0,222.78172302246094
0.0008855,927.71533203125,-6.7546234130859375,-55.671157836914063,0,0,-55.671157836914063,55.671157836914063,0,357.53555297851563,357.53555297851563,0,222.68463134765625
0.00088599999999999996,767.1707763671875,-30.309860229492188,-55.820930480957031,0,0,-55.820930480957031,55.820930480957031,0,660.48077392578125,660.48077392578125,0,223.28372192382813
0.00088649999999999992,459.73977661132813,-40.677566528320313,-56.067283630371094,0,0,-56.067283630371094,56.067283630371094,0,721.08392333984375,721.08392333984375,0,224.26913452148438
0.00088699999999999998,138.97665405273438,-33.401084899902344,-56.262924194335938,0,0,-56.262924194335938,56.262924194335938,0,457.5469970703125,457.5469970703125,0,225.05169677734375
0.00088749999999999994,-56.332675933837891,-15.121477127075195,-41.251518249511719,-15.003664016723633,-15.003664016723633,-41.251518249511719,56.255180358886719,0,0,0,0,225.02072143554688
0.00088800000000000001,-195.03073120117188,-18.024951934814453,-37.845565795898438,-18.297218322753906,-18.297218322753906,-37.845565795898438,56.142780303955078,0,0,0,0,224.57112121582031
0.00088849999999999997,-354.21038818359375,-20.016246795654297,-33.945388793945313,-22.085216522216797,-22.085216522216797,-33.945388793945313,56.030605316162109,0,0,0,0,224.12242126464844
0.00088899999999999992,-525.8165283203125,-20.994663238525391,-29.745517730712891,-26.173137664794922,-26.173137664794922,-29.745517730712891,55.918655395507813,0,0,0,0,223.67462158203125
0.00088949999999999999,-701.1656494140625,-20.910760879516602,-25.455636978149414,-30.351295471191406,-30.351295471191406,-25.455636978149414,55.806930541992188,0,0,0,0,223.22772216796875
0.00088999999999999995,-871.3853759765625,-19.768850326538086,0,-55.695426940917969,-55.695426940917969,0,55.695426940917969,0,0,0,0,222.78170776367188
0.00089049999999999991,-927.714111328125,6.7546234130859375,0,-55.671154022216797,-55.671154022216797,0,55.671154022216797,357.53448486328125,0,0,357.53448486328125,222.68461608886719
0.00089099999999999997,-767.1697998046875,30.309768676757813,0,-55.820926666259766,-55.820926666259766,0,55.820926666259766,660.478759765625,0,0,660.478759765625,223.28370666503906
0.00089149999999999993,-459.73983764648438,40.67742919921875,0,-56.067276000976563,-56.067276000976563,0,56.067276000976563,721.08148193359375,0,0,721.08148193359375,224.26910400390625
0.000892,-138.97775268554688,33.401008605957031,0,-56.262916564941406,-56.262916564941406,0,56.262916564941406,457.545166015625,0,0,457.545166015625,225.05166625976563
0.00089249999999999996,56.331211090087891,15.121480941772461,-15.003625869750977,-41.251548767089844,-41.251548767089844,-15.003625869750977,56.255172729492188,0,0,0,0,225.02069091796875
0.00089299999999999991,195.02934265136719,18.024965286254883,-18.29718017578125,-37.845592498779297,-37.845592498779297,-18.29718017578125,56.142772674560547,0,0,0,0,224.57109069824219
0.00089349999999999998,354.20916748046875,20.016267776489258,-22.085182189941406,-33.945415496826172,-33.945415496826172,-22.085182189941406,56.030597686767578,0,0,0,0,224.12239074707031
0.00089399999999999994,525.81549072265625,20.994691848754883,-26.173110961914063,-29.745538711547852,-29.745538711547852,-26.173110961914063,55.918647766113281,0,0,0,0,223.67459106445313
0.0008945,701.1649169921875,20.910795211791992,-30.351276397705078,-25.455650329589844,-25.455650329589844,-30.351276397705078,55.806922912597656,0,0,0,0,223.22769165039063
0.00089499999999999996,871.385009765625,19.768884658813477,-55.695419311523438,0,0,-55.695419311523438,55.695419311523438,0,0,0,0,222.78167724609375
0.00089549999999999992,927.714111328125,-6.7545700073242188,-55.671146392822266,0,0,-55.671146392822266,55.671146392822266,0,357.53445434570313,357.53445434570313,0,222.68458557128906
0.00089599999999999999,767.170166015625,-30.309738159179688,-55.820919036865234,0,0,-55.820919036865234,55.820919036865234,0,660.47906494140625,660.47906494140625,0,223.28367614746094
0.00089649999999999994,459.74014282226563,-40.677459716796875,-56.067268371582031,0,0,-56.067268371582031,56.067268371582031,0,721.08233642578125,721.08233642578125,0,224.26907348632813
0.00089700000000000001,138.97769165039063,-33.401023864746094,-56.262908935546875,0,0,-56.262908935546875,56.262908935546875,0,457.54638671875,457.54638671875,0,225.0516357421875
0.00089749999999999997,-56.331455230712891,-15.121458053588867,-41.251537322998047,-15.003627777099609,-15.003627777099609,-41.251537322998047,56.255165100097656,0,0,0,0,225.02066040039063
0.00089799999999999993,-195.02938842773438,-18.024938583374023,-37.845588684082031,-18.297176361083984,-18.297176361083984,-37.845588684082031,56.142765045166016,0,0,0,0,224.57106018066406
0.00089849999999999999,-354.208984375,-20.016241073608398,-33.945415496826172,-22.085174560546875,-22.085174560546875,-33.945415496826172,56.030590057373047,0,0,0,0,224.12236022949219
0.00089899999999999995,-525.81512451171875,-20.994667053222656,-29.74554443359375,-26.173095703125,-26.173095703125,-29.74554443359375,55.91864013671875,0,0,0,0,223.674560546875
0.00089949999999999991,-701.164306640625,-20.910774230957031,-25.455661773681641,-30.351253509521484,-30.351253509521484,-25.455661773681641,55.806915283203125,0,0,0,0,223.2276611328125
0.00089999999999999998,-871.38421630859375,-19.768869400024414,0,-55.695411682128906,-55.695411682128906,0,55.695411682128906,0,0,0,0,222.78164672851563
0.00090049999999999993,-927.7132568359375,6.7545700073242188,0,-55.671138763427734,-55.671138763427734,0,55.671138763427734,357.53378295898438,0,0,357.53378295898438,222.68455505371094
0.000901,-767.16949462890625,30.309707641601563,0,-55.820911407470703,-55.820911407470703,0,55.820911407470703,660.477783203125,0,0,660.477783203125,223.28364562988281
0.00090149999999999996,-459.73989868164063,40.677444458007813,0,-56.0672607421875,-56.0672607421875,0,56.0672607421875,721.0806884765625,0,0,721.0806884765625,224.26904296875
0.00090199999999999992,-138.97763061523438,33.401023864746094,0,-56.262901306152344,-56.262901306152344,0,56.262901306152344,457.544677734375,0,0,457.544677734375,225.05160522460938
0.00090249999999999998,56.331516265869141,15.121562957763672,-15.003625869750977,-41.251533508300781,-41.251533508300781,-15.003625869750977,56.255157470703125,0,0,0,0,225.0206298828125
0.00090299999999999994,195.03031921386719,18.025041580200195,-18.297195434570313,-37.845561981201172,-37.845561981201172,-18.297195434570313,56.142757415771484,0,0,0,0,224.57102966308594
0.00090350000000000001,354.21075439453125,20.016336441040039,-22.085212707519531,-33.945369720458984,-33.945369720458984,-22.085212707519531,56.030582427978516,0,0,0,0,224.12232971191406
0.00090399999999999996,525.817626953125,20.994749069213867,-26.173152923583984,-29.745479583740234,-29.745479583740234,-26.173152923583984,55.918632507324219,0,0,0,0,223.67453002929688
0.00090449999999999992,701.16741943359375,20.910837173461914,-30.351329803466797,-25.455581665039063,-25.455581665039063,-30.351329803466797,55.806907653808594,0,0,0,0,223.22763061523438
0.00090499999999999999,871.3878173828125,19.768911361694336,-55.695404052734375,0,0,-55.695404052734375,55.695404052734375,0,0,0,0,222.7816162109375
0.00090549999999999995,927.7164306640625,-6.7547225952148438,-55.671131134033203,0,0,-55.671131134033203,55.671131134033203,0,357.537353515625,357.537353515625,0,222.68452453613281
0.00090600000000000001,767.17071533203125,-30.309982299804688,-55.820907592773438,0,0,-55.820907592773438,55.820907592773438,0,660.48382568359375,660.48382568359375,0,223.28363037109375
0.00090649999999999997,459.73861694335938,-40.677703857421875,-56.0672607421875,0,0,-56.0672607421875,56.0672607421875,0,721.08673095703125,721.08673095703125,0,224.26904296875
0.00090699999999999993,138.97463989257813,-33.401138305664063,-56.262905120849609,0,0,-56.262905120849609,56.262905120849609,0,457.548583984375,457.548583984375,0,225.05162048339844
0.0009075,-56.334751129150391,-15.1214599609375,-41.251457214355469,-15.003707885742188,-15.003707885742188,-41.251457214355469,56.255165100097656,0,0,0,0,225.02066040039063
0.00090799999999999995,-195.03262329101563,-18.024923324584961,-37.845512390136719,-18.297256469726563,-18.297256469726563,-37.845512390136719,56.142765045166016,0,0,0,0,224.57106018066406
0.00090849999999999991,-354.21200561523438,-20.016204833984375,-33.945343017578125,-22.085247039794922,-22.085247039794922,-33.945343017578125,56.030590057373047,0,0,0,0,224.12236022949219
0.00090899999999999998,-525.8177490234375,-20.994613647460938,-29.745479583740234,-26.173160552978516,-26.173160552978516,-29.745479583740234,55.91864013671875,0,0,0,0,223.674560546875
0.00090949999999999994,-701.16644287109375,-20.910701751708984,-25.455610275268555,-30.351306915283203,-30.351306915283203,-25.455610275268555,55.806915283203125,0,0,0,0,223.2276611328125
0.00091,-871.38568115234375,-19.768787384033203,0,-55.695411682128906,-55.695411682128906,0,55.695411682128906,0,0,0,0,222.78164672851563
0.00091049999999999996,-927.7137451171875,6.75469970703125,0,-55.671138763427734,-55.671138763427734,0,55.671138763427734,357.5347900390625,0,0,357.5347900390625,222.68455505371094
0.00091099999999999992,-767.16888427734375,30.309844970703125,0,-55.820911407470703,-55.820911407470703,0,55.820911407470703,660.47869873046875,0,0,660.47869873046875,223.28364562988281
0.00091149999999999998,-459.73831176757813,40.677459716796875,0,-56.0672607421875,-56.0672607421875,0,56.0672607421875,721.08056640625,0,0,721.08056640625,224.26904296875
0.00091199999999999994,-138.97610473632813,33.400978088378906,0,-56.262901306152344,-56.262901306152344,0,56.262901306152344,457.54296875,0,0,457.54296875,225.05160522460938
0.00091250000000000001,56.332309722900391,15.121588706970215,-15.003644943237305,-41.251510620117188,-41.251510620117188,-15.003644943237305,56.255157470703125,0,0,0,0,225.0206298828125
0.00091299999999999997,195.03131103515625,18.025062561035156,-18.297218322753906,-37.845539093017578,-37.845539093017578,-18.297218322753906,56.142757415771484,0,0,0,0,224.57102966308594
0.00091349999999999992,354.21188354492188,20.016349792480469,-22.085243225097656,-33.945343017578125,-33.945343017578125,-22.085243225097656,56.030582427978516,0,0,0,0,224.12232971191406
0.00091399999999999999,525.81884765625,20.994756698608398,-26.173183441162109,-29.745449066162109,-29.745449066162109,-26.173183441162109,55.918632507324219,0,0,0,0,223.67453002929688
0.00091449999999999995,701.16864013671875,20.910837173461914,-30.351356506347656,-25.45555305480957,-25.45555305480957,-30.351356506347656,55.806907653808594,0,0,0,0,223.22763061523438
0.00091499999999999991,871.38897705078125,19.768903732299805,-55.695404052734375,0,0,-55.695404052734375,55.695404052734375,0,0,0,0,222.7816162109375
0.00091549999999999997,927.71728515625,-6.7547836303710938,-55.671134948730469,0,0,-55.671134948730469,55.671134948730469,0,357.53839111328125,357.53839111328125,0,222.68453979492188
0.00091599999999999993,767.1710205078125,-30.31005859375,-55.820911407470703,0,0,-55.820911407470703,55.820911407470703,0,660.48529052734375,660.48529052734375,0,223.28364562988281
0.0009165,459.73825073242188,-40.677780151367188,-56.067264556884766,0,0,-56.067264556884766,56.067264556884766,0,721.08807373046875,721.08807373046875,0,224.26905822753906
0.00091699999999999995,138.97378540039063,-33.401161193847656,-56.262908935546875,0,0,-56.262908935546875,56.262908935546875,0,457.54931640625,457.54931640625,0,225.0516357421875
0.00091749999999999991,-56.335483551025391,-15.121419906616211,-41.251441955566406,-15.003726959228516,-15.003726959228516,-41.251441955566406,56.255168914794922,0,0,0,0,225.02067565917969
0.00091799999999999998,-195.03300476074219,-18.024879455566406,-37.845504760742188,-18.297264099121094,-18.297264099121094,-37.845504760742188,56.142768859863281,0,0,0,0,224.57107543945313
0.00091849999999999994,-354.2120361328125,-20.016159057617188,-33.945343017578125,-22.085250854492188,-22.085250854492188,-33.945343017578125,56.030593872070313,0,0,0,0,224.12237548828125
0.000919,-525.81744384765625,-20.99456787109375,-29.745489120483398,-26.17315673828125,-26.17315673828125,-29.745489120483398,55.918643951416016,0,0,0,0,223.67457580566406
0.00091949999999999996,-701.165771484375,-20.910661697387695,-25.45562744140625,-30.351291656494141,-30.351291656494141,-25.45562744140625,55.806919097900391,0,0,0,0,223.22767639160156
0.00091999999999999992,-871.38470458984375,-19.768749237060547,0,-55.695415496826172,-55.695415496826172,0,55.695415496826172,0,0,0,0,222.78166198730469
0.00092049999999999999,-927.7127685546875,6.75469970703125,0,-55.671142578125,-55.671142578125,0,55.671142578125,357.53363037109375,0,0,357.53363037109375,222.6845703125
0.00092099999999999994,-767.16815185546875,30.309768676757813,0,-55.820915222167969,-55.820915222167969,0,55.820915222167969,660.47662353515625,0,0,660.47662353515625,223.28366088867188
0.00092150000000000001,-459.73831176757813,40.677413940429688,0,-56.067264556884766,-56.067264556884766,0,56.067264556884766,721.07794189453125,0,0,721.07794189453125,224.26905822753906
0.00092199999999999997,-138.97659301757813,33.400924682617188,0,-56.262901306152344,-56.262901306152344,0,56.262901306152344,457.54052734375,0,0,457.54052734375,225.05160522460938
0.00092249999999999993,56.331516265869141,15.121648788452148,-15.003625869750977,-41.251533508300781,-41.251533508300781,-15.003625869750977,56.255157470703125,0,0,0,0,225.0206298828125
0.00092299999999999999,195.03102111816406,18.025125503540039,-18.297210693359375,-37.845542907714844,-37.845542907714844,-18.297210693359375,56.142757415771484,0,0,0,0,224.57102966308594
0.00092349999999999995,354.21212768554688,20.016412734985352,-22.085247039794922,-33.945335388183594,-33.945335388183594,-22.085247039794922,56.030582427978516,0,0,0,0,224.12232971191406
0.00092399999999999991,525.81964111328125,20.994815826416016,-26.173202514648438,-29.745429992675781,-29.745429992675781,-26.173202514648438,55.918632507324219,0,0,0,0,223.67453002929688
0.00092449999999999997,701.169921875,20.910890579223633,-30.351387023925781,-25.455522537231445,-25.455522537231445,-30.351387023925781,55.806907653808594,0,0,0,0,223.22763061523438
0.00092499999999999993,871.39068603515625,19.768949508666992,-55.695404052734375,0,0,-55.695404052734375,55.695404052734375,0,0,0,0,222.7816162109375
0.0009255,927.718994140625,-6.7548370361328125,-55.671134948730469,0,0,-55.671134948730469,55.671134948730469,0,357.54006958007813,357.54006958007813,0,222.68453979492188
0.00092599999999999996,767.17193603515625,-30.310211181640625,-55.820915222167969,0,0,-55.820915222167969,55.820915222167969,0,660.48828125,660.48828125,0,223.28366088867188
0.00092649999999999991,459.73794555664063,-40.677932739257813,-56.067272186279297,0,0,-56.067272186279297,56.067272186279297,0,721.09130859375,721.09130859375,0,224.26908874511719
0.00092699999999999998,138.97232055664063,-33.401283264160156,-56.262920379638672,0,0,-56.262920379638672,56.262920379638672,0,457.5513916015625,457.5513916015625,0,225.05168151855469
0.00092749999999999994,-56.337558746337891,-15.121438980102539,-41.251396179199219,-15.003782272338867,-15.003782272338867,-41.251396179199219,56.255180358886719,0,0,0,0,225.02072143554688
0.00092800000000000001,-195.03517150878906,-18.024885177612305,-37.845455169677734,-18.297325134277344,-18.297325134277344,-37.845455169677734,56.142780303955078,0,0,0,0,224.57112121582031
0.00092849999999999996,-354.21417236328125,-20.016153335571289,-33.945297241210938,-22.085308074951172,-22.085308074951172,-33.945297241210938,56.030605316162109,0,0,0,0,224.12242126464844
0.00092899999999999992,-525.8194580078125,-20.994548797607422,-29.745445251464844,-26.173210144042969,-26.173210144042969,-29.745445251464844,55.918655395507813,0,0,0,0,223.67462158203125
0.00092949999999999999,-701.16754150390625,-20.910629272460938,-25.455591201782227,-30.351341247558594,-30.351341247558594,-25.455591201782227,55.806930541992188,0,0,0,0,223.22772216796875
0.00092999999999999995,-871.38623046875,-19.768711090087891,0,-55.695426940917969,-55.695426940917969,0,55.695426940917969,0,0,0,0,222.78170776367188
0.00093050000000000001,-927.7137451171875,6.7547607421875,0,-55.671154022216797,-55.671154022216797,0,55.671154022216797,357.53472900390625,0,0,357.53472900390625,222.68461608886719
0.00093099999999999997,-767.16839599609375,30.309860229492188,0,-55.820926666259766,-55.820926666259766,0,55.820926666259766,660.4781494140625,0,0,660.4781494140625,223.28370666503906
0.00093149999999999993,-459.73794555664063,40.677474975585938,0,-56.067276000976563,-56.067276000976563,0,56.067276000976563,721.07916259765625,0,0,721.07916259765625,224.26910400390625
0.00093199999999999999,-138.97616577148438,33.40093994140625,0,-56.262916564941406,-56.262916564941406,0,56.262916564941406,457.541015625,0,0,457.541015625,225.05166625976563
0.00093249999999999995,56.332004547119141,15.121631622314453,-15.003643035888672,-41.25152587890625,-41.25152587890625,-15.003643035888672,56.255168914794922,0,0,0,0,225.02067565917969
0.00093299999999999991,195.03135681152344,18.025106430053711,-18.297225952148438,-37.845542907714844,-37.845542907714844,-18.297225952148438,56.142768859863281,0,0,0,0,224.57107543945313
0.00093349999999999998,354.2122802734375,20.016391754150391,-22.085258483886719,-33.945335388183594,-33.945335388183594,-22.085258483886719,56.030593872070313,0,0,0,0,224.12237548828125
0.00093399999999999993,525.819580078125,20.994792938232422,-26.173206329345703,-29.745437622070313,-29.745437622070313,-26.173206329345703,55.918643951416016,0,0,0,0,223.67457580566406
0.0009345,701.169677734375,20.910869598388672,-30.351387023925781,-25.455533981323242,-25.455533981323242,-30.351387023925781,55.806919097900391,0,0,0,0,223.22767639160156
0.00093499999999999996,871.3902587890625,19.768928527832031,-55.695415496826172,0,0,-55.695415496826172,55.695415496826172,0,0,0,0,222.78166198730469
0.00093549999999999992,927.718505859375,-6.75482177734375,-55.671146392822266,0,0,-55.671146392822266,55.671146392822266,0,357.53936767578125,357.53936767578125,0,222.68458557128906
0.00093599999999999998,767.1717529296875,-30.310165405273438,-55.820926666259766,0,0,-55.820926666259766,55.820926666259766,0,660.4869384765625,660.4869384765625,0,223.28370666503906
0.00093649999999999994,459.73825073242188,-40.677902221679688,-56.067283630371094,0,0,-56.067283630371094,56.067283630371094,0,721.08966064453125,721.08966064453125,0,224.26913452148438
0.00093700000000000001,138.97286987304688,-33.401275634765625,-56.262928009033203,0,0,-56.262928009033203,56.262928009033203,0,457.5499267578125,457.5499267578125,0,225.05171203613281
0.00093749999999999997,-56.337009429931641,-15.121499061584473,-41.251415252685547,-15.003772735595703,-15.003772735595703,-41.251415252685547,56.25518798828125,0,0,0,0,225.020751953125
0.00093799999999999992,-195.03514099121094,-18.024946212768555,-37.845458984375,-18.297325134277344,-18.297325134277344,-37.845458984375,56.142787933349609,0,0,0,0,224.57115173339844
0.00093849999999999999,-354.21466064453125,-20.016214370727539,-33.945289611816406,-22.085323333740234,-22.085323333740234,-33.945289611816406,56.030612945556641,0,0,0,0,224.12245178222656
0.00093899999999999995,-525.8204345703125,-20.994606018066406,-29.745426177978516,-26.173236846923828,-26.173236846923828,-29.745426177978516,55.918663024902344,0,0,0,0,223.67465209960938
0.00093949999999999991,-701.16900634765625,-20.910680770874023,-25.455558776855469,-30.351383209228516,-30.351383209228516,-25.455558776855469,55.806938171386719,0,0,0,0,223.22775268554688
0.00093999999999999997,-871.3880615234375,-19.768749237060547,0,-55.6954345703125,-55.6954345703125,0,55.6954345703125,0,0,0,0,222.78173828125
0.00094049999999999993,-927.7154541015625,6.7548294067382813,0,-55.671161651611328,-55.671161651611328,0,55.671161651611328,357.53631591796875,0,0,357.53631591796875,222.68464660644531
0.000941,-767.169189453125,30.309982299804688,0,-55.820934295654297,-55.820934295654297,0,55.820934295654297,660.48089599609375,0,0,660.48089599609375,223.28373718261719
0.00094149999999999995,-459.73764038085938,40.677597045898438,0,-56.067287445068359,-56.067287445068359,0,56.067287445068359,721.08203125,0,0,721.08203125,224.26914978027344
0.00094199999999999991,-138.97482299804688,33.4010009765625,0,-56.262928009033203,-56.262928009033203,0,56.262928009033203,457.54296875,0,0,457.54296875,225.05171203613281
0.00094249999999999998,56.333347320556641,15.121591567993164,-15.003683090209961,-41.251502990722656,-41.251502990722656,-15.003683090209961,56.255184173583984,0,0,0,0,225.02073669433594
0.00094299999999999994,195.03233337402344,18.025058746337891,-18.297256469726563,-37.845527648925781,-37.845527648925781,-18.297256469726563,56.142784118652344,0,0,0,0,224.57113647460938
0.0009435,354.21282958984375,20.016338348388672,-22.085277557373047,-33.945331573486328,-33.945331573486328,-22.085277557373047,56.030609130859375,0,0,0,0,224.1224365234375
0.00094399999999999996,525.8197021484375,20.99473762512207,-26.1732177734375,-29.745441436767578,-29.745441436767578,-26.1732177734375,55.918659210205078,0,0,0,0,223.67463684082031
0.00094449999999999992,701.16937255859375,20.91081428527832,-30.351390838623047,-25.455547332763672,-25.455547332763672,-30.351390838623047,55.806934356689453,0,0,0,0,223.22773742675781
0.00094499999999999998,871.3895263671875,19.768878936767578,-55.695430755615234,0,0,-55.695430755615234,55.695430755615234,0,0,0,0,222.78172302246094
0.00094549999999999994,927.7176513671875,-6.7548065185546875,-55.671161651611328,0,0,-55.671161651611328,55.671161651611328,0,357.53826904296875,357.53826904296875,0,222.68464660644531
0.00094600000000000001,767.17120361328125,-30.310073852539063,-55.820941925048828,0,0,-55.820941925048828,55.820941925048828,0,660.48492431640625,660.48492431640625,0,223.28376770019531
0.00094649999999999997,459.73861694335938,-40.677764892578125,-56.067295074462891,0,0,-56.067295074462891,56.067295074462891,0,721.0872802734375,721.0872802734375,0,224.26918029785156
0.00094699999999999993,138.97427368164063,-33.40118408203125,-56.262939453125,0,0,-56.262939453125,56.262939453125,0,457.5482177734375,457.5482177734375,0,225.0517578125
0.00094749999999999999,-56.335117340087891,-15.121521949768066,-41.25146484375,-15.003732681274414,-15.003732681274414,-41.25146484375,56.255199432373047,0,0,0,0,225.02079772949219
0.00094799999999999995,-195.03349304199219,-18.024980545043945,-37.845504760742188,-18.297294616699219,-18.297294616699219,-37.845504760742188,56.142799377441406,0,0,0,0,224.57119750976563
0.00094849999999999991,-354.21331787109375,-20.016254425048828,-33.945327758789063,-22.085296630859375,-22.085296630859375,-33.945327758789063,56.030624389648438,0,0,0,0,224.12249755859375
0.00094899999999999997,-525.8194580078125,-20.994653701782227,-29.745456695556641,-26.1732177734375,-26.1732177734375,-29.745456695556641,55.918674468994141,0,0,0,0,223.67469787597656
0.00094949999999999993,-701.16839599609375,-20.910732269287109,-25.45557975769043,-30.351371765136719,-30.351371765136719,-25.45557975769043,55.806949615478516,0,0,0,0,223.22779846191406
0.00095,-871.3878173828125,-19.768806457519531,0,-55.695446014404297,-55.695446014404297,0,55.695446014404297,0,0,0,0,222.78178405761719
0.00095049999999999996,-927.7158203125,6.754730224609375,0,-55.671173095703125,-55.671173095703125,0,55.671173095703125,357.53622436523438,0,0,357.53622436523438,222.6846923828125
0.00095099999999999991,-767.17034912109375,30.309921264648438,0,-55.820945739746094,-55.820945739746094,0,55.820945739746094,660.48126220703125,0,0,660.48126220703125,223.28378295898438
0.00095149999999999998,-459.73916625976563,40.677597045898438,0,-56.067298889160156,-56.067298889160156,0,56.067298889160156,721.08343505859375,0,0,721.08343505859375,224.26919555664063
0.00095199999999999994,-138.97604370117188,33.401077270507813,0,-56.262939453125,-56.262939453125,0,56.262939453125,457.54541015625,0,0,457.54541015625,225.0517578125
0.0009525,56.333042144775391,15.121560096740723,-15.003681182861328,-41.251514434814453,-41.251514434814453,-15.003681182861328,56.255195617675781,0,0,0,0,225.02078247070313
0.00095299999999999996,195.03178405761719,18.025030136108398,-18.297248840332031,-37.845546722412109,-37.845546722412109,-18.297248840332031,56.142795562744141,0,0,0,0,224.57118225097656
0.00095349999999999992,354.21206665039063,20.016315460205078,-22.08526611328125,-33.945358276367188,-33.945358276367188,-22.08526611328125,56.030620574951172,0,0,0,0,224.12248229980469
0.00095399999999999999,525.8187255859375,20.994720458984375,-26.173198699951172,-29.745471954345703,-29.745471954345703,-26.173198699951172,55.918670654296875,0,0,0,0,223.6746826171875
0.00095449999999999994,701.168212890625,20.910800933837891,-30.351367950439453,-25.455581665039063,-25.455581665039063,-30.351367950439453,55.80694580078125,0,0,0,0,223.227783203125
0.0009549999999999999,871.38824462890625,19.76887321472168,-55.695442199707031,0,0,-55.695442199707031,55.695442199707031,0,0,0,0,222.78176879882813
0.00095549999999999997,927.716552734375,-6.7547225952148438,-55.671169281005859,0,0,-55.671169281005859,55.671169281005859,0,357.536865234375,357.536865234375,0,222.68467712402344
0.00095599999999999993,767.17095947265625,-30.3099365234375,-55.820941925048828,0,0,-55.820941925048828,55.820941925048828,0,660.48272705078125,660.48272705078125,0,223.28376770019531
0.00095649999999999999,459.73934936523438,-40.677658081054688,-56.067295074462891,0,0,-56.067295074462891,56.067295074462891,0,721.08544921875,721.08544921875,0,224.26918029785156
0.00095699999999999995,138.97567749023438,-33.401130676269531,-56.262939453125,0,0,-56.262939453125,56.262939453125,0,457.5474853515625,457.5474853515625,0,225.0517578125
0.00095749999999999991,-56.333652496337891,-15.12150764465332,-41.251499176025391,-15.003696441650391,-15.003696441650391,-41.251499176025391,56.255195617675781,0,0,0,0,225.02078247070313
0.00095799999999999998,-195.03193664550781,-18.024974822998047,-37.845542907714844,-18.297252655029297,-18.297252655029297,-37.845542907714844,56.142795562744141,0,0,0,0,224.57118225097656
0.00095849999999999993,-354.21176147460938,-20.016260147094727,-33.945365905761719,-22.085258483886719,-22.085258483886719,-33.945365905761719,56.030620574951172,0,0,0,0,224.12248229980469
0.000959,-525.8179931640625,-20.994667053222656,-29.745489120483398,-26.173179626464844,-26.173179626464844,-29.745489120483398,55.918670654296875,0,0,0,0,223.6746826171875
0.00095949999999999996,-701.1671142578125,-20.910757064819336,-25.455608367919922,-30.351337432861328,-30.351337432861328,-25.455608367919922,55.80694580078125,0,0,0,0,223.227783203125
0.00095999999999999992,-871.3868408203125,-19.768835067749023,0,-55.695442199707031,-55.695442199707031,0,55.695442199707031,0,0,0,0,222.78176879882813
0.00096049999999999998,-927.7152099609375,6.7546920776367188,0,-55.671169281005859,-55.671169281005859,0,55.671169281005859,357.535400390625,0,0,357.535400390625,222.68467712402344
0.00096099999999999994,-767.170166015625,30.309829711914063,0,-55.820941925048828,-55.820941925048828,0,55.820941925048828,660.480224609375,0,0,660.480224609375,223.28376770019531
0.00096150000000000001,-459.73959350585938,40.677536010742188,0,-56.067295074462891,-56.067295074462891,0,56.067295074462891,721.0826416015625,0,0,721.0826416015625,224.26918029785156
0.00096199999999999996,-138.97677612304688,33.401077270507813,0,-56.262935638427734,-56.262935638427734,0,56.262935638427734,457.5452880859375,0,0,457.5452880859375,225.05174255371094
0.00096249999999999992,56.332370758056641,15.121526718139648,-15.003662109375,-41.251529693603516,-41.251529693603516,-15.003662109375,56.255191802978516,0,0,0,0,225.02076721191406
0.00096299999999999999,195.03085327148438,18.025001525878906,-18.297225952148438,-37.845565795898438,-37.845565795898438,-18.297225952148438,56.142791748046875,0,0,0,0,224.5711669921875
0.00096349999999999995,354.2109375,20.016292572021484,-22.085235595703125,-33.945381164550781,-33.945381164550781,-22.085235595703125,56.030616760253906,0,0,0,0,224.12246704101563
0.0009639999999999999,525.81744384765625,20.994705200195313,-26.173164367675781,-29.745500564575195,-29.745500564575195,-26.173164367675781,55.918666839599609,0,0,0,0,223.67466735839844
0.00096449999999999997,701.1668701171875,20.910795211791992,-30.351329803466797,-25.455612182617188,-25.455612182617188,-30.351329803466797,55.806941986083984,0,0,0,0,223.22776794433594
0.00096499999999999993,871.38690185546875,19.76887321472168,-55.695438385009766,0,0,-55.695438385009766,55.695438385009766,0,0,0,0,222.78175354003906
0.0009655,927.715576171875,-6.7546539306640625,-55.671165466308594,0,0,-55.671165466308594,55.671165466308594,0,357.5357666015625,357.5357666015625,0,222.68466186523438
0.00096599999999999995,767.1707763671875,-30.309844970703125,-55.820938110351563,0,0,-55.820938110351563,55.820938110351563,0,660.48101806640625,660.48101806640625,0,223.28375244140625
0.00096649999999999991,459.73995971679688,-40.677581787109375,-56.067291259765625,0,0,-56.067291259765625,56.067291259765625,0,721.083984375,721.083984375,0,224.2691650390625
0.00096699999999999998,138.97677612304688,-33.401115417480469,-56.262931823730469,0,0,-56.262931823730469,56.262931823730469,0,457.546875,457.546875,0,225.05172729492188
0.00096749999999999994,-56.332798004150391,-15.121500015258789,-41.251518249511719,-15.003671646118164,-15.003671646118164,-41.251518249511719,56.25518798828125,0,0,0,0,225.020751953125
0.000968,-195.03105163574219,-18.024972915649414,-37.845558166503906,-18.297229766845703,-18.297229766845703,-37.845558166503906,56.142787933349609,0,0,0,0,224.57115173339844
0.00096849999999999996,-354.21087646484375,-20.016262054443359,-33.945381164550781,-22.085231781005859,-22.085231781005859,-33.945381164550781,56.030612945556641,0,0,0,0,224.12245178222656
0.00096899999999999992,-525.817138671875,-20.994674682617188,-29.745506286621094,-26.17315673828125,-26.17315673828125,-29.745506286621094,55.918663024902344,0,0,0,0,223.67465209960938
0.00096949999999999998,-701.16632080078125,-20.910768508911133,-25.455623626708984,-30.351314544677734,-30.351314544677734,-25.455623626708984,55.806938171386719,0,0,0,0,223.22775268554688
0.00096999999999999994,-871.3861083984375,-19.768852233886719,0,-55.6954345703125,-55.6954345703125,0,55.6954345703125,0,0,0,0,222.78173828125
0.00097050000000000001,-927.7147216796875,6.754669189453125,0,-55.671161651611328,-55.671161651611328,0,55.671161651611328,357.53494262695313,0,0,357.53494262695313,222.68464660644531
0.00097099999999999997,-767.16998291015625,30.309814453125,0,-55.820934295654297,-55.820934295654297,0,55.820934295654297,660.47943115234375,0,0,660.47943115234375,223.28373718261719
0.00097149999999999992,-459.73953247070313,40.677505493164063,0,-56.067283630371094,-56.067283630371094,0,56.067283630371094,721.081787109375,0,0,721.081787109375,224.26913452148438
0.00097199999999999999,-138.97677612304688,33.401031494140625,0,-56.262924194335938,-56.262924194335938,0,56.262924194335938,457.5447998046875,0,0,457.5447998046875,225.05169677734375
0.00097249999999999995,56.332126617431641,15.121500015258789,-15.003650665283203,-41.251529693603516,-41.251529693603516,-15.003650665283203,56.255180358886719,0,0,0,0,225.02072143554688
0.00097299999999999991,195.0303955078125,18.02497673034668,-18.297210693359375,-37.845573425292969,-37.845573425292969,-18.297210693359375,56.142780303955078,0,0,0,0,224.57112121582031
0.00097349999999999997,354.21026611328125,20.016271591186523,-22.085212707519531,-33.945392608642578,-33.945392608642578,-22.085212707519531,56.030605316162109,0,0,0,0,224.12242126464844
0.00097399999999999993,525.81658935546875,20.99468994140625,-26.173141479492188,-29.745515823364258,-29.745515823364258,-26.173141479492188,55.918655395507813,0,0,0,0,223.67462158203125
0.0009745,701.1658935546875,20.910785675048828,-30.351299285888672,-25.455631256103516,-25.455631256103516,-30.351299285888672,55.806930541992188,0,0,0,0,223.22772216796875
0.00097499999999999996,871.3858642578125,19.768871307373047,-55.695426940917969,0,0,-55.695426940917969,55.695426940917969,0,0,0,0,222.78170776367188
0.00097549999999999991,927.7147216796875,-6.7546234130859375,-55.671154022216797,0,0,-55.671154022216797,55.671154022216797,0,357.53506469726563,357.53506469726563,0,222.68461608886719
0.00097599999999999998,767.1702880859375,-30.309799194335938,-55.820926666259766,0,0,-55.820926666259766,55.820926666259766,0,660.47991943359375,660.47991943359375,0,223.28370666503906
0.00097649999999999994,459.73989868164063,-40.677536010742188,-56.067279815673828,0,0,-56.067279815673828,56.067279815673828,0,721.082763671875,721.082763671875,0,224.26911926269531
0.000977,138.97708129882813,-33.401115417480469,-56.262920379638672,0,0,-56.262920379638672,56.262920379638672,0,457.5458984375,457.5458984375,0,225.05168151855469
0.00097749999999999985,-56.332431793212891,-15.121562957763672,-41.251518249511719,-15.003656387329102,-15.003656387329102,-41.251518249511719,56.255176544189453,0,0,0,0,225.02070617675781
0.00097799999999999992,-195.03120422363281,-18.02503776550293,-37.845550537109375,-18.297225952148438,-18.297225952148438,-37.845550537109375,56.142776489257813,0,0,0,0,224.57110595703125
0.00097849999999999999,-354.2115478515625,-20.016326904296875,-33.945358276367188,-22.085243225097656,-22.085243225097656,-33.945358276367188,56.030601501464844,0,0,0,0,224.12240600585938
0.00097900000000000005,-525.81829833984375,-20.994735717773438,-29.745471954345703,-26.173179626464844,-26.173179626464844,-29.745471954345703,55.918651580810547,0,0,0,0,223.67460632324219
0.0009794999999999999,-701.16790771484375,-20.910818099975586,-25.45557975769043,-30.351348876953125,-30.351348876953125,-25.45557975769043,55.806926727294922,0,0,0,0,223.22770690917969
0.00097999999999999997,-871.3880615234375,-19.768892288208008,0,-55.695423126220703,-55.695423126220703,0,55.695423126220703,0,0,0,0,222.78169250488281
0.00098050000000000003,-927.716552734375,6.754730224609375,0,-55.671150207519531,-55.671150207519531,0,55.671150207519531,357.537109375,0,0,357.537109375,222.68460083007813
0.00098099999999999988,-767.1707763671875,30.309982299804688,0,-55.820926666259766,-55.820926666259766,0,55.820926666259766,660.4832763671875,0,0,660.4832763671875,223.28370666503906
0.00098149999999999995,-459.73892211914063,40.677688598632813,0,-56.067279815673828,-56.067279815673828,0,56.067279815673828,721.08587646484375,0,0,721.08587646484375,224.26911926269531
0.00098200000000000002,-138.97506713867188,33.401161193847656,0,-56.262924194335938,-56.262924194335938,0,56.262924194335938,457.547607421875,0,0,457.547607421875,225.05169677734375
0.00098249999999999987,56.334445953369141,15.121524810791016,-15.003707885742188,-41.251472473144531,-41.251472473144531,-15.003707885742188,56.255180358886719,0,0,0,0,225.02072143554688
0.00098299999999999993,195.03285217285156,18.024986267089844,-18.297267913818359,-37.845512390136719,-37.845512390136719,-18.297267913818359,56.142780303955078,0,0,0,0,224.57112121582031
0.0009835,354.2127685546875,20.016267776489258,-22.085273742675781,-33.945331573486328,-33.945331573486328,-22.085273742675781,56.030605316162109,0,0,0,0,224.12242126464844
0.00098399999999999985,525.81903076171875,20.994670867919922,-26.173198699951172,-29.745456695556641,-29.745456695556641,-26.173198699951172,55.918655395507813,0,0,0,0,223.67462158203125
0.00098449999999999992,701.1680908203125,20.910751342773438,-30.351352691650391,-25.455577850341797,-25.455577850341797,-30.351352691650391,55.806930541992188,0,0,0,0,223.22772216796875
0.00098499999999999998,871.3876953125,19.768823623657227,-55.695426940917969,0,0,-55.695426940917969,55.695426940917969,0,0,0,0,222.78170776367188
0.00098550000000000005,927.7156982421875,-6.7547531127929688,-55.671154022216797,0,0,-55.671154022216797,55.671154022216797,0,357.53652954101563,357.53652954101563,0,222.68461608886719
0.0009859999999999999,767.1700439453125,-30.3099365234375,-55.820926666259766,0,0,-55.820926666259766,55.820926666259766,0,660.48175048828125,660.48175048828125,0,223.28370666503906
0.00098649999999999996,459.73861694335938,-40.677627563476563,-56.067279815673828,0,0,-56.067279815673828,56.067279815673828,0,721.0838623046875,721.0838623046875,0,224.26911926269531
0.00098700000000000003,138.97543334960938,-33.401115417480469,-56.262920379638672,0,0,-56.262920379638672,56.262920379638672,0,457.5455322265625,457.5455322265625,0,225.05168151855469
0.00098749999999999988,-56.333835601806641,-15.121570587158203,-41.251487731933594,-15.003690719604492,-15.003690719604492,-41.251487731933594,56.255176544189453,0,0,0,0,225.02070617675781
0.00098799999999999995,-195.03265380859375,-18.02503776550293,-37.845516204833984,-18.297260284423828,-18.297260284423828,-37.845516204833984,56.142776489257813,0,0,0,0,224.57110595703125
0.00098850000000000001,-354.21298217773438,-20.016317367553711,-33.945323944091797,-22.085277557373047,-22.085277557373047,-33.945323944091797,56.030601501464844,0,0,0,0,224.12240600585938
0.00098899999999999986,-525.81964111328125,-20.994716644287109,-29.745441436767578,-26.173210144042969,-26.173210144042969,-29.745441436767578,55.918651580810547,0,0,0,0,223.67460632324219
0.00098949999999999993,-701.16912841796875,-20.910793304443359,-25.455551147460938,-30.351375579833984,-30.351375579833984,-25.455551147460938,55.806926727294922,0,0,0,0,223.22770690917969
0.00098999999999999999,-871.3890380859375,-19.76885986328125,0,-55.695423126220703,-55.695423126220703,0,55.695423126220703,0,0,0,0,222.78169250488281
0.00099050000000000006,-927.7171630859375,6.7548065185546875,0,-55.671154022216797,-55.671154022216797,0,55.671154022216797,357.53790283203125,0,0,357.53790283203125,222.68461608886719
0.00099099999999999991,-767.1707763671875,30.31005859375,0,-55.820930480957031,-55.820930480957031,0,55.820930480957031,660.4842529296875,0,0,660.4842529296875,223.28372192382813
0.00099149999999999998,-459.73837280273438,40.677749633789063,0,-56.067283630371094,-56.067283630371094,0,56.067283630371094,721.0865478515625,0,0,721.0865478515625,224.26913452148438
0.00099200000000000004,-138.97433471679688,33.40118408203125,0,-56.262928009033203,-56.262928009033203,0,56.262928009033203,457.5474853515625,0,0,457.5474853515625,225.05171203613281
0.00099249999999999989,56.335117340087891,15.12153148651123,-15.003725051879883,-41.251457214355469,-41.251457214355469,-15.003725051879883,56.255184173583984,0,0,0,0,225.02073669433594
0.00099299999999999996,195.0335693359375,18.024990081787109,-18.297286987304688,-37.845497131347656,-37.845497131347656,-18.297286987304688,56.142784118652344,0,0,0,0,224.57113647460938
0.00099350000000000003,354.21347045898438,20.016265869140625,-22.085292816162109,-33.945316314697266,-33.945316314697266,-22.085292816162109,56.030609130859375,0,0,0,0,224.1224365234375
0.00099399999999999987,525.8197021484375,20.994663238525391,-26.1732177734375,-29.745441436767578,-29.745441436767578,-26.1732177734375,55.918659210205078,0,0,0,0,223.67463684082031
0.00099449999999999994,701.16876220703125,20.910741806030273,-30.351375579833984,-25.455562591552734,-25.455562591552734,-30.351375579833984,55.806934356689453,0,0,0,0,223.22773742675781
0.00099500000000000001,871.3883056640625,19.768814086914063,-55.695430755615234,0,0,-55.695430755615234,55.695430755615234,0,0,0,0,222.78172302246094
0.00099549999999999986,927.7161865234375,-6.7547836303710938,-55.671157836914063,0,0,-55.671157836914063,55.671157836914063,0,357.53692626953125,357.53692626953125,0,222.68463134765625
0.00099599999999999992,767.17022705078125,-30.30999755859375,-55.820930480957031,0,0,-55.820930480957031,55.820930480957031,0,660.48236083984375,660.48236083984375,0,223.28372192382813
0.00099649999999999999,459.73818969726563,-40.677658081054688,-56.067283630371094,0,0,-56.067283630371094,56.067283630371094,0,721.08441162109375,721.08441162109375,0,224.26913452148438
0.00099700000000000006,138.97463989257813,-33.401084899902344,-56.262928009033203,0,0,-56.262928009033203,56.262928009033203,0,457.545654296875,457.545654296875,0,225.05171203613281
0.00099749999999999991,-56.334140777587891,-15.121538162231445,-41.251480102539063,-15.003702163696289,-15.003702163696289,-41.251480102539063,56.255184173583984,0,0,0,0,225.02073669433594
0.00099799999999999997,-195.03268432617188,-18.025001525878906,-37.84552001953125,-18.297264099121094,-18.297264099121094,-37.84552001953125,56.142784118652344,0,0,0,0,224.57113647460938
0.00099850000000000004,-354.21270751953125,-20.016281127929688,-33.945335388183594,-22.085273742675781,-22.085273742675781,-33.945335388183594,56.030609130859375,0,0,0,0,224.1224365234375
0.00099899999999999989,-525.819091796875,-20.994684219360352,-29.745456695556641,-26.173202514648438,-26.173202514648438,-29.745456695556641,55.918659210205078,0,0,0,0,223.67463684082031
0.00099949999999999995,-701.1683349609375,-20.9107666015625,-25.455574035644531,-30.351360321044922,-30.351360321044922,-25.455574035644531,55.806934356689453,0,0,0,0,223.22773742675781
0.001,-871.3880615234375,-19.768836975097656,0,-55.695430755615234,-55.695430755615234,0,55.695430755615234,0,0,0,0,222.78172302246094
